time,Unnamed: 0,time_ymd,pv,npv,bs,ue,x,y,spatial_ref,pv_filter,npv_filter,bs_filter
1987-09-20,1,1987-09-20,27.7826086956522,44.0,26.9130434782609,10.6521739130435,689598.913043478,-3766689.7826087,3577,33.36679828300474,43.02283842598828,22.343361600933356
1987-10-06,2,1987-10-06,21.6086956521739,47.0869565217391,29.9565217391304,10.304347826087,689598.913043478,-3766689.7826087,3577,15.8927743484882,48.83033510887194,33.90850207359831
1987-11-07,3,1987-11-07,16.3478260869565,47.5217391304348,34.7391304347826,9.17391304347826,689598.913043478,-3766689.7826087,3577,10.00153237378953,49.63808288673681,38.94911807356276
1987-12-25,4,1987-12-25,13.3913043478261,52.3478260869565,33.0,8.34782608695652,689598.913043478,-3766689.7826087,3577,11.581473438991068,47.54127178067142,39.46112305157931
1988-01-10,5,1988-01-10,14.6086956521739,44.0869565217391,39.7826086956522,8.30434782608696,689598.913043478,-3766689.7826087,3577,17.19200960269724,44.24852038077235,37.15945305647816
1988-01-26,6,1988-01-26,14.6086956521739,37.7826086956522,46.2173913043478,8.39130434782609,689598.913043478,-3766689.7826087,3577,24.063563902034545,41.08187584614423,33.47806673516723
1988-02-11,7,1988-02-11,14.1739130434783,42.695652173913,41.5217391304348,7.65217391304348,689598.913043478,-3766689.7826087,3577,30.097570352651516,38.976813904899764,29.569945332632063
1988-06-02,8,1988-06-02,41.6086956521739,39.3478260869565,17.7826086956522,11.4782608695652,689598.913043478,-3766689.7826087,3577,33.86647394871414,38.48223885415394,26.30709269193197
1988-07-20,9,1988-07-20,58.2173913043478,31.3913043478261,9.30434782608696,14.9565217391304,689598.913043478,-3766689.7826087,3577,36.29462313160787,40.27583171976163,22.105359171717453
1988-09-06,10,1988-09-06,31.1304347826087,44.3478260869565,23.1739130434783,10.5217391304348,689598.913043478,-3766689.7826087,3577,34.16817480540217,43.01051633787564,21.461827444325273
1988-10-24,11,1988-10-24,20.6521739130435,51.9130434782609,25.9130434782609,9.34782608695652,689598.913043478,-3766689.7826087,3577,26.874292486349326,47.23802768774469,24.51831746124018
1988-12-27,12,1988-12-27,15.304347826087,51.0,32.3913043478261,9.69565217391304,689598.913043478,-3766689.7826087,3577,20.483285593122364,49.53407502444319,28.595775203389728
1989-01-28,13,1989-01-28,14.8260869565217,50.1739130434783,33.4347826086956,8.39130434782609,689598.913043478,-3766689.7826087,3577,16.204740070803087,50.43379328975563,31.980507310695
1989-03-01,14,1989-03-01,15.9130434782609,49.0,33.7391304347826,8.95652173913044,689598.913043478,-3766689.7826087,3577,16.799685036995783,48.93205233317574,32.85601314824135
1989-03-17,15,1989-03-17,18.4347826086957,46.6086956521739,33.6086956521739,9.69565217391304,689598.913043478,-3766689.7826087,3577,22.870694791811317,47.316341082520594,28.46753273647449
1989-05-20,16,1989-05-20,30.9565217391304,48.5217391304348,19.4782608695652,12.0,689598.913043478,-3766689.7826087,3577,28.649097705359416,46.45054299583154,23.64969073193244
1989-06-05,17,1989-06-05,43.5217391304348,43.5652173913044,11.6086956521739,13.304347826087,689598.913043478,-3766689.7826087,3577,28.8593755147757,48.55481306954536,21.381446928354496
1989-10-10,18,1989-10-10,25.9130434782609,49.0869565217391,23.6521739130435,10.1739130434783,689598.913043478,-3766689.7826087,3577,27.73703319159899,52.10409122442265,18.974652349935567
1989-11-11,19,1989-11-11,20.0,55.3913043478261,23.4347826086957,10.1304347826087,689598.913043478,-3766689.7826087,3577,24.939774856987462,56.06470014034123,17.822663404704105
1989-12-13,20,1989-12-13,11.0,68.0,20.0,17.0,689655.0,-3766755.0,3577,18.29847780433051,57.23614223976808,23.240546638712516
1989-12-29,21,1989-12-29,16.0434782608696,55.4347826086956,27.2608695652174,9.52173913043478,689598.913043478,-3766689.7826087,3577,13.437496411245933,58.16018400766487,27.142412036741007
1990-03-03,22,1990-03-03,18.2173913043478,53.695652173913,26.7391304347826,9.8695652173913,689598.913043478,-3766689.7826087,3577,12.209487107318106,55.80806459658767,30.710773410190008
1990-04-04,23,1990-04-04,17.4347826086957,52.0434782608696,29.2173913043478,9.60869565217391,689598.913043478,-3766689.7826087,3577,17.089771044674933,50.77304873077435,30.926318801667517
1990-06-07,24,1990-06-07,14.9565217391304,44.3913043478261,39.3913043478261,8.91304347826087,689598.913043478,-3766689.7826087,3577,24.126603642685648,44.846488011914076,29.808594555258537
1990-07-09,25,1990-07-09,23.2173913043478,38.7826086956522,36.8260869565217,12.6086956521739,689598.913043478,-3766689.7826087,3577,28.899925353952522,41.36837210440039,28.522126950982546
1990-07-25,26,1990-07-25,45.7391304347826,46.8695652173913,6.30434782608696,15.0869565217391,689598.913043478,-3766689.7826087,3577,31.74113542937942,40.376666945916554,26.70761436705309
1990-08-26,27,1990-08-26,34.0869565217391,33.6086956521739,31.2608695652174,9.43478260869565,689598.913043478,-3766689.7826087,3577,31.79770922306452,44.337385995341435,22.697931090308906
1990-09-27,28,1990-09-27,30.5217391304348,47.6521739130435,20.5652173913043,10.5652173913043,689598.913043478,-3766689.7826087,3577,30.36980666391976,47.16033555890168,21.285533822749663
1990-10-13,29,1990-10-13,19.8260869565217,54.304347826087,24.4347826086957,10.8260869565217,689598.913043478,-3766689.7826087,3577,26.238016392003573,49.41639407838696,23.11789933044133
1990-11-14,30,1990-11-14,19.8260869565217,52.6521739130435,26.304347826087,9.78260869565217,689598.913043478,-3766689.7826087,3577,20.309476093966264,50.308083893484906,28.069314451865132
1990-12-16,31,1990-12-16,14.304347826087,51.695652173913,32.6521739130435,8.26086956521739,689598.913043478,-3766689.7826087,3577,14.873674985666309,49.42515204541656,34.29943417733996
1991-01-10,32,1991-01-10,15.3913043478261,50.4347826086956,32.7826086956522,8.56521739130435,689598.913043478,-3766689.7826087,3577,12.515116059063587,47.847033972884944,38.18298540871668
1991-01-17,33,1991-01-17,12.5217391304348,35.3913043478261,50.695652173913,6.0,689598.913043478,-3766689.7826087,3577,13.762795018951271,47.40930129232018,37.378173045148195
1991-01-26,34,1991-01-26,13.0869565217391,43.5217391304348,41.695652173913,6.82608695652174,689598.913043478,-3766689.7826087,3577,14.856703129954377,43.41114908781509,40.287289369663185
1991-02-02,35,1991-02-02,16.1739130434783,49.6086956521739,32.695652173913,9.60869565217391,689598.913043478,-3766689.7826087,3577,14.825536994972115,43.63081154273797,40.08653952050844
1991-02-18,36,1991-02-18,16.6086956521739,49.8695652173913,32.2173913043478,9.17391304347826,689598.913043478,-3766689.7826087,3577,15.690133261540243,45.893471718744166,36.86846858888301
1991-03-06,37,1991-03-06,14.9565217391304,49.2608695652174,34.4347826086956,8.39130434782609,689598.913043478,-3766689.7826087,3577,14.153858626228285,51.45470194766101,32.90835668571073
1991-03-22,38,1991-03-22,16.0,49.695652173913,32.8695652173913,9.26086956521739,689598.913043478,-3766689.7826087,3577,12.483543969430087,57.73230100843,28.423482213268358
1991-04-07,39,1991-04-07,15.2608695652174,51.8695652173913,31.3478260869565,9.78260869565217,689598.913043478,-3766689.7826087,3577,15.71487998077718,58.81298817063379,24.22211442045908
1991-05-25,40,1991-05-25,13.4347826086957,69.5217391304348,15.7826086956522,12.0,689598.913043478,-3766689.7826087,3577,20.6070659088373,54.9369779421165,23.31020035050789
1991-06-03,41,1991-06-03,29.1739130434783,57.5217391304348,12.2608695652174,13.9565217391304,689598.913043478,-3766689.7826087,3577,27.31068926520168,51.353768243657484,20.215155466813275
1991-07-12,42,1991-07-12,27.25,48.25,24.0,12.5,689602.5,-3766665.0,3577,37.519692178228624,44.34659475392861,17.015803023037634
1991-07-28,43,1991-07-28,59.6086956521739,24.6521739130435,14.3913043478261,12.0,689598.913043478,-3766689.7826087,3577,46.50125070743057,38.15280005441322,14.248756252732186
1991-08-06,44,1991-08-06,57.695652173913,22.6521739130435,18.2608695652174,11.8695652173913,689598.913043478,-3766689.7826087,3577,52.486318611187045,32.148601883095445,14.242492828999861
1991-08-13,45,1991-08-13,44.2352941176471,39.5294117647059,15.0588235294118,18.1764705882353,689582.647058823,-3766680.88235294,3577,53.81420000834564,29.60960672684753,15.40654097788469
1991-08-29,46,1991-08-29,52.695652173913,36.8260869565217,9.17391304347826,13.695652173913,689598.913043478,-3766689.7826087,3577,49.36784531573885,33.12899176512066,16.277050275860148
1991-09-07,47,1991-09-07,46.5652173913044,35.5652173913044,16.7826086956522,11.1739130434783,689598.913043478,-3766689.7826087,3577,40.84384808851313,41.676948096436625,16.239719280819703
1991-09-30,48,1991-09-30,24.8,54.6,19.6,8.0,689643.0,-3766731.0,3577,33.025921577223535,48.959474051684026,16.80493350488587
1991-10-16,49,1991-10-16,24.0,48.3913043478261,26.304347826087,8.60869565217391,689598.913043478,-3766689.7826087,3577,21.77998225515777,55.99853779635471,21.074932921825493
1991-12-12,50,1991-12-12,16.4347826086957,64.0869565217391,18.2173913043478,10.5652173913043,689598.913043478,-3766689.7826087,3577,16.861759525895167,58.21474876464384,23.69404668320328
1992-01-04,51,1992-01-04,15.3333333333333,61.3333333333333,22.0,20.0,689595.0,-3766635.0,3577,13.6445028660808,58.92643893891696,26.152587232073095
1992-02-21,52,1992-02-21,17.0,54.695652173913,27.0434782608696,8.60869565217391,689598.913043478,-3766689.7826087,3577,15.664865844485492,59.02284237579846,24.02537594478992
1992-03-08,53,1992-03-08,17.4782608695652,56.1304347826087,25.1739130434783,9.60869565217391,689598.913043478,-3766689.7826087,3577,22.946047948548213,53.47797132198,22.27830586427644
1992-04-09,54,1992-04-09,20.304347826087,52.7826086956522,25.6521739130435,11.5217391304348,689598.913043478,-3766689.7826087,3577,31.122304043150116,48.60186298198763,19.046410447807553
1992-06-28,55,1992-06-28,49.695652173913,40.695652173913,8.34782608695652,14.2173913043478,689598.913043478,-3766689.7826087,3577,35.62522320860731,47.33674590316768,15.843716789332966
1992-07-14,56,1992-07-14,42.1739130434783,46.5217391304348,10.1739130434783,12.695652173913,689598.913043478,-3766689.7826087,3577,38.39622929230648,46.875599027429416,13.545834835508426
1992-08-15,57,1992-08-15,42.1739130434783,46.7391304347826,9.95652173913044,13.0869565217391,689598.913043478,-3766689.7826087,3577,37.623779549739744,49.88059582539925,11.361448754501303
1992-10-02,58,1992-10-02,27.7391304347826,50.7826086956522,20.3478260869565,14.6086956521739,689598.913043478,-3766689.7826087,3577,34.88275770533966,52.84453573078441,11.142180473986574
1992-12-21,59,1992-12-21,26.9565217391304,67.5652173913043,4.34782608695652,13.1739130434783,689598.913043478,-3766689.7826087,3577,30.6664583229351,55.71886304568201,12.485888320857505
1993-01-06,60,1993-01-06,20.2608695652174,56.6521739130435,21.8260869565217,10.9565217391304,689598.913043478,-3766689.7826087,3577,24.860572863665116,58.168424253083764,15.802628519680939
1993-02-23,61,1993-02-23,27.4782608695652,54.5652173913044,16.9130434782609,11.2608695652174,689598.913043478,-3766689.7826087,3577,20.707058992962473,56.763894000727646,21.286336291246286
1993-03-11,62,1993-03-11,26.3478260869565,54.2608695652174,18.0869565217391,10.8695652173913,689598.913043478,-3766689.7826087,3577,23.1138686323737,57.423189409854686,18.167727682195288
1993-03-27,63,1993-03-27,24.3913043478261,54.7391304347826,19.4347826086957,13.5217391304348,689598.913043478,-3766689.7826087,3577,25.080029406583726,55.353498903833895,18.278987468310355
1993-04-28,64,1993-04-28,22.9565217391304,52.0,23.7826086956522,10.4782608695652,689598.913043478,-3766689.7826087,3577,28.556516844303665,51.64887414375134,18.520273978273636
1993-05-14,65,1993-05-14,27.2173913043478,49.9130434782609,21.5652173913043,10.4347826086957,689598.913043478,-3766689.7826087,3577,30.05269533143874,48.894038688087846,19.81815601767214
1993-05-30,66,1993-05-30,38.7826086956522,51.0869565217391,9.04347826086956,13.7391304347826,689598.913043478,-3766689.7826087,3577,32.31593315212308,47.491851618069745,19.032650776575302
1993-06-15,67,1993-06-15,39.8695652173913,52.9565217391304,6.17391304347826,14.6521739130435,689598.913043478,-3766689.7826087,3577,34.53505013812382,44.84791200306505,19.509869057505007
1993-08-02,68,1993-08-02,31.1818181818182,22.9545454545455,44.7727272727273,11.1363636363636,689601.818181818,-3766692.27272727,3577,37.712702586386065,43.501762735110766,17.742272234792747
1993-08-18,69,1993-08-18,36.6086956521739,51.4347826086956,10.7826086956522,13.1304347826087,689598.913043478,-3766689.7826087,3577,38.595569911794165,43.840689315939414,16.484033807817724
1993-09-03,70,1993-09-03,35.6086956521739,48.7391304347826,14.6086956521739,12.7826086956522,689598.913043478,-3766689.7826087,3577,37.99203615801393,46.773382982115656,14.085687119691794
1993-09-19,71,1993-09-19,40.5652173913044,48.4347826086956,9.82608695652174,12.6086956521739,689598.913043478,-3766689.7826087,3577,34.69176599290742,49.16341696091199,14.938063354917661
1993-10-05,72,1993-10-05,33.6521739130435,53.4347826086956,11.5652173913043,12.2608695652174,689598.913043478,-3766689.7826087,3577,30.39391931261178,51.41046616594372,16.933313220630644
1993-10-21,73,1993-10-21,25.9565217391304,53.8260869565217,18.9565217391304,10.1739130434783,689598.913043478,-3766689.7826087,3577,28.904203617081244,53.42789738192087,16.405128926798294
1993-11-22,74,1993-11-22,20.2173913043478,55.6521739130435,22.7826086956522,10.6086956521739,689598.913043478,-3766689.7826087,3577,23.407324537082776,55.538115135630036,19.803745857047517
1993-12-08,75,1993-12-08,19.3913043478261,53.1304347826087,26.304347826087,10.3913043478261,689598.913043478,-3766689.7826087,3577,15.922618891720102,54.86058197223872,27.960912046070952
1994-01-09,76,1994-01-09,14.2,47.8,36.8,12.0,689547.0,-3766689.0,3577,15.677678684690179,54.38730467982425,28.64558801795752
1994-01-25,77,1994-01-25,21.7391304347826,58.0,19.0434782608696,10.0,689598.913043478,-3766689.7826087,3577,19.24193496319928,51.82828984812486,27.68831342854827
1994-03-14,78,1994-03-14,21.5652173913043,56.3478260869565,20.8260869565217,10.5217391304348,689598.913043478,-3766689.7826087,3577,24.925901191359515,50.259616955768365,23.59702138976172
1994-03-30,79,1994-03-30,14.7826086956522,51.3913043478261,32.5217391304348,7.82608695652174,689598.913043478,-3766689.7826087,3577,30.300744539043002,48.20839225069142,20.302634305980614
1994-07-20,80,1994-07-20,48.2173913043478,38.8695652173913,11.695652173913,12.8260869565217,689598.913043478,-3766689.7826087,3577,33.941840483155985,50.74854936895621,14.163181643483256
1994-09-06,81,1994-09-06,50.0869565217391,42.0869565217391,6.78260869565217,13.7826086956522,689598.913043478,-3766689.7826087,3577,33.81778955003191,51.93624126195994,13.12610290387875
1994-09-22,82,1994-09-22,20.4117647058824,65.1764705882353,13.5294117647059,24.4705882352941,689582.647058823,-3766682.64705882,3577,31.16318038697826,52.66317219841234,15.061815585498486
1994-11-09,83,1994-11-09,21.304347826087,55.7391304347826,21.6521739130435,10.3913043478261,689598.913043478,-3766689.7826087,3577,25.83124456266807,52.611794425778314,20.406716083216214
1994-11-25,84,1994-11-25,20.8695652173913,54.304347826087,23.6521739130435,10.2173913043478,689598.913043478,-3766689.7826087,3577,21.63222905748359,53.46926745100215,23.68703206436781
1995-01-12,85,1995-01-12,13.2173913043478,60.0869565217391,25.3478260869565,7.39130434782609,689598.913043478,-3766689.7826087,3577,14.919739520476483,53.34149413229374,30.440321752880987
1995-01-28,86,1995-01-28,13.0769230769231,33.2307692307692,52.3076923076923,5.69230769230769,689574.230769231,-3766669.61538462,3577,11.515825199242197,51.58127927514218,35.53673506146985
1995-02-13,87,1995-02-13,19.6521739130435,54.6086956521739,24.304347826087,10.0,689598.913043478,-3766689.7826087,3577,14.248365970713088,49.408529529336136,34.95116572271645
1995-03-17,88,1995-03-17,17.3478260869565,49.9130434782609,31.4347826086957,7.91304347826087,689598.913043478,-3766689.7826087,3577,18.738887904247207,49.50563371196578,30.3877840453164
1995-04-02,89,1995-04-02,20.2173913043478,53.3913043478261,25.0869565217391,10.4782608695652,689598.913043478,-3766689.7826087,3577,21.29176754233766,51.538581142581265,25.856910101465438
1995-04-18,90,1995-04-18,20.5217391304348,52.3478260869565,25.8260869565217,10.7826086956522,689598.913043478,-3766689.7826087,3577,28.49396532104722,50.12689801991369,20.092302992985463
1995-05-04,91,1995-05-04,43.3913043478261,48.4347826086956,6.95652173913043,12.9130434782609,689598.913043478,-3766689.7826087,3577,36.073377750265585,48.0907689111109,14.571599858711508
1995-05-20,92,1995-05-20,39.0869565217391,47.2173913043478,12.4347826086957,12.2173913043478,689598.913043478,-3766689.7826087,3577,41.58366034654892,45.70621780230856,11.464895265772181
1995-06-21,93,1995-06-21,51.8260869565217,38.8695652173913,8.1304347826087,18.695652173913,689598.913043478,-3766689.7826087,3577,47.167493252711175,40.89957480079727,10.761773481475984
1995-07-07,94,1995-07-07,46.5909090909091,37.3181818181818,14.9545454545455,17.4090909090909,689599.090909091,-3766692.27272727,3577,50.58242949550824,41.44355097293818,6.8789323416572525
1995-08-08,95,1995-08-08,53.2608695652174,41.5217391304348,4.08695652173913,15.7391304347826,689598.913043478,-3766689.7826087,3577,49.26439285331216,42.403795173236574,7.290305119444138
1995-09-09,96,1995-09-09,40.0869565217391,48.1739130434783,10.695652173913,13.0869565217391,689598.913043478,-3766689.7826087,3577,44.721847774949886,45.75941510977967,8.491219056398467
1995-09-25,97,1995-09-25,40.6086956521739,50.9565217391304,7.65217391304348,14.1304347826087,689598.913043478,-3766689.7826087,3577,37.97274606473245,49.42920606235008,11.539647891112775
1995-10-11,98,1995-10-11,37.0869565217391,53.0869565217391,8.73913043478261,13.0434782608696,689598.913043478,-3766689.7826087,3577,32.439101146526625,52.59249560507355,13.839693151105806
1995-12-07,99,1995-12-07,21.695652173913,56.0,20.9130434782609,10.5652173913043,689598.913043478,-3766689.7826087,3577,27.713039260282393,55.231649290262645,15.864061836666817
1995-12-23,100,1995-12-23,21.1739130434783,54.0,23.4782608695652,10.2608695652174,689598.913043478,-3766689.7826087,3577,23.867443769042033,54.09250501819353,20.784697467020383
1996-01-08,101,1996-01-08,22.5217391304348,54.7826086956522,21.4347826086957,10.4347826086957,689598.913043478,-3766689.7826087,3577,21.713543489755082,56.244526438689526,20.728014010485005
1996-01-15,102,1996-01-15,22.1739130434783,53.695652173913,22.8260869565217,10.3913043478261,689598.913043478,-3766689.7826087,3577,22.150094666850013,57.70267476498948,18.853523377951852
1996-02-16,103,1996-02-16,23.4782608695652,55.304347826087,20.0,10.8260869565217,689598.913043478,-3766689.7826087,3577,19.042069385719792,55.47507681441434,24.19599245820449
1996-03-03,104,1996-03-03,21.4782608695652,54.0869565217391,23.2608695652174,11.0869565217391,689598.913043478,-3766689.7826087,3577,17.98536971294567,50.64063246191492,30.13210381438863
1996-03-12,105,1996-03-12,12.047619047619,50.5714285714286,36.0,19.5238095238095,689595.0,-3766695.0,3577,17.06238637910331,45.87689347815437,35.78064272270716
1996-04-29,106,1996-04-29,25.304347826087,51.6086956521739,21.8695652173913,10.8260869565217,689598.913043478,-3766689.7826087,3577,18.827491748572147,41.32233499071682,38.53617919910373
1996-05-15,107,1996-05-15,14.8181818181818,17.6363636363636,66.2727272727273,7.09090909090909,689589.545454545,-3766654.09090909,3577,26.028511240832515,36.53803937835258,36.14263341621187
1996-05-22,108,1996-05-22,24.0869565217391,29.4347826086957,44.9565217391304,6.08695652173913,689598.913043478,-3766689.7826087,3577,33.56236117761089,35.03426433207235,30.168691927996754
1996-06-23,109,1996-06-23,50.2608695652174,45.3913043478261,3.30434782608696,16.304347826087,689598.913043478,-3766689.7826087,3577,39.79554481666003,36.66718516251126,22.344316362301498
1996-07-02,110,1996-07-02,48.304347826087,46.2608695652174,4.26086956521739,16.6086956521739,689598.913043478,-3766689.7826087,3577,43.194277913369824,41.37999163551967,14.273764684144476
1996-08-10,111,1996-08-10,52.695652173913,43.5217391304348,2.82608695652174,15.6086956521739,689598.913043478,-3766689.7826087,3577,42.30735307676389,47.520033876467764,9.028784380243529
1996-10-13,112,1996-10-13,32.3913043478261,52.1739130434783,14.2608695652174,12.4782608695652,689598.913043478,-3766689.7826087,3577,37.313586601843234,53.197092314058395,8.314004118552619
1996-10-29,113,1996-10-29,17.8260869565217,61.2173913043478,19.6521739130435,18.4782608695652,689598.913043478,-3766689.7826087,3577,30.65350649708786,57.93633059630311,10.218862156671916
1996-11-14,114,1996-11-14,24.0869565217391,55.304347826087,19.2608695652174,9.8695652173913,689598.913043478,-3766689.7826087,3577,21.682417797571368,56.69017373795098,20.37573661587357
1997-01-01,115,1997-01-01,20.4347826086957,56.4347826086956,21.8695652173913,10.3913043478261,689598.913043478,-3766689.7826087,3577,18.229461277715373,56.43505182392481,24.039098022268497
1997-01-17,116,1997-01-17,20.0,56.304347826087,22.4347826086957,10.4782608695652,689598.913043478,-3766689.7826087,3577,17.96648003586757,57.06446763627228,23.66255804887841
1997-02-02,117,1997-02-02,20.4782608695652,56.0,22.304347826087,10.3913043478261,689598.913043478,-3766689.7826087,3577,20.973231910097805,55.414817380753384,22.321908315578455
1997-02-18,118,1997-02-18,22.5652173913043,54.5217391304348,21.6521739130435,10.8260869565217,689598.913043478,-3766689.7826087,3577,26.071363217475888,52.6469016244143,20.05431182089925
1997-05-26,119,1997-05-26,30.1666666666667,47.0,21.5555555555556,6.83333333333333,689590.0,-3766675.0,3577,27.87442819216532,51.423547108422994,19.496345879032454
1997-07-13,120,1997-07-13,30.2608695652174,52.7826086956522,15.7826086956522,12.6086956521739,689598.913043478,-3766689.7826087,3577,29.56442151198742,50.76431429654525,18.489722284712137
1997-07-29,121,1997-07-29,24.0,52.8695652173913,21.8695652173913,11.695652173913,689598.913043478,-3766689.7826087,3577,28.387660528994285,49.894042153827414,20.53742735031971
1997-10-01,122,1997-10-01,37.7826086956522,44.8695652173913,16.3913043478261,12.2173913043478,689598.913043478,-3766689.7826087,3577,25.237248438281146,49.70645749457768,23.84874485977913
1998-01-21,123,1998-01-21,17.8260869565217,50.3913043478261,30.4782608695652,10.0869565217391,689598.913043478,-3766689.7826087,3577,21.323969004474638,49.70675118392778,27.762152730381196
1998-02-06,124,1998-02-06,18.0434782608696,51.0434782608696,29.6521739130435,9.91304347826087,689598.913043478,-3766689.7826087,3577,20.4851442137049,48.618350689550866,29.653954561609307
1998-02-22,125,1998-02-22,20.5652173913043,48.1304347826087,30.0434782608696,9.82608695652174,689598.913043478,-3766689.7826087,3577,23.247395311195845,48.679827777545626,26.841127762916727
1998-03-10,126,1998-03-10,18.0434782608696,48.0869565217391,32.5217391304348,9.60869565217391,689598.913043478,-3766689.7826087,3577,30.14344230274591,46.80459303786104,21.81388315995609
1998-04-27,127,1998-04-27,44.2173913043478,43.7826086956522,10.8260869565217,13.0869565217391,689598.913043478,-3766689.7826087,3577,36.62562138359141,45.89426147952854,16.254481821850515
1998-05-13,128,1998-05-13,44.7826086956522,44.695652173913,9.43478260869565,12.6521739130435,689598.913043478,-3766689.7826087,3577,40.42692783054272,44.991786111310944,13.36263339567757
1998-06-30,129,1998-06-30,51.0869565217391,44.695652173913,2.8695652173913,17.9565217391304,689598.913043478,-3766689.7826087,3577,42.66120122977743,42.703476628359184,13.359589932208735
1998-09-02,130,1998-09-02,36.695652173913,48.7826086956522,13.3913043478261,13.0869565217391,689598.913043478,-3766689.7826087,3577,38.31595574972306,46.67099948106115,13.703323665160337
1998-09-18,131,1998-09-18,27.7826086956522,39.1739130434783,31.4782608695652,9.95652173913044,689598.913043478,-3766689.7826087,3577,30.739404961704842,48.60249926408845,19.329844001735026
1998-12-07,132,1998-12-07,14.8695652173913,52.9565217391304,30.8260869565217,8.95652173913044,689598.913043478,-3766689.7826087,3577,22.37276863666352,49.832295178229316,26.43165066189303
1998-12-23,133,1998-12-23,16.5652173913043,52.0,29.9565217391304,10.3913043478261,689598.913043478,-3766689.7826087,3577,15.227320398000575,49.88483544991078,33.47580431413556
1999-02-09,134,1999-02-09,17.1304347826087,53.0434782608696,28.4347826086957,10.304347826087,689598.913043478,-3766689.7826087,3577,14.515602381194494,48.112410808998064,35.95439511356325
1999-02-18,135,1999-02-18,12.5,55.0,31.5,9.5,689655.0,-3766680.0,3577,13.141972107847117,47.296754530964726,38.167903505830225
1999-03-13,136,1999-03-13,14.8571428571429,26.7142857142857,56.7142857142857,12.0,689625.0,-3766652.14285714,3577,14.480423668401045,46.234381313927514,37.88149896945938
1999-03-29,137,1999-03-29,22.5652173913043,50.6521739130435,25.3478260869565,10.8260869565217,689598.913043478,-3766689.7826087,3577,17.258659499066137,46.07978964096192,35.31735702713771
1999-04-14,138,1999-04-14,19.1739130434783,45.7826086956522,33.7391304347826,9.0,689598.913043478,-3766689.7826087,3577,21.980012785703423,45.56524401698037,31.135759582988722
1999-04-30,139,1999-04-30,21.304347826087,50.8260869565217,26.695652173913,11.3478260869565,689598.913043478,-3766689.7826087,3577,25.82719360326999,47.90711993618801,25.030359262486343
1999-05-16,140,1999-05-16,22.8695652173913,53.4782608695652,22.4782608695652,11.8260869565217,689598.913043478,-3766689.7826087,3577,30.61365791295339,49.41083953063291,18.763118897521785
1999-07-27,141,1999-07-27,44.3478260869565,46.7391304347826,7.73913043478261,13.3478260869565,689598.913043478,-3766689.7826087,3577,33.24686391814715,50.50903531788495,15.102225140586045
1999-08-04,142,1999-08-04,38.9130434782609,50.695652173913,9.39130434782609,13.7826086956522,689598.913043478,-3766689.7826087,3577,32.97936516303233,50.394101120301684,15.524283564057779
1999-10-15,143,1999-10-15,27.8260869565217,47.304347826087,23.6086956521739,11.3913043478261,689598.913043478,-3766689.7826087,3577,30.65048345112499,47.78694827852816,20.385044219473784
1999-10-23,144,1999-10-23,22.1739130434783,48.3478260869565,28.2173913043478,10.7391304347826,689598.913043478,-3766689.7826087,3577,26.841048169755965,49.108224391027655,22.836618624338982
1999-10-31,145,1999-10-31,22.6086956521739,47.3913043478261,28.695652173913,10.6086956521739,689598.913043478,-3766689.7826087,3577,21.47932172820801,48.6610832968278,28.583404749775482
1999-11-08,146,1999-11-08,14.0,51.1428571428571,33.7142857142857,7.85714285714286,689565.0,-3766712.14285714,3577,16.798201529253006,49.50608780100568,32.37924640979748
1999-11-24,147,1999-11-24,15.9130434782609,51.695652173913,30.9130434782609,10.304347826087,689598.913043478,-3766689.7826087,3577,14.808085305458256,50.33337587166421,33.528102668628
1999-12-02,148,1999-12-02,15.1304347826087,50.304347826087,33.2608695652174,11.695652173913,689598.913043478,-3766689.7826087,3577,15.090712356694766,49.8127305457962,33.728227486601774
1999-12-18,149,1999-12-18,17.1304347826087,47.0869565217391,34.3478260869565,9.69565217391304,689598.913043478,-3766689.7826087,3577,14.95585434890637,49.64465269552696,34.03165282690956
2000-01-03,150,2000-01-03,17.3913043478261,48.304347826087,32.9565217391304,9.73913043478261,689598.913043478,-3766689.7826087,3577,14.463401318022928,48.41532649608385,35.736934622782016
2000-01-19,151,2000-01-19,16.7826086956522,49.5652173913044,32.3913043478261,9.34782608695652,689598.913043478,-3766689.7826087,3577,17.685754278025165,47.09316904658778,33.869344278007944
2000-03-07,152,2000-03-07,19.0869565217391,45.4782608695652,34.0434782608696,9.56521739130435,689598.913043478,-3766689.7826087,3577,22.936758893277197,45.812576170625604,29.93330642973484
2000-04-08,153,2000-04-08,21.2173913043478,44.9565217391304,32.4347826086956,9.8695652173913,689598.913043478,-3766689.7826087,3577,27.244542508234755,46.42331070463369,25.07754178786243
2000-04-24,154,2000-04-24,38.4782608695652,46.7391304347826,13.7391304347826,12.0434782608696,689598.913043478,-3766689.7826087,3577,33.78804665518388,46.68083027484672,18.320212698861184
2000-05-10,155,2000-05-10,41.3913043478261,46.1739130434783,11.2608695652174,12.3478260869565,689598.913043478,-3766689.7826087,3577,39.27236863284196,47.15309781078359,12.433537252891972
2000-06-27,156,2000-06-27,47.7391304347826,48.7391304347826,2.39130434782609,16.4347826086957,689598.913043478,-3766689.7826087,3577,42.03051921829056,47.49474041908383,9.332075112932525
2000-08-14,157,2000-08-14,34.0869565217391,50.8695652173913,13.8695652173913,12.1304347826087,689598.913043478,-3766689.7826087,3577,40.79661824243257,49.31629119298325,8.766811597339311
2000-08-30,158,2000-08-30,36.5217391304348,51.0,11.4347826086957,13.3478260869565,689598.913043478,-3766689.7826087,3577,36.29701312282544,50.64019006971542,11.943532574571329
2000-09-15,159,2000-09-15,36.3478260869565,47.0434782608696,15.4347826086957,12.8695652173913,689598.913043478,-3766689.7826087,3577,29.8781330393885,51.70080397458815,17.260694481179215
2000-11-18,160,2000-11-18,18.4347826086957,54.6086956521739,25.6521739130435,10.5217391304348,689598.913043478,-3766689.7826087,3577,23.612214276499348,52.421110992916326,22.73492182873995
2000-12-04,161,2000-12-04,17.0869565217391,53.4347826086956,28.2173913043478,10.1739130434783,689598.913043478,-3766689.7826087,3577,20.44855023829009,52.76746863312235,25.529375994845324
2000-12-20,162,2000-12-20,18.1304347826087,54.6521739130435,26.0869565217391,10.1739130434783,689598.913043478,-3766689.7826087,3577,17.969147557245577,52.29104426330728,28.44946048701175
2001-01-05,163,2001-01-05,19.0434782608696,49.3913043478261,30.1304347826087,9.8695652173913,689598.913043478,-3766689.7826087,3577,16.604925697533268,52.11657396311348,29.948274904522933
2001-02-06,164,2001-02-06,17.7826086956522,53.7391304347826,27.0869565217391,9.82608695652174,689598.913043478,-3766689.7826087,3577,15.769675464843536,51.98545073461936,30.895062189260216
2001-02-22,165,2001-02-22,18.8695652173913,49.2173913043478,30.5652173913043,10.0434782608696,689598.913043478,-3766689.7826087,3577,16.48249593142406,51.983626026040895,30.171243631214598
2001-04-11,166,2001-04-11,18.304347826087,51.4782608695652,29.0434782608696,9.60869565217391,689598.913043478,-3766689.7826087,3577,22.009975459166668,50.864006274481056,25.866315705082016
2001-05-13,167,2001-05-13,19.0869565217391,52.4347826086956,27.1304347826087,10.7826086956522,689598.913043478,-3766689.7826087,3577,23.00308537308288,52.60182134957297,23.177100425058363
2001-05-29,168,2001-05-29,27.5217391304348,54.0434782608696,17.1304347826087,13.5217391304348,689598.913043478,-3766689.7826087,3577,26.590054966672845,52.81668664807064,19.369491757893833
2001-06-14,169,2001-06-14,35.5652173913044,51.6086956521739,11.7391304347826,16.0,689598.913043478,-3766689.7826087,3577,31.157264185769783,51.787323331208285,15.814275839825896
2001-06-30,170,2001-06-30,36.8695652173913,50.6086956521739,11.3478260869565,13.9130434782609,689598.913043478,-3766689.7826087,3577,37.438396937202896,50.37201745905146,10.86237912996152
2001-07-16,171,2001-07-16,43.9473684210526,48.4210526315789,6.42105263157895,13.5263157894737,689588.684210526,-3766683.94736842,3577,40.99891169962537,48.46288794625949,9.141592550316588
2001-08-17,172,2001-08-17,24.3333333333333,51.0,22.6666666666667,21.0,689605.0,-3766645.0,3577,41.4096175772882,46.623061609409675,10.569723497354383
2001-09-02,173,2001-09-02,54.85,37.6,6.25,14.05,689604.0,-3766698.0,3577,38.11758888821217,45.8524474384924,14.662456644528621
2001-09-18,174,2001-09-18,35.0434782608696,47.9130434782609,15.8695652173913,12.8260869565217,689598.913043478,-3766689.7826087,3577,32.67125922479097,45.99169782615191,19.99360939553946
2001-10-20,175,2001-10-20,28.0,50.0869565217391,20.6521739130435,12.304347826087,689598.913043478,-3766689.7826087,3577,26.824578570063434,47.29686449461019,24.61656668859227
2001-11-21,176,2001-11-21,11.1,46.8,41.0,23.8,689604.0,-3766689.0,3577,22.291168013639542,49.572907603331444,26.927710742045626
2001-12-23,177,2001-12-23,17.695652173913,54.8695652173913,26.304347826087,10.695652173913,689598.913043478,-3766689.7826087,3577,18.327037074760167,51.68737348332186,28.842805041940306
2002-01-08,178,2002-01-08,16.4782608695652,51.304347826087,30.8260869565217,9.52173913043478,689598.913043478,-3766689.7826087,3577,15.17068535144374,53.58165680790154,29.9966811361142
2002-01-24,179,2002-01-24,17.9565217391304,54.8695652173913,25.9130434782609,11.2608695652174,689598.913043478,-3766689.7826087,3577,12.730567978257533,54.779100990534445,31.137191896804964
2002-02-25,180,2002-02-25,17.5217391304348,55.6086956521739,25.5652173913043,10.9565217391304,689598.913043478,-3766689.7826087,3577,16.847176346332525,53.844900018535796,28.024637665466702
2002-03-13,181,2002-03-13,18.2608695652174,53.9565217391304,26.3913043478261,10.695652173913,689598.913043478,-3766689.7826087,3577,18.213087688546004,53.06424034079723,27.49231387358585
2002-04-14,182,2002-04-14,13.7826086956522,50.7391304347826,34.3913043478261,7.78260869565217,689598.913043478,-3766689.7826087,3577,20.240580212174983,54.184845755035525,24.387263922864
2002-04-30,183,2002-04-30,19.8260869565217,53.7826086956522,25.0434782608696,11.695652173913,689598.913043478,-3766689.7826087,3577,19.8885557839627,53.63980789703504,25.372860078402127
2002-08-04,184,2002-08-04,26.4666666666667,50.7333333333333,22.2666666666667,21.5333333333333,689611.0,-3766711.0,3577,21.658518297780105,50.747905282666835,26.4462777721185
2002-08-20,185,2002-08-20,22.1304347826087,50.9130434782609,25.5652173913043,11.4782608695652,689598.913043478,-3766689.7826087,3577,21.12886066237481,48.88139217536791,28.79612259683173
2002-09-05,186,2002-09-05,17.9565217391304,50.7391304347826,29.9130434782609,11.1304347826087,689598.913043478,-3766689.7826087,3577,19.743433709913468,48.29722397671601,30.766736561320755
2002-09-21,187,2002-09-21,17.304347826087,51.695652173913,29.7391304347826,11.0,689598.913043478,-3766689.7826087,3577,16.34497837156095,48.417900491389005,33.97959372255541
2002-10-07,188,2002-10-07,11.1666666666667,33.3333333333333,54.1666666666667,7.16666666666667,689625.0,-3766740.0,3577,12.090536084813474,48.91745666277173,37.66788012991515
2002-11-08,189,2002-11-08,13.2608695652174,50.0434782608696,35.2608695652174,10.1739130434783,689598.913043478,-3766689.7826087,3577,10.727278630642235,48.23668029371979,39.72192813243505
2002-12-10,190,2002-12-10,3.42857142857143,63.0,32.7142857142857,20.0,689586.428571429,-3766725.0,3577,9.26349040200026,48.73468304925379,40.687151140234306
2003-01-11,191,2003-01-11,12.3913043478261,45.1739130434783,40.9565217391304,8.95652173913044,689598.913043478,-3766689.7826087,3577,9.906039870300066,48.81101309960456,40.00977406852431
2003-01-27,192,2003-01-27,12.7391304347826,47.5217391304348,38.2173913043478,9.1304347826087,689598.913043478,-3766689.7826087,3577,13.431991685792337,48.95245997775891,36.274843140432
2003-03-16,193,2003-03-16,22.5652173913043,45.3913043478261,30.8695652173913,9.73913043478261,689598.913043478,-3766689.7826087,3577,18.809411869592104,48.857092644863,30.988902859149928
2003-04-17,194,2003-04-17,24.8695652173913,46.0434782608696,27.7826086956522,10.6086956521739,689598.913043478,-3766689.7826087,3577,24.619371531233494,49.26562491664731,24.81095390901184
2003-05-19,195,2003-05-19,17.6086956521739,53.7391304347826,27.2173913043478,21.3913043478261,689598.913043478,-3766689.7826087,3577,30.096344764397863,47.12760961559661,21.515461536089525
2003-07-07,196,2003-07-07,46.0,47.695652173913,5.08695652173913,15.6086956521739,689598.913043478,-3766689.7826087,3577,34.51800176535828,49.09508933448579,15.150665751198819
2003-07-14,197,2003-07-14,41.8260869565217,50.5652173913044,6.65217391304348,14.9565217391304,689598.913043478,-3766689.7826087,3577,37.24396649251389,50.9469774929565,10.649502068697082
2003-07-22,198,2003-07-22,33.8,51.2,13.8,14.2,689595.0,-3766635.0,3577,40.35678921293476,50.47096627343448,7.98555695006387
2003-08-07,199,2003-08-07,37.7826086956522,49.8260869565217,11.1739130434783,13.1739130434783,689598.913043478,-3766689.7826087,3577,40.779242294306755,49.40765259452073,8.602999206051393
2003-08-08,200,2003-08-08,41.0,44.7692307692308,12.9230769230769,12.4615384615385,689601.923076923,-3766720.38461538,3577,39.27609841057168,48.863399916033366,10.685046218846425
2003-08-31,201,2003-08-31,36.95,52.9,8.9,19.35,689593.5,-3766692.0,3577,35.56753419978577,48.14643204828098,15.103817325998733
2003-09-09,202,2003-09-09,36.5909090909091,45.6363636363636,16.7272727272727,12.3181818181818,689596.363636364,-3766692.27272727,3577,31.118260772862158,47.68260266993159,20.009307775528526
2003-09-24,203,2003-09-24,26.5,48.3333333333333,24.0,12.1666666666667,689605.0,-3766640.0,3577,29.861240164033717,47.27080151826908,21.703703803768192
2003-10-11,204,2003-10-11,21.15,45.15,32.55,8.9,689595.0,-3766680.0,3577,26.64778026217197,47.191190210445356,25.02769049898714
2003-10-18,205,2003-10-18,23.9130434782609,52.6521739130435,22.3913043478261,11.3913043478261,689598.913043478,-3766689.7826087,3577,23.349257694174007,48.67142655625185,26.855316473671856
2003-10-26,206,2003-10-26,25.7826086956522,44.695652173913,28.2608695652174,8.82608695652174,689598.913043478,-3766689.7826087,3577,22.263310905002314,49.94230551159403,26.647848678441004
2003-10-27,207,2003-10-27,22.7826086956522,53.0869565217391,22.9565217391304,10.2173913043478,689598.913043478,-3766689.7826087,3577,22.0466370686758,51.55168014781593,25.233182519455493
2003-11-03,208,2003-11-03,20.4347826086957,56.1304347826087,22.2608695652174,11.3478260869565,689598.913043478,-3766689.7826087,3577,21.8425945100768,54.37511401641024,22.604231715245966
2003-11-11,209,2003-11-11,20.5652173913043,53.7391304347826,24.5652173913043,11.0434782608696,689598.913043478,-3766689.7826087,3577,20.907411271141495,56.169464810767494,21.748138900625882
2003-11-19,210,2003-11-19,20.1739130434783,60.6521739130435,18.0,11.1304347826087,689598.913043478,-3766689.7826087,3577,19.163322106615773,57.09603924140694,22.537977233424122
2003-11-27,211,2003-11-27,18.8695652173913,53.3913043478261,26.3913043478261,10.6521739130435,689598.913043478,-3766689.7826087,3577,17.721890187478454,56.28047662391956,24.742985342826834
2003-12-14,212,2003-12-14,15.695652173913,58.6086956521739,24.5217391304348,9.95652173913044,689598.913043478,-3766689.7826087,3577,17.93325725178666,56.531529481413344,24.241539409122268
2004-02-07,213,2004-02-07,16.8260869565217,54.695652173913,27.0869565217391,10.304347826087,689598.913043478,-3766689.7826087,3577,18.14510830735824,54.569412112983166,25.9437438991176
2004-02-23,214,2004-02-23,17.0,52.3913043478261,29.2173913043478,9.73913043478261,689598.913043478,-3766689.7826087,3577,17.52256626130371,53.76242800138887,27.343519866856738
2004-03-02,215,2004-03-02,21.4166666666667,50.0,27.1666666666667,10.4166666666667,689602.5,-3766657.5,3577,16.78206388330313,52.14633418135803,29.69331001030652
2004-03-18,216,2004-03-18,16.875,55.25,26.5,10.5,689606.25,-3766736.25,3577,17.44621481515487,52.83217678583023,28.37669688860542
2004-03-26,217,2004-03-26,16.3478260869565,54.6521739130435,27.7826086956522,10.4347826086957,689598.913043478,-3766689.7826087,3577,15.932250529788202,52.913304860429825,29.815797609305065
2004-04-03,218,2004-04-03,13.0434782608696,47.1739130434783,38.4347826086956,16.9565217391304,689598.913043478,-3766689.7826087,3577,17.506013190826838,51.71524959537379,29.438026661268992
2004-04-04,219,2004-04-04,17.55,53.9,27.2,10.05,689595.0,-3766698.0,3577,17.88895216933378,51.50867241296545,29.319233837455315
2004-04-11,220,2004-04-11,20.5652173913043,52.3478260869565,25.8695652173913,9.21739130434783,689598.913043478,-3766689.7826087,3577,18.376968922177486,50.470155164521024,29.882428851262702
2004-04-27,221,2004-04-27,20.2173913043478,53.2608695652174,25.2173913043478,10.9130434782609,689598.913043478,-3766689.7826087,3577,17.575371766697028,49.54511238973414,31.61686135464096
2004-05-05,222,2004-05-05,17.2380952380952,38.9047619047619,42.5238095238095,8.76190476190476,689593.571428571,-3766693.57142857,3577,19.262797273616833,49.63572600280028,29.855285805409203
2004-05-29,223,2004-05-29,30.7826086956522,54.0434782608696,14.0869565217391,15.1739130434783,689598.913043478,-3766689.7826087,3577,21.96847951146653,50.26348540407554,26.524917134281843
2004-06-14,224,2004-06-14,9.5,51.8333333333333,37.5,24.6666666666667,689615.0,-3766685.0,3577,25.20576833988087,50.27409698704545,23.321192080227497
2004-07-16,225,2004-07-16,28.4347826086957,50.695652173913,19.5217391304348,11.6086956521739,689598.913043478,-3766689.7826087,3577,27.79526143080716,49.6708111962446,21.336169170262085
2004-08-26,226,2004-08-26,33.4347826086956,51.8695652173913,13.5217391304348,12.8695652173913,689598.913043478,-3766689.7826087,3577,31.154117419794563,50.91954246452744,16.698252212181615
2004-09-11,227,2004-09-11,43.7,50.15,5.0,16.2,689604.0,-3766683.0,3577,33.0765721826919,50.93956175514842,14.809620249179229
2004-09-18,228,2004-09-18,29.4347826086957,46.6086956521739,22.7391304347826,12.1304347826087,689598.913043478,-3766689.7826087,3577,32.78992918060945,50.503605989282896,15.541059850991575
2004-09-26,229,2004-09-26,25.6521739130435,51.2173913043478,22.0434782608696,11.9565217391304,689598.913043478,-3766689.7826087,3577,29.68867933788747,48.88522569097957,20.25568179296507
2004-10-04,230,2004-10-04,25.4347826086957,51.695652173913,21.5652173913043,12.0869565217391,689598.913043478,-3766689.7826087,3577,26.284704056203726,50.01636613262597,22.552740434955382
2004-10-12,231,2004-10-12,23.1304347826087,51.1304347826087,24.6521739130435,11.4347826086957,689598.913043478,-3766689.7826087,3577,19.999901632891003,50.660863332379506,28.154690174540583
2004-10-20,232,2004-10-20,14.7826086956522,47.9565217391304,36.2173913043478,8.78260869565217,689598.913043478,-3766689.7826087,3577,17.006434620700503,51.80353997193308,29.945515112154876
2004-10-29,233,2004-10-29,15.2,54.2,29.0,10.4,689595.0,-3766743.0,3577,15.403673470153862,52.811191379617995,30.47537494138198
2004-11-21,234,2004-11-21,14.4782608695652,53.7826086956522,30.4347826086957,10.9130434782609,689598.913043478,-3766689.7826087,3577,15.651741380168154,53.17973663837051,29.79273075826678
2004-12-15,235,2004-12-15,17.695652173913,54.4782608695652,26.4347826086957,11.4782608695652,689598.913043478,-3766689.7826087,3577,14.266634630678782,53.513900758003686,30.741676818263983
2004-12-16,236,2004-12-16,13.5,54.0714285714286,30.8571428571429,10.8571428571429,689597.142857143,-3766716.42857143,3577,14.207832482497183,54.38607340968892,29.883186809148178
2004-12-23,237,2004-12-23,13.5652173913043,53.2608695652174,31.695652173913,11.1739130434783,689598.913043478,-3766689.7826087,3577,15.213631278307957,53.41200279057873,29.851208243450394
2004-12-31,238,2004-12-31,17.304347826087,52.3478260869565,28.7826086956522,10.8695652173913,689598.913043478,-3766689.7826087,3577,15.862993460971978,53.15092736042272,29.555340069805972
2005-01-08,239,2005-01-08,14.5217391304348,54.7391304347826,29.3478260869565,10.8695652173913,689598.913043478,-3766689.7826087,3577,15.945711148789611,52.964146475740066,29.688646795386198
2005-01-24,240,2005-01-24,15.4782608695652,54.5217391304348,28.6086956521739,10.6521739130435,689598.913043478,-3766689.7826087,3577,15.951051427593683,54.81071377358755,27.851795622150867
2005-02-17,241,2005-02-17,18.4347826086957,53.0434782608696,27.4347826086957,10.7391304347826,689598.913043478,-3766689.7826087,3577,15.554642926468926,57.55419605725821,25.599574831769168
2005-02-25,242,2005-02-25,15.3913043478261,56.9130434782609,26.3913043478261,10.695652173913,689598.913043478,-3766689.7826087,3577,15.784223933846366,57.17248114259813,25.760123440964954
2005-03-05,243,2005-03-05,13.6190476190476,66.0,18.952380952381,19.7142857142857,689602.142857143,-3766695.0,3577,15.130957000662978,58.16813510500387,25.416949945550297
2005-03-13,244,2005-03-13,14.6086956521739,57.9565217391304,26.0434782608696,10.7391304347826,689598.913043478,-3766689.7826087,3577,14.397338333431208,59.03218207211806,25.284446965961585
2005-03-21,245,2005-03-21,13.0,60.0,26.0,11.0,689655.0,-3766635.0,3577,14.26343980367693,60.47346827746213,23.99878261460891
2005-03-22,246,2005-03-22,16.3125,54.3125,28.0,10.1875,689598.75,-3766668.75,3577,14.644340182743218,61.472798815640594,22.650819723639078
2005-04-06,247,2005-04-06,16.2222222222222,54.7777777777778,27.6666666666667,10.7777777777778,689598.333333333,-3766731.66666667,3577,15.26446612743522,59.63842186632914,23.875530815067727
2005-04-14,248,2005-04-14,13.5,73.5,12.0,24.0,689580.0,-3766710.0,3577,15.589101919232537,56.8095722509584,26.38602013246721
2005-04-22,249,2005-04-22,17.5,53.2727272727273,28.0,11.0,689596.363636364,-3766692.27272727,3577,16.419392719418354,55.434046165466924,26.936542460472694
2005-05-08,250,2005-05-08,20.8695652173913,52.8695652173913,25.0869565217391,11.2173913043478,689598.913043478,-3766689.7826087,3577,18.362381195530368,55.192787120677124,25.237370865736153
2005-05-24,251,2005-05-24,20.9130434782609,44.6086956521739,33.0869565217391,9.04347826086956,689598.913043478,-3766689.7826087,3577,22.93049129240181,51.39021509086942,24.49025477767978
2005-06-01,252,2005-06-01,21.6923076923077,47.5384615384615,29.6153846153846,10.1538461538462,689567.307692308,-3766685.76923077,3577,26.624273816994304,49.41347382186288,22.831235933265077
2005-06-09,253,2005-06-09,32.2173913043478,56.8695652173913,9.91304347826087,13.8695652173913,689598.913043478,-3766689.7826087,3577,31.13653501498422,48.685918721509324,19.05257355550618
2005-07-19,254,2005-07-19,41.0434782608696,51.8695652173913,6.17391304347826,16.3478260869565,689598.913043478,-3766689.7826087,3577,36.48820386394523,49.05932080764899,13.388507564996871
2005-08-04,255,2005-08-04,39.8695652173913,44.6521739130435,14.2608695652174,13.0869565217391,689598.913043478,-3766689.7826087,3577,38.63072987185296,51.83893027804882,8.51279888677901
2005-08-12,256,2005-08-12,40.304347826087,46.6086956521739,12.0434782608696,13.2173913043478,689598.913043478,-3766689.7826087,3577,40.23231542264564,50.86271033706827,7.863739828307867
2005-08-20,257,2005-08-20,35.0,60.0,4.0,11.0,689655.0,-3766755.0,3577,40.81294569765855,49.864504850682,8.242501653268523
2005-09-05,258,2005-09-05,46.9130434782609,45.8695652173913,6.1304347826087,16.304347826087,689598.913043478,-3766689.7826087,3577,41.6722620606325,46.492962280679116,10.71017324533788
2005-09-14,259,2005-09-14,39.304347826087,42.1739130434783,17.3478260869565,12.0434782608696,689598.913043478,-3766689.7826087,3577,41.30205055409718,45.333860075844136,12.225920767882855
2005-09-21,260,2005-09-21,33.0434782608696,46.695652173913,18.9565217391304,12.3913043478261,689598.913043478,-3766689.7826087,3577,40.39994808663611,45.3536118142121,13.090506303493958
2005-09-29,261,2005-09-29,47.9333333333333,41.1333333333333,9.86666666666667,13.2,689595.0,-3766713.0,3577,39.36367547962735,44.972382194457836,14.486364727835149
2005-09-30,262,2005-09-30,39.304347826087,44.3478260869565,15.2173913043478,12.695652173913,689598.913043478,-3766689.7826087,3577,36.05197861096502,44.229141567807716,18.539127415857696
2005-10-15,263,2005-10-15,33.5217391304348,46.7391304347826,18.5652173913043,12.1739130434783,689598.913043478,-3766689.7826087,3577,32.99901922010732,45.406733023330084,20.411649764958046
2005-10-16,264,2005-10-16,21.5,53.9166666666667,23.25,20.0,689597.5,-3766722.5,3577,29.67896709338588,48.77112196592555,20.341921057357496
2005-10-23,265,2005-10-23,27.35,45.8,25.65,12.95,689590.5,-3766693.5,3577,28.293561540084447,49.41661322254876,21.034986443086666
2005-10-31,266,2005-10-31,28.9130434782609,50.1304347826087,19.7826086956522,12.304347826087,689598.913043478,-3766689.7826087,3577,25.8924280121509,50.85899904375386,21.98106239567077
2005-11-16,267,2005-11-16,24.1739130434783,50.9565217391304,23.5652173913043,11.695652173913,689598.913043478,-3766689.7826087,3577,24.174085684581474,52.8606605065336,21.644272595978883
2005-12-02,268,2005-12-02,28.4285714285714,57.1428571428571,12.8571428571429,12.2857142857143,689599.285714286,-3766737.85714286,3577,24.25111363935204,54.32697706788292,20.100725697774802
2005-12-18,269,2005-12-18,20.3478260869565,56.0869565217391,22.3478260869565,12.4782608695652,689598.913043478,-3766689.7826087,3577,22.761502429455696,56.28215649607321,19.60811923303219
2006-01-19,270,2006-01-19,20.5217391304348,55.7826086956522,22.4347826086957,11.1304347826087,689598.913043478,-3766689.7826087,3577,21.10941502298705,57.98851479205973,19.546056037108446
2006-01-27,271,2006-01-27,17.4347826086957,61.8260869565217,19.3913043478261,10.0869565217391,689598.913043478,-3766689.7826087,3577,18.259086787486268,59.255009292757855,21.10854541204879
2006-02-12,272,2006-02-12,17.2608695652174,58.0869565217391,23.0869565217391,10.9130434782609,689598.913043478,-3766689.7826087,3577,17.251880808649,58.683982594325144,22.70858099364289
2006-02-28,273,2006-02-28,18.2173913043478,57.7826086956522,22.7826086956522,11.0869565217391,689598.913043478,-3766689.7826087,3577,17.863270448757092,57.368661376305255,23.416712376326593
2006-03-08,274,2006-03-08,21.3913043478261,54.6086956521739,22.6086956521739,11.2173913043478,689598.913043478,-3766689.7826087,3577,18.925753611038182,55.148845063933074,24.546986194579773
2006-03-24,275,2006-03-24,21.0,53.6521739130435,24.0869565217391,11.0869565217391,689598.913043478,-3766689.7826087,3577,22.51883948599187,53.576199779482934,22.56501702631396
2006-04-09,276,2006-04-09,23.4347826086957,51.9130434782609,23.304347826087,11.6521739130435,689598.913043478,-3766689.7826087,3577,27.013324036304255,51.87145654855878,19.89249463687179
2006-05-03,277,2006-05-03,32.8695652173913,49.7391304347826,16.2173913043478,12.695652173913,689598.913043478,-3766689.7826087,3577,31.218336986739924,49.269637920290144,18.34062377250958
2006-05-19,278,2006-05-19,36.8,47.05,15.0,13.0,689596.5,-3766692.0,3577,36.37582973628332,49.844070238543864,12.748270708963386
2006-05-27,279,2006-05-27,37.6086956521739,51.4347826086956,10.0434782608696,14.0869565217391,689598.913043478,-3766689.7826087,3577,38.3969743968004,49.35145432930398,11.15863552698762
2006-06-04,280,2006-06-04,43.7826086956522,50.2608695652174,5.08695652173913,16.2173913043478,689598.913043478,-3766689.7826087,3577,38.935365650631056,49.180104086241556,10.8183377397926
2006-06-12,281,2006-06-12,37.6086956521739,47.3478260869565,13.7826086956522,13.0434782608696,689598.913043478,-3766689.7826087,3577,37.955690224428665,48.93562511656407,12.019626960734353
2006-06-20,282,2006-06-20,32.8695652173913,48.8260869565217,17.1739130434783,13.6086956521739,689598.913043478,-3766689.7826087,3577,35.767811797386486,49.33936317641326,13.821153988469213
2006-06-28,283,2006-06-28,36.25,55.75,7.0,15.25,689610.0,-3766635.0,3577,33.551769895196045,49.64010957409057,15.753435217358039
2006-07-06,284,2006-07-06,23.3571428571429,41.7142857142857,33.3571428571429,16.5,689577.857142857,-3766669.28571429,3577,33.432468292235825,50.7317463462562,14.787971014042308
2006-07-30,285,2006-07-30,38.6666666666667,53.6666666666667,7.33333333333333,15.6666666666667,689625.0,-3766635.0,3577,32.194621728605355,51.140423234943796,15.606474133393338
2006-08-07,286,2006-08-07,31.7391304347826,53.0869565217391,14.0,13.8260869565217,689598.913043478,-3766689.7826087,3577,30.541528114497716,51.983970548894135,16.43992689568903
2006-08-15,287,2006-08-15,30.8695652173913,53.5652173913044,14.5217391304348,13.7391304347826,689598.913043478,-3766689.7826087,3577,28.79166466357281,51.89216915302256,18.26113885609341
2006-08-31,288,2006-08-31,26.7826086956522,51.7391304347826,20.1739130434783,12.2608695652174,689598.913043478,-3766689.7826087,3577,26.023373186463264,51.504968552998946,21.316164917100643
2006-09-01,289,2006-09-01,22.2608695652174,52.0869565217391,24.304347826087,11.304347826087,689598.913043478,-3766689.7826087,3577,23.1042458586118,51.84405574035193,23.807146608787278
2006-09-08,290,2006-09-08,13.6086956521739,47.0869565217391,38.1304347826087,14.5217391304348,689598.913043478,-3766689.7826087,3577,20.7779062881739,51.943979049094466,25.977819292605297
2006-09-16,291,2006-09-16,21.7826086956522,53.1739130434783,23.7826086956522,11.5217391304348,689598.913043478,-3766689.7826087,3577,18.14831386929022,51.301425212964276,29.18029891312828
2006-09-17,292,2006-09-17,20.2272727272727,52.0454545454545,26.2727272727273,10.8181818181818,689596.363636364,-3766692.27272727,3577,19.424366736003417,50.900670089151376,28.358225385826437
2006-10-02,293,2006-10-02,20.625,53.875,24.125,10.75,689606.25,-3766736.25,3577,18.921200873702205,51.526315132126605,28.174383260153938
2006-10-03,294,2006-10-03,17.8125,52.3125,28.5625,10.0625,689595.0,-3766710.0,3577,18.962831841823636,53.021916261968954,26.635550953863543
2006-10-10,295,2006-10-10,18.2608695652174,51.0434782608696,29.3478260869565,10.304347826087,689598.913043478,-3766689.7826087,3577,18.369629821802363,54.70450055196743,25.522828826690223
2006-10-18,296,2006-10-18,17.7142857142857,54.5714285714286,26.1428571428571,10.1428571428571,689599.285714286,-3766737.85714286,3577,16.716401038497747,54.627825516109866,27.231324038948834
2006-10-26,297,2006-10-26,15.0869565217391,51.9565217391304,31.5217391304348,9.91304347826087,689598.913043478,-3766689.7826087,3577,14.771474361213365,53.85513524871146,29.99670521462204
2006-11-03,298,2006-11-03,10.5217391304348,64.4347826086957,23.8260869565217,15.9565217391304,689598.913043478,-3766689.7826087,3577,14.68610771547521,54.17525193374935,29.729240346739942
2006-11-19,299,2006-11-19,17.0,49.9333333333333,31.6,9.8,689595.0,-3766665.0,3577,14.042909173316595,53.421636377815275,31.09778630363205
2006-11-20,300,2006-11-20,12.695652173913,48.695652173913,37.1739130434783,8.21739130434783,689598.913043478,-3766689.7826087,3577,12.901385715507468,52.082938346475444,33.57111139970041
2006-11-27,301,2006-11-27,13.0869565217391,48.4782608695652,37.0,7.65217391304348,689598.913043478,-3766689.7826087,3577,12.279012387866032,51.640513519653396,34.69700935253486
2006-12-05,302,2006-12-05,14.3333333333333,57.6666666666667,26.6666666666667,10.0,689625.0,-3766755.0,3577,13.137347419483008,52.774778324373344,32.751220198112605
2006-12-06,303,2006-12-06,11.5217391304348,53.2608695652174,33.695652173913,9.39130434782609,689598.913043478,-3766689.7826087,3577,13.424355964399716,53.8360539715958,31.429306862200278
2006-12-13,304,2006-12-13,11.0,53.0,35.0,10.0,689655.0,-3766635.0,3577,13.927560392223812,55.821644340306094,29.000422084305214
2006-12-22,305,2006-12-22,15.6521739130435,60.0434782608696,23.1304347826087,8.43478260869565,689598.913043478,-3766689.7826087,3577,14.235009213873706,58.88970458804013,25.68348163703816
2006-12-29,306,2006-12-29,20.3913043478261,63.2173913043478,15.304347826087,11.2608695652174,689598.913043478,-3766689.7826087,3577,15.902630684698597,59.13066163879655,23.791329951509457
2007-01-06,307,2007-01-06,15.7826086956522,55.2608695652174,27.5652173913043,9.65217391304348,689598.913043478,-3766689.7826087,3577,17.07436270822746,58.03811089972558,23.745063524438088
2007-01-14,308,2007-01-14,14.0434782608696,52.8260869565217,31.9565217391304,9.82608695652174,689598.913043478,-3766689.7826087,3577,18.075746750666674,55.99766240847646,24.745296656048104
2007-01-23,309,2007-01-23,21.5217391304348,59.4347826086956,17.8695652173913,12.2608695652174,689598.913043478,-3766689.7826087,3577,19.15635098512726,53.56483427730436,26.024689672956068
2007-01-30,310,2007-01-30,18.9130434782609,49.4347826086956,30.4347826086957,10.1739130434783,689598.913043478,-3766689.7826087,3577,19.99283426224845,50.45531097653775,28.245196367096156
2007-02-07,311,2007-02-07,21.9130434782609,47.0,29.8260869565217,10.0,689598.913043478,-3766689.7826087,3577,19.796457278080407,48.28951274865209,30.623301520120187
2007-02-08,312,2007-02-08,19.7826086956522,44.4347826086956,34.3478260869565,9.21739130434783,689598.913043478,-3766689.7826087,3577,20.387154573785015,47.8021152692975,30.49343705493135
2007-02-15,313,2007-02-15,20.2608695652174,48.8695652173913,29.3478260869565,9.95652173913044,689598.913043478,-3766689.7826087,3577,20.96752614729151,47.741858121680025,29.958719585027534
2007-02-23,314,2007-02-23,22.4347826086957,48.5217391304348,27.8695652173913,10.0,689598.913043478,-3766689.7826087,3577,20.631194421405386,47.34867585637506,30.65573383743272
2007-03-03,315,2007-03-03,19.3478260869565,51.1304347826087,28.304347826087,11.5217391304348,689598.913043478,-3766689.7826087,3577,21.6566752671176,48.3621443840782,28.627146779720242
2007-03-12,316,2007-03-12,19.1739130434783,47.0869565217391,32.2608695652174,9.30434782608696,689598.913043478,-3766689.7826087,3577,21.496578330805846,49.14511477887376,28.002463531214907
2007-03-27,317,2007-03-27,26.5,47.75,24.375,10.375,689606.25,-3766736.25,3577,22.607264073474184,48.15058207596863,27.86883479848134
2007-04-04,318,2007-04-04,22.7391304347826,48.1739130434783,27.7391304347826,10.6521739130435,689598.913043478,-3766689.7826087,3577,22.599617168398268,48.390365153751404,27.663169496403363
2007-04-12,319,2007-04-12,24.0869565217391,48.7826086956522,25.7826086956522,10.8695652173913,689598.913043478,-3766689.7826087,3577,22.537036392060596,47.5926839347148,28.521360252342678
2007-04-13,320,2007-04-13,23.6086956521739,47.1739130434783,27.8695652173913,10.3478260869565,689598.913043478,-3766689.7826087,3577,24.103534124596592,47.318803005664996,27.263393732615
2007-04-20,321,2007-04-20,20.695652173913,45.1739130434783,32.9130434782609,8.26086956521739,689598.913043478,-3766689.7826087,3577,27.060553190243574,48.28629134359336,23.46141126674833
2007-05-06,322,2007-05-06,36.2173913043478,52.7391304347826,9.95652173913044,14.8260869565217,689598.913043478,-3766689.7826087,3577,29.91115944224932,49.64252240557195,19.329778664595413
2007-05-14,323,2007-05-14,25.6666666666667,49.6666666666667,23.6666666666667,20.3333333333333,689615.0,-3766675.0,3577,33.71651792367402,49.48561502659567,15.695089426208371
2007-05-15,324,2007-05-15,44.1739130434783,43.7826086956522,10.8260869565217,13.4782608695652,689598.913043478,-3766689.7826087,3577,36.97425182166858,48.26368808872465,13.671919462282887
2007-06-15,325,2007-06-15,41.6521739130435,53.0434782608696,4.34782608695652,14.0434782608696,689598.913043478,-3766689.7826087,3577,38.77554038369183,47.01788869361194,13.118004757388995
2007-06-23,326,2007-06-23,37.7391304347826,49.0869565217391,12.0434782608696,13.695652173913,689598.913043478,-3766689.7826087,3577,39.67445916132901,46.16778102320554,13.056046345181572
2007-07-01,327,2007-07-01,36.7826086956522,39.6521739130435,22.2608695652174,13.1304347826087,689598.913043478,-3766689.7826087,3577,40.11831256641537,45.41879818928542,13.313848488297978
2007-07-09,328,2007-07-09,38.0434782608696,41.9130434782609,18.9130434782609,14.8695652173913,689598.913043478,-3766689.7826087,3577,37.97251533632041,45.71177967273664,15.143506311965487
2007-07-25,329,2007-07-25,34.6086956521739,47.695652173913,16.6086956521739,12.9130434782609,689598.913043478,-3766689.7826087,3577,37.08499059158083,46.184263082896635,15.540170647315989
2007-08-02,330,2007-08-02,39.0,52.2173913043478,7.60869565217391,13.5652173913043,689598.913043478,-3766689.7826087,3577,33.6076444419711,47.5571569364741,17.62481797378559
2007-08-10,331,2007-08-10,32.304347826087,49.1739130434783,17.2173913043478,13.0,689598.913043478,-3766689.7826087,3577,31.783382971849072,48.959105075829484,18.03344114493393
2007-08-26,332,2007-08-26,27.5652173913043,48.1739130434783,22.9565217391304,11.8695652173913,689598.913043478,-3766689.7826087,3577,27.844855541546753,50.53370854029677,20.41343443651658
2007-09-03,333,2007-09-03,18.9565217391304,48.9565217391304,30.9130434782609,17.7826086956522,689598.913043478,-3766689.7826087,3577,23.2900897206287,49.69175357329146,25.739929817863782
2007-09-19,334,2007-09-19,25.2608695652174,47.7826086956522,25.6521739130435,10.9130434782609,689598.913043478,-3766689.7826087,3577,20.17053851832793,48.195406020812754,30.30767363833273
2007-09-27,335,2007-09-27,14.5833333333333,53.6666666666667,30.5,19.0,689605.0,-3766677.5,3577,18.64774543220218,47.33814437905804,32.71923219688246
2007-10-05,336,2007-10-05,17.7,41.6,39.4,7.8,689634.0,-3766713.0,3577,18.046936165341045,47.35447902928687,33.33542931096614
2007-10-21,337,2007-10-21,18.3913043478261,45.1304347826087,35.0434782608696,9.1304347826087,689598.913043478,-3766689.7826087,3577,18.615107085221403,47.807940343402315,32.31712174395769
2007-11-06,338,2007-11-06,21.2173913043478,50.2608695652174,27.2608695652174,10.9565217391304,689598.913043478,-3766689.7826087,3577,19.26473043490524,47.511692193472676,31.97783539652763
2007-11-22,339,2007-11-22,21.4444444444444,51.3333333333333,26.2222222222222,10.4444444444444,689601.666666667,-3766648.33333333,3577,18.546017834782056,48.185396489804404,31.97322156313468
2007-12-08,340,2007-12-08,16.304347826087,46.3478260869565,36.0434782608696,10.0,689598.913043478,-3766689.7826087,3577,17.9703980566452,48.35787324802617,32.38008182421484
2007-12-17,341,2007-12-17,15.7826086956522,49.4782608695652,33.2608695652174,10.0869565217391,689598.913043478,-3766689.7826087,3577,18.212376478008423,49.052521575424436,31.41246054165224
2008-01-02,342,2008-01-02,16.5652173913043,49.695652173913,32.3478260869565,9.65217391304348,689598.913043478,-3766689.7826087,3577,16.295306908879642,51.221860093504056,31.104633427619763
2008-01-09,343,2008-01-09,17.1304347826087,50.9565217391304,30.5217391304348,10.1304347826087,689598.913043478,-3766689.7826087,3577,15.56280202948431,51.26677918930483,31.74109726141827
2008-01-17,344,2008-01-17,13.5652173913043,54.0434782608696,30.8695652173913,9.60869565217391,689598.913043478,-3766689.7826087,3577,16.400722219403292,52.6486407656069,29.53110514020021
2008-01-25,345,2008-01-25,20.4782608695652,51.8695652173913,26.5217391304348,10.2173913043478,689598.913043478,-3766689.7826087,3577,16.031461150384573,54.25622551271221,28.328567791815686
2008-02-02,346,2008-02-02,12.7857142857143,59.9285714285714,25.7142857142857,10.5,689618.571428571,-3766701.42857143,3577,15.550400792725826,55.91093594787737,27.211708951070886
2008-02-18,347,2008-02-18,15.0434782608696,55.2173913043478,28.4347826086957,9.56521739130435,689598.913043478,-3766689.7826087,3577,14.956613248103816,55.842078032337554,27.88140766219499
2008-02-26,348,2008-02-26,18.8260869565217,51.3478260869565,28.695652173913,10.0434782608696,689598.913043478,-3766689.7826087,3577,15.453117074066448,55.10903044995639,28.105280135125174
2008-03-05,349,2008-03-05,14.7826086956522,57.0434782608696,26.8695652173913,9.73913043478261,689598.913043478,-3766689.7826087,3577,16.642271747633373,54.075385040311666,27.988339530972308
2008-05-09,350,2008-05-09,11.0,53.0,34.5,6.5,689655.0,-3766740.0,3577,18.428437426079036,52.67992291729557,27.643067694180793
2008-06-01,351,2008-06-01,25.9565217391304,51.4782608695652,21.3913043478261,12.1739130434783,689598.913043478,-3766689.7826087,3577,19.549301889385102,51.35854675677572,27.837298722272337
2008-07-03,352,2008-07-03,22.4782608695652,45.7391304347826,30.5652173913043,11.0434782608696,689598.913043478,-3766689.7826087,3577,21.414989371911716,49.052704597858124,28.287932319392613
2008-09-05,353,2008-09-05,21.65,49.4,27.75,11.15,689595.0,-3766698.0,3577,21.220215536244122,47.796689472856784,29.71097017802051
2008-09-21,354,2008-09-21,19.3478260869565,48.2608695652174,31.2173913043478,10.4782608695652,689598.913043478,-3766689.7826087,3577,20.370966360329305,45.585049894236775,32.76746980976536
2008-09-29,355,2008-09-29,18.3913043478261,42.3913043478261,37.7391304347826,8.08695652173913,689598.913043478,-3766689.7826087,3577,18.715617401844234,42.958879725732906,37.065143498305275
2008-10-15,356,2008-10-15,15.3478260869565,42.2608695652174,40.9130434782609,9.08695652173913,689598.913043478,-3766689.7826087,3577,16.35931197621624,43.64123613631645,38.57845059099699
2008-10-16,357,2008-10-16,16.25,41.0,41.5,8.75,689610.0,-3766635.0,3577,14.00222102570795,43.110474530174656,41.38355476129121
2008-11-01,358,2008-11-01,11.3478260869565,45.0,42.2608695652174,13.7826086956522,689598.913043478,-3766689.7826087,3577,14.0681816769829,43.51116526493452,40.97873740876898
2008-11-16,359,2008-11-16,13.4782608695652,43.0434782608696,41.8695652173913,9.43478260869565,689598.913043478,-3766689.7826087,3577,13.320575103989441,43.447864290770724,41.85085993558917
2008-11-17,360,2008-11-17,15.6086956521739,46.304347826087,36.695652173913,9.17391304347826,689598.913043478,-3766689.7826087,3577,13.846455065998015,44.66674945729335,40.20299558429929
2008-11-24,361,2008-11-24,15.0,49.3913043478261,34.2173913043478,9.8695652173913,689598.913043478,-3766689.7826087,3577,14.369500031531796,45.70278194008836,38.72393201090965
2008-12-02,362,2008-12-02,13.0,38.0,48.5,11.0,689550.0,-3766635.0,3577,15.512494740416766,45.74911802424917,37.57153453626171
2008-12-10,363,2008-12-10,17.0,49.7142857142857,32.0,10.2142857142857,689599.285714286,-3766662.85714286,3577,16.27587690274215,45.91367913281347,36.66759025063767
2009-01-03,364,2009-01-03,16.7391304347826,44.8695652173913,36.9565217391304,9.78260869565217,689598.913043478,-3766689.7826087,3577,16.851180217007553,46.39074830136189,35.56644721545254
2009-01-11,365,2009-01-11,19.1304347826087,49.4782608695652,30.1739130434783,10.0869565217391,689598.913043478,-3766689.7826087,3577,16.863190652392603,47.056260605721846,34.81631566709794
2009-01-19,366,2009-01-19,15.2173913043478,46.7391304347826,36.6521739130435,9.30434782608696,689598.913043478,-3766689.7826087,3577,17.104859335035812,47.66064222491022,33.84361559828816
2009-01-27,367,2009-01-27,18.1739130434783,47.4347826086956,33.0,9.73913043478261,689598.913043478,-3766689.7826087,3577,17.273677056552387,48.73197484974923,32.53741338752293
2009-02-04,368,2009-02-04,15.2608695652174,50.1304347826087,33.0869565217391,9.52173913043478,689598.913043478,-3766689.7826087,3577,16.8143023575762,49.188324485665376,32.54438113597674
2009-02-12,369,2009-02-12,17.3478260869565,49.5217391304348,31.695652173913,10.1739130434783,689598.913043478,-3766689.7826087,3577,17.12664987156588,48.75608038630598,32.775703805918305
2009-02-28,370,2009-02-28,17.4347826086957,48.1739130434783,33.2173913043478,9.43478260869565,689598.913043478,-3766689.7826087,3577,16.69789657553577,49.648675638976485,32.267555076945854
2009-03-08,371,2009-03-08,15.9565217391304,50.9130434782609,31.6086956521739,9.95652173913044,689598.913043478,-3766689.7826087,3577,16.00231170543222,49.484063901272826,33.12270268879007
2009-04-01,372,2009-04-01,16.7826086956522,48.9565217391304,33.0434782608696,9.82608695652174,689598.913043478,-3766689.7826087,3577,15.717350461862866,49.724174346457936,33.242127206182
2009-04-02,373,2009-04-02,16.1739130434783,49.8260869565217,32.6521739130435,9.17391304347826,689598.913043478,-3766689.7826087,3577,16.095945267096457,50.29413663017702,32.284977664229814
2009-04-09,374,2009-04-09,16.2608695652174,51.2173913043478,31.0869565217391,10.1739130434783,689598.913043478,-3766689.7826087,3577,16.91664658534107,50.64527597855684,31.12026178828111
2009-04-10,375,2009-04-10,12.1111111111111,48.4444444444444,38.1111111111111,15.4444444444444,689598.333333333,-3766731.66666667,3577,17.39901238588555,50.3223117723648,30.95232218014096
2009-05-03,376,2009-05-03,23.3478260869565,51.1304347826087,24.3913043478261,11.2173913043478,689598.913043478,-3766689.7826087,3577,18.268128916443594,48.919090937322935,31.488917227605487
2009-05-11,377,2009-05-11,21.9130434782609,49.7391304347826,27.0434782608696,11.1304347826087,689598.913043478,-3766689.7826087,3577,19.24885175621865,47.19600061623854,32.26402476465933
2009-05-12,378,2009-05-12,21.5,48.5,28.5,11.0,689640.0,-3766635.0,3577,21.3117365240432,48.08290176791277,29.321209888206447
2009-05-19,379,2009-05-19,18.5217391304348,42.0434782608696,38.3478260869565,8.34782608695652,689598.913043478,-3766689.7826087,3577,24.624277974456025,48.87084430353322,25.285455536966104
2009-05-28,380,2009-05-28,24.7391304347826,47.1739130434783,26.7826086956522,9.82608695652174,689598.913043478,-3766689.7826087,3577,25.50424633695892,48.44940761665037,24.805230855200243
2009-06-04,381,2009-06-04,27.55,51.5,19.75,12.05,689595.0,-3766680.0,3577,25.67948660946663,48.35666824910957,24.725965584792164
2009-06-13,382,2009-06-13,30.0434782608696,54.1739130434783,14.6521739130435,14.0434782608696,689598.913043478,-3766689.7826087,3577,24.943291049593704,48.388143108286656,25.42119422059142
2009-08-07,383,2009-08-07,28.304347826087,51.304347826087,19.1304347826087,12.304347826087,689598.913043478,-3766689.7826087,3577,25.602008299098372,48.879444807227614,24.313349914953776
2009-08-31,384,2009-08-31,19.9565217391304,37.9565217391304,40.7391304347826,7.60869565217391,689598.913043478,-3766689.7826087,3577,25.243296495991967,48.24576814248502,25.270692656872804
2009-09-16,385,2009-09-16,17.0869565217391,44.8695652173913,36.695652173913,9.47826086956522,689598.913043478,-3766689.7826087,3577,24.842008691972396,46.92083761255081,26.953325469929517
2009-09-24,386,2009-09-24,30.304347826087,52.6521739130435,15.9565217391304,12.6521739130435,689598.913043478,-3766689.7826087,3577,24.656479303294617,45.404840064322045,28.66334050466392
2009-10-18,387,2009-10-18,25.2173913043478,45.8260869565217,27.5652173913043,10.6086956521739,689598.913043478,-3766689.7826087,3577,23.82266080370944,44.06348299559164,30.778882529712124
2009-10-26,388,2009-10-26,25.9565217391304,43.3913043478261,29.4347826086957,10.2173913043478,689598.913043478,-3766689.7826087,3577,23.212123982382494,44.84398451474527,30.6046799460881
2009-10-27,389,2009-10-27,22.0434782608696,43.695652173913,32.695652173913,9.78260869565217,689598.913043478,-3766689.7826087,3577,22.304595903086387,46.9313573358533,29.407479615288125
2009-11-11,390,2009-11-11,20.4736842105263,47.3684210526316,30.8947368421053,9.73684210526316,689598.157894737,-3766677.63157895,3577,21.166633852856798,47.80955907450931,29.652808796147305
2009-11-12,391,2009-11-12,16.5,47.7142857142857,34.4285714285714,9.0,689597.142857143,-3766716.42857143,3577,19.610610949645647,47.82054671245673,31.26330795260763
2009-11-19,392,2009-11-19,15.304347826087,48.7826086956522,34.6086956521739,9.30434782608696,689598.913043478,-3766689.7826087,3577,18.593938100871156,48.65621049489371,31.514034500986998
2009-11-27,393,2009-11-27,25.3478260869565,56.8695652173913,16.695652173913,12.0434782608696,689598.913043478,-3766689.7826087,3577,20.445365532014357,49.935223585059205,28.45183590558682
2009-12-13,394,2009-12-13,21.0869565217391,46.0,31.695652173913,10.0,689598.913043478,-3766689.7826087,3577,20.60110572950059,49.88481835766622,28.374695881014627
2009-12-22,395,2009-12-22,23.3333333333333,44.3333333333333,31.3333333333333,10.3333333333333,689625.0,-3766635.0,3577,21.90323594006908,47.58878163962786,29.310196702523925
2009-12-29,396,2009-12-29,20.0,48.304347826087,30.4782608695652,10.0,689598.913043478,-3766689.7826087,3577,22.120793443788195,46.17933363473972,30.405064241674378
2010-01-07,397,2010-01-07,19.7391304347826,45.0869565217391,33.5652173913044,9.34782608695652,689598.913043478,-3766689.7826087,3577,21.381462615386848,45.62878083079041,31.605890247024846
2010-01-14,398,2010-01-14,22.0,48.8260869565217,27.7826086956522,10.0434782608696,689598.913043478,-3766689.7826087,3577,19.88582478800002,45.94966736253387,32.73373188646751
2010-01-23,399,2010-01-23,16.9130434782609,43.8695652173913,37.7826086956522,8.52173913043478,689598.913043478,-3766689.7826087,3577,18.355734819394147,47.46270791335489,32.77306105340713
2010-01-30,400,2010-01-30,22.3636363636364,45.2727272727273,30.8181818181818,9.90909090909091,689600.454545455,-3766654.09090909,3577,18.533739204253706,49.01369092692287,31.110181085322992
2010-01-31,401,2010-01-31,14.0,57.0,28.0,7.0,689595.0,-3766755.0,3577,18.094777084617643,49.45983534284169,31.175023249689108
2010-02-07,402,2010-02-07,17.7391304347826,48.3478260869565,32.6521739130435,9.69565217391304,689598.913043478,-3766689.7826087,3577,17.729678977513444,49.37477816056111,31.693431019837515
2010-02-16,403,2010-02-16,18.8,49.8,30.4,9.6,689649.0,-3766671.0,3577,17.868623893959285,50.10615516797662,30.826696806902422
2010-02-23,404,2010-02-23,18.4347826086957,47.7391304347826,32.4347826086956,9.91304347826087,689598.913043478,-3766689.7826087,3577,17.83856687127387,49.77797179263656,31.12696228256403
2010-02-24,405,2010-02-24,20.1739130434783,47.4347826086956,31.0,9.39130434782609,689598.913043478,-3766689.7826087,3577,19.15625591261326,48.884737284514586,30.65818419028352
2010-03-03,406,2010-03-03,17.3333333333333,51.3333333333333,30.0,9.66666666666667,689625.0,-3766755.0,3577,19.705007246530748,48.04414314091882,30.9324133263379
2010-03-12,407,2010-03-12,19.8260869565217,45.8695652173913,32.9130434782609,11.0,689598.913043478,-3766689.7826087,3577,20.19094395082786,47.53409604707858,30.907306055989004
2010-03-19,408,2010-03-19,23.1304347826087,50.3913043478261,25.2173913043478,10.2173913043478,689598.913043478,-3766689.7826087,3577,20.372021524037585,47.61275289523333,30.65653745903657
2010-03-27,409,2010-03-27,19.2608695652174,44.1739130434783,35.2173913043478,8.78260869565217,689598.913043478,-3766689.7826087,3577,21.062364117684687,47.617611132074344,29.964276738198762
2010-04-04,410,2010-04-04,24.695652173913,47.7391304347826,26.2608695652174,9.60869565217391,689598.913043478,-3766689.7826087,3577,21.95705055253117,47.405569303933476,29.27347417243331
2010-04-12,411,2010-04-12,18.7826086956522,49.6521739130435,30.2173913043478,13.9565217391304,689598.913043478,-3766689.7826087,3577,22.65775801126788,46.751862621151645,29.22128692413623
2010-04-20,412,2010-04-20,25.6,44.0,28.8,11.0,689595.0,-3766635.0,3577,24.37426940851668,47.829199247821805,26.448089183662027
2010-05-06,413,2010-05-06,29.3333333333333,50.3333333333333,19.1666666666667,12.8333333333333,689605.0,-3766640.0,3577,27.454794274685185,48.9278478061552,22.35055699000715
2010-05-22,414,2010-05-22,25.7826086956522,51.304347826087,21.7391304347826,11.8695652173913,689598.913043478,-3766689.7826087,3577,30.08620794335112,49.005496320874656,19.696105886303524
2010-07-09,415,2010-07-09,33.05,44.0,21.7,11.1,689595.0,-3766680.0,3577,32.109850594951475,49.07193788846039,17.66038055362061
2010-07-25,416,2010-07-25,34.0434782608696,53.304347826087,11.7826086956522,13.9565217391304,689598.913043478,-3766689.7826087,3577,32.78932785928529,48.18358627955434,17.889364460636507
2010-08-10,417,2010-08-10,36.7826086956522,51.2608695652174,10.695652173913,14.3478260869565,689598.913043478,-3766689.7826087,3577,32.423735747354556,49.3177784659741,17.13445390253586
2010-09-27,418,2010-09-27,30.0,43.1739130434783,25.695652173913,9.56521739130435,689598.913043478,-3766689.7826087,3577,30.41509994245441,49.339918528092625,19.10481569849972
2010-10-05,419,2010-10-05,22.4782608695652,49.9130434782609,26.2173913043478,17.4347826086957,689598.913043478,-3766689.7826087,3577,28.772636447319194,49.94552228405299,20.043137797273957
2010-10-21,420,2010-10-21,29.4347826086957,51.6086956521739,17.8260869565217,11.5652173913043,689598.913043478,-3766689.7826087,3577,27.30603877882377,50.70716011676353,20.770159319745645
2010-11-22,421,2010-11-22,26.2173913043478,54.4347826086956,18.1739130434783,11.4347826086957,689598.913043478,-3766689.7826087,3577,25.367446727451018,51.488116809821335,21.906834247993977
2010-12-24,422,2010-12-24,24.8695652173913,52.9130434782609,21.0,11.1739130434783,689598.913043478,-3766689.7826087,3577,26.291604747382223,51.131267541173756,21.356541829415207
2011-01-01,423,2011-01-01,27.7826086956522,47.0434782608696,23.8695652173913,10.8695652173913,689598.913043478,-3766689.7826087,3577,26.856934154816813,52.09266880648523,19.83746378805985
2011-01-09,424,2011-01-09,26.1304347826087,55.6086956521739,17.0,10.9130434782609,689598.913043478,-3766689.7826087,3577,26.068513751690645,52.78742875780047,19.91031088980719
2011-01-17,425,2011-01-17,27.0714285714286,47.5714285714286,24.3571428571429,10.2142857142857,689597.142857143,-3766716.42857143,3577,24.635216345099607,51.764343645309125,22.357137209267407
2011-01-25,426,2011-01-25,25.0434782608696,55.0869565217391,18.3913043478261,10.695652173913,689598.913043478,-3766689.7826087,3577,24.29256935687452,51.86230504586844,22.572547051814112
2011-02-02,427,2011-02-02,26.8260869565217,50.3913043478261,21.6086956521739,10.7826086956522,689598.913043478,-3766689.7826087,3577,26.492210575797937,51.01489007693657,21.252480726969416
2011-02-26,428,2011-02-26,20.5652173913043,53.2173913043478,24.8695652173913,19.0434782608696,689598.913043478,-3766689.7826087,3577,29.31298753691067,50.28494715520117,19.20630296424972
2011-03-06,429,2011-03-06,33.05,48.35,17.6,11.75,689595.0,-3766680.0,3577,33.245829734663175,48.73073978614268,16.848460197485924
2011-03-30,430,2011-03-30,44.695652173913,42.6086956521739,11.4347826086957,12.8695652173913,689598.913043478,-3766689.7826087,3577,37.11501583893975,46.370607037736164,15.335111675600654
2011-04-07,431,2011-04-07,42.9565217391304,47.8695652173913,8.1304347826087,13.2173913043478,689598.913043478,-3766689.7826087,3577,40.99047085016215,46.456859530493304,11.410126070434279
2011-04-15,432,2011-04-15,42.1304347826087,44.4347826086956,12.3478260869565,12.4347826086957,689598.913043478,-3766689.7826087,3577,44.75786178130335,45.16853684158889,9.010472064752543
2011-04-23,433,2011-04-23,42.7692307692308,48.3076923076923,7.76923076923077,13.5384615384615,689601.923076923,-3766660.38461538,3577,45.34209896812699,46.3851199278509,7.205398636226071
2011-05-09,434,2011-05-09,42.3478260869565,46.0434782608696,10.3913043478261,13.0869565217391,689598.913043478,-3766689.7826087,3577,43.493684858033866,47.41233160741859,7.983836392801357
2011-06-26,435,2011-06-26,41.3333333333333,49.3333333333333,8.33333333333333,15.3333333333333,689625.0,-3766635.0,3577,39.446413794461776,49.19289490894313,10.210671309733222
2011-07-28,436,2011-07-28,42.2173913043478,52.0,4.78260869565217,15.1739130434783,689598.913043478,-3766689.7826087,3577,36.51542758028695,50.3073188337745,11.978089690040765
2011-09-06,437,2011-09-06,31.0625,47.25,20.375,16.0625,689583.75,-3766702.5,3577,33.67451365770036,50.28678093354338,14.784332411297246
2011-09-14,438,2011-09-14,24.75,56.0,17.75,24.25,689602.5,-3766747.5,3577,30.51639380797046,52.05978837082665,16.190558637090135
2011-09-22,439,2011-09-22,30.695652173913,50.8260869565217,17.1739130434783,12.695652173913,689598.913043478,-3766689.7826087,3577,28.816389097346516,53.27876746232865,16.679715605193955
2011-11-01,440,2011-11-01,28.7826086956522,53.8695652173913,16.3913043478261,12.8695652173913,689598.913043478,-3766689.7826087,3577,26.798712105493216,55.92604388120523,16.02089415359015
2011-11-09,441,2011-11-09,28.2608695652174,54.6521739130435,15.7826086956522,13.0434782608696,689598.913043478,-3766689.7826087,3577,28.383412186964463,53.1556322729606,17.3187949567266
2011-12-03,442,2011-12-03,29.2857142857143,55.9285714285714,13.8571428571429,13.3571428571429,689597.142857143,-3766716.42857143,3577,30.644232171800887,54.24267657665966,14.015319053198139
2011-12-19,443,2011-12-19,32.1764705882353,59.8235294117647,6.76470588235294,18.5294117647059,689580.882352941,-3766689.70588235,3577,32.23655827990901,55.15908484394831,11.47506515283063
2011-12-28,444,2011-12-28,31.1739130434783,50.5652173913044,16.9565217391304,12.0869565217391,689598.913043478,-3766689.7826087,3577,30.78250848358978,56.34587280162165,11.640553275161734
2012-01-04,445,2012-01-04,30.7826086956522,51.7391304347826,16.304347826087,12.1739130434783,689598.913043478,-3766689.7826087,3577,29.382714604719766,57.31196684116022,11.963853901237794
2012-03-08,446,2012-03-08,39.1739130434783,50.9130434782609,8.73913043478261,13.5217391304348,689598.913043478,-3766689.7826087,3577,30.67539498368145,55.67937563268619,12.266157645202949
2012-05-11,447,2012-05-11,21.0,77.0,0.0,14.0,689565.0,-3766725.0,3577,32.13311430241422,53.54088440044502,12.932401773515343
2012-05-27,448,2012-05-27,30.5652173913043,41.9565217391304,26.3478260869565,16.1304347826087,689598.913043478,-3766689.7826087,3577,35.359720996061355,51.60594841326177,11.657165350543291
2012-06-12,449,2012-06-12,38.2,48.8,11.8,15.4,689595.0,-3766635.0,3577,38.1112202670886,49.692201307958015,10.914113561235677
2012-07-14,450,2012-07-14,47.2608695652174,41.1304347826087,10.3913043478261,13.9565217391304,689598.913043478,-3766689.7826087,3577,39.6479829546211,48.38450521946113,10.729798180407446
2012-07-30,451,2012-07-30,43.1304347826087,47.9130434782609,7.78260869565217,18.3478260869565,689598.913043478,-3766689.7826087,3577,38.5326617116841,46.98408160690405,13.318013928457477
2012-09-16,452,2012-09-16,34.0952380952381,52.1904761904762,12.5238095238095,12.952380952381,689597.857142857,-3766683.57142857,3577,36.332798264681394,48.12895831228673,14.420416125354063
2012-10-02,453,2012-10-02,31.7826086956522,53.5217391304348,13.695652173913,12.8695652173913,689598.913043478,-3766689.7826087,3577,32.482482250548486,50.930806170534765,15.45711442951755
2012-11-19,454,2012-11-19,19.7826086956522,52.0434782608696,26.8695652173913,11.9565217391304,689598.913043478,-3766689.7826087,3577,25.78406619628473,55.78784741976805,17.192124929852863
2012-12-21,455,2012-12-21,22.4782608695652,57.1739130434783,19.1739130434783,12.4347826086957,689598.913043478,-3766689.7826087,3577,21.92618441817199,55.566329529034945,21.336716543201433
2013-01-06,456,2013-01-06,21.9565217391304,57.5652173913044,19.3478260869565,12.1304347826087,689598.913043478,-3766689.7826087,3577,20.67235806325548,57.46853725086816,20.768508917381833
2013-01-22,457,2013-01-22,23.7391304347826,56.9565217391304,18.0869565217391,12.1739130434783,689598.913043478,-3766689.7826087,3577,20.308514610974868,57.22604115495979,21.36705157811313
2013-02-07,458,2013-02-07,19.0,55.0,25.0,11.0,689655.0,-3766635.0,3577,20.461880381920373,57.40531434284784,21.011338865286454
2013-02-23,459,2013-02-23,24.3478260869565,57.6521739130435,17.0,12.1739130434783,689598.913043478,-3766689.7826087,3577,21.783405070067083,57.235662647406556,19.881658387376234
2013-03-11,460,2013-03-11,24.5652173913043,57.9565217391304,16.4782608695652,12.3913043478261,689598.913043478,-3766689.7826087,3577,26.1488744004766,54.73393798652712,17.992401729375743
2013-04-20,461,2013-04-20,27.2608695652174,52.3913043478261,19.0,12.5217391304348,689598.913043478,-3766689.7826087,3577,30.879766044594575,51.826545803336586,16.107099657642404
2013-06-07,462,2013-06-07,32.3636363636364,47.0909090909091,19.0,19.3636363636364,689635.909090909,-3766689.54545455,3577,37.18247607334044,49.41290626063317,12.2040905655102
2013-06-15,463,2013-06-15,48.7391304347826,47.6086956521739,2.73913043478261,17.8260869565217,689598.913043478,-3766689.7826087,3577,42.90129385047918,46.7374186160812,9.12482173903494
2013-08-02,464,2013-08-02,50.9565217391304,43.4347826086956,4.43478260869565,15.6086956521739,689598.913043478,-3766689.7826087,3577,47.34601808328141,44.42069005529713,6.934098745512433
2013-08-10,465,2013-08-10,50.4347826086956,41.4347826086956,6.65217391304348,16.4782608695652,689598.913043478,-3766689.7826087,3577,48.364409608666264,43.77506818735253,6.571980718163605
2013-09-03,466,2013-09-03,42.304347826087,49.6086956521739,7.0,14.1304347826087,689598.913043478,-3766689.7826087,3577,47.04520933366642,45.15321265085025,6.550390785683927
2013-09-11,467,2013-09-11,42.7391304347826,45.0434782608696,10.8695652173913,13.0,689598.913043478,-3766689.7826087,3577,42.94965298531758,47.5262593107454,8.319421055454274
2013-09-27,468,2013-09-27,38.4782608695652,48.1304347826087,12.0,13.7391304347826,689598.913043478,-3766689.7826087,3577,37.85552084205442,49.396990813728614,11.501885918629396
2013-10-05,469,2013-10-05,33.8695652173913,52.6086956521739,12.3913043478261,12.9565217391304,689598.913043478,-3766689.7826087,3577,33.42170025424338,50.645853002824836,14.679024838398082
2013-11-06,470,2013-11-06,29.1304347826087,54.8260869565217,15.0434782608696,12.2173913043478,689598.913043478,-3766689.7826087,3577,30.996514538812928,52.627018652669065,15.185838815085758
2013-11-14,471,2013-11-14,29.9565217391304,52.1304347826087,16.6521739130435,12.0869565217391,689598.913043478,-3766689.7826087,3577,29.481242873630016,53.63392991033344,15.686355052319767
2013-11-30,472,2013-11-30,28.8695652173913,52.9565217391304,16.8260869565217,12.2173913043478,689598.913043478,-3766689.7826087,3577,28.322100753544976,54.19223220631646,16.216918331259897
2013-12-16,473,2013-12-16,27.695652173913,53.8260869565217,17.1304347826087,12.3478260869565,689598.913043478,-3766689.7826087,3577,26.994196521761147,55.60037814675249,16.167468169712652
2013-12-24,474,2013-12-24,26.7391304347826,57.2173913043478,14.9565217391304,12.6086956521739,689598.913043478,-3766689.7826087,3577,27.727258679996886,55.11908169074164,15.890980138241588
2014-01-09,475,2014-01-09,26.9230769230769,58.5384615384615,13.2307692307692,12.5384615384615,689601.923076923,-3766720.38461538,3577,26.128834570273742,55.54812144531691,17.086238626504443
2014-01-17,476,2014-01-17,28.0,53.5217391304348,17.2608695652174,11.8695652173913,689598.913043478,-3766689.7826087,3577,27.266193384633638,56.80152506062588,14.762844353355408
2014-01-18,477,2014-01-18,24.9230769230769,56.3076923076923,17.6153846153846,10.2307692307692,689601.923076923,-3766660.38461538,3577,27.18350926695933,57.25928285708485,14.448778216821243
2014-01-25,478,2014-01-25,28.2608695652174,56.7826086956522,14.0434782608696,12.4347826086957,689598.913043478,-3766689.7826087,3577,27.28126480982084,56.51614851542303,15.093337277669807
2014-02-02,479,2014-02-02,28.4782608695652,54.3478260869565,15.8695652173913,12.0,689598.913043478,-3766689.7826087,3577,28.41040837783686,54.26437301389896,16.12232906032949
2014-02-10,480,2014-02-10,25.6086956521739,57.9130434782609,15.3478260869565,12.304347826087,689598.913043478,-3766689.7826087,3577,28.355330950458058,52.648457830408425,17.717011484945303
2014-02-18,481,2014-02-18,38.9130434782609,50.6521739130435,9.08695652173913,14.2608695652174,689598.913043478,-3766689.7826087,3577,28.208486655558353,52.895648557094745,17.704157977931686
2014-02-26,482,2014-02-26,19.4166666666667,46.4166666666667,32.8333333333333,14.75,689597.5,-3766722.5,3577,29.779872911046173,51.54376441368177,17.395898879722637
2014-03-06,483,2014-03-06,36.695652173913,48.6521739130435,13.2608695652174,13.0434782608696,689598.913043478,-3766689.7826087,3577,32.94660666429591,49.12552466377958,16.638522535477897
2014-03-22,484,2014-03-22,36.8695652173913,49.304347826087,12.5652173913043,13.3478260869565,689598.913043478,-3766689.7826087,3577,38.182892218826744,47.32299615849861,13.177081499733974
2014-03-30,485,2014-03-30,36.3478260869565,53.5217391304348,9.26086956521739,13.6521739130435,689598.913043478,-3766689.7826087,3577,43.53850570167728,45.88272938753478,9.296245796648222
2014-04-15,486,2014-04-15,52.9130434782609,42.1304347826087,3.60869565217391,17.695652173913,689598.913043478,-3766689.7826087,3577,47.470660951640525,43.99252527657444,7.22211339609266
2014-07-12,487,2014-07-12,55.9565217391304,34.7826086956522,7.30434782608696,19.0869565217391,689598.913043478,-3766689.7826087,3577,50.17392551585501,43.93426841699844,4.633851745238855
2014-08-05,488,2014-08-05,51.5652173913044,46.0869565217391,1.56521739130435,18.0,689598.913043478,-3766689.7826087,3577,51.8579867657728,42.687214880505046,4.18680744929168
2014-08-13,489,2014-08-13,48.4347826086956,44.6521739130435,5.52173913043478,16.7826086956522,689598.913043478,-3766689.7826087,3577,48.663966434688746,42.817068952040344,7.287020625086571
2014-08-21,490,2014-08-21,39.5,44.5,15.0,14.0,689610.0,-3766735.0,3577,46.22372398095223,44.20036814712422,8.338362135911034
2014-08-29,491,2014-08-29,44.9565217391304,45.5652173913044,8.21739130434783,15.4347826086957,689598.913043478,-3766689.7826087,3577,43.16336219907281,46.24735225029609,9.419946292698178
2014-09-06,492,2014-09-06,43.5652173913044,50.695652173913,4.69565217391304,15.6521739130435,689598.913043478,-3766689.7826087,3577,41.448079780448126,48.72045490339356,8.750203484408813
2014-09-14,493,2014-09-14,38.4782608695652,45.5217391304348,14.6521739130435,12.3913043478261,689598.913043478,-3766689.7826087,3577,40.48548572005116,49.78581729803437,8.650087115123272
2014-09-22,494,2014-09-22,38.6086956521739,53.304347826087,7.08695652173913,14.2608695652174,689598.913043478,-3766689.7826087,3577,38.89271686632442,49.82840207489306,10.103059706093248
2014-09-30,495,2014-09-30,40.0869565217391,49.1304347826087,9.56521739130435,14.0,689598.913043478,-3766689.7826087,3577,36.91364994742388,51.01536799213702,10.923462918803157
2014-10-08,496,2014-10-08,38.5652173913044,52.7391304347826,7.78260869565217,13.6521739130435,689598.913043478,-3766689.7826087,3577,34.04668901836322,52.07159828124895,12.661715406727708
2014-10-16,497,2014-10-16,28.4347826086957,52.7391304347826,17.4782608695652,18.4782608695652,689598.913043478,-3766689.7826087,3577,34.08910078647654,50.49246210820648,14.18375766715629
2014-10-24,498,2014-10-24,25.8947368421053,50.9473684210526,21.7894736842105,8.73684210526316,689587.105263158,-3766691.84210526,3577,33.3377332403928,51.415721932061984,14.015371113335013
2014-11-01,499,2014-11-01,37.1304347826087,49.5652173913044,11.8695652173913,11.9565217391304,689598.913043478,-3766689.7826087,3577,32.59702140416988,52.970928863628046,13.232222685334738
2014-11-09,500,2014-11-09,34.6111111111111,55.7222222222222,8.72222222222222,12.6111111111111,689600.0,-3766705.0,3577,31.139157340337945,54.082956047485936,13.593012075539392
2014-11-25,501,2014-11-25,33.0,54.8260869565217,11.1304347826087,11.9130434782609,689598.913043478,-3766689.7826087,3577,29.998717099055504,56.08395308407577,12.797461715806119
2014-12-03,502,2014-12-03,33.0869565217391,54.1739130434783,11.6521739130435,12.6521739130435,689598.913043478,-3766689.7826087,3577,29.240462575694927,57.39612058452725,12.273526606267733
2014-12-11,503,2014-12-11,14.0,70.0,15.0,9.5,689640.0,-3766635.0,3577,28.779905789745555,58.399303339369425,11.77686228578006
2014-12-19,504,2014-12-19,34.5217391304348,50.7826086956522,13.3913043478261,11.0,689598.913043478,-3766689.7826087,3577,27.961873139242844,58.23699626574046,12.686524824485119
2014-12-27,505,2014-12-27,27.5555555555556,56.4444444444444,14.8888888888889,12.5555555555556,689601.666666667,-3766648.33333333,3577,28.61883191743341,56.984918329090874,13.243381625555486
2015-01-04,506,2015-01-04,33.3478260869565,55.1739130434783,10.2608695652174,13.0869565217391,689598.913043478,-3766689.7826087,3577,32.32274587409388,54.18552716034746,12.229037425831951
2015-01-28,507,2015-01-28,36.1739130434783,53.6521739130435,8.95652173913044,13.7826086956522,689598.913043478,-3766689.7826087,3577,35.185415405695544,52.66532074735625,10.881968101444212
2015-02-05,508,2015-02-05,37.5217391304348,49.9130434782609,11.2608695652174,13.5217391304348,689598.913043478,-3766689.7826087,3577,36.94687004862791,50.86322872322922,10.904657224887128
2015-02-21,509,2015-02-21,36.5652173913044,50.9130434782609,11.1739130434783,13.1739130434783,689598.913043478,-3766689.7826087,3577,36.91813277133767,49.70109797770924,12.062872202054677
2015-03-09,510,2015-03-09,38.2608695652174,49.3913043478261,11.0869565217391,12.304347826087,689598.913043478,-3766689.7826087,3577,37.767481901141636,52.53766738487991,8.435659059833313
2015-03-25,511,2015-03-25,38.0869565217391,49.7826086956522,10.695652173913,12.9130434782609,689598.913043478,-3766689.7826087,3577,39.171881677192836,51.09702803738924,8.467087559393452
2015-04-02,512,2015-04-02,34.2608695652174,54.8260869565217,10.0,13.1739130434783,689598.913043478,-3766689.7826087,3577,38.01506594540084,50.38300730990783,10.367509638473205
2015-04-10,513,2015-04-10,40.304347826087,47.8260869565217,10.5652173913043,13.9565217391304,689598.913043478,-3766689.7826087,3577,37.71161760570271,49.276878458725974,11.880332959541022
2015-04-18,514,2015-04-18,44.304347826087,50.1739130434783,4.39130434782609,16.9130434782609,689598.913043478,-3766689.7826087,3577,38.998899539006814,46.75408129358162,13.134940540679583
2015-05-04,515,2015-05-04,43.2608695652174,46.4347826086956,9.34782608695652,12.5217391304348,689598.913043478,-3766689.7826087,3577,40.420199264990664,44.402293224335295,14.08299611950633
2015-06-05,516,2015-06-05,27.0714285714286,32.0,39.5714285714286,14.3571428571429,689605.714285714,-3766716.42857143,3577,42.758473388228765,42.629427108085416,13.512355594329621
2015-06-21,517,2015-06-21,49.7391304347826,46.7391304347826,2.65217391304348,18.1304347826087,689598.913043478,-3766689.7826087,3577,45.142932985704554,42.4210281574601,11.326093243139614
2015-07-07,518,2015-07-07,50.1,45.0,3.85,15.35,689595.0,-3766698.0,3577,46.15224905663037,43.499371674220484,9.208193818563966
2015-07-15,519,2015-07-15,49.7391304347826,43.7391304347826,5.0,17.9565217391304,689598.913043478,-3766689.7826087,3577,45.96246558663424,46.06991406761885,6.846940951092578
2015-07-23,520,2015-07-23,42.3478260869565,52.0434782608696,4.73913043478261,16.5217391304348,689598.913043478,-3766689.7826087,3577,45.22805159572554,47.983117568922765,5.590606862513414
2015-08-08,521,2015-08-08,43.9130434782609,49.6521739130435,5.17391304347826,16.3478260869565,689598.913043478,-3766689.7826087,3577,42.627553359273996,51.45788993614312,4.772764151986749
2015-09-25,522,2015-09-25,34.7391304347826,53.6086956521739,10.4782608695652,14.0,689598.913043478,-3766689.7826087,3577,38.110061899327974,53.137265883926396,7.580004159253249
2015-10-03,523,2015-10-03,33.3478260869565,50.8260869565217,14.6086956521739,13.0869565217391,689598.913043478,-3766689.7826087,3577,32.49326840776287,53.017916353702645,13.23025252442876
2015-10-11,524,2015-10-11,32.3478260869565,55.4347826086956,11.0,12.9565217391304,689598.913043478,-3766689.7826087,3577,30.727380896690697,54.7902206514941,13.291118273970625
2015-10-27,525,2015-10-27,28.1739130434783,55.7391304347826,14.8695652173913,12.6521739130435,689598.913043478,-3766689.7826087,3577,30.583557190601923,54.974979202426766,13.193271360485685
2015-11-12,526,2015-11-12,29.0434782608696,56.8260869565217,12.9565217391304,13.0,689598.913043478,-3766689.7826087,3577,30.1677128474781,54.32125436921831,14.209092109261587
2015-11-20,527,2015-11-20,31.2173913043478,49.8695652173913,17.2173913043478,11.5652173913043,689598.913043478,-3766689.7826087,3577,29.240144092057086,54.0438295874706,15.466399279140926
2015-11-21,528,2015-11-21,30.5384615384615,54.5384615384615,14.0,12.3846153846154,689601.923076923,-3766720.38461538,3577,29.263424168369976,52.5995255081359,16.85913130314042
2015-11-28,529,2015-11-28,29.695652173913,52.5652173913044,16.5652173913043,11.7391304347826,689598.913043478,-3766689.7826087,3577,28.753840064277156,51.56661875146355,18.39917959950664
2015-12-06,530,2015-12-06,29.4782608695652,49.6086956521739,19.304347826087,11.5652173913043,689598.913043478,-3766689.7826087,3577,28.278037910758073,50.83194426150453,19.59297191736494
2015-12-14,531,2015-12-14,20.625,50.0,28.375,8.875,689591.25,-3766708.125,3577,28.206640679330512,51.0931264509253,19.429044311789763
2015-12-22,532,2015-12-22,31.1739130434783,52.0434782608696,15.4347826086957,12.2608695652174,689598.913043478,-3766689.7826087,3577,28.06599318627255,51.346884693469654,19.357661562085585
2016-01-07,533,2016-01-07,30.8260869565217,52.0434782608696,15.8260869565217,12.0869565217391,689598.913043478,-3766689.7826087,3577,28.36086503243375,52.10083323491018,18.34626139104934
2016-01-08,534,2016-01-08,28.5217391304348,54.2608695652174,16.0869565217391,11.304347826087,689598.913043478,-3766689.7826087,3577,29.231291541271712,52.535263548531375,17.038472187051212
2016-01-15,535,2016-01-15,28.25,53.875,16.8125,11.75,689610.0,-3766678.125,3577,29.05608984163875,54.52692423002215,15.363821507941909
2016-02-08,536,2016-02-08,31.304347826087,52.3913043478261,15.304347826087,12.4782608695652,689598.913043478,-3766689.7826087,3577,28.80222222587858,54.869375660675175,15.1887766544242
2016-02-09,537,2016-02-09,28.1739130434783,55.0869565217391,15.5217391304348,12.0,689598.913043478,-3766689.7826087,3577,29.034004896700786,54.7479975939983,15.018459834684549
2016-03-03,538,2016-03-03,29.695652173913,56.1304347826087,12.9565217391304,12.304347826087,689598.913043478,-3766689.7826087,3577,29.956938858014603,54.018357349332575,14.842089437347358
2016-04-04,539,2016-04-04,32.695652173913,52.8695652173913,13.1739130434783,13.2173913043478,689598.913043478,-3766689.7826087,3577,34.53638853406139,52.09513204125214,12.132374158133656
2016-05-14,540,2016-05-14,35.7391304347826,49.9130434782609,13.0,13.8695652173913,689598.913043478,-3766689.7826087,3577,39.46496695523564,49.75669408693574,9.529847073378216
2016-06-15,541,2016-06-15,46.7391304347826,44.2173913043478,7.52173913043478,17.0869565217391,689598.913043478,-3766689.7826087,3577,43.80382633922159,47.07527620875098,7.822679086108083
2016-06-23,542,2016-06-23,49.5,47.5909090909091,2.18181818181818,16.9545454545455,689599.090909091,-3766686.81818182,3577,47.221180320547326,44.49604164389382,6.937597735998082
2016-07-01,543,2016-07-01,50.6521739130435,41.2173913043478,6.60869565217391,17.695652173913,689598.913043478,-3766689.7826087,3577,48.638382279982224,43.295571931335616,6.732351020043209
2016-07-17,544,2016-07-17,48.3478260869565,42.7826086956522,7.43478260869565,17.3478260869565,689598.913043478,-3766689.7826087,3577,48.06509925663872,44.20633189360426,6.400632642971281
2016-08-18,545,2016-08-18,41.8695652173913,46.6521739130435,10.0,15.4782608695652,689598.913043478,-3766689.7826087,3577,45.34540644440357,45.45712734504748,7.844331209361409
2016-10-05,546,2016-10-05,39.8695652173913,46.0434782608696,12.6086956521739,14.2608695652174,689598.913043478,-3766689.7826087,3577,41.155944620725116,47.015120718552936,10.46943451621582
2016-10-13,547,2016-10-13,38.1304347826087,51.1304347826087,9.69565217391304,13.695652173913,689598.913043478,-3766689.7826087,3577,36.66251187229237,48.500215325117246,13.46790902595654
2016-10-29,548,2016-10-29,34.6086956521739,51.6086956521739,12.5652173913043,13.304347826087,689598.913043478,-3766689.7826087,3577,33.665407818720865,49.889475613892735,15.073237605036395
2016-11-06,549,2016-11-06,33.0434782608696,49.1739130434783,16.2608695652174,12.6086956521739,689598.913043478,-3766689.7826087,3577,31.03300287005571,51.905269652939936,15.834722552986436
2016-12-08,550,2016-12-08,25.8695652173913,49.5652173913044,23.1739130434783,10.0,689598.913043478,-3766689.7826087,3577,29.573549885296714,52.69316828681367,16.46948525293279
2016-12-16,551,2016-12-16,29.2,55.55,14.15,12.7,689595.0,-3766680.0,3577,29.005530019847942,53.29241005998186,16.418661087194117
2016-12-24,552,2016-12-24,29.7391304347826,54.2173913043478,14.7391304347826,12.4347826086957,689598.913043478,-3766689.7826087,3577,29.0282515035063,53.67927028550133,15.992292160657001
2017-01-17,553,2017-01-17,30.7826086956522,55.1304347826087,12.9130434782609,13.5652173913043,689598.913043478,-3766689.7826087,3577,30.65911044131075,52.8127306802689,15.255845782966954
2017-01-25,554,2017-01-25,31.6521739130435,52.3913043478261,14.7826086956522,13.6086956521739,689598.913043478,-3766689.7826087,3577,32.515381414918906,52.5843196714366,13.69167889587662
2017-02-10,555,2017-02-10,35.1739130434783,49.9130434782609,13.3913043478261,13.695652173913,689598.913043478,-3766689.7826087,3577,33.92487435837313,52.31832842752105,12.613421038510017
2017-02-26,556,2017-02-26,35.1304347826087,50.0434782608696,13.8260869565217,13.695652173913,689598.913043478,-3766689.7826087,3577,35.06974397253859,51.151069706971356,12.62809006849739
2017-03-06,557,2017-03-06,35.6,51.0,12.4,13.0,689595.0,-3766635.0,3577,35.04399071112776,50.27698294436004,13.523521598872922
2017-03-14,558,2017-03-14,35.6086956521739,51.1739130434783,12.1304347826087,13.5652173913043,689598.913043478,-3766689.7826087,3577,35.21808646326898,51.07443966047997,12.601840076733858
2017-04-07,559,2017-04-07,33.1,54.5,11.25,14.65,689595.0,-3766680.0,3577,35.49603745291734,51.206435844401014,12.170544323086567
2017-04-15,560,2017-04-15,36.304347826087,49.7826086956522,12.8260869565217,13.6086956521739,689598.913043478,-3766689.7826087,3577,35.84233953218141,51.88826785173937,11.19036817772179
2017-05-01,561,2017-05-01,37.0434782608696,48.9565217391304,12.6086956521739,14.4782608695652,689598.913043478,-3766689.7826087,3577,36.158485410128975,51.746900730168,10.998022538773348
2017-05-09,562,2017-05-09,36.1304347826087,53.7826086956522,9.1304347826087,15.3478260869565,689598.913043478,-3766689.7826087,3577,37.36392698009257,51.01946699828656,10.44263065955645
2017-05-25,563,2017-05-25,38.304347826087,52.695652173913,8.04347826086956,16.0,689598.913043478,-3766689.7826087,3577,37.01201366185033,51.37840652458759,10.488135483458514
2017-06-02,564,2017-06-02,38.9565217391304,48.5217391304348,11.304347826087,16.0434782608696,689598.913043478,-3766689.7826087,3577,37.554937494894574,51.02410792664217,10.295537545021048
2017-06-10,565,2017-06-10,36.4347826086956,53.0,9.56521739130435,16.0,689598.913043478,-3766689.7826087,3577,37.669019509082304,51.796675253736545,9.483086790502613
2017-06-18,566,2017-06-18,37.6521739130435,49.7826086956522,11.2173913043478,16.0869565217391,689598.913043478,-3766689.7826087,3577,37.83165680501389,51.83153109960374,9.29704975658771
2017-06-19,567,2017-06-19,38.625,53.3125,7.1875,16.125,689617.5,-3766689.375,3577,39.47641371192775,51.58367830044155,7.970418752683093
2017-06-26,568,2017-06-26,37.3913043478261,53.5217391304348,8.30434782608696,15.9565217391304,689598.913043478,-3766689.7826087,3577,40.60783471291911,51.67487714411732,6.741790030353657
2017-07-05,569,2017-07-05,46.4736842105263,48.2631578947368,4.21052631578947,15.4736842105263,689612.368421053,-3766691.84210526,3577,40.9873161150349,51.89967175430725,6.164138939755975
2017-07-12,570,2017-07-12,38.3913043478261,54.8260869565217,6.0,16.695652173913,689598.913043478,-3766689.7826087,3577,40.933599934772516,51.42617738295134,6.6407893706756
2017-07-20,571,2017-07-20,42.2173913043478,47.3913043478261,9.04347826086956,17.0434782608696,689598.913043478,-3766689.7826087,3577,39.58156970062332,50.77834792213447,8.57763209026842
2017-08-13,572,2017-08-13,37.4347826086956,54.8695652173913,6.78260869565217,15.8260869565217,689598.913043478,-3766689.7826087,3577,36.63855371368318,51.68356807500595,10.571173469136202
2017-09-22,573,2017-09-22,30.2608695652174,49.304347826087,18.9565217391304,12.8260869565217,689598.913043478,-3766689.7826087,3577,34.02007353661101,50.96925823158848,13.793966983462322
2017-09-30,574,2017-09-30,31.6842105263158,50.8947368421053,16.3157894736842,11.7368421052632,689596.578947368,-3766701.31578947,3577,31.381950452253612,51.92039409277878,15.486894550583854
2017-10-16,575,2017-10-16,29.4444444444444,53.9444444444444,15.4444444444444,12.7222222222222,689600.0,-3766675.0,3577,28.444071262391,52.579936579315046,17.733240289729437
2017-11-01,576,2017-11-01,27.1304347826087,54.304347826087,17.4347826086957,12.0869565217391,689598.913043478,-3766689.7826087,3577,28.241118228141374,53.51331579982014,16.989422947490134
2017-11-25,577,2017-11-25,27.9130434782609,53.0434782608696,17.6086956521739,12.1739130434783,689598.913043478,-3766689.7826087,3577,27.125484352508447,54.34390535518038,17.295113899907776
2017-12-11,578,2017-12-11,28.2173913043478,50.9130434782609,19.5217391304348,12.5217391304348,689598.913043478,-3766689.7826087,3577,26.824044418154166,53.573085153081024,18.286344667409914
2017-12-19,579,2017-12-19,23.3,60.1,15.4,14.85,689595.0,-3766680.0,3577,25.608311293829715,53.795599498001835,19.26525552723681
2017-12-27,580,2017-12-27,25.4347826086957,50.8695652173913,22.2608695652174,11.7826086956522,689598.913043478,-3766689.7826087,3577,24.185481892051392,53.470098166780254,20.97693396641373
2018-01-04,581,2018-01-04,27.8,53.0,18.0,12.2,689595.0,-3766635.0,3577,24.389999457888727,52.93076061293969,21.352638742135987
2018-01-20,582,2018-01-20,18.75,48.875,30.875,10.125,689606.25,-3766646.25,3577,23.52001239289219,53.13931922797394,22.0046097173908
2018-01-28,583,2018-01-28,24.6666666666667,55.3333333333333,18.6666666666667,13.0,689645.0,-3766745.0,3577,25.684317966619975,52.212461980138244,20.850216483458105
2018-02-05,584,2018-02-05,26.6521739130435,55.1304347826087,17.1304347826087,12.1739130434783,689598.913043478,-3766689.7826087,3577,26.424773669365244,51.973184122819646,20.328593764557898
2018-02-13,585,2018-02-13,28.6521739130435,52.2173913043478,17.9130434782609,12.2173913043478,689598.913043478,-3766689.7826087,3577,26.457711154846816,52.95156152419797,19.3391324455268
2018-03-01,586,2018-03-01,28.0434782608696,50.6521739130435,19.9130434782609,12.0,689598.913043478,-3766689.7826087,3577,25.96683805343401,55.0243896428193,17.76385494935844
2018-03-09,587,2018-03-09,25.2,56.4,17.2,12.0,689595.0,-3766743.0,3577,26.015756041415123,55.487654983093584,17.22882189937055
2018-05-12,588,2018-05-12,30.5555555555556,54.3888888888889,13.9444444444444,12.8888888888889,689600.0,-3766705.0,3577,26.07703561600065,55.553126133815105,17.086829862974838
2018-05-20,589,2018-05-20,13.5555555555556,62.2222222222222,22.5555555555556,23.5555555555556,689601.666666667,-3766678.33333333,3577,26.914804038967148,57.02798223858416,14.763103743145948
2018-05-28,590,2018-05-28,32.9,54.9,11.15,14.95,689595.0,-3766680.0,3577,28.47126426989376,56.43133875590968,13.831935814441472
2018-06-05,591,2018-06-05,31.8260869565217,51.2608695652174,15.5652173913043,14.2173913043478,689598.913043478,-3766689.7826087,3577,28.874045581513684,53.83028824123727,16.058164284151232
2018-06-21,592,2018-06-21,31.4347826086957,51.3913043478261,15.9565217391304,14.695652173913,689598.913043478,-3766689.7826087,3577,29.937563951688247,50.217302026124784,18.532569691339955
2018-07-07,593,2018-07-07,31.5217391304348,49.1739130434783,18.0,14.4347826086957,689598.913043478,-3766689.7826087,3577,29.82443203193365,46.46070006629281,22.33080140010415
2018-07-15,594,2018-07-15,28.5217391304348,46.2173913043478,23.9565217391304,11.6086956521739,689598.913043478,-3766689.7826087,3577,28.451458395625643,43.50708154261146,26.623270326086356
2018-07-31,595,2018-07-31,18.6666666666667,30.6666666666667,49.0,17.6666666666667,689565.0,-3766635.0,3577,26.54113144366071,42.12159458293512,29.912826969598434
2018-08-16,596,2018-08-16,25.8125,48.5,24.125,10.25,689621.25,-3766696.875,3577,22.779458805599106,43.09630569587219,32.66144117011081
2018-08-24,597,2018-08-24,27.5652173913043,45.4347826086956,25.5652173913043,11.6086956521739,689598.913043478,-3766689.7826087,3577,22.451751868919686,44.52910622948748,31.625791915406168
2018-09-01,598,2018-09-01,18.3181818181818,44.9545454545455,35.6363636363636,12.4545454545455,689596.363636364,-3766692.27272727,3577,22.373126209926404,45.248096537710296,31.005785097882644
2018-09-09,599,2018-09-09,22.0869565217391,48.6521739130435,27.9565217391304,12.1304347826087,689598.913043478,-3766689.7826087,3577,22.548277415657232,47.660995809821884,28.48149066543841
2018-09-17,600,2018-09-17,22.3913043478261,52.3478260869565,24.0,12.2608695652174,689598.913043478,-3766689.7826087,3577,22.402713652336303,49.937083865966876,26.392885478484317
2018-09-25,601,2018-09-25,22.6521739130435,48.4782608695652,27.4782608695652,11.7391304347826,689598.913043478,-3766689.7826087,3577,21.72404760356978,52.16257945319563,24.91389005751111
2018-10-11,602,2018-10-11,22.6521739130435,50.0434782608696,26.0434782608696,11.5652173913043,689598.913043478,-3766689.7826087,3577,20.626132011746122,52.003918345746655,26.136590358083268
2018-11-04,603,2018-11-04,20.7857142857143,50.8571428571429,27.1428571428571,10.9285714285714,689597.142857143,-3766716.42857143,3577,21.10767376552329,52.62783030671598,24.994764641062556
2018-12-14,604,2018-12-14,16.8333333333333,61.1666666666667,20.8333333333333,16.1111111111111,689583.333333333,-3766688.33333333,3577,20.427307459441977,52.19363052704581,26.083944267242288
2018-12-22,605,2018-12-22,20.1304347826087,50.3913043478261,28.2173913043478,10.1304347826087,689598.913043478,-3766689.7826087,3577,19.556453507453398,51.593757164889595,27.562168817851873
2018-12-30,606,2018-12-30,21.6086956521739,49.8695652173913,27.1739130434783,9.95652173913044,689598.913043478,-3766689.7826087,3577,19.248811795282172,51.648484575048414,27.77036185647293
2019-01-15,607,2019-01-15,19.5652173913043,44.4782608695652,34.304347826087,9.08695652173913,689598.913043478,-3766689.7826087,3577,19.172230257736857,51.199447835326566,28.227460933641943
2019-01-23,608,2019-01-23,17.9565217391304,52.2173913043478,28.5217391304348,10.7826086956522,689598.913043478,-3766689.7826087,3577,19.21831846306587,50.37945995315009,28.9742552171167
2019-01-31,609,2019-01-31,18.5217391304348,56.5652173913044,23.5652173913043,13.3913043478261,689598.913043478,-3766689.7826087,3577,20.030231378525578,50.24875830858388,28.286134715999943
2019-02-16,610,2019-02-16,22.8260869565217,49.0869565217391,26.6521739130435,11.1739130434783,689598.913043478,-3766689.7826087,3577,20.060298845495726,50.86132996988341,27.636108014115734
2019-02-24,611,2019-02-24,17.25,50.5,30.75,10.75,689602.5,-3766747.5,3577,20.474042615074676,51.474439142758264,26.628748657449748
2019-03-20,612,2019-03-20,22.8695652173913,48.8260869565217,26.9130434782609,11.0869565217391,689598.913043478,-3766689.7826087,3577,20.673294836806342,50.47270101011438,27.456284293169396
2019-03-28,613,2019-03-28,21.6086956521739,52.0434782608696,25.0869565217391,11.7391304347826,689598.913043478,-3766689.7826087,3577,21.284008073629998,50.232357518298656,27.125341343267024
2019-04-05,614,2019-04-05,22.4782608695652,49.0869565217391,26.8695652173913,11.4347826086957,689598.913043478,-3766689.7826087,3577,20.95162736588835,49.17068516332641,28.49181997715267
2019-04-29,615,2019-04-29,19.2608695652174,49.0,30.4782608695652,15.1304347826087,689598.913043478,-3766689.7826087,3577,21.83391907543094,49.7713889510651,27.06258286576108
2019-05-07,616,2019-05-07,24.4782608695652,49.1739130434783,25.1739130434783,12.304347826087,689598.913043478,-3766689.7826087,3577,23.582992688911602,50.39716974680323,24.721838212078534
2019-05-15,617,2019-05-15,22.1818181818182,54.3636363636364,22.1818181818182,12.0,689595.0,-3766725.0,3577,25.634382014107814,50.35870358735542,22.79306804136675
2019-05-23,618,2019-05-23,30.7826086956522,50.0,17.9130434782609,13.7391304347826,689598.913043478,-3766689.7826087,3577,27.427154993380917,52.183450271852166,19.172970312356703
2019-06-08,619,2019-06-08,29.3913043478261,48.8260869565217,20.4782608695652,13.1739130434783,689598.913043478,-3766689.7826087,3577,30.252924196480862,52.23270833530442,16.302883743598894
2019-06-16,620,2019-06-16,35.875,54.1875,9.0,16.0,689598.75,-3766668.75,3577,32.69598408266561,51.88271500934931,14.230555296217219
2019-07-02,621,2019-07-02,29.6666666666667,51.7777777777778,17.3333333333333,13.6666666666667,689598.333333333,-3766731.66666667,3577,33.30791190793724,50.085960463266524,15.379305757281656
2019-07-18,622,2019-07-18,32.3913043478261,51.4347826086956,14.9130434782609,14.304347826087,689598.913043478,-3766689.7826087,3577,33.649467170326346,48.73910760795883,16.431875837176925
2019-08-11,623,2019-08-11,34.304347826087,46.0869565217391,18.0434782608696,13.2608695652174,689598.913043478,-3766689.7826087,3577,31.933581376889983,46.947050355636335,19.89712024413572
2019-08-19,624,2019-08-19,30.0,38.0,31.0,9.0,689595.0,-3766755.0,3577,28.661703795146146,45.584239627231526,24.40839606393152
2019-08-27,625,2019-08-27,25.7391304347826,48.2608695652174,24.6521739130435,12.2608695652174,689598.913043478,-3766689.7826087,3577,25.595495516056374,44.16521392805393,28.75273804133248
2019-09-12,626,2019-09-12,20.6086956521739,45.3478260869565,32.4347826086956,11.1739130434783,689598.913043478,-3766689.7826087,3577,22.11666385841584,44.067293062743445,32.245476289757384
2019-09-28,627,2019-09-28,22.1304347826087,46.0869565217391,30.1304347826087,11.0869565217391,689598.913043478,-3766689.7826087,3577,19.87838699752859,44.789230910682335,33.73149859069399
2019-10-06,628,2019-10-06,11.0,42.0,45.0,5.0,689595.0,-3766665.0,3577,17.70438943207557,45.62598724019497,35.02826759994092
2019-10-14,629,2019-10-14,21.3913043478261,47.4347826086956,29.6521739130435,11.0434782608696,689598.913043478,-3766689.7826087,3577,17.618083356941945,45.72892190592407,34.98803780685073
2019-10-22,630,2019-10-22,18.3913043478261,46.8695652173913,33.304347826087,9.65217391304348,689598.913043478,-3766689.7826087,3577,18.225350097470134,45.39806296811944,34.738778384082124
2019-10-30,631,2019-10-30,19.5652173913043,44.5217391304348,34.4347826086956,10.0434782608696,689598.913043478,-3766689.7826087,3577,18.449311759714163,44.31689833923657,35.69317369936031
2019-11-15,632,2019-11-15,18.9565217391304,43.304347826087,36.0869565217391,9.8695652173913,689598.913043478,-3766689.7826087,3577,18.778017916930153,45.920527536350534,33.783278909805006
2019-11-23,633,2019-11-23,18.1739130434783,46.8260869565217,33.4782608695652,9.21739130434783,689598.913043478,-3766689.7826087,3577,18.187000104482898,46.60807909279417,33.68068248886157
2019-12-17,634,2019-12-17,17.5652173913043,45.2608695652174,35.6086956521739,10.0869565217391,689598.913043478,-3766689.7826087,3577,18.371763651610127,46.5149710970075,33.59129738211209
2019-12-25,635,2019-12-25,15.9565217391304,50.1739130434783,32.4347826086956,10.304347826087,689598.913043478,-3766689.7826087,3577,17.345646949628723,46.264640147390026,34.85350361039701
2020-01-02,636,2020-01-02,18.3913043478261,46.7826086956522,33.2173913043478,9.91304347826087,689598.913043478,-3766689.7826087,3577,17.66271754897146,47.640612718812655,33.23665148957422
2020-01-26,637,2020-01-26,19.2173913043478,49.5652173913044,29.8695652173913,10.3913043478261,689598.913043478,-3766689.7826087,3577,17.29695052557897,48.69560581428884,32.61407454437656
2020-02-11,638,2020-02-11,18.0,42.6666666666667,38.0,9.66666666666667,689625.0,-3766755.0,3577,19.09334426510072,47.0613694646469,32.44055473399446
2020-03-14,639,2020-03-14,21.9565217391304,48.1739130434783,28.5652173913043,10.9130434782609,689598.913043478,-3766689.7826087,3577,20.81915918244857,47.15390682139879,30.645744893142364
2020-03-22,640,2020-03-22,17.9130434782609,52.7391304347826,27.9565217391304,13.4347826086957,689598.913043478,-3766689.7826087,3577,22.040274505407844,47.94792685440106,28.68599784250855
2020-03-30,641,2020-03-30,24.0,48.6521739130435,26.0,11.0869565217391,689598.913043478,-3766689.7826087,3577,23.620573597888683,49.557054255021015,25.5654138901846
2020-05-09,642,2020-05-09,28.4782608695652,45.0869565217391,25.0869565217391,12.2173913043478,689598.913043478,-3766689.7826087,3577,24.449352236130117,51.258177412833916,23.045100141475743
2020-05-17,643,2020-05-17,28.4347826086957,50.1739130434783,20.1739130434783,13.0,689598.913043478,-3766689.7826087,3577,25.423568116799682,51.442699919903774,21.84689917272893
2020-06-02,644,2020-06-02,20.7,63.05,15.35,10.9,689595.0,-3766698.0,3577,27.065997636275917,52.70077670078535,18.98822501242033
2020-06-10,645,2020-06-10,27.7391304347826,48.0434782608696,22.8260869565217,13.1304347826087,689598.913043478,-3766689.7826087,3577,28.12755980176235,51.92639926244861,18.736943232122083
2020-06-18,646,2020-06-18,30.4545454545455,51.5454545454545,16.6363636363636,13.4545454545455,689595.0,-3766725.0,3577,28.524281271899984,51.22651860797673,19.03201693129087
2020-06-26,647,2020-06-26,28.0434782608696,47.1739130434783,23.3478260869565,13.0869565217391,689598.913043478,-3766689.7826087,3577,28.461983488184917,51.27671370772884,19.009879946773662
2020-07-04,648,2020-07-04,33.5217391304348,52.1739130434783,13.304347826087,15.0,689598.913043478,-3766689.7826087,3577,30.661090576717633,50.15351464799132,17.895146448322958
2020-07-20,649,2020-07-20,31.7826086956522,52.9130434782609,14.1739130434783,15.0434782608696,689598.913043478,-3766689.7826087,3577,32.90674809471539,50.41298994755029,15.402847370446853
2020-07-28,650,2020-07-28,27.0869565217391,44.9130434782609,26.4782608695652,12.6086956521739,689598.913043478,-3766689.7826087,3577,32.45066442508414,51.067784819829974,15.178909527675618
2020-08-13,651,2020-08-13,32.1739130434783,54.0869565217391,12.2608695652174,18.304347826087,689598.913043478,-3766689.7826087,3577,30.448607187665772,51.87680712296307,16.314561924365673
2020-08-21,652,2020-08-21,35.2173913043478,54.0,9.43478260869565,14.9130434782609,689598.913043478,-3766689.7826087,3577,28.80606430855024,48.958240574870786,20.70327491864403
2020-08-29,653,2020-08-29,28.9130434782609,46.1739130434783,23.3913043478261,12.8260869565217,689598.913043478,-3766689.7826087,3577,26.851424628671932,46.7593692079825,24.75910526409551
2020-09-14,654,2020-09-14,19.0,46.6666666666667,32.6666666666667,14.3333333333333,689645.0,-3766645.0,3577,26.20437484173801,45.377947757803696,26.710524590046777
2020-10-07,655,2020-10-07,21.0,37.0,40.0,18.0,689535.0,-3766695.0,3577,25.816724667171748,44.47190324817876,28.07020305041154
2020-11-01,656,2020-11-01,29.2173913043478,44.1739130434783,25.0869565217391,11.6521739130435,689598.913043478,-3766689.7826087,3577,24.790209790206085,44.48941071042978,29.18407733066066
2020-11-17,657,2020-11-17,25.7826086956522,45.0869565217391,27.7391304347826,10.9565217391304,689598.913043478,-3766689.7826087,3577,23.722144676612682,43.690382250633334,31.119227714789282
2020-11-24,658,2020-11-24,27.6,50.4,20.8,11.6,689595.0,-3766635.0,3577,24.307249253843665,44.99058592400432,29.35176298689739
2020-12-03,659,2020-12-03,24.9565217391304,46.4782608695652,27.2173913043478,11.0434782608696,689598.913043478,-3766689.7826087,3577,25.022041327793605,45.333541025375965,28.365361716155277
2020-12-10,660,2020-12-10,17.0,40.4347826086956,41.4782608695652,8.39130434782609,689598.913043478,-3766689.7826087,3577,23.96750663316879,44.96706614741291,29.784291882219648
2020-12-19,661,2020-12-19,25.1304347826087,46.695652173913,26.7391304347826,10.9130434782609,689598.913043478,-3766689.7826087,3577,24.250554115988173,45.5873248643664,28.889693690547748
2021-01-04,662,2021-01-04,25.9230769230769,41.3846153846154,31.1538461538462,9.15384615384615,689595.0,-3766697.30769231,3577,24.280144340781447,45.343064930755006,28.991337105480028
2021-01-11,663,2021-01-11,26.4347826086957,48.5217391304348,23.7391304347826,10.8695652173913,689598.913043478,-3766689.7826087,3577,25.057363614202863,46.27829081052138,27.25616076768945
2021-01-20,664,2021-01-20,24.8695652173913,47.1304347826087,26.5652173913043,10.7826086956522,689598.913043478,-3766689.7826087,3577,25.04505156434461,46.96424958496489,26.59419093905685
2021-01-27,665,2021-01-27,26.3913043478261,51.4782608695652,20.9565217391304,11.5652173913043,689598.913043478,-3766689.7826087,3577,25.283259060794197,47.06961054879888,26.288015519479735
2021-02-05,666,2021-02-05,27.2608695652174,48.2173913043478,23.2173913043478,11.3913043478261,689598.913043478,-3766689.7826087,3577,24.663853169513366,48.81108374627841,25.265322115883155
2021-02-21,667,2021-02-21,15.2608695652174,43.6521739130435,39.5217391304348,5.52173913043478,689598.913043478,-3766689.7826087,3577,24.332142854725618,48.23154364005761,26.21771083977737
2021-02-28,668,2021-02-28,29.125,46.5,23.5,9.5,689606.25,-3766646.25,3577,26.54170691671643,48.32033514337947,23.97161566391251
2021-03-09,669,2021-03-09,26.6521739130435,48.8260869565217,23.3478260869565,11.3913043478261,689598.913043478,-3766689.7826087,3577,25.403601900182448,47.05232676193745,26.353043263996376
2021-03-16,670,2021-03-16,27.304347826087,50.6521739130435,20.8260869565217,12.1304347826087,689598.913043478,-3766689.7826087,3577,24.788939780994248,47.0262273957856,26.99120025664243
2021-04-01,671,2021-04-01,26.6521739130435,51.5652173913044,20.5652173913043,12.1304347826087,689598.913043478,-3766689.7826087,3577,24.51728627073195,46.47970124503959,27.72308368707198
2021-04-26,672,2021-04-26,25.95,34.25,38.2,9.3,689598.0,-3766681.5,3577,24.128289361059373,45.38089595825493,29.074169035518818
2021-05-03,673,2021-05-03,19.4666666666667,50.2666666666667,29.1333333333333,17.7333333333333,689595.0,-3766713.0,3577,25.897639793976957,46.93472487643642,25.703603773065723
2021-06-13,674,2021-06-13,19.8571428571429,44.5714285714286,33.7142857142857,21.7142857142857,689595.0,-3766669.28571429,3577,28.489535460134995,45.62540394568563,24.37686554206685
2021-06-20,675,2021-06-20,42.5,47.5,8.66666666666667,17.3888888888889,689600.0,-3766675.0,3577,32.747696390964485,45.38800492764786,20.44762495615913
2021-06-29,676,2021-06-29,34.2608695652174,45.5217391304348,18.6521739130435,13.1739130434783,689598.913043478,-3766689.7826087,3577,35.27602957803202,45.918830337849215,17.41744882195765
2021-07-06,677,2021-07-06,38.3478260869565,48.4347826086956,12.0869565217391,15.0434782608696,689598.913043478,-3766689.7826087,3577,36.89756706012301,46.339266687621674,15.447464877603291
2021-08-07,678,2021-08-07,42.2307692307692,49.6923076923077,7.15384615384615,15.3846153846154,689601.923076923,-3766720.38461538,3577,35.60920258179217,46.311953212399814,16.81881539219785
2021-08-16,679,2021-08-16,26.6153846153846,30.5384615384615,41.1538461538462,7.46153846153846,689588.076923077,-3766715.76923077,3577,32.33947683208411,44.27212483216615,22.08064788823336
2021-08-23,680,2021-08-23,22.75,54.5,21.5,15.75,689535.0,-3766680.0,3577,27.301231873830503,44.73250146727636,26.662036199401367
2021-09-01,681,2021-09-01,26.4347826086957,44.5217391304348,27.6086956521739,11.5217391304348,689598.913043478,-3766689.7826087,3577,23.573461047682777,43.98773630254071,31.01861993961618
2021-09-08,682,2021-09-08,23.304347826087,43.304347826087,32.0434782608696,11.5652173913043,689598.913043478,-3766689.7826087,3577,23.56624099571345,44.7864637666128,30.212050372353197
2021-09-17,683,2021-09-17,20.7826086956522,44.9565217391304,32.6521739130435,15.695652173913,689598.913043478,-3766689.7826087,3577,22.427231095935113,44.80713768181647,31.247902859394728
2021-10-03,684,2021-10-03,26.3478260869565,43.8260869565217,28.304347826087,9.26086956521739,689598.913043478,-3766689.7826087,3577,23.127824057339538,45.74778832585598,29.626484414656268
2021-10-10,685,2021-10-10,23.8260869565217,47.0434782608696,27.8260869565217,10.4782608695652,689598.913043478,-3766689.7826087,3577,24.517332613539743,46.57280201289467,27.420697286287485
2021-10-19,686,2021-10-19,25.0,47.1304347826087,26.2608695652174,11.2608695652174,689598.913043478,-3766689.7826087,3577,24.105417533062344,45.588213957705065,28.822553898737503
2021-11-04,687,2021-11-04,23.304347826087,47.5217391304348,27.695652173913,10.8695652173913,689598.913043478,-3766689.7826087,3577,24.011093597474456,47.65096103249922,26.905898449372682
2021-11-08,688,2021-11-08,21.9130434782609,44.5652173913044,32.0,9.39130434782609,689598.913043478,-3766689.7826087,3577,24.596730635090147,46.74423799379355,27.236290025759626
2021-11-27,689,2021-11-27,26.4,50.5333333333333,21.8666666666667,11.9333333333333,689595.0,-3766713.0,3577,24.298513197661553,46.02239017319768,28.26067044634396
2021-12-06,690,2021-12-06,25.7826086956522,45.1304347826087,27.695652173913,10.9130434782609,689598.913043478,-3766689.7826087,3577,24.281575605707133,46.4408390102223,27.845753788541373
2021-12-13,691,2021-12-13,23.9565217391304,44.0869565217391,30.6086956521739,9.34782608695652,689598.913043478,-3766689.7826087,3577,25.27724274648112,47.00307526636074,26.320361426159064
2021-12-22,692,2021-12-22,25.0869565217391,47.2608695652174,25.9565217391304,10.8695652173913,689598.913043478,-3766689.7826087,3577,25.763416284882336,48.23176451133733,24.688143955470977
2021-12-29,693,2021-12-29,26.2608695652174,49.2608695652174,23.2608695652174,11.3913043478261,689598.913043478,-3766689.7826087,3577,26.13758593001706,48.947781657021885,23.585089429344883
2022-01-14,694,2022-01-14,25.7391304347826,52.6521739130435,20.3478260869565,11.7391304347826,689598.913043478,-3766689.7826087,3577,25.74187868935094,49.1827762491843,23.74405895625086
2022-01-30,695,2022-01-30,28.1304347826087,51.1739130434783,19.5217391304348,11.7391304347826,689598.913043478,-3766689.7826087,3577,26.670997329493805,49.25399830123823,22.749719881228142
2022-02-08,696,2022-02-08,26.0869565217391,45.8260869565217,26.7826086956522,10.6521739130435,689598.913043478,-3766689.7826087,3577,27.1646881856829,49.33513720092604,22.196636315626158
2022-02-24,697,2022-02-24,25.2608695652174,46.8695652173913,26.4347826086957,10.695652173913,689598.913043478,-3766689.7826087,3577,26.283777334520472,47.68191560760509,24.688329707709528
2022-03-12,698,2022-03-12,26.0869565217391,45.7826086956522,26.5217391304348,10.9130434782609,689598.913043478,-3766689.7826087,3577,25.639135800257275,46.12191214357709,26.84397847407274
2022-03-28,699,2022-03-28,27.2173913043478,47.304347826087,24.2173913043478,11.1304347826087,689598.913043478,-3766689.7826087,3577,25.09461691895021,45.20573692022742,28.231304837304123
2022-04-13,700,2022-04-13,26.6086956521739,46.5217391304348,25.4782608695652,11.2173913043478,689598.913043478,-3766689.7826087,3577,24.583640750146685,45.283281263083374,28.704929745173125
2022-04-21,701,2022-04-21,18.5217391304348,43.6086956521739,36.3478260869565,15.8695652173913,689598.913043478,-3766689.7826087,3577,24.693249004323512,46.49506234779467,27.371517969171684
2022-05-07,702,2022-05-07,28.5217391304348,46.304347826087,23.7391304347826,12.2173913043478,689598.913043478,-3766689.7826087,3577,26.240685011578925,47.44717027486546,24.858925567630948
2022-05-15,703,2022-05-15,31.695652173913,48.6521739130435,18.2608695652174,13.4782608695652,689598.913043478,-3766689.7826087,3577,30.56205552422623,47.48457236664899,20.542934653175216
2022-05-23,704,2022-05-23,29.5217391304348,48.4347826086956,20.6086956521739,12.9130434782609,689598.913043478,-3766689.7826087,3577,33.47030301774723,47.52174289567576,17.594885663532924
2022-05-31,705,2022-05-31,36.304347826087,48.8695652173913,13.3478260869565,15.6521739130435,689598.913043478,-3766689.7826087,3577,35.76097263887821,46.886748868300614,15.887461441504033
2022-06-08,706,2022-06-08,41.1739130434783,45.7826086956522,11.4347826086957,15.5217391304348,689598.913043478,-3766689.7826087,3577,37.03273930268937,45.59853348293238,15.844470074276568
2022-06-16,707,2022-06-16,41.0434782608696,43.0434782608696,14.6086956521739,13.6521739130435,689598.913043478,-3766689.7826087,3577,37.306728404178756,45.73079982340303,15.439800743069405
2022-07-10,708,2022-07-10,35.9565217391304,43.4347826086956,19.1304347826087,13.2173913043478,689598.913043478,-3766689.7826087,3577,36.71450618300251,44.836738607999905,16.88058492187328
2022-07-18,709,2022-07-18,24.0,45.0,29.0,17.0,689655.0,-3766635.0,3577,36.082000043294954,44.637827141219304,17.65349810372429
2022-07-26,710,2022-07-26,40.0869565217391,45.2173913043478,13.0869565217391,14.6521739130435,689598.913043478,-3766689.7826087,3577,34.80929418541629,44.6000906483408,18.963496861192233
2022-08-03,711,2022-08-03,37.4347826086956,47.2608695652174,13.8695652173913,14.2173913043478,689598.913043478,-3766689.7826087,3577,33.69049127387564,44.913792135080335,19.769522262183187
2022-08-11,712,2022-08-11,36.6086956521739,47.8695652173913,14.1304347826087,14.1739130434783,689598.913043478,-3766689.7826087,3577,34.11240733216155,45.1794299989038,19.114110400935125
2022-08-19,713,2022-08-19,32.5,36.75,28.75,11.75,689647.5,-3766657.5,3577,35.39150481012389,44.53005101464596,18.507008266153512
2022-09-04,714,2022-09-04,30.7826086956522,46.3913043478261,21.4347826086957,12.6521739130435,689598.913043478,-3766689.7826087,3577,36.053165034500545,43.33257979654099,19.103367636226764
2022-10-06,715,2022-10-06,38.4347826086956,43.7391304347826,16.5217391304348,13.5217391304348,689598.913043478,-3766689.7826087,3577,35.49308509712793,42.84728223154515,20.179177306173052
2022-11-07,716,2022-11-07,36.5217391304348,44.2608695652174,17.6086956521739,13.5217391304348,689598.913043478,-3766689.7826087,3577,33.453648569971115,43.435112043124626,21.611790636548143
2022-11-15,717,2022-11-15,34.5833333333333,41.5833333333333,22.4166666666667,11.3333333333333,689602.5,-3766657.5,3577,35.1280195534895,42.527642461416235,20.899294930871477
2022-12-01,718,2022-12-01,33.4782608695652,43.0434782608696,22.0,12.304347826087,689598.913043478,-3766689.7826087,3577,34.40391989820634,43.692845107150205,20.543675317106384
2022-12-17,719,2022-12-17,30.8947368421053,45.9473684210526,21.8947368421053,11.5263157894737,689588.684210526,-3766688.68421053,3577,33.026276426441385,45.31860596948518,20.323585146460104
2022-12-25,720,2022-12-25,31.304347826087,47.5217391304348,19.8695652173913,11.8695652173913,689598.913043478,-3766689.7826087,3577,31.11860640346577,47.26973444360764,20.28740749980591
2023-01-02,721,2023-01-02,30.4347826086957,45.7826086956522,22.3913043478261,11.5652173913043,689598.913043478,-3766689.7826087,3577,29.004862510118386,49.25229566970857,20.40941165781939
2023-01-10,722,2023-01-10,30.7391304347826,47.8695652173913,20.1304347826087,11.5652173913043,689598.913043478,-3766689.7826087,3577,27.179297609902058,50.880049149211224,20.590994066927653
2023-02-03,723,2023-02-03,20.2608695652174,60.6521739130435,17.7826086956522,22.5217391304348,689598.913043478,-3766689.7826087,3577,26.30646474898862,51.674448744777635,20.660678339312412
2023-02-11,724,2023-02-11,30.4347826086957,47.304347826087,20.7826086956522,11.3478260869565,689598.913043478,-3766689.7826087,3577,27.22121715621892,51.064642680308665,20.374115252909956
2023-02-19,725,2023-02-19,30.304347826087,48.304347826087,20.1739130434783,11.6521739130435,689598.913043478,-3766689.7826087,3577,30.92870824310283,48.3874735409439,19.414082751411236
