time,Unnamed: 0,time_ymd,pv,npv,bs,ue,x,y,spatial_ref,pv_filter,npv_filter,bs_filter
1987-09-14,1,1987-09-14,14.8,59.85,24.3,7.9,264645.0,-1489770.0,3577,15.218081355349138,59.3793859649123,24.36577657378749
1987-09-30,2,1987-09-30,13.65,59.65,25.6,7.65,264645.0,-1489770.0,3577,12.143394638557194,60.36034018870706,26.33459015185027
1987-10-16,3,1987-10-16,13.55,57.7,27.5,7.65,264645.0,-1489770.0,3577,13.268843866831524,59.69040431962257,25.803493036890913
1987-11-01,4,1987-11-01,11.7,60.8,26.1,7.45,264645.0,-1489770.0,3577,16.886324597315365,58.060199140384874,23.78084039283733
1988-01-04,5,1988-01-04,25.8,58.5,14.45,8.4,264645.0,-1489770.0,3577,21.567409907773754,56.04393405871732,21.11186467041733
1988-02-05,6,1988-02-05,26.25,52.6,19.95,9.1,264645.0,-1489770.0,3577,26.163350396593515,54.099407107340525,18.478675607158603
1988-02-21,7,1988-02-21,30.65,51.4,16.8,9.45,264645.0,-1489770.0,3577,29.805074182783255,52.56800494397242,16.400260227388735
1988-03-08,8,1988-03-08,31.35,44.0,23.45,8.4,264645.0,-1489770.0,3577,31.903186905968518,51.67470285132052,15.232482842232887
1988-03-24,9,1988-03-24,29.2,61.6,8.05,13.35,264645.0,-1489770.0,3577,31.869603616193285,52.55045913837698,14.453543979238413
1988-04-09,10,1988-04-09,34.55,50.1,14.1,9.7,264645.0,-1489770.0,3577,30.388016008754505,50.811154325543015,17.65092539039644
1988-05-27,11,1988-05-27,25.3,53.8,19.75,9.7,264645.0,-1489770.0,3577,26.662933196830142,52.25661536605028,19.906828311004904
1988-06-28,12,1988-06-28,21.2,54.7,23.0,9.3,264645.0,-1489770.0,3577,22.838287718470063,55.317060493677616,20.637251138950838
1988-07-14,13,1988-07-14,20.2,54.0,24.6,8.9,264645.0,-1489770.0,3577,18.40506444020101,58.22822765468954,22.128004348589272
1988-07-30,14,1988-07-30,14.45,59.45,24.8,8.15,264645.0,-1489770.0,3577,14.709859954285,60.69024783265363,23.32995394697832
1988-08-15,15,1988-08-15,12.15,57.5,28.85,6.4,264645.0,-1489770.0,3577,11.971897452391019,62.598025658542625,24.1890686712632
1988-08-31,16,1988-08-31,5.85714285714286,81.2857142857143,11.7142857142857,5.71428571428571,264623.571428571,-1489742.14285714,3577,9.622395406449694,63.29257306160385,25.699552769208374
1988-10-02,17,1988-10-02,11.1,60.6,26.9,7.85,264645.0,-1489770.0,3577,8.740746096007944,63.779597028349116,26.0597997977216
1988-10-18,18,1988-10-18,12.35,57.5,28.95,7.9,264645.0,-1489770.0,3577,8.58299533283925,64.24165401161346,25.881032125765095
1988-11-03,19,1988-11-03,9.65,59.95,29.1,6.95,264645.0,-1489770.0,3577,11.014455204236837,63.921521512533644,23.91818166353412
1988-11-19,20,1988-11-19,12.6,61.6,24.55,8.0,264645.0,-1489770.0,3577,14.358272635515075,63.05315350283449,21.55249214149821
1988-12-05,21,1988-12-05,15.95,62.3,20.5,8.65,264645.0,-1489770.0,3577,19.965657991815995,60.282821100459145,18.794647440619865
1988-12-21,22,1988-12-21,27.2,72.85,0.0,4.0,264645.0,-1489770.0,3577,25.56977068338915,57.815052439811595,15.680430972533896
1989-01-06,23,1989-01-06,33.5,48.05,17.4,9.8,264645.0,-1489770.0,3577,30.163773584512114,57.35753441603977,11.569143653042854
1989-02-07,24,1989-02-07,34.35,52.45,11.85,9.9,264645.0,-1489770.0,3577,34.42248491102466,53.575428493067534,11.07191490999375
1989-02-23,25,1989-02-23,34.95,47.4,16.6,10.05,264645.0,-1489770.0,3577,36.140700888373516,51.2327188291508,11.677736401883262
1989-03-27,26,1989-03-27,39.85,47.35,11.85,10.15,264645.0,-1489770.0,3577,35.34461343609423,50.46090194634331,13.192934464913918
1989-04-28,27,1989-04-28,26.7777777777778,59.3333333333333,12.8888888888889,17.6111111111111,264640.0,-1489765.0,3577,32.73402012503691,51.40426003304491,14.787990166006534
1989-05-30,28,1989-05-30,30.75,52.8,15.55,10.9,264645.0,-1489770.0,3577,29.516244127385235,53.05810907358101,16.341210028359292
1989-07-01,29,1989-07-01,27.2,55.2,16.6,10.15,264645.0,-1489770.0,3577,26.973516060818536,54.75858429495382,17.284340788208176
1989-08-02,30,1989-08-02,23.45,54.85,20.45,9.25,264645.0,-1489770.0,3577,23.78262152363964,55.12077154011315,19.972883755388516
1989-08-18,31,1989-08-18,22.15,55.05,21.55,9.3,264645.0,-1489770.0,3577,21.06777299068006,56.8699506375892,20.82256561807334
1989-09-03,32,1989-09-03,18.25,56.55,23.9,8.1,264645.0,-1489770.0,3577,18.575911292007582,58.46924808936319,21.673754212760265
1989-09-19,33,1989-09-19,17.85,57.9,23.1,8.3,264645.0,-1489770.0,3577,16.900454773981657,59.462547720588375,22.389397427474577
1989-10-05,34,1989-10-05,14.0,65.35,19.3,8.0,264645.0,-1489770.0,3577,14.181574256494738,62.4631578947275,22.126435226277124
1989-11-06,35,1989-11-06,14.25,68.3,16.2,7.85,264645.0,-1489770.0,3577,15.070718136350559,62.80015155122575,20.92709194829625
1989-11-22,36,1989-11-22,18.65,56.15,24.15,8.6,264645.0,-1489770.0,3577,17.69529108661971,61.43310203727242,19.644768234858176
1989-12-08,37,1989-12-08,17.45,59.9,21.5,8.85,264645.0,-1489770.0,3577,21.90928792569332,58.60173093159834,18.25411786355786
1989-12-24,38,1989-12-24,25.5,54.7,18.55,8.85,264645.0,-1489770.0,3577,25.72424928012779,56.16138258025964,16.912756283961187
1990-02-26,39,1990-02-26,30.1,58.05,10.35,11.0,264645.0,-1489770.0,3577,27.951754746797008,53.77915954014222,17.049707722615395
1990-03-14,40,1990-03-14,35.1,46.0,17.75,9.2,264645.0,-1489770.0,3577,28.71040615730589,52.66149516117769,17.40756565415748
1990-05-01,41,1990-05-01,26.55,52.9,19.45,9.75,264645.0,-1489770.0,3577,27.479261295975455,53.24646669119558,18.033142090105336
1990-05-17,42,1990-05-17,22.0,58.0,19.0,18.0,264705.0,-1489815.0,3577,25.237082422217973,53.62271428261339,19.974795947083983
1990-06-02,43,1990-06-02,17.35,56.35,24.95,7.95,264645.0,-1489770.0,3577,22.099529108658935,54.27065426832418,22.515188681284386
1990-06-18,44,1990-06-18,20.1,52.05,26.5,8.4,264645.0,-1489770.0,3577,18.189460694101943,55.61248565674979,25.024157266877985
1990-07-20,45,1990-07-20,18.55,56.8,23.65,9.15,264645.0,-1489770.0,3577,15.314482885533227,56.59130095909436,26.845931931841232
1990-08-21,46,1990-08-21,15.0,55.8,28.0,8.5,264645.0,-1489770.0,3577,14.35745740327569,56.30736863754598,27.99393578557247
1990-09-06,47,1990-09-06,11.5,58.7,28.45,8.25,264645.0,-1489770.0,3577,13.805988438803713,56.39753296238522,28.44176643789222
1990-10-08,48,1990-10-08,8.7,62.2,27.35,8.0,264645.0,-1489770.0,3577,9.585474084737353,59.89908906881697,29.13232506656994
1990-10-24,49,1990-10-24,9.55,56.35,32.75,7.65,264645.0,-1489770.0,3577,7.051522007403305,63.767697936728666,27.807601376947066
1990-11-09,50,1990-11-09,9.65,64.65,24.6,8.0,264645.0,-1489770.0,3577,6.496899424104335,66.85579845849745,25.29102031868682
1990-11-25,51,1990-11-25,9.65,65.9,23.1,8.05,264645.0,-1489770.0,3577,9.661193953104275,65.65248056895682,23.397329180104325
1990-12-11,52,1990-12-11,5.35,74.35,19.05,6.95,264645.0,-1489770.0,3577,15.489350007575249,61.72243337157275,21.583561832900713
1990-12-27,53,1990-12-27,18.0,57.25,23.5,7.65,264645.0,-1489770.0,3577,21.966477949292006,56.09891965618681,20.727964450407175
1991-03-17,54,1991-03-17,39.6,46.25,13.1,10.65,264645.0,-1489770.0,3577,27.974890395977546,50.03221167376767,20.773364058538974
1991-04-02,55,1991-04-02,32.5625,41.375,24.8125,8.0,264660.0,-1489770.0,3577,31.92643351230335,46.38908127475546,20.442979659656167
1991-04-18,56,1991-04-18,35.5,35.9,27.25,7.85,264645.0,-1489770.0,3577,33.37301332567861,44.81981586524261,20.61643816709298
1991-05-04,57,1991-05-04,29.7,51.9,17.15,9.1,264645.0,-1489770.0,3577,31.68693628352598,46.93049102599484,20.24623828183897
1991-06-21,58,1991-06-21,23.35,56.8,18.8,9.85,264645.0,-1489770.0,3577,27.182984855697516,51.28110751476858,20.379280510508117
1991-07-07,59,1991-07-07,21.9,57.8,19.35,9.55,264645.0,-1489770.0,3577,21.53501564224927,56.59960217799929,20.707817608085413
1991-07-23,60,1991-07-23,17.8,63.15,17.85,8.55,264645.0,-1489770.0,3577,18.08268283573741,59.45544556062242,21.314142707134877
1991-08-08,61,1991-08-08,17.2,55.65,25.85,8.35,264645.0,-1489770.0,3577,16.356998419534676,61.45572971918803,20.995535733613092
1991-08-24,62,1991-08-24,15.0,58.15,25.55,7.9,264645.0,-1489770.0,3577,14.725599439258229,61.0473581372097,22.973558910126684
1991-09-09,63,1991-09-09,13.55,62.35,22.75,7.9,264645.0,-1489770.0,3577,13.062130593862385,61.29240078805727,24.311891359410946
1991-09-25,64,1991-09-25,12.3,63.5,22.95,7.75,264645.0,-1489770.0,3577,12.029875439316367,62.018655957036785,24.524119018233
1991-10-11,65,1991-10-11,9.15,67.0,22.4,7.55,264645.0,-1489770.0,3577,10.461919504642399,63.24194505184272,24.8704291064935
1991-10-27,66,1991-10-27,9.6,63.35,25.5,7.15,264645.0,-1489770.0,3577,9.028409361534944,65.5667290913323,24.00972201173081
1991-11-12,67,1991-11-12,11.6,62.05,25.1,7.45,264645.0,-1489770.0,3577,8.256092720487768,67.07567169671431,23.256614850574227
1991-11-28,68,1991-11-28,6.35,69.75,22.35,7.35,264645.0,-1489770.0,3577,10.335741193789179,66.41243153130705,21.883616228969
1992-01-15,69,1992-01-15,17.3,61.1,20.35,9.15,264645.0,-1489770.0,3577,14.303609084411896,64.82797419297998,19.587843425921
1992-01-31,70,1992-01-31,12.8333333333333,71.0,15.1666666666667,22.3333333333333,264605.0,-1489745.0,3577,19.58992653373165,62.04351360712663,17.16675795824147
1992-02-16,71,1992-02-16,26.1,58.05,14.5,9.35,264645.0,-1489770.0,3577,25.539557037386032,58.06548745371407,15.245933014351795
1992-03-03,72,1992-03-03,34.65,48.95,15.25,10.15,264645.0,-1489770.0,3577,30.562669683253343,54.46543441078231,13.807973759984085
1992-03-19,73,1992-03-19,37.2,51.25,10.6,11.0,264645.0,-1489770.0,3577,34.02154228639788,50.805013098349164,14.00036011459951
1992-04-04,74,1992-04-04,31.95,48.0,18.75,8.9,264645.0,-1489770.0,3577,34.61270648855271,49.57880447724908,14.649114507781048
1992-04-20,75,1992-04-20,31.75,50.45,16.45,10.2,264645.0,-1489770.0,3577,31.917024616245858,50.549995669957156,16.290252008051425
1992-05-06,76,1992-05-06,28.5,53.95,16.3,10.15,264645.0,-1489770.0,3577,29.059628194298774,52.012823399502935,17.681836223629247
1992-06-07,77,1992-06-07,22.05,57.65,19.15,10.0,264645.0,-1489770.0,3577,22.09457771330506,55.89415847309749,20.732809914540567
1992-07-09,78,1992-07-09,18.4,57.75,22.65,9.65,264645.0,-1489770.0,3577,17.436711121693037,59.43509246170897,21.83611589648415
1992-08-10,79,1992-08-10,15.1,60.95,22.55,9.2,264645.0,-1489770.0,3577,14.459268440535627,61.04426672397897,23.23522390921424
1992-08-26,80,1992-08-26,14.65,58.3,25.7,8.45,264645.0,-1489770.0,3577,13.974615168111534,61.678425289871186,23.12835322571819
1992-09-27,81,1992-09-27,13.15,63.35,22.45,8.75,264645.0,-1489770.0,3577,15.891950464393911,60.08943656961334,22.800644247390064
1992-11-30,82,1992-11-30,13.2,61.9,23.65,8.7,264645.0,-1489770.0,3577,20.231131871221727,57.74642416406259,20.82082004682313
1993-01-17,83,1993-01-17,32.15,55.9,11.0,10.35,264645.0,-1489770.0,3577,24.807180281015583,54.93784311662748,19.13414248290124
1993-03-06,84,1993-03-06,29.5,44.9285714285714,24.2857142857143,7.21428571428571,264632.142857143,-1489757.14285714,3577,28.878977678663762,52.77221493675813,17.322193750519336
1993-03-22,85,1993-03-22,33.6,52.75,12.65,10.55,264645.0,-1489770.0,3577,31.190329948684422,51.451108179738256,16.344438224311943
1993-04-23,86,1993-04-23,30.2,51.6,17.2,9.6,264645.0,-1489770.0,3577,30.891208945848295,51.69535356283809,16.351702941019383
1993-05-09,87,1993-05-09,26.25,54.05,18.7,10.15,264645.0,-1489770.0,3577,28.336189352438986,52.84169360050923,17.70472530565145
1993-05-25,88,1993-05-25,23.9,55.85,19.2,10.35,264645.0,-1489770.0,3577,24.397264500202034,55.25439900655793,19.20525140493894
1993-06-10,89,1993-06-10,22.1,58.65,17.85,10.0,264645.0,-1489770.0,3577,20.607270129248477,56.97105556980867,21.224566609857554
1993-06-26,90,1993-06-26,16.3,57.6,24.7,7.8,264645.0,-1489770.0,3577,18.756868518475624,58.19782709549642,21.791176625229095
1993-07-12,91,1993-07-12,16.75,58.1,24.0,9.55,264645.0,-1489770.0,3577,16.644846175493843,58.77725401532574,23.27967063895509
1993-07-28,92,1993-07-28,16.55,58.7,23.55,9.3,264645.0,-1489770.0,3577,15.647547035005996,60.099058217315495,22.97680616596682
1993-08-13,93,1993-08-13,14.95,60.55,23.3,9.0,264645.0,-1489770.0,3577,13.447658533415035,61.77214813049804,23.57402844832833
1993-09-30,94,1993-09-30,11.8,63.7,23.2,7.75,264645.0,-1489770.0,3577,11.295773885555477,62.870987681040205,24.650654917833897
1993-10-16,95,1993-10-16,11.35,65.45,22.0,8.05,264645.0,-1489770.0,3577,11.084438935675667,62.43386087595681,25.306518868124996
1993-11-01,96,1993-11-01,12.9,60.9,25.25,8.05,264645.0,-1489770.0,3577,12.595546558702571,61.88384139079809,24.35665418172794
1993-11-17,97,1993-11-17,12.05,59.8,26.9,7.75,264645.0,-1489770.0,3577,16.360150685225644,59.61397843641535,22.896194981485678
1993-12-03,98,1993-12-03,18.2,59.35,21.35,8.95,264645.0,-1489770.0,3577,21.70006386801728,57.48554201215881,19.744099244405888
1994-01-04,99,1994-01-04,31.35,50.0,17.4,8.1,264645.0,-1489770.0,3577,27.387652904367076,55.55906276385322,15.98678906232847
1994-02-05,100,1994-02-05,36.15,54.65,8.4,10.95,264645.0,-1489770.0,3577,32.09058866829285,53.88192210265708,12.962116521247712
1994-03-09,101,1994-03-09,34.5,57.0,7.5,14.0,264690.0,-1489815.0,3577,34.77070189871528,53.44955400635716,10.675971551666551
1994-04-10,102,1994-04-10,35.4,51.6,11.75,10.6,264645.0,-1489770.0,3577,34.7960455952664,53.95836021562769,10.139354608238541
1994-04-26,103,1994-04-26,29.35,56.75,12.75,13.75,264645.0,-1489770.0,3577,33.24439801683887,53.8631005217612,11.817625408645313
1994-05-12,104,1994-05-12,30.2,52.4,16.25,10.3,264645.0,-1489770.0,3577,29.603329797133426,54.74159864902081,14.562788759226208
1994-05-28,105,1994-05-28,26.65,54.6,17.75,10.25,264645.0,-1489770.0,3577,25.86308753165952,55.912502976890906,17.13567624325882
1994-06-13,106,1994-06-13,23.75,58.25,16.9,9.9,264645.0,-1489770.0,3577,23.741779427998793,56.42659724175908,18.733149667666993
1994-06-29,107,1994-06-29,21.65,56.5,20.9,9.9,264645.0,-1489770.0,3577,22.21109030288265,56.53978003419883,20.17408582129643
1994-07-15,108,1994-07-15,21.45,57.4,20.0,10.05,264645.0,-1489770.0,3577,20.83483729892087,57.44332741560986,20.623736170946714
1994-07-31,109,1994-07-31,15.6,62.0,21.15,9.5,264645.0,-1489770.0,3577,18.53038927016978,58.966177011833835,21.333995107056936
1994-08-16,110,1994-08-16,18.5,57.95,22.35,9.3,264645.0,-1489770.0,3577,15.3660059754464,61.47526683841555,21.968759877889724
1994-09-01,111,1994-09-01,17.85,58.7,22.25,8.75,264645.0,-1489770.0,3577,14.175797267745612,62.39952153109115,22.21491697157
1994-09-17,112,1994-09-17,13.05,62.2,23.55,8.3,264645.0,-1489770.0,3577,13.384491978607628,63.376254086461344,22.040420879426875
1994-10-03,113,1994-10-03,11.55,71.05,16.25,9.1,264645.0,-1489770.0,3577,15.814008746668925,62.15010716836413,20.814571651255847
1994-12-06,114,1994-12-06,15.5,60.1,23.15,8.95,264645.0,-1489770.0,3577,20.60671913225785,59.003593929281706,19.17202039446335
1994-12-22,115,1994-12-22,29.25,52.65,17.0,9.9,264645.0,-1489770.0,3577,26.884011344688442,55.463462079707654,16.453913269390682
1995-01-07,116,1995-01-07,35.7,49.8,13.2,10.65,264645.0,-1489770.0,3577,32.68582021692988,52.09749507457707,14.063810647554675
1995-01-23,117,1995-01-23,36.9,49.15,12.8,10.85,264645.0,-1489770.0,3577,37.43765073934793,49.56606010088241,11.906012253998092
1995-04-13,118,1995-04-13,44.5,45.15,9.25,11.4,264645.0,-1489770.0,3577,38.70512892679497,49.62889216046369,10.607361059991057
1995-05-15,119,1995-05-15,33.65,54.15,11.35,11.6,264645.0,-1489770.0,3577,37.951642165877985,48.4707441165573,12.526172898307252
1995-05-31,120,1995-05-31,30.95,54.85,13.25,11.15,264645.0,-1489770.0,3577,32.91107731277518,51.29706423606586,14.739686938446347
1995-07-18,121,1995-07-18,25.4,56.4,17.0,10.1,264645.0,-1489770.0,3577,24.904598497474034,57.195831258516215,16.816083916081404
1995-08-03,122,1995-08-03,21.1,59.4,18.25,9.75,264645.0,-1489770.0,3577,18.278171209592628,63.13217973975544,17.45548940223602
1995-09-04,123,1995-09-04,18.35,58.35,22.05,8.6,264645.0,-1489770.0,3577,15.317102556883551,66.73441945050855,16.7248457424903
1995-10-06,124,1995-10-06,15.4,65.4,18.05,7.75,264645.0,-1489770.0,3577,16.144679469135262,67.65832016279921,14.930358959923293
1995-10-22,125,1995-10-22,6.05,89.2,3.55,6.4,264645.0,-1489770.0,3577,20.812716231134175,65.65666608931882,12.264486133060153
1995-12-25,126,1995-12-25,26.65,64.05,8.0,9.4,264645.0,-1489770.0,3577,25.828159301994454,62.44976617808503,10.502787460216235
1996-02-11,127,1996-02-11,41.15,43.7,13.9,10.95,264645.0,-1489770.0,3577,30.584259239208222,58.905114854177256,9.330144623177285
1996-03-30,128,1996-03-30,39.95,49.45,9.5,11.55,264645.0,-1489770.0,3577,33.6328573902827,55.26677780423085,9.974087986315599
1996-06-02,129,1996-06-02,30.65,55.25,13.05,11.35,264645.0,-1489770.0,3577,33.98404165493441,52.888229881565636,12.050291194871434
1996-06-18,130,1996-06-18,27.85,56.2,14.9,10.9,264645.0,-1489770.0,3577,30.625735564740282,52.888827426435626,15.40880187923301
1996-07-04,131,1996-07-04,22.65,60.05,16.25,10.7,264645.0,-1489770.0,3577,25.560232955894776,56.4976054904763,16.91312433696082
1996-08-05,132,1996-08-05,18.95,63.1,16.95,9.75,264645.0,-1489770.0,3577,21.130706445254372,60.8875912013592,16.929373876894566
1996-08-21,133,1996-08-21,19.05,58.1,21.75,9.25,264645.0,-1489770.0,3577,16.320838294829663,63.5050964515266,19.069431033360075
1996-09-06,134,1996-09-06,14.25,64.0,20.45,8.95,264645.0,-1489770.0,3577,12.409797787350108,64.06357249560628,22.388174673620245
1996-09-22,135,1996-09-22,14.05,63.7,21.1,8.75,264645.0,-1489770.0,3577,10.258844097077857,64.68365844680667,23.86817099309003
1996-10-24,136,1996-10-24,15.4,61.7,21.85,8.6,264645.0,-1489770.0,3577,11.27734742037979,63.2367933923567,24.222271536509403
1996-11-25,137,1996-11-25,6.3,63.35,28.85,10.1,264645.0,-1489770.0,3577,15.924983221110878,59.797176816982116,22.968137435316667
1996-12-11,138,1996-12-11,6.9,67.25,24.65,9.7,264645.0,-1489770.0,3577,22.250835696807606,56.0267152352208,20.379631513993793
1997-03-01,139,1997-03-01,42.9,40.45,15.3,10.05,264645.0,-1489770.0,3577,29.87765377037376,52.060891121254855,16.772762995515908
1997-03-17,140,1997-03-17,44.85,45.85,7.9,11.4,264645.0,-1489770.0,3577,37.12693065447929,47.694525752877766,13.968422135138317
1997-04-02,141,1997-04-02,42.0,46.0,10.9,11.3,264645.0,-1489770.0,3577,40.63456667171231,46.87378055380451,11.350356145400891
1997-04-18,142,1997-04-18,36.1,51.15,11.8,11.2,264645.0,-1489770.0,3577,40.16138582778849,49.01927190455869,9.750351815365839
1997-05-04,143,1997-05-04,33.0,53.8,12.2,11.35,264645.0,-1489770.0,3577,35.5721892658372,51.914447162736614,11.513193617526262
1997-05-20,144,1997-05-20,29.0,55.8,14.3,10.75,264645.0,-1489770.0,3577,27.940937236134303,56.812315702864495,14.15726255168768
1997-07-07,145,1997-07-07,18.95,62.1,17.65,9.7,264645.0,-1489770.0,3577,18.791912576584693,62.91752690033485,17.17138063174958
1997-08-24,146,1997-08-24,13.35,68.9,16.45,8.9,264645.0,-1489770.0,3577,14.285666500679842,65.08709649482671,19.41359414578939
1997-09-25,147,1997-09-25,14.6,63.8,20.35,8.3,264645.0,-1489770.0,3577,10.988252253420889,68.47315991540974,19.22681157851149
1997-10-11,148,1997-10-11,13.3,63.75,21.7,8.2,264645.0,-1489770.0,3577,13.106023199364895,66.98459854557925,18.606678718595443
1997-11-12,149,1997-11-12,12.5,73.85,12.25,8.75,264645.0,-1489770.0,3577,17.697675131883017,65.21584395995185,15.851407261466811
1997-11-28,150,1997-11-28,15.25,65.35,18.5,9.4,264645.0,-1489770.0,3577,24.166569240869038,62.69356484587746,12.005148411957762
1998-01-31,151,1998-01-31,38.45,54.9,5.4,12.7,264645.0,-1489770.0,3577,29.892426888552457,60.12436342466403,8.96193321642104
1998-03-20,152,1998-03-20,42.15,54.95,2.0,11.65,264645.0,-1489770.0,3577,35.147320790659194,57.92226143308869,5.944847618840543
1998-04-21,153,1998-04-21,40.05,51.5,7.7,11.25,264645.0,-1489770.0,3577,36.67924289332411,57.4280564636516,4.987869406134917
1998-05-23,154,1998-05-23,25.2777777777778,69.6111111111111,4.16666666666667,18.4444444444444,264638.333333333,-1489773.33333333,3577,35.38301339183164,57.58102085392247,6.203877185764803
1998-06-08,155,1998-06-08,30.55,57.35,11.2,11.45,264645.0,-1489770.0,3577,30.63366205517451,59.60295200154991,8.934179494394874
1998-06-24,156,1998-06-24,26.7,59.7,12.7,11.35,264645.0,-1489770.0,3577,24.824471916109076,62.372575360646536,11.931638485351865
1998-07-10,157,1998-07-10,23.7,62.75,12.7,10.6,264645.0,-1489770.0,3577,19.019998388261804,63.92004854449719,16.143543556544234
1998-07-26,158,1998-07-26,9.33333333333333,68.0,21.8333333333333,15.3333333333333,264615.0,-1489795.0,3577,17.495067728966042,63.9665605807925,17.51345919302313
1998-08-11,159,1998-08-11,18.65,63.25,16.85,9.95,264645.0,-1489770.0,3577,14.499019607840967,65.36855564455206,19.01772932949119
1998-08-27,160,1998-08-27,15.05,63.05,20.6,8.95,264645.0,-1489770.0,3577,14.564982042379246,63.86471610603783,20.373256258702128
1998-09-12,161,1998-09-12,16.5,63.5,18.8,8.7,264645.0,-1489770.0,3577,15.420802211202382,63.926642346292226,19.375632365567547
1998-10-14,162,1998-10-14,14.95,66.85,16.9,8.8,264645.0,-1489770.0,3577,18.21169975535028,62.85774318559757,17.66073740500721
1998-11-15,163,1998-11-15,24.4,59.85,14.55,11.2,264645.0,-1489770.0,3577,23.48191777262634,61.657432505565694,13.64172205503271
1998-12-17,164,1998-12-17,25.7,59.35,13.7,9.05,264645.0,-1489770.0,3577,29.692262226932712,60.066594860239135,9.110028000893514
1999-01-18,165,1999-01-18,43.7,51.65,3.7,12.9,264645.0,-1489770.0,3577,34.563813895078084,58.68769728722412,5.683662776850779
1999-02-03,166,1999-02-03,31.0,68.0,0.0,12.0,264585.0,-1489725.0,3577,39.124484184540265,56.1426789928254,3.628634523370822
1999-02-19,167,1999-02-19,41.6666666666667,56.0,1.33333333333333,23.6666666666667,264660.0,-1489735.0,3577,41.259051577930876,56.41116391347746,1.29352371055138
1999-04-08,168,1999-04-08,48.7,47.7,2.45,14.5,264645.0,-1489770.0,3577,40.309163437176,56.04527051894635,2.6675496330291093
1999-05-26,169,1999-05-26,32.95,56.3,9.7,11.3,264645.0,-1489770.0,3577,36.35952716014093,55.75661737642328,6.909155859619222
1999-06-11,170,1999-06-11,29.75,57.9,11.35,11.5,264645.0,-1489770.0,3577,31.97793486183102,54.87064885577997,12.189616936209541
1999-06-27,171,1999-06-27,26.85,57.65,14.7,11.15,264645.0,-1489770.0,3577,27.097881530230424,54.98159735001018,16.93978111671357
1999-07-21,172,1999-07-21,25.3,58.65,15.4,10.6,264645.0,-1489770.0,3577,24.05609019463149,55.21030115394615,19.792087943013776
1999-07-29,173,1999-07-29,17.05,46.95,34.65,6.75,264645.0,-1489770.0,3577,20.171086911021973,58.03950940699299,20.848358194949505
1999-08-14,174,1999-08-14,21.0,62.15,15.85,10.1,264645.0,-1489770.0,3577,19.258274697435905,59.328555500218464,20.461962804993803
1999-08-22,175,1999-08-22,20.8,63.0,15.3,10.05,264645.0,-1489770.0,3577,20.533931239036527,59.721000671146555,18.739671783322237
1999-08-30,176,1999-08-30,18.5,63.6,16.9,9.6,264645.0,-1489770.0,3577,17.997342440838203,62.7674132369085,18.206278551167475
1999-09-07,177,1999-09-07,18.2,64.05,16.85,9.45,264645.0,-1489770.0,3577,17.38860984216761,66.38207798392565,15.204260754722881
1999-09-15,178,1999-09-15,17.75,67.4,13.7,9.55,264645.0,-1489770.0,3577,15.711956309941577,68.2152341466481,15.069051072763992
1999-09-23,179,1999-09-23,17.2,65.85,15.9,9.05,264645.0,-1489770.0,3577,18.92236679728657,66.44300699299707,13.618855138667346
1999-10-09,180,1999-10-09,19.2,64.2,15.5,8.7,264645.0,-1489770.0,3577,19.803751975575643,63.392146398483675,15.686995821513598
1999-10-25,181,1999-10-25,16.9,67.6,14.5,9.55,264645.0,-1489770.0,3577,25.410007794059727,59.64156942128187,13.832262010433318
1999-12-12,182,1999-12-12,38.0,52.9,7.95,11.4,264645.0,-1489770.0,3577,30.44647751628721,56.02321656670665,12.409543397776838
2000-01-13,183,2000-01-13,33.3,45.8,19.7,13.9,264636.0,-1489770.0,3577,34.27800991577569,52.74949555088086,11.841825975879932
2000-02-14,184,2000-02-14,45.95,50.6,2.35,13.35,264645.0,-1489770.0,3577,36.30802788542184,51.44272445819664,11.167705514298273
2000-03-17,185,2000-03-17,23.5,56.5,19.0,19.5,264585.0,-1489770.0,3577,37.7765452813384,51.12517590767601,10.065409513086028
2000-04-02,186,2000-04-02,47.3,47.7,4.05,12.9,264645.0,-1489770.0,3577,35.473881227126704,52.74353092726918,10.820970360906825
2000-04-18,187,2000-04-18,21.0,63.0,15.0,18.0,264585.0,-1489815.0,3577,31.298500725276238,54.82500378877269,12.963902660804749
2000-06-05,188,2000-06-05,29.95,53.45,15.8,10.95,264645.0,-1489770.0,3577,26.309691701483437,57.05714997076373,15.752127129833756
2000-06-21,189,2000-06-21,26.1,58.55,14.55,11.4,264645.0,-1489770.0,3577,23.3447043668371,58.640929658567956,17.10993959600515
2000-07-07,190,2000-07-07,21.25,56.55,21.15,8.7,264645.0,-1489770.0,3577,20.478071618780632,58.74409491436477,19.79810885708423
2000-07-23,191,2000-07-23,9.0,64.1,25.8,20.4,264669.0,-1489752.0,3577,17.170144406674346,61.55455303209801,20.227303037516734
2000-08-08,192,2000-08-08,19.15,59.8,19.95,10.35,264645.0,-1489770.0,3577,12.342294702199974,63.97697936737229,22.573476368829034
2000-08-24,193,2000-08-24,14.45,67.4,17.0,10.05,264645.0,-1489770.0,3577,11.967307421678697,65.23740609234991,21.615124001382384
2000-09-09,194,2000-09-09,14.05,66.9,17.85,8.85,264645.0,-1489770.0,3577,13.525285241072696,65.2602795037682,20.043783151829693
2000-09-25,195,2000-09-25,16.05,59.2,23.55,8.9,264645.0,-1489770.0,3577,20.637821505117184,61.63558964254638,16.599450897397332
2000-10-27,196,2000-10-27,18.05,66.45,14.45,9.75,264645.0,-1489770.0,3577,28.904320022078867,57.905820649929645,12.045986869166184
2000-12-30,197,2000-12-30,42.85,47.6,8.4,11.6,264645.0,-1489770.0,3577,37.231911006944145,52.7401080343726,8.873104797677774
2001-01-31,198,2001-01-31,48.65,48.5,1.75,12.95,264645.0,-1489770.0,3577,42.566243044874454,49.97586221826961,6.302872978413832
2001-03-20,199,2001-03-20,54.65,43.15,1.2,13.85,264645.0,-1489770.0,3577,46.16511317629049,48.100215419248485,4.618208069020073
2001-04-21,200,2001-04-21,36.5625,54.25,7.8125,11.0,264654.375,-1489760.625,3577,44.161201530660875,49.78033622723281,5.028635335252231
2001-05-07,201,2001-05-07,37.6,53.6,7.8,12.55,264645.0,-1489770.0,3577,38.46833039251196,53.455788174665635,7.12769950637491
2001-06-08,202,2001-06-08,30.1,56.8,12.45,11.75,264645.0,-1489770.0,3577,30.65147221199395,57.5027917902445,10.9546363852849
2001-07-10,203,2001-07-10,21.55,65.55,12.05,10.85,264645.0,-1489770.0,3577,23.197094275689885,63.2385925220196,12.720859674379444
2001-07-26,204,2001-07-26,21.0,62.9,15.4,10.95,264645.0,-1489770.0,3577,19.853902173674747,64.699778446518,14.60717820620853
2001-08-11,205,2001-08-11,17.8,69.2,12.1,10.5,264645.0,-1489770.0,3577,19.35936776071935,67.31909545561791,12.474736138472664
2001-08-27,206,2001-08-27,19.15,68.25,11.5,10.0,264645.0,-1489770.0,3577,18.793917382923855,68.60244971745496,11.726139340533875
2001-09-12,207,2001-09-12,18.0,67.75,13.3,9.8,264645.0,-1489770.0,3577,16.882982149426986,70.26412926597635,11.89798608254313
2001-10-14,208,2001-10-14,18.35,71.15,9.65,10.15,264645.0,-1489770.0,3577,15.484261404228128,71.14569053236721,12.428213427437576
2001-10-30,209,2001-10-30,18.5,67.75,12.85,10.65,264645.0,-1489770.0,3577,15.549847366253712,70.49674706097801,13.016739916428374
2001-11-15,210,2001-11-15,17.0,74.5333333333333,7.53333333333333,15.2666666666667,264653.0,-1489783.0,3577,18.541418952561695,67.52430268389011,12.982922701651411
2001-12-01,211,2001-12-01,13.0,61.0,25.0,10.0,264645.0,-1489785.0,3577,23.918898439018708,62.468320379301744,12.634196453699207
2001-12-17,212,2001-12-17,31.65,59.6,7.7,10.25,264645.0,-1489770.0,3577,30.47297408473424,57.493710623732994,10.973692870595254
2002-02-03,213,2002-02-03,38.45,52.4,8.05,11.25,264645.0,-1489770.0,3577,37.16530775725266,52.54280708970326,9.15287225674086
2002-03-07,214,2002-03-07,52.3,42.35,4.15,13.35,264645.0,-1489770.0,3577,42.40435601549519,49.20968520642708,7.286020481065831
2002-03-23,215,2002-03-23,44.65,47.8,6.55,12.3,264645.0,-1489770.0,3577,44.66682976465591,48.68957435752374,5.606333759119299
2002-04-08,216,2002-04-08,38.1,54.75,6.05,12.2,264645.0,-1489770.0,3577,43.38057221415707,50.105011294167895,5.581508945130402
2002-04-24,217,2002-04-24,37.5,54.4,7.3,12.3,264645.0,-1489770.0,3577,38.07334213773273,54.60432245771987,6.435441338845949
2002-05-10,218,2002-05-10,31.5,57.8,10.0,11.8,264645.0,-1489770.0,3577,31.068214293441848,57.75617246529696,10.299351577213814
2002-05-26,219,2002-05-26,27.3,60.2,11.75,10.45,264645.0,-1489770.0,3577,26.366584035155945,60.45604689427315,12.310695187163937
2002-06-27,220,2002-06-27,21.5,61.5,15.9,9.8,264645.0,-1489770.0,3577,22.629041546685222,61.12191214357484,15.376814826038535
2002-07-13,221,2002-07-13,20.4,60.9,17.75,9.65,264645.0,-1489770.0,3577,21.071787655066238,60.02379137889077,17.986458897137325
2002-07-29,222,2002-07-29,18.05,60.6,20.2,9.1,264645.0,-1489770.0,3577,18.360222130807625,60.330511593660475,20.306459330140505
2002-08-14,223,2002-08-14,19.8,55.5,23.95,8.9,264645.0,-1489770.0,3577,17.624633570760963,58.057750763160044,23.357546168997786
2002-08-30,224,2002-08-30,16.45,58.65,24.0,8.45,264645.0,-1489770.0,3577,17.50357227911146,56.91744354715641,24.591466582948975
2002-09-15,225,2002-09-15,14.7,60.2,23.95,7.85,264645.0,-1489770.0,3577,16.030938102143132,58.16195197989995,24.770012340596875
2002-10-01,226,2002-10-01,14.35,59.9,24.55,7.95,264645.0,-1489770.0,3577,12.67574314230471,62.21221827706967,23.988704020434184
2002-10-17,227,2002-10-17,13.55,61.5,23.85,8.05,264645.0,-1489770.0,3577,10.33062092705901,66.16520058887491,22.247197384655358
2002-11-02,228,2002-11-02,14.35,62.85,21.7,7.65,264645.0,-1489770.0,3577,10.796252354455076,68.49346489422865,19.378422351639273
2002-11-18,229,2002-11-18,5.0,83.0,10.0,6.0,264705.0,-1489725.0,3577,14.031751066269097,68.20204377664658,16.39508432743482
2002-12-04,230,2002-12-04,13.55,68.1,17.35,8.55,264645.0,-1489770.0,3577,19.166145619083935,65.48222412261681,14.03209963410992
2003-02-06,231,2003-02-06,26.05,60.5,12.2,10.45,264645.0,-1489770.0,3577,25.079730022295934,61.919699495541636,11.75227218601656
2003-03-26,232,2003-03-26,40.25,48.8,9.8,11.5,264645.0,-1489770.0,3577,30.154541124505656,57.69276559353097,10.992460326050015
2003-04-11,233,2003-04-11,35.55,51.95,11.5,10.9,264645.0,-1489770.0,3577,33.97869514386035,53.27853060251645,11.704270497302803
2003-04-27,234,2003-04-27,32.15,53.25,13.6,10.25,264645.0,-1489770.0,3577,34.63487626923642,51.43328822879138,12.998870943296245
2003-05-13,235,2003-05-13,28.7,56.1,14.25,10.95,264645.0,-1489770.0,3577,32.047052328471686,52.37179631513213,14.671716209484915
2003-05-29,236,2003-05-29,27.65,55.6,15.9,10.5,264645.0,-1489770.0,3577,26.674959405915175,56.24631513995999,16.087426660024875
2003-07-08,237,2003-07-08,21.4,57.25,20.35,9.9,264645.0,-1489770.0,3577,21.986396111625027,58.443919547935586,18.60533027343895
2003-07-16,238,2003-07-16,21.0,59.55,18.4,9.75,264645.0,-1489770.0,3577,19.360947411718513,59.86920803653655,19.74238996297525
2003-07-24,239,2003-07-24,15.7,62.8,20.35,8.65,264645.0,-1489770.0,3577,18.511238606591878,59.52787135464264,20.8848535365532
2003-08-01,240,2003-08-01,18.1,57.6,23.2,9.4,264645.0,-1489770.0,3577,17.04645045356865,60.19452575287589,21.62086102751414
2003-08-09,241,2003-08-09,16.95,60.25,21.7,9.2,264645.0,-1489770.0,3577,16.096709173177352,60.885892745016776,21.8528242655145
2003-08-25,242,2003-08-25,14.9,62.85,21.05,8.9,264645.0,-1489770.0,3577,15.3149411476014,61.07124279228629,22.469135508451036
2003-09-02,243,2003-09-02,16.05,59.2,23.6,8.75,264645.0,-1489770.0,3577,14.813677498969405,60.91277576911342,23.14457554828726
2003-09-10,244,2003-09-10,12.35,62.9,23.55,8.45,264645.0,-1489770.0,3577,12.990607070945687,62.62487605273047,23.214619281643678
2003-09-26,245,2003-09-26,11.95,65.45,21.45,7.95,264645.0,-1489770.0,3577,12.362888710874476,63.6013008147588,22.831142696309563
2003-10-04,246,2003-10-04,11.95,62.4,24.6,7.65,264645.0,-1489770.0,3577,11.527964450408543,65.17441923400702,22.07399597306388
2003-10-12,247,2003-10-12,10.5,64.25,23.9,7.9,264645.0,-1489770.0,3577,11.494399099350936,65.60136612612413,21.71634804823335
2003-10-20,248,2003-10-20,10.9333333333333,69.0666666666667,18.6,7.93333333333333,264645.0,-1489785.0,3577,12.070621071393251,63.48579712340374,23.1935698975912
2003-10-28,249,2003-10-28,11.25,67.1,20.45,8.4,264645.0,-1489770.0,3577,10.751850007575944,65.1875446534792,22.78828400701125
2003-11-05,250,2003-11-05,15.55,59.25,24.15,8.55,264645.0,-1489770.0,3577,10.463051267616258,66.21511885945881,22.078354694837465
2003-11-13,251,2003-11-13,8.4,68.6,21.8,6.9,264645.0,-1489770.0,3577,11.152178368585366,66.48632971774394,21.143258135050644
2003-11-21,252,2003-11-21,11.2,63.4,24.1,8.8,264645.0,-1489770.0,3577,11.134517417565288,69.10385210763435,18.650217043016113
2003-11-29,253,2003-11-29,11.85,71.2,15.65,8.85,264645.0,-1489770.0,3577,13.981149268685881,68.72902554101216,16.23398389535918
2003-12-15,254,2003-12-15,13.3,83.75,2.35,16.15,264645.0,-1489770.0,3577,17.665760684101706,68.82836593230302,12.486077467422351
2004-01-08,255,2004-01-08,29.75,54.3,14.9,9.85,264645.0,-1489770.0,3577,21.974227166019546,68.72277892385225,8.323448378245896
2004-01-24,256,2004-01-24,25.0,67.0,7.0,11.0,264615.0,-1489815.0,3577,26.491190620521024,66.81922991867813,5.735460437394563
2004-02-01,257,2004-02-01,28.625,68.625,1.875,11.875,264607.5,-1489785.0,3577,31.15453362426581,63.15965512814415,4.736555936323029
2004-03-12,258,2004-03-12,42.8,50.0,6.0,12.2,264645.0,-1489815.0,3577,35.65510194139692,59.44192038610654,3.9254385707166213
2004-03-20,259,2004-03-20,31.15,65.45,2.6,8.2,264645.0,-1489770.0,3577,39.69015736584802,54.37809512468142,4.934541928658838
2004-03-28,260,2004-03-28,40.1428571428571,51.4285714285714,7.28571428571429,8.85714285714286,264683.571428571,-1489789.28571429,3577,41.41204731800087,51.7024531969501,5.822884932404187
2004-04-05,261,2004-04-05,44.2,47.9,6.85,12.05,264645.0,-1489770.0,3577,41.37929060103364,51.46982421602395,6.119555135266296
2004-04-13,262,2004-04-13,45.2,46.9,7.0,12.05,264645.0,-1489770.0,3577,41.012838631950146,49.21372536131862,8.750179309852923
2004-04-21,263,2004-04-21,40.25,48.95,9.8,11.3,264645.0,-1489770.0,3577,37.39335726192752,51.446341893393026,10.171557235332804
2004-05-15,264,2004-05-15,27.55,56.15,15.2,10.55,264645.0,-1489770.0,3577,33.318153750269516,54.32932647846696,11.4156873312429
2004-05-23,265,2004-05-23,26.75,61.6,10.6,9.3,264645.0,-1489770.0,3577,29.6198960482198,56.63158513312466,12.836431989061651
2004-06-08,266,2004-06-08,26.55,60.95,11.95,11.6,264645.0,-1489770.0,3577,24.31301562214512,60.77923067643522,14.014147462442583
2004-06-16,267,2004-06-16,23.45,58.3,17.35,10.65,264645.0,-1489770.0,3577,21.800471509910977,61.885486494919974,15.370865512194486
2004-06-24,268,2004-06-24,19.9,62.9,16.1,10.4,264645.0,-1489770.0,3577,20.785928467813903,62.360277338751,15.910361774446086
2004-07-02,269,2004-07-02,20.1,63.35,15.6,10.7,264645.0,-1489770.0,3577,20.40347810084347,62.53041849790141,16.11259390763794
2004-07-10,270,2004-07-10,19.4,62.4,17.1,10.5,264645.0,-1489770.0,3577,19.771872090754584,62.41115200587953,16.824052263523434
2004-07-18,271,2004-07-18,18.9,61.85,18.15,10.15,264645.0,-1489770.0,3577,18.063072376537168,63.6185671913131,17.237120310027954
2004-07-26,272,2004-07-26,18.2,65.95,15.0,10.7,264645.0,-1489770.0,3577,17.248969606242568,64.93576052429572,16.72624449853302
2004-08-03,273,2004-08-03,16.1,65.35,17.5,9.75,264645.0,-1489770.0,3577,16.656687894146707,65.23234087892556,17.065421575326145
2004-08-11,274,2004-08-11,14.85,65.5,18.4,9.8,264645.0,-1489770.0,3577,15.900332484850232,64.87769691607731,18.13243103645309
2004-08-19,275,2004-08-19,15.35,64.65,18.85,9.7,264645.0,-1489770.0,3577,15.039763951216813,65.22846116730591,18.615116307837987
2004-08-27,276,2004-08-27,14.05,66.95,17.85,9.35,264645.0,-1489770.0,3577,14.603113450015293,65.41603396602419,18.839589667295833
2004-09-04,277,2004-09-04,15.2,61.9,21.95,8.95,264645.0,-1489770.0,3577,14.128134558937404,64.81486377398721,19.848183704837083
2004-09-12,278,2004-09-12,13.55,63.4,21.7,8.8,264645.0,-1489770.0,3577,13.616447793690345,62.85304494266403,22.342066447481074
2004-09-20,279,2004-09-20,12.7857142857143,65.2142857142857,20.7857142857143,8.57142857142857,264640.714285714,-1489787.14285714,3577,12.73860999681243,62.632664549063854,23.47305759255873
2004-09-28,280,2004-09-28,11.6,64.7,22.55,8.35,264645.0,-1489770.0,3577,11.818390897026905,63.44431450901091,23.565041614728496
2004-10-14,281,2004-10-14,11.0,61.8,25.9,8.1,264645.0,-1489770.0,3577,10.529226023060648,65.60669968926798,22.632258819139757
2004-10-22,282,2004-10-22,9.7,62.35,26.85,8.1,264645.0,-1489770.0,3577,10.193629983862069,67.0934527335778,21.495559211401762
2004-10-30,283,2004-10-30,9.85,69.05,20.0,8.7,264645.0,-1489770.0,3577,11.33308821771923,65.65660177142449,21.736893826687925
2004-11-07,284,2004-11-07,10.0909090909091,76.7272727272727,11.6363636363636,8.90909090909091,264650.454545455,-1489744.09090909,3577,10.098625958897456,67.03470330681544,21.591544481408963
2004-11-15,285,2004-11-15,11.65,67.0,20.05,8.5,264645.0,-1489770.0,3577,9.053640730222543,69.68795014441312,19.912040506633637
2004-12-01,286,2004-12-01,11.35,64.35,23.0,8.95,264645.0,-1489770.0,3577,9.425258726636434,71.97235283244622,17.27691047108182
2004-12-09,287,2004-12-09,14.9,63.1,20.8,7.75,264645.0,-1489770.0,3577,12.051395649100014,72.04552510533702,14.627486965607488
2004-12-17,288,2004-12-17,11.25,74.05,13.25,8.2,264645.0,-1489770.0,3577,18.789621987916398,67.19656952953162,12.780902379352483
2004-12-25,289,2004-12-25,13.95,83.9,1.3,9.35,264645.0,-1489770.0,3577,24.51203858061077,63.11432520007428,11.293179833580627
2005-01-18,290,2005-01-18,41.35,50.45,7.05,10.8,264645.0,-1489770.0,3577,29.968648379479816,59.87939444455577,9.164598713978151
2005-02-19,291,2005-02-19,41.35,48.65,9.2,11.35,264645.0,-1489770.0,3577,37.51479103970803,56.61455721779953,4.957918912871731
2005-02-27,292,2005-02-27,43.5,45.5833333333333,9.91666666666667,11.0,264652.5,-1489747.5,3577,41.50349000843737,52.45175186010315,5.149250543057824
2005-03-07,293,2005-03-07,39.1,50.6,9.45,10.85,264645.0,-1489770.0,3577,41.44795081079292,49.687813115669464,7.941017341790149
2005-03-15,294,2005-03-15,28.4,64.4,6.4,20.0,264591.0,-1489761.0,3577,38.64373949063775,49.30995222526993,11.076502341825762
2005-03-23,295,2005-03-23,44.3,47.75,6.7,11.75,264645.0,-1489770.0,3577,33.459902790702756,52.160538584215004,13.287544292650662
2005-04-08,296,2005-04-08,34.0,51.15,13.85,9.7,264645.0,-1489770.0,3577,29.2381974063045,55.61859208901723,14.107892571822344
2005-04-24,297,2005-04-24,13.6666666666667,54.6666666666667,30.3333333333333,22.6666666666667,264695.0,-1489735.0,3577,28.26934840185193,54.53886062337261,16.162280340915686
2005-05-02,298,2005-05-02,29.45,54.4,15.35,10.4,264645.0,-1489770.0,3577,26.384219186382435,54.56682579545542,18.032272474684632
2005-05-10,299,2005-05-10,29.1,56.05,13.85,10.3,264645.0,-1489770.0,3577,25.34243434583614,54.180424992955594,19.450599709884727
2005-05-18,300,2005-05-18,25.25,55.95,17.85,10.35,264645.0,-1489770.0,3577,23.811388714481133,55.306591035375334,19.851555926011162
2005-06-03,301,2005-06-03,22.85,56.25,20.1,9.8,264645.0,-1489770.0,3577,22.190976206452767,57.127031327796786,19.665054450190834
2005-06-11,302,2005-06-11,19.7,54.95,23.8,7.65,264645.0,-1489770.0,3577,22.752249453329643,55.72983610815595,20.398949966439183
2005-06-27,303,2005-06-27,19.6,56.4,22.8,9.35,264645.0,-1489770.0,3577,20.53967142248569,55.88218479146437,22.42018590284509
2005-07-13,304,2005-07-13,19.4,56.1,23.5,9.0,264645.0,-1489770.0,3577,17.129221243150575,56.40917534477063,25.240449024655778
2005-07-21,305,2005-07-21,16.25,57.9,24.65,8.7,264645.0,-1489770.0,3577,16.95819459178339,56.42729004740545,25.420063218511434
2005-07-29,306,2005-07-29,16.4,55.25,27.2,8.75,264645.0,-1489770.0,3577,15.884569919242466,57.72196843403411,25.170155231761377
2005-08-14,307,2005-08-14,14.85,57.35,26.4,8.85,264645.0,-1489770.0,3577,15.012732468767375,57.851965836012916,25.939197644456925
2005-08-22,308,2005-08-22,13.8,60.0,25.2,8.8,264645.0,-1489725.0,3577,14.464335664333504,57.05743467058403,27.32693606702486
2005-08-30,309,2005-08-30,14.45,55.9,28.35,8.3,264645.0,-1489770.0,3577,14.010020784167297,56.083580506172744,28.68658122063266
2005-09-07,310,2005-09-07,13.1,56.1,29.6,8.05,264645.0,-1489770.0,3577,13.574182164582613,55.945532486081404,29.28111022104393
2005-09-15,311,2005-09-15,13.05,56.5,29.3,8.05,264645.0,-1489770.0,3577,13.425536383119518,55.56199347607186,29.869374742899687
2005-09-23,312,2005-09-23,15.4,49.6,34.0,8.2,264645.0,-1489815.0,3577,12.991034301094277,55.69557205779283,30.180178541783942
2005-10-01,313,2005-10-01,11.75,59.05,27.95,8.05,264645.0,-1489770.0,3577,14.284421615534027,55.56222224626967,28.998943471384962
2005-10-09,314,2005-10-09,11.35,61.25,26.15,8.1,264645.0,-1489770.0,3577,11.761337114895724,58.883547670071366,28.22290155664347
2005-10-17,315,2005-10-17,11.7,59.9,27.4,7.4,264645.0,-1489770.0,3577,9.977253963784982,60.63129809645932,28.225370037594917
2005-10-25,316,2005-10-25,13.25,59.5,26.1,8.1,264645.0,-1489770.0,3577,9.748628461320507,62.85253884401553,26.21867111216564
2005-11-02,317,2005-11-02,10.6,65.8,22.3,9.15,264645.0,-1489770.0,3577,11.5416000021633,64.94053291908358,22.31220880512342
2005-11-10,318,2005-11-10,10.6666666666667,66.8888888888889,21.3333333333333,9.0,264638.333333333,-1489801.66666667,3577,14.49453228591843,65.4203152468168,18.940830713469232
2005-11-26,319,2005-11-26,8.75,67.8,22.45,9.4,264645.0,-1489770.0,3577,18.814210734268627,64.04504515770057,16.087949583003795
2006-02-06,320,2006-02-06,38.55,54.0,6.15,10.05,264645.0,-1489770.0,3577,24.055174691281987,62.65218859543734,12.339724498654132
2006-02-22,321,2006-02-22,31.0,68.5,0.0,25.0,264690.0,-1489785.0,3577,30.348325695944187,59.17467607663481,9.606164123339239
2006-03-02,322,2006-03-02,33.8,52.4,12.8,10.8,264645.0,-1489725.0,3577,36.48276190160931,56.567551892995624,6.1633066542377835
2006-03-10,323,2006-03-10,36.0,51.0,12.5,11.0,264690.0,-1489725.0,3577,41.468509462260386,52.713365005254644,5.052679650884453
2006-04-11,324,2006-04-11,45.0625,50.875,3.0625,13.4375,264650.625,-1489773.75,3577,43.39625320431458,50.21778055241131,5.501043913583829
2006-04-19,325,2006-04-19,46.3157894736842,48.3684210526316,4.36842105263158,12.4736842105263,264648.157894737,-1489767.63157895,3577,42.973550876768755,48.15527146661755,7.873131148221627
2006-05-05,326,2006-05-05,42.8,49.0,7.0,12.4,264645.0,-1489815.0,3577,40.823831830539106,47.65222484049375,10.435453531313142
2006-05-13,327,2006-05-13,38.85,50.35,9.75,11.25,264645.0,-1489770.0,3577,40.43198182581031,47.00562542801127,11.413839775588517
2006-05-21,328,2006-05-21,35.25,40.25,23.25,7.25,264705.0,-1489770.0,3577,36.563295957336855,49.67806720327976,12.6647190576229
2006-05-29,329,2006-05-29,31.05,54.75,13.0,10.95,264645.0,-1489770.0,3577,32.97190309893296,50.14071067842927,15.849474940488133
2006-06-06,330,2006-06-06,31.1,52.65,15.65,10.95,264645.0,-1489770.0,3577,29.94670866040795,51.980592724849245,17.148467110530706
2006-06-14,331,2006-06-14,28.65,55.95,14.55,10.75,264645.0,-1489770.0,3577,28.51943221557224,53.54449199569387,17.037330929211635
2006-06-22,332,2006-06-22,28.5,53.1,17.45,10.7,264645.0,-1489770.0,3577,27.22286406765387,55.716093943525735,16.19083793019513
2006-06-30,333,2006-06-30,25.45,57.15,16.45,9.85,264645.0,-1489770.0,3577,25.9715992985304,57.139397908584414,16.003794193420287
2006-07-08,334,2006-07-08,25.0,55.65,18.5,10.35,264645.0,-1489770.0,3577,25.134586156873418,57.234318777189486,16.740928576065393
2006-07-16,335,2006-07-16,23.15,59.65,16.05,10.6,264645.0,-1489770.0,3577,23.575592673576764,56.90580982484157,18.520044815862484
2006-07-24,336,2006-07-24,22.35,57.5,19.25,10.4,264645.0,-1489770.0,3577,22.352435644847166,58.134674922591934,18.463180627419355
2006-08-01,337,2006-08-01,21.4,60.1,17.5,10.0,264645.0,-1489770.0,3577,21.34231635237508,58.212089458520396,19.395860486260062
2006-08-09,338,2006-08-09,21.2,54.15,23.55,8.65,264645.0,-1489770.0,3577,20.18332070406072,58.99063954620348,19.729980081834718
2006-08-25,339,2006-08-25,18.75,61.0,19.0,9.65,264645.0,-1489770.0,3577,19.208155621465444,59.02332806511491,20.622516183503812
2006-09-02,340,2006-09-02,16.1,62.85,19.75,9.4,264645.0,-1489770.0,3577,17.83661640217101,59.96500086599809,21.001177228341277
2006-09-10,341,2006-09-10,19.3,58.05,21.65,9.15,264645.0,-1489770.0,3577,16.566894715189452,61.370145489176565,20.82380328649367
2006-10-04,342,2006-10-04,14.1,63.2,21.35,8.35,264645.0,-1489770.0,3577,15.349401372618894,62.84616791875915,20.507161878366244
2006-10-12,343,2006-10-12,15.15,64.0,19.6,8.15,264645.0,-1489770.0,3577,14.829675355601935,63.852208859242666,20.058781852819102
2006-10-20,344,2006-10-20,14.25,62.6,21.8,8.15,264645.0,-1489770.0,3577,14.838136064140038,63.39882259122798,20.539213521253796
2006-10-28,345,2006-10-28,13.95,65.85,18.95,8.2,264645.0,-1489770.0,3577,15.282683951853945,62.001137670774185,21.499631717052473
2006-11-05,346,2006-11-05,15.45,62.0,21.4,8.25,264645.0,-1489770.0,3577,15.201008091645043,61.25524694147891,22.302001664937684
2006-11-13,347,2006-11-13,16.125,58.375,24.375,8.375,264656.25,-1489736.25,3577,14.225967847787793,61.77947001852926,22.771044045794785
2006-11-21,348,2006-11-21,15.9,60.7,22.25,8.8,264645.0,-1489770.0,3577,13.997982189402428,61.71629206200311,23.095789479340937
2006-11-29,349,2006-11-29,13.875,59.625,25.125,7.125,264656.25,-1489736.25,3577,13.365699763416764,64.21872524821393,21.200566205175136
2006-12-07,350,2006-12-07,14.05,67.85,16.8,9.35,264645.0,-1489770.0,3577,15.751541556237807,63.72532663110841,19.30390047031537
2006-12-23,351,2006-12-23,16.0555555555556,65.0555555555556,17.7777777777778,10.1666666666667,264651.666666667,-1489773.33333333,3577,20.24198754208924,61.80557907711875,16.733128233285093
2007-01-16,352,2007-01-16,24.1176470588235,64.4705882352941,10.3529411764706,12.1176470588235,264641.470588235,-1489769.11764706,3577,25.965332209218335,59.86935780481599,12.984536106761457
2007-01-24,353,2007-01-24,34.9,52.75,11.1,10.8,264645.0,-1489770.0,3577,32.40441594615669,56.36587710382625,10.146431785598915
2007-02-09,354,2007-02-09,39.25,52.6,7.1,11.95,264645.0,-1489770.0,3577,37.07480599389534,53.48771293761389,8.366703422438835
2007-02-17,355,2007-02-17,45.45,41.7,11.85,10.55,264645.0,-1489770.0,3577,40.58829984135332,52.24097351078905,6.172273935012039
2007-03-29,356,2007-03-29,36.8,60.15,2.1,14.1,264645.0,-1489770.0,3577,40.05045457940962,52.14992771599623,6.784296182478558
2007-04-06,357,2007-04-06,34.65,57.3,7.05,12.85,264645.0,-1489770.0,3577,36.727042839184506,54.777350526395324,7.4659100071491
2007-04-22,358,2007-04-22,32.65,56.05,10.25,11.6,264645.0,-1489770.0,3577,32.31068932887791,57.1486017806548,9.527172520915407
2007-04-30,359,2007-04-30,27.75,61.3,9.75,11.15,264645.0,-1489770.0,3577,28.105211261144053,59.81933061474145,11.050175557458553
2007-05-08,360,2007-05-08,27.85,58.15,13.25,11.45,264645.0,-1489770.0,3577,25.160780705358995,60.53439671782421,13.214072614689833
2007-05-16,361,2007-05-16,17.6666666666667,59.9166666666667,21.0,7.83333333333333,264615.0,-1489770.0,3577,22.929113713940012,61.165374511959804,14.816886055119134
2007-06-01,362,2007-06-01,24.95,62.8,11.35,11.65,264645.0,-1489770.0,3577,21.933357509360434,60.63545865897902,16.361947649870903
2007-06-09,363,2007-06-09,21.75,61.0,16.2,11.5,264645.0,-1489770.0,3577,20.641941804322627,62.222855008759026,16.07292537183938
2007-07-03,364,2007-07-03,18.5,64.65,15.65,11.25,264645.0,-1489770.0,3577,19.893320559726256,62.52531086044084,16.526404555194656
2007-07-11,365,2007-07-11,19.55,61.9,17.5,11.25,264645.0,-1489770.0,3577,19.145987139792325,63.41268483837196,16.33053865638761
2007-07-19,366,2007-07-19,18.2,64.65,16.2,10.85,264645.0,-1489770.0,3577,18.40603606919121,64.72197276406835,15.713681829004559
2007-07-27,367,2007-07-27,18.6,63.8,16.35,11.05,264645.0,-1489770.0,3577,17.758216963632265,65.1823742305069,15.944000736103618
2007-08-04,368,2007-08-04,16.4,66.35,16.0,10.75,264645.0,-1489770.0,3577,16.391585658920672,65.9484498473564,16.48544675138856
2007-08-12,369,2007-08-12,15.0,68.05,15.8,10.0,264645.0,-1489770.0,3577,16.72193685025342,65.62624020487728,16.520925787013283
2007-08-20,370,2007-08-20,16.6,66.95,15.25,10.9,264645.0,-1489770.0,3577,16.131801116382572,66.86254277500774,15.91648794658027
2007-08-28,371,2007-08-28,16.6,64.0,18.55,10.55,264645.0,-1489770.0,3577,15.9591404497864,65.40435194016442,17.514009574469537
2007-09-05,372,2007-09-05,14.6,65.6,18.7,10.45,264645.0,-1489770.0,3577,14.67512942347908,65.99930076296783,18.192443642677677
2007-09-13,373,2007-09-13,15.0,66.3,17.4,10.3,264645.0,-1489770.0,3577,14.896751008959669,65.5688903520348,18.419671286641762
2007-09-21,374,2007-09-21,13.7,67.0,18.25,9.75,264645.0,-1489770.0,3577,13.422099735993191,67.08134678105449,18.291068219703256
2007-09-29,375,2007-09-29,11.55,72.45,14.75,9.75,264645.0,-1489770.0,3577,11.261772283442424,70.42494265886037,17.15156301538307
2007-10-15,376,2007-10-15,12.6470588235294,63.3529411764706,22.6470588235294,8.82352941176471,264639.705882353,-1489777.94117647,3577,11.19666695533401,73.85625537273495,13.82464509629664
2007-10-31,377,2007-10-31,10.2,85.8,3.2,15.0,264645.0,-1489815.0,3577,13.634769928666998,74.93946324117306,10.40279535616295
2007-11-16,378,2007-11-16,18.9,67.45,12.7,10.0,264645.0,-1489770.0,3577,15.745856426852528,74.43360222002345,8.893464368902395
2007-12-18,379,2007-12-18,10.7058823529412,82.5294117647059,5.76470588235294,5.70588235294118,264653.823529412,-1489763.82352941,3577,19.189787229704237,71.27740861395779,8.57585457703705
2008-01-03,380,2008-01-03,31.35,64.35,3.75,13.9,264645.0,-1489770.0,3577,24.044040390947657,67.21978628727761,7.793607673967555
2008-01-19,381,2008-01-19,33.85,57.85,7.0,11.15,264645.0,-1489770.0,3577,28.92080784130753,62.750032475255296,7.409856131392539
2008-01-27,382,2008-01-27,28.3,55.35,15.5,9.2,264645.0,-1489770.0,3577,33.714430654479806,58.28863321161667,7.11499155324627
2008-02-04,383,2008-02-04,31.7,57.85,9.3,11.15,264645.0,-1489770.0,3577,37.37645804386277,54.6551788495524,7.085422172071994
2008-02-28,384,2008-02-28,45.7,52.6,1.0,12.6,264645.0,-1489770.0,3577,39.06277654915981,54.565676192311635,5.51095382717728
2008-03-15,385,2008-03-15,40.5625,58.75,0.1875,14.3125,264660.0,-1489770.0,3577,40.73621238758811,52.65103557887328,5.734750777813571
2008-03-23,386,2008-03-23,39.25,51.9,7.8,11.8,264645.0,-1489770.0,3577,39.30034272547117,54.61278742200345,5.175292420654515
2008-04-08,387,2008-04-08,38.8,52.9,7.35,12.35,264645.0,-1489770.0,3577,38.97615449565332,54.50375197557045,5.582056333758285
2008-04-16,388,2008-04-16,33.65,55.9,9.1,10.5,264645.0,-1489770.0,3577,36.16435271384421,54.54256532939928,8.242483329362901
2008-04-24,389,2008-04-24,33.2,52.95,12.9,11.1,264645.0,-1489770.0,3577,31.114870153062096,55.67542813223096,12.150142079281128
2008-05-02,390,2008-05-02,29.25,58.75,11.05,10.5,264645.0,-1489770.0,3577,26.952110776216657,57.32812667208095,14.651592641102834
2008-06-03,391,2008-06-03,20.1,61.65,17.15,11.35,264645.0,-1489770.0,3577,24.03190601967333,58.6850298308415,16.249339669615882
2008-06-27,392,2008-06-27,22.35,57.35,19.35,10.55,264645.0,-1489770.0,3577,20.60106020140542,60.499856954182285,17.905064788150348
2008-07-13,393,2008-07-13,17.35,60.1,21.6,10.3,264645.0,-1489770.0,3577,18.182701663658698,60.11481289607326,20.689743228904227
2008-07-21,394,2008-07-21,16.2,62.9,19.8,9.9,264645.0,-1489770.0,3577,16.889834314289995,60.12038781650885,21.942578319510027
2008-07-29,395,2008-07-29,17.5,58.65,22.65,9.85,264645.0,-1489770.0,3577,15.910593585978205,60.11236534362571,22.830636082180657
2008-08-06,396,2008-08-06,14.6,60.1,24.05,9.6,264645.0,-1489770.0,3577,15.564436492297943,60.349408795529804,22.914833618390567
2008-08-14,397,2008-08-14,16.2857142857143,58.7142857142857,24.0,8.85714285714286,264632.142857143,-1489806.42857143,3577,15.246038172351685,60.41963872040368,23.113794409920988
2008-08-22,398,2008-08-22,14.4,60.4,23.9,8.9,264645.0,-1489770.0,3577,14.604122348237816,60.73023972930186,23.422398190041747
2008-08-30,399,2008-08-30,14.0,64.3,20.3,8.35,264645.0,-1489770.0,3577,14.337239540642972,61.09559836447468,23.327252159601617
2008-09-07,400,2008-09-07,12.6,60.4,25.8,8.65,264645.0,-1489770.0,3577,13.696545868989643,60.0587768268793,24.970612050484483
2008-10-01,401,2008-10-01,13.6,60.15,25.05,8.1,264645.0,-1489770.0,3577,13.106574230720877,60.30752977671581,25.3035289787574
2008-10-09,402,2008-10-09,13.7,57.5,27.5,8.55,264645.0,-1489770.0,3577,11.813739356616846,60.776057997720734,26.13171209594968
2008-10-17,403,2008-10-17,11.4,64.55,22.8,7.35,264645.0,-1489770.0,3577,11.2085292416545,61.419464436483125,26.108736928702065
2008-10-25,404,2008-10-25,11.35,59.7,27.55,8.2,264645.0,-1489770.0,3577,12.092429087938116,63.120450602020114,23.553247526463817
2008-11-10,405,2008-11-10,14.2,60.6,24.0,7.65,264645.0,-1489770.0,3577,13.961272164366052,63.81162614474354,20.946965727767555
2008-12-04,406,2008-12-04,14.7,73.2,11.05,12.6,264645.0,-1489770.0,3577,17.749936131976824,64.0910433219935,16.891120180126943
2008-12-12,407,2008-12-12,22.2,60.15,16.3,8.85,264645.0,-1489770.0,3577,22.843779904302806,62.466483361830065,13.484408625428284
2008-12-28,408,2008-12-28,33.25,58.3,7.2,11.1,264645.0,-1489770.0,3577,29.395719760111653,59.23954296476631,10.220448591654495
2009-01-13,409,2009-01-13,33.85,57.2,7.8,11.05,264645.0,-1489770.0,3577,35.56315789473153,55.45569074887131,7.881518326873185
2009-02-22,410,2009-02-22,39.6,46.9,12.5,9.6,264645.0,-1489770.0,3577,39.216201909539706,52.671826625379126,7.027644027797776
2009-03-02,411,2009-03-02,43.8,52.8,2.55,12.0,264645.0,-1489770.0,3577,42.97976249755793,48.26458680637526,7.690125354520489
2009-03-10,412,2009-03-10,42.55,47.15,9.15,11.65,264645.0,-1489770.0,3577,43.28325358851028,46.899010586929265,8.810903028858368
2009-03-18,413,2009-03-18,41.65,48.65,8.6,11.85,264645.0,-1489770.0,3577,40.680564719865615,49.950683479409044,8.331812186383457
2009-03-26,414,2009-03-26,36.2,52.65,10.05,14.15,264645.0,-1489770.0,3577,37.37112332772646,52.719014850347776,8.838527404958565
2009-04-03,415,2009-04-03,35.25,52.5,11.2,11.2,264645.0,-1489770.0,3577,34.102826263990494,56.15574295910442,8.642436594126181
2009-04-11,416,2009-04-11,34.25,57.75,7.05,10.5,264645.0,-1489770.0,3577,30.11945476528262,60.01560503082588,8.788672128061148
2009-04-27,417,2009-04-27,17.9,70.5,10.4,20.0,264645.0,-1489800.0,3577,27.923843172779236,59.57966423906234,11.44964177284797
2009-05-05,418,2009-05-05,29.1538461538462,61.7692307692308,7.92307692307692,12.3076923076923,264665.769230769,-1489761.92307692,3577,26.296932169993266,60.48427764185375,12.201668146093567
2009-05-13,419,2009-05-13,27.6,54.9,16.75,10.5,264645.0,-1489770.0,3577,25.25627513710014,59.70544202165126,13.985971851437727
2009-05-21,420,2009-05-21,24.9,56.65,17.25,10.3,264645.0,-1489770.0,3577,24.223653817005765,59.977017921340945,14.726074972893443
2009-06-06,421,2009-06-06,23.25,58.55,17.2,10.05,264645.0,-1489770.0,3577,22.90395856822045,59.969450768322496,16.02935230998816
2009-06-14,422,2009-06-14,22.95,56.15,19.65,9.75,264645.0,-1489770.0,3577,22.191760148565873,59.86066978983446,16.8381236291666
2009-06-22,423,2009-06-22,17.85,73.2,7.85,11.05,264645.0,-1489770.0,3577,21.316016692772685,60.52838921020917,17.04557953358604
2009-06-30,424,2009-06-30,20.25,59.1,19.5,9.7,264645.0,-1489770.0,3577,19.14647121226693,61.88977353914509,17.83750460065983
2009-07-08,425,2009-07-08,17.85,61.6,19.5,9.4,264645.0,-1489770.0,3577,19.08850318320986,62.146108380774024,17.649818138515194
2009-07-16,426,2009-07-16,20.5,55.45,22.95,9.25,264645.0,-1489770.0,3577,18.65554180839824,60.34137240467608,19.912137088914296
2009-07-24,427,2009-07-24,19.25,60.65,19.0,9.1,264645.0,-1489770.0,3577,17.887178277314003,59.88222881348922,21.089765239916886
2009-08-09,428,2009-08-09,16.2,60.8,21.85,8.95,264645.0,-1489770.0,3577,16.884120614404004,60.18770811231212,21.767902530902376
2009-08-17,429,2009-08-17,14.7647058823529,63.0,21.0,8.94117647058824,264639.705882353,-1489777.94117647,3577,15.98175845279958,60.430469375816386,22.398407629518836
2009-08-25,430,2009-08-25,14.85,62.45,21.4,8.65,264645.0,-1489770.0,3577,14.820305275975976,62.521846471372726,21.445032727846858
2009-09-02,431,2009-09-02,14.95,58.3,25.5,8.15,264645.0,-1489770.0,3577,14.576676137555399,61.9191961289392,22.232244690290898
2009-09-10,432,2009-09-10,13.3,68.65,16.85,7.55,264645.0,-1489770.0,3577,14.297422992230548,62.85856156226733,21.530905626877633
2009-09-18,433,2009-09-18,14.8666666666667,59.9333333333333,23.9333333333333,7.93333333333333,264645.0,-1489755.0,3577,14.437579442348735,63.80018005729126,20.44938549582206
2009-09-26,434,2009-09-26,15.25,61.8,21.6,8.1,264645.0,-1489770.0,3577,14.272456836550507,64.67608088504954,19.74143410768502
2009-10-04,435,2009-10-04,13.5,67.5,17.5,8.25,264660.0,-1489725.0,3577,13.648949775409225,64.7964309684027,20.251812119765745
2009-10-12,436,2009-10-12,12.65,67.75,18.35,8.05,264645.0,-1489770.0,3577,12.445923866091375,65.74831705960754,20.49837984512601
2009-10-28,437,2009-10-28,11.1,69.65,18.15,8.0,264645.0,-1489770.0,3577,11.158044123057934,66.82033168069322,20.76107298274171
2009-11-05,438,2009-11-05,11.5,63.8,23.55,7.95,264645.0,-1489770.0,3577,10.744019138754371,68.45841758859312,19.6328768754436
2009-11-13,439,2009-11-13,12.4,64.2,22.1,7.85,264645.0,-1489770.0,3577,12.67741958763441,69.7943648198962,16.399027185402446
2009-11-29,440,2009-11-29,13.45,73.0,12.5,10.75,264645.0,-1489770.0,3577,15.6983913918875,68.87794929527647,14.356213600638696
2009-12-15,441,2009-12-15,17.95,73.15,7.9,9.95,264645.0,-1489770.0,3577,19.712415293681698,68.2495128710197,10.975929333822432
2009-12-23,442,2009-12-23,26.65,66.3,6.15,10.6,264645.0,-1489770.0,3577,23.916711771197356,67.3284461668262,7.722401437570564
2010-01-08,443,2010-01-08,33.05,62.05,3.75,9.95,264645.0,-1489770.0,3577,29.958351638830607,63.1404328702877,5.903435133572382
2010-01-16,444,2010-01-16,34.6,55.25,9.05,10.6,264645.0,-1489770.0,3577,35.19044069766335,58.530942765251716,5.315261459187788
2010-01-24,445,2010-01-24,32.55,58.7,8.05,13.5,264645.0,-1489770.0,3577,38.883968599466485,53.95106430046086,6.216367228071466
2010-02-01,446,2010-02-01,42.65,51.85,4.4,11.65,264645.0,-1489770.0,3577,40.85369668435265,51.37858139716148,6.787784637366857
2010-02-09,447,2010-02-09,43.75,46.75,8.7,11.45,264645.0,-1489770.0,3577,40.45420249353916,51.70180365398694,6.920021056183391
2010-03-13,448,2010-03-13,43.1538461538462,49.1538461538462,6.61538461538461,10.4615384615385,264638.076923077,-1489789.61538462,3577,38.581174329620595,53.00285229046048,7.5078677943991785
2010-04-22,449,2010-04-22,30.3,62.75,6.15,14.4,264645.0,-1489770.0,3577,35.85722738402605,55.70981782763518,7.549184565532566
2010-04-30,450,2010-04-30,32.45,58.25,8.4,12.85,264645.0,-1489770.0,3577,33.104621868560734,57.906054027729105,8.147923775833958
2010-06-01,451,2010-06-01,29.6666666666667,58.7333333333333,10.7333333333333,12.4,264645.0,-1489755.0,3577,30.160526389802683,58.837498901291006,10.169848335886337
2010-06-17,452,2010-06-17,25.2,61.2,12.9,12.0,264645.0,-1489770.0,3577,26.516596636668893,61.27288493041328,11.357734414508126
2010-07-03,453,2010-07-03,25.7,62.55,10.7,11.4,264645.0,-1489770.0,3577,23.719185387126593,63.22323830015193,12.10459991306439
2010-07-19,454,2010-07-19,23.8888888888889,63.8888888888889,11.4444444444444,12.2222222222222,264651.666666667,-1489738.33333333,3577,21.755771095086725,64.117715136591,13.169185424137005
2010-08-04,455,2010-08-04,21.65,60.4,16.85,10.2,264645.0,-1489770.0,3577,19.082998116431796,66.31380090496748,13.571599298532247
2010-10-07,456,2010-10-07,14.35,71.7,12.55,7.6,264645.0,-1489770.0,3577,16.95846990986056,68.32757294304261,13.640988835723636
2010-10-23,457,2010-10-23,13.4,75.05,10.6,11.0,264645.0,-1489770.0,3577,17.818684342830288,67.88913473866019,13.191376854997173
2010-11-08,458,2010-11-08,20.9,64.7,13.55,10.65,264645.0,-1489770.0,3577,20.202207493226144,67.60685552836244,11.13335910735125
2010-11-24,459,2010-11-24,26.6,61.4,11.0,11.1,264645.0,-1489770.0,3577,23.879931626677287,65.39522144521166,9.716924458409075
2010-12-10,460,2010-12-10,27.35,63.15,8.2,10.05,264645.0,-1489770.0,3577,30.008182821645832,61.21169386168471,7.763918812524466
2010-12-26,461,2010-12-26,40.35,54.35,4.4,12.1,264645.0,-1489770.0,3577,36.03486425854309,56.577231231092746,6.393603249175047
2011-01-03,462,2011-01-03,38.6,57.35,3.15,10.95,264645.0,-1489770.0,3577,40.90895513154963,52.21632856306998,5.816482433973825
2011-01-27,463,2011-01-27,41.9,51.35,5.65,12.55,264645.0,-1489770.0,3577,43.204176937607016,50.58806101018966,5.065797205889329
2011-02-12,464,2011-02-12,45.2,42.5333333333333,11.0,9.86666666666667,264645.0,-1489785.0,3577,43.88163693890591,49.96373306775036,5.0604604373946644
2011-03-16,465,2011-03-16,45.6428571428571,50.5,2.78571428571429,11.7857142857143,264640.714285714,-1489787.14285714,3577,43.256055245058064,49.213169956970646,6.49487153713063
2011-04-17,466,2011-04-17,38.05,53.5,7.45,12.6,264645.0,-1489770.0,3577,40.78968229911892,50.23824627384247,7.9601186738945735
2011-05-03,467,2011-05-03,37.85,52.6,8.55,12.0,264645.0,-1489770.0,3577,36.756330202299935,52.990032774235374,9.264568867663456
2011-05-19,468,2011-05-19,33.05,55.1,11.05,11.8,264645.0,-1489770.0,3577,33.681775654680834,54.85425441430814,10.546503960434274
2011-06-04,469,2011-06-04,29.7,56.8,12.75,11.7,264645.0,-1489770.0,3577,29.372907742408003,57.80496995263934,11.964722583915844
2011-06-20,470,2011-06-20,25.45,59.1,14.4,11.3,264645.0,-1489770.0,3577,26.300493314730872,59.31378410030775,13.532838369059261
2011-06-28,471,2011-06-28,23.8,61.9,13.35,11.1,264645.0,-1489770.0,3577,23.747079081905262,60.61445705995884,14.736705090572864
2011-07-06,472,2011-07-06,22.7857142857143,61.2857142857143,15.0714285714286,10.6428571428571,264649.285714286,-1489752.85714286,3577,22.4682042415755,61.97662987166705,14.629066908321695
2011-07-22,473,2011-07-22,22.05,61.15,15.85,10.75,264645.0,-1489770.0,3577,21.057548488659897,62.807454310386106,15.162112500500331
2011-07-30,474,2011-07-30,18.5,66.05,14.5,10.8,264645.0,-1489770.0,3577,20.392432335463347,63.3695340263357,15.184861423404051
2011-08-07,475,2011-08-07,20.95,62.35,15.5,10.25,264645.0,-1489770.0,3577,20.403563773684564,62.731161253597705,15.762463233358716
2011-08-15,476,2011-08-15,18.75,62.95,17.15,10.4,264645.0,-1489770.0,3577,19.282728726379094,62.29259579428928,17.30407054245805
2011-08-23,477,2011-08-23,21.35,59.05,18.5,9.9,264645.0,-1489770.0,3577,17.576223930865265,62.37835106069468,18.88825941859715
2011-08-31,478,2011-08-31,16.15,65.05,17.55,9.85,264645.0,-1489770.0,3577,17.038460610594285,62.884994417337964,18.9515677820603
2011-09-16,479,2011-09-16,19.2,61.0,18.7,9.15,264645.0,-1489770.0,3577,19.694524825017236,61.72283784326205,17.48330261069938
2011-09-24,480,2011-09-24,20.3,59.3,19.5,9.3,264645.0,-1489770.0,3577,23.38358808373939,60.307528848851106,15.268314966764699
2011-10-26,481,2011-10-26,19.9,65.6,13.5,10.05,264645.0,-1489770.0,3577,25.104466431397668,60.94661391239427,12.928445084325505
2011-11-27,482,2011-11-27,34.6,58.55,5.7,11.4,264645.0,-1489770.0,3577,28.3369825221176,60.469891254247536,10.129645895898255
2011-12-13,483,2011-12-13,39.0,55.35,4.6,11.6,264645.0,-1489770.0,3577,31.95830538726205,58.91728378572418,8.023453158155025
2012-01-14,484,2012-01-14,35.4,54.8,8.65,10.65,264645.0,-1489770.0,3577,35.55034737285824,56.54271742891781,6.798860821136752
2012-01-30,485,2012-01-30,25.6,62.5,10.9,12.4,264609.0,-1489770.0,3577,37.28278081332688,55.239387336550486,6.366612588086445
2012-03-02,486,2012-03-02,34.5454545454545,57.0909090909091,7.09090909090909,11.3636363636364,264615.0,-1489760.45454545,3577,37.5103248004402,54.08644170351778,7.33285504250776
2012-04-03,487,2012-04-03,47.75,45.8,5.55,12.8,264645.0,-1489770.0,3577,35.97120322682689,54.26983227860548,8.855500635023663
2012-05-05,488,2012-05-05,34.75,53.0,11.5,12.0,264630.0,-1489815.0,3577,33.75822896495062,54.68579200140444,10.752529443535442
2012-06-06,489,2012-06-06,29.4285714285714,59.2857142857143,10.5714285714286,13.0,264657.857142857,-1489733.57142857,3577,31.89324861740652,55.84918145461921,11.49707566567795
2012-06-22,490,2012-06-22,25.3,61.2,12.7,12.1,264645.0,-1489770.0,3577,28.644820813856775,57.915784679707926,12.66405488216445
2012-07-24,491,2012-07-24,22.55,61.9,14.85,11.3,264645.0,-1489770.0,3577,23.365787927239538,62.59514231897198,13.194179659347968
2012-08-09,492,2012-08-09,21.65,63.45,14.1,11.05,264645.0,-1489770.0,3577,18.630120344049445,67.38513885494304,13.066142680846614
2012-08-25,493,2012-08-25,17.7142857142857,67.8571428571429,13.0,9.57142857142857,264632.142857143,-1489806.42857143,3577,16.26893802791392,70.89385521598086,11.815935199989163
2012-09-26,494,2012-09-26,14.15,78.55,6.3,9.65,264645.0,-1489770.0,3577,16.73275408801474,71.97612047394254,10.257780300193627
2012-10-12,495,2012-10-12,17.0,71.8,10.2,10.6,264645.0,-1489725.0,3577,17.30240270565089,72.65462834378158,9.00177995379099
2012-10-28,496,2012-10-28,18.6,73.8,6.73333333333333,10.6666666666667,264645.0,-1489755.0,3577,18.74576584406025,71.56371275781972,8.669620060021241
2012-12-31,497,2012-12-31,24.25,63.75,11.05,10.9,264645.0,-1489770.0,3577,22.16390791870337,68.58948389071203,8.282348611139941
2013-01-16,498,2013-01-16,23.6,67.2,8.2,9.6,264645.0,-1489725.0,3577,26.974015303577836,63.308149590338274,8.768074649807083
2013-02-01,499,2013-02-01,34.85,56.15,8.0,11.4,264645.0,-1489770.0,3577,30.930025392559475,58.95318845240564,9.132819863313852
2013-03-05,500,2013-03-05,34.45,55.4,9.1,11.15,264645.0,-1489770.0,3577,36.28335194217005,55.919326493931145,6.847919418042233
2013-03-21,501,2013-03-21,37.1,52.35,9.65,11.35,264645.0,-1489770.0,3577,40.77364776605654,51.05601514068243,7.223768646213388
2013-04-06,502,2013-04-06,44.55,50.75,3.65,11.75,264645.0,-1489770.0,3577,41.01369337576155,48.90949865407339,9.0223144760283
2013-04-14,503,2013-04-14,38.7,49.4,10.75,11.55,264645.0,-1489770.0,3577,38.71818290068485,50.06966593776991,10.081699105846209
2013-04-22,504,2013-04-22,37.85,53.55,7.75,12.25,264645.0,-1489770.0,3577,35.136218941012444,52.04614590774804,11.622006321849785
2013-04-30,505,2013-04-30,38.5,46.2,14.05,9.75,264645.0,-1489770.0,3577,30.93163812451276,55.85099771228968,12.002809471228728
2013-05-08,506,2013-05-08,16.0,56.0,26.0,8.0,264585.0,-1489815.0,3577,28.36098205199949,58.044993396687524,12.311609907118903
2013-05-16,507,2013-05-16,18.3333333333333,78.6666666666667,2.0,24.0,264625.0,-1489735.0,3577,25.78707195796594,59.892405839765324,13.042265474461667
2013-05-24,508,2013-05-24,34.1666666666667,56.1666666666667,8.83333333333333,12.3333333333333,264637.5,-1489792.5,3577,25.562292609347608,61.83623878700355,11.389459972430407
2013-06-01,509,2013-06-01,29.1,57.0,12.7,11.65,264645.0,-1489770.0,3577,26.44108770486084,61.72146614993991,10.690666608931267
2013-06-09,510,2013-06-09,28.25,57.95,12.55,9.85,264645.0,-1489770.0,3577,26.944366624083955,59.63990452271295,12.293862174974889
2013-06-17,511,2013-06-17,25.95,57.3,15.5,10.85,264645.0,-1489770.0,3577,27.446801908098116,57.66789350999016,13.845385625724113
2013-06-25,512,2013-06-25,24.5,60.0,14.75,11.1,264645.0,-1489770.0,3577,26.828739526723133,55.37190889604922,16.740125354519137
2013-07-03,513,2013-07-03,25.1,58.0,15.7,10.65,264645.0,-1489770.0,3577,23.271572235810247,55.768189395735234,19.83137110567155
2013-07-11,514,2013-07-11,19.85,50.05,28.95,7.4,264645.0,-1489770.0,3577,21.944964890627247,58.024706820518574,18.974135977538715
2013-07-19,515,2013-07-19,23.7,59.7,15.55,10.8,264645.0,-1489770.0,3577,22.652212648029707,57.578676741206834,18.75391218688152
2013-07-27,516,2013-07-27,21.4666666666667,62.5333333333333,15.2,10.6666666666667,264645.0,-1489785.0,3577,21.95920854171301,58.88395541506116,18.130816861154706
2013-08-04,517,2013-08-04,21.8,58.95,18.05,10.2,264645.0,-1489770.0,3577,21.276063564914878,60.82139362184893,16.84629024226296
2013-08-20,518,2013-08-20,21.2,61.05,16.7,9.95,264645.0,-1489770.0,3577,19.908805126758814,62.16459654895258,16.881764056374536
2013-09-05,519,2013-09-05,20.1,64.15,14.75,10.05,264645.0,-1489770.0,3577,20.263750748732242,63.809122662673495,14.984616467121969
2013-09-13,520,2013-09-13,16.65,66.1,16.3,9.55,264645.0,-1489770.0,3577,18.67413886422895,64.09022494532373,16.23348741041997
2013-09-29,521,2013-09-29,16.1,63.2,19.65,8.9,264645.0,-1489770.0,3577,16.40551862997438,63.50180562470635,19.0547089133748
2013-10-07,522,2013-10-07,17.65,63.0,18.3,8.65,264645.0,-1489770.0,3577,15.458857808855495,63.93727546961886,19.505814154882447
2013-10-31,523,2013-10-31,17.55,62.05,19.45,9.15,264645.0,-1489770.0,3577,15.331319145248742,64.27475589425094,19.254728398533572
2013-11-08,524,2013-11-08,17.9,64.85,15.95,8.95,264645.0,-1489770.0,3577,17.18811730065343,63.006208188087314,18.64830479118126
2013-11-16,525,2013-11-16,10.5,60.0,28.0,9.0,264600.0,-1489815.0,3577,20.893397778688772,60.72904154667953,17.224950745846005
2013-12-02,526,2013-12-02,30.85,60.15,8.05,10.85,264645.0,-1489770.0,3577,25.34377016172303,58.28489358937404,15.221129489703069
2013-12-10,527,2013-12-10,33.0,55.1,10.75,11.9,264645.0,-1489770.0,3577,30.38700231656434,55.656904241261245,12.786144969579594
2014-01-03,528,2014-01-03,38.1,50.55,10.4,11.2,264645.0,-1489770.0,3577,38.617493342564984,48.67319166900482,11.524267682779893
2014-02-20,529,2014-02-20,43.4,42.0,13.4,10.4,264621.0,-1489743.0,3577,44.78413330734643,43.94428182755699,10.028533850049378
2014-02-28,530,2014-02-28,46.4,42.8,9.2,13.0,264693.0,-1489791.0,3577,48.779253718410516,41.292161553610484,8.630531078827001
2014-03-08,531,2014-03-08,49.35,42.3,7.05,12.95,264645.0,-1489770.0,3577,49.49938188745499,41.78638420402501,7.367282253349263
2014-03-24,532,2014-03-24,53.6,37.9,7.2,11.6,264645.0,-1489740.0,3577,46.383441584208654,44.381816738466455,7.934248414123388
2014-04-09,533,2014-04-09,46.9,43.0,8.95,11.15,264645.0,-1489770.0,3577,43.76946134360342,48.47715798133031,6.582817337460316
2014-04-17,534,2014-04-17,27.7,68.35,2.8,22.8,264645.0,-1489770.0,3577,38.99637885333898,53.02620475498941,6.960859883149865
2014-05-11,535,2014-05-11,37.6666666666667,53.6666666666667,8.0,12.3333333333333,264675.0,-1489725.0,3577,34.32318574098248,56.73052576937179,8.105460329143327
2014-05-27,536,2014-05-27,28.7,58.4,12.2,12.45,264645.0,-1489770.0,3577,30.00259353648999,58.866460010568865,10.3621448211216
2014-06-04,537,2014-06-04,27.8,57.3,14.05,11.75,264645.0,-1489770.0,3577,26.92489971328579,59.83367839589856,12.437725587104534
2014-06-12,538,2014-06-12,28.55,57.6,12.9,11.85,264645.0,-1489770.0,3577,25.751673043155265,59.06088472929696,14.347519044420926
2014-06-28,539,2014-06-28,24.1,60.75,14.4,11.35,264645.0,-1489770.0,3577,25.414334427178925,58.10017799537056,15.568216613105932
2014-07-06,540,2014-07-06,23.15,57.9,17.8,10.3,264645.0,-1489770.0,3577,24.291465345796077,58.25953520163177,16.420506119265276
2014-07-14,541,2014-07-14,21.7142857142857,59.8571428571429,17.2857142857143,10.8571428571429,264657.857142857,-1489733.57142857,3577,21.691492047680747,60.98467177816113,16.20380084311731
2014-07-22,542,2014-07-22,23.2,59.7,16.0,10.15,264645.0,-1489770.0,3577,21.944126152482006,60.452110273618274,16.48687906520478
2014-07-30,543,2014-07-30,20.65,62.5,15.8,10.65,264645.0,-1489770.0,3577,20.557319770010192,60.58382453458948,17.739566934610725
2014-08-15,544,2014-08-15,18.55,62.75,17.55,10.2,264645.0,-1489770.0,3577,20.197930088484345,60.55953520163142,18.13674375160172
2014-08-23,545,2014-08-23,20.3,58.3,20.25,9.75,264645.0,-1489770.0,3577,19.481306000498137,60.84724764398777,18.61987826414793
2014-08-31,546,2014-08-31,18.75,61.8,18.55,9.85,264645.0,-1489770.0,3577,18.936770505033927,61.95069002204299,18.098873262957245
2014-09-08,547,2014-09-08,19.7,59.9,19.4,9.25,264645.0,-1489770.0,3577,17.84017499528069,62.908584758884956,18.23284347231443
2014-09-16,548,2014-09-16,14.85,64.3,19.8,9.05,264645.0,-1489770.0,3577,17.434944312650686,62.558414804999884,18.988476848226338
2014-09-24,549,2014-09-24,18.45,65.6,14.95,9.25,264645.0,-1489770.0,3577,16.938854489161557,62.4917556127989,19.546683192965105
2014-10-02,550,2014-10-02,14.6,63.2,21.1,8.7,264645.0,-1489770.0,3577,15.90065383532638,63.3245642901895,19.723604104870507
2014-10-10,551,2014-10-10,17.7,61.9,19.2,8.7,264645.0,-1489770.0,3577,15.873059602933392,61.20284447233996,21.76706972078164
2014-10-18,552,2014-10-18,13.0,58.0,28.0,8.0,264705.0,-1489725.0,3577,15.115354305135329,60.94652298165319,22.733108171494866
2014-10-26,553,2014-10-26,18.0,58.8,21.95,8.55,264645.0,-1489770.0,3577,15.772588711595642,61.099539212068784,21.96535514708561
2014-11-03,554,2014-11-03,12.75,67.8,18.25,8.05,264645.0,-1489770.0,3577,15.113167637313985,62.12032698982236,21.67952001558489
2014-11-11,555,2014-11-11,17.2,61.1,20.5,9.2,264645.0,-1489770.0,3577,15.633376994520168,65.02884669509086,18.23506065657496
2014-11-19,556,2014-11-19,17.3,62.75,18.95,9.9,264645.0,-1489770.0,3577,15.927277057305634,67.90811809448566,15.125291495567872
2014-12-05,557,2014-12-05,14.0,78.6666666666667,6.66666666666667,8.66666666666667,264615.0,-1489815.0,3577,16.79371820130083,68.49542387436101,13.703390778466126
2014-12-13,558,2014-12-13,23.85,60.05,15.05,10.25,264645.0,-1489770.0,3577,19.551256792739938,66.14503994456567,13.315312087291513
2014-12-21,559,2014-12-21,17.0,67.3333333333333,14.4444444444444,8.11111111111111,264608.333333333,-1489758.33333333,3577,23.255526207535116,61.48829086289467,14.269777195626446
2015-01-06,560,2015-01-06,33.05,57.25,8.5,9.4,264645.0,-1489770.0,3577,28.86495810690426,56.602677765981994,13.517497311767729
2015-01-22,561,2015-01-22,27.75,47.4,24.25,8.85,264645.0,-1489770.0,3577,33.81576565848506,51.23788780877798,13.888714484687632
2015-01-30,562,2015-01-30,44.35,42.85,11.5,11.55,264645.0,-1489770.0,3577,38.45714888825769,46.527136691990414,13.930555735971604
2015-02-07,563,2015-02-07,43.15,45.4,10.4,11.4,264645.0,-1489770.0,3577,41.98240381908485,44.54983834534252,12.391804325703404
2015-02-23,564,2015-02-23,44.0,47.7,7.2,14.5,264645.0,-1489770.0,3577,44.02970404208136,45.28552685703713,9.639668896633404
2015-03-11,565,2015-03-11,43.35,46.15,9.45,11.45,264645.0,-1489770.0,3577,45.31204832318707,45.23147971738627,8.335897917011224
2015-03-19,566,2015-03-19,41.75,45.7,11.3,11.25,264645.0,-1489770.0,3577,43.931389508317935,47.98242438675158,6.88925140906462
2015-03-27,567,2015-03-27,43.65,52.9,2.35,14.75,264645.0,-1489770.0,3577,43.25496871548857,49.115003572271775,6.416197579509316
2015-04-04,568,2015-04-04,44.25,45.85,8.65,11.65,264645.0,-1489770.0,3577,40.66875879537811,48.93683777522055,9.212034250577766
2015-04-20,569,2015-04-20,38.5,49.2,11.05,11.6,264645.0,-1489770.0,3577,39.44390980535902,49.09215830608286,10.243605620384276
2015-04-28,570,2015-04-28,35.5,52.4,10.85,11.45,264645.0,-1489770.0,3577,36.77297624975094,50.1877893004753,11.88144363376384
2015-05-06,571,2015-05-06,33.9,50.55,14.55,11.4,264645.0,-1489770.0,3577,34.05740869037574,51.75151334732604,13.086196930003023
2015-05-22,572,2015-05-22,31.75,50.8,16.4,10.65,264645.0,-1489770.0,3577,31.091056312104296,53.34382969970408,14.495449132908266
2015-06-07,573,2015-06-07,28.45,55.45,15.0,11.1,264645.0,-1489770.0,3577,28.700986165532957,54.79839680442577,15.431703435880696
2015-06-15,574,2015-06-15,27.0,59.5,12.55,11.9,264645.0,-1489770.0,3577,26.978479724605723,57.086285695719894,14.89473792461186
2015-06-23,575,2015-06-23,25.65,57.8,15.45,11.0,264645.0,-1489770.0,3577,25.858130723761533,57.66266427070519,15.401383446272785
2015-07-09,576,2015-07-09,24.65,58.3,15.85,10.7,264645.0,-1489770.0,3577,24.43164714542058,58.765947519963504,15.732841152653043
2015-07-17,577,2015-07-17,23.2,58.35,17.35,10.8,264645.0,-1489770.0,3577,23.479392640379846,59.14466575735042,16.270927060553113
2015-07-25,578,2015-07-25,23.25,58.75,17.0,10.2,264645.0,-1489770.0,3577,22.51221502954913,59.54290631967761,16.859336638591085
2015-08-02,579,2015-08-02,20.75,61.2,17.0,10.15,264645.0,-1489770.0,3577,21.739291822725107,59.533124769957986,17.643320920562868
2015-08-10,580,2015-08-10,21.75,58.65,18.45,9.85,264645.0,-1489770.0,3577,20.567014151995597,60.51719817848945,17.838934594814283
2015-08-18,581,2015-08-18,19.15,61.85,18.0,10.05,264645.0,-1489770.0,3577,19.860620494054054,60.65442313103945,18.402250535839116
2015-08-26,582,2015-08-26,19.05,60.7,18.95,9.25,264645.0,-1489770.0,3577,18.816724761303984,60.84017947995366,19.24136374461164
2015-09-03,583,2015-09-03,17.5333333333333,62.7333333333333,18.8,9.13333333333333,264645.0,-1489785.0,3577,18.235229527951255,60.6928146672638,19.919833726641897
2015-09-11,584,2015-09-11,18.55,57.55,22.65,8.75,264645.0,-1489770.0,3577,17.43003961982029,60.637604191465094,20.738878304355083
2015-09-19,585,2015-09-19,16.4,61.45,20.95,9.0,264645.0,-1489770.0,3577,17.546387668056866,59.89676329861193,21.35844248630307
2015-09-27,586,2015-09-27,17.85,58.15,22.75,8.55,264645.0,-1489770.0,3577,16.75054486277146,60.116164382564065,21.936636428583615
2015-10-05,587,2015-10-05,15.4,63.8,19.65,8.1,264645.0,-1489770.0,3577,16.545583364001942,60.50543924598749,21.752722870521477
2015-10-13,588,2015-10-13,18.25,58.1,22.35,8.35,264645.0,-1489770.0,3577,17.42431134396819,60.2615721395817,21.11987979340605
2015-10-21,589,2015-10-21,15.4,61.6,21.95,8.65,264645.0,-1489770.0,3577,16.672936557763787,60.91059090547345,21.24615998036733
2015-10-29,590,2015-10-29,17.55,60.85,20.55,8.2,264645.0,-1489770.0,3577,15.413790478705888,62.43540386883922,21.056251127610217
2015-11-06,591,2015-11-06,13.75,65.45,19.6,8.55,264645.0,-1489770.0,3577,15.507427282942318,62.37008527383187,21.025018462786225
2015-11-14,592,2015-11-14,20.2,59.55,19.1,9.05,264645.0,-1489770.0,3577,15.36335385731848,63.494948425092105,20.06006931664527
2015-11-22,593,2015-11-22,15.25,61.4,22.3,9.05,264645.0,-1489770.0,3577,17.835952365879923,62.02853515526756,19.009550581698036
2015-12-08,594,2015-12-08,12.3333333333333,67.7777777777778,18.8888888888889,9.22222222222222,264638.333333333,-1489801.66666667,3577,20.04262003062975,60.87874560338507,17.908071442736645
2016-01-01,595,2016-01-01,29.7,56.25,12.7,10.45,264645.0,-1489770.0,3577,25.602593310443844,57.68504306882207,15.469845683444547
2016-01-09,596,2016-01-09,30.7272727272727,53.4545454545455,14.5454545454545,9.27272727272727,264639.545454545,-1489795.90909091,3577,28.322680976047863,56.85194250423601,13.617960018682714
2016-01-17,597,2016-01-17,29.3157894736842,56.4736842105263,13.0,10.8421052631579,264648.157894737,-1489772.36842105,3577,30.16824529601123,55.64481038133533,12.976630908883394
2016-02-18,598,2016-02-18,36.5,48.45,13.75,10.65,264645.0,-1489770.0,3577,30.94140247408224,54.289706644589884,13.590796887227441
2016-02-26,599,2016-02-26,27.375,59.25,12.375,9.5,264663.75,-1489740.0,3577,31.204130965020358,53.03353539645946,14.616054475122086
2016-03-13,600,2016-03-13,33.0,53.25,12.7,9.0,264645.0,-1489770.0,3577,30.597574230664012,51.963452656817054,16.3636607802218
2016-03-29,601,2016-03-29,18.0,56.0,25.0,9.0,264585.0,-1489815.0,3577,30.54973358887682,51.810537691620056,16.55792324290529
2016-04-06,602,2016-04-06,38.45,43.1,17.1,9.05,264645.0,-1489770.0,3577,31.47459084014749,50.93976843996043,16.411446448286103
2016-04-14,603,2016-04-14,34.3,50.8,13.85,10.45,264645.0,-1489770.0,3577,31.2561495616932,51.43058711289571,16.112822316999473
2016-04-22,604,2016-04-22,31.55,53.95,13.1,12.4,264645.0,-1489770.0,3577,30.25782802010963,52.458529685232776,16.004541124507774
2016-04-30,605,2016-04-30,31.1,51.35,16.3,9.15,264645.0,-1489770.0,3577,29.23267552880119,53.21771958690668,16.22977657017662
2016-05-08,606,2016-05-08,22.75,59.75,16.0,7.05,264645.0,-1489770.0,3577,26.775058996726827,54.92826376409147,16.9699863603863
2016-05-24,607,2016-05-24,20.625,56.625,21.625,16.125,264690.0,-1489770.0,3577,25.003451579376637,55.45684849205692,18.227730087247487
2016-06-09,608,2016-06-09,25.6,54.0,19.2,9.95,264645.0,-1489770.0,3577,21.971185238906415,56.00308677389884,20.743653792025306
2016-06-25,609,2016-06-25,22.85,52.25,23.4,9.1,264645.0,-1489770.0,3577,22.852973651731844,54.41177011841833,21.47658749918491
2016-07-03,610,2016-07-03,24.0,54.9,20.05,9.85,264645.0,-1489770.0,3577,22.62508551819359,55.02649494467558,21.153718959056356
2016-07-11,611,2016-07-11,23.15,54.65,20.9,8.4,264645.0,-1489770.0,3577,22.626932278244684,55.31381335382057,20.864567862474964
2016-07-19,612,2016-07-19,20.65,58.65,19.65,9.7,264645.0,-1489770.0,3577,22.370075667363345,56.068206174621935,20.39123113728072
2016-08-04,613,2016-08-04,20.5,56.1,22.2,9.4,264645.0,-1489770.0,3577,21.17739793745669,56.29873490801442,21.350335216895495
2016-08-12,614,2016-08-12,21.6,56.05,21.2,9.2,264645.0,-1489770.0,3577,20.29933479832557,55.754233150741854,22.802272727269315
2016-08-20,615,2016-08-20,18.55,58.3,21.9,9.1,264645.0,-1489770.0,3577,19.355309705771212,56.182033601065456,23.26327697070383
2016-08-28,616,2016-08-28,19.85,53.05,25.9,8.7,264645.0,-1489770.0,3577,18.39335086997351,57.097917613853355,23.27458557953566
2016-09-05,617,2016-09-05,18.2,56.85,23.75,8.45,264645.0,-1489770.0,3577,18.06341553183389,58.2255114854099,22.475363181706577
2016-09-13,618,2016-09-13,18.4,55.35,24.95,8.2,264645.0,-1489770.0,3577,18.69978133321508,58.540805170053375,21.4738281841965
2016-09-21,619,2016-09-21,17.6666666666667,66.3333333333333,14.6666666666667,10.3333333333333,264615.0,-1489815.0,3577,20.08888571211164,57.82651775165024,20.802275072705413
2016-09-29,620,2016-09-29,20.0,59.95,18.8,9.15,264645.0,-1489770.0,3577,21.612509217241012,56.261524770977296,20.858538829588355
2016-10-07,621,2016-10-07,26.3,51.9,20.7,9.5,264645.0,-1489770.0,3577,22.477156071024506,55.98789716929473,20.31135227001797
2016-10-15,622,2016-10-15,25.1,51.05,22.45,9.3,264645.0,-1489770.0,3577,23.662711858647135,56.002777059634475,19.1836483433978
2016-10-31,623,2016-10-31,27.0,52.55,19.4,9.35,264645.0,-1489770.0,3577,25.521423804747254,55.418200411854485,17.9573101820753
2016-11-08,624,2016-11-08,24.2,56.6,18.2,9.0,264645.0,-1489725.0,3577,27.273620172696408,54.97875168902392,16.60938029978029
2016-12-18,625,2016-12-18,25.9,61.65,11.4,16.5,264645.0,-1489770.0,3577,29.680061545928538,54.5901388328096,14.610263987815983
2017-01-03,626,2017-01-03,33.3529411764706,57.4705882352941,8.0,8.58823529411765,264653.823529412,-1489776.17647059,3577,32.95677625051564,55.25606243145938,10.672538916190575
2017-02-28,627,2017-02-28,40.5,48.6,9.7,11.3,264645.0,-1489770.0,3577,36.08190614096104,53.67250512492835,9.09793709901933
2017-03-16,628,2017-03-16,38.1,49.25,11.3,11.6,264645.0,-1489770.0,3577,39.05112383518284,51.546024199795404,8.248335101429841
2017-04-01,629,2017-04-01,40.75,49.2,9.05,12.1,264645.0,-1489770.0,3577,41.23659300087387,49.4310292239102,8.18504081058138
2017-04-17,630,2017-04-17,42.2666666666667,52.0,4.93333333333333,13.9333333333333,264645.0,-1489785.0,3577,41.554769130577895,49.14478128863663,8.241023836843034
2017-05-03,631,2017-05-03,38.6,50.4,9.6,10.0,264645.0,-1489800.0,3577,38.91648987103697,50.71344831663461,9.322029084605093
2017-05-11,632,2017-05-11,34.25,51.2,13.5,11.45,264645.0,-1489770.0,3577,35.973245900576174,52.51992034856849,10.43530963360529
2017-05-19,633,2017-05-19,36.5,54.6666666666667,8.0,12.0,264675.0,-1489740.0,3577,33.29066138741475,53.87039426986947,11.723417281890761
2017-05-27,634,2017-05-27,31.45,53.7,13.7,11.3,264645.0,-1489770.0,3577,31.201408103415815,54.21154510693175,13.457929948446509
2017-06-04,635,2017-06-04,24.1,58.25,16.3,9.95,264645.0,-1489770.0,3577,28.890812386783296,55.2611201620794,14.70668602553057
2017-06-12,636,2017-06-12,27.55,53.0,18.15,10.7,264645.0,-1489770.0,3577,27.302100788784003,55.5949497354987,15.980829129588344
2017-06-20,637,2017-06-20,29.9444444444444,54.2222222222222,14.9444444444444,10.8888888888889,264650.0,-1489765.0,3577,26.182779209091073,56.292482667822554,16.42294055703252
2017-07-06,638,2017-07-06,24.5,58.9375,15.5625,10.5625,264641.25,-1489781.25,3577,25.126399142649248,55.89054780358124,17.833255482904512
2017-07-14,639,2017-07-14,24.95,55.45,18.5,10.45,264645.0,-1489770.0,3577,24.43612307103357,55.62253482162937,18.842023070978172
2017-07-22,640,2017-07-22,22.1,56.55,20.05,9.45,264645.0,-1489770.0,3577,24.188421652772103,56.015758171519565,18.697975538234488
2017-07-30,641,2017-07-30,22.4,54.2,22.2,9.45,264645.0,-1489770.0,3577,22.93281072525031,56.4401501760656,19.443184980182494
2017-08-07,642,2017-08-07,23.2727272727273,57.7272727272727,17.9090909090909,10.2727272727273,264639.545454545,-1489795.90909091,3577,21.589598449206825,56.656699177303565,20.4940537427173
2017-08-15,643,2017-08-15,22.0,54.9,21.85,9.45,264645.0,-1489770.0,3577,21.55927096951262,56.09527717840629,21.089064350210233
2017-08-23,644,2017-08-23,20.25,59.5,19.0,9.75,264660.0,-1489725.0,3577,20.836338785519466,56.87770738501665,21.106500174932147
2017-08-31,645,2017-08-31,18.95,57.75,21.95,8.85,264645.0,-1489770.0,3577,19.76782795026238,57.99271170357061,21.079267147850416
2017-09-08,646,2017-09-08,19.5714285714286,56.0714285714286,23.3571428571429,8.92857142857143,264649.285714286,-1489752.85714286,3577,18.898455569195786,58.61889983081058,21.37658579809964
2017-09-16,647,2017-09-16,19.55,57.2,22.3,8.8,264645.0,-1489770.0,3577,18.47477568870482,58.09933889638904,22.294010942614435
2017-09-24,648,2017-09-24,16.65,61.4,20.85,8.65,264645.0,-1489770.0,3577,17.823517813453233,57.83935708253729,23.22010048774409
2017-10-10,649,2017-10-10,16.35,59.05,23.35,8.1,264645.0,-1489770.0,3577,17.33251887431195,58.64575903971313,22.914584022784936
2017-10-18,650,2017-10-18,21.75,54.3,22.75,8.75,264645.0,-1489770.0,3577,19.162978507557686,55.710637040969274,23.97111046847531
2017-10-26,651,2017-10-26,18.95,55.85,24.15,8.5,264645.0,-1489770.0,3577,21.109210294346454,54.705779823883105,23.009320864890178
2017-11-03,652,2017-11-03,21.85,54.85,21.95,9.05,264645.0,-1489770.0,3577,22.339371155157288,57.04877707431035,19.45331727096142
2017-11-19,653,2017-11-19,21.85,60.65,16.6,9.9,264645.0,-1489770.0,3577,23.482761356287256,58.646329521862555,16.780763199646145
2017-12-05,654,2017-12-05,30.9,53.2,14.7,10.4,264645.0,-1489770.0,3577,25.314760007790284,59.530573296663476,14.087148455257804
2017-12-13,655,2017-12-13,30.75,56.0,12.15,10.45,264645.0,-1489770.0,3577,27.111489748637403,60.14368789104732,11.665187598777191
2017-12-21,656,2017-12-21,20.75,76.25,2.0,23.5,264630.0,-1489800.0,3577,29.966795124375786,57.74307843858064,11.076722451952996
2017-12-29,657,2017-12-29,31.35,54.7,12.65,10.5,264645.0,-1489770.0,3577,33.78732165666646,53.66860940915866,11.225249518281895
2018-02-07,658,2018-02-07,40.1,35.9,22.5,8.05,264645.0,-1489770.0,3577,36.57074844659437,49.49630539738159,12.54879625018756
2018-03-27,659,2018-03-27,42.4,47.05,9.05,12.45,264645.0,-1489770.0,3577,39.072457728024645,46.18907423844814,13.280831655442675
2018-04-04,660,2018-04-04,40.2,45.3,13.05,9.9,264645.0,-1489770.0,3577,40.495981727245024,44.424085821292806,13.680961917337587
2018-04-12,661,2018-04-12,41.9,42.25,14.4,9.65,264645.0,-1489770.0,3577,41.078407196512515,44.25976747709832,13.35808742341051
2018-04-20,662,2018-04-20,37.5,51.0,10.6666666666667,11.0,264655.0,-1489730.0,3577,39.75764792482465,46.11793175863694,12.965881126095915
2018-04-28,663,2018-04-28,35.15,50.9,12.85,11.15,264645.0,-1489770.0,3577,36.19810885708178,50.96402173676954,11.841529368462592
2018-05-06,664,2018-05-06,34.95,52.3,11.75,11.15,264645.0,-1489770.0,3577,34.046092143145884,52.10794344973133,12.900206759183163
2018-05-14,665,2018-05-14,32.35,51.15,15.7,10.65,264645.0,-1489770.0,3577,32.453435882997596,52.46676481412539,14.138364834337956
2018-05-22,666,2018-05-22,31.2,53.8,14.0,10.8,264645.0,-1489815.0,3577,30.800492541509612,54.1839117538727,14.040202212645934
2018-05-30,667,2018-05-30,30.65,51.35,16.85,10.1,264645.0,-1489770.0,3577,29.647159496845468,54.08738660719277,15.246525146677666
2018-06-07,668,2018-06-07,26.15,59.85,12.95,10.85,264645.0,-1489770.0,3577,28.584717140440425,54.309454632047135,15.99417574169657
2018-06-23,669,2018-06-23,27.55,54.75,16.5,10.25,264645.0,-1489770.0,3577,26.5982723159154,56.029481045262145,16.26360713589573
2018-07-09,670,2018-07-09,25.7,55.6,17.7,10.15,264645.0,-1489770.0,3577,25.10281993547872,56.45934024694792,17.27024074995953
2018-07-17,671,2018-07-17,24.3,55.1,19.4,9.9,264645.0,-1489770.0,3577,23.524697438780606,57.62044642662977,17.688744073261553
2018-07-25,672,2018-07-25,22.65,59.5,16.65,9.8,264645.0,-1489770.0,3577,22.18555500226995,58.68092294701325,17.992792656257457
2018-08-02,673,2018-08-02,18.45,62.55,17.75,14.05,264645.0,-1489770.0,3577,21.234052480024538,59.68505849155112,17.937717854897837
2018-08-10,674,2018-08-10,21.2,58.1,19.75,9.55,264645.0,-1489770.0,3577,20.98861200718472,59.672971919712225,18.185438091317728
2018-08-18,675,2018-08-18,22.0,58.6,18.15,9.2,264645.0,-1489770.0,3577,20.410394249710084,60.06216956417297,18.3862434778816
2018-08-26,676,2018-08-26,19.0,63.5333333333333,16.4,8.2,264645.0,-1489785.0,3577,20.594844010475605,58.721943897167314,19.52373833596452
2018-09-03,677,2018-09-03,21.9,56.2,20.7,8.75,264645.0,-1489770.0,3577,19.85664443914921,58.9489055835717,20.063353828830707
2018-09-11,678,2018-09-11,19.45,56.6,22.8,8.7,264645.0,-1489770.0,3577,18.936176362334525,59.69134750697326,20.28219705990301
2018-09-19,679,2018-09-19,19.0,58.2,21.65,8.45,264645.0,-1489770.0,3577,19.484470328430266,57.610569976970034,21.705798999758606
2018-09-27,680,2018-09-27,16.2,61.65,21.05,8.1,264645.0,-1489770.0,3577,18.520320855612205,58.914254476165176,21.35794994478886
2018-10-05,681,2018-10-05,18.2,62.35,18.35,8.2,264645.0,-1489770.0,3577,18.55091580246102,59.56536729523455,20.796699430597254
2018-10-13,682,2018-10-13,17.05,64.05,17.9,8.7,264645.0,-1489770.0,3577,18.119746043427547,61.9796773401944,18.933943146633816
2018-10-21,683,2018-10-21,21.2,57.4,20.25,8.7,264645.0,-1489770.0,3577,16.300182943988553,67.76608824610908,15.055071553830913
2018-10-29,684,2018-10-29,16.45,67.6,14.9,9.1,264645.0,-1489770.0,3577,14.370546017447891,72.51807248477992,12.260310896531976
2018-11-06,685,2018-11-06,6.0,92.0,2.0,8.0,264675.0,-1489725.0,3577,11.930888306737916,77.3929723527131,9.827443763665205
2018-11-14,686,2018-11-14,14.8,71.95,12.25,10.55,264645.0,-1489770.0,3577,10.43416181341722,80.69206737533705,7.985196691851845
2018-11-22,687,2018-11-22,7.2,88.05,3.45,5.0,264645.0,-1489770.0,3577,10.223499101516149,81.66787979820815,7.18456125917319
2018-11-30,688,2018-11-30,11.4,80.45,6.85,10.05,264645.0,-1489770.0,3577,12.848928316263859,78.40097858796378,7.6749247656356925
2018-12-08,689,2018-12-08,19.35,64.95,14.7,9.9,264645.0,-1489770.0,3577,18.2275617571256,71.45091363743548,9.106785165297735
2018-12-16,690,2018-12-16,24.9,65.1,8.8,11.0,264645.0,-1489770.0,3577,25.083995107056374,61.74321699970932,11.780772478293937
2018-12-24,691,2018-12-24,32.25,54.5,11.9,10.95,264645.0,-1489770.0,3577,32.73430037454316,54.47174868474363,11.381231462034716
2019-01-09,692,2019-01-09,37.4,48.8,12.3,9.65,264645.0,-1489770.0,3577,37.199074454951244,50.43484162895174,11.014625776698434
2019-02-10,693,2019-02-10,42.45,43.75,12.1,11.25,264645.0,-1489770.0,3577,40.53686808546884,45.97194894887706,12.091069302213008
2019-03-06,694,2019-03-06,41.65,46.95,10.25,10.75,264645.0,-1489770.0,3577,39.84777544436392,46.261524388916854,12.42092381302722
2019-03-14,695,2019-03-14,38.15,48.55,11.9,10.2,264645.0,-1489770.0,3577,37.902376106859606,48.03471389291104,12.691974279588482
2019-03-22,696,2019-03-22,37.4,51.25,10.25,11.25,264645.0,-1489770.0,3577,36.9875879538363,49.034028664826295,12.754751131219813
2019-03-30,697,2019-03-30,26.0,49.95,22.6,8.35,264645.0,-1489770.0,3577,35.28717335295755,50.99803957651493,12.608355885598584
2019-04-23,698,2019-04-23,36.7,52.0,10.35,11.65,264645.0,-1489770.0,3577,33.131270432349076,51.83668947151145,13.948287471040807
2019-05-09,699,2019-05-09,34.05,52.45,12.4,10.95,264645.0,-1489770.0,3577,31.84431574616857,51.95441014093488,15.097928078111583
2019-05-25,700,2019-05-25,35.15,53.9,10.25,11.95,264645.0,-1489770.0,3577,31.338157353477747,52.01200718785081,15.525214877998934
2019-06-02,701,2019-06-02,32.0,46.5,20.0,9.5,264690.0,-1489725.0,3577,30.67760180995017,52.6087943016657,15.613842040310292
2019-06-10,702,2019-06-10,21.6,55.65,21.55,15.25,264645.0,-1489770.0,3577,29.88484054644599,52.77360951740968,16.19254259671974
2019-06-18,703,2019-06-18,29.1,54.45,15.2,10.8,264645.0,-1489770.0,3577,29.20047011811282,53.16227302108861,16.4923066097964
2019-06-26,704,2019-06-26,32.5,53.6,13.0,11.3,264645.0,-1489800.0,3577,27.92452562916542,53.54284956528738,17.376540951306154
2019-07-04,705,2019-07-04,28.0,55.0,15.9,10.85,264645.0,-1489770.0,3577,28.390329175464252,54.34339623224261,16.164367057089102
2019-07-12,706,2019-07-12,28.1,52.45,18.25,8.9,264645.0,-1489770.0,3577,28.282759191268898,54.79413666827709,15.8000173201388
2019-07-20,707,2019-07-20,27.95,54.4,16.55,10.85,264645.0,-1489770.0,3577,27.90485752637039,55.16058971986941,15.846432050918846
2019-07-28,708,2019-07-28,26.05,57.65,15.25,10.5,264645.0,-1489770.0,3577,26.439304039609695,54.969230305290196,17.41618891943709
2019-08-21,709,2019-08-21,23.85,56.45,18.45,10.05,264645.0,-1489770.0,3577,23.936775299000832,56.489958184222175,18.412950594294593
2019-08-29,710,2019-08-29,22.5714285714286,56.1428571428571,20.0,9.85714285714286,264632.142857143,-1489806.42857143,3577,22.950214646031654,57.29699016153267,18.59052371776552
2019-09-06,711,2019-09-06,22.45,57.2,19.25,9.4,264645.0,-1489770.0,3577,21.820295184688213,58.01225137091142,19.07292050054923
2019-09-14,712,2019-09-14,19.95,59.8,19.35,9.5,264645.0,-1489770.0,3577,20.512510863746193,58.49126368986175,19.87680021216876
2019-09-22,713,2019-09-22,19.95,59.6,19.25,8.9,264645.0,-1489770.0,3577,19.23589954936417,58.78764811039474,20.826568555280616
2019-09-30,714,2019-09-30,18.4,59.95,20.6,9.0,264645.0,-1489770.0,3577,18.8479933379286,60.62011904503258,19.479590378658678
2019-10-08,715,2019-10-08,17.5,59.5,21.75,8.45,264645.0,-1489770.0,3577,17.911731457394414,61.41525425038439,19.60210493840232
2019-10-16,716,2019-10-16,16.5,62.0,20.375,8.875,264656.25,-1489736.25,3577,16.90458473414877,61.67442093509284,20.231158392687878
2019-10-24,717,2019-10-24,16.65,62.65,19.4,8.2,264645.0,-1489770.0,3577,15.870880821962041,60.93446228692996,21.909621879665046
2019-11-01,718,2019-11-01,14.0,64.0,21.0,9.0,264705.0,-1489725.0,3577,13.012701076011822,62.17381735910219,23.490388404161987
2019-11-09,719,2019-11-09,15.5,60.6,22.55,8.35,264645.0,-1489770.0,3577,12.840541037907538,61.47916711770283,24.30724469029059
2019-11-17,720,2019-11-17,10.0,55.0,33.0,8.0,264585.0,-1489815.0,3577,13.511788521074426,60.88036112493408,24.254814457984203
2019-12-03,721,2019-12-03,15.1,63.6,20.2,8.7,264645.0,-1489770.0,3577,15.773174348868586,59.820058888470996,23.114688020953913
2019-12-11,722,2019-12-11,16.7,59.45,22.8,8.45,264645.0,-1489770.0,3577,19.315899889581218,58.143814544579854,21.230996557618774
2020-01-20,723,2020-01-20,24.6,59.8,14.35,8.5,264645.0,-1489770.0,3577,24.934435688147133,56.18953213967854,17.638745697024795
2020-03-16,724,2020-03-16,39.85,45.7,13.25,11.05,264645.0,-1489770.0,3577,30.769160406152714,53.797561107614996,14.218229448567882
2020-03-24,725,2020-03-24,27.5,58.5,13.0,11.5,264600.0,-1489815.0,3577,35.2321158717391,52.33163307280172,11.329508107989387
2020-04-01,726,2020-04-01,40.45,47.05,10.95,11.5,264645.0,-1489770.0,3577,38.607760505742355,49.65579899975443,10.591608391606808
2020-04-17,727,2020-04-17,39.85,47.95,11.05,11.45,264645.0,-1489770.0,3577,39.12566330727511,48.40003382839346,11.283709324729308
2020-04-25,728,2020-04-25,40.7,48.8,9.7,11.7,264645.0,-1489800.0,3577,38.49982138603855,48.913550845432084,11.467875468183351
2020-05-03,729,2020-05-03,33.15,50.55,15.05,11.75,264645.0,-1489770.0,3577,36.13320135746066,49.7955073177522,12.980442313102913
2020-05-11,730,2020-05-11,34.9,51.35,12.8,10.7,264645.0,-1489770.0,3577,34.719174208139606,50.43812460758302,13.714993829697661
2020-05-19,731,2020-05-19,34.15,48.0,16.45,10.25,264645.0,-1489770.0,3577,33.48436505444519,50.59749696896774,14.808696875877327
2020-05-27,732,2020-05-27,29.35,56.3,13.4,11.2,264645.0,-1489770.0,3577,30.659194829933284,52.359237047774116,15.838006884753742
2020-06-04,733,2020-06-04,30.45,49.65,18.6,10.3,264645.0,-1489770.0,3577,30.024910963644864,52.50973960249492,16.278654008527734
2020-06-12,734,2020-06-12,29.3125,54.0625,15.5,10.5,264641.25,-1489781.25,3577,29.085746335703288,53.1543330121811,16.59325380501603
2020-06-20,735,2020-06-20,30.1,51.6,17.15,10.2,264645.0,-1489770.0,3577,28.119808017056137,53.63521644763104,17.139231202231738
2020-06-28,736,2020-06-28,24.7,56.4,17.9,9.95,264645.0,-1489770.0,3577,27.092623784879798,53.47836930870187,18.293777739285844
2020-07-06,737,2020-07-06,27.65,52.6,18.45,10.2,264645.0,-1489770.0,3577,26.524819491649893,53.800635162043534,18.558884149903047
2020-07-14,738,2020-07-14,24.95,55.15,18.95,10.25,264645.0,-1489770.0,3577,26.304062384979506,53.334768830233,19.16519842386429
2020-07-22,739,2020-07-22,25.8,52.3,20.55,9.9,264645.0,-1489770.0,3577,25.290408701202136,54.39131476108217,19.14520881594899
2020-07-30,740,2020-07-30,25.25,53.7,19.95,9.95,264645.0,-1489770.0,3577,24.89721253977848,54.57468769619656,19.319558769401084
2020-08-07,741,2020-08-07,25.55,55.4,17.75,9.5,264645.0,-1489770.0,3577,24.250677921146433,55.68243115243057,18.929801467879138
2020-08-15,742,2020-08-15,21.65,58.8,18.5,9.3,264645.0,-1489770.0,3577,23.648166230051242,55.7437463465244,19.51925674943959
2020-08-23,743,2020-08-23,23.4,54.85,20.65,9.35,264645.0,-1489770.0,3577,21.991436272702337,57.21949490137489,19.773513174129413
2020-08-31,744,2020-08-31,19.2,60.2,19.8,9.2,264645.0,-1489725.0,3577,20.748657746031213,57.64258128216042,20.581485338839283
2020-09-08,745,2020-09-08,21.6,55.7,21.6,8.7,264645.0,-1489770.0,3577,19.6749856709987,57.94598896295929,21.34492696483578
2020-09-16,746,2020-09-16,18.0,57.2,23.8,9.0,264645.0,-1489725.0,3577,18.818526910596773,57.87163291327329,22.17161650472383
2020-09-24,747,2020-09-24,18.0,57.9,22.7,6.95,264645.0,-1489770.0,3577,18.649252897987278,57.11968519503107,23.043325706390537
2020-10-02,748,2020-10-02,16.8,61.5,20.5,8.3,264645.0,-1489770.0,3577,17.920853905746128,58.23081258808757,22.595449531726103
2020-10-10,749,2020-10-10,19.15,54.9,24.55,7.7,264645.0,-1489770.0,3577,17.925819259766392,58.36246423446953,22.47726076269818
2020-10-18,750,2020-10-18,17.7,60.05,21.1,8.95,264645.0,-1489770.0,3577,16.76652461112044,59.97015722585138,22.01020851398558
2020-11-03,751,2020-11-03,14.4736842105263,61.6315789473684,22.7368421052632,9.10526315789474,264641.842105263,-1489772.36842105,3577,14.775108963056887,61.7735280443759,22.219476612678452
2020-11-11,752,2020-11-11,15.6,62.5,20.8,9.05,264645.0,-1489770.0,3577,13.897014402682844,63.25358551609847,21.60157364497112
2020-11-19,753,2020-11-19,11.6,69.3,17.8,8.05,264645.0,-1489770.0,3577,13.113542698134182,64.96770175399642,20.69834877522365
2020-11-27,754,2020-11-27,15.6,61.45,21.65,8.95,264645.0,-1489770.0,3577,13.488675248490726,67.59650896601165,17.725780346422976
2020-12-05,755,2020-12-05,10.6315789473684,73.2631578947368,14.7368421052632,7.94736842105263,264648.157894737,-1489767.63157895,3577,17.191699683183174,68.63581527916496,13.028972740906603
2020-12-21,756,2020-12-21,25.95,60.55,12.55,10.25,264645.0,-1489770.0,3577,23.386410753980982,65.77350508379342,9.679308299650675
2020-12-29,757,2020-12-29,29.45,67.2,2.35,12.9,264645.0,-1489770.0,3577,29.174011242134622,62.188046975556006,7.539536051910684
2021-01-22,758,2021-01-22,33.3333333333333,59.3333333333333,6.33333333333333,9.0,264615.0,-1489815.0,3577,33.979711581661846,56.809640108222126,8.097145582495527
2021-02-15,759,2021-02-15,42.25,52.85,3.7,12.5,264645.0,-1489770.0,3577,38.38974300100497,52.07854999271851,8.444751731348155
2021-03-11,760,2021-03-11,45.8,39.0,13.8,9.8,264645.0,-1489740.0,3577,42.166782191242234,46.56905263005267,10.09511055453547
2021-03-19,761,2021-03-19,36.35,42.75,19.75,7.65,264645.0,-1489770.0,3577,43.58952782863652,42.61627856509084,12.548716587666963
2021-03-27,762,2021-03-27,38.55,46.8,13.55,9.3,264645.0,-1489770.0,3577,42.667804008352874,42.61211667317435,13.4246768093925
2021-04-04,763,2021-04-04,45.35,43.15,10.05,11.95,264645.0,-1489770.0,3577,41.022771655582865,44.13530386021988,13.529084847039485
2021-04-12,764,2021-04-12,44.0,47.7777777777778,7.11111111111111,11.8888888888889,264651.666666667,-1489738.33333333,3577,38.689829198143855,47.990692709416194,12.029652833404905
2021-05-22,765,2021-05-22,35.35,47.15,15.95,9.55,264645.0,-1489770.0,3577,35.100957749675416,51.96322609278489,11.694290036587049
2021-05-30,766,2021-05-30,25.15,63.6,10.25,14.45,264645.0,-1489770.0,3577,31.97461597999046,55.948701711077256,10.953179238200821
2021-06-07,767,2021-06-07,29.55,56.75,12.55,10.3,264645.0,-1489770.0,3577,28.117795723364274,58.20592000018376,12.588310107503276
2021-06-15,768,2021-06-15,24.25,59.7,15.0,10.95,264645.0,-1489770.0,3577,24.24244544155172,60.74565733543155,13.99339353886359
2021-07-01,769,2021-07-01,26.0625,58.5,14.6875,11.375,264641.25,-1489781.25,3577,22.023156758099283,62.240238296266156,14.732701057969761
2021-07-17,770,2021-07-17,17.3333333333333,65.9166666666667,15.6666666666667,12.0,264637.5,-1489792.5,3577,22.277224645835858,61.11455192553352,15.506982031554028
2021-07-25,771,2021-07-25,24.2,60.4,14.25,10.55,264645.0,-1489770.0,3577,22.50415466885718,60.01051188232955,16.350152272905255
2021-08-02,772,2021-08-02,21.8,57.4,19.2,10.4,264645.0,-1489815.0,3577,22.121338143277555,58.84325597002737,17.812416646818015
2021-08-10,773,2021-08-10,23.9,58.15,16.95,10.35,264645.0,-1489770.0,3577,21.920474662073552,58.80766271910903,18.05152841224553
2021-08-18,774,2021-08-18,20.3,56.4,22.0,8.3,264645.0,-1489770.0,3577,22.68512497564016,56.85152958495762,19.20621278875636
2021-08-26,775,2021-08-26,23.65,56.65,18.55,9.95,264645.0,-1489770.0,3577,21.681655805491577,57.115064192764635,19.988933512305138
2021-09-03,776,2021-09-03,19.45,61.15,18.45,10.0,264645.0,-1489770.0,3577,21.436063330371276,57.693675622614364,19.78010718641228
2021-09-11,777,2021-09-11,22.0,57.65,19.05,9.15,264645.0,-1489770.0,3577,19.837161445362817,59.7426757452984,19.322275866545425
2021-09-27,778,2021-09-27,20.0,59.0,19.85,8.8,264645.0,-1489770.0,3577,19.435819134423042,61.722939444447256,17.724269847796613
2021-10-05,779,2021-10-05,17.05,64.45,17.4,9.05,264645.0,-1489770.0,3577,18.57336162289445,64.05134772347436,16.20208815951608
2021-10-13,780,2021-10-13,19.6,67.0,12.4,10.3,264645.0,-1489770.0,3577,22.010572141993002,62.771615536157235,14.050566873784586
2021-10-29,781,2021-10-29,25.05,60.4,13.25,9.95,264645.0,-1489770.0,3577,22.58168611573847,62.18984281970968,13.994286518433034
2021-11-05,782,2021-11-05,21.25,64.6,12.7,7.35,264645.0,-1489770.0,3577,23.722085344992017,62.29430925111109,12.780093745262116
2021-11-21,783,2021-11-21,29.2,59.8,10.05,12.65,264645.0,-1489770.0,3577,25.72812177502195,60.8457554828981,12.295108864302076
2021-11-30,784,2021-11-30,31.9,53.05,13.85,10.75,264645.0,-1489770.0,3577,28.872733767775884,58.46149299615918,11.553039684771708
2021-12-16,785,2021-12-16,32.55,53.15,13.15,10.75,264645.0,-1489770.0,3577,31.948542943120206,56.04859598604891,10.904400398361624
2021-12-23,786,2021-12-23,18.3333333333333,69.0,11.6666666666667,19.6666666666667,264625.0,-1489815.0,3577,35.03201014671079,53.97892788325417,9.834243723251548
2022-01-08,787,2022-01-08,48.8,47.2,3.0,14.0,264645.0,-1489740.0,3577,37.84853861308403,52.48358700122621,8.45836887570508
2022-02-02,788,2022-02-02,43.9,44.65,10.0,11.25,264645.0,-1489770.0,3577,39.8468152590384,50.65239775703415,8.187940851716723
2022-02-18,789,2022-02-18,38.95,53.05,6.45,13.15,264645.0,-1489770.0,3577,39.723399871536344,50.47157223580618,8.420909379576855
2022-03-22,790,2022-03-22,39.1,48.3,11.15,10.3,264645.0,-1489770.0,3577,39.690139427130404,49.823133213528244,9.177884344756038
2022-04-07,791,2022-04-07,36.4,51.5,10.85,11.25,264645.0,-1489770.0,3577,37.907589469348515,49.762218277071526,11.025298231178933
2022-04-23,792,2022-04-23,32.75,53.5,12.75,11.0,264645.0,-1489770.0,3577,35.135920168577464,51.40746173330544,12.232927392523084
2022-05-01,793,2022-05-01,33.0,51.75,14.05,10.5,264645.0,-1489770.0,3577,31.347571932706565,54.24394228062148,13.238539479094777
2022-05-09,794,2022-05-09,32.05,54.3,12.55,10.8,264645.0,-1489770.0,3577,31.97614367056613,53.465781896114464,13.425199722875735
2022-05-17,795,2022-05-17,32.05,52.95,13.8,10.7,264645.0,-1489770.0,3577,30.7755883435404,53.59869449435212,14.404364675569955
2022-05-25,796,2022-05-25,28.4,55.7,14.4,10.15,264645.0,-1489770.0,3577,29.544435904648207,54.47905020675105,14.701198337264255
2022-06-02,797,2022-06-02,29.65,53.8,15.45,9.65,264645.0,-1489770.0,3577,28.593644590699142,54.45003788780065,15.679038299159796
2022-06-18,798,2022-06-18,26.1,53.75,18.75,9.8,264645.0,-1489770.0,3577,27.421303773621656,54.70701357465246,16.63603130615266
2022-06-26,799,2022-06-26,26.7,55.9,16.35,10.5,264645.0,-1489770.0,3577,26.13095650479161,54.94753079736779,17.750351815364645
2022-07-04,800,2022-07-04,24.9,56.45,17.45,9.9,264645.0,-1489770.0,3577,25.093530927273306,55.511682435203554,18.29131178418831
2022-07-12,801,2022-07-12,24.6,55.5,19.05,9.85,264645.0,-1489770.0,3577,23.86019506808624,57.449056052298246,17.661266751821387
2022-07-20,802,2022-07-20,23.3,56.8,18.75,9.7,264645.0,-1489770.0,3577,24.170642360731627,56.57274351035116,18.201034878431543
2022-07-28,803,2022-07-28,22.85,57.75,18.25,9.45,264645.0,-1489770.0,3577,23.051616185668465,57.441441685241145,18.376317954488584
2022-08-05,804,2022-08-05,21.5,60.55,16.85,9.25,264645.0,-1489770.0,3577,21.64017514992424,58.727759856234044,18.475869795836076
2022-08-13,805,2022-08-13,21.0,60.05,17.8,8.85,264645.0,-1489770.0,3577,20.141659367929933,59.55747846298602,19.08053373589255
2022-08-21,806,2022-08-21,20.85,56.95,20.8,8.85,264645.0,-1489770.0,3577,19.050950478999546,60.82146029196166,18.914960339256467
2022-09-06,807,2022-09-06,19.15,56.8,22.75,8.3,264645.0,-1489770.0,3577,18.66651936431903,60.91440537478704,19.181554878377526
2022-09-14,808,2022-09-14,10.3636363636364,73.8181818181818,14.8181818181818,17.8181818181818,264647.727272727,-1489760.45454545,3577,18.280205098644906,60.841364443833605,19.69585588689239
2022-09-22,809,2022-09-22,20.65,58.3,19.95,8.85,264645.0,-1489770.0,3577,17.076237444837414,62.46683287233408,19.30265479849975
2022-09-30,810,2022-09-30,19.65,59.7,19.5,8.85,264645.0,-1489770.0,3577,14.999398104374613,65.83430403124265,18.10732339144529
2022-10-24,811,2022-10-24,16.05,65.8,17.05,9.15,264645.0,-1489770.0,3577,16.39641008134179,64.85952345509052,17.71602478151904
2022-11-01,812,2022-11-01,15.1,65.25,18.6,9.2,264645.0,-1489770.0,3577,15.998631974851108,65.94026687756671,17.05390750951634
2022-11-09,813,2022-11-09,11.2105263157895,72.8421052631579,15.1052631578947,12.2631578947368,264646.578947368,-1489767.63157895,3577,15.878596215457025,66.7192760574032,16.3919398774585
2022-11-25,814,2022-11-25,16.6,68.45,13.9,9.7,264645.0,-1489770.0,3577,16.364868853582074,66.94409729451723,15.656888552343371
2022-12-03,815,2022-12-03,23.9,57.9,17.1,10.35,264645.0,-1489770.0,3577,17.896459948508998,66.31218044971097,14.719864927326455
2022-12-11,816,2022-12-11,27.2,55.85,15.65,10.3,264645.0,-1489770.0,3577,21.022823568383302,64.47087894468123,13.396325121723597
2022-12-19,817,2022-12-19,12.6666666666667,79.3333333333333,7.11111111111111,22.2222222222222,264661.666666667,-1489771.66666667,3577,26.403857790213088,61.0174497620195,11.446069981010986
2023-02-05,818,2023-02-05,40.15,48.45,10.2,11.4,264645.0,-1489770.0,3577,34.809904699869236,55.4990534452119,8.57324507682505
