time,Unnamed: 0,time_ymd,pv,npv,bs,ue,x,y,spatial_ref,pv_filter,npv_filter,bs_filter
1987-09-08,1,1987-09-08,25.1,39.15,34.3,9.3,-1077735.0,-3360090.0,3577,25.381738046095638,40.92573959408321,32.35268317853459
1987-09-15,2,1987-09-15,23.5,38.7,36.5,9.7,-1077735.0,-3360090.0,3577,24.036549707602347,37.63849022064965,36.93974642488572
1987-09-24,3,1987-09-24,24.85,38.8,35.05,9.15,-1077735.0,-3360090.0,3577,23.527641832711502,36.08179077973969,39.01836123113209
1987-10-01,4,1987-10-01,24.65,35.8,38.3,9.35,-1077735.0,-3360090.0,3577,23.55131049720834,35.902830416917105,39.223920944896136
1987-10-17,5,1987-10-17,23.3,37.65,38.0,9.45,-1077735.0,-3360090.0,3577,23.855355922886893,36.76147283229326,38.130430379733745
1987-10-26,6,1987-10-26,23.1,37.3,38.25,8.9,-1077735.0,-3360090.0,3577,24.239082477549978,38.33025628052716,36.25050581513427
1987-11-02,7,1987-11-02,23.05,37.9,37.6,9.3,-1077735.0,-3360090.0,3577,24.553298675009213,40.294393570825434,34.03537499652049
1987-11-18,8,1987-11-18,24.9,38.2,35.6,9.4,-1077735.0,-3360090.0,3577,24.700317175081288,42.351772066936014,31.874877135243892
1987-11-27,9,1987-11-27,23.1,33.8,41.45,9.05,-1077735.0,-3360090.0,3577,24.62131784623677,45.073769728716556,29.29054536794038
1987-12-04,10,1987-12-04,30.8,70.0,0.0,5.05,-1077735.0,-3360090.0,3577,24.452283011102885,47.09406460411948,27.458892809972305
1987-12-20,11,1987-12-20,21.65,43.55,33.2,9.35,-1077735.0,-3360090.0,3577,24.757677152565094,47.2817792114935,26.904924332629296
1987-12-29,12,1987-12-29,22.2,42.05,34.2,9.05,-1077735.0,-3360090.0,3577,24.037240468506226,46.06945051851484,28.76973413582891
1988-01-05,13,1988-01-05,22.9,40.75,35.0,8.95,-1077735.0,-3360090.0,3577,23.094558228146106,42.85753534390665,32.731505336763604
1988-02-06,14,1988-02-06,22.85,39.6,36.0,9.25,-1077735.0,-3360090.0,3577,22.702030786547517,40.31284504968113,35.4899499880871
1988-02-15,15,1988-02-15,24.15,39.35,35.1,9.15,-1077735.0,-3360090.0,3577,22.06751932277918,37.56147459351233,38.7757615449508
1988-02-22,16,1988-02-22,22.95,36.6,38.9,9.0,-1077735.0,-3360090.0,3577,21.711697590332115,37.19860789364878,39.47719153910515
1988-03-25,17,1988-03-25,18.45,38.75,41.45,7.55,-1077735.0,-3360090.0,3577,22.646295654806202,40.12864101841831,35.898627378807774
1988-04-03,18,1988-04-03,24.55,40.95,32.9,9.15,-1077735.0,-3360090.0,3577,22.29086037800875,39.31455649612957,36.9876702245068
1988-04-19,19,1988-04-19,23.25,43.35,32.15,9.45,-1077735.0,-3360090.0,3577,23.036592045721733,39.61668146094798,35.95472190347814
1988-04-26,20,1988-04-26,21.85,35.8,40.95,8.55,-1077735.0,-3360090.0,3577,24.336219662686617,39.749987009888194,34.50027603974457
1988-06-06,21,1988-06-06,27.85,41.6,29.15,10.25,-1077735.0,-3360090.0,3577,25.578944120890764,40.182050921209004,32.80985624282347
1988-06-13,22,1988-06-13,26.6,36.8,35.25,9.1,-1077735.0,-3360090.0,3577,26.754572517262016,40.701837017465614,31.131657970507806
1988-06-22,23,1988-06-22,26.15,45.9,26.35,12.05,-1077735.0,-3360090.0,3577,27.008237892134787,41.61130355711778,29.9261415055488
1988-07-08,24,1988-07-08,27.95,40.6,29.9,9.05,-1077735.0,-3360090.0,3577,26.123618177484243,42.9637402844769,29.472601701699464
1988-07-15,25,1988-07-15,25.05,44.15,29.45,9.2,-1077735.0,-3360090.0,3577,25.75660330381308,43.996953820167064,28.80185433760855
1988-07-31,26,1988-07-31,23.65,45.3,29.85,10.8,-1077735.0,-3360090.0,3577,24.29370845872031,44.130501851083494,30.154424213552836
1988-08-09,27,1988-08-09,23.6,43.0,31.85,9.85,-1077735.0,-3360090.0,3577,23.026271406608526,42.41515837103438,33.1541741540144
1988-08-25,28,1988-08-25,21.8,41.9,34.85,9.4,-1077735.0,-3360090.0,3577,22.955183052238446,40.811201801288576,34.88538071834765
1988-09-17,29,1988-09-17,22.15,37.2,39.45,9.55,-1077735.0,-3360090.0,3577,22.13835545259363,38.99781008464636,37.55033666023817
1988-09-26,30,1988-09-26,22.85,36.9,38.8,9.15,-1077735.0,-3360090.0,3577,21.67345904868801,38.279831778123274,38.72446794690798
1988-10-12,31,1988-10-12,21.2,36.85,40.65,9.1,-1077735.0,-3360090.0,3577,21.71232761046678,36.8692037065047,40.08522375456761
1988-10-28,32,1988-10-28,22.95,37.2,38.7,8.7,-1077735.0,-3360090.0,3577,21.332410314140873,36.59882656043099,40.72573339972112
1988-11-20,33,1988-11-20,20.45,38.4,39.75,9.15,-1077735.0,-3360090.0,3577,21.99426162072892,37.010782870374854,39.65431055012506
1988-11-29,34,1988-11-29,19.65,38.4,40.4,9.0,-1077735.0,-3360090.0,3577,21.778894325485496,37.69090259585052,39.125597003609734
1988-12-15,35,1988-12-15,23.9,35.0,39.65,8.8,-1077735.0,-3360090.0,3577,22.201566390262762,37.143091428689594,39.16806274220549
1989-01-07,36,1989-01-07,22.3,37.9,38.3,9.55,-1077735.0,-3360090.0,3577,21.780403342783988,37.56888761392844,39.15756024161011
1989-01-16,37,1989-01-16,21.85,38.95,37.75,8.75,-1077735.0,-3360090.0,3577,20.874191907160924,38.34907770247754,39.24270930307495
1989-01-23,38,1989-01-23,21.65,39.3,37.55,9.15,-1077735.0,-3360090.0,3577,20.256491805405187,39.16261447530212,39.034066552636574
1989-02-01,39,1989-02-01,16.15,38.35,43.8,13.25,-1077735.0,-3360090.0,3577,20.10952716014335,40.206046894276184,38.169359587774935
1989-02-17,40,1989-02-17,22.55,40.1,35.85,8.75,-1077735.0,-3360090.0,3577,19.835202104394188,40.84137673471429,37.79529325163435
1989-03-12,41,1989-03-12,16.1,47.45,35.15,13.9,-1077735.0,-3360090.0,3577,20.322804130850628,41.14567754226583,37.00928576067342
1989-03-28,42,1989-03-28,25.05,36.95,36.3,9.35,-1077735.0,-3360090.0,3577,22.21171815799967,40.59490354845785,35.71868193725245
1989-04-22,43,1989-04-22,25.85,41.05,31.7,9.75,-1077735.0,-3360090.0,3577,23.963948126173648,41.664033644367976,32.94606399791665
1989-04-29,44,1989-04-29,23.85,41.7,33.15,10.05,-1077735.0,-3360090.0,3577,25.804570352244518,42.55179804714773,30.263120006923533
1989-05-08,45,1989-05-08,26.35,41.6,30.6,10.1,-1077735.0,-3360090.0,3577,27.09457554828667,42.8087239385937,28.74705990603394
1989-06-25,46,1989-06-25,28.35,45.05,25.35,10.9,-1077735.0,-3360090.0,3577,27.15997531879479,43.10948818982231,28.383773192747284
1989-07-11,47,1989-07-11,27.7,44.85,26.1,11.0,-1077735.0,-3360090.0,3577,27.32489878542102,43.494875403228036,27.83532226287229
1989-07-18,48,1989-07-18,25.6,46.0,27.0,11.35,-1077735.0,-3360090.0,3577,26.0221059126593,43.89558877654197,28.71591829222979
1989-08-03,49,1989-08-03,26.1,37.95,34.55,8.45,-1077735.0,-3360090.0,3577,25.619062980359463,42.31947974625361,30.64160622658617
1989-08-12,50,1989-08-12,24.05,41.6,32.95,10.05,-1077735.0,-3360090.0,3577,24.893298187876514,42.02079174694646,31.657193271120427
1989-08-19,51,1989-08-19,23.5,42.8,32.2,10.4,-1077735.0,-3360090.0,3577,23.736388534063007,41.112907835192715,33.71161640216864
1989-08-28,52,1989-08-28,23.5,39.55,35.5,9.9,-1077735.0,-3360090.0,3577,23.159111476755076,40.07548767021852,35.37437809867622
1989-09-04,53,1989-09-04,22.9,40.4,35.4,9.85,-1077735.0,-3360090.0,3577,23.173203576605687,39.71593128233401,35.76295330056405
1989-09-13,54,1989-09-13,23.35,39.75,35.6,9.45,-1077735.0,-3360090.0,3577,22.75506505877683,38.89862413128086,36.99519907336692
1989-09-29,55,1989-09-29,22.7,39.0,36.9,9.25,-1077735.0,-3360090.0,3577,22.44489705340763,38.67488904283992,37.52455996015807
1989-10-06,56,1989-10-06,21.0,35.1,42.65,8.4,-1077735.0,-3360090.0,3577,22.075576435944654,38.10189763796006,38.45937777392311
1989-11-07,57,1989-11-07,22.7,39.0,36.95,9.05,-1077735.0,-3360090.0,3577,21.61484769100545,38.392037065096346,38.60907683647045
1989-11-23,58,1989-11-23,21.45,39.4,37.45,9.35,-1077735.0,-3360090.0,3577,21.3077442681126,38.81110545800369,38.485342830538315
1989-12-02,59,1989-12-02,19.95,39.15,39.6,9.3,-1077735.0,-3360090.0,3577,21.421059126628684,39.0303015869521,38.136678646425274
1989-12-09,60,1989-12-09,22.7,42.05,33.95,9.65,-1077735.0,-3360090.0,3577,21.51094416419172,39.557905561924414,37.52815930199271
1989-12-25,61,1989-12-25,21.1,37.95,39.55,9.2,-1077735.0,-3360090.0,3577,22.079430167352562,40.10714131069569,36.396527311692154
1990-02-20,62,1990-02-20,23.45,38.55,36.6,8.85,-1077735.0,-3360090.0,3577,22.61367425144177,40.007531013871784,35.97548983523678
1990-02-27,63,1990-02-27,22.95,41.0,34.65,9.15,-1077735.0,-3360090.0,3577,22.992301197251322,39.67172486955175,35.974766719343386
1990-03-08,64,1990-03-08,23.8,40.55,34.15,8.9,-1077735.0,-3360090.0,3577,23.652142284956092,40.4016897962658,34.59076619973936
1990-03-15,65,1990-03-15,23.35,40.65,34.7,9.25,-1077735.0,-3360090.0,3577,24.112584165057342,40.50255472081493,33.99035917642221
1990-03-24,66,1990-03-24,25.25,40.7,32.7,9.3,-1077735.0,-3360090.0,3577,24.285940375410433,40.70924029530232,33.62334755027751
1990-03-31,67,1990-03-31,23.85,40.15,34.75,9.2,-1077735.0,-3360090.0,3577,24.716562384979746,40.923150533670736,32.972023641987754
1990-04-16,68,1990-04-16,25.15,42.95,30.4,9.85,-1077735.0,-3360090.0,3577,24.560140942645013,40.85116586199567,33.198137002311604
1990-04-25,69,1990-04-25,25.85,41.1,31.55,9.65,-1077735.0,-3360090.0,3577,25.847314295607646,42.485083028420334,30.248945636402418
1990-05-02,70,1990-05-02,25.25,40.3,33.0,9.95,-1077735.0,-3360090.0,3577,26.155800082266765,42.89117863559947,29.527552014544504
1990-06-03,71,1990-06-03,25.0,45.3,28.35,11.25,-1077735.0,-3360090.0,3577,25.523677715469567,43.62321007165557,29.422426335270238
1990-06-12,72,1990-06-12,26.3,44.6,27.75,10.8,-1077735.0,-3360090.0,3577,24.629774405157725,43.70084219185733,30.278110589096777
1990-06-19,73,1990-06-19,25.6,46.05,26.95,11.55,-1077735.0,-3360090.0,3577,24.30747688843301,43.74304163328277,30.571338413903504
1990-06-28,74,1990-06-28,24.8,42.35,31.4,10.5,-1077735.0,-3360090.0,3577,23.602080581953217,42.856265561057924,32.18641451427348
1990-07-05,75,1990-07-05,16.9,36.6,45.25,8.5,-1077735.0,-3360090.0,3577,23.524469029419073,42.92975925003148,32.16500573729195
1990-07-21,76,1990-07-21,24.3,46.9,27.35,10.9,-1077735.0,-3360090.0,3577,23.044106821967155,40.781297495068486,34.786340903673164
1990-07-30,77,1990-07-30,26.65,38.65,33.3,9.5,-1077735.0,-3360090.0,3577,23.22335079780553,40.51760917100869,34.84521098096429
1990-08-15,78,1990-08-15,23.85,41.95,32.75,10.1,-1077735.0,-3360090.0,3577,23.070713806314075,40.89549676329251,34.63511333866853
1990-08-22,79,1990-08-22,21.1,39.15,38.4,9.35,-1077735.0,-3360090.0,3577,22.930629587127708,41.20201346640359,34.450961267829186
1990-08-31,80,1990-08-31,22.75,42.4,33.4,9.8,-1077735.0,-3360090.0,3577,22.492243824283808,41.41073740500366,34.67012925154822
1990-09-16,81,1990-09-16,20.45,37.25,40.9,8.65,-1077735.0,-3360090.0,3577,21.744022386279198,40.59245274848383,36.250217584267894
1990-10-02,82,1990-10-02,23.0,47.95,27.6,11.7,-1077735.0,-3360090.0,3577,20.546967892785254,39.145456710466334,38.915103163084964
1990-10-25,83,1990-10-25,17.95,33.45,47.3,9.8,-1077735.0,-3360090.0,3577,20.655660438629486,39.06274654137847,38.8945030201938
1990-11-03,84,1990-11-03,22.3,38.35,37.85,9.5,-1077735.0,-3360090.0,3577,20.989787611765898,37.8002381519353,39.835690315870124
1990-11-10,85,1990-11-10,21.6,36.6,40.55,9.35,-1077735.0,-3360090.0,3577,21.223105068303134,37.9325748554794,39.475483340183324
1990-11-19,86,1990-11-19,21.3,37.2,40.1,9.1,-1077735.0,-3360090.0,3577,21.426924159428697,37.74799952369048,39.44396284829132
1990-11-26,87,1990-11-26,21.15,38.65,38.75,9.2,-1077735.0,-3360090.0,3577,21.665320747360852,37.96434973694468,38.95181861481589
1990-12-12,88,1990-12-12,21.55,40.0,37.1,9.3,-1077735.0,-3360090.0,3577,21.768652709516324,37.66116932602438,39.14671133819155
1990-12-21,89,1990-12-21,23.45,38.15,36.9,8.95,-1077735.0,-3360090.0,3577,22.2674879300233,38.482333456011915,37.817737989558964
1990-12-28,90,1990-12-28,22.15,37.4,39.0,9.1,-1077735.0,-3360090.0,3577,22.116863322432774,37.1769025092499,39.29985602632074
1991-01-06,91,1991-01-06,21.65,34.25,42.65,8.55,-1077735.0,-3360090.0,3577,22.652048106688685,37.253301651902895,38.67044859165024
1991-01-13,92,1991-01-13,23.1,36.35,39.25,8.85,-1077735.0,-3360090.0,3577,23.93032864967492,36.08203468357728,38.59018380999228
1991-01-22,93,1991-01-22,25.1,36.8,36.75,8.85,-1077735.0,-3360090.0,3577,24.27966723678435,35.166451969078295,39.14007555910996
1991-01-29,94,1991-01-29,24.0,36.75,37.75,8.9,-1077735.0,-3360090.0,3577,23.973308579961344,35.0594589620853,39.53988503755715
1991-02-14,95,1991-02-14,24.1,34.9,39.55,8.65,-1077735.0,-3360090.0,3577,23.23899954534282,35.58404165493417,39.73840741301448
1991-02-23,96,1991-02-23,24.95,34.55,38.95,8.55,-1077735.0,-3360090.0,3577,23.653630734586955,36.01508800796188,38.87696962479663
1991-03-02,97,1991-03-02,23.15,34.2,41.25,8.35,-1077735.0,-3360090.0,3577,23.715997315374576,37.482230617673935,37.30774535061903
1991-03-11,98,1991-03-11,17.2,40.95,40.3,14.05,-1077735.0,-3360090.0,3577,21.682215462552783,37.17586979583328,39.599035484633276
1991-03-18,99,1991-03-18,24.85,40.05,33.6,9.25,-1077735.0,-3360090.0,3577,23.603864195656335,39.53314281177467,35.28985617065585
1991-03-27,100,1991-03-27,25.3,38.8,34.3,9.15,-1077735.0,-3360090.0,3577,22.229837190669784,39.90814587888295,36.2570319773052
1991-04-03,101,1991-04-03,24.25,38.75,35.35,9.05,-1077735.0,-3360090.0,3577,22.87544040066918,38.050674402990694,37.45880007504835
1991-04-12,102,1991-04-12,16.4,38.7,43.15,16.4,-1077735.0,-3360090.0,3577,21.713535329476358,36.50946184877529,40.19126018459784
1991-04-19,103,1991-04-19,20.65,34.0,43.9,8.2,-1077735.0,-3360090.0,3577,19.586402606678313,36.43074433306087,42.45878022905252
1991-05-14,104,1991-05-14,27.0,42.2,29.4,10.2,-1077735.0,-3360090.0,3577,17.071817984305248,37.16672043126597,44.30663534227316
1991-05-30,105,1991-05-30,2.16666666666667,26.6666666666667,69.8333333333333,24.6666666666667,-1077755.0,-3360065.0,3577,15.553523661171653,40.52181219192998,42.54479383523882
1991-06-06,106,1991-06-06,27.9,46.65,24.15,11.0,-1077735.0,-3360090.0,3577,16.662462126432263,42.72245989304176,39.303290769840196
1991-06-15,107,1991-06-15,6.33333333333333,54.0,38.3333333333333,23.1666666666667,-1077740.0,-3360065.0,3577,19.408990178793374,45.083525659060726,34.26173823188953
1991-06-22,108,1991-06-22,25.1,46.85,26.75,11.45,-1077735.0,-3360090.0,3577,21.80479612180443,47.34673587505698,29.581216041029116
1991-07-01,109,1991-07-01,27.35,44.3,27.0,11.2,-1077735.0,-3360090.0,3577,23.061793079004882,47.885703305974786,27.713003266893537
1991-07-08,110,1991-07-08,27.6,46.5,24.7,11.6,-1077735.0,-3360090.0,3577,24.380333720374075,46.17966435009088,28.04630712560064
1991-07-17,111,1991-07-17,24.1578947368421,40.0,34.3684210526316,14.1578947368421,-1077736.57894737,-3360092.36842105,3577,25.465504185127237,44.200806108229834,28.88271685405033
1991-07-24,112,1991-07-24,22.15,47.15,29.2,10.55,-1077735.0,-3360090.0,3577,22.51415400225966,41.00248219272374,35.00893801895805
1991-08-09,113,1991-08-09,16.6666666666667,39.0833333333333,42.5,17.0833333333333,-1077745.0,-3360082.5,3577,22.81557536483056,39.89147993388883,35.816517451366266
1991-08-18,114,1991-08-18,21.8,35.75,41.1,8.4,-1077735.0,-3360090.0,3577,20.02837190103064,38.87197492908986,39.626065644468554
1991-09-03,115,1991-09-03,22.5,38.95,37.2,9.65,-1077735.0,-3360090.0,3577,19.744489431862238,38.412628547916924,40.42194322297597
1991-09-10,116,1991-09-10,21.95,39.5,37.2,9.9,-1077735.0,-3360090.0,3577,20.239225172467222,36.40055244033027,41.93808097963003
1991-09-19,117,1991-09-19,16.25,36.15,46.2,9.75,-1077735.0,-3360090.0,3577,19.732882743780884,36.82626058151824,42.03594504728797
1991-09-26,118,1991-09-26,20.95,33.95,43.6,8.15,-1077735.0,-3360090.0,3577,18.421098296356252,37.93647729978433,42.18960224637043
1991-10-05,119,1991-10-05,15.375,44.0,39.125,14.625,-1077705.0,-3360105.0,3577,16.82884038046325,41.09104584785086,40.60329894563034
1991-10-21,120,1991-10-21,15.45,40.35,42.7,12.45,-1077735.0,-3360090.0,3577,15.702367988046758,40.99655437441203,41.785690857124244
1991-11-06,121,1991-11-06,19.0,37.4,41.95,8.95,-1077735.0,-3360090.0,3577,15.518484920649783,41.830029877237244,41.225074151848176
1991-11-13,122,1991-11-13,10.75,53.5,34.5,11.25,-1077768.75,-3360101.25,3577,16.89531003052422,42.203271341655125,39.410990170814
1991-11-22,123,1991-11-22,19.9,38.2,40.45,8.95,-1077735.0,-3360090.0,3577,17.97647654203113,42.60564203597623,37.947115655236914
1991-12-08,124,1991-12-08,19.9,38.05,40.7,8.9,-1077735.0,-3360090.0,3577,19.099676871113644,43.02819502478302,36.21706845785252
1991-12-15,125,1991-12-15,20.4,36.9,41.15,8.9,-1077735.0,-3360090.0,3577,20.096714224884593,37.86308608831263,40.87518781527459
1991-12-31,126,1991-12-31,18.4,48.35,31.75,14.35,-1077735.0,-3360090.0,3577,18.64734189958369,38.98943471388709,41.24033806749909
1992-01-09,127,1992-01-09,20.95,37.4,40.0,9.0,-1077735.0,-3360090.0,3577,16.641070384721147,40.12544436986562,41.91849574573406
1992-01-16,128,1992-01-16,11.85,43.35,44.1,5.15,-1077735.0,-3360090.0,3577,15.53988359421564,44.87163899051774,37.92355755698842
1992-01-25,129,1992-01-25,15.05,38.8,44.65,7.4,-1077735.0,-3360090.0,3577,13.810957154298752,49.352736582295776,34.853575526635325
1992-02-01,130,1992-02-01,10.25,45.75,42.75,8.5,-1077772.5,-3360105.0,3577,14.637061854551936,49.6570319773032,33.45536816124552
1992-02-17,131,1992-02-17,15.6666666666667,78.6666666666667,0.0,3.66666666666667,-1077765.0,-3360115.0,3577,16.15080935576051,49.089467910822805,32.397583840303454
1992-03-04,132,1992-03-04,22.6,36.65,39.3,8.8,-1077735.0,-3360090.0,3577,18.757551581542593,47.81832470933924,31.05800190521089
1992-03-20,133,1992-03-20,23.7,45.3,29.35,11.65,-1077735.0,-3360090.0,3577,21.554760873797903,46.42423520751001,29.84475849227725
1992-04-21,134,1992-04-21,20.65,29.25,48.75,8.4,-1077735.0,-3360090.0,3577,24.08481637041649,42.09022133696428,31.96138258026325
1992-05-16,135,1992-05-16,26.1,44.65,27.85,10.65,-1077735.0,-3360090.0,3577,25.089936997982782,39.44629240727723,34.019757951022214
1992-05-23,136,1992-05-23,25.15,42.85,30.5,10.25,-1077735.0,-3360090.0,3577,25.77661997444894,37.91241204615251,35.12401545822074
1992-07-19,137,1992-07-19,25.55,41.65,31.3,10.65,-1077735.0,-3360090.0,3577,24.75646979439179,39.65217439938209,34.43755547857201
1992-07-26,138,1992-07-26,24.15,39.1,35.4,10.3,-1077735.0,-3360090.0,3577,24.509837840174736,44.57561648876772,29.29402671631336
1992-08-20,139,1992-08-20,24.3,41.75,32.45,10.3,-1077735.0,-3360090.0,3577,24.19044577712947,41.856742947448765,32.52249345081676
1992-08-27,140,1992-08-27,24.1,44.95,29.6,11.65,-1077735.0,-3360090.0,3577,23.625322046371146,40.90709584532503,34.02223148368151
1992-09-12,141,1992-09-12,21.45,39.45,37.8,9.95,-1077735.0,-3360090.0,3577,22.59815756998082,38.685546342196915,37.33603563618486
1992-10-23,142,1992-10-23,22.35,36.6,39.4,9.45,-1077735.0,-3360090.0,3577,22.48402541730379,38.50301803459123,37.62441490397585
1992-10-30,143,1992-10-30,23.7,35.65,39.35,9.1,-1077735.0,-3360090.0,3577,22.37378163631699,37.341771850435,38.893578557659424
1992-11-08,144,1992-11-08,21.3,33.7,43.7,9.1,-1077735.0,-3360090.0,3577,22.322297516721424,36.67341466582405,39.610400744760156
1992-11-15,145,1992-11-15,23.55,41.35,33.75,10.4,-1077735.0,-3360090.0,3577,22.451177769595468,36.08212777933601,40.09820736538404
1992-11-24,146,1992-11-24,22.0,37.85,38.75,9.55,-1077735.0,-3360090.0,3577,23.111000454650252,36.74947281819797,38.761298144574084
1993-01-02,147,1993-01-02,24.4,33.55,40.5,8.55,-1077735.0,-3360090.0,3577,23.93295914611347,37.28067180496964,37.43413475069263
1993-01-11,148,1993-01-11,24.35,38.45,36.0,9.2,-1077735.0,-3360090.0,3577,24.56238173590748,36.94762822316449,37.125645716507044
1993-01-27,149,1993-01-27,25.1,38.0,35.45,9.4,-1077735.0,-3360090.0,3577,25.518815085839137,37.611104375495046,35.403939249599595
1993-02-12,150,1993-02-12,28.0,36.25,34.35,9.45,-1077735.0,-3360090.0,3577,27.10567559375204,37.27950702547668,34.15376604818819
1993-02-19,151,1993-02-19,27.8,38.75,31.9,9.5,-1077735.0,-3360090.0,3577,27.688233129095867,37.440550780483264,33.40435601549653
1993-02-28,152,1993-02-28,27.9,38.0,32.6,9.35,-1077735.0,-3360090.0,3577,28.80478793651738,40.080238801440245,29.602313321349143
1993-04-08,153,1993-04-08,29.15,42.9,26.3,10.35,-1077735.0,-3360090.0,3577,29.152337136543302,41.33433934485949,27.99691701486949
1993-04-17,154,1993-04-17,30.45,42.4,25.7,10.3,-1077735.0,-3360090.0,3577,29.64225681438861,42.37113814976958,26.470127086531797
1993-04-24,155,1993-04-24,30.05,39.2,29.5,10.25,-1077735.0,-3360090.0,3577,29.60190305050544,43.2014159215333,25.736427504380316
1993-05-03,156,1993-05-03,27.3,49.6,21.45,10.15,-1077735.0,-3360090.0,3577,29.208931780289646,43.38911104374853,25.970854532460557
1993-05-26,157,1993-05-26,31.65,44.25,22.65,11.5,-1077735.0,-3360090.0,3577,29.224431141609436,43.149570243991036,26.200194851584122
1993-06-27,158,1993-06-27,27.35,37.25,34.15,11.25,-1077735.0,-3360090.0,3577,29.24652731169322,42.836072441484,26.468948234424154
1993-08-14,159,1993-08-14,29.6,43.6,25.25,14.85,-1077735.0,-3360090.0,3577,29.08133754789667,42.38128450496239,27.1179133559898
1993-08-23,160,1993-08-23,28.05,41.45,29.1,10.8,-1077735.0,-3360090.0,3577,28.89929636926109,42.39222975166614,27.26410508995241
1993-08-30,161,1993-08-30,29.35,44.95,24.25,13.5,-1077735.0,-3360090.0,3577,28.807904479417203,42.385442421349396,27.411147675849463
1993-09-24,162,1993-09-24,29.95,42.25,26.35,10.35,-1077735.0,-3360090.0,3577,28.300037887804557,42.61016692285405,27.72702375023942
1993-10-01,163,1993-10-01,26.7,42.05,30.05,10.25,-1077735.0,-3360090.0,3577,27.32863452336728,43.194947931319184,28.108243304678734
1993-10-17,164,1993-10-17,25.5,42.8,30.4,9.75,-1077735.0,-3360090.0,3577,26.89058325574952,42.312777934133834,29.465713698062235
1993-10-26,165,1993-10-26,26.6,41.75,30.15,9.85,-1077735.0,-3360090.0,3577,25.932578103007664,40.973973240375784,31.766846002290173
1993-11-02,166,1993-11-02,25.95,41.35,31.55,9.85,-1077735.0,-3360090.0,3577,25.652888133534454,40.74580636081575,32.26367966398445
1993-11-27,167,1993-11-27,24.55,38.75,35.25,9.6,-1077735.0,-3360090.0,3577,25.28674359695654,40.317744484611524,33.097975708497074
1993-12-20,168,1993-12-20,25.55,38.85,34.35,10.1,-1077735.0,-3360090.0,3577,25.429749507454684,40.60608586459373,32.66753664291876
1993-12-29,169,1993-12-29,26.2,43.4,29.05,10.45,-1077735.0,-3360090.0,3577,25.224200567230852,40.69118188312626,32.780049362397406
1994-01-05,170,1994-01-05,25.3,41.5,31.95,9.85,-1077735.0,-3360090.0,3577,25.559085496542977,41.83689623069803,31.35313819307159
1994-01-14,171,1994-01-14,25.2,42.05,31.65,9.45,-1077735.0,-3360090.0,3577,25.40300612699614,42.848490982695104,30.469542531767082
1994-01-30,172,1994-01-30,25.05,42.6,30.95,9.6,-1077735.0,-3360090.0,3577,25.751988568702984,42.8199798653295,30.12336703543684
1994-02-06,173,1994-02-06,26.15,43.1,29.3,9.85,-1077735.0,-3360090.0,3577,25.942918227279677,42.34108553984082,30.393743099001718
1994-03-03,174,1994-03-03,26.5,43.05,29.2,9.95,-1077735.0,-3360090.0,3577,26.14002684621489,41.68132455778892,30.81378574984926
1994-03-10,175,1994-03-10,28.55,41.8,28.35,10.15,-1077735.0,-3360090.0,3577,26.821235575565932,41.05601983155549,30.756632531550537
1994-03-19,176,1994-03-19,23.75,37.25,37.45,8.4,-1077735.0,-3360090.0,3577,26.96805191711909,41.41693693302982,30.27160904110916
1994-04-04,177,1994-04-04,30.1,41.0,27.7,9.7,-1077735.0,-3360090.0,3577,28.144066769139968,41.36864621446047,29.15667907943014
1994-04-11,178,1994-04-11,27.45,44.35,26.8,10.6,-1077735.0,-3360090.0,3577,28.751621598211727,41.073184091444205,28.84571001753233
1994-04-20,179,1994-04-20,29.2,43.2,26.4,10.4,-1077735.0,-3360090.0,3577,28.23280218233357,42.616461711656584,27.791483903089656
1994-04-27,180,1994-04-27,29.25,42.45,26.9,10.9,-1077735.0,-3360090.0,3577,28.93848102361602,44.0217963151334,25.690852800446486
1994-05-13,181,1994-05-13,29.0,45.0,24.6,11.1,-1077735.0,-3360090.0,3577,29.283913918894065,44.81308644914786,24.528768754461684
1994-05-22,182,1994-05-22,31.45,43.7,23.3,10.85,-1077735.0,-3360090.0,3577,29.515615189759387,45.82182987290662,23.278259975315322
1994-05-29,183,1994-05-29,23.7,48.15,26.9,12.15,-1077735.0,-3360090.0,3577,28.978157136976336,46.37504384160038,23.247968130936794
1994-06-07,184,1994-06-07,31.1,51.0,16.6,12.0,-1077735.0,-3360090.0,3577,29.2898763774881,47.546871549496025,21.79541557513368
1994-06-23,185,1994-06-23,33.95,42.0,22.6,10.5,-1077735.0,-3360090.0,3577,28.765511268912544,48.01791552100431,21.84559960163349
1994-07-09,186,1994-07-09,24.4,49.3,24.8,11.2,-1077735.0,-3360090.0,3577,28.904840979449666,47.023203576602114,22.694697871784264
1994-07-16,187,1994-07-16,28.95,50.3,19.6,12.5,-1077735.0,-3360090.0,3577,28.76374353200549,46.737559808605454,23.062738963819108
1994-08-01,188,1994-08-01,28.05,44.55,25.85,11.65,-1077735.0,-3360090.0,3577,28.327978523020725,46.98929940028309,23.245729502691972
1994-08-17,189,1994-08-17,28.4,45.2,24.9,11.8,-1077735.0,-3360090.0,3577,27.598008183762573,47.409171014736685,23.55154365757729
1994-08-26,190,1994-08-26,27.2,45.05,26.3,10.7,-1077735.0,-3360090.0,3577,26.763609300911803,46.574426811571556,25.279675896854783
1994-09-02,191,1994-09-02,27.5,49.2,21.9,11.85,-1077735.0,-3360090.0,3577,26.594890558354077,46.41575591590377,25.621970599056553
1994-09-18,192,1994-09-18,23.95,50.8,24.05,11.35,-1077735.0,-3360090.0,3577,26.657050379956615,45.65107384874504,26.362379570889562
1994-10-04,193,1994-10-04,25.25,42.05,31.5,10.35,-1077735.0,-3360090.0,3577,25.0334895754363,45.874618415633236,27.746987377942983
1994-10-13,194,1994-10-13,25.3,41.45,31.75,10.25,-1077735.0,-3360090.0,3577,23.993510359605843,45.10586178526681,29.581523739414056
1994-11-05,195,1994-11-05,24.55,41.6,32.5,10.0,-1077735.0,-3360090.0,3577,22.54559635410692,43.52171404446295,32.560427807481766
1994-11-21,196,1994-11-21,19.65,50.7,28.2,12.9,-1077735.0,-3360090.0,3577,22.340799757514688,41.86420359825307,34.38684210525802
1994-12-07,197,1994-12-07,23.35,38.8,36.5,9.95,-1077735.0,-3360090.0,3577,21.8127054060458,41.00825412976502,35.75176124184878
1994-12-23,198,1994-12-23,18.15,38.4,41.85,15.45,-1077735.0,-3360090.0,3577,21.239274502584024,40.79483535040201,36.52078741691199
1995-01-08,199,1995-01-08,23.3,40.15,35.35,9.7,-1077735.0,-3360090.0,3577,21.712984693322007,40.830820108677784,36.04677195868608
1995-02-09,200,1995-02-09,24.85,41.75,31.9,9.95,-1077735.0,-3360090.0,3577,22.879389032017194,40.66429452899433,35.033340189217306
1995-03-13,201,1995-03-13,25.5,41.75,31.35,10.15,-1077735.0,-3360090.0,3577,25.11772716447264,42.351832687430075,31.12609387516043
1995-03-29,202,1995-03-29,22.05,45.9,30.65,12.8,-1077735.0,-3360090.0,3577,27.321375219203954,44.85604039922255,26.459267358025016
1995-05-16,203,1995-05-16,30.3,45.1,23.2,12.05,-1077735.0,-3360090.0,3577,28.305479659654992,47.53106150814419,22.80806036068853
1995-06-01,204,1995-06-01,32.5,50.4,15.85,12.9,-1077735.0,-3360090.0,3577,29.736390699079756,49.21345558465566,19.728265387859963
1995-07-03,205,1995-07-03,27.8,50.35,20.5,13.55,-1077735.0,-3360090.0,3577,29.133745047517785,49.00936370130684,20.542712550604218
1995-08-04,206,1995-08-04,30.75,47.9,20.25,12.7,-1077735.0,-3360090.0,3577,28.444301673554385,47.28356968108584,23.007711792847672
1995-10-23,207,1995-10-23,24.85,42.85,30.8,10.3,-1077735.0,-3360090.0,3577,27.254504319206127,44.16271190109539,27.286715451726856
1995-11-01,208,1995-11-01,25.4,42.4,30.95,9.8,-1077735.0,-3360090.0,3577,26.04285544176796,40.7488081577804,31.943355560843045
1995-12-10,209,1995-12-10,26.5,39.55,32.75,9.8,-1077735.0,-3360090.0,3577,24.7913052891344,37.502984476817886,36.41455324860354
1995-12-26,210,1995-12-26,22.2,28.15,48.3,7.5,-1077735.0,-3360090.0,3577,25.363469657273917,35.27883587000707,38.062111108699845
1996-01-20,211,1996-01-20,28.2,38.7,31.8,9.8,-1077735.0,-3360090.0,3577,26.32971378466341,36.09698521292409,36.26838965987031
1996-02-05,212,1996-02-05,28.45,38.25,32.0,9.8,-1077735.0,-3360090.0,3577,27.313687241546937,38.19835675160182,33.173345385259935
1996-02-12,213,1996-02-12,28.2,40.9,29.65,9.9,-1077735.0,-3360090.0,3577,28.797627140656893,40.51895148194852,29.35732750221476
1996-02-21,214,1996-02-21,28.45,42.0,28.0,9.9,-1077735.0,-3360090.0,3577,29.253589599250862,42.88601939855168,26.489198726965668
1996-03-15,215,1996-03-15,30.85,48.05,19.9,11.55,-1077735.0,-3360090.0,3577,29.592490636294265,45.00330922946349,24.05678300027786
1996-04-09,216,1996-04-09,30.6,46.45,21.5,10.6,-1077735.0,-3360090.0,3577,30.52501786139101,45.40968628893647,22.70156314273622
1996-04-16,217,1996-04-16,31.0,42.2,25.5,9.85,-1077735.0,-3360090.0,3577,31.52813223927304,44.87234622961506,22.244504102705108
1996-04-25,218,1996-04-25,31.1,44.4,23.1,11.15,-1077735.0,-3360090.0,3577,32.800133148580265,45.72831626577073,20.118751217819415
1996-05-11,219,1996-05-11,33.15,46.9,18.7,12.15,-1077735.0,-3360090.0,3577,33.016367533390465,45.61538028534251,20.027693823201666
1996-06-12,220,1996-06-12,35.55,45.75,17.3,13.2,-1077735.0,-3360090.0,3577,34.08307497455595,46.36453809347854,18.258419753618263
1996-06-28,221,1996-06-28,36.55,47.85,14.2,13.3,-1077735.0,-3360090.0,3577,34.28377427525522,48.03720799323797,16.308564809800764
1996-07-21,222,1996-07-21,30.6,50.4,17.8,13.9,-1077735.0,-3360090.0,3577,33.49311632639305,49.06506527527466,16.07250427590745
1996-08-06,223,1996-08-06,29.4,46.6,22.5,14.7,-1077735.0,-3360090.0,3577,31.395190413297172,48.25885167463393,18.950294442396874
1996-08-15,224,1996-08-15,32.4,47.95,18.35,12.2,-1077735.0,-3360090.0,3577,28.87117603758039,46.46285587476844,23.277751196168772
1996-08-22,225,1996-08-22,30.15,48.0,20.35,13.5,-1077735.0,-3360090.0,3577,26.713790079885158,44.85947519971617,27.017692524190036
1996-08-31,226,1996-08-31,19.35,41.15,37.9,16.45,-1077735.0,-3360090.0,3577,25.30030418497533,43.234385892738565,30.089755136499864
1996-09-23,227,1996-09-23,24.0,37.0,38.0,10.0,-1077795.0,-3360135.0,3577,24.80674511246896,41.814360562032334,31.999172963254864
1996-10-09,228,1996-10-09,25.4,43.45,29.7,10.4,-1077735.0,-3360090.0,3577,24.704138431224525,41.49499014916351,32.442093355556
1996-10-18,229,1996-10-18,26.7,43.85,28.05,10.6,-1077735.0,-3360090.0,3577,24.42363225009919,41.785872177352005,32.46137175517495
1996-10-25,230,1996-10-25,25.8,42.35,30.5,10.3,-1077735.0,-3360090.0,3577,25.0503929506988,42.27880880728546,31.33537855333053
1996-11-03,231,1996-11-03,24.35,42.6,31.8,10.2,-1077735.0,-3360090.0,3577,25.697689926169055,43.242224339121904,29.739731321305825
1996-11-10,232,1996-11-10,25.15,43.85,29.55,10.7,-1077735.0,-3360090.0,3577,25.656237415831107,43.81653856978279,29.174358613518343
1996-11-19,233,1996-11-19,24.6,43.15,31.0,10.25,-1077735.0,-3360090.0,3577,24.28981034445068,43.13476910086173,31.213882093134394
1996-11-26,234,1996-11-26,24.95,42.5,31.2,10.4,-1077735.0,-3360090.0,3577,24.340104786850375,42.58546948406993,31.784723635492877
1996-12-05,235,1996-12-05,24.25,43.2,31.25,9.85,-1077735.0,-3360090.0,3577,24.51718049751739,42.863216350206855,31.310388837164346
1996-12-12,236,1996-12-12,23.25,41.7,33.7,10.05,-1077735.0,-3360090.0,3577,24.825630561385367,42.70436034553044,31.16297495074119
1996-12-28,237,1996-12-28,26.25,42.6,29.85,10.65,-1077735.0,-3360090.0,3577,24.77651172356684,42.18395288920975,31.719360670284726
1997-01-06,238,1997-01-06,24.6,42.35,31.8,9.95,-1077735.0,-3360090.0,3577,24.70542445170559,41.77363766264071,32.19334365324597
1997-01-13,239,1997-01-13,26.05,42.4,30.2,10.5,-1077735.0,-3360090.0,3577,24.813070211518518,41.753053757381885,32.07357379462164
1997-01-22,240,1997-01-22,23.8,40.4,34.35,10.0,-1077735.0,-3360090.0,3577,24.562148996510654,40.77676286561126,33.305078048881114
1997-01-29,241,1997-01-29,24.75,41.35,32.55,10.3,-1077735.0,-3360090.0,3577,25.721334083868943,42.65524692025603,30.27157115330037
1997-02-07,242,1997-02-07,25.45,42.0,31.2,9.85,-1077735.0,-3360090.0,3577,26.7563510792573,43.16740024680556,28.7561583926866
1997-02-14,243,1997-02-14,27.0,43.1,28.65,10.55,-1077735.0,-3360090.0,3577,26.632469852125315,42.444390439275736,29.631239039593744
1997-03-02,244,1997-03-02,26.8,43.45,28.45,10.7,-1077735.0,-3360090.0,3577,25.598254995774386,41.78728376885647,31.304923250119813
1997-03-11,245,1997-03-11,27.4,43.2,28.15,10.45,-1077735.0,-3360090.0,3577,24.37158739093359,40.60949035484033,33.69897053410482
1997-03-18,246,1997-03-18,26.9,45.35,26.45,10.6,-1077735.0,-3360090.0,3577,24.574613003092303,41.754573599768605,32.363503215046364
1997-03-27,247,1997-03-27,17.25,28.25,53.1,5.95,-1077735.0,-3360090.0,3577,24.378023988391863,42.123885557161,32.169476498728656
1997-04-12,248,1997-04-12,21.45,45.7,31.4,12.15,-1077735.0,-3360090.0,3577,25.046141938553056,42.73376128514809,30.87052436726898
1997-04-19,249,1997-04-19,29.0,48.35,21.3,11.85,-1077735.0,-3360090.0,3577,25.843372880985118,43.59550975339797,29.21655264239967
1997-04-28,250,1997-04-28,33.3,48.15,17.5,12.1,-1077735.0,-3360090.0,3577,27.523908289848443,45.3032583515488,25.8699636276997
1997-05-05,251,1997-05-05,29.45,50.05,19.2,12.45,-1077735.0,-3360090.0,3577,29.09200458983306,47.716909870308314,21.939217129616328
1997-05-30,252,1997-05-30,24.9,38.55,35.1,11.65,-1077735.0,-3360090.0,3577,30.295495680785272,49.31320336010002,19.19814999241957
1997-06-22,253,1997-06-22,30.55,51.1,17.25,15.1,-1077735.0,-3360090.0,3577,30.201021888323876,49.51188919438954,19.10261209378571
1997-07-01,254,1997-07-01,28.55,51.45,18.95,12.55,-1077735.0,-3360090.0,3577,28.459566130459713,47.55548723721388,22.80111390157489
1997-07-08,255,1997-07-08,30.4,51.3,17.1,15.9,-1077735.0,-3360090.0,3577,27.53757929376713,47.89710212387516,23.363870185538524
1997-08-25,256,1997-08-25,25.85,46.8,26.1,11.5,-1077735.0,-3360090.0,3577,26.815307757254214,48.19816406502993,23.765403018031044
1997-09-03,257,1997-09-03,25.9,43.3,29.5,10.05,-1077735.0,-3360090.0,3577,26.474708263868393,48.10719110610033,24.18634090367475
1997-09-19,258,1997-09-19,24.25,46.5,27.95,11.25,-1077735.0,-3360090.0,3577,25.204823659309056,46.917362358996215,26.603758470627557
1997-09-26,259,1997-09-26,24.0,47.25,27.55,11.25,-1077735.0,-3360090.0,3577,23.34453657796962,44.47137954923668,30.861903267007015
1997-10-05,260,1997-10-05,22.55,45.8,30.25,10.65,-1077735.0,-3360090.0,3577,22.455190629800278,44.16743055705244,32.06559353958256
1997-10-12,261,1997-10-12,21.95,45.4,31.35,10.9,-1077735.0,-3360090.0,3577,21.61448505054993,43.71936933035351,33.370771179280126
1997-11-06,262,1997-11-06,23.05,39.5,36.2,9.25,-1077735.0,-3360090.0,3577,21.377388555713534,43.42779233150101,33.87885752018373
1997-11-22,263,1997-11-22,18.4,41.0,39.3,8.7,-1077735.0,-3360090.0,3577,21.134735543091516,42.99558985905093,34.56772932948887
1997-11-29,264,1997-11-29,20.55,44.9,33.15,10.7,-1077735.0,-3360090.0,3577,21.384575331785758,42.84245924353643,34.466695533563446
1997-12-08,265,1997-12-08,23.4,44.3,31.05,10.3,-1077735.0,-3360090.0,3577,21.75483231938015,43.467369936558484,33.47424603260016
1997-12-15,266,1997-12-15,23.1,44.7,30.9,10.6,-1077735.0,-3360090.0,3577,22.42649656844368,44.08770269977042,32.18411851306107
1997-12-24,267,1997-12-24,22.95,44.3,31.4,10.3,-1077735.0,-3360090.0,3577,23.034287384438738,44.459119054313646,31.17127779340936
1998-01-09,268,1998-01-09,23.7,44.1,30.95,10.55,-1077735.0,-3360090.0,3577,23.903328714625452,44.58702288422984,30.163326766108632
1998-01-25,269,1998-01-25,23.5,43.05,31.95,10.3,-1077735.0,-3360090.0,3577,24.66094199917361,43.7926768278096,30.18485137153417
1998-02-17,270,1998-02-17,25.2,43.35,30.1,10.2,-1077735.0,-3360090.0,3577,24.622038797112516,43.31558812703676,30.654442616202743
1998-03-05,271,1998-03-05,25.85,43.95,28.75,10.55,-1077735.0,-3360090.0,3577,25.234205113767906,43.24211067569555,30.072507523431824
1998-03-14,272,1998-03-14,26.4,43.95,28.2,10.1,-1077735.0,-3360090.0,3577,26.34732728571344,42.55258178353518,29.628484054640616
1998-03-30,273,1998-03-30,27.35,43.4,27.8,10.25,-1077735.0,-3360090.0,3577,27.322569226435114,44.29032453613836,26.920594730343026
1998-04-06,274,1998-04-06,26.95,43.2,28.35,10.7,-1077735.0,-3360090.0,3577,28.618470848033134,45.64579770074444,24.284121760588718
1998-05-01,275,1998-05-01,29.1,45.25,24.2,11.05,-1077735.0,-3360090.0,3577,28.25581090735467,44.805513217426025,25.52087618263707
1998-05-17,276,1998-05-17,30.95,47.3,20.45,11.9,-1077735.0,-3360090.0,3577,30.184377232669938,47.485867847315866,21.02210122178848
1998-06-09,277,1998-06-09,30.05,48.4,20.25,14.7,-1077735.0,-3360090.0,3577,30.55905843382167,46.76536188269235,21.39524778626626
1998-06-25,278,1998-06-25,28.75,48.85,21.2,13.05,-1077735.0,-3360090.0,3577,29.40350516356269,44.511946567357874,24.809299833289934
1998-07-20,279,1998-07-20,28.15,34.5,36.05,8.85,-1077735.0,-3360090.0,3577,27.550072528086986,41.6848925068677,29.471986475852045
1998-07-27,280,1998-07-27,26.0,42.6,30.2,11.85,-1077735.0,-3360090.0,3577,25.65068306306313,38.967524735320765,34.06076446772533
1998-08-05,281,1998-08-05,30.6,45.5,22.55,11.45,-1077735.0,-3360090.0,3577,23.80299421939933,37.46179718114143,37.3831637402789
1998-08-28,282,1998-08-28,10.5,18.5,69.1666666666667,24.1666666666667,-1077785.0,-3360090.0,3577,22.56832146181654,37.592397540534336,38.46810568172223
1998-09-29,283,1998-09-29,24.65,46.85,27.5,10.95,-1077735.0,-3360090.0,3577,22.394646993869653,39.10536707873585,37.13791703651831
1998-10-08,284,1998-10-08,25.5,44.55,28.6,10.65,-1077735.0,-3360090.0,3577,22.330863409033444,41.231357033053655,35.10900322587105
1998-10-15,285,1998-10-15,23.95,44.4,30.4,10.7,-1077735.0,-3360090.0,3577,22.94926497650613,43.70098075298661,32.070429828164976
1998-10-31,286,1998-10-31,22.95,44.85,30.9,10.75,-1077735.0,-3360090.0,3577,23.765336984992874,44.122538916185576,30.83984065469673
1998-11-09,287,1998-11-09,24.1,43.35,31.25,10.45,-1077735.0,-3360090.0,3577,24.451048951045294,45.732341033572595,28.57036307345478
1998-11-25,288,1998-11-25,24.8,43.9,30.05,10.0,-1077735.0,-3360090.0,3577,25.14774188659262,45.51404555196444,28.05975845619389
1998-12-02,289,1998-12-02,23.1,44.5,31.1,10.9,-1077735.0,-3360090.0,3577,23.527757691221666,42.87033276320561,32.243218082222555
1998-12-18,290,1998-12-18,26.0,44.95,27.65,10.75,-1077735.0,-3360090.0,3577,24.796697265579013,44.215483123680855,29.652056766758218
1998-12-27,291,1998-12-27,24.25,41.8,32.6,10.25,-1077735.0,-3360090.0,3577,25.072695879967675,43.238543448289306,30.339674309174416
1999-01-03,292,1999-01-03,26.15,45.1,27.5,10.65,-1077735.0,-3360090.0,3577,25.079895285309497,46.209294901857646,27.411833866164137
1999-01-12,293,1999-01-12,26.4,42.25,29.9,9.9,-1077735.0,-3360090.0,3577,27.864704799839952,39.56686909581055,31.220613854664915
1999-01-19,294,1999-01-19,26.1,43.05,29.55,10.45,-1077735.0,-3360090.0,3577,27.790077724129297,39.646729019168916,31.251813923945477
1999-02-04,295,1999-02-04,27.35,39.55,31.9,9.9,-1077735.0,-3360090.0,3577,26.459124106024177,41.87688025767895,30.36078166758827
1999-02-13,296,1999-02-13,26.05,42.35,30.35,10.2,-1077735.0,-3360090.0,3577,24.187429907550133,44.28648018647357,30.192553782642147
1999-02-20,297,1999-02-20,27.9,42.6,28.0,10.5,-1077735.0,-3360090.0,3577,22.539202876583417,46.976036502190475,29.154616900123372
1999-03-01,298,1999-03-01,21.1666666666667,32.1111111111111,45.2222222222222,7.77777777777778,-1077740.0,-3360085.0,3577,20.626048048955195,47.02891862179085,31.0142164680818
1999-03-24,299,1999-03-24,5.6,93.4,0.0,2.85,-1077735.0,-3360090.0,3577,21.233437073758992,51.735074368348364,25.636550910386084
1999-04-02,300,1999-04-02,29.2,29.0,40.1,8.15,-1077735.0,-3360090.0,3577,22.227544256565707,50.496875518694594,25.852188111162576
1999-04-09,301,1999-04-09,27.1,40.65,30.95,10.0,-1077735.0,-3360090.0,3577,25.44509749795747,46.63188253094677,26.46633169032154
1999-04-18,302,1999-04-18,29.85,44.1,24.7,10.5,-1077735.0,-3360090.0,3577,28.488276429448632,40.55405002633499,29.5259874284598
1999-04-25,303,1999-04-25,30.3333333333333,40.0,28.0,16.3333333333333,-1077765.0,-3360135.0,3577,30.56634462028741,35.76400910750222,32.27714787791706
1999-05-20,304,1999-05-20,34.125,42.0,22.5,12.6875,-1077720.0,-3360090.0,3577,31.61985014469061,32.70457408088499,34.317714054086636
1999-06-21,305,1999-06-21,26.45,8.9,63.6,5.8,-1077735.0,-3360090.0,3577,30.1446280499641,32.66554013581389,35.91693837637573
1999-07-14,306,1999-07-14,31.65,47.1,19.85,14.5,-1077735.0,-3360090.0,3577,27.71397230220346,40.477646192810425,30.61250081187704
1999-07-15,307,1999-07-15,22.25,44.75,32.05,20.1,-1077735.0,-3360090.0,3577,28.33342949619616,39.17954383077637,31.269604234769837
1999-07-22,308,1999-07-22,30.2,49.05,19.45,12.2,-1077735.0,-3360090.0,3577,29.182971594964144,45.41463227174623,24.199704475087856
1999-07-23,309,1999-07-23,31.25,45.8,21.65,11.8,-1077735.0,-3360090.0,3577,29.81757342244513,48.84727749030425,20.064428760091396
1999-07-30,310,1999-07-30,31.3,48.2,19.15,13.9,-1077735.0,-3360090.0,3577,31.273215638845638,50.715497196294564,16.69189525644385
1999-07-31,311,1999-07-31,32.5,49.5,16.55,12.25,-1077735.0,-3360090.0,3577,31.663684689918348,49.900469808821484,17.08416397843387
1999-08-07,312,1999-08-07,30.2,48.3,20.25,12.15,-1077735.0,-3360090.0,3577,30.081887617022442,43.83731516161201,24.703734655433752
1999-08-08,313,1999-08-08,30.85,47.1,20.6,11.75,-1077735.0,-3360090.0,3577,28.609593347824372,43.82261577431201,26.128361731144203
1999-08-15,314,1999-08-15,22.25,31.25,45.15,9.75,-1077735.0,-3360090.0,3577,26.03368782919478,42.12072354889063,30.437179848011212
1999-08-23,315,1999-08-23,27.9,48.1,22.65,11.75,-1077735.0,-3360090.0,3577,25.433793915059468,41.798686916792136,31.351373703691
1999-08-24,316,1999-08-24,20.2857142857143,38.0,40.0,19.8571428571429,-1077760.71428571,-3360070.71428571,3577,25.150254544213634,41.69183463594605,31.753808266032625
1999-08-31,317,1999-08-31,27.7,43.2,27.8,11.25,-1077735.0,-3360090.0,3577,25.51467572674622,43.000705795745816,30.081416571040563
1999-09-08,318,1999-09-08,28.0,49.45,21.25,13.6,-1077735.0,-3360090.0,3577,26.281801016317214,44.6518023771827,27.657831951326273
1999-09-17,319,1999-09-17,27.55,43.65,27.5,10.75,-1077735.0,-3360090.0,3577,26.745997037014714,45.722898309114385,26.155027170967536
1999-09-24,320,1999-09-24,26.85,45.55,26.15,11.15,-1077735.0,-3360090.0,3577,26.822077200401367,45.420624679751015,26.37043704489131
1999-10-03,321,1999-10-03,25.5,43.8,29.25,10.65,-1077735.0,-3360090.0,3577,27.19673194022633,44.372919357897246,27.07374507157384
1999-10-10,322,1999-10-10,26.1,44.2,28.3,10.7,-1077735.0,-3360090.0,3577,27.12798156435522,44.42102809470566,27.08431949886653
1999-10-18,323,1999-10-18,25.65,42.15,30.85,10.5,-1077735.0,-3360090.0,3577,25.647477548247707,42.54807241261714,30.395898013230934
1999-10-19,324,1999-10-19,26.45,42.75,29.45,10.4,-1077735.0,-3360090.0,3577,25.196880089291184,42.45211137331246,30.931968891097398
1999-10-26,325,1999-10-26,26.55,43.4,28.6,10.6,-1077735.0,-3360090.0,3577,24.44554583702825,42.49525608549741,31.598652637347612
1999-11-20,326,1999-11-20,24.85,43.55,30.2,10.4,-1077735.0,-3360090.0,3577,23.634336097335655,42.47478512199239,32.449013834457915
1999-12-06,327,1999-12-06,16.2222222222222,37.6111111111111,44.5555555555556,20.7777777777778,-1077736.66666667,-3360093.33333333,3577,22.84384581706221,42.42449549074301,33.28390116934513
1999-12-21,328,1999-12-21,25.4,45.9,27.25,10.9,-1077735.0,-3360090.0,3577,22.39282080148618,42.21346316221846,33.956962696740916
1999-12-22,329,1999-12-22,24.25,43.3,31.0,10.5,-1077735.0,-3360090.0,3577,23.28086593488722,42.39572372930873,32.9048922182
2000-01-07,330,2000-01-07,24.9,41.65,32.25,9.25,-1077735.0,-3360090.0,3577,24.961786235776316,42.82652519478505,30.84183595901402
2000-01-30,331,2000-01-30,26.35,44.85,27.55,10.5,-1077735.0,-3360090.0,3577,27.356081173724146,43.96067606283667,27.330041424000186
2000-02-24,332,2000-02-24,29.3,41.9,27.2,10.2,-1077735.0,-3360090.0,3577,29.999657566371347,45.57815533279248,23.0543989550147
2000-05-05,333,2000-05-05,32.45,49.0,17.2,12.3,-1077735.0,-3360090.0,3577,31.792445050644638,47.25154197367114,19.569510297061548
2000-05-30,334,2000-05-30,33.8,49.2,15.6,12.45,-1077735.0,-3360090.0,3577,31.629256244266998,47.6154264723853,19.265472659432632
2000-06-06,335,2000-06-06,31.8,50.0,16.8,12.95,-1077735.0,-3360090.0,3577,33.27184358468691,50.46506635778327,14.876813743529786
2000-07-08,336,2000-07-08,32.7,50.1,15.65,13.4,-1077735.0,-3360090.0,3577,33.18968044339066,51.12636883239834,14.298904501069547
2000-08-02,337,2000-08-02,31.4,49.35,17.9,12.35,-1077735.0,-3360090.0,3577,31.57920933555137,49.53139816838767,17.502225638136338
2000-08-25,338,2000-08-25,28.75,47.6,22.3,12.0,-1077735.0,-3360090.0,3577,29.186187909093768,47.1297473424338,22.27250860594181
2000-09-10,339,2000-09-10,28.55,45.95,24.15,11.35,-1077735.0,-3360090.0,3577,26.858726103613737,43.6720117343891,27.971239905601053
2000-09-26,340,2000-09-26,28.5,45.5,24.75,11.1,-1077735.0,-3360090.0,3577,24.94279049123878,41.51780402259658,32.02058065772758
2000-10-05,341,2000-10-05,17.6666666666667,31.0,49.0,24.6666666666667,-1077685.0,-3360105.0,3577,23.49383475141639,40.1558303925117,34.80460282750784
2000-10-21,342,2000-10-21,21.5,39.0,38.25,7.83333333333333,-1077762.5,-3360097.5,3577,22.66607200848349,39.663258568051404,36.10158912294596
2000-10-28,343,2000-10-28,24.55,43.7,30.3,11.1,-1077735.0,-3360090.0,3577,22.744539825496183,40.28980493190417,35.386793392360865
2000-11-06,344,2000-11-06,24.3,42.95,31.2,10.7,-1077735.0,-3360090.0,3577,23.022256020549797,42.09571651258328,33.378830457463245
2000-11-29,345,2000-11-29,24.05,45.45,29.15,11.2,-1077735.0,-3360090.0,3577,23.57413994673704,44.01854012859547,30.977449176206157
2000-12-24,346,2000-12-24,24.35,44.45,29.7,10.9,-1077735.0,-3360090.0,3577,24.31358007317396,45.6310192903004,28.684088202814568
2000-12-31,347,2000-12-31,24.25,44.15,30.2,11.2,-1077735.0,-3360090.0,3577,24.938647369138998,46.173590032251866,27.523249041975575
2001-01-09,348,2001-01-09,23.55,47.05,28.1,11.75,-1077735.0,-3360090.0,3577,24.399623286926147,44.95935287621922,29.19510056506524
2001-01-16,349,2001-01-16,24.7,45.7,28.25,11.7,-1077735.0,-3360090.0,3577,25.050738271013167,45.44786529259534,28.146568447028635
2001-01-25,350,2001-01-25,26.35,43.75,28.4,10.9,-1077735.0,-3360090.0,3577,25.403288661798797,45.47532854142082,27.752602351205013
2001-03-05,351,2001-03-05,26.3,45.85,26.5,11.35,-1077735.0,-3360090.0,3577,25.705682088805183,45.21237415834264,27.708637337890167
2001-03-14,352,2001-03-14,27.2,46.0,25.5,11.35,-1077735.0,-3360090.0,3577,26.43773950507302,45.67723159193065,26.569184221347435
2001-03-21,353,2001-03-21,26.05,46.85,25.85,11.8,-1077735.0,-3360090.0,3577,27.471085106839517,46.11452077333742,25.09427569334315
2001-04-06,354,2001-04-06,27.1,45.75,25.75,11.4,-1077735.0,-3360090.0,3577,28.16399142652592,46.74967957738157,23.76751607525246
2001-04-15,355,2001-04-15,27.85,45.95,24.85,11.65,-1077735.0,-3360090.0,3577,28.428193942276383,47.56370023164978,22.695177423192607
2001-05-01,356,2001-05-01,32.1,50.4,16.3,14.5,-1077735.0,-3360090.0,3577,28.989295070250492,48.22414427676864,21.41863863690169
2001-05-08,357,2001-05-08,30.55,49.65,18.4,12.95,-1077735.0,-3360090.0,3577,29.950959102812213,48.77537400679087,19.862781181663664
2001-05-17,358,2001-05-17,28.8,48.05,21.55,13.3,-1077735.0,-3360090.0,3577,30.735705470995,49.565319664847856,18.31179718114429
2001-05-24,359,2001-05-24,29.15,49.2,20.35,12.9,-1077735.0,-3360090.0,3577,31.25060079239179,49.78258351554822,17.59167334213511
2001-06-02,360,2001-06-02,32.0,50.05,16.6,15.15,-1077735.0,-3360090.0,3577,31.156650934200464,49.658571304848714,17.860761220201276
2001-06-18,361,2001-06-18,33.2,50.75,14.7,14.3,-1077735.0,-3360090.0,3577,30.952047024178626,49.36391889843165,18.356974604340284
2001-06-25,362,2001-06-25,30.95,48.6,19.35,14.15,-1077735.0,-3360090.0,3577,30.524760224291267,49.072396025020275,19.102352291668325
2001-07-27,363,2001-07-27,28.65,48.2,21.8,12.9,-1077735.0,-3360090.0,3577,30.11448829807513,49.093396696175745,19.509818355016677
2001-08-05,364,2001-08-05,28.25,47.8,22.5,12.95,-1077735.0,-3360090.0,3577,28.870654268327975,48.48927125505348,21.311045920021066
2001-08-12,365,2001-08-12,27.5,49.0,22.2,13.15,-1077735.0,-3360090.0,3577,27.052918443781277,47.78430253955855,23.769556604382775
2001-08-21,366,2001-08-21,26.65,47.95,23.85,12.25,-1077735.0,-3360090.0,3577,26.07921799562277,47.08232371343122,25.400425425963427
2001-08-28,367,2001-08-28,25.05,45.8,27.85,12.1,-1077735.0,-3360090.0,3577,25.386395029115693,46.96446448287852,26.173848751863417
2001-09-13,368,2001-09-13,24.5,46.05,27.9,11.7,-1077735.0,-3360090.0,3577,24.84716166186383,45.958962090534165,27.739767044097263
2001-10-08,369,2001-10-08,23.9,45.65,28.95,11.35,-1077735.0,-3360090.0,3577,24.00928684318418,45.356274221128125,29.185889497495047
2001-10-15,370,2001-10-15,24.0,46.0,28.55,11.6,-1077735.0,-3360090.0,3577,23.510807768079797,45.875009201318136,29.14237913788562
2001-10-24,371,2001-10-24,24.4,45.2,28.95,11.35,-1077735.0,-3360090.0,3577,22.665658490113305,46.50272900473445,29.374090151330346
2001-10-31,372,2001-10-31,20.4,46.65,31.6,10.75,-1077735.0,-3360090.0,3577,23.405107276620804,46.38430037454113,28.737182013029113
2001-11-09,373,2001-11-09,23.45,45.0,30.0,11.0,-1077735.0,-3360090.0,3577,23.273417913352514,46.115122648242696,29.098155404962203
2001-11-16,374,2001-11-16,22.75,51.45,24.15,16.45,-1077735.0,-3360090.0,3577,22.60661412890177,46.23793868669338,29.693570980099054
2001-11-25,375,2001-11-25,23.15,44.6,30.95,11.0,-1077735.0,-3360090.0,3577,21.629025309053034,45.800857346980536,31.078387711355205
2001-12-11,376,2001-12-11,21.4,41.2,35.9,10.2,-1077735.0,-3360090.0,3577,20.841837883475634,45.51698997596151,32.198087206905925
2001-12-18,377,2001-12-18,23.3,44.95,30.2,11.0,-1077735.0,-3360090.0,3577,20.673237134379555,45.636957933700344,32.28723180843441
2001-12-27,378,2001-12-27,13.35,49.75,35.75,6.5,-1077735.0,-3360090.0,3577,20.68959167766908,45.69827989347431,32.24453874298594
2002-01-03,379,2002-01-03,22.65,45.95,30.1,11.15,-1077735.0,-3360090.0,3577,20.936530342719166,46.04796488340692,31.716252787455478
2002-01-12,380,2002-01-12,23.2,43.75,31.55,10.6,-1077735.0,-3360090.0,3577,22.006443092507915,46.20180995474422,30.48559830262161
2002-01-19,381,2002-01-19,25.0,49.1,24.8,12.85,-1077735.0,-3360090.0,3577,23.144934941216313,46.98015003571577,28.57474615167687
2002-02-04,382,2002-02-04,24.35,45.8,28.35,11.5,-1077735.0,-3360090.0,3577,24.356806815471906,46.15992985342141,28.17003507328164
2002-02-20,383,2002-02-20,23.8,44.7,30.25,11.35,-1077735.0,-3360090.0,3577,24.679128147390713,44.760241615962485,29.17567710926408
2002-03-08,384,2002-03-08,25.65,46.0,27.0,11.4,-1077735.0,-3360090.0,3577,26.49231959990078,46.518063824713224,25.542800233818088
2002-03-17,385,2002-03-17,24.85,45.95,27.6,11.2,-1077735.0,-3360090.0,3577,25.66333975621518,47.278327090858724,25.626810496001713
2002-03-24,386,2002-03-24,26.4,47.0,25.2,11.6,-1077735.0,-3360090.0,3577,26.00216177011454,46.63412500811185,25.910298988932887
2002-04-02,387,2002-04-02,26.45,46.5,25.45,11.55,-1077735.0,-3360090.0,3577,25.31578947368043,46.061301392099466,27.160564203594202
2002-05-04,388,2002-05-04,26.85,48.9,22.95,12.4,-1077735.0,-3360090.0,3577,25.107827621291364,46.02802940093274,27.47273701530257
2002-05-27,389,2002-05-27,26.95,48.5,23.2,13.05,-1077735.0,-3360090.0,3577,24.890388404161776,45.22644893805209,28.47211457272951
2002-06-12,390,2002-06-12,15.95,34.35,48.35,14.2,-1077735.0,-3360090.0,3577,24.82862802831472,44.92139145683366,28.848369741709078
2002-06-21,391,2002-06-21,28.55,48.35,21.6,13.25,-1077735.0,-3360090.0,3577,25.212808244383424,45.21332135356228,28.15961051332148
2002-06-28,392,2002-06-28,25.95,47.85,24.8,13.25,-1077735.0,-3360090.0,3577,24.943071943532612,45.78644157699201,27.8143638095609
2002-07-23,393,2002-07-23,28.5,46.2,23.8,11.1,-1077735.0,-3360090.0,3577,25.940165046507914,46.12674157627029,26.492354961855646
2002-08-24,394,2002-08-24,24.45,47.15,26.8,11.8,-1077735.0,-3360090.0,3577,25.913223927771135,46.482716664133875,26.133207040633472
2002-08-31,395,2002-08-31,24.2,47.5,27.0,11.9,-1077735.0,-3360090.0,3577,25.2214975427012,47.10254497823453,26.240932906099264
2002-09-16,396,2002-09-16,23.35,44.85,30.45,12.75,-1077735.0,-3360090.0,3577,23.647289037068788,46.45965309199909,28.4791483542215
2002-09-25,397,2002-09-25,22.2,44.05,32.3,11.05,-1077735.0,-3360090.0,3577,21.040893935782442,44.142866266853474,33.392846781696285
2002-10-11,398,2002-10-11,23.3,43.95,31.35,10.7,-1077735.0,-3360090.0,3577,20.99269306544535,44.479469137666825,33.10637814197692
2002-10-18,399,2002-10-18,15.0666666666667,46.3333333333333,37.0666666666667,10.4,-1077737.0,-3360079.0,3577,20.339585904288757,44.480271637540525,33.79309864541558
2002-11-03,400,2002-11-03,21.85,43.8,33.05,10.75,-1077735.0,-3360090.0,3577,20.512559267354973,44.19826040831572,33.8885297365123
2002-11-12,401,2002-11-12,20.95,42.55,35.05,10.45,-1077735.0,-3360090.0,3577,20.143194267030275,44.44702093571398,34.00496655047231
2002-11-28,402,2002-11-28,21.3,45.55,31.8,10.85,-1077735.0,-3360090.0,3577,20.069152467756282,44.43981287030158,34.1394895610015
2002-12-21,403,2002-12-21,20.7,46.0,32.1,11.1,-1077735.0,-3360090.0,3577,20.05535733615929,44.248089371921765,34.36311784190528
2003-01-06,404,2003-01-06,18.25,43.05,37.25,9.9,-1077735.0,-3360090.0,3577,19.997265582711506,44.151255710227446,34.50153283248743
2003-01-15,405,2003-01-15,20.15,43.1,35.3,10.4,-1077735.0,-3360090.0,3577,20.080063074177723,44.612910361046104,33.949696536688364
2003-01-22,406,2003-01-22,18.95,45.5,34.3,10.85,-1077735.0,-3360090.0,3577,19.223751326070435,44.10780705362089,35.26886704626116
2003-01-31,407,2003-01-31,21.25,43.85,33.5,10.8,-1077735.0,-3360090.0,3577,20.89845201238078,44.624374851148374,33.09479205005026
2003-02-07,408,2003-02-07,21.55,45.8,31.15,10.95,-1077735.0,-3360090.0,3577,21.766643573141867,44.73325575352771,32.094993396691386
2003-03-04,409,2003-03-04,22.25,44.4,31.95,10.6,-1077735.0,-3360090.0,3577,22.320307865505768,43.797873952666166,32.426223776218926
2003-03-11,410,2003-03-11,23.4,44.45,30.8,10.9,-1077735.0,-3360090.0,3577,23.283929074018474,46.279105414702215,29.054450193764737
2003-03-20,411,2003-03-20,23.55,43.45,31.55,10.65,-1077735.0,-3360090.0,3577,23.06795990386977,45.86013120006243,29.700876832141745
2003-03-27,412,2003-03-27,24.65,49.6,24.4,12.55,-1077735.0,-3360090.0,3577,22.399952369608464,44.15679274285425,32.03291692826818
2003-04-05,413,2003-04-05,17.75,38.65,42.05,9.55,-1077735.0,-3360090.0,3577,21.971076446769757,43.01161531965843,33.59770399878257
2003-04-21,414,2003-04-21,24.15,46.3,28.25,11.45,-1077735.0,-3360090.0,3577,21.375278385182312,41.09055078048272,36.05139932306576
2003-04-28,415,2003-04-28,23.25,47.4,28.15,11.95,-1077735.0,-3360090.0,3577,22.863530037210836,42.294618487801024,33.36923954957511
2003-05-07,416,2003-05-07,19.0,24.0,55.0,15.0,-1077705.0,-3360105.0,3577,23.98511153448876,42.684380480194534,31.87712586690438
2003-05-23,417,2003-05-23,26.4,49.0,23.15,13.25,-1077735.0,-3360090.0,3577,24.66031017485757,42.77450908224263,31.135539125472555
2003-07-09,418,2003-07-09,27.8,49.8,21.25,14.2,-1077735.0,-3360090.0,3577,24.717132626571654,43.680578348373686,30.215116273470898
2003-07-25,419,2003-07-25,24.9,45.95,27.8,13.3,-1077735.0,-3360090.0,3577,24.827789805649864,45.104182814083195,28.672868720542464
2003-07-26,420,2003-07-26,27.25,49.0,22.55,12.7,-1077735.0,-3360090.0,3577,23.6695479443122,45.19303189070316,29.760767715252438
2003-08-10,421,2003-08-10,14.4444444444444,34.1666666666667,49.7777777777778,17.6666666666667,-1077740.0,-3360085.0,3577,22.959466299091343,46.158722495248114,29.56823389887964
2003-08-26,422,2003-08-26,23.0,47.75,27.95,12.45,-1077735.0,-3360090.0,3577,21.572228545445128,45.638931192639554,31.497649564053525
2003-08-27,423,2003-08-27,23.45,48.6,26.6,12.1,-1077735.0,-3360090.0,3577,20.957045998374127,43.35785777689155,34.303793523293045
2003-09-11,424,2003-09-11,22.6,43.95,32.05,9.85,-1077735.0,-3360090.0,3577,21.2442595244421,45.1552626424076,32.27486828616378
2003-09-19,425,2003-09-19,18.5,45.5,35.0,11.5,-1077720.0,-3360045.0,3577,21.200024485315435,45.80262709426111,31.70896214208434
2003-09-20,426,2003-09-20,21.3,45.05,32.2,10.85,-1077735.0,-3360090.0,3577,20.669042000308266,46.14998360771665,31.87533833555029
2003-10-05,427,2003-10-05,21.75,45.9,30.95,11.4,-1077735.0,-3360090.0,3577,20.404995846943272,45.815709935052936,32.44647299724214
2003-10-06,428,2003-10-06,19.9,46.25,32.5,10.95,-1077735.0,-3360090.0,3577,18.753269125092952,44.62512054508292,35.22896510094125
2003-10-14,429,2003-10-14,15.0714285714286,44.2142857142857,39.4285714285714,11.0714285714286,-1077756.42857143,-3360090.0,3577,19.118493890008068,45.56582071178913,33.94792235627641
2003-10-21,430,2003-10-21,20.1,45.8,32.55,11.45,-1077735.0,-3360090.0,3577,19.021759819125407,45.7583196473221,33.8533175802475
2003-10-22,431,2003-10-22,20.45,46.1,32.15,10.8,-1077735.0,-3360090.0,3577,19.57240824190997,45.82959888408119,33.27016358254251
2003-11-06,432,2003-11-06,20.5,45.3,32.95,11.1,-1077735.0,-3360090.0,3577,19.777589129134164,45.92287794763889,33.00226177330947
2003-11-07,433,2003-11-07,19.05,49.0,30.75,10.6,-1077735.0,-3360090.0,3577,19.96766540992249,46.63315588779288,32.06419005830291
2003-11-22,434,2003-11-22,20.95,44.65,33.05,11.15,-1077735.0,-3360090.0,3577,20.423852308678974,47.5861877544469,30.669165870244882
2003-11-30,435,2003-11-30,20.1,48.55,29.9,10.8,-1077735.0,-3360090.0,3577,20.55862898710889,48.244514412309066,29.872375508903552
2003-12-08,436,2003-12-08,22.0,49.1666666666667,27.5,11.3333333333333,-1077725.0,-3360050.0,3577,20.34592430273241,48.13129830265335,30.173947792828727
2003-12-09,437,2003-12-09,17.7,47.8,33.05,10.35,-1077735.0,-3360090.0,3577,21.017942583728924,48.37490347628945,29.24155607034426
2003-12-16,438,2003-12-16,21.7,50.75,26.4,11.15,-1077735.0,-3360090.0,3577,21.246593344732588,48.29416311242217,29.117167507410826
2003-12-24,439,2003-12-24,24.6666666666667,45.5555555555556,28.4444444444444,11.7777777777778,-1077728.33333333,-3360121.66666667,3577,21.610378733750125,47.78565772032552,29.27915605206188
2003-12-25,440,2003-12-25,20.65,46.45,31.45,10.55,-1077735.0,-3360090.0,3577,21.81773690705254,47.467800775069236,29.41308969667662
2004-01-10,441,2004-01-10,21.5,47.3,29.95,10.9,-1077735.0,-3360090.0,3577,22.16752148779682,46.81577684440762,29.696564838665658
2004-01-17,442,2004-01-17,22.05,48.15,28.55,10.95,-1077735.0,-3360090.0,3577,22.056605107995004,46.27390492204043,30.33203011298533
2004-01-18,443,2004-01-18,22.3,44.95,31.3,10.85,-1077735.0,-3360090.0,3577,22.63077356080114,45.32247685234624,30.718833849324618
2004-01-26,444,2004-01-26,23.95,45.95,28.8,10.15,-1077735.0,-3360090.0,3577,23.298534283050927,46.793205813787054,28.568144291205044
2004-02-02,445,2004-02-02,22.4,46.75,29.55,11.0,-1077735.0,-3360090.0,3577,23.473654621948324,47.44594083246625,27.79033079063624
2004-02-03,446,2004-02-03,23.55,45.95,29.15,10.9,-1077735.0,-3360090.0,3577,23.329020979017493,46.92377333707902,28.440237574598648
2004-02-11,447,2004-02-11,24.4,45.7,28.65,10.4,-1077735.0,-3360090.0,3577,22.778040226024437,46.32872978414082,29.552701942016412
2004-02-18,448,2004-02-18,24.6,50.4,23.65,11.35,-1077735.0,-3360090.0,3577,22.42903082000693,45.35860643718114,30.84566110781524
2004-02-19,449,2004-02-19,19.3,47.65,31.65,14.1,-1077735.0,-3360090.0,3577,22.439146176083444,44.027255702354665,32.16164031577286
2004-02-27,450,2004-02-27,18.8,32.95,46.9,7.6,-1077735.0,-3360090.0,3577,22.892632838590586,43.21221050269095,32.52069461638354
2004-03-06,451,2004-03-06,27.3636363636364,44.8181818181818,26.2727272727273,11.6363636363636,-1077740.45454545,-3360115.90909091,3577,23.385729483009982,42.34522712018561,32.89894199523599
2004-03-14,452,2004-03-14,25.6,43.05,30.05,10.85,-1077735.0,-3360090.0,3577,24.191987663332213,42.400388423841136,32.04202328771229
2004-03-21,453,2004-03-21,24.45,44.2,30.1,11.25,-1077735.0,-3360090.0,3577,25.071542417612417,42.99390360553523,30.600640943628214
2004-03-22,454,2004-03-22,26.4,46.25,26.15,11.05,-1077735.0,-3360090.0,3577,26.49077604072987,45.720022575222615,26.484579465000504
2004-03-29,455,2004-03-29,25.55,47.45,25.55,11.35,-1077735.0,-3360090.0,3577,26.8820368485963,47.9738509168778,23.822082097465536
2004-03-30,456,2004-03-30,26.05,44.85,27.7,10.7,-1077735.0,-3360090.0,3577,26.365464721033536,48.717002966066886,23.617450042214315
2004-04-14,457,2004-04-14,28.55,52.15,18.1,13.0,-1077735.0,-3360090.0,3577,26.379066805223857,47.39757445855809,24.884142328256253
2004-04-15,458,2004-04-15,26.35,49.0,23.35,11.75,-1077735.0,-3360090.0,3577,27.29081383012864,48.054392820794305,23.309605100778093
2004-04-23,459,2004-04-23,28.3,48.55,21.75,11.6,-1077735.0,-3360090.0,3577,27.66222801965423,47.71964212257617,23.346870466990815
2004-05-08,460,2004-05-08,24.95,41.0,32.85,9.05,-1077735.0,-3360090.0,3577,27.236191517456795,47.33675009200617,24.206098854702045
2004-05-17,461,2004-05-17,30.1,50.45,18.35,14.85,-1077735.0,-3360090.0,3577,27.849984844872317,48.186589880700325,22.852229968170825
2004-06-02,462,2004-06-02,28.7,49.1,20.9,13.6,-1077735.0,-3360090.0,3577,29.25677650522414,49.70280261533388,19.942134490893125
2004-06-10,463,2004-06-10,27.8333333333333,50.8333333333333,20.5,12.75,-1077735.0,-3360067.5,3577,29.533805668011777,49.21324341292646,20.084430275603744
2004-06-25,464,2004-06-25,28.6,48.3,21.8,12.85,-1077735.0,-3360090.0,3577,28.48187338976387,48.545678624773544,21.715523176510647
2004-06-26,465,2004-06-26,28.4,49.6,20.6,13.0,-1077735.0,-3360090.0,3577,26.973801121475113,47.01367208642048,24.582831410072316
2004-07-03,466,2004-07-03,30.9166666666667,48.1666666666667,19.5,17.0,-1077742.5,-3360112.5,3577,25.59021736776773,45.6622521956819,27.209708299951913
2004-07-11,467,2004-07-11,21.0,39.0,38.0,24.0,-1077705.0,-3360105.0,3577,23.484712810405902,44.60913048079565,30.351817051193315
2004-07-20,468,2004-07-20,16.8,38.5,43.15,17.95,-1077735.0,-3360090.0,3577,24.678081361359418,43.670753137464885,30.116319903002704
2004-07-27,469,2004-07-27,25.85,50.85,22.05,13.65,-1077735.0,-3360090.0,3577,25.244806122666134,45.87925768760997,27.395107781790998
2004-07-28,470,2004-07-28,28.95,50.9,18.85,13.2,-1077735.0,-3360090.0,3577,25.120240749958356,48.139078628622514,25.413634800008715
2004-08-04,471,2004-08-04,25.0,48.75,25.25,13.0,-1077720.0,-3360045.0,3577,23.808484704146778,49.47989889366859,25.50514696861065
2004-08-05,472,2004-08-05,25.85,48.1,24.7,12.4,-1077735.0,-3360090.0,3577,22.81758932501625,50.27309550613754,25.80566476866401
2004-08-20,473,2004-08-20,25.0,48.8888888888889,24.8888888888889,12.2222222222222,-1077728.33333333,-3360058.33333333,3577,21.645218558528022,49.996263239676836,27.305626399739964
2004-08-28,474,2004-08-28,9.0,57.6666666666667,32.3333333333333,11.6666666666667,-1077795.0,-3360075.0,3577,19.694565805708375,48.04678079917301,31.14045479803528
2004-08-29,475,2004-08-29,17.5,35.0,46.5,12.5,-1077690.0,-3360045.0,3577,18.404822576801255,45.50882064271478,34.94408012008108
2004-09-13,476,2004-09-13,21.45,46.35,31.05,11.4,-1077735.0,-3360090.0,3577,19.94933750459768,45.297875095314154,33.554040524314146
2004-09-21,477,2004-09-21,26.75,46.625,25.25,12.0,-1077735.0,-3360123.75,3577,21.587264283700684,44.44679234593431,32.682402736577416
2004-09-29,478,2004-09-29,21.7,44.75,32.2,11.15,-1077735.0,-3360090.0,3577,22.4366634913041,43.615559079716654,32.61798119320852
2004-10-08,479,2004-10-08,23.5,41.75,33.3,10.8,-1077735.0,-3360090.0,3577,23.146201476538575,43.25973993326288,32.224386277632235
2004-10-15,480,2004-10-15,21.0,43.1,34.55,10.8,-1077735.0,-3360090.0,3577,22.80094503019859,44.03677553096399,31.8176369554031
2004-10-23,481,2004-10-23,21.95,47.95,28.8,11.8,-1077735.0,-3360090.0,3577,20.728982008700275,45.10634620796486,32.876393730103985
2004-10-24,482,2004-10-24,17.2,40.85,40.8,9.7,-1077735.0,-3360090.0,3577,20.136539002789867,43.208229773316205,35.40013314857987
2004-10-31,483,2004-10-31,21.4,45.2,32.25,11.2,-1077735.0,-3360090.0,3577,20.984552599100546,44.975499577814844,32.82887159279858
2004-11-01,484,2004-11-01,22.8,45.45,30.5,11.05,-1077735.0,-3360090.0,3577,21.502058467844726,45.22892069230402,31.99473452243872
2004-11-08,485,2004-11-08,21.95,45.65,30.95,11.45,-1077735.0,-3360090.0,3577,20.902953702640982,44.98229541355804,32.8104752832258
2004-11-16,486,2004-11-16,21.0,43.5,34.15,10.45,-1077735.0,-3360090.0,3577,21.53864618353461,44.370483077287595,32.76592355012918
2004-12-02,487,2004-12-02,20.25,46.0,32.45,11.2,-1077735.0,-3360090.0,3577,20.79650736260333,44.33564686087243,33.51364162153135
2004-12-03,488,2004-12-03,21.15,46.25,31.3,11.15,-1077735.0,-3360090.0,3577,19.70810969216247,45.04046510764104,33.89734553371818
2004-12-11,489,2004-12-11,14.5,39.5,44.5,10.95,-1077735.0,-3360090.0,3577,18.201148077925538,45.185063388617,35.286109092140975
2004-12-18,490,2004-12-18,21.25,48.95,28.8,11.7,-1077735.0,-3360090.0,3577,17.592168667243428,46.43258227839577,34.69390965071561
2004-12-19,491,2004-12-19,19.1428571428571,47.7142857142857,31.7142857142857,11.0,-1077722.14285714,-3360053.57142857,3577,17.841535399582263,47.51090720424375,33.37913448779823
2004-12-26,492,2004-12-26,13.2,49.25,36.15,10.2,-1077735.0,-3360090.0,3577,18.436520136207776,48.137258716508484,32.12602443995152
2004-12-27,493,2004-12-27,21.1,48.85,28.9,10.45,-1077735.0,-3360090.0,3577,19.3614362417739,48.178041153885346,31.170347763686756
2005-01-03,494,2005-01-03,21.0,47.3,30.4,11.4,-1077735.0,-3360090.0,3577,20.339149550137222,48.044003828981175,30.32200833222052
2005-01-04,495,2005-01-04,21.55,46.7,30.45,11.0,-1077735.0,-3360090.0,3577,21.139708124689484,47.282516245357485,30.254071161032584
2005-01-11,496,2005-01-11,22.75,45.8,30.0,11.1,-1077735.0,-3360090.0,3577,21.187582077362197,45.77510647246805,31.690088394572825
2005-01-12,497,2005-01-12,20.05,45.65,33.0,10.65,-1077735.0,-3360090.0,3577,21.35684856938408,46.23472997589954,31.09053871824305
2005-01-19,498,2005-01-19,20.9,46.45,31.4,10.9,-1077735.0,-3360090.0,3577,21.635680109361083,46.21787964356933,30.805988284157053
2005-01-20,499,2005-01-20,20.6,46.15,31.8,10.75,-1077735.0,-3360090.0,3577,20.4986187187395,46.51391348588796,31.636879993067218
2005-01-28,500,2005-01-28,21.05,46.6,31.05,10.4,-1077735.0,-3360090.0,3577,21.518600665822984,45.64783023596345,31.51158326074502
2005-02-05,501,2005-02-05,21.35,46.2,31.2,10.8,-1077735.0,-3360090.0,3577,21.436457481548352,45.17718662617964,32.07194736675086
2005-02-12,502,2005-02-12,21.6,45.95,31.1,10.35,-1077735.0,-3360090.0,3577,21.157800725111205,45.001909295746344,32.51870924978323
2005-02-13,503,2005-02-13,23.75,42.45,32.5,8.85,-1077735.0,-3360090.0,3577,20.800069363831433,45.11641016758227,32.78024921018002
2005-02-20,504,2005-02-20,16.3,44.6,37.75,10.7,-1077735.0,-3360090.0,3577,19.872466554637903,45.7475532802447,33.11340387404432
2005-02-21,505,2005-02-21,22.8461538461538,46.2307692307692,29.7692307692308,10.5384615384615,-1077732.69230769,-3360070.38461538,3577,19.631906947538678,47.29538093484754,31.857738855566918
2005-03-01,506,2005-03-01,14.7,52.8,31.25,8.15,-1077735.0,-3360090.0,3577,19.38589399407161,48.491402465115144,30.905143249220558
2005-03-08,507,2005-03-08,21.8,48.2,28.8,10.85,-1077735.0,-3360090.0,3577,19.680551729762875,49.27103789279761,29.82942271469452
2005-03-17,508,2005-03-17,21.35,49.8,27.75,11.3,-1077735.0,-3360090.0,3577,20.57281079244334,50.09166118472348,28.091244918449583
2005-03-24,509,2005-03-24,21.95,49.9,26.8,11.2,-1077735.0,-3360090.0,3577,22.787192505038586,49.212105113264705,26.766082875206052
2005-03-25,510,2005-03-25,23.75,48.6,26.4,11.4,-1077735.0,-3360090.0,3577,23.683559855240052,48.428128575394496,26.637148330351064
2005-04-09,511,2005-04-09,22.45,45.95,30.2,9.2,-1077735.0,-3360090.0,3577,23.15059970988418,48.27195219640319,27.32482896360197
2005-04-18,512,2005-04-18,25.3,49.75,23.8,11.55,-1077735.0,-3360090.0,3577,23.081454458850388,48.724597847965185,26.955440689337593
2005-04-25,513,2005-04-25,23.9,50.15,24.85,11.75,-1077735.0,-3360090.0,3577,21.4388988720226,49.94024659550229,27.39933479832451
2005-04-26,514,2005-04-26,21.5,48.5,28.875,12.125,-1077723.75,-3360056.25,3577,23.769025092550955,51.010140942641065,24.04795351706757
2005-05-04,515,2005-05-04,17.2,56.6,24.8,5.95,-1077735.0,-3360090.0,3577,24.350951525251293,51.98404706747583,22.51611909761728
2005-05-12,516,2005-05-12,28.2,50.15,20.6,15.7,-1077735.0,-3360090.0,3577,25.00428132238904,52.280388187655916,21.545743575306922
2005-05-27,517,2005-05-27,28.0,51.95,18.85,13.1,-1077735.0,-3360090.0,3577,24.91529584965745,51.675602416151975,22.22762400138229
2005-06-05,518,2005-06-05,29.1,51.65,18.15,15.2,-1077735.0,-3360090.0,3577,25.187930026625956,50.879924873880114,22.708118274910547
2005-06-12,519,2005-06-12,28.55,50.9,19.3,15.55,-1077735.0,-3360090.0,3577,27.327867024612168,51.15478793651404,20.33401188594383
2005-06-20,520,2005-06-20,13.25,47.6,37.85,17.45,-1077735.0,-3360090.0,3577,26.508615687713895,50.764762172804126,21.55558358050296
2005-06-21,521,2005-06-21,29.1,51.1,18.65,13.05,-1077735.0,-3360090.0,3577,24.718948234424417,50.018583428947466,24.073949966438633
2005-06-28,522,2005-06-28,25.65,51.35,21.8,14.0,-1077735.0,-3360090.0,3577,22.27634934724385,49.970168221863545,26.4916257117456
2005-07-07,523,2005-07-07,28.35,51.4,19.05,13.5,-1077735.0,-3360090.0,3577,21.750189439040675,48.67022018228721,28.29414326643006
2005-07-14,524,2005-07-14,18.65,47.6,32.55,14.05,-1077735.0,-3360090.0,3577,21.287292428930115,48.27852735499073,29.13536123318969
2005-07-15,525,2005-07-15,10.7,44.0,43.8,22.65,-1077735.0,-3360090.0,3577,21.468082227366946,47.85508562644071,29.446374677949223
2005-07-23,526,2005-07-23,26.7,48.2,23.85,12.4,-1077735.0,-3360090.0,3577,22.029736517349328,48.13294723851281,28.641001825827267
2005-07-30,527,2005-07-30,22.45,49.15,27.25,12.5,-1077735.0,-3360090.0,3577,21.40490592998013,48.39764879083041,29.080701032709076
2005-07-31,528,2005-07-31,25.55,49.55,24.0,12.45,-1077735.0,-3360090.0,3577,23.038213643937752,48.82475697676206,27.053119790422258
2005-08-07,529,2005-08-07,23.8,50.8,24.4666666666667,13.0666666666667,-1077735.0,-3360105.0,3577,24.104781441465146,49.43052566627679,25.378218479143488
2005-08-08,530,2005-08-08,23.55,48.75,26.55,12.25,-1077735.0,-3360090.0,3577,24.2181287752459,49.39867500919394,25.26105891012635
2005-08-15,531,2005-08-15,21.45,48.85,28.3,12.85,-1077735.0,-3360090.0,3577,21.785838619581494,48.21525038428342,28.80306566498087
2005-09-09,532,2005-09-09,17.8,44.25,36.7,13.85,-1077735.0,-3360090.0,3577,19.025747833175338,46.301055806931245,33.36079549964501
2005-09-16,533,2005-09-16,20.2,45.7,32.55,11.45,-1077735.0,-3360090.0,3577,18.40262369209463,45.630740003024215,34.58110016917549
2005-09-17,534,2005-09-17,19.8,47.2,31.8,11.2,-1077735.0,-3360090.0,3577,18.724310673843483,44.68646755720391,35.147483940203145
2005-09-24,535,2005-09-24,14.8,42.8,41.0,12.8,-1077699.0,-3360063.0,3577,19.66238720000036,45.13909841447867,33.80471582080983
2005-10-02,536,2005-10-02,20.05,44.85,33.7,11.2,-1077735.0,-3360090.0,3577,19.622518039233366,45.438895624492545,33.576066503151274
2005-10-03,537,2005-10-03,21.95,45.95,30.7,11.1,-1077735.0,-3360090.0,3577,19.58653111593994,45.5630171685831,33.55357846487376
2005-10-10,538,2005-10-10,21.8333333333333,47.3333333333333,29.5,11.0,-1077725.0,-3360050.0,3577,18.976676316456746,45.29027077153334,34.43169446651904
2005-10-11,539,2005-10-11,20.45,44.0,34.35,11.0,-1077735.0,-3360090.0,3577,18.058670586376852,44.74112018012278,35.92483244309332
2005-10-18,540,2005-10-18,10.4285714285714,47.0,41.4285714285714,12.7142857142857,-1077777.85714286,-3360079.28571429,3577,18.109925214102063,44.885446751384315,35.658254902986414
2005-11-03,541,2005-11-03,17.15,40.35,41.05,11.6,-1077735.0,-3360090.0,3577,17.781139500331882,45.031100839298446,35.90168407443412
2005-11-11,542,2005-11-11,21.0,46.2,31.5,11.2,-1077735.0,-3360090.0,3577,17.811413663732978,45.037415834932325,35.833540144061104
2005-11-12,543,2005-11-12,19.55,45.6,33.2,10.6,-1077735.0,-3360090.0,3577,19.36237709658473,45.7680670722398,33.46875199103801
2005-11-19,544,2005-11-19,21.8,48.25,28.7,11.25,-1077735.0,-3360090.0,3577,20.570526583836205,45.955594766423815,31.97622130191312
2005-11-20,545,2005-11-20,22.3,46.5,29.7,11.05,-1077735.0,-3360090.0,3577,23.088113743837845,46.780768148253415,28.58981220017945
2005-12-06,546,2005-12-06,21.0,46.25,31.45,10.9,-1077735.0,-3360090.0,3577,23.685784184851855,46.88210179912266,27.87569845015249
2005-12-13,547,2005-12-13,24.5,47.0,26.5,12.0,-1077750.0,-3360135.0,3577,22.253223401981685,47.20906492887212,29.042642960750072
2005-12-22,548,2005-12-22,22.05,45.4,31.1,10.5,-1077735.0,-3360090.0,3577,21.926455433108504,46.608935027813516,30.03937842342966
2005-12-29,549,2005-12-29,22.7,46.35,29.75,10.95,-1077735.0,-3360090.0,3577,21.62780965164543,46.410606421435396,30.630403342782667
2006-01-14,550,2006-01-14,24.15,49.8,24.9,11.75,-1077735.0,-3360090.0,3577,21.508489034182418,46.14820953040078,31.05457576478784
2006-02-07,551,2006-02-07,14.15,44.2,40.45,7.25,-1077735.0,-3360090.0,3577,22.273634956371566,46.47317272510077,30.068221329749342
2006-02-15,552,2006-02-15,25.45,46.8,26.7,11.25,-1077735.0,-3360090.0,3577,23.560881378679717,46.47838554633526,28.803449955612827
2006-02-16,553,2006-02-16,27.25,45.45,25.9,10.5,-1077735.0,-3360090.0,3577,23.812980904540815,47.62784808070474,27.385245946000367
2006-02-24,554,2006-02-24,26.8,46.9,24.95,11.1,-1077735.0,-3360090.0,3577,27.86695804195388,46.958248175965615,23.84404674272739
2006-03-03,555,2006-03-03,28.25,50.0,20.5,13.4,-1077735.0,-3360090.0,3577,28.78102632661026,46.917989672858816,22.93172237978397
2006-03-04,556,2006-03-04,27.2,47.8,23.75,11.2,-1077735.0,-3360090.0,3577,27.76192275216628,47.27951568554577,23.612946805512937
2006-03-11,557,2006-03-11,26.65,47.0,24.9,11.0,-1077735.0,-3360090.0,3577,25.78060523067878,48.07989185736145,24.856029032882905
2006-03-19,558,2006-03-19,25.875,46.875,25.875,11.0,-1077723.75,-3360056.25,3577,22.73618664616777,47.88958355884885,28.122579510268807
2006-03-20,559,2006-03-20,27.35,43.05,28.4,10.75,-1077735.0,-3360090.0,3577,22.073350256551294,47.85084922816406,28.840015479871848
2006-04-05,560,2006-04-05,5.0,56.0,38.0,23.0,-1077795.0,-3360090.0,3577,22.231156768924347,47.8460142025086,28.655548940219578
2006-04-12,561,2006-04-12,28.3,46.35,24.1,11.6,-1077735.0,-3360090.0,3577,23.366544523584373,48.34801089003153,26.974717465193308
2006-04-20,562,2006-04-20,29.9,47.95,20.65,11.8,-1077735.0,-3360090.0,3577,25.00357715040004,48.30783574010407,25.341747493988294
2006-04-21,563,2006-04-21,28.45,46.75,23.25,11.4,-1077735.0,-3360090.0,3577,27.647812790920113,48.77559321482741,22.227638073996985
2006-04-29,564,2006-04-29,29.8,48.8,20.1,11.95,-1077735.0,-3360090.0,3577,29.79547078308243,48.56357249560858,20.271834202945726
2006-05-06,565,2006-05-06,29.8,49.6,19.3,12.4,-1077735.0,-3360090.0,3577,31.336276494398746,48.1738427980616,19.13403353612046
2006-05-07,566,2006-05-07,28.9,47.15,22.6,11.65,-1077735.0,-3360090.0,3577,30.42733587361616,46.74180829489728,21.4737430268358
2006-05-14,567,2006-05-14,29.65,47.55,21.65,12.3,-1077735.0,-3360090.0,3577,28.101553400156014,48.8648487735102,21.749981597346768
2006-05-30,568,2006-05-30,31.45,50.5,16.75,14.45,-1077735.0,-3360090.0,3577,29.261566606763473,47.857387040197224,21.5730238801414
2006-06-07,569,2006-06-07,25.85,42.6,30.0,18.8,-1077735.0,-3360090.0,3577,29.923081613944014,47.46886019037013,21.258177632477857
2006-06-08,570,2006-06-08,30.0,48.4,20.2,12.85,-1077735.0,-3360090.0,3577,29.680980319985167,46.52560674618803,22.41553183658111
2006-06-15,571,2006-06-15,29.4,47.85,21.4,13.35,-1077735.0,-3360090.0,3577,29.693448656602108,46.15865465802857,22.756308861413814
2006-06-23,572,2006-06-23,35.3333333333333,50.6666666666667,12.8333333333333,13.5,-1077740.0,-3360130.0,3577,29.930317102913243,46.07077406596843,22.590937596971365
2006-06-24,573,2006-06-24,26.35,36.7,35.3,9.6,-1077735.0,-3360090.0,3577,29.763896165749294,46.270537357372554,22.565390027925346
2006-07-09,574,2006-07-09,29.7,50.55,18.5,12.95,-1077735.0,-3360090.0,3577,30.205531620078187,47.07175517979768,21.35225270085631
2006-07-17,575,2006-07-17,27.55,46.75,24.25,12.95,-1077735.0,-3360090.0,3577,30.15168799208596,47.683487049579,20.806129525785856
2006-07-18,576,2006-07-18,32.6,50.2,15.8,12.4,-1077735.0,-3360045.0,3577,29.269161488661762,47.68669704907383,21.671321093763673
2006-07-26,577,2006-07-26,29.85,48.75,20.15,12.35,-1077735.0,-3360090.0,3577,29.539928608538744,48.31949463074902,20.808785370972664
2006-08-10,578,2006-08-10,28.15,48.25,22.3,12.35,-1077735.0,-3360090.0,3577,28.84577053493031,47.98576851424431,21.86436556219512
2006-08-11,579,2006-08-11,29.55,46.45,22.65,11.75,-1077735.0,-3360090.0,3577,28.970011606036692,48.825699648641276,20.886677061325642
2006-08-18,580,2006-08-18,25.25,46.35,27.1,11.8,-1077735.0,-3360090.0,3577,27.36329030875836,47.21379096908577,24.053418060264306
2006-08-19,581,2006-08-19,27.85,48.15,22.6,11.85,-1077735.0,-3360090.0,3577,26.243039816217006,46.97647472495842,25.412761193910647
2006-08-27,582,2006-08-27,25.8,45.65,27.2,11.05,-1077735.0,-3360090.0,3577,24.988336586010867,45.8142745799024,27.8333924589301
2006-09-03,583,2006-09-03,22.65,47.85,28.0,14.15,-1077735.0,-3360090.0,3577,24.82950358464693,45.370290893310425,28.456020952727236
2006-09-04,584,2006-09-04,26.8125,46.4375,25.4375,11.1875,-1077738.75,-3360078.75,3577,24.260152115682537,44.54494449048736,29.873996552978163
2006-09-12,585,2006-09-12,21.1428571428571,36.1428571428571,41.5714285714286,7.28571428571429,-1077700.71428571,-3360109.28571429,3577,23.81659574944822,43.54224092470345,31.312904626328745
2006-09-19,586,2006-09-19,24.6,45.2,28.85,11.4,-1077735.0,-3360090.0,3577,23.9004639323489,43.28198117671154,31.48050324288245
2006-09-20,587,2006-09-20,24.8,45.55,28.35,11.25,-1077735.0,-3360090.0,3577,23.586352076712323,42.6375444601774,32.43012571793048
2006-09-28,588,2006-09-28,24.1,43.15,31.2,10.85,-1077735.0,-3360090.0,3577,23.89808430732996,42.91744984890627,31.80517821960845
2006-10-05,589,2006-10-05,22.8,42.95,32.85,10.85,-1077735.0,-3360090.0,3577,24.248675357146965,44.19169912903772,30.171993911656585
2006-10-06,590,2006-10-06,24.25,44.8,29.6,10.7,-1077735.0,-3360090.0,3577,24.14441162552257,45.645988840873656,28.807019296488676
2006-10-13,591,2006-10-13,24.5,46.15,28.05,11.05,-1077735.0,-3360090.0,3577,24.458390332573984,46.51692320836363,27.667185948722064
2006-10-14,592,2006-10-14,23.45,43.65,31.55,10.65,-1077735.0,-3360090.0,3577,23.437991265696738,45.56370734527948,29.694872464991867
2006-10-29,593,2006-10-29,24.25,50.7,23.75,13.75,-1077735.0,-3360090.0,3577,22.827002100063705,45.31231678537503,30.565965922617703
2006-11-06,594,2006-11-06,22.35,44.85,31.55,11.55,-1077735.0,-3360090.0,3577,22.006270973605147,44.102843750669976,32.6071358981527
2006-11-07,595,2006-11-07,19.35,39.5,39.8,10.3,-1077735.0,-3360090.0,3577,21.13914568403417,42.3430762735653,35.1661629392227
2006-11-14,596,2006-11-14,20.85,41.25,36.6,9.8,-1077735.0,-3360090.0,3577,20.37071921885859,41.44016757235953,36.85762519213981
2006-11-15,597,2006-11-15,19.4,38.85,40.35,10.1,-1077735.0,-3360090.0,3577,20.480541903913455,41.33558856004059,36.86558704452891
2006-11-22,598,2006-11-22,22.2,43.1,33.35,10.9,-1077735.0,-3360090.0,3577,20.76947541622154,42.63822230400541,35.25660871635577
2006-11-23,599,2006-11-23,22.15,44.7,31.85,10.6,-1077735.0,-3360090.0,3577,22.49578579315085,42.706335924131395,33.48662993352896
2006-11-30,600,2006-11-30,22.65,45.9,30.15,11.35,-1077735.0,-3360090.0,3577,23.702171512694285,44.701171274539206,30.294635086271427
2006-12-08,601,2006-12-08,23.7,46.9,28.3,11.45,-1077735.0,-3360090.0,3577,23.696660460279208,45.873465543737325,29.13990019268222
2006-12-09,602,2006-12-09,24.65,44.5,29.3,10.6,-1077735.0,-3360090.0,3577,22.88580506180783,46.822061529794475,28.979628266466037
2006-12-16,603,2006-12-16,23.15,45.65,29.9,11.0,-1077735.0,-3360090.0,3577,22.274722336483716,47.301136634256494,29.092165883647603
2006-12-24,604,2006-12-24,22.7,44.1,32.0,10.9,-1077735.0,-3360090.0,3577,21.29359371278558,47.084655437434776,30.276414297772007
2007-01-02,605,2007-01-02,14.7,55.15,28.6,6.7,-1077735.0,-3360090.0,3577,20.416624087983266,46.45622117819566,31.736834527696654
2007-01-09,606,2007-01-09,21.55,44.85,32.3,11.0,-1077735.0,-3360090.0,3577,20.85256466021704,46.72105164747304,31.055116625559485
2007-01-17,607,2007-01-17,23.1,44.3,31.2,11.1,-1077735.0,-3360090.0,3577,21.169526195726235,46.204568679273294,31.257944729063045
2007-01-18,608,2007-01-18,22.7,42.65,33.35,10.55,-1077735.0,-3360090.0,3577,21.898970238876892,45.291805801846884,31.465280202483484
2007-02-02,609,2007-02-02,21.7272727272727,45.3636363636364,31.5454545454545,10.8181818181818,-1077740.45454545,-3360064.09090909,3577,22.646202952687037,44.139485788620775,31.825225998314394
2007-02-03,610,2007-02-03,24.05,44.5,30.05,10.6,-1077735.0,-3360090.0,3577,23.329272908343434,42.94669549419823,32.42025866055778
2007-02-11,611,2007-02-11,25.15,46.65,27.1,10.95,-1077735.0,-3360090.0,3577,23.443669389992934,43.32814463891779,32.015447597711315
2007-02-19,612,2007-02-19,18.65,38.55,41.35,7.75,-1077735.0,-3360090.0,3577,23.09579459306698,44.73622010293835,30.94212389887931
2007-03-06,613,2007-03-06,25.7,45.5,27.7,10.95,-1077735.0,-3360090.0,3577,23.98121926956504,44.347946024964,30.4564115858025
2007-03-07,614,2007-03-07,24.85,45.0,29.0,10.85,-1077735.0,-3360090.0,3577,24.820054786337536,44.08833243503433,29.83570079911495
2007-03-14,615,2007-03-14,26.05,45.05,27.8,10.3,-1077735.0,-3360090.0,3577,25.100994996526524,44.25817841112112,29.35034993521601
2007-03-15,616,2007-03-15,25.0,47.3,26.05,11.35,-1077735.0,-3360090.0,3577,25.394924457972643,44.52800678219599,28.720311682772767
2007-03-23,617,2007-03-23,26.85,40.15,31.45,9.5,-1077735.0,-3360090.0,3577,25.81264951440548,44.765076954975754,28.007328527749635
2007-03-30,618,2007-03-30,24.7,45.25,28.8,11.05,-1077735.0,-3360090.0,3577,25.99401366923384,45.04449794949366,27.52015910600313
2007-03-31,619,2007-03-31,25.5263157894737,45.8421052631579,27.2105263157895,11.0,-1077733.42105263,-3360087.63157895,3577,25.75011218209465,44.76737665950782,28.03202499797323
2007-04-15,620,2007-04-15,25.55,46.85,26.25,10.85,-1077735.0,-3360090.0,3577,26.4468076245045,45.76355984734802,26.436887114836566
2007-04-16,621,2007-04-16,28.05,44.55,26.0,10.85,-1077735.0,-3360090.0,3577,25.86490221526498,45.29995105919963,27.55292812938645
2007-04-24,622,2007-04-24,26.7,48.25,23.8,11.1,-1077735.0,-3360090.0,3577,27.622419099553642,48.38005055885219,22.755619873035414
2007-05-02,623,2007-05-02,27.45,47.0,24.35,11.45,-1077735.0,-3360090.0,3577,27.626596330177016,48.81734942586421,22.269083832898335
2007-05-10,624,2007-05-10,26.5,47.55,24.8,11.3,-1077735.0,-3360090.0,3577,27.01952652203185,47.149629497104925,24.53616736041822
2007-05-17,625,2007-05-17,25.45,46.6,26.55,11.95,-1077735.0,-3360090.0,3577,25.623103602513012,45.4626977663269,27.601864950338758
2007-05-18,626,2007-05-18,27.15,47.45,23.95,11.75,-1077735.0,-3360090.0,3577,24.554535162938762,43.742766821066986,30.39989080127056
2007-05-25,627,2007-05-25,28.15,48.2,22.35,12.05,-1077735.0,-3360090.0,3577,24.113462768581584,42.94914061920176,31.629168528249075
2007-05-26,628,2007-05-26,13.6363636363636,25.4545454545455,59.6363636363636,11.6363636363636,-1077713.18181818,-3360105.0,3577,23.951599300170862,42.51064783286567,32.20360134009736
2007-06-02,629,2007-06-02,28.65,48.95,21.15,12.75,-1077735.0,-3360090.0,3577,26.45944124830585,44.40702200510151,27.86346204690848
2007-06-11,630,2007-06-11,28.5,48.35,21.9,12.4,-1077735.0,-3360090.0,3577,27.682781934498166,46.159906472871015,24.923513854797072
2007-06-26,631,2007-06-26,30.05,51.25,17.55,13.8,-1077735.0,-3360090.0,3577,28.490444686419174,47.7290354753378,22.516552032806054
2007-06-27,632,2007-06-27,30.0,50.05,18.4,13.1,-1077735.0,-3360090.0,3577,28.66114199267795,49.05555426255157,20.93955640592324
2007-07-05,633,2007-07-05,29.5,48.45,20.85,14.15,-1077735.0,-3360090.0,3577,28.4645283509018,50.18288337049196,19.978217757471732
2007-07-12,634,2007-07-12,29.3333333333333,49.4444444444444,19.9444444444444,12.6666666666667,-1077740.0,-3360095.0,3577,27.386813508984336,49.605987927613626,21.626636242151577
2007-07-20,635,2007-07-20,14.5625,43.1875,40.5625,21.8125,-1077738.75,-3360086.25,3577,24.683017330962553,46.942235434836775,27.03934676004704
2007-07-29,636,2007-07-29,29.55,49.1,20.05,14.25,-1077735.0,-3360090.0,3577,24.839890720730658,48.248641902465955,25.614927706448636
2007-08-05,637,2007-08-05,24.95,50.7,23.3,12.4,-1077735.0,-3360090.0,3577,23.876613118560016,48.08347850978711,26.778852227919437
2007-08-06,638,2007-08-06,25.45,48.7,24.7,12.2,-1077735.0,-3360090.0,3577,24.086044025630212,48.276790559794186,26.388452968596088
2007-08-13,639,2007-08-13,24.2,47.1,27.35,12.1,-1077735.0,-3360090.0,3577,24.34638306739336,48.348546822107714,26.043597050520408
2007-08-21,640,2007-08-21,23.4,49.1,26.25,12.1,-1077735.0,-3360090.0,3577,24.624676239649336,48.04163981442676,26.065630194534968
2007-08-29,641,2007-08-29,23.7,45.65,29.15,11.2,-1077735.0,-3360090.0,3577,24.591871441248564,47.32619094011576,26.754918559248917
2007-09-06,642,2007-09-06,22.4,45.05,31.25,11.05,-1077735.0,-3360090.0,3577,23.191675777779118,45.82816985645248,29.562515155119087
2007-09-14,643,2007-09-14,27.3333333333333,48.0,23.3333333333333,12.3333333333333,-1077735.0,-3360135.0,3577,24.063798018283578,45.582868215369146,28.985689594199187
2007-09-15,644,2007-09-15,21.85,45.5,31.35,10.9,-1077735.0,-3360090.0,3577,23.773831431722606,45.17436727358653,29.759025958557107
2007-09-22,645,2007-09-22,24.15,43.35,31.05,10.6,-1077735.0,-3360090.0,3577,23.2230455303176,45.10001948515207,30.414433450961415
2007-10-01,646,2007-10-01,22.65,44.2,32.0,10.85,-1077735.0,-3360090.0,3577,22.825866909145226,44.72458918789519,31.169485519635664
2007-10-16,647,2007-10-16,21.4,45.05,32.35,10.75,-1077735.0,-3360090.0,3577,22.277962646225568,44.520691434461874,31.899356628918426
2007-10-25,648,2007-10-25,22.0,45.0,31.75,10.75,-1077735.0,-3360090.0,3577,21.61122778150319,43.851479789553736,33.18307208786589
2007-11-01,649,2007-11-01,21.45,43.85,33.1,11.1,-1077735.0,-3360090.0,3577,21.56524759600711,43.95553437555314,33.09909134865015
2007-11-10,650,2007-11-10,21.2,44.4,32.9,10.65,-1077735.0,-3360090.0,3577,21.803612102314162,43.89856357639265,32.85999267173839
2007-11-26,651,2007-11-26,23.0,41.25,34.3333333333333,10.25,-1077742.5,-3360112.5,3577,21.10394180825895,43.93911448809469,33.48166925484185
2007-12-19,652,2007-12-19,19.3636363636364,45.1818181818182,34.0909090909091,10.5454545454545,-1077740.45454545,-3360064.09090909,3577,20.87540884389714,43.70746507924295,33.953911694829785
2008-01-04,653,2008-01-04,21.0833333333333,45.0833333333333,32.4166666666667,10.8333333333333,-1077742.5,-3360112.5,3577,20.341431614634317,44.479002051511586,33.77702998286507
2008-01-13,654,2008-01-13,21.15,45.3,32.1,10.45,-1077735.0,-3360090.0,3577,19.877667765297925,45.865345064959726,32.893366627639644
2008-01-20,655,2008-01-20,17.6,43.9,37.15,7.7,-1077735.0,-3360090.0,3577,20.592365562501136,45.078669412261405,33.00462762162167
2008-01-28,656,2008-01-28,20.9,48.75,29.15,10.7,-1077735.0,-3360090.0,3577,20.725513042708904,45.456910071617315,32.47509532724136
2008-01-29,657,2008-01-29,21.55,45.5,31.65,10.6,-1077735.0,-3360090.0,3577,20.725133234043284,46.657982192153156,31.3089520820776
2008-02-13,658,2008-02-13,21.8,48.6,28.15,10.85,-1077735.0,-3360090.0,3577,21.0823163067958,47.955466213753,29.683640955748295
2008-02-14,659,2008-02-14,22.35,44.95,31.45,10.4,-1077735.0,-3360090.0,3577,20.75220292444196,49.899607239203824,28.068968783100164
2008-02-29,660,2008-02-29,21.35,48.2,29.2,10.45,-1077735.0,-3360090.0,3577,20.759967171492494,50.23793407178675,27.674131856407342
2008-03-09,661,2008-03-09,17.2631578947368,61.6315789473684,19.7368421052632,7.31578947368421,-1077738.15789474,-3360092.36842105,3577,22.60235155100386,51.20668791041987,24.794112975174947
2008-03-16,662,2008-03-16,24.4,48.5,25.8,10.8,-1077735.0,-3360090.0,3577,23.367562053390394,50.694613151221176,24.518795087913155
2008-04-09,663,2008-04-09,25.1,47.55,25.8,11.3,-1077735.0,-3360090.0,3577,24.496336448296276,50.01802035343735,24.119422715133638
2008-04-25,664,2008-04-25,25.3,46.65,26.6,11.4,-1077735.0,-3360090.0,3577,24.37829406484737,47.97184385056407,26.292608819670242
2008-05-04,665,2008-05-04,28.85,46.55,23.3,10.95,-1077735.0,-3360090.0,3577,25.065928661525376,46.91262074245731,26.722199464211116
2008-05-11,666,2008-05-11,27.0,50.85,21.05,12.3,-1077735.0,-3360090.0,3577,25.629614307800153,46.46685688435035,26.70960390432046
2008-05-20,667,2008-05-20,17.0,42.0,40.0,8.0,-1077780.0,-3360120.0,3577,26.083168829971193,47.5605772126884,25.23196753004914
2008-06-12,668,2008-06-12,27.8,50.85,20.2,13.1,-1077735.0,-3360090.0,3577,26.639231714997653,50.10101294337957,22.166001132642755
2008-06-28,669,2008-06-28,28.5,50.65,19.55,12.2,-1077735.0,-3360090.0,3577,27.564107254970004,49.218923336717836,22.062147914002196
2008-07-07,670,2008-07-07,34.3333333333333,53.3333333333333,11.3333333333333,13.6666666666667,-1077735.0,-3360135.0,3577,29.02024111079404,50.13419573202105,19.616795485213597
2008-07-14,671,2008-07-14,26.8,48.35,23.45,12.65,-1077735.0,-3360090.0,3577,29.10151659485589,49.330573296664994,20.272604949227297
2008-07-23,672,2008-07-23,29.0,46.3,23.3,11.1,-1077735.0,-3360090.0,3577,29.376555023919053,48.534589404396385,20.756753772540137
2008-08-08,673,2008-08-08,26.35,47.0,25.3,11.7,-1077735.0,-3360090.0,3577,27.688688143637563,48.89155426615996,22.092188977170192
2008-08-15,674,2008-08-15,24.3,46.4,27.95,11.75,-1077735.0,-3360090.0,3577,24.73412717313277,46.958930697778165,27.005258827855414
2008-08-31,675,2008-08-31,25.9,50.35,22.7,13.15,-1077735.0,-3360090.0,3577,22.781229297015372,44.65415033881859,31.25633375911547
2008-09-08,676,2008-09-08,17.85,37.5,43.2,10.55,-1077735.0,-3360090.0,3577,20.92612887628055,41.62998332935792,36.14319462786415
2008-09-09,677,2008-09-09,23.65,46.5,28.6,10.95,-1077735.0,-3360090.0,3577,20.21763948125875,39.741488233123164,38.779859923352575
2008-09-16,678,2008-09-16,15.9,36.4,46.4,9.3,-1077735.0,-3360090.0,3577,19.017264933206363,38.536986078930795,41.16617917685414
2008-09-17,679,2008-09-17,19.4,28.4666666666667,50.8,7.66666666666667,-1077717.0,-3360087.0,3577,19.146255601980293,38.04348293604692,41.50431812768653
2008-09-24,680,2008-09-24,18.5,38.75,41.4,12.25,-1077735.0,-3360090.0,3577,19.38546082400282,38.0952055684197,41.16898503972192
2008-09-25,681,2008-09-25,22.7,46.0,30.05,11.0,-1077735.0,-3360090.0,3577,20.396138691027282,39.066021130566384,39.167286583379806
2008-10-02,682,2008-10-02,20.95,44.15,33.5,11.05,-1077735.0,-3360090.0,3577,21.37896577106784,40.61863069850079,36.624034943379314
2008-10-10,683,2008-10-10,20.65,39.3,38.6,10.7,-1077735.0,-3360090.0,3577,20.890912338432436,41.37245015046255,36.351054363587636
2008-10-19,684,2008-10-19,21.85,37.0,39.65,10.1,-1077735.0,-3360090.0,3577,22.063944517811187,42.94126054543369,33.606514898924736
2008-10-26,685,2008-10-26,20.95,40.8,36.9,11.15,-1077735.0,-3360090.0,3577,21.08712788758913,41.45225017499939,36.061603412062425
2008-10-27,686,2008-10-27,20.7,43.15,34.85,10.7,-1077735.0,-3360090.0,3577,20.17412479161404,38.451425664113415,39.92380978154375
2008-11-03,687,2008-11-03,17.75,40.05,40.75,8.45,-1077735.0,-3360090.0,3577,18.67354276270406,37.896364574532285,41.984885650978455
2008-11-04,688,2008-11-04,19.9,38.5,40.2,10.45,-1077735.0,-3360090.0,3577,18.152875143429707,38.26700946112139,42.141974279584076
2008-11-11,689,2008-11-11,19.9,33.8,44.6,8.7,-1077735.0,-3360090.0,3577,17.99517417566685,38.438792786155474,42.137819610723525
2008-11-19,690,2008-11-19,12.1666666666667,35.6666666666667,50.8333333333333,13.5,-1077720.0,-3360055.0,3577,18.006046172606958,38.019766250255934,42.56368796321719
2008-11-20,691,2008-11-20,20.15,40.65,37.8,10.3,-1077735.0,-3360090.0,3577,19.43823132491574,39.07737303975111,40.067944027071164
2008-11-28,692,2008-11-28,21.5,45.5,31.85,10.75,-1077735.0,-3360090.0,3577,20.25405399553705,40.687141960200904,37.6719251336842
2008-12-05,693,2008-12-05,23.1666666666667,40.5,34.8333333333333,10.8333333333333,-1077740.0,-3360130.0,3577,20.824863423467132,42.185628252030625,35.654636024444926
2008-12-06,694,2008-12-06,20.45,41.5,36.75,10.25,-1077735.0,-3360090.0,3577,20.69612281423118,42.440153138908414,35.54749435290699
2008-12-13,695,2008-12-13,19.5,42.5,36.55,10.8,-1077735.0,-3360090.0,3577,20.655620385803054,42.798028751427935,35.23185931714816
2008-12-21,696,2008-12-21,21.0,44.6,33.05,10.7,-1077735.0,-3360090.0,3577,19.63332431242354,42.48590645679795,36.5072881710598
2008-12-22,697,2008-12-22,14.5833333333333,38.6666666666667,45.5833333333333,6.91666666666667,-1077735.0,-3360067.5,3577,17.944518536156714,42.64235063181796,38.05564780935728
2008-12-29,698,2008-12-29,20.0,44.3,34.35,10.75,-1077735.0,-3360090.0,3577,18.124674706096137,43.220041568332334,37.3024150771773
2008-12-30,699,2008-12-30,18.5,45.0,35.0,11.0,-1077750.0,-3360135.0,3577,18.644571939925186,44.18587434236929,35.83372484068543
2009-01-06,700,2009-01-06,19.15,46.8,32.65,10.65,-1077735.0,-3360090.0,3577,18.9987110928259,44.127579798935436,35.49516046388581
2009-01-07,701,2009-01-07,18.75,41.9,38.0,9.85,-1077735.0,-3360090.0,3577,19.17366364285582,44.314892073863774,35.122792223251366
2009-01-14,702,2009-01-14,21.4,43.9,33.45,10.5,-1077735.0,-3360090.0,3577,19.51771092684114,44.822716447632345,34.24065361882188
2009-01-15,703,2009-01-15,20.45,44.45,33.65,10.2,-1077735.0,-3360090.0,3577,20.905751730206813,44.792294341358854,32.93947729256835
2009-01-22,704,2009-01-22,19.4,45.2,34.0,10.4,-1077735.0,-3360045.0,3577,21.300643010237348,43.479961679181194,33.92873519668678
2009-01-23,705,2009-01-23,20.95,43.1,34.65,9.95,-1077735.0,-3360090.0,3577,22.430519171227893,43.26729957348506,33.03712355755206
2009-02-07,706,2009-02-07,25.45,44.1,29.25,10.35,-1077735.0,-3360090.0,3577,22.825293901141883,42.948515880398006,32.95728636687897
2009-02-08,707,2009-02-08,24.95,42.5,31.4,10.05,-1077735.0,-3360090.0,3577,23.435803979298928,42.78227391802604,32.527114680979786
2009-02-15,708,2009-02-15,24.75,40.15,33.95,9.4,-1077735.0,-3360090.0,3577,24.05520037237944,43.284799411108736,31.432733984277274
2009-02-23,709,2009-02-23,20.15,43.7,34.7,10.05,-1077735.0,-3360090.0,3577,25.191360497084283,43.831899369973314,29.720118426460733
2009-02-24,710,2009-02-24,25.15,45.95,27.6,10.7,-1077735.0,-3360090.0,3577,24.502745242370064,44.184186711115096,30.04038732165219
2009-03-03,711,2009-03-03,24.8,44.25,29.7,10.9,-1077735.0,-3360090.0,3577,23.07364807138218,43.73968602247301,31.915759663051873
2009-03-04,712,2009-03-04,25.1,45.0,28.7,10.45,-1077735.0,-3360090.0,3577,21.749649766757734,41.36678388293631,35.58137526916467
2009-03-11,713,2009-03-11,21.85,42.85,34.0,10.8,-1077735.0,-3360090.0,3577,22.062830727259435,43.8455862784447,32.81657112831902
2009-03-12,714,2009-03-12,19.45,36.05,43.15,8.35,-1077735.0,-3360090.0,3577,23.13676025093874,43.8702871312951,31.756367899778247
2009-03-19,715,2009-03-19,17.5,41.5,39.9,7.75,-1077735.0,-3360090.0,3577,22.809222725354104,41.03602556052526,34.87694805789069
2009-03-20,716,2009-03-20,26.2307692307692,41.3076923076923,30.9230769230769,10.6153846153846,-1077741.92307692,-3360109.61538462,3577,21.67251293597718,38.7378033730917,38.232135356897444
2009-03-27,717,2009-03-27,26.0,45.05,27.55,10.5,-1077735.0,-3360090.0,3577,21.556377892168896,36.82731785955812,40.147725732227954
2009-04-04,718,2009-04-04,24.75,44.05,29.95,10.75,-1077735.0,-3360090.0,3577,21.45930674469291,35.89715500026942,41.122610944657666
2009-04-05,719,2009-04-05,16.5,12.25,69.5,5.5,-1077720.0,-3360045.0,3577,21.33781936091691,35.71782642220308,41.39405710982848
2009-04-13,720,2009-04-13,15.4,39.0,43.9,16.8,-1077723.0,-3360093.0,3577,23.161076369051,39.60163417196643,35.78363157838689
2009-04-20,721,2009-04-20,26.35,49.05,23.25,11.85,-1077735.0,-3360090.0,3577,22.517055592653563,40.502256114919746,35.570318107702654
2009-04-29,722,2009-04-29,26.65,45.4,26.55,11.05,-1077735.0,-3360090.0,3577,23.678347658529876,43.907669575000476,31.05474896619944
2009-05-06,723,2009-05-06,26.45,48.35,24.2,11.2,-1077735.0,-3360090.0,3577,25.27508028606722,45.31255710233361,28.025555146603587
2009-05-14,724,2009-05-14,27.3,46.8,24.5,11.55,-1077735.0,-3360090.0,3577,26.108773734002035,45.70123839008605,26.795457792977004
2009-05-15,725,2009-05-15,26.25,45.3,27.05,11.4,-1077735.0,-3360090.0,3577,26.07692159041186,44.30190879453331,28.203480182988454
2009-05-22,726,2009-05-22,15.6666666666667,26.0,56.3333333333333,22.0,-1077795.0,-3360105.0,3577,24.886168568960723,39.78915275400527,33.86953057064835
2009-05-30,727,2009-05-30,34.5,51.5,12.75,12.625,-1077735.0,-3360123.75,3577,24.69038450920185,41.318813563073164,32.51632623749177
2009-06-08,728,2009-06-08,20.4545454545455,36.9090909090909,41.2727272727273,12.6363636363636,-1077740.45454545,-3360064.09090909,3577,26.198661951758474,43.62207962685631,28.76145437287037
2009-06-15,729,2009-06-15,29.75,51.2,17.8,14.2,-1077735.0,-3360090.0,3577,27.672632598953157,46.10093034640319,24.878507842211594
2009-07-01,730,2009-07-01,28.8,50.25,19.75,15.4,-1077735.0,-3360090.0,3577,28.763574634731853,48.539240494192725,21.453896332529418
2009-07-02,731,2009-07-02,29.65,48.4,20.7,13.65,-1077735.0,-3360090.0,3577,29.005559361309253,49.92154009202755,19.843937867719838
2009-07-26,732,2009-07-26,29.3684210526316,50.2105263157895,18.9473684210526,12.2631578947368,-1077733.42105263,-3360087.63157895,3577,29.411436173946043,49.60505429065874,19.726485819321386
2009-08-03,733,2009-08-03,27.1,46.3,25.45,11.7,-1077735.0,-3360090.0,3577,27.515457095262718,47.09148819367843,24.05991131491329
2009-08-18,734,2009-08-18,26.1,46.35,26.2,11.65,-1077735.0,-3360090.0,3577,26.563866859124293,46.68299647732525,25.439825867714667
2009-08-19,735,2009-08-19,23.7,43.9,31.05,10.05,-1077735.0,-3360090.0,3577,24.00283621255487,45.309247609905796,29.33812469414304
2009-08-26,736,2009-08-26,24.25,46.7,27.7,11.8,-1077735.0,-3360090.0,3577,22.553716813760325,45.6005259678021,30.50329181728933
2009-09-04,737,2009-09-04,22.3,44.1,32.25,10.95,-1077735.0,-3360090.0,3577,20.495200765063338,44.36491363200506,33.808981619521056
2009-09-11,738,2009-09-11,13.3846153846154,43.7692307692308,41.5384615384615,6.30769230769231,-1077746.53846154,-3360072.69230769,3577,19.58384822770224,42.914777213980514,36.161891929150656
2009-09-20,739,2009-09-20,22.15,43.0,33.4,10.85,-1077735.0,-3360090.0,3577,18.96649080791952,42.000949154247564,37.646070024027814
2009-09-27,740,2009-09-27,21.7,44.8,32.15,10.8,-1077735.0,-3360090.0,3577,19.48552610761179,41.71589081315774,37.400813213929794
2009-09-28,741,2009-09-28,15.2,33.3,50.15,10.6,-1077735.0,-3360090.0,3577,19.77289356273343,41.629679394188535,37.13055431112747
2009-10-06,742,2009-10-06,22.0,42.35,34.1,10.2,-1077735.0,-3360090.0,3577,19.968812671012593,41.40255855123061,37.14599480062131
2009-10-13,743,2009-10-13,22.5,45.7,30.25,10.7,-1077735.0,-3360090.0,3577,20.169373327312677,42.279778069031096,36.07569201457684
2009-10-14,744,2009-10-14,19.0,45.5,34.0,10.25,-1077720.0,-3360045.0,3577,20.136806382469004,43.30472731602116,35.118754465343656
2009-10-22,745,2009-10-22,20.55,44.15,33.95,10.45,-1077735.0,-3360090.0,3577,19.27520297040133,45.114225557717276,34.217529683933236
2009-10-29,746,2009-10-29,15.95,41.1,41.65,9.15,-1077735.0,-3360090.0,3577,20.415131308317115,45.1123365798221,33.13270212758882
2009-11-07,747,2009-11-07,22.1,46.7,30.05,10.3,-1077735.0,-3360090.0,3577,21.158637337891143,45.59869480364155,31.968642503003053
2009-11-14,748,2009-11-14,21.6,48.35,28.7,11.15,-1077735.0,-3360090.0,3577,20.61773041199978,44.88704700871213,33.258844715650895
2009-11-22,749,2009-11-22,22.0,45.6,31.15,10.95,-1077735.0,-3360090.0,3577,20.32913139491783,46.28949672617712,32.159430352924
2009-11-23,750,2009-11-23,19.95,44.8,34.0,10.3,-1077735.0,-3360090.0,3577,19.938757063367085,47.406589540483395,31.42320383434464
2009-11-30,751,2009-11-30,20.35,44.35,34.1,10.8,-1077735.0,-3360090.0,3577,18.803744398014036,47.70232770324938,32.24316782288436
2009-12-08,752,2009-12-08,15.0,54.5714285714286,29.1428571428571,7.14285714285714,-1077713.57142857,-3360122.14285714,3577,18.209493146576953,47.375078620248345,33.140159872711536
2009-12-09,753,2009-12-09,14.85,45.15,38.75,8.8,-1077735.0,-3360090.0,3577,17.225803648849794,46.3802133584124,35.10509841849548
2009-12-16,754,2009-12-16,19.75,46.35,32.6,10.55,-1077735.0,-3360090.0,3577,17.52968096755516,46.0956493075049,35.04929562045707
2009-12-17,755,2009-12-17,21.5,43.3,33.75,10.25,-1077735.0,-3360090.0,3577,18.918339066828985,46.04711918356334,33.68513999443104
2010-01-02,756,2010-01-02,18.0,45.0,35.6666666666667,10.0,-1077705.0,-3360045.0,3577,20.00322103348528,45.49108579215444,33.16606047257336
2010-01-10,757,2010-01-10,21.05,45.95,31.65,10.1,-1077735.0,-3360090.0,3577,20.785082971449434,45.17269738571003,32.69462032182744
2010-01-17,758,2010-01-17,20.05,45.75,32.9,10.75,-1077735.0,-3360090.0,3577,21.01449081918257,45.3219753380819,32.30261143044187
2010-01-25,759,2010-01-25,23.2105263157895,47.5789473684211,27.8421052631579,10.9473684210526,-1077738.15789474,-3360092.36842105,3577,21.403846210817115,46.08752861118965,31.17148503823124
2010-01-26,760,2010-01-26,22.35,46.3,30.15,10.4,-1077735.0,-3360090.0,3577,21.38630824324452,45.86790858440206,31.435041693677213
2010-02-02,761,2010-02-02,17.65,43.85,37.0,8.9,-1077735.0,-3360090.0,3577,22.87451254342513,46.32280289165902,29.490412532713
2010-02-11,762,2010-02-11,23.95,45.6,29.05,10.6,-1077735.0,-3360090.0,3577,22.19021604311928,45.48982084193439,30.941124804526567
2010-02-18,763,2010-02-18,22.7,45.3,30.75,10.4,-1077735.0,-3360090.0,3577,20.514360846906257,45.59121054112226,32.49610194269967
2010-02-26,764,2010-02-26,22.65,46.15,29.9,10.35,-1077735.0,-3360090.0,3577,19.21119036373149,45.351181971435494,33.99617467020006
2010-03-07,765,2010-03-07,15.1875,47.5625,35.625,14.625,-1077738.75,-3360078.75,3577,18.241467822137658,44.934156358137336,35.387013227113044
2010-03-22,766,2010-03-22,18.8,42.45,37.25,22.95,-1077735.0,-3360090.0,3577,18.73584330570567,44.798271333108616,35.05371388835506
2010-03-23,767,2010-03-23,11.85,42.85,43.9,21.7,-1077735.0,-3360090.0,3577,19.194845092984643,44.40278096515823,35.04363268310113
2010-03-30,768,2010-03-30,25.6,47.35,25.9,11.15,-1077735.0,-3360090.0,3577,20.07610064084222,44.152297895596256,34.4261258091702
2010-03-31,769,2010-03-31,23.95,41.95,32.75,10.05,-1077735.0,-3360090.0,3577,21.9178421810355,44.7990113988112,32.00298718309076
2010-04-16,770,2010-04-16,25.05,46.65,27.2,10.75,-1077735.0,-3360090.0,3577,24.151379386863397,45.85643037302569,28.78709649483213
2010-05-01,771,2010-05-01,24.25,47.6,26.85,11.4,-1077735.0,-3360090.0,3577,24.92954166576085,47.15866548311665,26.736170949789248
2010-05-09,772,2010-05-09,22.6,48.15,28.0,11.8,-1077735.0,-3360090.0,3577,25.3525793478929,48.60178695143139,24.832231700184643
2010-05-17,773,2010-05-17,26.35,49.95,22.5,12.25,-1077735.0,-3360090.0,3577,25.8150923379987,49.14781062589926,23.791237632333143
2010-06-02,774,2010-06-02,25.95,50.1,22.8,12.35,-1077735.0,-3360090.0,3577,25.901789387079635,49.83269339019368,22.999992963689216
2010-06-27,775,2010-06-27,28.45,49.55,20.7,12.95,-1077735.0,-3360090.0,3577,27.285155556513708,50.70090389485917,20.781578947365315
2010-07-04,776,2010-07-04,24.65,49.9,24.15,12.55,-1077735.0,-3360090.0,3577,27.514120245075887,50.00513379808298,21.26366505011698
2010-07-13,777,2010-07-13,31.5,50.625,16.625,15.625,-1077735.0,-3360123.75,3577,26.74685422935797,49.87557697719491,22.1806431184881
2010-08-05,778,2010-08-05,22.9,48.9,27.05,11.9,-1077735.0,-3360090.0,3577,25.08644807204804,49.23570492973782,24.46206185455046
2010-08-21,779,2010-08-21,24.1,49.0,25.8,11.75,-1077735.0,-3360090.0,3577,23.162434778839987,47.972571752285944,27.635990531652038
2010-09-07,780,2010-09-07,19.35,47.15,32.3,10.85,-1077735.0,-3360090.0,3577,21.147917253022456,47.481943091301325,30.130768930067834
2010-09-22,781,2010-09-22,20.0,45.25,33.35,10.9,-1077735.0,-3360090.0,3577,19.390335361230296,46.45676802556913,32.90094412810639
2010-09-23,782,2010-09-23,17.55,47.4,33.7,10.5,-1077735.0,-3360090.0,3577,18.343737686459406,46.42716682181932,33.968754645761955
2010-10-08,783,2010-10-08,19.9,45.1,33.8,10.75,-1077735.0,-3360090.0,3577,18.145610426722268,46.417821222458244,34.15765899047123
2010-10-09,784,2010-10-09,18.35,46.8,33.6,10.4,-1077735.0,-3360090.0,3577,19.43741583493615,46.32849253429056,32.95321487077962
2010-10-16,785,2010-10-16,18.0,49.1,31.7,10.5,-1077735.0,-3360090.0,3577,19.675877373397654,46.96327697070029,32.12241334516398
2010-10-17,786,2010-10-17,22.0,45.2222222222222,31.5555555555556,10.7777777777778,-1077728.33333333,-3360121.66666667,3577,20.0985897457093,47.656094659092446,31.03287214919424
2010-10-25,787,2010-10-25,20.5,49.75,28.5,10.45,-1077735.0,-3360090.0,3577,19.78611287637581,47.868076114371995,31.121750977118765
2010-11-02,788,2010-11-02,21.15,44.35,33.15,10.35,-1077735.0,-3360090.0,3577,19.83960536822196,47.75471213967131,31.14978806174845
2010-11-10,789,2010-11-10,17.9,49.35,31.6,9.9,-1077735.0,-3360090.0,3577,19.91909227177551,47.8565599468551,30.944761279914193
2010-11-17,790,2010-11-17,18.35,49.35,31.05,10.6,-1077735.0,-3360090.0,3577,20.05496132896124,45.20861335288815,33.435305728079825
2010-11-18,791,2010-11-18,19.95,43.5,35.15,10.1,-1077735.0,-3360090.0,3577,19.645933269059086,45.320775042349034,33.759439922665614
2010-11-25,792,2010-11-25,21.75,45.25,31.75,10.65,-1077735.0,-3360090.0,3577,19.748867823122744,46.3682727559912,32.63441179512445
2010-12-04,793,2010-12-04,21.4705882352941,45.4705882352941,31.8235294117647,10.4705882352941,-1077740.29411765,-3360097.94117647,3577,20.83596349015815,47.071732107501795,30.8657152687611
2010-12-11,794,2010-12-11,19.7,46.3,32.75,10.85,-1077735.0,-3360090.0,3577,20.920601352750836,48.380793894982624,29.45145493430429
2010-12-28,795,2010-12-28,18.75,49.8,30.3,10.05,-1077735.0,-3360090.0,3577,20.431834674155425,50.24681551374481,28.06724697629395
2011-01-04,796,2011-01-04,21.25,63.15,14.45,13.1,-1077735.0,-3360090.0,3577,19.60339060865994,52.33144923733288,26.824864208815757
2011-01-12,797,2011-01-12,21.5,44.6666666666667,32.3333333333333,10.1666666666667,-1077725.0,-3360050.0,3577,19.212302776441227,52.30255334114506,27.203586012114084
2011-01-13,798,2011-01-13,18.25,49.05,31.4,10.25,-1077735.0,-3360090.0,3577,19.12649927926459,49.63889818066822,29.912035978950094
2011-01-20,799,2011-01-20,16.8,51.25,30.6,14.2,-1077735.0,-3360090.0,3577,21.10993008084297,49.512375313624524,28.05393798515761
2011-01-28,800,2011-01-28,22.35,48.35,28.1,11.0,-1077735.0,-3360090.0,3577,21.850902912418498,46.99199443183443,29.805584077788694
2011-03-01,801,2011-03-01,23.95,39.1,35.5,8.5,-1077735.0,-3360090.0,3577,21.614219681244315,43.893950631405374,33.10452890761994
2011-03-02,802,2011-03-02,22.9,42.9,32.8,9.35,-1077735.0,-3360090.0,3577,21.391722982896255,41.84974313611458,35.35135607426101
2011-03-25,803,2011-03-25,23.45,46.5,28.75,10.85,-1077735.0,-3360090.0,3577,21.445453308298397,42.56374827442302,34.649125925668734
2011-04-03,804,2011-04-03,22.6,45.1,30.85,10.45,-1077735.0,-3360090.0,3577,23.255490330099853,39.748968059798024,35.63618796064083
2011-04-18,805,2011-04-18,13.7142857142857,27.4285714285714,57.4285714285714,11.0,-1077713.57142857,-3360057.85714286,3577,23.210422240294932,40.90429183818665,34.564116147005706
2011-05-04,806,2011-05-04,26.4,48.05,24.4,11.5,-1077735.0,-3360090.0,3577,22.713824565523957,43.578019349065464,32.44661089683824
2011-05-29,807,2011-05-29,28.15,49.35,21.45,12.25,-1077735.0,-3360090.0,3577,23.42460202336013,47.2908806363844,28.10884216402372
2011-06-14,808,2011-06-14,26.85,49.9,22.15,11.8,-1077735.0,-3360090.0,3577,24.45897384349031,50.46697288778577,23.930899363790523
2011-06-30,809,2011-06-30,25.0,48.5,25.0,12.0,-1077690.0,-3360045.0,3577,25.289947668426862,53.52617258901289,20.052100299078727
2011-07-07,810,2011-07-07,15.0,64.25,19.875,13.875,-1077735.0,-3360112.5,3577,25.48196308335247,55.359883537506846,18.042175316940423
2011-07-23,811,2011-07-23,29.05,52.05,17.8,14.35,-1077735.0,-3360090.0,3577,24.897156094675594,54.03571436302827,19.916300108557195
2011-08-09,812,2011-08-09,28.05,51.65,19.05,11.95,-1077735.0,-3360090.0,3577,23.107378225486226,50.416349362704054,25.267583422765405
2011-08-25,813,2011-08-25,23.5,44.8,30.4,11.0,-1077735.0,-3360090.0,3577,23.46972222823265,48.66736777154007,26.63439292904839
2011-09-17,814,2011-09-17,21.4,45.1,32.25,10.95,-1077735.0,-3360090.0,3577,23.14193242257912,46.14866256034297,29.426348986406502
2011-09-25,815,2011-09-25,21.0,46.375,31.375,10.9375,-1077738.75,-3360078.75,3577,23.070135746602887,45.03854651539737,30.546647470172317
2011-09-26,816,2011-09-26,22.25,44.55,31.7,10.7,-1077735.0,-3360090.0,3577,22.418065656654825,44.876163946787145,31.303172208829594
2011-10-11,817,2011-10-11,21.4,47.45,29.75,10.95,-1077735.0,-3360090.0,3577,20.593112107386236,46.44134417617886,31.604479268841065
2011-10-20,818,2011-10-20,23.65,44.4,30.65,10.7,-1077735.0,-3360090.0,3577,21.50551929613289,45.79714546586332,31.327192246900594
2011-11-05,819,2011-11-05,21.7,49.3,27.6,11.15,-1077735.0,-3360090.0,3577,22.505510302982525,46.03168965470612,30.123915409425315
2011-11-12,820,2011-11-12,23.3333333333333,45.6,29.8666666666667,11.1333333333333,-1077735.0,-3360105.0,3577,22.75599054830674,45.062544153862746,30.883881790587107
2011-11-13,821,2011-11-13,19.3846153846154,40.4615384615385,38.8461538461538,10.5384615384615,-1077732.69230769,-3360070.38461538,3577,22.897151738866583,44.82728607820819,31.02980218954987
2011-11-21,822,2011-11-21,23.65,43.7,31.35,10.4,-1077735.0,-3360090.0,3577,23.43979693799539,44.27595860319063,31.046327755355023
2011-11-28,823,2011-11-28,28.0,45.6,25.2,10.8,-1077735.0,-3360135.0,3577,23.790314946223514,43.323670970604255,31.622838493564892
2012-01-08,824,2012-01-08,23.95,45.2,29.65,10.65,-1077735.0,-3360090.0,3577,24.28126983558271,42.9856241440483,31.425300201897077
2012-01-24,825,2012-01-24,21.85,40.95,35.75,7.85,-1077735.0,-3360090.0,3577,24.393370234191785,42.908330904621224,31.340592819892734
2012-02-25,826,2012-02-25,26.25,43.65,28.7,10.3,-1077735.0,-3360090.0,3577,25.863331433189437,42.77049647184754,29.948328316911606
2012-03-03,827,2012-03-03,26.1333333333333,40.5333333333333,31.8666666666667,9.8,-1077735.0,-3360105.0,3577,26.55171915287616,42.89471771777632,29.13182447067462
2012-03-12,828,2012-03-12,25.375,44.75,28.5,10.375,-1077738.75,-3360078.75,3577,25.872572241995613,43.20169845633596,29.5265670861602
2012-03-28,829,2012-03-28,28.95,46.25,23.35,11.05,-1077735.0,-3360090.0,3577,26.96863407489939,45.98422135139714,25.706147722242957
2012-04-04,830,2012-04-04,27.9,46.55,24.35,11.05,-1077735.0,-3360090.0,3577,27.60773627816559,48.3700549192737,22.741387353613064
2012-04-20,831,2012-04-20,30.3,48.35,20.15,11.5,-1077735.0,-3360090.0,3577,27.640486680498036,50.180421745429726,20.949860511002896
2012-05-06,832,2012-05-06,20.0714285714286,56.0,22.7857142857143,14.7142857142857,-1077739.28571429,-3360107.14285714,3577,27.465932132878503,50.35190846304644,20.948275718086833
2012-05-22,833,2012-05-22,31.05,50.65,17.05,12.55,-1077735.0,-3360090.0,3577,29.173791507765486,51.38403985075044,18.222573350279607
2012-06-16,834,2012-06-16,33.15,51.45,14.05,14.15,-1077735.0,-3360090.0,3577,29.769472477981964,50.55530645824008,18.444177339685424
2012-06-23,835,2012-06-23,26.2,44.1,28.4,12.25,-1077735.0,-3360090.0,3577,29.268421181497306,49.87546926756708,19.60472025394333
2012-07-02,836,2012-07-02,32.4,50.75,15.65,12.5,-1077735.0,-3360090.0,3577,29.790351908149315,49.08101604277341,19.816016955178082
2012-07-25,837,2012-07-25,29.4,49.15,20.15,12.5,-1077735.0,-3360090.0,3577,28.907013883944543,47.93150533676133,21.846044667403632
2012-08-03,838,2012-08-03,28.95,50.6,19.2,12.75,-1077735.0,-3360090.0,3577,28.134934312329484,47.553351447307186,22.981369456133823
2012-08-10,839,2012-08-10,20.55,42.15,35.85,13.05,-1077735.0,-3360090.0,3577,26.270196947011904,46.9372737556491,25.46983794069326
2012-08-19,840,2012-08-19,28.6,48.95,21.05,11.8,-1077735.0,-3360090.0,3577,26.609101734175148,45.73453094892041,26.32529173612371
2012-08-26,841,2012-08-26,29.8333333333333,45.0,23.8333333333333,11.6666666666667,-1077740.0,-3360130.0,3577,26.75599285904613,45.322161391233564,26.561290115968802
2012-09-20,842,2012-09-20,22.8,43.2,32.8,10.0,-1077735.0,-3360045.0,3577,26.208600261963213,44.5754413929657,27.869175831903856
2012-10-06,843,2012-10-06,29.2,45.0,24.4,11.6,-1077735.0,-3360135.0,3577,26.31576863538544,45.176539056911565,27.173496124614353
2012-11-07,844,2012-11-07,24.5,44.0,30.2,10.55,-1077735.0,-3360090.0,3577,25.449303225150807,45.76161207213155,27.46394199195646
2012-11-23,845,2012-11-23,25.3,50.7,22.6,13.35,-1077735.0,-3360090.0,3577,24.857023948699805,46.83177388915854,27.00604770615977
2012-12-16,846,2012-12-16,22.5625,46.4375,29.6875,10.9375,-1077738.75,-3360078.75,3577,23.16346830413822,46.518831594095545,29.001181287748167
2012-12-25,847,2012-12-25,22.25,45.15,31.4,10.5,-1077735.0,-3360090.0,3577,22.642346211576577,46.31504335447142,29.76770235697809
2013-01-26,848,2013-01-26,23.05,46.85,28.75,11.05,-1077735.0,-3360090.0,3577,23.736605396663762,47.404662726327466,27.576942562077754
2013-02-02,849,2013-02-02,24.6,47.3,26.9,11.15,-1077735.0,-3360090.0,3577,23.62457159712998,47.58767482516771,27.529244246461495
2013-02-11,850,2013-02-11,24.55,45.5,28.65,10.7,-1077735.0,-3360090.0,3577,24.269236993652864,46.073133484156,28.342450854095226
2013-02-18,851,2013-02-18,22.3333333333333,44.3333333333333,32.0,10.0,-1077705.0,-3360045.0,3577,24.309054193996374,45.01876050934975,29.350962620965973
2013-03-06,852,2013-03-06,27.65,48.35,22.65,11.4,-1077735.0,-3360090.0,3577,24.50334819978416,43.71896663707155,30.39157266881271
2013-03-31,853,2013-03-31,27.05,47.25,24.15,11.45,-1077735.0,-3360090.0,3577,24.1446331918819,42.742181850650695,31.73265360799716
2013-04-07,854,2013-04-07,17.45,31.05,50.3,11.1,-1077735.0,-3360090.0,3577,25.241962732825833,42.7525810618626,30.65944705448891
2013-04-15,855,2013-04-15,27.85,42.35,28.3,10.45,-1077735.0,-3360090.0,3577,26.08390525882396,43.38944553897466,29.177898417367743
2013-04-23,856,2013-04-23,28.1,49.6,21.1,11.85,-1077735.0,-3360090.0,3577,26.031813851779006,42.97351750416124,29.57249236830838
2013-04-24,857,2013-04-24,27.65,43.45,27.4,11.1,-1077735.0,-3360090.0,3577,28.320583183582045,45.06583854741076,25.24518391824516
2013-05-25,858,2013-05-25,29.7,50.55,18.55,12.65,-1077735.0,-3360090.0,3577,28.59754486998641,45.564482885528705,24.4540388404129
2013-05-26,859,2013-05-26,29.9,42.5,25.95,10.4,-1077735.0,-3360090.0,3577,29.241802160683235,46.78710298988238,22.55748121846856
2013-06-11,860,2013-06-11,23.1,43.1,32.2,16.75,-1077735.0,-3360090.0,3577,28.204039234051912,46.75526778315272,23.572427220960144
2013-06-18,861,2013-06-18,30.05,46.5,22.1,12.95,-1077735.0,-3360090.0,3577,25.676211671803113,44.39837121785516,28.416742179853614
2013-06-19,862,2013-06-19,30.45,51.15,17.3,13.0,-1077735.0,-3360090.0,3577,24.886299177880048,44.13501384626534,29.384789963761094
2013-07-04,863,2013-07-04,13.4545454545455,35.0909090909091,49.2727272727273,23.0,-1077745.90909091,-3360075.0,3577,24.132946943286722,44.59013352253609,29.68847629994105
2013-07-28,864,2013-07-28,28.6,50.95,19.0,14.45,-1077735.0,-3360090.0,3577,23.860920841046756,44.84639317900681,29.70214799272898
2013-07-29,865,2013-07-29,22.4,42.2,33.75,18.45,-1077735.0,-3360090.0,3577,24.138598820258604,45.08266834487664,29.224193088078394
2013-08-05,866,2013-08-05,26.5,44.5,27.45,11.7,-1077735.0,-3360090.0,3577,25.782936807067493,46.34074159726437,26.32619326915303
2013-08-06,867,2013-08-06,27.65,48.3,22.7,11.8,-1077735.0,-3360090.0,3577,26.359366948836694,46.5334852453978,25.59233150749796
2013-08-13,868,2013-08-13,26.65,47.6,24.4,11.9,-1077735.0,-3360090.0,3577,27.36331810603847,46.19622312671158,25.008151291429286
2013-08-14,869,2013-08-14,26.35,44.5,27.6,11.45,-1077735.0,-3360090.0,3577,26.979681309398636,44.75642360734571,26.85873692870195
2013-08-21,870,2013-08-21,26.8,42.8,28.9,10.5,-1077735.0,-3360090.0,3577,24.488869644283945,41.68175647880907,32.34107904478938
2013-08-30,871,2013-08-30,25.45,44.8,28.35,11.15,-1077735.0,-3360090.0,3577,24.064714542419924,41.08505921322645,33.45288813353329
2013-09-06,872,2013-09-06,17.25,28.6,52.65,7.25,-1077735.0,-3360090.0,3577,22.726700080102262,39.50792504708323,36.34296694017513
2013-10-01,873,2013-10-01,23.7,42.6,32.35,10.7,-1077735.0,-3360090.0,3577,22.600627855113643,39.15937236137889,36.803715170273136
2013-10-08,874,2013-10-08,23.55,41.95,33.05,10.8,-1077735.0,-3360090.0,3577,22.620282967802805,40.1644915456001,35.76012253999336
2013-10-09,875,2013-10-09,23.1,43.8,31.8,10.2,-1077735.0,-3360090.0,3577,22.568753382836697,41.38659854077192,34.56299660091714
2013-10-17,876,2013-10-17,23.75,41.8,32.85,10.55,-1077735.0,-3360090.0,3577,23.016952088156074,42.79190932905465,32.68693195349054
2013-10-24,877,2013-10-24,23.7,42.7,31.75,10.85,-1077735.0,-3360090.0,3577,23.403192318513902,43.93949533438041,31.114158132884135
2013-10-25,878,2013-10-25,21.7,42.8,34.1,10.75,-1077735.0,-3360090.0,3577,23.144561475672567,44.20670181211317,31.070982268500842
2013-11-01,879,2013-11-01,21.85,45.45,31.2,10.9,-1077735.0,-3360090.0,3577,22.321229080513667,43.060583688750626,33.031835501954404
2013-11-09,880,2013-11-09,23.15,43.6,31.8,10.9,-1077735.0,-3360090.0,3577,22.782028188526333,44.00734590486255,31.67873627919594
2013-11-10,881,2013-11-10,23.8,44.4,30.2,11.2,-1077735.0,-3360135.0,3577,22.617402411826276,44.32220225594176,31.51414730779585
2013-11-18,882,2013-11-18,21.9,42.9,33.55,10.3,-1077735.0,-3360090.0,3577,22.85786767411813,44.659292255725205,31.052791790248452
2013-11-25,883,2013-11-25,23.4,44.55,30.75,10.95,-1077735.0,-3360090.0,3577,23.01877070297779,43.799138322970784,31.75808309337247
2013-12-03,884,2013-12-03,23.85,45.7,29.15,11.0,-1077735.0,-3360090.0,3577,23.47446578189261,43.506807897977865,31.631331052843358
2013-12-04,885,2013-12-04,22.7,42.2,33.7,10.3,-1077735.0,-3360090.0,3577,23.621777912486458,43.594316828675645,31.510218883279194
2013-12-11,886,2013-12-11,23.35,43.45,31.85,10.9,-1077735.0,-3360090.0,3577,23.531282339947555,43.67290426291322,31.50574758058807
2013-12-12,887,2013-12-12,26.0,42.0,31.0,11.0,-1077765.0,-3360135.0,3577,25.13712788758853,43.2384961787374,30.242966940176046
2013-12-27,888,2013-12-27,23.65,43.2,31.35,10.85,-1077735.0,-3360090.0,3577,25.30675918508358,43.028434800487204,30.16851793716668
2014-01-04,889,2014-01-04,25.75,47.0,26.0,11.75,-1077720.0,-3360135.0,3577,24.268456775419093,43.033647080467276,31.176776396972976
2014-01-05,890,2014-01-05,23.0,42.25,33.0,10.6,-1077735.0,-3360090.0,3577,23.060816428150442,44.69908798631041,30.74076782350317
2014-01-12,891,2014-01-12,24.15,42.45,31.65,10.8,-1077735.0,-3360090.0,3577,21.929128147391125,45.68855030417815,30.956726709818057
2014-01-20,892,2014-01-20,22.95,45.9,30.0,10.8,-1077735.0,-3360090.0,3577,21.395397172483758,45.27532475263997,31.957082313966083
2014-01-28,893,2014-01-28,13.0,47.125,38.875,4.625,-1077693.75,-3360101.25,3577,21.518678689728105,44.30258448980696,32.87111704084897
2014-01-29,894,2014-01-29,24.9,46.3,27.6,10.85,-1077735.0,-3360090.0,3577,22.65150252224217,43.457910433213534,32.656716425983994
2014-02-06,895,2014-02-06,26.65,42.9,28.95,10.65,-1077735.0,-3360090.0,3577,24.04556496135084,42.70332763211382,31.96763190369524
2014-02-21,896,2014-02-21,27.5,35.75,35.5,8.75,-1077720.0,-3360135.0,3577,26.00768581263549,43.16663761934015,29.579049665500353
2014-03-01,897,2014-03-01,27.55,42.3,28.6,10.9,-1077735.0,-3360090.0,3577,27.978888912940462,42.167468986115935,28.462453722743586
2014-03-02,898,2014-03-02,27.1,44.95,26.7,10.9,-1077735.0,-3360090.0,3577,29.484277641858377,42.10600413517741,26.970273766477167
2014-03-09,899,2014-03-09,29.6,45.55,23.55,10.9,-1077735.0,-3360090.0,3577,29.363298620879377,42.59272662321561,26.677038905363094
2014-03-10,900,2014-03-10,28.8,41.6,28.2,10.7,-1077735.0,-3360090.0,3577,27.28359349628292,42.34704204463634,29.030980861239684
2014-03-17,901,2014-03-17,28.85,42.7,27.05,10.8,-1077735.0,-3360090.0,3577,28.40674727748607,42.366513672080096,27.89285327675004
2014-03-18,902,2014-03-18,27.8,37.25,33.45,9.15,-1077735.0,-3360090.0,3577,28.005053151179,41.55917642728167,29.065186516265765
2014-03-25,903,2014-03-25,24.5,44.0,30.5,10.0,-1077690.0,-3360045.0,3577,26.843860009955073,40.811450778317734,30.988566541812684
2014-03-26,904,2014-03-26,26.55,39.55,32.35,10.6,-1077735.0,-3360090.0,3577,26.918228366057164,41.75502969681912,29.922606392570962
2014-04-02,905,2014-04-02,28.6,42.55,27.3,11.05,-1077735.0,-3360090.0,3577,26.1885665418134,42.35281560544085,30.03700015154675
2014-04-03,906,2014-04-03,28.65,46.6,23.45,11.1,-1077735.0,-3360090.0,3577,25.42051354218157,43.31394379613546,29.859333391062677
2014-04-10,907,2014-04-10,18.2,41.8,38.5,15.65,-1077735.0,-3360090.0,3577,24.96608355524391,43.441439159389326,30.123531576777847
2014-04-11,908,2014-04-11,28.75,44.75,25.1,11.25,-1077735.0,-3360090.0,3577,25.337997142172924,44.049708805120176,29.16925674943814
2014-04-18,909,2014-04-18,27.7,42.2,28.55,10.95,-1077735.0,-3360090.0,3577,25.621232328039643,43.2923358375306,29.607062287553212
2014-04-27,910,2014-04-27,20.0,43.3333333333333,35.3333333333333,10.6666666666667,-1077795.0,-3360075.0,3577,25.783869175196596,45.24772637062982,27.56533265495701
2014-05-12,911,2014-05-12,30.45,47.7,20.5,11.95,-1077735.0,-3360090.0,3577,26.936947108614916,45.11618242438001,26.561962804992888
2014-05-13,912,2014-05-13,31.7,44.55,22.15,11.6,-1077735.0,-3360090.0,3577,30.37966831929227,46.872379787388255,21.36707224663562
2014-05-21,913,2014-05-21,29.9166666666667,47.8333333333333,21.1666666666667,10.5833333333333,-1077735.0,-3360067.5,3577,32.349838706180634,46.220359104253106,20.091162397970546
2014-06-05,914,2014-06-05,29.7,45.4,23.3,12.5,-1077735.0,-3360090.0,3577,31.86480330814221,45.048708566968074,21.739103827026284
2014-06-06,915,2014-06-06,34.0,48.5,16.5,13.25,-1077720.0,-3360135.0,3577,31.778575707053932,43.66747385740541,23.204557241860286
2014-06-14,916,2014-06-14,34.7,35.65,28.05,9.1,-1077735.0,-3360090.0,3577,29.854856134573033,42.37659868510629,26.36367389060494
2014-06-21,917,2014-06-21,29.35,45.35,23.75,12.35,-1077735.0,-3360090.0,3577,27.340208707696874,42.4262313537792,28.813912042545503
2014-07-15,918,2014-07-15,16.65,35.25,46.8,17.3,-1077735.0,-3360090.0,3577,26.464181587242642,42.856852280839696,29.182325758172787
2014-07-23,919,2014-07-23,25.7333333333333,51.6666666666667,21.0,12.8,-1077739.0,-3360089.0,3577,25.704354041511003,43.860943336387535,28.902324655853384
2014-08-01,920,2014-08-01,27.85,43.65,26.95,11.5,-1077735.0,-3360090.0,3577,25.262059466663235,45.24576191427637,27.95250976486217
2014-08-16,921,2014-08-16,27.6666666666667,48.5,22.2222222222222,12.0555555555556,-1077740.0,-3360095.0,3577,25.635213141738177,45.90722631947588,26.832919991839674
2014-08-17,922,2014-08-17,28.0,45.0,25.5,11.5,-1077735.0,-3360090.0,3577,26.84957926490033,46.64579644843016,24.94598981422502
2014-08-24,923,2014-08-24,25.85,43.55,28.95,11.85,-1077735.0,-3360090.0,3577,27.649941289811505,45.78466282396576,25.043280464447722
2014-08-25,924,2014-08-25,26.6,47.25,24.75,11.55,-1077735.0,-3360090.0,3577,27.289952683747558,45.96963040601035,25.23375498820395
2014-09-18,925,2014-09-18,25.4,42.8,30.1,10.9,-1077735.0,-3360090.0,3577,25.19146165859504,43.99639131886698,29.339773178313685
2014-09-26,926,2014-09-26,25.3529411764706,46.4705882352941,26.9411764705882,11.2352941176471,-1077740.29411765,-3360097.94117647,3577,25.01298634892325,44.78318717340994,28.76135687598561
2014-10-03,927,2014-10-03,25.0588235294118,46.1764705882353,27.5294117647059,11.0588235294118,-1077735.0,-3360082.05882353,3577,24.861473022815154,44.36775206217267,29.33196299036327
2014-10-04,928,2014-10-04,25.1,42.65,30.55,10.85,-1077735.0,-3360090.0,3577,25.05373892179201,44.4536919281708,29.001444809663017
2014-10-11,929,2014-10-11,24.7,42.15,31.4,10.85,-1077735.0,-3360090.0,3577,25.320660126611553,44.550478214184906,28.618247978569688
2014-10-12,930,2014-10-12,24.1,44.05,30.6,10.65,-1077735.0,-3360090.0,3577,25.402067528170093,43.99504643962191,29.032594276962552
2014-10-20,931,2014-10-20,27.8,48.5,22.15,13.55,-1077735.0,-3360090.0,3577,25.471634066166775,44.29707537954008,28.65078615610878
2014-10-27,932,2014-10-27,25.15,42.45,30.6,10.55,-1077735.0,-3360090.0,3577,25.285715722991124,44.029150306980185,29.11898726841836
2014-10-28,933,2014-10-28,25.3,43.1,30.15,10.3,-1077735.0,-3360090.0,3577,25.09747285131175,44.06078732776308,29.34835904397476
2014-11-04,934,2014-11-04,23.7,45.0,29.95,10.75,-1077735.0,-3360090.0,3577,24.87067432658028,43.93705383124687,29.746414476067653
2014-11-05,935,2014-11-05,24.4,41.05,33.0,10.15,-1077735.0,-3360090.0,3577,24.514245816099738,43.80748987853596,30.223122388442945
2014-11-20,936,2014-11-20,24.15,46.7,27.85,11.05,-1077735.0,-3360090.0,3577,24.061679187681783,43.85780921863858,30.63621316763274
2014-11-21,937,2014-11-21,24.8,42.0,31.75,10.6,-1077735.0,-3360090.0,3577,24.035408863578645,43.55554894021736,30.988325142345282
2014-11-28,938,2014-11-28,24.3,44.0,30.1,10.85,-1077735.0,-3360090.0,3577,24.374795947083328,43.54260429971853,30.60224295827554
2014-12-06,939,2014-12-06,23.9,45.2,29.5,10.6,-1077735.0,-3360090.0,3577,24.258001905211902,43.12174760223652,31.10203836410802
2014-12-07,940,2014-12-07,23.75,42.2,32.5,10.15,-1077735.0,-3360090.0,3577,24.13982766459186,43.00884950961708,31.354068068150074
2014-12-14,941,2014-12-14,24.6,40.0,33.85,10.0,-1077735.0,-3360090.0,3577,23.970645608258124,42.846084565582814,31.688043690051344
2014-12-15,942,2014-12-15,24.55,42.05,31.9,9.95,-1077735.0,-3360090.0,3577,24.001702786374125,42.10583797007316,32.3726579921578
2015-01-07,943,2015-01-07,23.05,46.1,29.5,10.65,-1077735.0,-3360090.0,3577,24.10181753230929,42.81127324687057,31.641146160336483
2015-01-15,944,2015-01-15,24.6,43.1,30.9,10.3,-1077735.0,-3360090.0,3577,24.21100261966773,42.28327632119569,32.074861980120346
2015-01-24,945,2015-01-24,24.85,40.75,32.85,9.9,-1077735.0,-3360090.0,3577,25.13759047969199,43.83037880591405,29.638188385397576
2015-02-16,946,2015-02-16,25.8,43.15,29.65,10.3,-1077735.0,-3360090.0,3577,25.649980514837363,44.19055294549991,28.796753556037174
2015-02-24,947,2015-02-24,25.7,44.55,28.5,10.1,-1077735.0,-3360090.0,3577,26.12577886509385,43.36420792828814,29.17918660286645
2015-03-12,948,2015-03-12,26.85,45.45,26.45,10.55,-1077735.0,-3360090.0,3577,26.56386838135667,43.48352132902566,28.58502096458326
2015-03-20,949,2015-03-20,27.5,41.7,29.2,10.3,-1077735.0,-3360090.0,3577,26.721491047648037,43.064212258323465,28.75877806403693
2015-03-21,950,2015-03-21,27.9,44.7,26.05,10.35,-1077735.0,-3360090.0,3577,26.531371105670537,42.15641386476669,29.808445733828286
2015-03-28,951,2015-03-28,23.3333333333333,34.3333333333333,40.6666666666667,13.3333333333333,-1077765.0,-3360135.0,3577,26.782883731331733,40.1677589180625,31.457614006216122
2015-03-29,952,2015-03-29,28.2,43.7,26.5,10.7,-1077735.0,-3360090.0,3577,26.668365261788278,38.83335984091536,32.85925470099784
2015-04-05,953,2015-04-05,27.3,40.85,29.95,10.05,-1077735.0,-3360090.0,3577,27.60016653981471,38.482695680117885,32.26447014523456
2015-04-22,954,2015-04-22,27.8,33.0,37.8,8.35,-1077735.0,-3360090.0,3577,27.502104841252905,38.70120377756142,32.25370981324298
2015-04-29,955,2015-04-29,28.5,42.0,28.2,9.6,-1077735.0,-3360090.0,3577,28.889719996598267,42.80413285213789,26.890365338396563
2015-05-07,956,2015-05-07,29.1,44.75,24.65,11.3,-1077735.0,-3360090.0,3577,29.04993188520975,44.439462526036024,25.150956271636005
2015-05-15,957,2015-05-15,27.9230769230769,47.3076923076923,23.6153846153846,11.4615384615385,-1077741.92307692,-3360109.61538462,3577,28.169377268753863,45.65146066523093,24.963989983181296
2015-05-23,958,2015-05-23,29.4,45.95,23.4,11.7,-1077735.0,-3360090.0,3577,26.462488987550515,44.31980633083805,28.006505211859444
2015-05-24,959,2015-05-24,23.5,48.5,27.0,11.5,-1077690.0,-3360045.0,3577,26.00293201677666,44.46848583661446,28.32717280337719
2015-06-01,960,2015-06-01,29.25,45.35,23.9,11.4,-1077735.0,-3360090.0,3577,25.808066939010928,43.5970314277227,29.318602247950086
2015-06-09,961,2015-06-09,18.7,26.9,53.1,7.3,-1077699.0,-3360090.0,3577,26.250706711717317,42.081421567233335,30.36865728936006
2015-06-16,962,2015-06-16,29.2,48.6,21.05,12.15,-1077735.0,-3360090.0,3577,27.185930049941234,42.7497046416249,28.70905768439276
2015-06-24,963,2015-06-24,30.8,45.5,22.05,13.8,-1077735.0,-3360090.0,3577,28.316857909887734,44.602212648026416,25.70557383792294
2015-06-25,964,2015-06-25,31.15,50.65,17.0,13.6,-1077735.0,-3360090.0,3577,29.198870943293823,45.66696507825857,23.747235272463925
2015-07-03,965,2015-07-03,28.55,45.45,24.45,11.5,-1077735.0,-3360090.0,3577,29.646097555690652,46.766665223314575,22.190701249211866
2015-07-10,966,2015-07-10,28.35,46.2,24.15,12.3,-1077735.0,-3360090.0,3577,29.21600381042669,48.06877178548287,21.281230379524413
2015-07-18,967,2015-07-18,28.3,47.75,22.55,11.95,-1077735.0,-3360090.0,3577,29.53053613053172,48.430493191012275,20.63899521530792
2015-07-19,968,2015-07-19,28.0,44.5,26.05,11.35,-1077735.0,-3360090.0,3577,27.93558856004259,45.13363571412433,25.480737838009574
2015-07-26,969,2015-07-26,27.9,42.25,28.1,11.1,-1077735.0,-3360090.0,3577,27.700252585387766,44.25940014577124,26.485699336778975
2015-08-03,970,2015-08-03,27.9,49.95,20.75,13.7,-1077735.0,-3360090.0,3577,26.82335368449519,42.28660070578943,29.245334386970885
2015-08-11,971,2015-08-11,27.7,42.4,28.25,10.45,-1077735.0,-3360090.0,3577,26.183351014306858,43.031022537827255,29.11126891683732
2015-08-19,972,2015-08-19,24.2,37.5,36.75,9.1,-1077735.0,-3360090.0,3577,24.8865956540842,42.1426775494824,31.273484307225765
2015-08-27,973,2015-08-27,20.6666666666667,35.0,42.0,20.0,-1077725.0,-3360125.0,3577,23.72661203605122,41.57766567796907,33.09313797656956
2015-08-28,974,2015-08-28,24.05,47.55,27.25,11.2,-1077735.0,-3360090.0,3577,23.031136201256597,41.097055575996805,34.33210721166864
2015-09-04,975,2015-09-04,23.7333333333333,45.8666666666667,29.1333333333333,11.2,-1077735.0,-3360105.0,3577,22.550633628494033,40.452230689840746,35.49077413813725
2015-09-12,976,2015-09-12,23.8,41.45,33.15,10.75,-1077735.0,-3360090.0,3577,22.74983834534578,39.86549178375209,35.89317045183381
2015-09-20,977,2015-09-20,21.1,31.35,46.3,8.4,-1077735.0,-3360090.0,3577,23.35089631730149,41.25541037908843,34.04388707267455
2015-09-21,978,2015-09-21,24.55,42.85,31.1,10.75,-1077735.0,-3360090.0,3577,23.982374952185605,41.24122374013399,33.42889468632003
2015-10-07,979,2015-10-07,24.35,41.75,32.3,10.35,-1077735.0,-3360090.0,3577,24.05157360698797,40.85190413301258,33.74169174478268
2015-10-14,980,2015-10-14,23.8,43.1,31.85,10.65,-1077735.0,-3360090.0,3577,23.867612418537647,41.074670376057426,33.59664314013658
2015-10-15,981,2015-10-15,25.4,44.05,29.4,10.35,-1077735.0,-3360090.0,3577,24.371572596646352,43.66492094076581,30.620913348772554
2015-10-22,982,2015-10-22,23.8,46.2,28.65,10.65,-1077735.0,-3360090.0,3577,24.70961267833963,44.616646820664926,29.31701162614037
2015-10-23,983,2015-10-23,24.2,40.25,33.75,10.15,-1077735.0,-3360090.0,3577,24.8480666392394,44.64778843446907,29.070184459498996
2015-10-30,984,2015-10-30,24.45,44.65,29.7,10.8,-1077735.0,-3360090.0,3577,24.422556236329676,44.29630431487355,29.864517525813373
2015-11-08,985,2015-11-08,25.1,46.35,27.05,11.25,-1077735.0,-3360090.0,3577,24.42856957283837,44.93456991923813,29.15930632834222
2015-11-15,986,2015-11-15,25.1,45.4,28.1,11.1,-1077735.0,-3360090.0,3577,24.190032258759288,44.316577540100326,29.940158912290656
2015-12-01,987,2015-12-01,23.45,42.3,32.45,10.85,-1077735.0,-3360090.0,3577,23.994999225586255,44.14189067659473,30.332498247163873
2015-12-09,988,2015-12-09,22.95,46.55,29.15,11.0,-1077735.0,-3360090.0,3577,23.912655111020197,44.091249081942664,30.496932086722722
2015-12-10,989,2015-12-10,23.35,42.6,32.65,10.3,-1077735.0,-3360090.0,3577,23.789113458578832,43.796918596995404,30.90172610194773
2015-12-17,990,2015-12-17,24.5,40.0,33.75,9.85,-1077735.0,-3360090.0,3577,23.344838181581544,42.59148198787952,32.59323731757158
2015-12-18,991,2015-12-18,23.8,44.85,30.0,10.2,-1077735.0,-3360090.0,3577,23.512706738364102,43.082972635835915,32.031330553223846
2015-12-25,992,2015-12-25,23.7692307692308,45.5384615384615,29.4615384615385,11.0769230769231,-1077741.92307692,-3360109.61538462,3577,23.690891770764395,43.43547381410509,31.464135400198817
2015-12-26,993,2015-12-26,23.45,42.55,32.5,10.5,-1077735.0,-3360090.0,3577,24.002714099424026,44.24318394155789,30.30889772289654
2016-01-02,994,2016-01-02,24.0,43.65,30.9,10.7,-1077735.0,-3360090.0,3577,24.339912766439262,44.77398106774669,29.312992021072905
2016-01-03,995,2016-01-03,23.9,46.4,28.2,10.55,-1077735.0,-3360090.0,3577,24.528661835897992,45.94030122056346,27.944400764746675
2016-01-10,996,2016-01-10,27.5,48.0,22.5,12.0,-1077750.0,-3360135.0,3577,25.739175494661048,46.58959067842629,26.05072952767253
2016-01-11,997,2016-01-11,24.25,44.65,29.45,10.65,-1077735.0,-3360090.0,3577,25.306335257974723,46.92958146877427,26.125931748647538
2016-01-27,998,2016-01-27,26.9,48.4,23.3,11.9,-1077735.0,-3360090.0,3577,26.81856286128331,45.911144428320235,25.676077637528905
2016-02-03,999,2016-02-03,25.65,44.65,28.2,10.85,-1077735.0,-3360090.0,3577,26.20481499923833,45.451474377009376,26.864703717331285
2016-02-04,1000,2016-02-04,24.9,46.4,27.5,10.85,-1077735.0,-3360090.0,3577,24.530138128122076,44.39266492021247,29.67167182662095
2016-02-12,1001,2016-02-12,24.85,43.3,30.35,10.4,-1077735.0,-3360090.0,3577,22.58051267617494,44.31174522071693,31.832855225265327
2016-02-27,1002,2016-02-27,19.1,41.15,38.45,8.6,-1077735.0,-3360090.0,3577,21.18106692069224,45.30387971161288,32.31858992400305
2016-02-28,1003,2016-02-28,26.35,44.75,27.65,10.8,-1077735.0,-3360090.0,3577,20.869185303857112,46.616318820491415,31.27632769706606
2016-03-06,1004,2016-03-06,9.0,54.0,36.0,15.0,-1077675.0,-3360075.0,3577,20.583223278266644,46.44406352161076,31.703451038121223
2016-03-15,1005,2016-03-15,26.05,44.3,28.25,10.35,-1077735.0,-3360090.0,3577,21.767326636208836,46.318319296795345,30.592310939829588
2016-03-30,1006,2016-03-30,25.5,48.35,24.9,11.25,-1077735.0,-3360090.0,3577,22.826459763143657,45.342760180988705,30.404914590049366
2016-03-31,1007,2016-03-31,25.75,44.0,28.55,10.7,-1077735.0,-3360090.0,3577,24.504191474156855,46.81134360994342,27.288352205066396
2016-04-07,1008,2016-04-07,24.35,41.4,32.65,10.45,-1077735.0,-3360090.0,3577,25.59400723115511,45.768235943616105,27.163477234835405
2016-04-08,1009,2016-04-08,24.6,42.55,31.45,9.85,-1077735.0,-3360090.0,3577,25.663223927771178,43.96087488362373,28.85815886899047
2016-04-15,1010,2016-04-15,26.4,49.75,22.5,11.55,-1077735.0,-3360090.0,3577,25.950685228080733,43.53194700036155,29.007864426590743
2016-05-01,1011,2016-05-01,24.35,47.85,26.45,11.25,-1077735.0,-3360090.0,3577,24.71162289722292,44.321538678033605,29.544549568074565
2016-05-02,1012,2016-05-02,27.1,44.15,27.4,11.0,-1077735.0,-3360090.0,3577,25.827855117015343,43.56381064755027,29.204668860546846
2016-05-09,1013,2016-05-09,24.25,31.7,42.15,9.65,-1077735.0,-3360090.0,3577,26.811608824607912,44.83637662646281,26.994983654112744
2016-05-10,1014,2016-05-10,28.2,49.65,21.05,11.55,-1077735.0,-3360090.0,3577,27.36310485180045,45.15687717854226,26.135190196796202
2016-05-17,1015,2016-05-17,28.45,49.15,21.25,11.65,-1077735.0,-3360090.0,3577,26.63343400664984,43.47636594570929,28.530131272232268
2016-05-18,1016,2016-05-18,27.7,45.65,25.3,11.3,-1077735.0,-3360090.0,3577,27.838463102081235,46.644963326999694,24.158458483377476
2016-06-03,1017,2016-06-03,25.5,46.05,26.95,12.7,-1077735.0,-3360090.0,3577,27.596375038785773,47.99896476072229,23.04713171245335
2016-06-10,1018,2016-06-10,27.95,47.7,23.05,13.65,-1077735.0,-3360090.0,3577,26.269013545789807,47.14531562348195,25.204045696301993
2016-06-11,1019,2016-06-11,22.6,40.55,35.35,14.2,-1077735.0,-3360090.0,3577,25.04004681248889,44.26613503454948,29.27997551124048
2016-06-26,1020,2016-06-26,26.35,46.25,25.8,12.8,-1077735.0,-3360090.0,3577,23.238113692289787,40.95633844998559,34.31878224973687
2016-07-13,1021,2016-07-13,26.8,50.45,21.55,13.05,-1077735.0,-3360090.0,3577,22.58426140422707,40.49479096754035,35.51802377188842
2016-07-28,1022,2016-07-28,12.6111111111111,21.0555555555556,64.9444444444444,7.88888888888889,-1077730.0,-3360095.0,3577,22.436789543442536,41.18639202214439,35.01545040786002
2016-08-06,1023,2016-08-06,25.15,46.15,27.3,11.8,-1077735.0,-3360090.0,3577,22.505257745347258,41.54756110761682,34.58874082573255
2016-08-13,1024,2016-08-13,23.95,45.1,29.65,11.7,-1077735.0,-3360090.0,3577,22.518705391612244,42.764844804312105,33.3910429611618
2016-08-14,1025,2016-08-14,23.25,47.9,27.5,11.8,-1077735.0,-3360090.0,3577,22.712950534154565,44.426587739739,31.5683753466988
2016-08-30,1026,2016-08-30,24.65,45.45,28.65,10.35,-1077735.0,-3360090.0,3577,22.53561598360023,45.22330388908661,30.95230069207935
2016-09-06,1027,2016-09-06,21.8,47.0,29.8,11.4,-1077735.0,-3360045.0,3577,22.978162910357618,46.25893466697729,29.414565517037907
2016-09-15,1028,2016-09-15,20.6,39.0,39.1,9.65,-1077735.0,-3360090.0,3577,22.88754621710936,45.535712206603236,30.19196429644895
2016-09-22,1029,2016-09-22,21.5,46.35,30.85,11.0,-1077735.0,-3360090.0,3577,21.57436474773614,42.03389623791473,34.98212814017245
2016-09-30,1030,2016-09-30,22.9,42.95,32.55,10.9,-1077735.0,-3360090.0,3577,22.274430059101654,42.937075085211085,33.34229626582069
2016-10-16,1031,2016-10-16,23.85,41.55,33.1,10.25,-1077735.0,-3360090.0,3577,22.615189763793197,42.64607013213187,33.26042275577383
2016-11-01,1032,2016-11-01,22.6,42.7,33.1,10.85,-1077735.0,-3360090.0,3577,22.801965722069863,43.344780294382744,32.40874190444344
2016-11-02,1033,2016-11-02,22.8,44.4,31.6,10.55,-1077735.0,-3360090.0,3577,22.786823132868285,43.743089903047526,32.0370507699122
2016-11-09,1034,2016-11-09,22.05,45.65,30.95,11.05,-1077735.0,-3360090.0,3577,22.544054234828117,43.764608931336966,32.234247996309335
2016-11-10,1035,2016-11-10,22.15,42.3,33.9,10.45,-1077735.0,-3360090.0,3577,22.273207165977183,43.83918528106402,32.45220746338071
2016-11-18,1036,2016-11-18,23.0,43.5555555555556,32.1111111111111,10.8888888888889,-1077728.33333333,-3360121.66666667,3577,22.422876260122383,44.597696832699135,31.570974545338412
2016-11-25,1037,2016-11-25,21.55,45.05,32.0,10.7,-1077735.0,-3360090.0,3577,22.87425549031041,43.58535006625442,32.06093567504201
2016-12-19,1038,2016-12-19,24.05,41.8,32.4,10.65,-1077735.0,-3360090.0,3577,23.51352691629349,42.640808208677015,32.35486688369536
2016-12-20,1039,2016-12-20,25.0526315789474,43.2631578947368,30.3684210526316,10.3684210526316,-1077733.42105263,-3360087.63157895,3577,23.91057747857131,42.23461921453794,32.38129239271822
2016-12-27,1040,2016-12-27,23.4,43.85,31.4,10.3,-1077735.0,-3360090.0,3577,24.320181098024953,41.83656838245589,32.37039078188179
2016-12-28,1041,2016-12-28,24.85,37.2,36.35,8.35,-1077735.0,-3360090.0,3577,24.425453827576632,41.95618150519755,32.125987238545584
2017-01-04,1042,2017-01-04,24.35,41.85,32.2,10.6,-1077735.0,-3360090.0,3577,24.644200601415427,41.524197731181914,32.319422227686914
2017-01-12,1043,2017-01-12,24.7,45.35,28.7,10.25,-1077735.0,-3360090.0,3577,24.726490415235297,42.003721570368384,31.793370583026906
2017-01-13,1044,2017-01-13,24.5,42.4,31.45,10.05,-1077735.0,-3360090.0,3577,24.4974143422127,43.140922194956815,30.922883097018936
2017-01-20,1045,2017-01-20,25.35,42.5,30.55,10.3,-1077735.0,-3360090.0,3577,24.49359314304361,44.225664517975005,29.805164991432328
2017-01-28,1046,2017-01-28,25.5,45.4,27.95,9.65,-1077735.0,-3360090.0,3577,26.348180188717237,44.56640809898251,27.62127266573652
2017-02-05,1047,2017-02-05,26.55,43.9,28.1,11.9,-1077735.0,-3360090.0,3577,27.3072906969151,44.918871376295,26.34132369178415
2017-02-13,1048,2017-02-13,26.35,47.65,24.55,12.0,-1077735.0,-3360090.0,3577,27.381679620684817,44.43997055575339,26.75462123015903
2017-02-14,1049,2017-02-14,28.8,44.75,25.0,10.9,-1077735.0,-3360090.0,3577,27.275456277464585,45.0480049362335,26.313587650735425
2017-02-21,1050,2017-02-21,30.45,43.35,24.7,11.25,-1077735.0,-3360090.0,3577,27.39022386282039,46.10304942734595,25.248977029159015
2017-03-01,1051,2017-03-01,29.3,44.6,25.1,10.25,-1077735.0,-3360090.0,3577,27.63122929701464,46.80875316633131,24.34129879408153
2017-03-10,1052,2017-03-10,19.0,51.0,29.0,10.0,-1077765.0,-3360135.0,3577,27.836064863924484,47.213396046670724,23.782123449302556
2017-03-17,1053,2017-03-17,29.25,46.85,22.65,10.95,-1077735.0,-3360090.0,3577,27.960684362073373,47.69637034791121,23.251649743441934
2017-03-26,1054,2017-03-26,33.05,48.7,17.15,11.8,-1077735.0,-3360090.0,3577,28.77811383662347,46.91952412911464,23.12278031565612
2017-04-02,1055,2017-04-02,30.05,46.9,21.75,11.25,-1077735.0,-3360090.0,3577,29.421237740583187,46.63023338889515,22.674118296560728
2017-04-03,1056,2017-04-03,29.15,44.25,25.2,10.95,-1077735.0,-3360090.0,3577,30.236712204199947,45.94985710882857,22.420746281578843
2017-04-10,1057,2017-04-10,29.45,43.45,25.65,10.9,-1077735.0,-3360090.0,3577,30.930577626703034,45.2123579207103,22.431419818568166
2017-04-19,1058,2017-04-19,31.25,45.55,21.7,11.5,-1077735.0,-3360090.0,3577,31.010730909952283,45.023574877128524,22.511461603408705
2017-04-26,1059,2017-04-26,31.25,45.1,22.05,11.4,-1077735.0,-3360090.0,3577,29.681870142237226,45.25692264391279,23.60409621338061
2017-05-04,1060,2017-05-04,28.6,49.2,21.0,11.2,-1077735.0,-3360045.0,3577,30.47712117603303,45.53930806035389,22.51810604256088
2017-05-21,1061,2017-05-21,31.8,44.55,22.15,11.25,-1077735.0,-3360090.0,3577,30.851920370646408,45.61443236845032,22.016311603769616
2017-05-28,1062,2017-05-28,31.7,43.75,23.05,11.3,-1077735.0,-3360090.0,3577,31.047831734824,45.38542618371662,21.992722293183405
2017-06-06,1063,2017-06-06,30.55,45.4,22.2,11.75,-1077735.0,-3360090.0,3577,31.42355972200704,45.799228171202756,21.229569810990785
2017-06-13,1064,2017-06-13,30.25,45.95,22.5,12.1,-1077735.0,-3360090.0,3577,30.93735196691391,45.81834852453363,21.720756384994623
2017-06-22,1065,2017-06-22,33.1,47.85,17.35,13.05,-1077735.0,-3360090.0,3577,32.0757698441861,46.83699522011515,19.632300619913778
2017-06-29,1066,2017-06-29,30.25,44.9,23.4,12.45,-1077735.0,-3360090.0,3577,31.56972222823144,47.61627804599229,19.42959687371161
2017-06-30,1067,2017-06-30,32.2,50.5333333333333,16.3333333333333,12.4,-1077735.0,-3360105.0,3577,30.125260343367295,47.67718793074117,20.899212294410404
2017-07-07,1068,2017-07-07,28.05,47.4,23.3,15.3,-1077735.0,-3360090.0,3577,28.648374793416956,45.8416684107018,24.18893206895941
2017-07-08,1069,2017-07-08,27.7,42.6,28.15,14.65,-1077735.0,-3360090.0,3577,27.033949641685545,42.95239306616374,28.6746379007946
2017-07-15,1070,2017-07-15,29.85,45.95,22.9,12.0,-1077735.0,-3360090.0,3577,27.247990863621474,45.52486450597226,25.906183651226222
2017-07-16,1071,2017-07-16,18.1666666666667,39.1111111111111,41.1666666666667,23.0,-1077735.0,-3360090.0,3577,27.100367692159317,45.41578778977481,26.139266564185267
2017-07-24,1072,2017-07-24,29.65,41.65,27.3,10.65,-1077735.0,-3360090.0,3577,27.16540482221191,44.05485577373464,27.32513260732668
2017-07-31,1073,2017-07-31,29.3,46.4,23.0,12.15,-1077735.0,-3360090.0,3577,26.403329917412663,41.45874065734127,30.64561367424688
2017-08-08,1074,2017-08-08,30.25,48.7,19.8,11.65,-1077735.0,-3360090.0,3577,26.307494208573868,39.16500585756966,33.05164144420616
2017-08-09,1075,2017-08-09,26.95,44.3,27.1,17.7,-1077735.0,-3360090.0,3577,25.827141022028805,37.60086997625136,35.07412479161181
2017-08-24,1076,2017-08-24,17.6,12.3,68.1,21.0,-1077732.0,-3360105.0,3577,26.411282027222356,37.42740852198497,34.64708516457224
2017-08-25,1077,2017-08-25,27.0,42.2,29.55,10.7,-1077735.0,-3360090.0,3577,26.38999256676881,38.713233068954835,33.40080899492165
2017-09-01,1078,2017-09-01,27.6,43.05,27.95,10.75,-1077735.0,-3360090.0,3577,26.567819177722335,40.00838691751405,31.86964320508737
2017-09-02,1079,2017-09-02,30.7777777777778,48.1111111111111,19.6666666666667,11.5555555555556,-1077728.33333333,-3360121.66666667,3577,27.701498312484894,42.65947207246879,28.114672685411538
2017-09-09,1080,2017-09-09,28.0,50.3333333333333,20.1666666666667,12.6111111111111,-1077733.33333333,-3360085.0,3577,27.535956342415083,45.74751086116501,25.22504645766655
2017-09-10,1081,2017-09-10,27.7,43.9,26.75,11.35,-1077735.0,-3360090.0,3577,27.143569536754338,47.561607381259705,23.81347290480064
2017-09-17,1082,2017-09-17,23.0,41.6666666666667,33.6666666666667,11.2222222222222,-1077741.66666667,-3360086.66666667,3577,25.60761475795923,46.09566873184605,26.72196581797577
2017-10-03,1083,2017-10-03,25.85,42.9,29.7,11.05,-1077735.0,-3360090.0,3577,23.28245532846578,41.57376151969184,33.49895420626345
2017-10-04,1084,2017-10-04,17.15,42.65,38.85,14.7,-1077735.0,-3360090.0,3577,22.87289785807246,42.21789287852899,33.34112911082227
2017-10-12,1085,2017-10-12,25.75,42.3,30.2,10.7,-1077735.0,-3360090.0,3577,22.846204844343845,42.36945929886474,33.20859223335508
2017-10-19,1086,2017-10-19,25.7,42.55,30.15,11.0,-1077735.0,-3360090.0,3577,23.52139623791749,43.33265090172337,31.584290000500452
2017-10-20,1087,2017-10-20,23.1875,44.0625,31.1875,10.4375,-1077738.75,-3360078.75,3577,24.07810652968962,43.88790918832832,30.521525958557
2017-10-27,1088,2017-10-27,24.5,45.95,28.2,11.1,-1077735.0,-3360090.0,3577,25.00167509218993,43.06941687053272,30.408270818444294
2017-10-28,1089,2017-10-28,25.2,42.65,30.6,10.8,-1077735.0,-3360090.0,3577,25.342295784706856,42.83697200631545,30.322551906293505
2017-11-04,1090,2017-11-04,25.1,41.75,31.55,10.4,-1077735.0,-3360090.0,3577,25.476337710273533,43.17809299832648,29.89997537291982
2017-11-12,1091,2017-11-12,25.1,41.05,32.6,9.15,-1077735.0,-3360090.0,3577,24.75970893141576,43.34814106171818,30.453619097616095
2017-11-13,1092,2017-11-13,25.95,43.15,29.4,10.55,-1077735.0,-3360090.0,3577,25.23665726687796,43.15158993482652,30.07814550000633
2017-11-20,1093,2017-11-20,25.1,45.7,27.55,11.15,-1077735.0,-3360090.0,3577,24.47518456775058,44.279816622998865,29.735143648916296
2017-11-28,1094,2017-11-28,23.1666666666667,47.0,28.5,10.5,-1077725.0,-3360050.0,3577,24.883984733013534,43.407817066827604,30.2397721860138
2017-11-29,1095,2017-11-29,23.9,42.7,31.8,10.3,-1077735.0,-3360090.0,3577,24.56185455411095,44.09562666435073,29.925148844958613
2017-12-06,1096,2017-12-06,24.8,42.85,30.8,10.85,-1077735.0,-3360090.0,3577,23.557466063344897,45.017975058990004,30.00782437376416
2017-12-07,1097,2017-12-07,22.6,45.05,31.15,10.55,-1077735.0,-3360090.0,3577,23.065769988521964,45.97819322060121,29.4995294694941
2017-12-14,1098,2017-12-14,23.5,46.75,28.6,10.85,-1077735.0,-3360090.0,3577,22.180850418927598,46.469302214806106,29.930366537482808
2017-12-22,1099,2017-12-22,24.25,43.05,30.95,10.8,-1077735.0,-3360090.0,3577,21.390538872888612,46.90047522136604,30.235858104739037
2017-12-23,1100,2017-12-23,14.0,58.6,25.8,9.8,-1077687.0,-3360099.0,3577,21.1654690510696,46.849281574971165,30.475814948720608
2017-12-31,1101,2017-12-31,23.7,43.1,31.65,10.3,-1077735.0,-3360090.0,3577,20.931594102488802,47.064989499657386,30.51509342050681
2018-01-07,1102,2018-01-07,23.9,42.75,31.9,10.55,-1077735.0,-3360090.0,3577,21.802816687952742,47.07302604515523,29.643248392469957
2018-01-08,1103,2018-01-08,20.3333333333333,44.0833333333333,34.3333333333333,9.66666666666667,-1077735.0,-3360067.5,3577,23.20975593034069,45.76687234333609,29.525075595195013
2018-01-23,1104,2018-01-23,26.2,46.3,25.9,11.65,-1077735.0,-3360090.0,3577,24.563799822464873,44.95370218016604,29.070106518863778
2018-02-16,1105,2018-02-16,26.55,46.8,25.4,11.1,-1077735.0,-3360090.0,3577,26.058965338063604,44.070818809666704,28.506152980142524
2018-02-17,1106,2018-02-17,25.3,47.15,26.1,12.8,-1077735.0,-3360090.0,3577,26.936841744422857,43.09519799085717,28.56143021065195
2018-03-05,1107,2018-03-05,28.85,40.2,29.45,9.55,-1077735.0,-3360090.0,3577,26.546420143320205,44.310661629385656,27.742588062088554
2018-03-12,1108,2018-03-12,26.25,39.05,33.25,9.4,-1077735.0,-3360090.0,3577,27.522680724843795,43.824229794966286,27.293250557487966
2018-03-20,1109,2018-03-20,27.25,48.0,23.7,11.25,-1077735.0,-3360090.0,3577,27.73563799461218,43.992617289824345,26.920247245011026
2018-03-28,1110,2018-03-28,27.8,43.45,27.2,11.15,-1077735.0,-3360090.0,3577,27.566598107770453,44.69163004177816,26.37366364285475
2018-03-29,1111,2018-03-29,27.9,47.45,23.3,10.95,-1077735.0,-3360090.0,3577,28.010651886808684,46.174345623409934,24.402386931949856
2018-04-05,1112,2018-04-05,28.5333333333333,49.2666666666667,20.8666666666667,11.7333333333333,-1077735.0,-3360105.0,3577,28.21062734994201,47.22618552757166,23.17635981149568
2018-04-06,1113,2018-04-06,28.45,45.9,24.15,11.3,-1077735.0,-3360090.0,3577,28.3752917361234,47.574453874291976,22.61590854965131
2018-04-13,1114,2018-04-13,27.9,44.45,26.0,11.2,-1077735.0,-3360090.0,3577,27.844790967542217,46.26542683322178,24.440064734023935
2018-04-14,1115,2018-04-14,27.85,47.9,22.95,11.25,-1077735.0,-3360090.0,3577,27.473497297332198,45.40316814248025,25.631525543596016
2018-04-21,1116,2018-04-21,27.55,46.35,24.8,10.6,-1077735.0,-3360090.0,3577,27.667425144510798,46.43114161379721,24.46494728181669
2018-04-29,1117,2018-04-29,27.95,44.35,26.2,11.25,-1077735.0,-3360090.0,3577,28.256777226896844,46.54287853528645,23.77347528632003
2018-04-30,1118,2018-04-30,27.0,47.45,24.0,11.15,-1077735.0,-3360090.0,3577,28.606871044328066,47.63899701948526,22.39420172190735
2018-05-07,1119,2018-05-07,28.2,48.65,21.85,11.75,-1077735.0,-3360090.0,3577,28.853514132921585,48.37172734385635,21.419748363088818
2018-05-16,1120,2018-05-16,34.0,51.6,13.0,12.8,-1077735.0,-3360135.0,3577,29.211882647791597,49.1733579629791,20.254842216603897
2018-05-23,1121,2018-05-23,27.7,49.2,22.05,11.85,-1077735.0,-3360090.0,3577,29.22997281355978,48.70213393416999,20.676744617608403
2018-05-24,1122,2018-05-24,27.75,45.25,25.45,11.4,-1077735.0,-3360090.0,3577,28.710586163058665,48.282989765645084,21.63832854451726
2018-06-01,1123,2018-06-01,26.9166666666667,48.8333333333333,22.75,11.5,-1077735.0,-3360067.5,3577,28.60569177983612,47.65204119924769,22.38350596771315
2018-06-09,1124,2018-06-09,29.15,46.65,22.7,12.0,-1077735.0,-3360090.0,3577,28.13008539447749,46.30535548042596,24.124783111621614
2018-06-16,1125,2018-06-16,28.35,46.7,23.65,12.6,-1077735.0,-3360090.0,3577,27.25068337235114,45.82368776733417,25.38994581269744
2018-06-25,1126,2018-06-25,26.0714285714286,42.0714285714286,30.2857142857143,16.4285714285714,-1077730.71428571,-3360098.57142857,3577,26.757902262851836,46.053619497111065,25.637168095059003
2018-07-10,1127,2018-07-10,27.15,49.75,21.65,12.3,-1077735.0,-3360090.0,3577,26.812774454643517,46.293717969330245,25.38343289836719
2018-07-11,1128,2018-07-11,27.25,46.05,25.05,11.95,-1077735.0,-3360090.0,3577,25.860248420306476,45.871160109233756,26.816619912591136
2018-07-18,1129,2018-07-18,22.25,44.15,31.95,12.0,-1077735.0,-3360090.0,3577,25.198361571345423,45.887574010090376,27.46243006219376
2018-08-11,1130,2018-08-11,25.35,48.4,25.05,12.25,-1077735.0,-3360090.0,3577,24.785078466421517,46.086251905981854,27.659289704099812
2018-08-12,1131,2018-08-12,25.95,45.05,27.8,11.5,-1077735.0,-3360090.0,3577,24.852012151931035,46.2443036066032,27.458636951279907
2018-08-19,1132,2018-08-19,24.9,44.15,29.45,11.4,-1077735.0,-3360090.0,3577,24.67157362760709,46.512690560206835,27.43599682051284
2018-08-20,1133,2018-08-20,24.35,47.8,26.2,11.55,-1077735.0,-3360090.0,3577,24.687684065157157,45.20438825879327,28.757695168604187
2018-08-27,1134,2018-08-27,24.875,47.625,26.125,11.125,-1077738.75,-3360078.75,3577,25.771447206040875,47.240112905663125,25.57119065144999
2018-09-04,1135,2018-09-04,25.1,44.0,29.45,11.3,-1077735.0,-3360090.0,3577,25.392870055637157,46.171753556034574,26.9236652666179
2018-09-12,1136,2018-09-12,24.3,47.05,27.45,11.25,-1077735.0,-3360090.0,3577,23.753964147304252,44.99731862564008,29.709995886462032
2018-09-13,1137,2018-09-13,24.4,42.75,31.2,10.95,-1077735.0,-3360090.0,3577,22.821757886073364,44.065706661752714,31.611036718694535
2018-09-20,1138,2018-09-20,24.1,42.95,31.15,10.95,-1077735.0,-3360090.0,3577,22.215511449331657,42.26659937069522,33.979669221382416
2018-09-21,1139,2018-09-21,20.0,46.0,32.25,10.5,-1077720.0,-3360045.0,3577,22.17989943492708,40.69880003896424,35.508056571905755
2018-09-28,1140,2018-09-28,16.35,29.35,53.1,8.45,-1077735.0,-3360090.0,3577,22.335807226825562,40.507540756451114,35.50870228841834
2018-10-06,1141,2018-10-06,25.7,46.95,25.75,11.75,-1077735.0,-3360090.0,3577,22.09578092186122,40.51430336948308,35.758375551172065
2018-10-15,1142,2018-10-15,26.3,40.2,31.7,9.85,-1077735.0,-3360090.0,3577,22.74602935763587,40.7751055446041,34.904505401713806
2018-10-22,1143,2018-10-22,24.15,41.5,32.7,10.8,-1077735.0,-3360090.0,3577,23.62180930524231,42.14303946826538,32.73851566389776
2018-10-23,1144,2018-10-23,22.6666666666667,43.9166666666667,32.0833333333333,10.9166666666667,-1077742.5,-3360112.5,3577,24.437300006491405,42.76005831113552,31.318296203276034
2018-10-30,1145,2018-10-30,21.25,44.75,32.6,10.0,-1077735.0,-3360090.0,3577,24.69670631928918,44.412233038556266,29.422185329442392
2018-11-07,1146,2018-11-07,24.55,42.65,31.35,11.0,-1077735.0,-3360090.0,3577,23.992834677280857,45.272046571490975,29.300884212883773
2018-11-08,1147,2018-11-08,28.3333333333333,45.0,25.3333333333333,10.6666666666667,-1077735.0,-3360135.0,3577,23.51848649520688,43.751882712458766,31.37801221200696
2018-11-15,1148,2018-11-15,22.4545454545455,44.5454545454545,31.4545454545455,10.6363636363636,-1077740.45454545,-3360064.09090909,3577,24.284012131967977,43.78673956214815,30.479538123003877
2018-11-24,1149,2018-11-24,23.4,43.0,32.15,10.5,-1077735.0,-3360090.0,3577,24.735622609866034,42.44294155042182,31.286723521337485
2018-12-01,1150,2018-12-01,24.1,43.8,30.55,10.85,-1077735.0,-3360090.0,3577,24.700040938511776,41.76211419220927,31.972249328675744
2018-12-02,1151,2018-12-02,24.9,36.95,36.55,9.15,-1077735.0,-3360090.0,3577,24.301525648566773,41.67755486842959,32.47027361886151
2018-12-18,1152,2018-12-18,25.4,40.85,32.1,9.3,-1077735.0,-3360090.0,3577,24.141240338605154,41.32080690207008,32.93453852648407
2018-12-25,1153,2018-12-25,23.8,42.95,31.55,10.95,-1077735.0,-3360090.0,3577,24.458059639015737,41.56104483750922,32.37697215065152
2019-01-02,1154,2019-01-02,24.65,45.6,28.5,11.0,-1077735.0,-3360090.0,3577,24.654051830518732,42.73552360951104,31.053944662144353
2019-01-03,1155,2019-01-03,23.6,42.05,32.7,10.45,-1077735.0,-3360090.0,3577,23.898827642941725,43.1080993310031,31.438339214959903
2019-01-10,1156,2019-01-10,24.25,42.95,31.15,10.9,-1077735.0,-3360090.0,3577,24.247434454087177,44.44317694688547,29.784182381081955
2019-01-11,1157,2019-01-11,24.6,43.4,30.45,10.35,-1077735.0,-3360090.0,3577,24.27204312714786,44.813354911335836,29.43874082573333
2019-01-18,1158,2019-01-18,23.0,46.5,29.3,11.1,-1077735.0,-3360090.0,3577,24.11642707137703,44.191981135472986,30.262732468765098
2019-01-19,1159,2019-01-19,24.45,42.35,31.65,10.55,-1077735.0,-3360090.0,3577,23.710789004593508,42.44158120860273,32.38833813245094
2019-01-26,1160,2019-01-26,25.2,42.4,30.9,10.75,-1077735.0,-3360090.0,3577,23.216218147174427,41.86587571354748,33.48573902876808
2019-01-27,1161,2019-01-27,24.1,44.9,29.75,10.55,-1077735.0,-3360090.0,3577,24.761770118422767,41.786237704497715,32.07502110891724
2019-02-03,1162,2019-02-03,20.3,35.35,42.95,9.1,-1077735.0,-3360090.0,3577,23.849876233154404,41.253913149108214,33.48843086737323
2019-02-04,1163,2019-02-04,25.25,41.8,31.35,10.2,-1077735.0,-3360090.0,3577,23.886282448198386,41.861126386507124,32.81025135854367
2019-02-11,1164,2019-02-11,26.5,42.05,30.0,10.95,-1077735.0,-3360090.0,3577,24.75499361319426,43.66266968325138,30.13485461906064
2019-02-12,1165,2019-02-12,27.6666666666667,52.2222222222222,19.0,11.4444444444444,-1077728.33333333,-3360121.66666667,3577,25.459625307609127,44.913989141227006,28.263209494319828
2019-02-20,1166,2019-02-20,25.7,42.55,30.15,10.4,-1077735.0,-3360090.0,3577,27.093891402710888,45.8106020914002,25.73029076186587
2019-03-15,1167,2019-03-15,19.55,45.85,33.2,15.25,-1077735.0,-3360090.0,3577,28.49060057589044,46.65111101488113,23.478169044574212
2019-03-16,1168,2019-03-16,39.0,48.0,11.6666666666667,15.0,-1077735.0,-3360135.0,3577,29.241478129709055,46.32836918842418,23.044687768368544
2019-03-24,1169,2019-03-24,28.85,44.2,25.7,11.1,-1077735.0,-3360090.0,3577,29.43297971378027,44.97931614308651,24.161090302882364
2019-03-31,1170,2019-03-31,28.4,42.2,27.95,10.8,-1077735.0,-3360090.0,3577,30.03130940266714,45.00760751116116,23.49692459243192
2019-04-08,1171,2019-04-08,31.2,48.6,18.4,11.8,-1077735.0,-3360135.0,3577,30.084690799392185,44.766582832365614,23.643154935875863
2019-04-09,1172,2019-04-09,27.35,43.55,27.65,10.65,-1077735.0,-3360090.0,3577,29.857382710164625,45.82298635316526,22.855264240400142
2019-04-16,1173,2019-04-16,29.35,44.9,24.4,12.0,-1077735.0,-3360090.0,3577,28.950571564653927,45.37687219900164,24.17594448894397
2019-04-24,1174,2019-04-24,29.2,48.35,21.0,11.85,-1077735.0,-3360090.0,3577,27.665754833397756,45.34276451102399,25.49639704979881
2019-04-25,1175,2019-04-25,28.65,44.15,25.7,11.3,-1077735.0,-3360090.0,3577,29.07001234059623,45.21238606593968,24.237085669744587
2019-05-02,1176,2019-05-02,28.75,44.35,25.4,11.4,-1077735.0,-3360090.0,3577,28.639325380497574,45.22345255363156,24.714504535708272
2019-05-10,1177,2019-05-10,28.9,46.85,23.0,11.8,-1077735.0,-3360090.0,3577,29.028277295455624,45.96146593344049,23.627825889277467
2019-05-11,1178,2019-05-11,28.05,44.3,26.0,11.35,-1077735.0,-3360090.0,3577,29.319487323817306,46.99596332459407,22.280649072286607
2019-05-18,1179,2019-05-18,29.55,47.1,22.05,13.85,-1077735.0,-3360090.0,3577,29.36629067526462,47.02981121045434,22.255516464955868
2019-05-19,1180,2019-05-19,31.8,50.7,16.35,13.05,-1077735.0,-3360090.0,3577,29.512310290324457,47.482711251589606,21.6875165082563
2019-05-26,1181,2019-05-26,29.15,49.65,19.95,12.45,-1077735.0,-3360090.0,3577,29.866856827378676,48.27620429105775,20.553705427696165
2019-05-27,1182,2019-05-27,29.45,45.4,23.65,11.8,-1077735.0,-3360090.0,3577,29.995429802391264,47.856624335409755,20.804394676527785
2019-06-03,1183,2019-06-03,28.95,44.9,24.65,12.1,-1077735.0,-3360090.0,3577,30.138005235214354,46.602170894114394,21.848479848321784
2019-06-04,1184,2019-06-04,31.7,48.7,18.3,12.3,-1077735.0,-3360090.0,3577,31.092418503404566,47.96768829724769,19.452198266127247
2019-06-11,1185,2019-06-11,29.75,48.05,20.6,15.1,-1077735.0,-3360090.0,3577,30.61101323856284,46.97045446812547,20.817475713138244
2019-06-12,1186,2019-06-12,31.85,46.95,19.6,14.35,-1077735.0,-3360090.0,3577,29.610411724493993,47.048156590564425,21.710507243011733
2019-06-19,1187,2019-06-19,28.75,45.6,23.9,12.65,-1077735.0,-3360090.0,3577,28.688510646555905,47.17733886339994,22.548361854860026
2019-06-20,1188,2019-06-20,29.35,49.0,20.15,12.7,-1077735.0,-3360090.0,3577,27.982763727496398,46.93607507043339,23.591494418890267
2019-06-27,1189,2019-06-27,26.2857142857143,49.8571428571429,22.4285714285714,19.1428571428571,-1077782.14285714,-3360083.57142857,3577,27.3222168440394,45.643019003693325,25.62815646685232
2019-06-28,1190,2019-06-28,21.5555555555556,34.6666666666667,42.5,14.7222222222222,-1077741.66666667,-3360086.66666667,3577,27.932240755456405,45.323035890831,25.419147106759404
2019-07-06,1191,2019-07-06,31.65,52.2,14.95,15.0,-1077735.0,-3360090.0,3577,28.677648512473958,45.14454678447814,24.913908846567665
2019-07-13,1192,2019-07-13,31.9333333333333,43.0666666666667,23.8666666666667,10.1333333333333,-1077735.0,-3360105.0,3577,28.694855711879285,44.78480709176635,25.237813528057444
2019-07-14,1193,2019-07-14,29.65,44.95,23.95,12.25,-1077735.0,-3360090.0,3577,28.77379610413236,44.45136081667926,25.398465775706573
2019-07-21,1194,2019-07-21,26.75,43.55,28.05,10.4,-1077735.0,-3360090.0,3577,27.87258309285756,43.719737847285494,26.899288482411407
2019-07-30,1195,2019-07-30,28.1,45.55,24.8,11.8,-1077735.0,-3360090.0,3577,26.95060527707183,43.50734709046752,27.986250385317412
2019-08-15,1196,2019-08-15,20.85,39.9,37.7,14.2,-1077735.0,-3360090.0,3577,25.3481319849703,43.1570829583149,29.897864983309425
2019-08-22,1197,2019-08-22,25.15,43.35,29.9,11.35,-1077735.0,-3360090.0,3577,24.034217382201412,41.455316200820846,32.92989889367106
2019-08-31,1198,2019-08-31,26.05,41.55,30.8,10.05,-1077735.0,-3360090.0,3577,23.951881761166113,42.20510691578172,32.29855448988093
2019-09-07,1199,2019-09-07,24.85,41.75,32.1,11.0,-1077735.0,-3360090.0,3577,25.783204875615883,43.142706055547904,29.646717833245916
2019-09-08,1200,2019-09-08,25.95,44.85,27.8,10.95,-1077735.0,-3360090.0,3577,26.126375327455015,43.594031046346515,28.890391651687644
2019-09-16,1201,2019-09-16,24.3,43.1,31.0,10.8,-1077735.0,-3360090.0,3577,25.266336890064952,42.97113323684485,30.32302446302946
2019-09-23,1202,2019-09-23,25.1,42.2,31.35,11.0,-1077735.0,-3360090.0,3577,23.83479916130191,42.662408632085516,32.02803389750994
2019-10-01,1203,2019-10-01,23.9,44.45,30.2,10.9,-1077735.0,-3360090.0,3577,21.611408144126994,41.604990448935176,35.23497361176044
2019-10-02,1204,2019-10-02,23.8,42.35,32.35,10.65,-1077735.0,-3360090.0,3577,20.709900958766646,40.980376862949925,36.69213823803655
2019-10-09,1205,2019-10-09,10.0,32.0,56.0,23.0,-1077675.0,-3360105.0,3577,20.219932901103974,40.47990980202806,37.6728365228428
2019-10-10,1206,2019-10-10,22.3846153846154,43.9230769230769,32.0769230769231,10.3076923076923,-1077732.69230769,-3360070.38461538,3577,20.28719608564507,40.7812401221009,37.355861785267976
2019-10-17,1207,2019-10-17,23.5,44.55,30.6,10.7,-1077735.0,-3360090.0,3577,20.204656536601604,41.11037376530928,37.12182654211155
2019-10-18,1208,2019-10-18,24.0,41.0,33.45,10.35,-1077735.0,-3360090.0,3577,23.449262062059226,42.54327062553385,32.487939186314904
2019-10-25,1209,2019-10-25,23.35,43.0,32.3,10.7,-1077735.0,-3360090.0,3577,24.69915306174761,43.75157188607356,30.134531948161644
2019-10-26,1210,2019-10-26,22.8,44.45,31.3,10.6,-1077735.0,-3360090.0,3577,24.109985894073745,44.200839860299794,30.227762187795776
2019-11-03,1211,2019-11-03,23.3,42.55,32.55,10.5,-1077735.0,-3360090.0,3577,22.268120864604796,43.21477782754822,33.01032338701528
2019-11-10,1212,2019-11-10,22.7,42.3,33.45,10.55,-1077735.0,-3360090.0,3577,18.771555998178577,40.98066855744261,38.67922557318264
2019-11-18,1213,2019-11-18,22.3,44.15,32.1,10.65,-1077735.0,-3360090.0,3577,18.034537443977477,40.42487280520733,39.968890861454554
2019-11-19,1214,2019-11-19,2.0,34.3,61.95,15.9,-1077735.0,-3360090.0,3577,17.63675658706355,39.60743034055136,41.22099634111402
2019-11-26,1215,2019-11-26,22.4,38.6,37.3,10.4,-1077735.0,-3360090.0,3577,17.65204918919825,39.19857217085733,41.62644027798204
2019-11-27,1216,2019-11-27,22.4,40.85,35.7,10.05,-1077735.0,-3360090.0,3577,18.753669788175195,39.644679552401655,40.06937923947328
2019-12-05,1217,2019-12-05,21.85,41.35,35.2,10.4,-1077735.0,-3360090.0,3577,20.591828473975905,41.11353927091584,36.75451148041692
2019-12-12,1218,2019-12-12,22.95,43.0,32.4,10.8,-1077735.0,-3360090.0,3577,22.5206346166303,42.78287616764592,33.18476795590196
2019-12-13,1219,2019-12-13,21.2,44.65,32.7,10.5,-1077735.0,-3360090.0,3577,24.008956594723436,44.03643391616062,30.51444266616471
2019-12-28,1220,2019-12-28,22.8,44.65,30.95,10.95,-1077735.0,-3360090.0,3577,24.11139648633931,44.68292921057794,29.779824679364765
2019-12-29,1221,2019-12-29,25.1538461538462,44.1538461538462,29.3076923076923,10.5384615384615,-1077741.92307692,-3360109.61538462,3577,21.77324904197645,44.49549513952875,32.32733415964357
2020-01-05,1222,2020-01-05,21.65,45.9,31.4,10.7,-1077735.0,-3360090.0,3577,22.55036355642116,45.023228849019944,31.044950575140625
2020-01-06,1223,2020-01-06,21.8,42.75,34.1,10.4,-1077735.0,-3360090.0,3577,22.25526307462151,44.6816156693918,31.750078856599472
2020-01-13,1224,2020-01-13,22.5,43.8,32.15,10.75,-1077735.0,-3360090.0,3577,22.025486421172587,44.56110691522625,32.03121624445568
2020-01-14,1225,2020-01-14,21.25,47.125,30.0625,10.1875,-1077720.0,-3360090.0,3577,22.255434527364997,44.62420685410611,31.648844276104967
2020-01-21,1226,2020-01-21,22.55,46.0,30.15,10.75,-1077735.0,-3360090.0,3577,23.10509545229371,45.11133124436213,30.271285808138273
2020-01-29,1227,2020-01-29,24.1,41.45,32.7,10.45,-1077735.0,-3360090.0,3577,22.756521033143017,44.101765571882815,31.51717291995459
2020-02-14,1228,2020-02-14,24.25,43.6,30.65,10.75,-1077735.0,-3360090.0,3577,23.866086081097997,43.606046353021256,30.91127622377161
2020-02-23,1229,2020-02-23,25.8,46.85,25.7,11.35,-1077735.0,-3360090.0,3577,25.19011885946494,44.020744657812386,29.24974100975986
2020-03-01,1230,2020-03-01,26.0,42.35,30.15,10.1,-1077735.0,-3360090.0,3577,26.74171664248664,43.76685087357808,28.01153386087178
2020-03-02,1231,2020-03-02,25.65,42.75,30.2,10.65,-1077735.0,-3360090.0,3577,27.892280629582963,44.23292342331929,26.450820541683463
2020-03-10,1232,2020-03-10,26.4,42.55,29.55,10.65,-1077735.0,-3360090.0,3577,29.51357357812025,45.27810138776954,23.84999918811482
2020-03-25,1233,2020-03-25,38.0,51.0,10.0,12.0,-1077765.0,-3360135.0,3577,29.537126805079048,45.25646474268089,23.893903310308414
2020-03-26,1234,2020-03-26,26.25,43.45,28.85,10.8,-1077735.0,-3360090.0,3577,28.582925588339272,43.735681655798956,26.311260256767163
2020-04-03,1235,2020-04-03,25.8,41.05,31.7,9.85,-1077735.0,-3360090.0,3577,26.68421485634709,42.76453376344378,29.111389075316616
2020-04-11,1236,2020-04-11,25.65,44.0,28.8,10.7,-1077735.0,-3360090.0,3577,24.895384182377366,42.519857541832614,31.095166598103127
2020-04-18,1237,2020-04-18,23.65,39.95,34.85,9.9,-1077735.0,-3360090.0,3577,23.1104191474126,41.22448959708406,34.13907099092348
2020-04-26,1238,2020-04-26,16.7,38.6,43.1,19.6,-1077735.0,-3360090.0,3577,22.104731646059612,41.085379635837896,35.25547965965396
2020-05-04,1239,2020-05-04,26.2,43.0,29.3,10.85,-1077735.0,-3360090.0,3577,23.08751542574727,42.35601441901119,33.02327177466003
2020-05-12,1240,2020-05-12,25.6,47.2,25.8,10.8,-1077735.0,-3360045.0,3577,25.424241702566075,44.31765463637866,28.815521011491946
2020-05-13,1241,2020-05-13,27.5,44.65,26.55,11.15,-1077735.0,-3360090.0,3577,26.15475979128839,44.80172660156511,27.606222260707302
2020-05-20,1242,2020-05-20,27.0,43.9,27.45,11.2,-1077735.0,-3360090.0,3577,26.89469173756698,46.277966254584726,25.42643775213055
2020-05-28,1243,2020-05-28,29.45,49.6,19.6,12.5,-1077735.0,-3360090.0,3577,30.044406195794895,46.79011825806792,21.72450054245395
2020-05-29,1244,2020-05-29,28.8,45.7,24.15,11.5,-1077735.0,-3360090.0,3577,29.05186480186046,46.320628648949906,23.193666601712664
2020-06-05,1245,2020-06-05,26.45,44.55,27.45,11.5,-1077735.0,-3360090.0,3577,29.993172256016074,47.251275556222055,21.261471706824562
2020-06-06,1246,2020-06-06,30.5,49.5,18.5,12.5,-1077690.0,-3360105.0,3577,29.122372811222945,48.09538899352422,21.272428620567865
2020-06-13,1247,2020-06-13,29.6,48.95,20.0,15.9,-1077735.0,-3360090.0,3577,25.77198142414475,48.03876861012366,24.71775350552071
2020-06-21,1248,2020-06-21,27.2,44.15,27.1,12.05,-1077735.0,-3360090.0,3577,22.443727943879388,46.94073264196402,29.198711814496924
2020-06-29,1249,2020-06-29,9.88888888888889,52.1111111111111,36.7777777777778,18.4444444444444,-1077731.66666667,-3360098.33333333,3577,19.628497646141774,46.84125380982266,32.1810930211811
2020-07-07,1250,2020-07-07,28.3,46.75,23.4,14.75,-1077735.0,-3360090.0,3577,17.907804527770896,46.75336876744847,34.037753216850305
2020-07-16,1251,2020-07-16,2.0,38.0,59.0,25.0,-1077795.0,-3360090.0,3577,18.67145568569439,44.91013083922629,35.121906370198346
2020-07-23,1252,2020-07-23,25.75,45.1,27.85,11.45,-1077735.0,-3360090.0,3577,20.08788949268526,43.407386438804096,35.15062472786406
2020-07-31,1253,2020-07-31,27.4666666666667,47.0,24.0666666666667,11.8666666666667,-1077735.0,-3360105.0,3577,22.455682449641948,42.76173042642992,33.361845894039064
2020-08-08,1254,2020-08-08,25.25,43.7,29.5,11.55,-1077735.0,-3360090.0,3577,24.49118260480124,42.33859396536783,31.689426414653887
2020-08-17,1255,2020-08-17,25.5,36.4,36.3,8.8,-1077735.0,-3360090.0,3577,25.23530049241747,41.48755343383206,31.70319568631789
2020-08-24,1256,2020-08-24,25.15,41.4,32.05,10.65,-1077735.0,-3360090.0,3577,23.782102881634938,42.0340640267822,32.580753353968305
2020-09-02,1257,2020-09-02,16.4,44.8,37.2,10.0,-1077765.0,-3360099.0,3577,23.76913659095966,41.975227868100845,32.631987053189604
2020-09-09,1258,2020-09-09,22.95,41.65,33.85,10.8,-1077735.0,-3360090.0,3577,20.740748518763994,40.96242178873146,36.68124481297308
2020-09-18,1259,2020-09-18,23.3,41.6,33.5,10.4,-1077735.0,-3360090.0,3577,21.739380227612266,41.940665526417774,34.74658107629725
2020-10-11,1260,2020-10-11,22.15,40.95,35.25,10.05,-1077735.0,-3360090.0,3577,21.968432960225336,43.09272012816261,33.42901123643659
2020-10-19,1261,2020-10-19,22.5333333333333,44.8666666666667,31.2,10.8,-1077735.0,-3360105.0,3577,22.1010648278417,43.59346381172356,32.87031255637575
2020-10-20,1262,2020-10-20,22.4,42.45,33.65,10.3,-1077735.0,-3360090.0,3577,22.530294009392794,42.516593777732936,33.482127779336395
2020-10-27,1263,2020-10-27,22.2,41.7,34.7,10.15,-1077735.0,-3360090.0,3577,22.516485526853664,42.617577778252524,33.455371408771974
2020-10-28,1264,2020-10-28,20.3333333333333,46.3333333333333,32.3333333333333,10.3333333333333,-1077675.0,-3360105.0,3577,21.5356769649307,42.99101734178491,34.10604833762218
2020-11-12,1265,2020-11-12,22.5,41.2,34.65,10.6,-1077735.0,-3360090.0,3577,21.56032929918056,43.051020805813124,34.04392712550098
2020-11-21,1266,2020-11-21,22.65,40.15,35.65,10.1,-1077735.0,-3360090.0,3577,22.288674792696227,41.87038688864688,34.4622518348473
2020-11-28,1267,2020-11-28,21.95,40.9,35.65,10.45,-1077735.0,-3360090.0,3577,22.16827022306567,41.25120699733086,35.127557787924054
2020-12-06,1268,2020-12-06,21.0,46.0,32.0,10.0,-1077675.0,-3360045.0,3577,21.879780900211063,42.13852865400223,34.51142588061577
2020-12-07,1269,2020-12-07,21.8,41.6,34.95,9.95,-1077735.0,-3360090.0,3577,21.225664119159397,42.39213665590741,34.83333152914676
2020-12-14,1270,2020-12-14,22.2,40.8,35.25,10.45,-1077735.0,-3360090.0,3577,20.76576926684976,43.305762555291686,34.377225457715674
2020-12-23,1271,2020-12-23,21.35,42.25,34.8,10.0,-1077735.0,-3360090.0,3577,20.388433393229107,45.41842754767772,32.69278399618468
2020-12-30,1272,2020-12-30,15.7,51.4,31.4,8.9,-1077741.0,-3360072.0,3577,20.366057935869133,45.18232046590504,32.84377882179248
2021-01-07,1273,2021-01-07,22.45,45.55,30.55,10.75,-1077735.0,-3360090.0,3577,20.729866418408207,45.6818928749201,32.013890753204855
2021-01-08,1274,2021-01-08,22.1,43.2,33.05,10.15,-1077735.0,-3360090.0,3577,21.34325163999768,45.70692480893037,31.401235142561724
2021-01-23,1275,2021-01-23,23.45,47.9,27.35,10.6,-1077735.0,-3360090.0,3577,22.321600381039765,46.39693541751672,29.838300244642532
2021-01-24,1276,2021-01-24,22.2,43.85,32.3,10.3,-1077735.0,-3360090.0,3577,23.614284064744936,45.18867804021928,29.76629464446357
2021-01-31,1277,2021-01-31,23.8,41.35,33.3,9.6,-1077735.0,-3360090.0,3577,24.338540802159454,43.40236492093429,30.79258132647766
2021-02-08,1278,2021-02-08,26.15,49.6,23.15,12.1,-1077735.0,-3360090.0,3577,24.362118325427375,43.2957096566939,30.881943752836968
2021-02-09,1279,2021-02-09,25.25,41.0,32.05,10.3,-1077735.0,-3360090.0,3577,25.063870907210813,44.95769230768559,28.51590133292493
2021-02-24,1280,2021-02-24,26.15,45.15,27.4,10.45,-1077735.0,-3360090.0,3577,26.853462103767697,44.97285248290768,26.691831147864306
2021-02-25,1281,2021-02-25,26.45,41.6,30.25,10.35,-1077735.0,-3360090.0,3577,28.55911977598858,45.57974806410659,24.33241933504727
2021-03-04,1282,2021-03-04,28.75,49.5,20.1,14.05,-1077735.0,-3360090.0,3577,29.880159658018982,46.24098667070113,22.318593532367288
2021-03-05,1283,2021-03-05,33.5555555555556,50.6666666666667,14.4444444444444,13.3333333333333,-1077728.33333333,-3360121.66666667,3577,30.56532712213371,46.18910635287655,21.66104134942821
2021-03-12,1284,2021-03-12,34.0,42.6666666666667,21.6666666666667,10.0,-1077735.0,-3360135.0,3577,30.706960170887477,44.94119775992171,22.777603614132715
2021-03-20,1285,2021-03-20,27.3,41.95,29.2,10.45,-1077735.0,-3360090.0,3577,29.97968804500865,45.17749211572068,23.357639264756514
2021-03-28,1286,2021-03-28,29.55,46.35,22.6,10.75,-1077735.0,-3360090.0,3577,29.750440099971257,44.504225753599925,24.274264194694
2021-03-29,1287,2021-03-29,27.2,41.6,29.8,10.1,-1077735.0,-3360090.0,3577,30.03780950730966,42.32553493977011,26.197780856910065
2021-04-13,1288,2021-04-13,28.7222222222222,44.1666666666667,25.8333333333333,12.2222222222222,-1077740.0,-3360095.0,3577,28.16774075597183,43.330475510035605,27.09656700368369
2021-04-21,1289,2021-04-21,28.15,43.05,27.25,10.85,-1077735.0,-3360090.0,3577,28.29738598174707,43.64009684844946,26.64212992029931
2021-05-15,1290,2021-05-15,29.7,49.35,19.65,11.9,-1077735.0,-3360090.0,3577,26.602861792486294,45.21495882857437,26.763438625354127
2021-05-16,1291,2021-05-16,28.85,42.25,27.35,10.85,-1077735.0,-3360090.0,3577,24.660826050450844,47.39469101589137,26.511610267953053
2021-06-16,1292,2021-06-16,18.4,47.0,33.2,11.1,-1077735.0,-3360090.0,3577,23.072316982888736,50.68850797238503,24.852953539857108
2021-06-24,1293,2021-06-24,18.0,61.5,19.25,18.75,-1077705.0,-3360082.5,3577,22.53404841586842,52.65411512879359,23.446681141895176
2021-07-03,1294,2021-07-03,28.55,42.9,26.9,11.45,-1077735.0,-3360090.0,3577,22.827735635895824,53.351795977085374,22.477336215462238
2021-07-10,1295,2021-07-10,16.25,65.75,17.0,24.5,-1077750.0,-3360120.0,3577,24.49391671822461,52.994855177403885,21.17981633813157
2021-07-18,1296,2021-07-18,35.25,50.5,13.0,14.5,-1077720.0,-3360135.0,3577,26.978138848274952,52.40130077677771,19.305394654226706
2021-07-19,1297,2021-07-19,29.6,45.1,23.8,11.5,-1077735.0,-3360090.0,3577,29.342522883662383,50.48304437943574,18.833954028696198
2021-07-26,1298,2021-07-26,27.5,44.15,26.8,12.85,-1077735.0,-3360090.0,3577,30.534053904376865,47.60526087892169,20.453192774307524
2021-08-03,1299,2021-08-03,30.8421052631579,51.0526315789474,16.7894736842105,14.6315789473684,-1077738.15789474,-3360092.36842105,3577,29.472336714934563,45.492323132295155,23.57423948057455
2021-08-04,1300,2021-08-04,28.65,44.75,25.2,12.05,-1077735.0,-3360090.0,3577,28.52233574637418,45.1655836830529,24.836731062643914
2021-08-11,1301,2021-08-11,27.2,46.1,25.2,13.25,-1077735.0,-3360090.0,3577,28.004802863744423,43.69590241922977,26.801253602186527
2021-08-27,1302,2021-08-27,25.25,39.6,33.4,10.5,-1077735.0,-3360090.0,3577,25.74455834209401,45.31112310099738,27.465393066545875
2021-09-04,1303,2021-09-04,26.7,46.85,25.15,11.6,-1077735.0,-3360090.0,3577,26.43655746241305,44.05506323560089,27.999287424319906
2021-09-05,1304,2021-09-05,25.8,42.15,30.55,10.75,-1077735.0,-3360090.0,3577,25.720497019678447,43.20994762935619,29.536303357710057
2021-09-20,1305,2021-09-20,26.3,46.0,26.25,10.85,-1077735.0,-3360090.0,3577,25.27117774680539,42.6928729138377,30.47520452769305
2021-09-21,1306,2021-09-21,24.4,41.5,32.4,10.45,-1077735.0,-3360090.0,3577,25.489419900610486,43.13245133552458,29.87596118236864
2021-09-28,1307,2021-09-28,25.0,40.55,32.85,10.1,-1077735.0,-3360090.0,3577,25.301235142562632,42.453451038119624,30.796063997916974
2021-10-06,1308,2021-10-06,26.25,43.4166666666667,29.0833333333333,10.9166666666667,-1077742.5,-3360112.5,3577,25.036524930174437,42.42593979806969,31.096984491252282
2021-10-07,1309,2021-10-07,23.8,42.3,32.45,10.55,-1077735.0,-3360090.0,3577,24.34641906081171,41.05904003117013,33.13692221091106
2021-10-14,1310,2021-10-14,24.5,41.1,32.95,10.75,-1077735.0,-3360090.0,3577,24.768295481604476,42.28100197015975,31.49162895927131
2021-10-22,1311,2021-10-22,24.4,42.7,31.6,9.75,-1077735.0,-3360090.0,3577,24.26994306003231,42.0927208498353,32.14254079253599
2021-10-23,1312,2021-10-23,23.5,41.5,33.3,10.45,-1077735.0,-3360090.0,3577,23.702732252264312,42.86310376928931,31.936846435293674
2021-10-30,1313,2021-10-30,23.65,42.7,32.0,10.9,-1077735.0,-3360090.0,3577,23.10268570438504,42.19465673644609,33.20550239233954
2021-11-05,1314,2021-11-05,23.4,41.3,33.85,10.45,-1077735.0,-3360090.0,3577,23.149237913785537,41.36310882099737,33.99919280924965
2021-11-07,1315,2021-11-07,24.05,45.3,29.25,10.55,-1077735.0,-3360090.0,3577,23.261691095278948,40.8008292017519,34.50832990538357
2021-11-15,1316,2021-11-15,19.0,35.0,44.8,8.4,-1077789.0,-3360081.0,3577,23.14125982376411,40.32585788823576,35.14400831366251
2021-11-23,1317,2021-11-23,26.0,42.0,30.6,10.05,-1077735.0,-3360090.0,3577,23.28229448569658,39.84005607395105,35.48504189308612
2021-11-24,1318,2021-11-24,24.5,37.3,36.65,9.15,-1077735.0,-3360090.0,3577,23.441690662275395,40.08116109895697,35.02891597565996
2021-12-01,1319,2021-12-01,23.35,42.5,32.55,10.9,-1077735.0,-3360090.0,3577,23.35518088722074,40.823056355403196,34.29663664508353
2021-12-10,1320,2021-12-10,21.95,42.85,33.8,10.4,-1077735.0,-3360090.0,3577,23.411403147932155,42.113986013979726,32.934945549801306
2021-12-17,1321,2021-12-17,23.4,43.15,31.8,10.85,-1077735.0,-3360090.0,3577,23.074462534366205,42.854926497644556,32.49344757409287
2021-12-18,1322,2021-12-18,23.05,42.7,32.55,10.45,-1077735.0,-3360090.0,3577,22.897058823525988,44.09309467621502,31.457693390196432
2021-12-25,1323,2021-12-25,22.85,45.25,30.55,10.75,-1077735.0,-3360090.0,3577,22.46023079087759,43.6203035354673,32.423243629430736
2021-12-26,1324,2021-12-26,22.65,43.75,32.3,10.5,-1077735.0,-3360090.0,3577,23.170082703670573,44.32507739937418,31.039611162826343
2022-01-02,1325,2022-01-02,23.6,42.65,32.1,10.75,-1077735.0,-3360090.0,3577,23.5204626642672,43.6077117928446,31.394484617544947
2022-01-03,1326,2022-01-03,23.05,43.5,31.85,10.2,-1077735.0,-3360090.0,3577,23.79372036631743,43.65933447356943,31.056300201341998
2022-01-10,1327,2022-01-10,25.2,45.95,27.65,10.5,-1077735.0,-3360090.0,3577,23.749179458309037,43.7570330598129,31.058368875701703
2022-01-11,1328,2022-01-11,23.35,42.1,32.95,10.3,-1077735.0,-3360090.0,3577,23.896599839785125,43.853243196425495,30.788356535101165
2022-01-18,1329,2022-01-18,23.9,44.25,30.35,10.75,-1077735.0,-3360090.0,3577,23.766663058300374,43.54508540993959,31.18547597912457
2022-01-19,1330,2022-01-19,23.75,42.2,32.55,10.0,-1077735.0,-3360090.0,3577,23.559739331872034,44.1456017666478,30.838911862127066
2022-01-26,1331,2022-01-26,23.1,45.85,29.75,10.4,-1077735.0,-3360090.0,3577,23.639336205586545,43.81012253999215,31.118981792196955
2022-01-27,1332,2022-01-27,23.45,43.55,31.55,10.0,-1077735.0,-3360090.0,3577,23.754010695183617,43.39119487323173,31.3697958388314
2022-02-03,1333,2022-02-03,24.9,41.8,31.55,10.3,-1077735.0,-3360090.0,3577,24.17357271211399,42.80941674424007,31.512229102162472
2022-02-04,1334,2022-02-04,24.75,42.4,31.5,10.0,-1077735.0,-3360090.0,3577,25.23137651821485,42.117697936731886,31.173822771650933
2022-02-19,1335,2022-02-19,26.25,43.05,29.35,10.6,-1077735.0,-3360090.0,3577,26.271353569027664,41.035218342023356,31.174212474827016
2022-02-28,1336,2022-02-28,26.95,37.65,33.7,9.0,-1077735.0,-3360090.0,3577,26.74779168199821,40.62764078026629,31.109462209612364
2022-03-07,1337,2022-03-07,26.85,41.8,29.8,10.0,-1077735.0,-3360090.0,3577,26.692949620035414,40.154653705421694,31.67613068046031
2022-03-16,1338,2022-03-16,29.3,40.15,29.2,9.8,-1077735.0,-3360090.0,3577,28.512945723003384,41.667419731964586,28.34492303361849
2022-03-23,1339,2022-03-23,27.95,42.55,28.05,10.4,-1077735.0,-3360090.0,3577,29.234206196276133,42.36569637791915,26.927192621615845
2022-04-08,1340,2022-04-08,27.1,43.65,27.75,10.7,-1077735.0,-3360090.0,3577,28.532081231457774,43.187083504724114,26.814022819281973
2022-04-16,1341,2022-04-16,27.7,43.95,26.95,10.65,-1077735.0,-3360090.0,3577,27.670566585113534,43.67445279178372,27.225065491779688
2022-04-24,1342,2022-04-24,32.0,44.75,21.75,11.1,-1077735.0,-3360090.0,3577,26.958088505917296,43.79661391239685,27.83091320443846
2022-05-02,1343,2022-05-02,28.7,45.2,24.55,11.3,-1077735.0,-3360090.0,3577,26.347880447721714,43.32269696247377,28.856837125718265
2022-05-03,1344,2022-05-03,15.8,38.6,44.4,13.9,-1077699.0,-3360096.0,3577,26.167564788149114,43.57346554373767,28.76459546644875
2022-05-10,1345,2022-05-10,27.75,44.95,25.7,11.4,-1077735.0,-3360090.0,3577,26.608669813155004,43.312853709751266,28.609729589291874
2022-05-19,1346,2022-05-19,31.7,43.0,23.7,10.45,-1077735.0,-3360090.0,3577,26.98411526553538,43.61979800384721,27.90820541686998
2022-05-26,1347,2022-05-26,27.95,45.8,24.8,13.1,-1077735.0,-3360090.0,3577,27.712053735733807,43.915482041172076,26.853563619039484
2022-05-27,1348,2022-05-27,29.0,45.0,24.4,11.2,-1077735.0,-3360090.0,3577,29.362112191209974,44.44174911774867,24.67870488644114
2022-06-03,1349,2022-06-03,29.8,44.2,24.6,11.55,-1077735.0,-3360090.0,3577,30.896245859399137,45.280382775112855,22.26885513866605
2022-06-04,1350,2022-06-04,29.6,44.2,24.65,11.25,-1077735.0,-3360090.0,3577,30.934449760760927,45.48434475740298,21.99472168697846
2022-06-11,1351,2022-06-11,30.45,46.0,21.8,15.6,-1077735.0,-3360090.0,3577,29.65719218861191,45.27627465413167,23.501504687259683
2022-06-12,1352,2022-06-12,31.4,45.35,21.7,12.35,-1077735.0,-3360090.0,3577,30.071222585459576,45.68157028729102,22.61869492736028
2022-06-20,1353,2022-06-20,30.0,46.45,21.95,13.15,-1077735.0,-3360090.0,3577,29.41133819740191,44.719878109499916,24.23107016821825
2022-06-27,1354,2022-06-27,26.55,44.65,27.05,11.45,-1077735.0,-3360090.0,3577,28.11571478057126,44.81558271449242,25.429970339254467
2022-06-28,1355,2022-06-28,28.25,43.15,27.05,11.3,-1077735.0,-3360090.0,3577,27.455342181034673,44.26205481824016,26.618478425595193
2022-07-05,1356,2022-07-05,26.7,44.45,27.25,11.45,-1077735.0,-3360090.0,3577,27.077003182571893,43.6701400766351,27.620829634757392
2022-07-06,1357,2022-07-06,25.55,41.2,31.55,10.8,-1077735.0,-3360090.0,3577,26.75772803047945,43.325923921273485,28.316976985858204
2022-07-13,1358,2022-07-13,26.85,43.95,27.7,11.3,-1077735.0,-3360090.0,3577,27.123137543566926,43.175882785938256,28.120304617978434
2022-07-22,1359,2022-07-22,30.15,46.8,21.4,14.5,-1077735.0,-3360090.0,3577,27.79294637250878,43.514342159382096,27.20688583861552
2022-07-30,1360,2022-07-30,27.75,40.5,30.35,10.4,-1077735.0,-3360090.0,3577,27.936228322756655,44.000630020128085,26.61535971767772
2022-08-06,1361,2022-08-06,26.5,44.75,27.45,11.7,-1077735.0,-3360090.0,3577,27.673218731728532,44.04754162245764,26.840732641967016
2022-08-07,1362,2022-08-07,27.2,43.9,27.45,11.3,-1077735.0,-3360090.0,3577,27.480579791721198,44.09170689990464,27.00218450279966
2022-08-14,1363,2022-08-14,27.85,44.05,26.6,10.6,-1077735.0,-3360090.0,3577,26.053954404724507,43.03752733334133,29.448537530576473
2022-08-15,1364,2022-08-15,25.1,44.7,28.75,10.95,-1077735.0,-3360090.0,3577,26.153884041651033,43.4340178397389,28.888949749936145
2022-08-22,1365,2022-08-22,24.65,41.55,32.05,10.85,-1077735.0,-3360090.0,3577,25.447416051437017,44.247977873513065,28.742422438238577
2022-08-23,1366,2022-08-23,25.4,42.85,30.25,10.8,-1077735.0,-3360090.0,3577,25.117430557055286,43.828520859938465,29.439862304873387
2022-08-30,1367,2022-08-30,24.25,43.1,31.05,11.05,-1077735.0,-3360090.0,3577,24.18153456450309,42.25276147999975,31.946295654804814
2022-08-31,1368,2022-08-31,24.75,42.7,30.95,10.75,-1077735.0,-3360090.0,3577,23.93076273571272,41.31528177704031,33.17601268699844
2022-09-07,1369,2022-09-07,26.75,46.45,25.25,12.8,-1077735.0,-3360090.0,3577,23.76015285024218,40.60128169043971,34.12245989304303
2022-09-15,1370,2022-09-15,16.5,31.65,50.35,9.2,-1077735.0,-3360090.0,3577,24.047946480760224,39.325365346721696,35.09716815691523
2022-09-16,1371,2022-09-16,27.35,37.25,33.9,9.15,-1077735.0,-3360090.0,3577,23.626431617914157,39.110124705010506,35.78428738443684
2022-09-23,1372,2022-09-23,23.85,42.85,31.9,10.9,-1077735.0,-3360090.0,3577,23.368829158454147,39.60643551494353,35.57525493082237
2022-09-24,1373,2022-09-24,24.9,41.6,32.15,10.7,-1077735.0,-3360090.0,3577,22.79003063499627,41.07212702157909,34.72870651020287
2022-10-17,1374,2022-10-17,21.3,42.05,35.1,12.4,-1077735.0,-3360090.0,3577,23.55656108596933,42.19903981466818,32.847980038532405
2022-10-18,1375,2022-10-18,23.55,42.15,32.8,10.5,-1077735.0,-3360090.0,3577,23.732426010518438,43.885438632568295,30.980819567424845
2022-10-26,1376,2022-10-26,21.0,49.0,29.0,10.0,-1077765.0,-3360045.0,3577,23.26385340665179,45.27581188161007,30.067686570391054
2022-11-02,1377,2022-11-02,24.6,43.1,30.7,10.95,-1077735.0,-3360090.0,3577,22.049196237196035,44.527159605094134,32.04804120028099
2022-11-03,1378,2022-11-03,23.8,42.65,32.1,10.6,-1077735.0,-3360090.0,3577,22.483722314833507,44.81025027603305,31.351226482491146
2022-11-10,1379,2022-11-10,24.7,44.4,29.6,11.5,-1077735.0,-3360090.0,3577,22.444305462336168,44.92825402151357,31.265451189672525
2022-11-18,1380,2022-11-18,15.875,47.875,34.875,13.0,-1077731.25,-3360108.75,3577,22.65304996860386,44.225756673660285,31.73164660416508
2022-11-19,1381,2022-11-19,24.4,42.45,31.85,10.55,-1077735.0,-3360090.0,3577,22.832173785962944,43.66899424104653,32.08467546385024
2022-11-26,1382,2022-11-26,25.2,43.0,30.35,10.9,-1077735.0,-3360090.0,3577,23.34406676914068,43.20347918334889,32.02682889865074
2022-11-27,1383,2022-11-27,23.6,42.3,32.6,10.5,-1077735.0,-3360090.0,3577,23.683148043903017,43.36586795556735,31.603652926016622
2022-12-04,1384,2022-12-04,25.05,42.3,31.15,10.55,-1077735.0,-3360090.0,3577,24.350812422867605,42.46689633894882,31.759458420831386
2022-12-05,1385,2022-12-05,23.65,42.8,32.25,10.5,-1077735.0,-3360090.0,3577,24.607424386755078,41.88428034812857,32.04441912576109
2022-12-12,1386,2022-12-12,24.4,42.65,31.55,10.85,-1077735.0,-3360090.0,3577,24.188870726792807,41.65992768840443,32.61988027451936
2022-12-20,1387,2022-12-20,22.65,41.15,34.6,10.8,-1077735.0,-3360090.0,3577,23.153467817009247,41.88889400072984,33.40538710514991
2022-12-28,1388,2022-12-28,23.7,41.7,33.05,10.6,-1077735.0,-3360090.0,3577,23.352620753855653,42.16888111887482,32.92946047759797
2022-12-29,1389,2022-12-29,22.85,41.25,34.0,10.2,-1077735.0,-3360090.0,3577,22.974326138254593,41.840529130306166,33.6244755244705
2023-01-05,1390,2023-01-05,23.5,42.0,33.1,10.55,-1077735.0,-3360090.0,3577,23.09853969559507,42.042991837877196,33.31323800038473
2023-01-06,1391,2023-01-06,22.95,42.7,32.9,10.15,-1077735.0,-3360090.0,3577,23.49200567234272,41.86522440407264,33.093883825148225
2023-01-13,1392,2023-01-13,24.45,43.1,31.15,10.55,-1077735.0,-3360090.0,3577,23.673251206993797,41.57276732554749,33.23758362380157
2023-01-14,1393,2023-01-14,22.35,40.9,35.05,9.95,-1077735.0,-3360090.0,3577,23.90302777717639,41.44337044534413,33.13742526823022
2023-01-21,1394,2023-01-21,25.15,37.85,35.4,9.0,-1077735.0,-3360090.0,3577,24.150751261122785,41.296212061072744,33.020857281693196
2023-01-29,1395,2023-01-29,26.25,44.2,27.95,11.1,-1077735.0,-3360090.0,3577,24.410494381779216,41.16699577941838,32.86473736961353
2023-01-30,1396,2023-01-30,22.65,38.35,37.35,8.15,-1077735.0,-3360090.0,3577,24.680787092164802,41.1091734804583,32.62969480639759
2023-02-07,1397,2023-02-07,25.0,42.85,30.75,10.2,-1077735.0,-3360090.0,3577,24.964616575375082,41.19394531766821,32.260130435440026
2023-02-14,1398,2023-02-14,25.6,42.45,30.4,10.4,-1077735.0,-3360090.0,3577,25.269427244582026,41.510259717922224,31.68421666912377
2023-02-15,1399,2023-02-15,25.6,41.35,31.6,10.15,-1077735.0,-3360090.0,3577,25.607120743034017,42.16481338149289,30.813897488820054
