time,Unnamed: 0,time_ymd,pv,npv,bs,ue,x,y,spatial_ref,pv_filter,npv_filter,bs_filter
1987-09-08,1,1987-09-08,17.1904761904762,57.0952380952381,24.4285714285714,10.4285714285714,-1079306.42857143,-3359866.42857143,3577,17.986483774796472,60.788204170557016,20.02579365079373
1987-09-15,2,1987-09-15,15.2857142857143,57.4285714285714,26.0952380952381,10.4285714285714,-1079306.42857143,-3359866.42857143,3577,15.874301182461291,53.952636610199626,28.875883686808056
1987-09-24,3,1987-09-24,17.7619047619048,54.5714285714286,26.3809523809524,10.0,-1079306.42857143,-3359866.42857143,3577,14.869917310153934,50.63450422904207,33.176307702568174
1987-10-01,4,1987-10-01,16.1428571428571,52.9047619047619,29.4761904761905,10.047619047619,-1079306.42857143,-3359866.42857143,3577,14.643464628316464,49.899250298409996,34.17008085285393
1987-10-10,5,1987-10-10,12.7142857142857,42.5714285714286,43.9047619047619,10.5714285714286,-1079306.42857143,-3359866.42857143,3577,14.90769578391206,50.91672348815209,32.955172162104915
1987-10-17,6,1987-10-17,15.1904761904762,53.2380952380952,30.5238095238095,10.2380952380952,-1079306.42857143,-3359866.42857143,3577,15.417983600424995,52.96117786664007,30.4845045244205
1987-11-02,7,1987-11-02,13.1904761904762,58.0,27.3809523809524,9.80952380952381,-1079306.42857143,-3359866.42857143,3577,15.972321077860656,55.41127290076871,27.565954703559772
1987-11-18,8,1987-11-18,15.0952380952381,55.5714285714286,27.952380952381,9.71428571428571,-1079306.42857143,-3359866.42857143,3577,16.41132139274309,57.750073455947174,24.86235333293786
1987-11-27,9,1987-11-27,14.047619047619,47.8095238095238,36.5714285714286,9.47619047619048,-1079306.42857143,-3359866.42857143,3577,16.972871813426554,61.398591088984375,20.752857565547977
1987-12-04,10,1987-12-04,29.1904761904762,71.7142857142857,0.0,6.0,-1079306.42857143,-3359866.42857143,3577,17.257588129102576,62.349934894817224,19.523806946404672
1987-12-20,11,1987-12-20,12.6666666666667,64.4285714285714,21.5238095238095,9.76190476190476,-1079306.42857143,-3359866.42857143,3577,16.484636106924658,62.72966043243741,19.909191943244707
1987-12-29,12,1987-12-29,12.2857142857143,64.5714285714286,22.0,9.28571428571429,-1079288.57142857,-3359862.85714286,3577,15.875300138455659,56.89879985854367,26.22868875190464
1988-01-05,13,1988-01-05,13.1428571428571,60.9047619047619,24.6666666666667,9.76190476190476,-1079306.42857143,-3359866.42857143,3577,14.676189651419662,54.634936786631414,29.553946569422006
1988-01-21,14,1988-01-21,13.2142857142857,30.7142857142857,54.6428571428571,14.8571428571429,-1079312.14285714,-3359880.0,3577,12.542558576612441,54.58206705574311,31.566722235448147
1988-02-06,15,1988-02-06,12.6666666666667,60.8571428571429,25.1428571428571,9.76190476190476,-1079306.42857143,-3359866.42857143,3577,11.226901065908688,55.79801107044857,31.58464136482238
1988-02-15,16,1988-02-15,12.952380952381,59.3333333333333,26.4285714285714,9.33333333333333,-1079306.42857143,-3359866.42857143,3577,10.016257220590093,58.02787099380661,30.570485242307292
1988-02-22,17,1988-02-22,11.0952380952381,57.8571428571429,29.6666666666667,9.42857142857143,-1079306.42857143,-3359866.42857143,3577,11.28635451235903,64.43534690282954,23.16580632988955
1988-03-02,18,1988-03-02,5.35714285714286,88.2857142857143,5.78571428571429,16.6428571428571,-1079320.71428571,-3359852.14285714,3577,9.951451369406556,68.51437726359305,20.341256266949816
1988-04-03,19,1988-04-03,11.7142857142857,65.8095238095238,21.0,9.42857142857143,-1079306.42857143,-3359866.42857143,3577,10.888060340071112,68.83638652368276,19.077573613174472
1988-04-19,20,1988-04-19,13.4761904761905,62.0476190476191,23.2380952380952,10.1904761904762,-1079306.42857143,-3359866.42857143,3577,12.578940151693697,67.50366764297647,18.746391894995895
1988-04-26,21,1988-04-26,13.0952380952381,61.5714285714286,24.0,9.19047619047619,-1079306.42857143,-3359866.42857143,3577,14.102619087137107,63.500704661685916,21.206651965162713
1988-06-06,22,1988-06-06,18.6666666666667,63.1904761904762,17.047619047619,11.7619047619048,-1079306.42857143,-3359866.42857143,3577,15.828737310159106,64.04517979439626,18.94223062798629
1988-06-13,23,1988-06-13,15.2857142857143,59.5714285714286,24.0,9.38095238095238,-1079306.42857143,-3359866.42857143,3577,17.260046970570727,63.66111081899607,17.93790162365743
1988-07-08,24,1988-07-08,19.8888888888889,65.0,14.0,15.2222222222222,-1079313.33333333,-3359858.33333333,3577,17.36786132683708,64.30849800353485,17.179352639102383
1988-07-15,25,1988-07-15,13.0952380952381,78.0476190476191,7.95238095238095,11.2380952380952,-1079306.42857143,-3359866.42857143,3577,16.025274519080195,67.27354585557916,15.607872519634888
1988-07-31,26,1988-07-31,15.3809523809524,62.1904761904762,21.0,12.1428571428571,-1079306.42857143,-3359866.42857143,3577,15.462978971490603,65.01797222384488,18.33094098883298
1988-08-09,27,1988-08-09,16.8571428571429,59.8095238095238,22.2380952380952,11.2380952380952,-1079306.42857143,-3359866.42857143,3577,14.446347340308032,62.01816862187452,22.332456501183813
1988-08-25,28,1988-08-25,12.6190476190476,58.9523809523809,27.0952380952381,9.90476190476191,-1079306.42857143,-3359866.42857143,3577,13.887163661929385,58.91949072598348,25.872759335603767
1988-09-17,29,1988-09-17,11.8095238095238,54.8571428571429,31.8571428571429,10.1428571428571,-1079306.42857143,-3359866.42857143,3577,13.382718932252534,57.01478346214337,28.275594374661367
1988-09-26,30,1988-09-26,13.1428571428571,55.0476190476191,30.7142857142857,9.66666666666667,-1079306.42857143,-3359866.42857143,3577,12.459686426402829,55.85228496992369,30.40437941830679
1988-10-28,31,1988-10-28,13.75,56.8333333333333,28.1666666666667,9.16666666666667,-1079307.5,-3359897.5,3577,11.800509861653598,56.57931232852988,30.38694793338305
1988-11-20,32,1988-11-20,10.8571428571429,59.0,28.8571428571429,9.76190476190476,-1079306.42857143,-3359866.42857143,3577,10.872280196581977,58.35877074421095,29.633953765528304
1988-11-29,33,1988-11-29,11.0952380952381,61.6666666666667,26.0,8.95238095238095,-1079306.42857143,-3359866.42857143,3577,11.233827575931164,58.48307162392976,29.14087254334497
1988-12-06,34,1988-12-06,8.5,58.8333333333333,32.0,8.16666666666667,-1079325.0,-3359820.0,3577,11.902755397335673,57.45358459908687,29.540351805053263
1988-12-15,35,1988-12-15,13.5238095238095,54.0476190476191,31.1428571428571,8.95238095238095,-1079306.42857143,-3359866.42857143,3577,12.361609236994397,57.309894439916846,29.20894843030628
1989-01-07,36,1989-01-07,13.1904761904762,55.2857142857143,30.2380952380952,9.95238095238095,-1079306.42857143,-3359866.42857143,3577,12.746270499364577,56.9062439108794,29.18908697081635
1989-01-16,37,1989-01-16,15.952380952381,57.4761904761905,25.4761904761905,9.14285714285714,-1079306.42857143,-3359866.42857143,3577,13.265261570213148,57.05927354378516,28.529337535525226
1989-01-23,38,1989-01-23,13.1428571428571,58.5714285714286,26.952380952381,9.76190476190476,-1079306.42857143,-3359866.42857143,3577,13.931807356727868,57.822978878697796,27.06018594408284
1989-02-01,39,1989-02-01,12.6666666666667,56.5238095238095,29.7619047619048,13.0952380952381,-1079306.42857143,-3359866.42857143,3577,13.716200723938606,58.922223803019946,26.11679239233031
1989-02-17,40,1989-02-17,13.2380952380952,66.7142857142857,18.8095238095238,8.95238095238095,-1079306.42857143,-3359866.42857143,3577,13.833787471556294,59.97752711683703,24.915510701884713
1989-03-28,41,1989-03-28,13.3333333333333,56.8095238095238,28.5714285714286,9.90476190476191,-1079306.42857143,-3359866.42857143,3577,13.783259459565024,60.21890664329065,24.776226000924943
1989-04-22,42,1989-04-22,16.5238095238095,59.6190476190476,22.6190476190476,10.2380952380952,-1079306.42857143,-3359866.42857143,3577,15.478507533418014,59.954060170443576,23.29331328060001
1989-04-29,43,1989-04-29,16.7142857142857,59.7142857142857,22.1904761904762,11.0,-1079306.42857143,-3359866.42857143,3577,16.62018417191704,60.818345089804126,21.309273150397544
1989-05-08,44,1989-05-08,16.2857142857143,60.2857142857143,22.1904761904762,10.6190476190476,-1079306.42857143,-3359866.42857143,3577,17.804811613347315,61.25425402905341,19.72820216554645
1989-06-25,45,1989-06-25,20.1428571428571,61.8095238095238,17.0,12.6666666666667,-1079306.42857143,-3359866.42857143,3577,18.287962431352224,61.07711592084152,19.470031570729326
1989-07-11,46,1989-07-11,18.1428571428571,62.6190476190476,18.1428571428571,12.2380952380952,-1079306.42857143,-3359866.42857143,3577,18.14298986549,60.71445777620528,20.02882349305384
1989-07-18,47,1989-07-18,18.7619047619048,61.8571428571429,18.1904761904762,13.047619047619,-1079306.42857143,-3359866.42857143,3577,17.63694911356371,61.01757082740365,20.21908345307098
1989-08-03,48,1989-08-03,13.5263157894737,59.2105263157895,26.2105263157895,7.42105263157895,-1079306.05263158,-3359872.89473684,3577,16.85663692670121,58.91357878989393,23.079670695929273
1989-08-12,49,1989-08-12,17.6190476190476,53.6190476190476,27.4761904761905,11.1904761904762,-1079306.42857143,-3359866.42857143,3577,16.071136185521915,57.55541378939574,25.16744468935719
1989-08-19,50,1989-08-19,15.3333333333333,57.7142857142857,25.7142857142857,11.1428571428571,-1079306.42857143,-3359866.42857143,3577,15.05174365040524,56.40227460334162,27.257208111530275
1989-08-28,51,1989-08-28,13.5714285714286,57.3809523809524,27.5714285714286,10.2857142857143,-1079306.42857143,-3359866.42857143,3577,14.026208705202873,55.98574702142385,28.638769953088648
1989-09-04,52,1989-09-04,14.0952380952381,55.3333333333333,29.2857142857143,10.5714285714286,-1079306.42857143,-3359866.42857143,3577,13.34770525221687,56.17528552593706,29.076433913157622
1989-09-29,53,1989-09-29,12.1904761904762,56.0476190476191,30.3809523809524,9.66666666666667,-1079306.42857143,-3359866.42857143,3577,12.59263483786679,56.92473199495325,29.075297631591155
1989-10-06,54,1989-10-06,11.1904761904762,59.8095238095238,27.5238095238095,8.47619047619048,-1079306.42857143,-3359866.42857143,3577,11.532965974874,58.31219842022297,28.773277073256487
1989-11-07,55,1989-11-07,10.952380952381,58.5714285714286,29.0952380952381,9.38095238095238,-1079306.42857143,-3359866.42857143,3577,10.266692950739007,58.93000101847194,29.42717360852819
1989-11-23,56,1989-11-23,9.95238095238095,59.0952380952381,29.5714285714286,9.71428571428571,-1079306.42857143,-3359866.42857143,3577,10.224546351479814,59.18820498386179,29.196267097191537
1989-12-02,57,1989-12-02,10.1428571428571,59.7142857142857,28.8571428571429,9.28571428571429,-1079306.42857143,-3359866.42857143,3577,10.253231804313861,60.205383883393466,28.18946687986515
1989-12-09,58,1989-12-09,10.4761904761905,61.8571428571429,26.4285714285714,9.61904761904762,-1079306.42857143,-3359866.42857143,3577,10.34357180487057,60.804031881422176,27.49171055981792
1989-12-25,59,1989-12-25,9.76190476190476,61.2380952380952,27.4761904761905,9.14285714285714,-1079306.42857143,-3359866.42857143,3577,11.303327219734204,61.2491832213103,26.145989201712865
1990-02-20,60,1990-02-20,13.8095238095238,59.2857142857143,25.4761904761905,9.19047619047619,-1079306.42857143,-3359866.42857143,3577,12.225311324380709,61.66322531956287,24.80896193589323
1990-02-27,61,1990-02-27,12.952380952381,63.6666666666667,22.2857142857143,9.42857142857143,-1079306.42857143,-3359866.42857143,3577,12.716574447222714,61.836520548585625,24.09761033599684
1990-03-08,62,1990-03-08,12.6190476190476,62.1904761904762,23.9047619047619,8.95238095238095,-1079306.42857143,-3359866.42857143,3577,13.298628100483706,61.80020083115136,23.556469330459628
1990-03-15,63,1990-03-15,13.1904761904762,61.4761904761905,23.8571428571429,9.71428571428571,-1079306.42857143,-3359866.42857143,3577,13.196359883664405,61.111864399780984,24.333229206290596
1990-03-24,64,1990-03-24,14.7142857142857,61.0,23.0,9.61904761904762,-1079306.42857143,-3359866.42857143,3577,12.82650476458332,61.0926658480747,24.721331300274983
1990-03-31,65,1990-03-31,11.2380952380952,59.4761904761905,27.7142857142857,9.57142857142857,-1079306.42857143,-3359866.42857143,3577,12.702725551020848,60.924142936517754,25.024301807579803
1990-04-16,66,1990-04-16,12.6190476190476,60.8571428571429,25.2857142857143,9.71428571428571,-1079306.42857143,-3359866.42857143,3577,12.829378052286332,61.18793796501863,24.635296591949256
1990-04-25,67,1990-04-25,15.047619047619,62.2857142857143,21.5238095238095,10.2857142857143,-1079306.42857143,-3359866.42857143,3577,15.11369332421738,60.81282494594281,22.782012621018502
1990-05-02,68,1990-05-02,13.952380952381,60.3809523809524,24.2857142857143,10.3333333333333,-1079306.42857143,-3359866.42857143,3577,16.333449831899415,61.645640221482424,20.82386447401615
1990-06-03,69,1990-06-03,18.5714285714286,64.6190476190476,15.7142857142857,12.7619047619048,-1079306.42857143,-3359866.42857143,3577,16.949187035871827,61.89169344586378,19.98657482867709
1990-06-12,70,1990-06-12,19.952380952381,60.0476190476191,18.9047619047619,12.0,-1079306.42857143,-3359866.42857143,3577,17.74381140015553,62.387509291524744,18.742414448293992
1990-06-19,71,1990-06-19,19.0952380952381,63.6190476190476,16.1428571428571,13.2380952380952,-1079306.42857143,-3359866.42857143,3577,18.324620683751107,62.925061522575334,17.648756815936835
1990-06-28,72,1990-06-28,17.952380952381,60.5238095238095,20.3809523809524,11.7142857142857,-1079306.42857143,-3359866.42857143,3577,17.787188044151357,62.725178845912495,18.35040707486253
1990-07-05,73,1990-07-05,10.2380952380952,66.0,22.6190476190476,9.33333333333333,-1079306.42857143,-3359866.42857143,3577,17.182290361854367,63.28456373347067,18.402071612595172
1990-07-21,74,1990-07-21,18.952380952381,61.4285714285714,18.4761904761905,12.6190476190476,-1079306.42857143,-3359866.42857143,3577,15.733405912970124,62.25229672287564,20.848897232795046
1990-07-30,75,1990-07-30,17.8095238095238,63.8095238095238,17.2857142857143,12.047619047619,-1079306.42857143,-3359866.42857143,3577,13.983501534583029,61.94798493559177,22.849883862264356
1990-08-15,76,1990-08-15,12.7142857142857,60.4285714285714,25.4285714285714,10.7142857142857,-1079306.42857143,-3359866.42857143,3577,13.13109800416105,62.02756582941414,23.615170175538175
1990-08-22,77,1990-08-22,11.1428571428571,59.7142857142857,27.952380952381,10.0,-1079306.42857143,-3359866.42857143,3577,12.531895349230929,61.49314565722316,24.716310521260407
1990-08-31,78,1990-08-31,11.1904761904762,61.4761904761905,26.0952380952381,10.3809523809524,-1079306.42857143,-3359866.42857143,3577,12.539206923105965,60.7091690559092,25.496759174773953
1990-09-16,79,1990-09-16,10.6666666666667,57.0952380952381,30.952380952381,9.09523809523809,-1079306.42857143,-3359866.42857143,3577,12.668823436623402,58.94040943575665,27.13201246637375
1990-10-02,80,1990-10-02,15.1428571428571,64.9523809523809,18.7142857142857,11.7619047619048,-1079306.42857143,-3359866.42857143,3577,12.478747258931152,57.745671253402534,28.53548515467594
1990-10-25,81,1990-10-25,14.6666666666667,52.9523809523809,31.0952380952381,9.95238095238095,-1079306.42857143,-3359866.42857143,3577,13.846825001621708,55.83977735370087,29.08462744685221
1990-11-03,82,1990-11-03,14.7142857142857,53.3333333333333,30.7142857142857,9.61904761904762,-1079306.42857143,-3359866.42857143,3577,14.589846685819747,54.97738381328888,29.197257850504254
1990-11-10,83,1990-11-10,14.952380952381,51.5238095238095,32.3333333333333,9.76190476190476,-1079306.42857143,-3359866.42857143,3577,14.63040880687722,54.046977790003744,30.028811230045108
1990-11-19,84,1990-11-19,12.3809523809524,55.2857142857143,30.9047619047619,9.28571428571429,-1079306.42857143,-3359866.42857143,3577,14.389903182470704,54.1901607164684,30.101143438600225
1990-11-26,85,1990-11-26,13.5238095238095,56.5714285714286,28.6190476190476,9.61904761904762,-1079306.42857143,-3359866.42857143,3577,13.671423519718704,54.91040641504216,30.044172545716016
1990-12-12,86,1990-12-12,14.3809523809524,56.4285714285714,27.7142857142857,9.66666666666667,-1079306.42857143,-3359866.42857143,3577,13.032364951867656,55.99439260429135,29.53455316612768
1990-12-21,87,1990-12-21,13.8095238095238,57.7142857142857,27.047619047619,9.14285714285714,-1079306.42857143,-3359866.42857143,3577,13.299286884424216,57.557801331786514,27.72680982587687
1990-12-28,88,1990-12-28,12.952380952381,56.3333333333333,29.2857142857143,9.61904761904762,-1079306.42857143,-3359866.42857143,3577,13.3619631142831,57.56400874666266,27.661562379824492
1991-01-06,89,1991-01-06,12.4285714285714,57.9523809523809,28.2380952380952,8.71428571428571,-1079306.42857143,-3359866.42857143,3577,13.435182980072614,57.45623468378025,27.752250845125943
1991-01-13,90,1991-01-13,13.4285714285714,56.5238095238095,28.7142857142857,9.19047619047619,-1079306.42857143,-3359866.42857143,3577,14.266810588789886,57.00321865955687,27.435078853031403
1991-01-22,91,1991-01-22,15.4761904761905,58.4761904761905,24.8571428571429,9.71428571428571,-1079306.42857143,-3359866.42857143,3577,13.98443558505269,57.12253226648658,27.61546709224315
1991-01-29,92,1991-01-29,14.1904761904762,56.8571428571429,27.8095238095238,9.80952380952381,-1079306.42857143,-3359866.42857143,3577,13.78229304235289,57.706646810353384,27.236831280170854
1991-02-14,93,1991-02-14,12.8095238095238,59.6666666666667,26.047619047619,9.47619047619048,-1079306.42857143,-3359866.42857143,3577,13.370865460646733,59.2213044952895,26.115868651468446
1991-02-23,94,1991-02-23,13.6190476190476,57.8571428571429,27.3333333333333,9.0,-1079306.42857143,-3359866.42857143,3577,12.413405995447471,60.459097146394654,25.816766309022498
1991-03-02,95,1991-03-02,12.2380952380952,62.8571428571429,23.4761904761905,8.80952380952381,-1079306.42857143,-3359866.42857143,3577,11.878619832178419,61.691987578975315,25.112818038510866
1991-03-11,96,1991-03-11,7.42857142857143,64.0714285714286,27.1428571428571,17.5,-1079288.57142857,-3359877.85714286,3577,11.584315581217865,63.13319652482798,23.972846554886303
1991-03-18,97,1991-03-18,13.6190476190476,65.0476190476191,20.0952380952381,9.76190476190476,-1079306.42857143,-3359866.42857143,3577,11.233614682529407,63.62002136149793,23.868570026461196
1991-03-27,98,1991-03-27,11.8571428571429,63.2380952380952,23.7619047619048,9.28571428571429,-1079306.42857143,-3359866.42857143,3577,11.628446888507078,63.408123352386326,23.712876390891434
1991-04-03,99,1991-04-03,12.9047619047619,60.6190476190476,25.1904761904762,9.57142857142857,-1079306.42857143,-3359866.42857143,3577,12.135380615254977,63.31481676217572,23.32112469573422
1991-04-12,100,1991-04-12,14.3809523809524,65.1904761904762,19.2380952380952,9.28571428571429,-1079306.42857143,-3359866.42857143,3577,12.747646574270071,62.81490490932276,23.194850557076194
1991-04-19,101,1991-04-19,11.5714285714286,61.9523809523809,25.1904761904762,9.28571428571429,-1079306.42857143,-3359866.42857143,3577,14.653160564923095,62.83719428145733,21.26915241620806
1991-05-14,102,1991-05-14,14.6190476190476,61.7619047619048,22.3809523809524,10.952380952381,-1079306.42857143,-3359866.42857143,3577,16.574148245972403,63.55569714082695,18.6449010226072
1991-06-06,103,1991-06-06,19.1904761904762,65.3333333333333,14.2380952380952,12.7619047619048,-1079306.42857143,-3359866.42857143,3577,17.452985095397352,64.50481974165218,16.875705821523713
1991-06-22,104,1991-06-22,17.8095238095238,66.7142857142857,14.4285714285714,13.7142857142857,-1079306.42857143,-3359866.42857143,3577,17.898081794363947,65.03270413795757,15.966417998923342
1991-07-01,105,1991-07-01,19.2857142857143,62.2380952380952,17.3809523809524,13.1904761904762,-1079306.42857143,-3359866.42857143,3577,16.920727878929696,64.30027145196462,17.742513936009736
1991-07-08,106,1991-07-08,18.2857142857143,66.2857142857143,14.4285714285714,13.4285714285714,-1079306.42857143,-3359866.42857143,3577,15.242131449559512,62.80568141867512,20.88868304038271
1991-07-24,107,1991-07-24,9.61904761904762,59.7142857142857,29.7619047619048,15.5714285714286,-1079306.42857143,-3359866.42857143,3577,13.314069315615313,61.5930107044566,24.012613289699498
1991-08-09,108,1991-08-09,8.07142857142857,60.2857142857143,30.3571428571429,17.5,-1079299.28571429,-3359888.57142857,3577,11.049854235030605,60.31771904565122,27.478448280301777
1991-08-18,109,1991-08-18,9.95238095238095,56.6666666666667,32.0952380952381,8.33333333333333,-1079306.42857143,-3359866.42857143,3577,10.001594638590046,57.683029560729935,31.072447160677832
1991-09-03,110,1991-09-03,11.7142857142857,57.8095238095238,29.1904761904762,10.2857142857143,-1079306.42857143,-3359866.42857143,3577,9.655796151731243,57.44267845157081,31.614082769650807
1991-09-10,111,1991-09-10,10.6190476190476,60.0,28.0,10.5238095238095,-1079306.42857143,-3359866.42857143,3577,9.735265444048823,59.08063440686399,29.906229992912838
1991-10-05,112,1991-10-05,10.952380952381,60.0476190476191,27.9047619047619,12.3809523809524,-1079306.42857143,-3359866.42857143,3577,10.250387061337545,60.36403727850194,28.11758339699096
1991-10-21,113,1991-10-21,9.23809523809524,59.8095238095238,29.6190476190476,9.19047619047619,-1079306.42857143,-3359866.42857143,3577,10.52340255203875,62.64897589509657,25.624183607925907
1991-11-06,114,1991-11-06,9.42857142857143,60.7142857142857,28.7619047619048,9.38095238095238,-1079306.42857143,-3359866.42857143,3577,9.382539351771694,62.58623948290196,26.87911752849432
1991-11-13,115,1991-11-13,8.3125,73.125,17.5,9.625,-1079298.75,-3359872.5,3577,8.846136770864554,62.16193442779202,27.836675192708192
1991-11-22,116,1991-11-22,10.2380952380952,59.3809523809524,29.0952380952381,9.0,-1079306.42857143,-3359866.42857143,3577,9.03163896217167,62.99756036016704,26.754357871226944
1991-11-29,117,1991-11-29,9.0,56.0,33.75,10.625,-1079287.5,-3359831.25,3577,10.09677706194583,61.767787939605334,26.90742204131896
1991-12-08,118,1991-12-08,10.4761904761905,60.5714285714286,27.7619047619048,8.95238095238095,-1079306.42857143,-3359866.42857143,3577,11.159595843611196,59.509314945451564,28.06808851622674
1991-12-15,119,1991-12-15,10.5714285714286,57.5238095238095,30.5238095238095,9.23809523809524,-1079306.42857143,-3359866.42857143,3577,11.421197674872438,58.106961536906425,29.19998680369762
1991-12-31,120,1991-12-31,13.6190476190476,64.0952380952381,21.0,10.6666666666667,-1079306.42857143,-3359866.42857143,3577,10.577242610329264,56.56648807847653,31.578175436529854
1992-01-09,121,1992-01-09,11.2380952380952,58.0,29.4761904761905,9.23809523809524,-1079306.42857143,-3359866.42857143,3577,10.350307673061542,58.604298522246424,29.7949122600781
1992-01-16,122,1992-01-16,10.0,47.0,42.0,3.0,-1079235.0,-3359895.0,3577,9.58470225594695,60.56407382606167,28.612056931712104
1992-01-25,123,1992-01-25,6.5,65.5,26.5,7.0,-1079265.0,-3359820.0,3577,9.813829617233704,59.53014013849037,29.359766652331928
1992-02-01,124,1992-02-01,8.22222222222222,64.8888888888889,25.6666666666667,8.44444444444444,-1079311.66666667,-3359838.33333333,3577,10.408035548900841,58.641351252797605,29.6262439830507
1992-03-04,125,1992-03-04,14.2380952380952,58.3333333333333,26.1428571428571,9.19047619047619,-1079306.42857143,-3359866.42857143,3577,12.135944550803389,58.409554325954275,28.131041301315733
1992-03-20,126,1992-03-20,17.1428571428571,61.3809523809524,20.0,10.6666666666667,-1079306.42857143,-3359866.42857143,3577,14.382844709467921,58.20938658863486,26.075653448714554
1992-04-21,127,1992-04-21,14.3333333333333,45.9047619047619,38.4285714285714,8.23809523809524,-1079306.42857143,-3359866.42857143,3577,17.043074400656966,58.701245950463175,22.958324956773517
1992-05-16,128,1992-05-16,21.047619047619,60.7619047619048,16.9047619047619,11.1904761904762,-1079306.42857143,-3359866.42857143,3577,19.245869197878683,57.6633454264947,21.811779036233958
1992-05-23,129,1992-05-23,18.7619047619048,60.9523809523809,19.2380952380952,11.047619047619,-1079306.42857143,-3359866.42857143,3577,20.385001506556215,57.30351740486129,21.055948234045122
1992-07-19,130,1992-07-19,20.7142857142857,60.1428571428571,17.9047619047619,11.4761904761905,-1079306.42857143,-3359866.42857143,3577,19.8619981307747,58.759564688918786,20.11363328431626
1992-07-26,131,1992-07-26,19.5714285714286,59.4761904761905,19.6190476190476,11.4285714285714,-1079306.42857143,-3359866.42857143,3577,19.698562422854756,59.64723522633662,19.43553535161521
1992-08-20,132,1992-08-20,20.0,57.3809523809524,21.3333333333333,11.3333333333333,-1079306.42857143,-3359866.42857143,3577,19.116635089420257,58.96206124003842,20.715336100537485
1992-08-27,133,1992-08-27,18.6666666666667,57.6666666666667,22.3809523809524,12.2857142857143,-1079306.42857143,-3359866.42857143,3577,18.501356066124384,58.10647160670736,22.20605780618483
1992-09-12,134,1992-09-12,16.0952380952381,57.4285714285714,25.4285714285714,10.3809523809524,-1079306.42857143,-3359866.42857143,3577,18.013912110373507,55.8437946823068,24.94038431287528
1992-10-23,135,1992-10-23,18.2857142857143,52.0476190476191,28.6190476190476,9.85714285714286,-1079306.42857143,-3359866.42857143,3577,18.572227077683003,55.81221201262734,24.432124173688067
1992-10-30,136,1992-10-30,20.3684210526316,58.6315789473684,19.7368421052632,20.6842105263158,-1079302.89473684,-3359872.89473684,3577,18.755997031047187,54.570972181359984,25.505702108435795
1992-11-08,137,1992-11-08,17.3333333333333,51.7142857142857,29.7142857142857,8.61904761904762,-1079306.42857143,-3359866.42857143,3577,19.32616354369363,53.567549554342904,25.90567951411627
1992-11-15,138,1992-11-15,22.9047619047619,54.9523809523809,20.8571428571429,11.2380952380952,-1079306.42857143,-3359866.42857143,3577,19.853657504298155,52.78406700028853,26.087648813080826
1992-11-24,139,1992-11-24,20.1428571428571,51.4761904761905,26.952380952381,9.95238095238095,-1079306.42857143,-3359866.42857143,3577,20.66487881788206,52.38572279927207,25.62476912582448
1993-01-02,140,1993-01-02,19.2380952380952,49.5714285714286,30.0952380952381,7.85714285714286,-1079306.42857143,-3359866.42857143,3577,20.878628513952087,52.0153784079077,25.74275244064662
1993-01-11,141,1993-01-11,20.7142857142857,52.1428571428571,25.6666666666667,9.42857142857143,-1079306.42857143,-3359866.42857143,3577,20.83235742042665,51.90848481266476,25.927489218181144
1993-01-27,142,1993-01-27,21.8571428571429,55.2380952380952,21.5714285714286,9.71428571428571,-1079306.42857143,-3359866.42857143,3577,21.012257743882444,52.69155031595177,24.994224828993783
1993-02-12,143,1993-02-12,22.5714285714286,52.8571428571429,23.2380952380952,9.66666666666667,-1079306.42857143,-3359866.42857143,3577,22.173007102611102,53.042103895770396,23.506655421594054
1993-02-19,144,1993-02-19,22.0952380952381,53.6190476190476,23.1428571428571,9.90476190476191,-1079306.42857143,-3359866.42857143,3577,22.080578606117122,53.63125239053228,23.069288812319407
1993-02-28,145,1993-02-28,21.6666666666667,53.9047619047619,23.1904761904762,9.38095238095238,-1079306.42857143,-3359866.42857143,3577,22.772660775753373,57.35477834857782,18.696227920683317
1993-04-08,146,1993-04-08,24.4285714285714,58.1904761904762,16.2380952380952,10.8571428571429,-1079306.42857143,-3359866.42857143,3577,24.25309906811093,55.394479703294955,19.029980683228597
1993-04-17,147,1993-04-17,24.4761904761905,57.1428571428571,17.0952380952381,10.952380952381,-1079306.42857143,-3359866.42857143,3577,24.3308665019155,55.85012794222487,18.52277495466072
1993-04-24,148,1993-04-24,24.9047619047619,55.4761904761905,18.3809523809524,11.1428571428571,-1079306.42857143,-3359866.42857143,3577,24.151156634899152,58.207861024415806,16.389348010088586
1993-05-03,149,1993-05-03,20.6666666666667,66.6666666666667,11.3333333333333,9.0,-1079275.0,-3359868.33333333,3577,23.494685912639056,60.52416451796354,14.848730045322249
1993-05-26,150,1993-05-26,28.1428571428571,55.0476190476191,15.4285714285714,12.3809523809524,-1079306.42857143,-3359866.42857143,3577,22.492551566077616,61.96716724966575,14.475816237423967
1993-06-27,151,1993-06-27,21.75,51.25,26.0,10.75,-1079257.5,-3359850.0,3577,21.349460910603227,62.69715913600426,14.935798463659994
1993-08-07,152,1993-08-07,13.6666666666667,85.2222222222222,1.05555555555556,19.6666666666667,-1079298.33333333,-3359861.66666667,3577,21.63762871115489,61.77689072192793,15.585252209088884
1993-08-14,153,1993-08-14,24.1428571428571,56.1428571428571,18.3333333333333,15.6666666666667,-1079306.42857143,-3359866.42857143,3577,21.454787730326313,61.08216448153614,16.409670309048654
1993-08-23,154,1993-08-23,21.4761904761905,54.7142857142857,22.3809523809524,11.3333333333333,-1079306.42857143,-3359866.42857143,3577,21.23443455409083,60.45726590230328,17.167954852162808
1993-08-30,155,1993-08-30,22.4761904761905,57.2380952380952,18.8095238095238,14.7619047619048,-1079306.42857143,-3359866.42857143,3577,20.41331896517351,58.43773091372836,19.89996432875393
1993-09-24,156,1993-09-24,22.0,56.0476190476191,20.7619047619048,10.6666666666667,-1079306.42857143,-3359866.42857143,3577,19.581164788714432,57.79031653533804,21.24973540933792
1993-10-01,157,1993-10-01,19.1904761904762,57.8095238095238,21.7142857142857,10.8571428571429,-1079306.42857143,-3359866.42857143,3577,19.491514568748105,55.59628085780099,23.47376671451604
1993-10-17,158,1993-10-17,11.8888888888889,61.8888888888889,24.7777777777778,6.66666666666667,-1079305.0,-3359825.0,3577,18.36941362820999,55.232241194062844,25.030607760602415
1993-11-02,159,1993-11-02,19.952380952381,55.2857142857143,23.5714285714286,10.6190476190476,-1079306.42857143,-3359866.42857143,3577,17.229580804289007,59.00426367396321,22.516022866923866
1993-12-20,160,1993-12-20,17.4285714285714,53.3809523809524,27.7619047619048,10.6190476190476,-1079306.42857143,-3359866.42857143,3577,17.732566222542374,58.665362772572536,22.287743596360116
1993-12-29,161,1993-12-29,20.7142857142857,63.5714285714286,14.4285714285714,11.3809523809524,-1079306.42857143,-3359866.42857143,3577,18.30217386400915,59.54570486995866,20.82201176514048
1994-01-05,162,1994-01-05,18.047619047619,59.1904761904762,21.5238095238095,10.6666666666667,-1079306.42857143,-3359866.42857143,3577,18.637459113584708,61.041412446650185,19.01023342525421
1994-01-14,163,1994-01-14,19.1052631578947,63.0526315789474,16.4736842105263,9.73684210526316,-1079302.89473684,-3359860.26315789,3577,18.826403784686747,61.762917707995655,18.14195890470672
1994-01-30,164,1994-01-30,17.5238095238095,63.9523809523809,17.1904761904762,9.76190476190476,-1079306.42857143,-3359866.42857143,3577,18.69217666985023,62.16175890445777,17.861980920964722
1994-02-06,165,1994-02-06,18.0952380952381,61.8095238095238,18.952380952381,10.3333333333333,-1079306.42857143,-3359866.42857143,3577,17.783345599050918,61.77154267164748,19.13176118324929
1994-03-10,166,1994-03-10,19.3333333333333,58.9523809523809,20.4285714285714,10.6190476190476,-1079306.42857143,-3359866.42857143,3577,19.172216355690747,60.70455165386633,18.88720914629058
1994-03-19,167,1994-03-19,17.1428571428571,59.6190476190476,22.0,8.42857142857143,-1079306.42857143,-3359866.42857143,3577,19.646188963930847,58.97416992869915,20.152665378179726
1994-04-04,168,1994-04-04,22.5714285714286,56.6666666666667,19.3809523809524,10.4761904761905,-1079306.42857143,-3359866.42857143,3577,20.098781181880685,58.73181085384868,19.94723499301985
1994-04-11,169,1994-04-11,20.5714285714286,59.3333333333333,18.9047619047619,11.3333333333333,-1079306.42857143,-3359866.42857143,3577,19.426641869541204,58.80250807698935,20.555229020511014
1994-04-20,170,1994-04-20,19.952380952381,59.7619047619048,19.2380952380952,10.8095238095238,-1079306.42857143,-3359866.42857143,3577,20.282192568071032,57.75967050216266,20.676789838310718
1994-04-27,171,1994-04-27,21.3809523809524,60.3809523809524,17.047619047619,11.5714285714286,-1079306.42857143,-3359866.42857143,3577,20.225399360537917,58.87986847366478,19.593696470965504
1994-05-06,172,1994-05-06,15.3636363636364,56.1818181818182,26.8181818181818,14.2727272727273,-1079322.27272727,-3359881.36363636,3577,20.38822503482163,60.135583028859195,18.173814216651493
1994-05-13,173,1994-05-13,21.4761904761905,63.6190476190476,13.6666666666667,12.1428571428571,-1079306.42857143,-3359866.42857143,3577,20.724432298975195,61.409556176380434,16.596447209988504
1994-05-22,174,1994-05-22,23.7142857142857,60.1904761904762,14.9047619047619,11.6666666666667,-1079306.42857143,-3359866.42857143,3577,21.200249281874697,62.60082714574645,14.98100232779376
1994-06-07,175,1994-06-07,24.952380952381,60.2380952380952,13.5714285714286,13.047619047619,-1079306.42857143,-3359866.42857143,3577,21.702241120922245,62.87027924042958,14.282303776183776
1994-07-09,176,1994-07-09,16.2631578947368,74.3157894736842,8.57894736842105,13.2105263157895,-1079312.36842105,-3359865.0,3577,21.903159884397457,63.56679804497412,13.446556150562625
1994-07-16,177,1994-07-16,23.7619047619048,57.7142857142857,17.4761904761905,13.7142857142857,-1079306.42857143,-3359866.42857143,3577,21.653917091844605,63.11187021569218,14.274394465580784
1994-08-01,178,1994-08-01,20.7619047619048,61.8095238095238,16.5238095238095,13.0,-1079306.42857143,-3359866.42857143,3577,20.886882180110106,63.67566967213766,14.471154874319598
1994-08-17,179,1994-08-17,19.4761904761905,61.0476190476191,18.3333333333333,12.7619047619048,-1079306.42857143,-3359866.42857143,3577,19.29562405724188,62.531901442026154,17.16554479195002
1994-08-26,180,1994-08-26,17.875,61.625,19.5,11.375,-1079310.0,-3359820.0,3577,18.522353643998514,61.23248428229949,19.21595296618732
1994-09-02,181,1994-09-02,20.1904761904762,62.1904761904762,16.5238095238095,13.3809523809524,-1079306.42857143,-3359866.42857143,3577,18.21482259947922,58.94903994321658,21.775596404665606
1994-09-18,182,1994-09-18,15.2222222222222,58.3333333333333,25.5555555555556,9.66666666666667,-1079291.66666667,-3359841.66666667,3577,17.40150129072891,57.124822250622444,24.369776452194778
1994-10-04,183,1994-10-04,16.4285714285714,58.9523809523809,23.1904761904762,11.1904761904762,-1079306.42857143,-3359866.42857143,3577,15.972549834080423,57.35757006310475,25.56979929749824
1994-10-20,184,1994-10-20,16.3529411764706,47.2941176470588,35.4117647058824,12.8823529411765,-1079300.29411765,-3359868.52941176,3577,16.16503978780644,55.35230782541463,27.306054020036484
1994-11-05,185,1994-11-05,16.0,56.6666666666667,26.0,10.8095238095238,-1079306.42857143,-3359866.42857143,3577,16.100864126562854,55.309868294448435,27.34146483435824
1994-11-21,186,1994-11-21,16.5238095238095,58.0952380952381,24.1904761904762,9.76190476190476,-1079306.42857143,-3359866.42857143,3577,16.0550715902176,55.44689678680838,27.177921089408585
1994-12-07,187,1994-12-07,14.0,58.1904761904762,26.3809523809524,10.6190476190476,-1079306.42857143,-3359866.42857143,3577,15.307911439920613,56.66883454218704,26.685968526703952
1994-12-23,188,1994-12-23,17.5238095238095,59.6190476190476,21.4761904761905,10.3333333333333,-1079306.42857143,-3359866.42857143,3577,15.425883087144655,59.014582818981225,24.205203020533602
1995-01-08,189,1995-01-08,16.2380952380952,56.7619047619048,25.5714285714286,10.2857142857143,-1079306.42857143,-3359866.42857143,3577,15.502552810508957,60.45513073703758,22.74718427932439
1995-02-09,190,1995-02-09,15.4761904761905,61.0476190476191,22.3333333333333,10.4285714285714,-1079306.42857143,-3359866.42857143,3577,16.798733106871186,61.40688856459201,20.51309620385983
1995-03-13,191,1995-03-13,16.0,61.1428571428571,21.7142857142857,11.047619047619,-1079306.42857143,-3359866.42857143,3577,18.83567024852485,60.19749139343942,19.776072164340906
1995-03-29,192,1995-03-29,20.2857142857143,63.4285714285714,15.047619047619,12.0952380952381,-1079306.42857143,-3359866.42857143,3577,20.858504756334476,60.37988946037579,17.5812536276906
1995-05-16,193,1995-05-16,26.5714285714286,59.5238095238095,12.7142857142857,14.2380952380952,-1079306.42857143,-3359866.42857143,3577,22.673021508931456,59.13407954273942,16.976078616942928
1995-07-03,194,1995-07-03,23.8571428571429,54.8571428571429,20.1428571428571,18.7142857142857,-1079306.42857143,-3359866.42857143,3577,23.513923640855143,58.35580827840016,16.872271175674207
1995-08-04,195,1995-08-04,24.7619047619048,57.3333333333333,16.4761904761905,14.6190476190476,-1079306.42857143,-3359866.42857143,3577,24.51870008216395,56.77596191217632,17.424353768004405
1995-10-23,196,1995-10-23,23.0,55.0,20.6666666666667,11.6190476190476,-1079306.42857143,-3359866.42857143,3577,24.203833318380816,55.893778048568464,18.591271473621646
1995-11-01,197,1995-11-01,21.4761904761905,56.8095238095238,20.3333333333333,10.7619047619048,-1079306.42857143,-3359866.42857143,3577,23.0989237800349,55.41553596041933,20.162530967481526
1995-12-10,198,1995-12-10,22.8571428571429,54.0952380952381,21.7619047619048,10.7619047619048,-1079306.42857143,-3359866.42857143,3577,22.28229458879281,54.59852015888352,21.7901324681478
1995-12-26,199,1995-12-26,22.4761904761905,57.6666666666667,18.8095238095238,12.5714285714286,-1079306.42857143,-3359866.42857143,3577,21.807143321071955,54.684488885719105,22.195374285154266
1996-01-20,200,1996-01-20,23.2380952380952,51.4285714285714,23.8571428571429,10.5238095238095,-1079306.42857143,-3359866.42857143,3577,21.9567089257459,54.62105386872372,22.12728035637924
1996-02-05,201,1996-02-05,20.3333333333333,56.9047619047619,21.3809523809524,10.5714285714286,-1079306.42857143,-3359866.42857143,3577,22.075714790881783,54.63079851004731,22.01952433531054
1996-02-12,202,1996-02-12,22.7619047619048,50.9047619047619,25.0952380952381,10.9047619047619,-1079306.42857143,-3359866.42857143,3577,22.609540098700812,55.44854423181768,20.70483592774308
1996-02-21,203,1996-02-21,22.952380952381,58.0,17.952380952381,10.3809523809524,-1079306.42857143,-3359866.42857143,3577,22.21561977753597,56.28112882988203,20.285390564025327
1996-03-08,204,1996-03-08,21.5714285714286,60.4761904761905,16.7619047619048,8.76190476190476,-1079306.42857143,-3359866.42857143,3577,23.10807664986887,57.52530441693669,18.19255976221649
1996-03-15,205,1996-03-15,25.047619047619,57.3333333333333,16.4285714285714,12.952380952381,-1079306.42857143,-3359866.42857143,3577,23.345441658441274,58.249682979550435,17.29209057196415
1996-04-09,206,1996-04-09,24.1904761904762,58.1904761904762,16.6190476190476,11.5714285714286,-1079306.42857143,-3359866.42857143,3577,23.838646905206815,59.504038531119434,15.575078172599056
1996-04-16,207,1996-04-16,22.7142857142857,59.0952380952381,17.0952380952381,12.8095238095238,-1079306.42857143,-3359866.42857143,3577,24.429504963557033,58.82969739238211,15.598992338928085
1996-04-25,208,1996-04-25,24.3809523809524,59.0,15.3333333333333,12.4761904761905,-1079306.42857143,-3359866.42857143,3577,24.480027712222185,58.8832704962648,15.498098392832913
1996-05-11,209,1996-05-11,27.8095238095238,58.4761904761905,12.7619047619048,14.1428571428571,-1079306.42857143,-3359866.42857143,3577,24.307423742404634,58.34350917399582,16.22708663884892
1996-06-12,210,1996-06-12,19.9,58.25,20.6,19.6,-1079305.5,-3359869.5,3577,25.277077617940726,57.23439280017372,16.391460758021775
1996-06-28,211,1996-06-28,28.2857142857143,58.3809523809524,12.1904761904762,19.0952380952381,-1079306.42857143,-3359866.42857143,3577,24.952934062837464,57.90098266026193,16.05991634783965
1996-07-21,212,1996-07-21,22.9047619047619,56.3333333333333,19.8095238095238,15.952380952381,-1079306.42857143,-3359866.42857143,3577,24.14917693245505,59.00629607749468,15.77125145236364
1996-08-06,213,1996-08-06,22.4761904761905,62.2380952380952,14.3333333333333,17.0952380952381,-1079306.42857143,-3359866.42857143,3577,22.260967618549422,60.97608042111773,15.712815564206396
1996-08-15,214,1996-08-15,22.5238095238095,59.2857142857143,17.0,14.3333333333333,-1079306.42857143,-3359866.42857143,3577,20.29892450170783,62.530356897994594,16.104945621971066
1996-08-22,215,1996-08-22,21.047619047619,62.6190476190476,15.2380952380952,15.0,-1079306.42857143,-3359866.42857143,3577,18.770253173036732,63.234333004447365,16.883851751960663
1996-08-31,216,1996-08-31,10.1428571428571,73.1428571428571,15.5714285714286,23.2857142857143,-1079290.71428571,-3359860.71428571,3577,17.673884423107772,63.111974712584455,18.082466553052072
1996-10-09,217,1996-10-09,18.4761904761905,58.1904761904762,22.1428571428571,11.6666666666667,-1079306.42857143,-3359866.42857143,3577,16.650128509259133,62.17128717514785,19.98291594885721
1996-10-18,218,1996-10-18,18.2857142857143,58.4285714285714,22.0952380952381,11.6666666666667,-1079306.42857143,-3359866.42857143,3577,17.240812850717383,60.61735684335398,20.913615795965597
1996-10-25,219,1996-10-25,19.047619047619,56.6666666666667,23.047619047619,11.5238095238095,-1079306.42857143,-3359866.42857143,3577,17.619663102632593,58.75119617224003,22.41732364642246
1996-11-03,220,1996-11-03,17.3809523809524,59.0952380952381,22.2857142857143,11.2380952380952,-1079306.42857143,-3359866.42857143,3577,18.110209707730213,58.38363700282333,22.30970989794186
1996-11-10,221,1996-11-10,18.1428571428571,59.5714285714286,21.0952380952381,11.8095238095238,-1079306.42857143,-3359866.42857143,3577,18.021826470740173,58.31015424203408,22.44810401156816
1996-11-19,222,1996-11-19,17.7142857142857,59.5238095238095,21.5714285714286,11.2857142857143,-1079306.42857143,-3359866.42857143,3577,17.15199351731601,59.37852446829888,22.27043132305958
1996-11-26,223,1996-11-26,15.3333333333333,60.7142857142857,22.7619047619048,11.2380952380952,-1079306.42857143,-3359866.42857143,3577,15.583204205492871,61.28446476123578,21.935221641100718
1996-12-05,224,1996-12-05,16.0,61.8095238095238,21.047619047619,10.7142857142857,-1079306.42857143,-3359866.42857143,3577,15.860308937705925,61.224990695569765,21.735398760163303
1996-12-12,225,1996-12-12,13.4285714285714,62.1428571428571,23.1428571428571,10.7619047619048,-1079306.42857143,-3359866.42857143,3577,15.931769984399157,60.60677918571747,22.274584033094612
1996-12-28,226,1996-12-28,16.5238095238095,58.9047619047619,23.3333333333333,11.6190476190476,-1079306.42857143,-3359866.42857143,3577,16.21421406250883,60.45316912189072,22.08909459992718
1997-01-06,227,1997-01-06,18.5238095238095,59.7142857142857,20.6190476190476,10.7619047619048,-1079306.42857143,-3359866.42857143,3577,16.391819738566518,60.80526491051897,21.520616638260456
1997-01-13,228,1997-01-13,17.8095238095238,61.4285714285714,19.4285714285714,11.2857142857143,-1079306.42857143,-3359866.42857143,3577,16.733550247479645,60.56512424622974,21.400808685635184
1997-01-22,229,1997-01-22,15.952380952381,60.3809523809524,22.3809523809524,10.7619047619048,-1079306.42857143,-3359866.42857143,3577,16.832894659517546,60.30155706006199,21.56378502817808
1997-01-29,230,1997-01-29,15.6666666666667,59.6666666666667,23.2380952380952,11.1428571428571,-1079306.42857143,-3359866.42857143,3577,17.048484023713687,60.32534544917546,21.417073122952274
1997-02-07,231,1997-02-07,16.7619047619048,65.5714285714286,16.4761904761905,10.6190476190476,-1079306.42857143,-3359866.42857143,3577,17.505159443237336,62.51907638284414,18.803251444115496
1997-02-14,232,1997-02-14,17.047619047619,58.3333333333333,23.6190476190476,11.6666666666667,-1079306.42857143,-3359866.42857143,3577,17.000627855114484,62.65745709398024,19.155199805351735
1997-03-02,233,1997-03-02,17.3333333333333,60.2857142857143,21.2380952380952,11.5238095238095,-1079306.42857143,-3359866.42857143,3577,15.913335374633299,61.215680088735965,21.673664828460346
1997-03-11,234,1997-03-11,17.1904761904762,64.0952380952381,17.5714285714286,11.2857142857143,-1079306.42857143,-3359866.42857143,3577,15.449095795842691,59.81847254911377,23.513330838404727
1997-03-18,235,1997-03-18,16.0,62.4761904761905,20.2380952380952,11.4761904761905,-1079306.42857143,-3359866.42857143,3577,15.067317615302965,59.36702719364371,24.270181830549724
1997-03-27,236,1997-03-27,11.9047619047619,58.7142857142857,27.6666666666667,7.14285714285714,-1079306.42857143,-3359866.42857143,3577,14.766267787937412,58.879610585484144,25.052642919512245
1997-04-12,237,1997-04-12,12.0,48.0,38.8571428571429,10.1428571428571,-1079346.42857143,-3359865.0,3577,15.178771692701329,59.786104504361816,23.685938416585024
1997-04-19,238,1997-04-19,17.9047619047619,64.9047619047619,16.047619047619,12.9047619047619,-1079306.42857143,-3359866.42857143,3577,16.787787032366584,61.327809445447336,20.643224680373294
1997-04-28,239,1997-04-28,22.952380952381,66.1428571428571,9.76190476190476,13.2380952380952,-1079306.42857143,-3359866.42857143,3577,18.852863338928643,61.358625894220424,18.697092381300116
1997-05-05,240,1997-05-05,18.6666666666667,64.6190476190476,15.7142857142857,13.5714285714286,-1079306.42857143,-3359866.42857143,3577,20.786836486523786,62.11027465825296,16.164731037793636
1997-06-22,241,1997-06-22,21.047619047619,61.1428571428571,17.0,17.7619047619048,-1079306.42857143,-3359866.42857143,3577,21.80870935050175,63.01231173366452,14.31978238479573
1997-07-01,242,1997-07-01,22.4285714285714,63.0,13.5714285714286,14.2857142857143,-1079306.42857143,-3359866.42857143,3577,21.073871433001386,62.944343582105034,15.122218338934351
1997-07-08,243,1997-07-08,20.5238095238095,57.3333333333333,21.5714285714286,18.6190476190476,-1079306.42857143,-3359866.42857143,3577,19.31060889574529,61.7504961498677,17.976727091275507
1997-08-25,244,1997-08-25,16.3333333333333,60.9523809523809,21.4761904761905,12.8571428571429,-1079306.42857143,-3359866.42857143,3577,17.040159015388625,60.23743439222414,21.666995543153316
1997-09-03,245,1997-09-03,15.047619047619,63.7142857142857,20.047619047619,11.2857142857143,-1079306.42857143,-3359866.42857143,3577,15.988036731068362,60.962962733851455,21.88125909178215
1997-09-19,246,1997-09-19,14.1428571428571,61.4761904761905,22.952380952381,12.3333333333333,-1079306.42857143,-3359866.42857143,3577,15.771035981559923,61.25331943597283,21.70265441472548
1997-09-26,247,1997-09-26,14.8095238095238,60.8571428571429,23.0952380952381,12.1428571428571,-1079306.42857143,-3359866.42857143,3577,14.749366216856272,61.053676973172514,22.848458043501054
1997-10-05,248,1997-10-05,16.7619047619048,60.5714285714286,21.2380952380952,11.6190476190476,-1079306.42857143,-3359866.42857143,3577,14.66485526856825,60.84814566237807,23.113441769785048
1997-10-12,249,1997-10-12,14.3809523809524,60.1904761904762,24.1428571428571,12.0,-1079306.42857143,-3359866.42857143,3577,15.072378601788117,60.67068844467322,22.889779982655803
1997-11-06,250,1997-11-06,17.0,58.7142857142857,23.0952380952381,10.1428571428571,-1079306.42857143,-3359866.42857143,3577,14.884034438211776,59.93105346664824,23.88627059214936
1997-11-22,251,1997-11-22,12.5238095238095,62.0,24.047619047619,11.1428571428571,-1079306.42857143,-3359866.42857143,3577,14.35152360539142,60.30783045642824,24.061817439522798
1997-11-29,252,1997-11-29,11.6190476190476,60.8095238095238,26.2857142857143,11.5714285714286,-1079306.42857143,-3359866.42857143,3577,13.65664778977268,61.4136554879497,23.702853390156328
1997-12-08,253,1997-12-08,15.3333333333333,62.3333333333333,21.1904761904762,10.952380952381,-1079306.42857143,-3359866.42857143,3577,13.07584881578494,61.72452212389369,23.990222367927757
1997-12-15,254,1997-12-15,13.0952380952381,60.7142857142857,25.047619047619,11.4285714285714,-1079306.42857143,-3359866.42857143,3577,12.748105351818616,61.82548102051821,24.265605395632733
1997-12-24,255,1997-12-24,11.952380952381,63.1904761904762,23.7142857142857,10.7619047619048,-1079306.42857143,-3359866.42857143,3577,12.930355506204975,61.89960400795388,24.0107683853778
1998-01-09,256,1998-01-09,13.8571428571429,63.2857142857143,21.7619047619048,11.047619047619,-1079306.42857143,-3359866.42857143,3577,13.601350146239763,62.41636691480959,22.830865728695137
1998-01-25,257,1998-01-25,12.6190476190476,62.3333333333333,23.7619047619048,10.5238095238095,-1079306.42857143,-3359866.42857143,3577,13.681874369178832,63.42517956758493,21.724208711821564
1998-02-17,258,1998-02-17,14.1428571428571,61.4285714285714,23.2380952380952,10.7619047619048,-1079306.42857143,-3359866.42857143,3577,12.874400109692306,64.46530249934858,21.429306503606703
1998-03-05,259,1998-03-05,13.9047619047619,66.7142857142857,18.1904761904762,11.2380952380952,-1079306.42857143,-3359866.42857143,3577,12.860813077529423,65.31069858932658,20.537676977302397
1998-03-14,260,1998-03-14,14.7619047619048,67.8095238095238,16.1428571428571,10.6666666666667,-1079306.42857143,-3359866.42857143,3577,14.214436750038333,65.8757661327222,18.741171109589377
1998-03-30,261,1998-03-30,13.4285714285714,67.4285714285714,17.952380952381,10.6190476190476,-1079306.42857143,-3359866.42857143,3577,15.458189900912043,65.72091582307317,17.700239904571635
1998-04-06,262,1998-04-06,12.5714285714286,64.5238095238095,21.7619047619048,11.3809523809524,-1079306.42857143,-3359866.42857143,3577,16.460702352340753,66.09924234691047,16.342877968262542
1998-05-17,263,1998-05-17,21.6190476190476,63.3809523809524,13.952380952381,13.1428571428571,-1079306.42857143,-3359866.42857143,3577,18.24317993667566,65.12024920383081,15.516035048540502
1998-06-09,264,1998-06-09,22.047619047619,66.4285714285714,10.5714285714286,15.8571428571429,-1079306.42857143,-3359866.42857143,3577,19.392217689428392,65.05556775524843,14.37863271918788
1998-06-25,265,1998-06-25,19.5238095238095,64.5714285714286,14.9047619047619,15.1904761904762,-1079306.42857143,-3359866.42857143,3577,19.81906225868775,65.77227210353162,13.159730877995187
1998-07-20,266,1998-07-20,17.0,67.0,14.0,12.0,-1079355.0,-3359925.0,3577,19.16796103792719,67.17355915497326,12.351125654529385
1998-07-27,267,1998-07-27,18.2380952380952,68.0,12.5714285714286,12.0952380952381,-1079306.42857143,-3359866.42857143,3577,18.07103835276938,68.15810402187091,12.394657973603474
1998-08-05,268,1998-08-05,18.9047619047619,66.4285714285714,13.3333333333333,12.8571428571429,-1079306.42857143,-3359866.42857143,3577,16.56671192584257,67.58523726014974,14.470419157723477
1998-08-28,269,1998-08-28,13.3333333333333,72.0,13.4285714285714,16.4285714285714,-1079306.42857143,-3359866.42857143,3577,16.017006729078638,65.58908480579325,17.055994573019866
1998-09-29,270,1998-09-29,15.5714285714286,60.9523809523809,22.1428571428571,12.047619047619,-1079306.42857143,-3359866.42857143,3577,16.41987733628354,62.79995133864162,19.500046908712704
1998-10-15,271,1998-10-15,17.7142857142857,58.4285714285714,22.7142857142857,11.7619047619048,-1079306.42857143,-3359866.42857143,3577,16.972535204730796,60.50512129768191,21.297138362150648
1998-10-31,272,1998-10-31,18.9047619047619,57.2857142857143,22.4761904761905,11.7619047619048,-1079306.42857143,-3359866.42857143,3577,17.397531261305733,58.38406794443073,23.00982608722202
1998-11-09,273,1998-11-09,18.2380952380952,55.6666666666667,24.9047619047619,11.1904761904762,-1079306.42857143,-3359866.42857143,3577,17.76566261395717,57.45869197880724,23.468210839724357
1998-11-25,274,1998-11-25,18.4285714285714,59.0952380952381,21.0952380952381,10.8571428571429,-1079306.42857143,-3359866.42857143,3577,18.55544043159865,57.39013721056209,22.772723664361138
1998-12-02,275,1998-12-02,16.7619047619048,59.0952380952381,22.8095238095238,12.1428571428571,-1079306.42857143,-3359866.42857143,3577,19.374164535152367,57.94187649295144,21.35958881159801
1998-12-18,276,1998-12-18,21.7619047619048,60.0,17.0,11.7619047619048,-1079306.42857143,-3359866.42857143,3577,19.788853045816047,58.61409900727911,20.27899139044347
1998-12-27,277,1998-12-27,19.8571428571429,57.4285714285714,21.4285714285714,10.952380952381,-1079306.42857143,-3359866.42857143,3577,19.943452831994776,59.78475291477493,18.83980415868679
1999-01-03,278,1999-01-03,21.8571428571429,57.1904761904762,19.5714285714286,11.4761904761905,-1079306.42857143,-3359866.42857143,3577,22.943301280759187,55.65438998565101,20.302778748596147
1999-01-19,279,1999-01-19,23.4285714285714,56.4285714285714,18.9047619047619,11.7142857142857,-1079306.42857143,-3359866.42857143,3577,23.937189745235724,54.92941423900354,20.066558828165732
1999-02-04,280,1999-02-04,23.2857142857143,56.2857142857143,19.2380952380952,10.9047619047619,-1079306.42857143,-3359866.42857143,3577,23.101823872718256,56.60624308611077,19.1056806970091
1999-02-13,281,1999-02-13,22.5714285714286,56.9523809523809,19.3809523809524,10.9047619047619,-1079306.42857143,-3359866.42857143,3577,20.870570090381207,59.44180999598068,18.252713231038662
1999-02-20,282,1999-02-20,21.8095238095238,59.7619047619048,17.1428571428571,11.3809523809524,-1079306.42857143,-3359866.42857143,3577,19.113391252707267,62.97083789962106,16.216981161251177
1999-03-01,283,1999-03-01,22.1428571428571,55.5238095238095,21.0952380952381,10.3333333333333,-1079306.42857143,-3359866.42857143,3577,18.022693508758913,65.61022465665448,14.529295266135204
1999-03-24,284,1999-03-24,4.04761904761905,92.0,0.0,2.0,-1079306.42857143,-3359866.42857143,3577,18.13537546045015,66.02199245541912,13.964290611347352
1999-04-09,285,1999-04-09,21.9047619047619,58.2857142857143,18.4761904761905,10.7619047619048,-1079306.42857143,-3359866.42857143,3577,19.64417625717642,64.9366213421844,13.61050301607375
1999-04-18,286,1999-04-18,25.2857142857143,56.9047619047619,16.5714285714286,11.8571428571429,-1079306.42857143,-3359866.42857143,3577,22.372850060153212,61.990734755431376,14.035516598981998
1999-04-25,287,1999-04-25,29.0,58.1904761904762,11.8095238095238,13.1428571428571,-1079306.42857143,-3359866.42857143,3577,24.86146773762502,58.639746218684834,15.13870958762373
1999-05-20,288,1999-05-20,25.6666666666667,52.1111111111111,21.3333333333333,13.2222222222222,-1079291.66666667,-3359891.66666667,3577,27.353494802407134,55.58298632910805,15.968480435970307
1999-07-14,289,1999-07-14,30.0952380952381,55.0,13.6190476190476,15.8095238095238,-1079306.42857143,-3359866.42857143,3577,28.438552159910145,53.781131149544166,16.836448381337497
1999-07-22,290,1999-07-22,25.2380952380952,57.3809523809524,16.1904761904762,14.7619047619048,-1079306.42857143,-3359866.42857143,3577,28.775581487651507,54.05165319715595,16.192339136609146
1999-07-23,291,1999-07-23,26.7619047619048,56.7142857142857,15.3333333333333,13.8571428571429,-1079306.42857143,-3359866.42857143,3577,26.444102852767642,58.32409351913124,13.924587280622326
1999-07-30,292,1999-07-30,25.1904761904762,59.2857142857143,14.2857142857143,15.8095238095238,-1079306.42857143,-3359866.42857143,3577,26.55082997497462,57.232877545562495,15.015936591785724
1999-07-31,293,1999-07-31,28.0952380952381,56.5238095238095,14.3333333333333,14.8571428571429,-1079306.42857143,-3359866.42857143,3577,25.723516937135393,57.616255777237896,15.489952771684193
1999-08-07,294,1999-08-07,24.5714285714286,57.0476190476191,17.1428571428571,14.2857142857143,-1079306.42857143,-3359866.42857143,3577,24.66457897107683,57.352572779808824,16.862680147507337
1999-08-08,295,1999-08-08,26.1428571428571,56.7619047619048,16.0,13.6190476190476,-1079306.42857143,-3359866.42857143,3577,23.412571948172143,56.58543314270025,18.90244018107512
1999-08-15,296,1999-08-15,19.1428571428571,55.2857142857143,24.5714285714286,10.4761904761905,-1079306.42857143,-3359866.42857143,3577,22.864002870191378,56.29151962587656,19.726150010976788
1999-08-23,297,1999-08-23,21.7142857142857,57.4761904761905,19.6666666666667,13.3809523809524,-1079306.42857143,-3359866.42857143,3577,21.915423070218523,56.552210431458974,20.38939285688208
1999-08-24,298,1999-08-24,21.1428571428571,56.4761904761905,21.1428571428571,12.7142857142857,-1079306.42857143,-3359866.42857143,3577,21.864750316759412,56.60264400201637,20.35710831995359
1999-08-31,299,1999-08-31,23.1428571428571,55.9047619047619,19.6666666666667,12.8571428571429,-1079306.42857143,-3359866.42857143,3577,21.78173632352872,56.90781561059349,20.061038033171272
1999-09-08,300,1999-09-08,23.7619047619048,58.5714285714286,16.4761904761905,15.3809523809524,-1079306.42857143,-3359866.42857143,3577,22.309160395844366,56.77557736380417,19.692176760285278
1999-09-17,301,1999-09-17,21.8571428571429,55.5238095238095,21.4285714285714,12.5714285714286,-1079306.42857143,-3359866.42857143,3577,22.42102022074598,56.3712488491816,20.00132639547974
1999-09-24,302,1999-09-24,22.2380952380952,56.9047619047619,19.5238095238095,13.1904761904762,-1079306.42857143,-3359866.42857143,3577,22.789528582868833,56.28373123263921,19.69913084850869
1999-10-03,303,1999-10-03,21.7142857142857,54.1428571428571,23.0,12.1428571428571,-1079306.42857143,-3359866.42857143,3577,22.14062814120532,55.778507483220494,20.875095943784757
1999-10-10,304,1999-10-10,21.0,55.5714285714286,22.2380952380952,12.3809523809524,-1079306.42857143,-3359866.42857143,3577,21.599208003036033,54.63613540741207,22.5258871030896
1999-10-18,305,1999-10-18,22.6190476190476,54.4285714285714,21.9047619047619,11.9047619047619,-1079306.42857143,-3359866.42857143,3577,21.045046993766743,54.1490585008306,23.534594082384668
1999-10-19,306,1999-10-19,21.4285714285714,53.9047619047619,23.047619047619,11.5238095238095,-1079306.42857143,-3359866.42857143,3577,21.554610250427444,52.876711008282044,24.25994516319231
1999-10-26,307,1999-10-26,20.8095238095238,54.8571428571429,22.952380952381,11.8571428571429,-1079306.42857143,-3359866.42857143,3577,21.499880215240776,53.57396872992048,23.643363666773446
1999-11-03,308,1999-11-03,19.3125,51.375,28.3125,8.6875,-1079315.625,-3359874.375,3577,20.544713220213247,55.212654863188405,22.9791812289843
1999-11-20,309,1999-11-20,20.3809523809524,56.3333333333333,21.9047619047619,11.7142857142857,-1079306.42857143,-3359866.42857143,3577,19.321697201144765,58.05162729426567,21.437989062018367
1999-12-21,310,1999-12-21,21.8095238095238,62.2380952380952,14.9047619047619,12.5714285714286,-1079306.42857143,-3359866.42857143,3577,18.574975849740866,60.145256704071244,20.156314016218126
1999-12-22,311,1999-12-22,18.6190476190476,59.6666666666667,20.6190476190476,11.7142857142857,-1079306.42857143,-3359866.42857143,3577,18.5438588114644,61.78896451844444,18.5680642242147
2000-01-07,312,2000-01-07,15.0,69.5,14.5,8.5,-1079250.0,-3359910.0,3577,20.10492828894231,61.86859592934518,16.91363712396741
2000-01-30,313,2000-01-30,21.3333333333333,59.1428571428571,18.2857142857143,11.7619047619048,-1079306.42857143,-3359866.42857143,3577,22.43530353804786,60.72809401639762,15.644165367653732
2000-05-05,314,2000-05-05,25.952380952381,56.3809523809524,16.5238095238095,14.3333333333333,-1079306.42857143,-3359866.42857143,3577,24.65415415337648,58.71176862352455,15.43279243975607
2000-05-30,315,2000-05-30,29.0952380952381,53.5238095238095,15.9047619047619,14.2380952380952,-1079306.42857143,-3359866.42857143,3577,26.427593626699583,55.94016032985784,16.46404685355677
2000-06-06,316,2000-06-06,28.3809523809524,55.4285714285714,15.0952380952381,15.047619047619,-1079306.42857143,-3359866.42857143,3577,27.43260248522997,54.407732102770396,16.96205084904521
2000-07-08,317,2000-07-08,28.2380952380952,54.5238095238095,16.1428571428571,15.7619047619048,-1079306.42857143,-3359866.42857143,3577,27.54759585099731,54.82956414070144,16.423414047250596
2000-08-25,318,2000-08-25,23.2857142857143,56.2857142857143,19.3809523809524,14.1904761904762,-1079306.42857143,-3359866.42857143,3577,25.612570092442432,55.22088231684931,17.996121525530587
2000-09-10,319,2000-09-10,21.1904761904762,56.3809523809524,21.2380952380952,13.0952380952381,-1079306.42857143,-3359866.42857143,3577,22.704510144135234,56.68452445386584,19.484703634855503
2000-09-26,320,2000-09-26,21.7142857142857,57.0476190476191,20.0,13.0,-1079306.42857143,-3359866.42857143,3577,19.634933693754284,55.25535455255994,23.980856089211613
2000-10-28,321,2000-10-28,19.5714285714286,58.0952380952381,21.047619047619,12.7142857142857,-1079306.42857143,-3359866.42857143,3577,19.225557724006872,57.26506414121661,22.350631824312664
2000-11-06,322,2000-11-06,18.8095238095238,56.5714285714286,23.5238095238095,12.2380952380952,-1079306.42857143,-3359866.42857143,3577,19.628203581761028,59.215258425775914,19.901978310644047
2000-11-13,323,2000-11-13,16.0,52.5714285714286,30.4285714285714,9.28571428571429,-1079303.57142857,-3359817.85714286,3577,19.4954380894982,59.36078236095562,19.934784938242153
2000-11-29,324,2000-11-29,18.1904761904762,58.3333333333333,22.0952380952381,12.7142857142857,-1079306.42857143,-3359866.42857143,3577,17.6842382409648,54.603342023111686,26.495344817868627
2000-12-24,325,2000-12-24,17.952380952381,59.0476190476191,21.6666666666667,11.952380952381,-1079306.42857143,-3359866.42857143,3577,14.570483301677635,50.682158853704735,33.537666546403116
2000-12-31,326,2000-12-31,18.7142857142857,58.3333333333333,21.7142857142857,12.6190476190476,-1079306.42857143,-3359866.42857143,3577,11.000051184169017,48.08124401549291,39.71843466434022
2001-01-09,327,2001-01-09,0.0,29.8571428571429,69.0952380952381,17.6190476190476,-1079306.42857143,-3359866.42857143,3577,7.374521186940413,46.237820517361996,45.21502858216806
2001-01-16,328,2001-01-16,0.0,34.8571428571429,64.1428571428571,15.6666666666667,-1079306.42857143,-3359866.42857143,3577,3.870433579047101,45.67400886613465,49.29406755448633
2001-01-25,329,2001-01-25,0.333333333333333,46.6666666666667,51.5714285714286,12.5238095238095,-1079306.42857143,-3359866.42857143,3577,1.2694377800913852,46.263683017637156,51.319821258076196
2001-02-10,330,2001-02-10,3.88235294117647,64.0588235294118,31.1176470588235,12.6470588235294,-1079307.35294118,-3359857.94117647,3577,0.0,45.126372140570474,54.28472056080061
2001-03-05,331,2001-03-05,0.380952380952381,46.4285714285714,52.0476190476191,9.23809523809524,-1079306.42857143,-3359866.42857143,3577,0.0,46.13246645298406,53.26609789165907
2001-03-14,332,2001-03-14,0.142857142857143,42.5238095238095,56.0952380952381,8.66666666666667,-1079306.42857143,-3359866.42857143,3577,0.46805474013625914,47.280601447959164,51.092037386511656
2001-03-21,333,2001-03-21,0.428571428571429,44.0476190476191,54.2857142857143,8.57142857142857,-1079306.42857143,-3359866.42857143,3577,1.6290406612749821,47.3504303017982,49.855835659506965
2001-04-06,334,2001-04-06,0.0476190476190476,40.3333333333333,58.5714285714286,7.90476190476191,-1079306.42857143,-3359866.42857143,3577,0.4461056457049247,43.8837387343969,54.50932591962555
2001-04-15,335,2001-04-15,0.142857142857143,41.0952380952381,57.7142857142857,7.85714285714286,-1079306.42857143,-3359866.42857143,3577,0.2989467886571808,43.23216509101859,55.30745094157125
2001-05-01,336,2001-05-01,2.04761904761905,56.6666666666667,39.9523809523809,10.5238095238095,-1079306.42857143,-3359866.42857143,3577,0.613268962567725,45.77320724560981,52.37721836227699
2001-05-08,337,2001-05-08,1.0952380952381,47.4285714285714,50.0952380952381,8.38095238095238,-1079306.42857143,-3359866.42857143,3577,1.2851726067896079,50.50930978812214,46.96020843115386
2001-05-17,338,2001-05-17,0.619047619047619,48.5714285714286,49.7142857142857,8.28571428571429,-1079306.42857143,-3359866.42857143,3577,1.2871988692420224,51.252929732798236,46.174953013955374
2001-05-24,339,2001-05-24,0.428571428571429,49.4285714285714,48.8095238095238,8.47619047619048,-1079306.42857143,-3359866.42857143,3577,1.3050478932829934,51.088581181452795,46.31835553506686
2001-06-02,340,2001-06-02,2.57142857142857,52.8095238095238,43.3333333333333,9.66666666666667,-1079306.42857143,-3359866.42857143,3577,1.1697219189477506,49.887684039379366,47.68999627822442
2001-06-18,341,2001-06-18,1.23809523809524,51.1904761904762,46.2380952380952,8.47619047619048,-1079306.42857143,-3359866.42857143,3577,0.9760786169453441,48.016368564348994,49.81200945596484
2001-06-25,342,2001-06-25,0.142857142857143,44.8095238095238,54.0,8.04761904761905,-1079306.42857143,-3359866.42857143,3577,0.9106291025794304,46.176885034463275,51.75377357419926
2001-07-27,343,2001-07-27,0.428571428571429,40.5238095238095,57.9523809523809,7.38095238095238,-1079306.42857143,-3359866.42857143,3577,0.5921684095057818,45.97952924268027,52.233422923817585
2001-08-05,344,2001-08-05,0.571428571428571,45.4761904761905,52.7619047619048,7.76190476190476,-1079306.42857143,-3359866.42857143,3577,0.23931074085869272,43.84512804016792,54.704662726326376
2001-08-12,345,2001-08-12,0.523809523809524,44.8571428571429,53.2857142857143,7.71428571428571,-1079306.42857143,-3359866.42857143,3577,0.051588053329531536,43.4031163624752,55.31770834943383
2001-08-21,346,2001-08-21,0.857142857142857,43.9523809523809,53.8095238095238,7.14285714285714,-1079306.42857143,-3359866.42857143,3577,0.6554995572022456,41.46611850481199,56.531804624675445
2001-08-28,347,2001-08-28,0.619047619047619,40.3333333333333,57.6666666666667,6.90476190476191,-1079306.42857143,-3359866.42857143,3577,1.8580126658684253,41.91254217917677,54.80266044584111
2001-09-13,348,2001-09-13,1.80952380952381,43.0952380952381,53.6190476190476,7.09523809523809,-1079306.42857143,-3359866.42857143,3577,2.915067324316115,42.58350434394689,53.01578993760864
2001-10-08,349,2001-10-08,5.80952380952381,40.8095238095238,51.9523809523809,7.19047619047619,-1079306.42857143,-3359866.42857143,3577,4.01171680486636,43.04634800183692,51.43330946658351
2001-10-15,350,2001-10-15,5.57142857142857,43.0952380952381,49.6666666666667,7.76190476190476,-1079306.42857143,-3359866.42857143,3577,4.93339658277665,46.07916850950217,47.47258829920659
2001-10-24,351,2001-10-24,7.0,41.7142857142857,49.7619047619048,7.85714285714286,-1079306.42857143,-3359866.42857143,3577,6.708852099911468,41.65842606824956,50.132724087050974
2001-10-31,352,2001-10-31,5.5625,55.875,37.25,6.0625,-1079310.0,-3359850.0,3577,7.49553510215163,42.153556582729856,48.86925741955973
2001-11-09,353,2001-11-09,7.19047619047619,41.4761904761905,49.7619047619048,7.71428571428571,-1079306.42857143,-3359866.42857143,3577,7.776785198804164,45.89058142579128,44.85753487997401
2001-11-25,354,2001-11-25,8.38095238095238,43.9523809523809,46.1904761904762,7.76190476190476,-1079306.42857143,-3359866.42857143,3577,7.202559824075775,48.7851467417958,42.5534218103814
2001-12-11,355,2001-12-11,8.47619047619048,43.0,47.1904761904762,6.90476190476191,-1079306.42857143,-3359866.42857143,3577,6.560327121278149,52.59832852904822,39.40350129745826
2001-12-18,356,2001-12-18,8.28571428571429,43.6190476190476,46.6190476190476,7.38095238095238,-1079306.42857143,-3359866.42857143,3577,6.867689521519763,55.081992955436704,36.62656718925521
2001-12-27,357,2001-12-27,2.0,96.5,0.0,4.0,-1079265.0,-3359820.0,3577,7.157558321450446,56.38021124901084,35.016367275649976
2002-01-03,358,2002-01-03,8.52380952380952,43.9523809523809,46.0952380952381,7.23809523809524,-1079306.42857143,-3359866.42857143,3577,8.029554810513375,55.36921901626954,35.19541139974051
2002-01-12,359,2002-01-12,8.28571428571429,42.1428571428571,48.2857142857143,6.85714285714286,-1079306.42857143,-3359866.42857143,3577,8.593639397237204,53.41970142859436,36.612495090043794
2002-01-19,360,2002-01-19,11.952380952381,50.8095238095238,35.8571428571429,8.85714285714286,-1079306.42857143,-3359866.42857143,3577,9.280721342639481,47.70641896802174,41.63288723659619
2002-02-04,361,2002-02-04,11.8571428571429,40.3809523809524,46.3333333333333,7.57142857142857,-1079306.42857143,-3359866.42857143,3577,10.268228159867512,42.87510064754005,45.49131467087443
2002-02-20,362,2002-02-20,9.0,40.4761904761905,49.1904761904762,6.85714285714286,-1079306.42857143,-3359866.42857143,3577,10.874136183732105,38.9306137618773,48.82880793096781
2002-03-08,363,2002-03-08,10.2857142857143,40.1428571428571,48.2380952380952,7.0,-1079306.42857143,-3359866.42857143,3577,11.04976963181134,38.781320846330544,48.78086103781969
2002-03-17,364,2002-03-17,9.14285714285714,43.6666666666667,45.6666666666667,7.33333333333333,-1079306.42857143,-3359866.42857143,3577,10.77088339936477,44.861577534945454,42.941869276228175
2002-03-24,365,2002-03-24,11.9047619047619,44.2857142857143,42.4285714285714,8.09523809523809,-1079306.42857143,-3359866.42857143,3577,10.790379898737418,43.23501678918991,44.531458221854045
2002-04-02,366,2002-04-02,12.2857142857143,44.6666666666667,41.5714285714286,7.85714285714286,-1079306.42857143,-3359866.42857143,3577,10.291391786746278,44.32088654379015,43.920712929994295
2002-04-09,367,2002-04-09,9.95238095238095,44.1904761904762,44.3809523809524,7.04761904761905,-1079306.42857143,-3359866.42857143,3577,10.435312881131752,45.29719609595095,42.81144861329982
2002-05-04,368,2002-05-04,10.6190476190476,47.0,40.9523809523809,7.57142857142857,-1079306.42857143,-3359866.42857143,3577,10.370106673510696,45.170778653744065,42.99514932950822
2002-05-27,369,2002-05-27,8.80952380952381,45.0952380952381,44.5714285714286,7.52380952380952,-1079306.42857143,-3359866.42857143,3577,9.884256094780932,45.527776660896805,43.1473583176305
2002-06-12,370,2002-06-12,7.47619047619048,44.0476190476191,47.0952380952381,13.6190476190476,-1079306.42857143,-3359866.42857143,3577,9.758506715161605,45.574112162340654,43.230436230429746
2002-06-21,371,2002-06-21,11.9047619047619,44.3333333333333,42.3333333333333,7.61904761904762,-1079306.42857143,-3359866.42857143,3577,9.598358298047266,45.58243201586173,43.37700895594982
2002-06-28,372,2002-06-28,11.2857142857143,45.4285714285714,41.9523809523809,7.61904761904762,-1079306.42857143,-3359866.42857143,3577,9.92966888632375,45.05178928398068,43.58775899022924
2002-07-23,373,2002-07-23,9.04761904761905,48.8095238095238,40.5238095238095,7.80952380952381,-1079306.42857143,-3359866.42857143,3577,10.053330570356936,44.109269471491956,44.42325167092304
2002-08-24,374,2002-08-24,9.14285714285714,40.9523809523809,48.5714285714286,6.85714285714286,-1079306.42857143,-3359866.42857143,3577,9.838160807199587,42.920657258112115,45.828830612105484
2002-08-31,375,2002-08-31,9.57142857142857,40.3333333333333,48.6190476190476,6.80952380952381,-1079306.42857143,-3359866.42857143,3577,9.36911282731576,41.737641099863936,47.42820234460392
2002-09-16,376,2002-09-16,8.42857142857143,40.6190476190476,49.5714285714286,6.66666666666667,-1079306.42857143,-3359866.42857143,3577,8.423384664869472,40.727446959638996,49.36773546370331
2002-09-25,377,2002-09-25,8.14285714285714,40.7619047619048,49.6190476190476,6.76190476190476,-1079306.42857143,-3359866.42857143,3577,7.3436336625180125,41.10431055012483,50.09132559905804
2002-10-11,378,2002-10-11,7.14285714285714,41.2380952380952,50.1428571428571,6.42857142857143,-1079306.42857143,-3359866.42857143,3577,7.262930052402649,41.01562627258608,50.26883539576285
2002-11-03,379,2002-11-03,6.66666666666667,42.7142857142857,49.0,6.71428571428571,-1079306.42857143,-3359866.42857143,3577,6.924596559270448,42.79597079906037,48.83398438506065
2002-11-12,380,2002-11-12,5.95238095238095,44.7142857142857,47.9523809523809,6.52380952380952,-1079306.42857143,-3359866.42857143,3577,7.022104830153317,44.28305543784758,47.26131041300611
2002-11-28,381,2002-11-28,7.23809523809524,47.2857142857143,44.3333333333333,7.47619047619048,-1079306.42857143,-3359866.42857143,3577,7.1606783309559,45.419279379024914,46.025265755909004
2002-12-21,382,2002-12-21,7.66666666666667,45.1904761904762,45.6190476190476,7.42857142857143,-1079306.42857143,-3359866.42857143,3577,7.532499492250687,46.16050822242083,44.93715366160512
2002-12-30,383,2002-12-30,8.76190476190476,43.3809523809524,46.4285714285714,6.80952380952381,-1079306.42857143,-3359866.42857143,3577,7.071306402574695,47.242388158789765,44.3297373421146
2003-01-06,384,2003-01-06,6.71428571428571,52.5238095238095,39.4285714285714,8.09523809523809,-1079306.42857143,-3359866.42857143,3577,6.886297397132275,47.77895994613548,43.95086028521903
2003-01-15,385,2003-01-15,7.71428571428571,43.8571428571429,47.0952380952381,6.76190476190476,-1079306.42857143,-3359866.42857143,3577,7.072446645201003,48.042860132636235,43.48752176615302
2003-01-22,386,2003-01-22,5.14285714285714,50.0,43.3333333333333,6.76190476190476,-1079306.42857143,-3359866.42857143,3577,7.517100031030793,46.13245577950772,44.89716475474319
2003-01-31,387,2003-01-31,8.33333333333333,43.5238095238095,46.7619047619048,6.76190476190476,-1079306.42857143,-3359866.42857143,3577,8.683799172961962,43.93502678950941,45.92013971579849
2003-02-07,388,2003-02-07,8.90476190476191,46.0476190476191,43.5238095238095,6.85714285714286,-1079306.42857143,-3359866.42857143,3577,9.946070441424993,43.33330034258182,45.311450159740616
2003-03-04,389,2003-03-04,14.7142857142857,39.0476190476191,44.8571428571429,6.90476190476191,-1079306.42857143,-3359866.42857143,3577,11.488624894195935,42.7718958028492,44.31551626907003
2003-03-11,390,2003-03-11,12.6666666666667,39.7619047619048,46.1904761904762,6.85714285714286,-1079306.42857143,-3359866.42857143,3577,12.476901839129077,42.16499290182873,43.9475344057322
2003-03-20,391,2003-03-20,12.5238095238095,40.5238095238095,45.4761904761905,6.76190476190476,-1079306.42857143,-3359866.42857143,3577,12.848897232796238,43.895268817862885,41.91219925584626
2003-03-27,392,2003-03-27,13.3809523809524,52.8571428571429,32.5714285714286,7.52380952380952,-1079306.42857143,-3359866.42857143,3577,13.299945668364737,44.96587829094898,40.37946058069295
2003-04-05,393,2003-04-05,11.6190476190476,48.2380952380952,38.8095238095238,8.28571428571429,-1079306.42857143,-3359866.42857143,3577,13.5459370350991,45.918815962152735,39.145455164025165
2003-04-21,394,2003-04-21,15.0,40.1428571428571,43.2857142857143,6.95238095238095,-1079306.42857143,-3359866.42857143,3577,14.381792613988608,45.8756486031959,38.330618813585225
2003-04-28,395,2003-04-28,14.1904761904762,44.3333333333333,40.1428571428571,7.42857142857143,-1079306.42857143,-3359866.42857143,3577,15.378365700344833,44.72984909826344,38.46711802129184
2003-05-23,396,2003-05-23,18.4761904761905,46.3809523809524,33.7142857142857,8.61904761904762,-1079306.42857143,-3359866.42857143,3577,16.48370721125894,41.34921012938969,40.75118276975253
2003-07-09,397,2003-07-09,18.2857142857143,37.0,43.0476190476191,8.0,-1079306.42857143,-3359866.42857143,3577,17.64667015131149,40.309454219664914,40.58924769760077
2003-07-25,398,2003-07-25,17.2380952380952,36.9523809523809,44.6190476190476,7.90476190476191,-1079306.42857143,-3359866.42857143,3577,18.090733827573228,38.79454291837613,41.66512228740708
2003-07-26,399,2003-07-26,16.7619047619048,40.7619047619048,41.0952380952381,7.66666666666667,-1079306.42857143,-3359866.42857143,3577,17.520916647849003,38.87099484622125,42.228728959372795
2003-08-10,400,2003-08-10,16.5238095238095,35.3809523809524,46.7142857142857,6.85714285714286,-1079306.42857143,-3359866.42857143,3577,16.67280810005017,37.403231443473544,44.55585384686885
2003-08-26,401,2003-08-26,16.1428571428571,41.3809523809524,40.9523809523809,8.14285714285714,-1079306.42857143,-3359866.42857143,3577,15.289439147021977,37.26031244296942,46.08686566271015
2003-08-27,402,2003-08-27,16.2380952380952,41.1904761904762,41.2380952380952,7.71428571428571,-1079306.42857143,-3359866.42857143,3577,13.874759915005505,38.25388130960315,46.54144926280452
2003-09-11,403,2003-09-11,9.33333333333333,29.7142857142857,59.8571428571429,8.85714285714286,-1079306.42857143,-3359866.42857143,3577,12.926084235679825,39.85933158687982,45.895700790430766
2003-09-19,404,2003-09-19,12.8571428571429,43.6190476190476,42.0952380952381,7.28571428571429,-1079306.42857143,-3359866.42857143,3577,12.355971170210815,40.489942462072634,45.79572130655039
2003-09-20,405,2003-09-20,13.2857142857143,42.9047619047619,42.3809523809524,6.80952380952381,-1079306.42857143,-3359866.42857143,3577,12.131528945768636,41.386730916136486,45.16760020164918
2003-09-27,406,2003-09-27,10.0952380952381,47.0476190476191,41.6190476190476,11.2380952380952,-1079306.42857143,-3359866.42857143,3577,12.242611877285,43.183954332554706,43.246107865296466
2003-10-05,407,2003-10-05,14.952380952381,39.5714285714286,44.0952380952381,7.09523809523809,-1079306.42857143,-3359866.42857143,3577,13.026169908520927,43.08474497637941,42.53637590479062
2003-10-06,408,2003-10-06,12.8095238095238,45.8095238095238,40.0,6.95238095238095,-1079306.42857143,-3359866.42857143,3577,13.477274015971703,44.981550956776445,40.171790026273186
2003-10-14,409,2003-10-14,14.5714285714286,42.9047619047619,41.0952380952381,6.76190476190476,-1079306.42857143,-3359866.42857143,3577,13.525468855188208,44.593420640240616,40.498821740688754
2003-10-21,410,2003-10-21,12.2857142857143,45.3809523809524,41.0952380952381,7.19047619047619,-1079306.42857143,-3359866.42857143,3577,12.767487414544345,44.840816046691714,40.995867393694084
2003-10-22,411,2003-10-22,12.7142857142857,47.4761904761905,38.2857142857143,6.90476190476191,-1079306.42857143,-3359866.42857143,3577,12.553403768572185,46.98563394808822,39.01945977138892
2003-11-06,412,2003-11-06,12.4761904761905,45.1428571428571,40.9523809523809,7.0,-1079306.42857143,-3359866.42857143,3577,12.327534694405927,47.78826526929528,38.443277955269096
2003-11-07,413,2003-11-07,10.2857142857143,53.0476190476191,35.2380952380952,6.90476190476191,-1079306.42857143,-3359866.42857143,3577,12.000647185629918,47.85095954096787,38.72603699189805
2003-11-22,414,2003-11-22,13.5714285714286,44.1904761904762,40.7142857142857,7.57142857142857,-1079306.42857143,-3359866.42857143,3577,12.74391140335223,47.86103628053378,38.029706619484195
2003-11-30,415,2003-11-30,13.4285714285714,54.2380952380952,31.0952380952381,8.0,-1079306.42857143,-3359866.42857143,3577,13.297540179117146,48.10347302335748,37.27496355553072
2003-12-01,416,2003-12-01,13.5,41.125,44.125,10.625,-1079308.125,-3359883.75,3577,13.666282376032665,48.57381408580373,36.4163410119238
2003-12-08,417,2003-12-08,14.3809523809524,48.0476190476191,36.2380952380952,8.09523809523809,-1079306.42857143,-3359866.42857143,3577,13.447829724453108,49.16705897301139,36.03098132517099
2003-12-09,418,2003-12-09,13.2857142857143,52.1428571428571,33.1904761904762,7.71428571428571,-1079306.42857143,-3359866.42857143,3577,13.243387675274237,49.68142641671311,35.67811961000284
2003-12-16,419,2003-12-16,13.1904761904762,54.4761904761905,30.952380952381,7.57142857142857,-1079306.42857143,-3359866.42857143,3577,12.93926597816742,50.10145919068505,35.530308734495215
2003-12-17,420,2003-12-17,11.25,47.5,39.5,6.25,-1079310.0,-3359805.0,3577,12.454127304989063,51.51225848318529,34.58379202270245
2003-12-25,421,2003-12-25,11.3333333333333,53.0952380952381,34.1428571428571,6.95238095238095,-1079306.42857143,-3359866.42857143,3577,12.524045328956284,50.670412452403426,35.34427259367662
2004-01-09,422,2004-01-09,13.9,46.8,38.1,7.65,-1079304.0,-3359863.5,3577,12.485202934590026,50.72977818443901,35.36956163167137
2004-01-10,423,2004-01-10,13.4761904761905,50.8095238095238,34.3333333333333,7.57142857142857,-1079306.42857143,-3359866.42857143,3577,12.70457711589183,48.828333438049945,37.09121186102461
2004-01-17,424,2004-01-17,12.8571428571429,49.7619047619048,35.9523809523809,7.04761904761905,-1079306.42857143,-3359866.42857143,3577,13.04645852490696,48.471578201813756,37.13019425850872
2004-01-18,425,2004-01-18,12.3333333333333,47.4285714285714,38.9047619047619,7.0,-1079306.42857143,-3359866.42857143,3577,12.92775736294363,48.74650364571421,36.96792387992747
2004-01-25,426,2004-01-25,12.8421052631579,45.5263157894737,40.2105263157895,6.94736842105263,-1079302.89473684,-3359860.26315789,3577,12.912338354164675,46.55560153278212,39.15546847915499
2004-01-26,427,2004-01-26,12.8095238095238,50.2380952380952,35.5714285714286,6.76190476190476,-1079306.42857143,-3359866.42857143,3577,12.615699658006715,46.45336685474495,39.49671119168656
2004-02-02,428,2004-02-02,13.047619047619,46.7142857142857,38.8095238095238,7.09523809523809,-1079306.42857143,-3359866.42857143,3577,12.76224454487258,47.37895410764183,38.42386498406781
2004-02-03,429,2004-02-03,12.2857142857143,47.0476190476191,39.2380952380952,7.04761904761905,-1079306.42857143,-3359866.42857143,3577,12.976635037330505,49.37255791841987,36.27234793341469
2004-02-11,430,2004-02-11,12.952380952381,48.3333333333333,37.3333333333333,6.76190476190476,-1079306.42857143,-3359866.42857143,3577,13.02641435474874,52.2810484827679,33.33621283392659
2004-02-18,431,2004-02-18,14.3809523809524,51.8571428571429,32.4761904761905,7.57142857142857,-1079306.42857143,-3359866.42857143,3577,13.011394666924758,53.962831204961006,31.697915983311255
2004-02-19,432,2004-02-19,12.8095238095238,66.8095238095238,19.047619047619,8.19047619047619,-1079306.42857143,-3359866.42857143,3577,13.440987452065787,53.552470721926625,31.70490787795184
2004-02-27,433,2004-02-27,13.6190476190476,47.0,38.1428571428571,7.38095238095238,-1079306.42857143,-3359866.42857143,3577,13.892936404747926,52.52694534024204,32.29754111511815
2004-03-13,434,2004-03-13,12.8571428571429,53.1428571428571,32.7857142857143,8.0,-1079299.28571429,-3359877.85714286,3577,14.07505600694245,50.0560708641129,34.56319789601007
2004-03-14,435,2004-03-14,15.5238095238095,41.1428571428571,41.8571428571429,7.0,-1079306.42857143,-3359866.42857143,3577,14.179953173759092,46.588028328733415,37.897654976596684
2004-03-21,436,2004-03-21,15.3333333333333,42.1904761904762,41.1428571428571,7.14285714285714,-1079306.42857143,-3359866.42857143,3577,14.677728875869082,43.48710242285442,40.474224433970704
2004-03-22,437,2004-03-22,15.3809523809524,43.1428571428571,40.0952380952381,6.95238095238095,-1079306.42857143,-3359866.42857143,3577,15.113537649139092,42.36608206034815,41.121336351980375
2004-03-29,438,2004-03-29,13.3333333333333,45.5238095238095,39.7619047619048,6.85714285714286,-1079306.42857143,-3359866.42857143,3577,15.693841761950862,42.97479094692073,39.94150483159177
2004-03-30,439,2004-03-30,15.6190476190476,41.4285714285714,41.4761904761905,6.76190476190476,-1079306.42857143,-3359866.42857143,3577,15.564976818844453,44.73554489885089,38.31241153067208
2004-04-14,440,2004-04-14,17.0,48.75,33.0,8.75,-1079310.0,-3359925.0,3577,15.097609305037384,44.229650896052945,39.29786725142176
2004-04-15,441,2004-04-15,16.1904761904762,45.7142857142857,36.6666666666667,7.76190476190476,-1079306.42857143,-3359866.42857143,3577,14.807454671229548,46.26151737838351,37.56784546722068
2004-04-22,442,2004-04-22,13.2857142857143,46.2380952380952,39.0952380952381,5.95238095238095,-1079306.42857143,-3359866.42857143,3577,15.270005536257127,45.83716283715597,37.529755074641116
2004-04-23,443,2004-04-23,15.1904761904762,42.7142857142857,40.8095238095238,7.0,-1079306.42857143,-3359866.42857143,3577,15.092735953414813,47.170843518359675,36.36909598828559
2004-05-08,444,2004-05-08,14.1428571428571,48.3333333333333,36.0,6.09523809523809,-1079306.42857143,-3359866.42857143,3577,16.03407840868902,48.25274338663709,34.27776145422692
2004-05-17,445,2004-05-17,17.2857142857143,53.5238095238095,27.8095238095238,9.47619047619048,-1079306.42857143,-3359866.42857143,3577,16.917681699103326,50.664353036017275,30.936413637957003
2004-06-02,446,2004-06-02,18.6666666666667,51.7619047619048,28.1904761904762,8.57142857142857,-1079306.42857143,-3359866.42857143,3577,17.055748173392693,51.10796496244646,30.382302595920354
2004-06-10,447,2004-06-10,16.2857142857143,47.9523809523809,34.2857142857143,7.85714285714286,-1079306.42857143,-3359866.42857143,3577,16.295470267604067,51.27884164338504,31.090677124728217
2004-06-25,448,2004-06-25,15.1904761904762,55.2380952380952,28.0952380952381,8.95238095238095,-1079306.42857143,-3359866.42857143,3577,14.725103585782517,50.08328101206608,33.949558181751264
2004-06-26,449,2004-06-26,16.6666666666667,46.4444444444444,35.7777777777778,8.22222222222222,-1079301.66666667,-3359908.33333333,3577,12.85232930124381,48.19717502998515,37.79443844768358
2004-07-11,450,2004-07-11,6.6,48.2,44.4,7.0,-1079331.0,-3359817.0,3577,11.700493314733066,46.60947782866589,40.57872282515639
2004-07-12,451,2004-07-12,8.33333333333333,39.0,51.6666666666667,10.1666666666667,-1079260.0,-3359870.0,3577,11.124876155834247,46.4624384902953,41.28245129482903
2004-07-20,452,2004-07-20,13.8095238095238,49.3333333333333,35.5238095238095,8.23809523809524,-1079306.42857143,-3359866.42857143,3577,11.673244196462264,46.79933448044201,40.32941533869724
2004-07-27,453,2004-07-27,14.7619047619048,48.9523809523809,34.8095238095238,8.14285714285714,-1079306.42857143,-3359866.42857143,3577,13.411749241468598,45.91666847084116,39.409174932388865
2004-07-28,454,2004-07-28,15.2380952380952,47.9047619047619,35.4761904761905,7.80952380952381,-1079306.42857143,-3359866.42857143,3577,14.650712389933823,46.664164366229286,37.314194973870286
2004-08-04,455,2004-08-04,15.0,49.3333333333333,34.2857142857143,7.95238095238095,-1079306.42857143,-3359866.42857143,3577,15.133449816038652,48.94806189813791,34.45253549868421
2004-08-05,456,2004-08-05,14.6666666666667,45.1904761904762,38.7619047619048,7.61904761904762,-1079306.42857143,-3359866.42857143,3577,15.233480974845708,49.25517238972085,34.06716939486139
2004-08-20,457,2004-08-20,14.1904761904762,46.9523809523809,37.4285714285714,7.85714285714286,-1079306.42857143,-3359866.42857143,3577,13.465283069710704,49.52752423411362,35.603841581926304
2004-08-21,458,2004-08-21,12.952380952381,50.7142857142857,35.0476190476191,6.90476190476191,-1079306.42857143,-3359866.42857143,3577,12.18538356142368,48.53224206926744,37.907361194804935
2004-08-29,459,2004-08-29,8.23076923076923,55.2307692307692,34.9230769230769,4.69230769230769,-1079318.07692308,-3359858.07692308,3577,11.506730627471958,47.6885549950494,39.42389395949178
2004-09-13,460,2004-09-13,11.6666666666667,43.0,44.0,7.28571428571429,-1079306.42857143,-3359866.42857143,3577,10.813263421501876,46.34942282452899,41.41158143277075
2004-09-29,461,2004-09-29,12.5238095238095,42.7142857142857,43.4285714285714,7.23809523809524,-1079306.42857143,-3359866.42857143,3577,10.466316456284497,45.682369025090836,42.371684920520735
2004-10-07,462,2004-10-07,9.28571428571429,45.4285714285714,43.7142857142857,6.42857142857143,-1079303.57142857,-3359817.85714286,3577,10.363330000342867,45.576952230714504,42.571482783165465
2004-10-08,463,2004-10-08,10.8095238095238,43.2380952380952,44.5238095238095,6.80952380952381,-1079306.42857143,-3359866.42857143,3577,10.601640727901692,45.04759627784044,42.8611555477692
2004-10-15,464,2004-10-15,10.7142857142857,45.1428571428571,42.4761904761905,6.90476190476191,-1079306.42857143,-3359866.42857143,3577,11.076498768916869,45.2350541696817,42.186523943994914
2004-10-23,465,2004-10-23,10.7619047619048,52.0476190476191,35.6190476190476,7.66666666666667,-1079306.42857143,-3359866.42857143,3577,11.263851488763297,46.25117424916406,40.96739914003918
2004-10-24,466,2004-10-24,11.5238095238095,47.3809523809524,39.7619047619048,7.66666666666667,-1079306.42857143,-3359866.42857143,3577,10.978237812692552,47.21686326784876,40.28846306973553
2004-10-31,467,2004-10-31,11.3333333333333,43.7619047619048,43.5714285714286,7.04761904761905,-1079306.42857143,-3359866.42857143,3577,11.171322152016169,46.91720438851411,40.461011761861684
2004-11-01,468,2004-11-01,11.5294117647059,44.4705882352941,42.3529411764706,7.0,-1079305.58823529,-3359880.88235294,3577,11.108476653324608,46.568561002985234,40.89572978328796
2004-11-08,469,2004-11-08,10.3809523809524,47.3809523809524,40.7619047619048,7.33333333333333,-1079306.42857143,-3359866.42857143,3577,10.317274080535505,46.82841011539024,41.420686841088894
2004-11-16,470,2004-11-16,9.23809523809524,48.4761904761905,40.9523809523809,6.80952380952381,-1079306.42857143,-3359866.42857143,3577,9.96258687634637,46.77269427497775,41.84166988514738
2004-12-02,471,2004-12-02,9.57142857142857,48.0952380952381,41.0476190476191,7.33333333333333,-1079306.42857143,-3359866.42857143,3577,9.772013644937111,47.05754736322936,41.72772264601628
2004-12-03,472,2004-12-03,9.38095238095238,48.4285714285714,40.6190476190476,7.04761904761905,-1079306.42857143,-3359866.42857143,3577,9.321735710272215,48.08518030773311,41.17197716664761
2004-12-10,473,2004-12-10,9.30769230769231,46.3846153846154,42.8461538461538,6.92307692307692,-1079304.23076923,-3359839.61538462,3577,9.09639950667178,48.78326926366172,40.7467695715563
2004-12-11,474,2004-12-11,9.0,50.8095238095238,38.9047619047619,8.57142857142857,-1079306.42857143,-3359866.42857143,3577,8.918809628280435,49.37253749010012,40.36696488699512
2004-12-18,475,2004-12-18,10.0,48.2380952380952,40.4285714285714,7.66666666666667,-1079306.42857143,-3359866.42857143,3577,8.833019744859303,50.76586179056072,39.01709877177279
2004-12-19,476,2004-12-19,7.90476190476191,51.8571428571429,38.9047619047619,7.04761904761905,-1079306.42857143,-3359866.42857143,3577,8.824363216166493,51.698768693789546,38.10035787126489
2004-12-26,477,2004-12-26,7.47619047619048,54.8095238095238,36.3809523809524,6.52380952380952,-1079306.42857143,-3359866.42857143,3577,8.864284872663514,52.339856668290125,37.470154860018866
2004-12-27,478,2004-12-27,10.2380952380952,53.4761904761905,34.9047619047619,7.0,-1079306.42857143,-3359866.42857143,3577,9.198743683083812,52.17512474822959,37.314759563682316
2005-01-03,479,2005-01-03,9.28571428571429,49.9523809523809,39.3809523809524,7.52380952380952,-1079306.42857143,-3359866.42857143,3577,9.366101197562639,51.00630316535127,38.296999118007335
2005-01-04,480,2005-01-04,9.8125,49.875,38.9375,7.375,-1079308.125,-3359883.75,3577,9.481071495582459,49.950510402902324,39.231125749889245
2005-01-11,481,2005-01-11,9.76190476190476,46.8095238095238,42.2857142857143,6.90476190476191,-1079306.42857143,-3359866.42857143,3577,9.423679326348193,49.39942088354664,39.838577250916515
2005-01-12,482,2005-01-12,8.66666666666667,50.8571428571429,39.0952380952381,6.90476190476191,-1079306.42857143,-3359866.42857143,3577,9.018644668024123,49.48952131459132,40.10416131855162
2005-01-19,483,2005-01-19,8.38095238095238,48.6666666666667,41.3809523809524,6.90476190476191,-1079306.42857143,-3359866.42857143,3577,8.36721347537786,49.199719913721864,40.97760708073564
2005-01-20,484,2005-01-20,7.19047619047619,51.2380952380952,40.1428571428571,6.76190476190476,-1079306.42857143,-3359866.42857143,3577,7.512717094565819,52.00819420516787,39.00076658377159
2005-01-28,485,2005-01-28,7.71428571428571,53.8571428571429,36.8571428571429,6.76190476190476,-1079306.42857143,-3359866.42857143,3577,7.2511383740088045,50.21669726042042,41.01471161706617
2005-02-05,486,2005-02-05,6.76190476190476,50.1428571428571,41.5714285714286,6.76190476190476,-1079306.42857143,-3359866.42857143,3577,7.142057890508836,49.977941563073415,41.36560988030959
2005-02-12,487,2005-02-12,6.90476190476191,51.6190476190476,39.9523809523809,6.14285714285714,-1079306.42857143,-3359866.42857143,3577,7.1502801249307595,51.68546456123083,39.68152145841183
2005-02-13,488,2005-02-13,7.85714285714286,49.0476190476191,41.7619047619048,5.66666666666667,-1079306.42857143,-3359866.42857143,3577,7.366761721249787,53.12244566578138,38.101528502451615
2005-02-20,489,2005-02-20,6.66666666666667,57.4285714285714,34.5714285714286,5.0,-1079306.42857143,-3359866.42857143,3577,7.60165994995603,55.097199498120055,35.86448381339488
2005-02-21,490,2005-02-21,8.95238095238095,45.4285714285714,44.0476190476191,6.66666666666667,-1079306.42857143,-3359866.42857143,3577,7.4504386222641354,57.76482220908601,33.3625509337534
2005-03-01,491,2005-03-01,6.90476190476191,77.9523809523809,13.8095238095238,6.90476190476191,-1079306.42857143,-3359866.42857143,3577,7.319893728561368,58.213939826934215,33.035146484057975
2005-03-08,492,2005-03-08,6.42857142857143,55.0476190476191,37.0,6.52380952380952,-1079306.42857143,-3359866.42857143,3577,6.958540427579637,58.1765257446285,33.403768058561845
2005-03-16,493,2005-03-16,7.5,51.5,39.5,6.0,-1079340.0,-3359895.0,3577,6.668162075281823,56.30848185181709,35.53846274124382
2005-03-17,494,2005-03-17,5.85714285714286,56.1428571428571,36.4761904761905,6.80952380952381,-1079306.42857143,-3359866.42857143,3577,6.276073255948482,56.33602981125359,35.879133766125314
2005-03-24,495,2005-03-24,5.90476190476191,52.4761904761905,40.3809523809524,6.57142857142857,-1079306.42857143,-3359866.42857143,3577,7.000971165056809,52.146862425492415,39.430377671857855
2005-03-25,496,2005-03-25,8.0,46.2222222222222,44.1111111111111,7.0,-1079301.66666667,-3359908.33333333,3577,7.095358202168288,50.62996738382979,40.89534115694496
2005-04-09,497,2005-04-09,6.52380952380952,61.0952380952381,31.0952380952381,7.71428571428571,-1079306.42857143,-3359866.42857143,3577,7.149318932144306,51.14901667869396,40.30919202207983
2005-04-18,498,2005-04-18,8.85714285714286,54.1904761904762,35.5714285714286,7.0,-1079306.42857143,-3359866.42857143,3577,7.583831908999229,58.937256848648495,32.08552877947772
2005-04-25,499,2005-04-25,7.61904761904762,57.1428571428571,33.9523809523809,7.04761904761905,-1079306.42857143,-3359866.42857143,3577,7.764943670424207,60.3793448502883,30.436315904896304
2005-04-26,500,2005-04-26,8.95238095238095,50.9047619047619,38.8095238095238,7.0,-1079306.42857143,-3359866.42857143,3577,7.776813030955018,61.0090438608832,29.750258816635707
2005-05-04,501,2005-05-04,4.14285714285714,81.4285714285714,12.6190476190476,4.14285714285714,-1079306.42857143,-3359866.42857143,3577,7.934973361488304,61.60855583437068,29.054523270690844
2005-05-12,502,2005-05-12,11.2857142857143,62.5238095238095,24.8095238095238,10.4761904761905,-1079306.42857143,-3359866.42857143,3577,8.89529277254514,60.43988662745725,29.29931043480049
2005-05-27,503,2005-05-27,11.5714285714286,52.6666666666667,34.4761904761905,7.80952380952381,-1079306.42857143,-3359866.42857143,3577,10.457653922594998,57.680565594780234,30.451062444501694
2005-06-04,504,2005-06-04,8.35294117647059,41.5882352941176,48.7647058823529,20.2352941176471,-1079305.58823529,-3359852.64705882,3577,11.952461731188766,55.86211269455744,30.785837242944254
2005-06-05,505,2005-06-05,14.2380952380952,60.1428571428571,24.2380952380952,10.1428571428571,-1079306.42857143,-3359866.42857143,3577,13.048923334297438,53.002494439929606,32.49888562235551
2005-06-12,506,2005-06-12,16.1428571428571,56.3809523809524,26.1428571428571,11.952380952381,-1079306.42857143,-3359866.42857143,3577,13.652728319453622,51.10674574013821,33.7524221665493
2005-06-13,507,2005-06-13,14.3333333333333,49.3333333333333,34.3333333333333,9.0,-1079295.0,-3359805.0,3577,14.162696103141958,49.71430663671771,34.57870909518541
2005-06-21,508,2005-06-21,12.5238095238095,49.0476190476191,36.9523809523809,7.23809523809524,-1079306.42857143,-3359866.42857143,3577,13.731943040263658,51.88913023477901,32.80233419224002
2005-06-28,509,2005-06-28,12.3333333333333,51.5714285714286,34.6190476190476,8.95238095238095,-1079306.42857143,-3359866.42857143,3577,13.942506046128045,50.668286730562905,33.861221580575446
2005-07-06,510,2005-07-06,12.7142857142857,49.7142857142857,36.0952380952381,8.52380952380952,-1079306.42857143,-3359866.42857143,3577,13.392125266827314,48.82208151830443,36.347388179107384
2005-07-07,511,2005-07-07,15.4285714285714,45.2380952380952,38.0952380952381,8.38095238095238,-1079306.42857143,-3359866.42857143,3577,12.518451863195933,46.57078428157682,39.54395674136478
2005-07-23,512,2005-07-23,12.4761904761905,47.0476190476191,39.1904761904762,7.71428571428571,-1079306.42857143,-3359866.42857143,3577,12.306769597789426,48.10118673895046,38.29359185705364
2005-07-30,513,2005-07-30,10.6190476190476,49.0952380952381,39.0,7.95238095238095,-1079306.42857143,-3359866.42857143,3577,12.094914373550331,48.354621642540124,38.291108272526714
2005-07-31,514,2005-07-31,11.2857142857143,48.6666666666667,38.5714285714286,7.61904761904762,-1079306.42857143,-3359866.42857143,3577,11.321503058343463,46.55789102537634,40.77846611592135
2005-08-08,515,2005-08-08,10.3333333333333,45.6190476190476,42.8095238095238,7.61904761904762,-1079306.42857143,-3359866.42857143,3577,10.28143311796407,46.751386693794586,41.60468447960088
2005-08-15,516,2005-08-15,10.047619047619,47.6666666666667,40.8571428571429,8.09523809523809,-1079306.42857143,-3359866.42857143,3577,9.503464543710773,47.52178574778486,41.59500664453604
2005-09-09,517,2005-09-09,9.38095238095238,48.8571428571429,40.4761904761905,8.61904761904762,-1079306.42857143,-3359866.42857143,3577,9.280512057600422,47.99793292362236,41.3344354304045
2005-09-16,518,2005-09-16,10.047619047619,43.2380952380952,45.2380952380952,7.28571428571429,-1079306.42857143,-3359866.42857143,3577,9.611832440004349,48.9083197504177,40.14125554527431
2005-09-17,519,2005-09-17,9.0,48.2857142857143,41.2857142857143,7.19047619047619,-1079306.42857143,-3359866.42857143,3577,10.80055754358997,47.03851360197405,40.80301432313206
2005-09-24,520,2005-09-24,11.1333333333333,55.9333333333333,31.7333333333333,9.33333333333333,-1079301.0,-3359847.0,3577,11.350675021571158,46.67040163138537,40.619680319674245
2005-10-02,521,2005-10-02,12.6666666666667,43.0952380952381,43.0,7.71428571428571,-1079306.42857143,-3359866.42857143,3577,11.966908736256801,46.60373578948733,40.08905593889514
2005-10-03,522,2005-10-03,13.3809523809524,45.1904761904762,40.0,7.52380952380952,-1079306.42857143,-3359866.42857143,3577,12.47530745827774,47.082787181851344,39.15654881753369
2005-10-10,523,2005-10-10,13.5714285714286,43.5238095238095,41.5714285714286,7.52380952380952,-1079306.42857143,-3359866.42857143,3577,12.566505218206135,47.69979143662643,38.46961191542662
2005-10-11,524,2005-10-11,12.9047619047619,43.0476190476191,42.6666666666667,7.38095238095238,-1079306.42857143,-3359866.42857143,3577,12.221831316256747,48.265084760433595,38.25152092488983
2005-10-18,525,2005-10-18,7.5,63.0,28.5,14.25,-1079287.5,-3359835.0,3577,12.112643599948303,48.518345019266576,38.0411948216845
2005-11-03,526,2005-11-03,14.7142857142857,46.5238095238095,37.4761904761905,7.76190476190476,-1079306.42857143,-3359866.42857143,3577,12.153407995511454,49.326193929901734,37.193300507536435
2005-11-11,527,2005-11-11,12.8571428571429,47.7619047619048,37.9523809523809,7.38095238095238,-1079306.42857143,-3359866.42857143,3577,12.835887023191617,49.72850884924445,36.15613385581884
2005-11-12,528,2005-11-12,12.3809523809524,45.2857142857143,40.9523809523809,7.04761904761905,-1079306.42857143,-3359866.42857143,3577,13.671222997846364,48.135142463308654,36.95458875489282
2005-11-19,529,2005-11-19,14.7619047619048,48.5238095238095,35.3809523809524,7.95238095238095,-1079306.42857143,-3359866.42857143,3577,13.671581256718554,47.52624259125097,37.54904177349435
2005-11-20,530,2005-11-20,15.3,46.6,37.0,8.0,-1079307.0,-3359904.0,3577,14.056952470405971,45.45202671028379,39.23431440750454
2005-11-27,531,2005-11-27,13.0,46.0,40.0,10.0,-1079355.0,-3359820.0,3577,13.185773383556612,46.213985585733866,39.336195121852505
2005-12-06,532,2005-12-06,11.8571428571429,49.3809523809524,37.3809523809524,7.57142857142857,-1079306.42857143,-3359866.42857143,3577,12.112230945999091,49.506612126454705,37.14540137562922
2005-12-22,533,2005-12-22,10.7142857142857,50.5714285714286,37.2857142857143,7.04761904761905,-1079306.42857143,-3359866.42857143,3577,12.173680570439895,50.41695343236624,36.118174692651316
2005-12-29,534,2005-12-29,11.6190476190476,49.5714285714286,37.3333333333333,7.09523809523809,-1079306.42857143,-3359866.42857143,3577,12.040984339148785,51.81250128373671,34.757185360478566
2006-01-14,535,2006-01-14,15.1538461538462,51.2307692307692,32.3076923076923,8.15384615384615,-1079304.23076923,-3359895.0,3577,12.533097346408177,51.96644202030423,34.02104706438563
2006-02-07,536,2006-02-07,10.5714285714286,60.3809523809524,27.6190476190476,7.09523809523809,-1079306.42857143,-3359866.42857143,3577,13.831726620602865,51.990789971313276,32.67711012096092
2006-02-15,537,2006-02-15,17.5,47.25,33.75,8.0,-1079310.0,-3359925.0,3577,14.977842352929422,51.63887495769315,31.927702626018885
2006-02-16,538,2006-02-16,14.8095238095238,50.2380952380952,33.3809523809524,7.38095238095238,-1079306.42857143,-3359866.42857143,3577,15.496298132378637,51.738668572406254,31.342666382219434
2006-02-24,539,2006-02-24,16.4285714285714,48.8571428571429,33.2857142857143,7.71428571428571,-1079306.42857143,-3359866.42857143,3577,15.91555330132556,51.776621699088494,30.890350112131486
2006-03-03,540,2006-03-03,16.3809523809524,50.9523809523809,31.4285714285714,7.95238095238095,-1079306.42857143,-3359866.42857143,3577,16.299266351510262,50.57369463138638,31.76524229101048
2006-03-04,541,2006-03-04,15.952380952381,53.8095238095238,29.0,7.61904761904762,-1079306.42857143,-3359866.42857143,3577,16.718549449697953,49.30500615452529,32.65107517383482
2006-03-11,542,2006-03-11,15.8571428571429,51.3809523809524,31.3333333333333,7.76190476190476,-1079306.42857143,-3359866.42857143,3577,16.836734548760845,48.85593255465953,33.01454500698225
2006-03-19,543,2006-03-19,17.8571428571429,46.7142857142857,34.0952380952381,7.80952380952381,-1079306.42857143,-3359866.42857143,3577,16.518313487032596,49.523810615407655,32.661845060173825
2006-03-20,544,2006-03-20,18.8571428571429,43.1904761904762,36.7619047619048,7.57142857142857,-1079306.42857143,-3359866.42857143,3577,17.596872111222538,47.950461527022824,33.13180779033499
2006-03-28,545,2006-03-28,17.6470588235294,46.5882352941176,34.4117647058824,7.47058823529412,-1079305.58823529,-3359852.64705882,3577,18.59157627414499,46.66488345321192,33.3821969173859
2006-04-04,546,2006-04-04,17.75,51.0,29.75,8.5,-1079310.0,-3359805.0,3577,19.531584586569377,46.11178047123679,32.99747256931249
2006-04-12,547,2006-04-12,20.1428571428571,47.2380952380952,31.3333333333333,8.47619047619048,-1079306.42857143,-3359866.42857143,3577,20.54214433884269,46.1964875901362,31.932219938133947
2006-04-20,548,2006-04-20,23.6666666666667,44.8571428571429,30.1904761904762,9.23809523809524,-1079306.42857143,-3359866.42857143,3577,21.422154224543576,46.257678448085386,31.01498651593799
2006-04-21,549,2006-04-21,22.8571428571429,42.5238095238095,33.2857142857143,8.61904761904762,-1079306.42857143,-3359866.42857143,3577,22.03092876285043,45.2709447566874,31.395820366722617
2006-04-29,550,2006-04-29,21.2380952380952,46.4761904761905,31.0,8.80952380952381,-1079306.42857143,-3359866.42857143,3577,22.113685504833626,45.381899936243464,31.19939409221405
2006-05-06,551,2006-05-06,20.8125,48.6875,29.25,9.0625,-1079308.125,-3359883.75,3577,22.117463892717822,45.82158156676003,30.72514009392079
2006-05-07,552,2006-05-07,23.8095238095238,43.6190476190476,31.1904761904762,8.66666666666667,-1079306.42857143,-3359866.42857143,3577,22.1328522635287,47.83769867523252,28.654864424710823
2006-05-14,553,2006-05-14,21.047619047619,48.0476190476191,29.4761904761905,9.04761904761905,-1079306.42857143,-3359866.42857143,3577,22.05324139224738,49.03225077295554,27.513367695252143
2006-05-30,554,2006-05-30,21.3809523809524,52.3809523809524,24.7619047619048,10.7619047619048,-1079306.42857143,-3359866.42857143,3577,22.718745328455547,49.543501712418475,26.34860882151511
2006-06-07,555,2006-06-07,22.8571428571429,54.3809523809524,21.3333333333333,10.6666666666667,-1079306.42857143,-3359866.42857143,3577,22.71424827751888,49.677118353775036,26.241880668347353
2006-06-08,556,2006-06-08,25.0952380952381,44.9047619047619,28.7619047619048,9.52380952380952,-1079306.42857143,-3359866.42857143,3577,22.12037543209815,49.34711425055116,27.215488072295162
2006-06-15,557,2006-06-15,21.6190476190476,47.7619047619048,29.4761904761905,9.61904761904762,-1079306.42857143,-3359866.42857143,3577,21.536639057533687,48.737661461338405,28.45078863344692
2006-06-24,558,2006-06-24,19.3809523809524,45.1428571428571,34.1428571428571,7.42857142857143,-1079306.42857143,-3359866.42857143,3577,20.96661858523002,47.92273715705663,29.85454096986159
2006-07-09,559,2006-07-09,19.952380952381,51.8095238095238,26.952380952381,8.80952380952381,-1079306.42857143,-3359866.42857143,3577,20.539305895339993,46.558770434924455,31.658746825924755
2006-07-17,560,2006-07-17,17.2857142857143,45.7619047619048,35.7142857142857,8.80952380952381,-1079306.42857143,-3359866.42857143,3577,19.626787041644803,45.86639573016596,33.22550411404404
2006-07-18,561,2006-07-18,22.6190476190476,44.6190476190476,31.4285714285714,8.80952380952381,-1079306.42857143,-3359866.42857143,3577,19.00818273573408,46.240857182026744,33.42695591301904
2006-07-26,562,2006-07-26,19.9047619047619,45.0,33.6666666666667,8.47619047619048,-1079306.42857143,-3359866.42857143,3577,19.075062192706405,46.17490146591624,33.40121797706438
2006-08-10,563,2006-08-10,17.2857142857143,47.1428571428571,34.2857142857143,8.57142857142857,-1079306.42857143,-3359866.42857143,3577,18.967968048460566,44.95696048017358,34.684452802094675
2006-08-11,564,2006-08-11,17.7142857142857,44.7619047619048,36.1904761904762,8.04761904761905,-1079306.42857143,-3359866.42857143,3577,18.28340080971385,46.150560481822936,34.20311886255647
2006-08-18,565,2006-08-18,17.7142857142857,45.7619047619048,35.0,8.52380952380952,-1079306.42857143,-3359866.42857143,3577,17.571748169268744,46.549393846600495,34.50386661841253
2006-08-19,566,2006-08-19,17.3333333333333,48.1428571428571,33.2380952380952,8.33333333333333,-1079306.42857143,-3359866.42857143,3577,16.827663564503148,47.000042269385084,34.7983801544121
2006-08-27,567,2006-08-27,16.4761904761905,45.1428571428571,36.9523809523809,7.71428571428571,-1079306.42857143,-3359866.42857143,3577,15.840852645803835,45.962604752547875,36.80318831759101
2006-09-03,568,2006-09-03,14.1428571428571,48.7142857142857,35.7619047619048,7.80952380952381,-1079306.42857143,-3359866.42857143,3577,15.516609293696764,45.48195671914925,37.59747484395648
2006-09-04,569,2006-09-04,15.8571428571429,46.5714285714286,36.3809523809524,7.95238095238095,-1079306.42857143,-3359866.42857143,3577,14.6327593974631,45.35376229707536,38.61422319840415
2006-09-12,570,2006-09-12,13.6666666666667,37.6666666666667,47.0,6.0,-1079255.0,-3359845.0,3577,13.799991546119536,45.130177594090824,39.71092398907952
2006-09-19,571,2006-09-19,12.3809523809524,46.1904761904762,40.0952380952381,7.61904761904762,-1079306.42857143,-3359866.42857143,3577,13.306077823103717,44.59555662246113,40.770494172012235
2006-09-20,572,2006-09-20,13.0,47.8461538461538,37.8461538461538,7.76923076923077,-1079304.23076923,-3359895.0,3577,12.849294997059364,45.55690336961108,40.24718381049118
2006-09-27,573,2006-09-27,13.0952380952381,47.4761904761905,38.2380952380952,7.57142857142857,-1079306.42857143,-3359866.42857143,3577,12.643914192544335,45.1220099728921,40.89130028127496
2006-09-28,574,2006-09-28,12.9047619047619,43.9047619047619,41.8095238095238,7.57142857142857,-1079306.42857143,-3359866.42857143,3577,12.528448492793874,45.3202116143505,40.76990031061118
2006-10-05,575,2006-10-05,12.5714285714286,44.8095238095238,41.1904761904762,7.57142857142857,-1079306.42857143,-3359866.42857143,3577,12.667366141515181,46.09420948240648,39.80142057094844
2006-10-06,576,2006-10-06,12.2380952380952,47.4761904761905,38.7619047619048,7.47619047619048,-1079306.42857143,-3359866.42857143,3577,13.050181750957014,46.7107684333255,38.81047530848948
2006-10-13,577,2006-10-13,13.1538461538462,46.8461538461538,38.4615384615385,7.92307692307692,-1079304.23076923,-3359895.0,3577,13.222594101158979,47.10980546724163,38.20614399980731
2006-10-14,578,2006-10-14,14.3809523809524,44.0,40.2857142857143,7.57142857142857,-1079306.42857143,-3359866.42857143,3577,13.608446944884314,49.180088229861994,35.844123647434316
2006-10-29,579,2006-10-29,13.8823529411765,57.3529411764706,27.4117647058824,9.64705882352941,-1079305.58823529,-3359880.88235294,3577,14.068362324767303,50.35552211030287,34.273751107378814
2006-11-06,580,2006-11-06,14.2857142857143,49.0952380952381,35.4285714285714,6.52380952380952,-1079306.42857143,-3359866.42857143,3577,14.383202415908201,50.70365536936505,33.65877811468806
2006-11-07,581,2006-11-07,13.4285714285714,51.5238095238095,34.0,8.95238095238095,-1079306.42857143,-3359866.42857143,3577,14.140532907692677,49.4997745685953,35.090805804788914
2006-11-14,582,2006-11-14,14.7368421052632,48.3684210526316,35.4736842105263,8.0,-1079309.21052632,-3359872.89473684,3577,13.433470080347746,49.315236497150686,35.961249416246204
2006-11-15,583,2006-11-15,13.2857142857143,46.8571428571429,38.5238095238095,7.85714285714286,-1079306.42857143,-3359866.42857143,3577,12.759870160477865,49.02328340919373,36.8794358794476
2006-11-22,584,2006-11-22,11.7142857142857,46.7619047619048,39.9047619047619,7.80952380952381,-1079306.42857143,-3359866.42857143,3577,12.370446567595685,48.63887083024433,37.58188023420102
2006-11-23,585,2006-11-23,11.8095238095238,50.1428571428571,36.7142857142857,7.71428571428571,-1079306.42857143,-3359866.42857143,3577,12.396391345044709,48.79022365151812,37.3833839330745
2006-11-30,586,2006-11-30,11.7619047619048,50.8571428571429,36.0476190476191,7.95238095238095,-1079306.42857143,-3359866.42857143,3577,13.012458122722133,50.03558280608917,35.54233814470551
2006-12-08,587,2006-12-08,14.047619047619,53.8095238095238,30.8095238095238,8.76190476190476,-1079306.42857143,-3359866.42857143,3577,13.665388380424204,49.71217297380599,35.23330528237736
2006-12-09,588,2006-12-09,14.9333333333333,46.5333333333333,37.0666666666667,8.0,-1079309.0,-3359887.0,3577,13.947032199643335,49.94052494880939,34.73561401324247
2006-12-16,589,2006-12-16,14.1904761904762,50.3809523809524,34.0476190476191,8.42857142857143,-1079306.42857143,-3359866.42857143,3577,13.692789462992707,50.3972140102503,34.5680381076696
2006-12-24,590,2006-12-24,14.047619047619,49.1428571428571,35.5714285714286,7.95238095238095,-1079306.42857143,-3359866.42857143,3577,12.959047853589247,50.80838376019505,34.886277228957795
2006-12-25,591,2006-12-25,12.1875,49.1875,37.1875,7.625,-1079302.5,-3359850.0,3577,12.155387504650388,50.66176245064807,35.798726363930015
2007-01-01,592,2007-01-01,9.0,53.5,36.0,7.0,-1079280.0,-3359805.0,3577,11.446578898396083,50.7331550673193,36.44776424555293
2007-01-02,593,2007-01-02,10.6666666666667,52.8571428571429,35.2857142857143,11.5714285714286,-1079306.42857143,-3359866.42857143,3577,11.322291794890733,50.40069873366335,36.90072821914377
2007-01-09,594,2007-01-09,12.0952380952381,50.8095238095238,35.7619047619048,8.0,-1079306.42857143,-3359866.42857143,3577,11.853810598584364,49.937645752073294,36.7869015014858
2007-01-17,595,2007-01-17,14.5,45.0,38.75,8.0,-1079310.0,-3359925.0,3577,12.50225915724954,48.95921809098324,37.088618875958545
2007-01-18,596,2007-01-18,13.4285714285714,46.5714285714286,38.7142857142857,7.71428571428571,-1079306.42857143,-3359866.42857143,3577,13.180069736762805,48.51554437563776,36.8332156104934
2007-02-02,597,2007-02-02,13.2380952380952,49.8095238095238,35.4761904761905,7.80952380952381,-1079306.42857143,-3359866.42857143,3577,13.95542821471404,47.49306137618122,37.07591763241365
2007-02-03,598,2007-02-03,14.2380952380952,48.8571428571429,35.3809523809524,7.61904761904762,-1079306.42857143,-3359866.42857143,3577,14.203937896466725,48.124562679315545,36.20692639403398
2007-02-11,599,2007-02-11,12.952380952381,50.2380952380952,35.3333333333333,7.76190476190476,-1079306.42857143,-3359866.42857143,3577,14.060733384260681,49.42344600702996,35.04855954158836
2007-03-06,600,2007-03-06,14.0952380952381,49.6190476190476,35.0,7.85714285714286,-1079306.42857143,-3359866.42857143,3577,13.91651743509119,50.68449816436676,34.01805341201118
2007-03-07,601,2007-03-07,15.1428571428571,47.8571428571429,35.5238095238095,7.85714285714286,-1079306.42857143,-3359866.42857143,3577,14.168009493084753,50.009245656297026,34.48320513335478
2007-03-14,602,2007-03-14,14.3333333333333,51.6666666666667,32.7619047619048,7.14285714285714,-1079306.42857143,-3359866.42857143,3577,14.086291933039032,49.96039220496681,34.61321246692245
2007-03-15,603,2007-03-15,13.047619047619,52.8571428571429,32.8095238095238,7.85714285714286,-1079306.42857143,-3359866.42857143,3577,13.647388730978001,49.49616431039842,35.57296779587269
2007-03-23,604,2007-03-23,13.3333333333333,45.1904761904762,40.0952380952381,6.52380952380952,-1079306.42857143,-3359866.42857143,3577,13.00763220267668,48.619557944628106,37.09723506626977
2007-03-30,605,2007-03-30,12.7619047619048,48.1904761904762,37.9523809523809,7.66666666666667,-1079306.42857143,-3359866.42857143,3577,12.92200472386037,48.08664304391142,37.706217887713805
2007-03-31,606,2007-03-31,13.5714285714286,47.0476190476191,37.9047619047619,7.61904761904762,-1079306.42857143,-3359866.42857143,3577,13.266879663162529,47.91109406588568,37.499970102131684
2007-04-15,607,2007-04-15,11.3809523809524,53.5238095238095,33.7619047619048,7.23809523809524,-1079306.42857143,-3359866.42857143,3577,13.547219550313528,48.77143908722128,36.33659516437612
2007-04-16,608,2007-04-16,15.0,43.1111111111111,40.5555555555556,7.55555555555556,-1079301.66666667,-3359908.33333333,3577,13.977893107922005,49.67991545777181,34.926155329013895
2007-04-24,609,2007-04-24,14.6666666666667,53.5714285714286,30.3333333333333,8.09523809523809,-1079306.42857143,-3359866.42857143,3577,13.768565799523516,52.32748881664507,32.47360933699459
2007-05-01,610,2007-05-01,15.6666666666667,56.1333333333333,26.6666666666667,7.53333333333333,-1079325.0,-3359865.0,3577,13.450573162645474,53.82849570449384,31.28130821706206
2007-05-02,611,2007-05-02,12.1904761904762,53.7142857142857,32.6190476190476,7.66666666666667,-1079306.42857143,-3359866.42857143,3577,13.90338454115338,54.39541203549678,30.243088911428046
2007-05-09,612,2007-05-09,11.0,56.0,31.625,7.75,-1079310.0,-3359820.0,3577,13.724740687586952,54.24327452732215,30.582287294744017
2007-05-10,613,2007-05-10,14.3809523809524,51.8095238095238,32.3333333333333,7.76190476190476,-1079306.42857143,-3359866.42857143,3577,13.252804986549144,53.47517497981096,31.809186298732612
2007-05-17,614,2007-05-17,13.3809523809524,54.2857142857143,31.0,8.33333333333333,-1079306.42857143,-3359866.42857143,3577,12.97657554004109,52.472238717586904,33.13085065948347
2007-05-18,615,2007-05-18,16.0,47.25,35.25,8.5,-1079310.0,-3359925.0,3577,12.872673250380302,51.77506203805739,33.973716814655994
2007-05-25,616,2007-05-25,13.7142857142857,52.3809523809524,32.4285714285714,8.28571428571429,-1079306.42857143,-3359866.42857143,3577,14.577401958204739,49.25499500498765,34.75480414837478
2007-05-26,617,2007-05-26,10.5238095238095,47.9523809523809,40.2380952380952,13.0952380952381,-1079306.42857143,-3359866.42857143,3577,15.610696836700704,48.588482724698366,34.397376488315594
2007-06-02,618,2007-06-02,16.5714285714286,52.9047619047619,29.2380952380952,8.90476190476191,-1079306.42857143,-3359866.42857143,3577,15.243712943401073,49.43121043042905,33.94302317908618
2007-06-11,619,2007-06-11,17.7619047619048,49.9047619047619,30.9047619047619,8.66666666666667,-1079306.42857143,-3359866.42857143,3577,15.162127861816007,51.94913213720486,31.560512629780334
2007-06-26,620,2007-06-26,16.5714285714286,50.8571428571429,31.1428571428571,9.61904761904762,-1079306.42857143,-3359866.42857143,3577,15.471466613879178,54.3342403210743,28.87750922967208
2007-06-27,621,2007-06-27,18.4285714285714,47.2380952380952,33.0,8.95238095238095,-1079306.42857143,-3359866.42857143,3577,15.627888107761951,55.98844808441494,27.091380239982996
2007-07-04,622,2007-07-04,7.0,74.0,18.0,16.0,-1079265.0,-3359805.0,3577,15.723831380175799,56.07570680093061,26.89626704564383
2007-07-05,623,2007-07-05,16.5714285714286,54.6190476190476,27.3809523809524,10.9047619047619,-1079306.42857143,-3359866.42857143,3577,15.001415509153208,56.553218711104975,27.16868477239589
2007-07-29,624,2007-07-29,18.2857142857143,52.1428571428571,28.2857142857143,10.2857142857143,-1079316.42857143,-3359912.14285714,3577,14.180151831971571,55.07109569004433,29.46587753755687
2007-08-05,625,2007-08-05,13.9047619047619,49.3333333333333,35.3333333333333,8.76190476190476,-1079306.42857143,-3359866.42857143,3577,14.116793056508733,53.98457884894322,30.58338006360888
2007-08-06,626,2007-08-06,13.5238095238095,49.8095238095238,35.4285714285714,8.66666666666667,-1079306.42857143,-3359866.42857143,3577,14.172630378272457,50.79746236139854,33.67348591711031
2007-08-13,627,2007-08-13,11.9047619047619,53.1428571428571,33.5714285714286,8.61904761904762,-1079306.42857143,-3359866.42857143,3577,13.381734295312905,48.93627207117781,36.27381156589949
2007-08-21,628,2007-08-21,12.1428571428571,50.2380952380952,36.1904761904762,8.57142857142857,-1079306.42857143,-3359866.42857143,3577,12.12790923254542,47.943328621042326,38.499754076195096
2007-08-29,629,2007-08-29,11.4615384615385,47.0769230769231,39.8461538461538,7.76923076923077,-1079304.23076923,-3359895.0,3577,9.853247500691843,50.44694263424158,38.24809091836384
2007-09-06,630,2007-09-06,9.66666666666667,50.2380952380952,38.7619047619048,7.66666666666667,-1079306.42857143,-3359866.42857143,3577,9.675971464431559,49.904777904472766,38.90968521832431
2007-09-22,631,2007-09-22,9.0,47.7619047619048,41.7142857142857,7.14285714285714,-1079306.42857143,-3359866.42857143,3577,9.142281797347124,50.210100152281285,39.12233662185446
2007-09-30,632,2007-09-30,6.375,55.5,36.5,7.375,-1079310.0,-3359820.0,3577,8.51864233844936,50.68706115270018,39.266660028859434
2007-10-01,633,2007-10-01,9.80952380952381,48.7619047619048,39.9523809523809,7.57142857142857,-1079306.42857143,-3359866.42857143,3577,8.430390192088149,51.79035511602017,38.26478354145083
2007-10-16,634,2007-10-16,9.33333333333333,53.4285714285714,35.7142857142857,7.76190476190476,-1079306.42857143,-3359866.42857143,3577,8.757529304860691,52.38506577568667,37.3939247225688
2007-10-25,635,2007-10-25,8.41666666666667,52.9166666666667,37.3333333333333,8.0,-1079307.5,-3359897.5,3577,8.936110200427738,52.55109209674987,37.090125818448435
2007-11-01,636,2007-11-01,8.14285714285714,53.5238095238095,36.8571428571429,7.04761904761905,-1079306.42857143,-3359866.42857143,3577,8.977791429415465,53.223336776734385,36.38914259114952
2007-11-10,637,2007-11-10,10.1428571428571,53.9523809523809,34.5238095238095,7.80952380952381,-1079306.42857143,-3359866.42857143,3577,8.479491741487367,54.22367158124861,35.890674083393165
2007-12-19,638,2007-12-19,7.76190476190476,54.3809523809524,36.4285714285714,7.66666666666667,-1079306.42857143,-3359866.42857143,3577,7.666185981200305,56.27927877075643,34.60706373089755
2008-01-13,639,2008-01-13,6.76190476190476,56.2857142857143,35.6190476190476,7.14285714285714,-1079306.42857143,-3359866.42857143,3577,7.035651783715739,58.12816002366217,33.33676411307492
2008-01-20,640,2008-01-20,5.0,63.0,30.25,7.25,-1079310.0,-3359925.0,3577,6.521341661433562,59.25136963139174,32.70146030439659
2008-01-28,641,2008-01-28,7.38095238095238,60.6666666666667,30.3809523809524,7.71428571428571,-1079306.42857143,-3359866.42857143,3577,6.4144874733100465,59.18066969149677,32.84677268035911
2008-01-29,642,2008-01-29,6.28571428571429,58.8095238095238,33.3809523809524,7.57142857142857,-1079306.42857143,-3359866.42857143,3577,6.184968540230778,59.75400167427139,32.54930518397526
2008-02-13,643,2008-02-13,8.04761904761905,60.6190476190476,29.952380952381,7.57142857142857,-1079306.42857143,-3359866.42857143,3577,7.624812751746598,59.935436080937976,30.91724864402424
2008-02-14,644,2008-02-14,8.76190476190476,53.5714285714286,36.1904761904762,7.28571428571429,-1079306.42857143,-3359866.42857143,3577,9.378576016345512,59.32511245203858,29.858903480416068
2008-02-29,645,2008-02-29,8.47619047619048,60.8571428571429,29.2857142857143,7.76190476190476,-1079306.42857143,-3359866.42857143,3577,10.547416463823552,57.694925817208244,30.410867769996383
2008-03-16,646,2008-03-16,13.9047619047619,55.8095238095238,28.952380952381,7.90476190476191,-1079306.42857143,-3359866.42857143,3577,11.176980041469909,56.916313185892704,30.618723262919723
2008-03-25,647,2008-03-25,12.5238095238095,63.4761904761905,22.7619047619048,9.04761904761905,-1079306.42857143,-3359866.42857143,3577,12.054667329969165,56.412695703113584,30.219524065673426
2008-04-09,648,2008-04-09,16.2857142857143,49.0476190476191,33.2857142857143,8.33333333333333,-1079306.42857143,-3359866.42857143,3577,13.783744317917064,53.98640753545879,30.95356756841175
2008-04-18,649,2008-04-18,10.0,51.3333333333333,37.6666666666667,13.3333333333333,-1079295.0,-3359915.0,3577,15.643822479018997,52.29230739887258,30.788947239942903
2008-04-25,650,2008-04-25,16.2380952380952,52.2857142857143,29.952380952381,8.52380952380952,-1079306.42857143,-3359866.42857143,3577,17.11577760970217,52.366334625912415,29.23097669179635
2008-05-04,651,2008-05-04,19.7692307692308,53.9230769230769,24.9230769230769,11.7692307692308,-1079304.23076923,-3359895.0,3577,18.109325143378154,52.084686727093796,28.49098399020574
2008-05-11,652,2008-05-11,23.0,48.5,27.25,10.0,-1079310.0,-3359925.0,3577,19.110682601510884,53.074225805939705,26.441136758767954
2008-06-12,653,2008-06-12,20.1428571428571,53.9047619047619,24.6666666666667,10.4285714285714,-1079306.42857143,-3359866.42857143,3577,20.217859381228582,52.97874583144092,25.408232495451852
2008-06-28,654,2008-06-28,18.047619047619,60.3333333333333,20.047619047619,8.42857142857143,-1079306.42857143,-3359866.42857143,3577,20.657533067865764,53.80677138213842,24.126983677587376
2008-07-14,655,2008-07-14,17.7619047619048,51.5714285714286,29.2857142857143,9.76190476190476,-1079306.42857143,-3359866.42857143,3577,20.519142998777934,51.85244274657646,26.205759450516197
2008-07-23,656,2008-07-23,21.2857142857143,45.4285714285714,31.8571428571429,9.0,-1079316.42857143,-3359912.14285714,3577,18.875979700220732,50.20863025994449,29.524962276744013
2008-08-08,657,2008-08-08,20.1428571428571,48.8095238095238,29.5714285714286,9.38095238095238,-1079306.42857143,-3359866.42857143,3577,18.46654686902088,49.6016135567145,30.477426340424888
2008-08-15,658,2008-08-15,17.1904761904762,48.3809523809524,33.1904761904762,9.19047619047619,-1079306.42857143,-3359866.42857143,3577,17.638975060025057,48.53659034463262,32.37996472051716
2008-08-31,659,2008-08-31,16.6190476190476,48.9047619047619,32.9523809523809,9.71428571428571,-1079306.42857143,-3359866.42857143,3577,16.97013615898812,46.05668351255899,35.59737849868897
2008-09-08,660,2008-09-08,13.9047619047619,44.2857142857143,40.4285714285714,8.71428571428571,-1079306.42857143,-3359866.42857143,3577,15.322650699628923,44.69757596254834,38.65040620157507
2008-09-09,661,2008-09-09,14.8571428571429,47.2857142857143,36.4761904761905,8.57142857142857,-1079306.42857143,-3359866.42857143,3577,13.715695826056187,45.07303618799031,39.84414156989138
2008-09-16,662,2008-09-16,14.2857142857143,45.1904761904762,39.1904761904762,8.47619047619048,-1079306.42857143,-3359866.42857143,3577,12.860118194800304,45.35056162800889,40.43982201553075
2008-09-17,663,2008-09-17,11.1428571428571,37.2857142857143,50.4285714285714,17.2857142857143,-1079316.42857143,-3359912.14285714,3577,13.576990908076105,43.865492623681305,41.214839044577
2008-09-24,664,2008-09-24,14.7142857142857,44.4761904761905,39.4285714285714,9.33333333333333,-1079306.42857143,-3359866.42857143,3577,14.10722727463546,44.50259445828806,40.04169013617968
2008-09-25,665,2008-09-25,13.3333333333333,50.6666666666667,34.4285714285714,8.28571428571429,-1079306.42857143,-3359866.42857143,3577,14.696625795740314,45.30743823649722,38.65479371292853
2008-10-02,666,2008-10-02,17.0,48.75,32.875,8.75,-1079310.0,-3359910.0,3577,15.185056262863105,45.18837254531353,38.269764473364646
2008-10-03,667,2008-10-03,16.7647058823529,40.5882352941176,41.5294117647059,23.1176470588235,-1079316.17647059,-3359868.52941176,3577,15.714021625048488,44.366456152165306,38.56937321290127
2008-10-10,668,2008-10-10,15.7142857142857,39.5714285714286,43.2857142857143,8.19047619047619,-1079306.42857143,-3359866.42857143,3577,15.908594651917003,44.66439673942544,38.094929514325145
2008-10-18,669,2008-10-18,12.75,51.25,34.625,7.875,-1079310.0,-3359820.0,3577,15.112364696832824,44.80098339103314,38.75612167368729
2008-10-19,670,2008-10-19,15.5238095238095,38.9523809523809,44.2380952380952,7.61904761904762,-1079306.42857143,-3359866.42857143,3577,14.22588304928075,42.41293201705409,41.995244153409274
2008-10-26,671,2008-10-26,13.5714285714286,42.6666666666667,42.4285714285714,8.47619047619048,-1079306.42857143,-3359866.42857143,3577,13.432192307454727,42.499234606077906,42.690588309204344
2008-10-27,672,2008-10-27,13.3846153846154,48.8461538461538,36.3076923076923,8.0,-1079304.23076923,-3359895.0,3577,12.077539060828105,46.10443054626203,40.432418220231035
2008-11-03,673,2008-11-03,10.0,46.9230769230769,41.6923076923077,7.92307692307692,-1079297.30769231,-3359878.84615385,3577,12.211562045347694,46.4438293659257,39.98825329697277
2008-11-04,674,2008-11-04,12.3809523809524,42.9523809523809,43.2380952380952,7.95238095238095,-1079306.42857143,-3359866.42857143,3577,12.159198898732416,47.01964293195045,39.54013349735653
2008-11-11,675,2008-11-11,13.1904761904762,46.8571428571429,38.8095238095238,6.23809523809524,-1079306.42857143,-3359866.42857143,3577,11.927291696016367,49.691507988616124,37.12535346968059
2008-11-12,676,2008-11-12,10.0,62.0,27.0,9.0,-1079355.0,-3359805.0,3577,11.800791055041005,53.53604249393764,33.412383870718045
2008-11-19,677,2008-11-19,13.8095238095238,52.0,32.7142857142857,7.57142857142857,-1079306.42857143,-3359866.42857143,3577,12.602151100138927,53.73869699963345,32.385336175477455
2008-11-20,678,2008-11-20,14.8095238095238,43.7142857142857,40.1904761904762,7.85714285714286,-1079306.42857143,-3359866.42857143,3577,13.0276985807835,53.72146564588991,31.94211798968759
2008-11-27,679,2008-11-27,9.71428571428571,67.0476190476191,21.952380952381,5.85714285714286,-1079306.42857143,-3359866.42857143,3577,13.211525710977387,54.00569279866414,31.440954146922888
2008-11-28,680,2008-11-28,13.6470588235294,51.7647058823529,33.0588235294118,8.52941176470588,-1079305.58823529,-3359880.88235294,3577,12.803627896414175,52.57317554962916,33.247178063235765
2008-12-06,681,2008-12-06,14.2857142857143,44.5238095238095,39.7619047619048,7.85714285714286,-1079306.42857143,-3359866.42857143,3577,12.654722349220542,49.75194680265871,36.2095147916438
2008-12-13,682,2008-12-13,12.6190476190476,45.8095238095238,40.3333333333333,8.0,-1079306.42857143,-3359866.42857143,3577,12.30339759796869,48.54841899737367,37.777112161189564
2008-12-14,683,2008-12-14,10.5,52.75,35.5,7.5,-1079310.0,-3359805.0,3577,11.758145696952885,49.311807008621706,37.58785180702303
2008-12-21,684,2008-12-21,11.4285714285714,50.8095238095238,36.3333333333333,7.80952380952381,-1079306.42857143,-3359866.42857143,3577,11.773273621295887,48.507259040351414,38.32064032609808
2008-12-22,685,2008-12-22,11.8333333333333,45.1666666666667,41.5,5.66666666666667,-1079265.0,-3359890.0,3577,11.981254919424678,48.12754194751291,38.51276323384653
2008-12-29,686,2008-12-29,12.3809523809524,50.1904761904762,36.0476190476191,8.09523809523809,-1079306.42857143,-3359866.42857143,3577,12.065022848211715,50.69866203424909,35.8302771107307
2009-01-06,687,2009-01-06,12.5,54.0,32.0,8.0,-1079310.0,-3359925.0,3577,12.384612049152167,50.67304359877815,35.471517343211204
2009-01-07,688,2009-01-07,12.7142857142857,49.3809523809524,36.5714285714286,7.61904761904762,-1079306.42857143,-3359866.42857143,3577,12.331160583480713,50.37397148774105,35.80168850756553
2009-01-14,689,2009-01-14,12.6666666666667,48.9047619047619,36.9047619047619,7.85714285714286,-1079306.42857143,-3359866.42857143,3577,12.211649289820837,51.32147367595516,35.050006237307514
2009-01-15,690,2009-01-15,13.3333333333333,50.9523809523809,34.3809523809524,7.71428571428571,-1079306.42857143,-3359866.42857143,3577,12.384321045309907,52.00701800778422,34.226071142474716
2009-01-22,691,2009-01-22,11.2380952380952,52.9047619047619,34.2857142857143,7.76190476190476,-1079306.42857143,-3359866.42857143,3577,12.912785614796075,50.03603929609372,35.68380948256577
2009-01-23,692,2009-01-23,11.952380952381,50.8095238095238,36.0,7.57142857142857,-1079306.42857143,-3359866.42857143,3577,14.314372160345268,48.071757447911246,36.26739875191346
2009-02-07,693,2009-02-07,17.4761904761905,47.0476190476191,34.2857142857143,7.85714285714286,-1079306.42857143,-3359866.42857143,3577,15.830245348044857,47.87878787878073,34.946552931067835
2009-02-08,694,2009-02-08,18.7619047619048,46.3333333333333,33.6190476190476,7.85714285714286,-1079306.42857143,-3359866.42857143,3577,17.32823987158094,47.60906379481521,33.71297020832121
2009-02-15,695,2009-02-15,18.5238095238095,41.7619047619048,38.0952380952381,7.52380952380952,-1079306.42857143,-3359866.42857143,3577,18.751071168251023,47.71621257998256,32.20398590057552
2009-02-23,696,2009-02-23,18.75,49.0,31.0,8.0,-1079310.0,-3359925.0,3577,19.369369794289497,47.88564273702878,31.398438506792953
2009-02-24,697,2009-02-24,20.047619047619,56.0952380952381,22.4761904761905,8.90476190476191,-1079306.42857143,-3359866.42857143,3577,19.273316724552224,48.430953978934355,30.941631124289046
2009-03-03,698,2009-03-03,16.3333333333333,48.5714285714286,33.7142857142857,8.23809523809524,-1079306.42857143,-3359866.42857143,3577,17.45885693253852,49.76527909654101,31.35407832620987
2009-03-04,699,2009-03-04,17.6666666666667,47.2380952380952,33.8571428571429,8.09523809523809,-1079306.42857143,-3359866.42857143,3577,16.122432005556533,49.955649871277075,32.54802550390299
2009-03-11,700,2009-03-11,15.6666666666667,50.8095238095238,32.0952380952381,8.61904761904762,-1079306.42857143,-3359866.42857143,3577,15.920753395209228,50.609234934304766,32.115840815526425
2009-03-12,701,2009-03-12,13.4761904761905,46.0952380952381,38.9523809523809,6.23809523809524,-1079306.42857143,-3359866.42857143,3577,15.277977182773675,49.62702771943515,33.76130644380914
2009-03-27,702,2009-03-27,14.5238095238095,51.8095238095238,32.2857142857143,8.04761904761905,-1079306.42857143,-3359866.42857143,3577,14.56883861049138,48.376786807331214,35.67510749405797
2009-04-04,703,2009-04-04,14.5238095238095,51.0952380952381,33.0952380952381,8.04761904761905,-1079306.42857143,-3359866.42857143,3577,14.564708605024471,48.45638093962728,35.61830502267628
2009-04-05,704,2009-04-05,18.8571428571429,47.1428571428571,32.8571428571429,7.0,-1079316.42857143,-3359912.14285714,3577,14.90595913140018,49.1301475520372,34.60582385997011
2009-04-12,705,2009-04-12,13.5454545454545,50.1818181818182,34.7272727272727,8.27272727272727,-1079305.90909091,-3359832.27272727,3577,15.268124688893579,49.44022287871817,33.95124785618228
2009-04-13,706,2009-04-13,13.0,43.15,42.55,15.4,-1079304.0,-3359866.5,3577,16.267709867763728,48.90498231479768,33.52900661117161
2009-04-20,707,2009-04-20,18.2857142857143,54.0952380952381,26.1904761904762,9.57142857142857,-1079306.42857143,-3359866.42857143,3577,17.077951811765757,49.316425435894544,32.299848968926625
2009-04-29,708,2009-04-29,19.1904761904762,50.9523809523809,28.7619047619048,9.0,-1079306.42857143,-3359866.42857143,3577,17.87052660258135,50.001783843318705,30.874808463883504
2009-05-06,709,2009-05-06,18.0952380952381,52.1428571428571,28.5238095238095,9.57142857142857,-1079306.42857143,-3359866.42857143,3577,17.823826586207822,53.34693428345879,27.64181973856484
2009-05-14,710,2009-05-14,20.0,51.0833333333333,27.6666666666667,9.75,-1079307.5,-3359897.5,3577,19.85946896240717,50.66857703699051,28.194964220501802
2009-05-15,711,2009-05-15,19.4285714285714,50.0,29.3333333333333,9.57142857142857,-1079306.42857143,-3359866.42857143,3577,20.718929213198564,51.71067910416983,26.25815469359968
2009-05-22,712,2009-05-22,19.1904761904762,60.0476190476191,19.4285714285714,10.3333333333333,-1079306.42857143,-3359866.42857143,3577,19.846499218013275,54.785796247088385,23.98523870350135
2009-06-15,713,2009-06-15,19.3809523809524,54.6666666666667,24.6190476190476,11.9047619047619,-1079306.42857143,-3359866.42857143,3577,18.74579780384455,57.48278810971452,22.415511990586012
2009-07-01,714,2009-07-01,19.75,53.5,25.0,13.0,-1079310.0,-3359925.0,3577,18.449409465660594,61.38642755592305,18.810599101617935
2009-07-02,715,2009-07-02,22.5714285714286,54.9523809523809,21.047619047619,12.0952380952381,-1079306.42857143,-3359866.42857143,3577,18.050823015990613,61.909195809341355,18.741155645177603
2009-07-17,716,2009-07-17,7.6,89.0,2.8,13.4,-1079301.0,-3359811.0,3577,17.107549622717364,61.52478017337779,20.118423269194253
2009-07-26,717,2009-07-26,19.952380952381,48.7619047619048,29.9047619047619,10.1904761904762,-1079306.42857143,-3359866.42857143,3577,17.502762717156404,56.742162120636614,24.503288249414627
2009-08-03,718,2009-08-03,18.9047619047619,48.8571428571429,30.952380952381,9.61904761904762,-1079306.42857143,-3359866.42857143,3577,17.429151086269233,52.65595704604206,28.66348357524401
2009-08-18,719,2009-08-18,18.4285714285714,46.9047619047619,33.1904761904762,9.47619047619048,-1079306.42857143,-3359866.42857143,3577,16.87027920479681,50.45071048661628,31.39837262839891
2009-08-19,720,2009-08-19,15.7619047619048,43.6190476190476,39.3809523809524,7.47619047619048,-1079306.42857143,-3359866.42857143,3577,16.43632837750239,47.51233750768647,34.74642333929743
2009-08-26,721,2009-08-26,16.0952380952381,49.7619047619048,32.8095238095238,9.47619047619048,-1079306.42857143,-3359866.42857143,3577,16.31430236429992,46.404606229676716,35.92192059745704
2009-09-04,722,2009-09-04,17.2380952380952,46.8095238095238,34.5714285714286,8.76190476190476,-1079306.42857143,-3359866.42857143,3577,15.98734083253968,49.51737993687718,33.24626817969974
2009-09-11,723,2009-09-11,10.0,63.5,25.5,5.5,-1079340.0,-3359805.0,3577,13.980589070370264,54.0737771000848,30.807109814845138
2009-09-19,724,2009-09-19,15.2,48.0666666666667,35.5333333333333,8.6,-1079301.0,-3359847.0,3577,14.231646681489757,51.07916510733084,33.49380866810705
2009-09-20,725,2009-09-20,16.7619047619048,46.9523809523809,35.1428571428571,8.71428571428571,-1079306.42857143,-3359866.42857143,3577,14.098077486198086,48.88476217155474,35.800113105764936
2009-09-27,726,2009-09-27,14.4285714285714,49.3333333333333,34.9523809523809,8.80952380952381,-1079306.42857143,-3359866.42857143,3577,14.199731922077113,46.03041873221312,38.49223124187366
2009-09-28,727,2009-09-28,12.6666666666667,43.3333333333333,42.6666666666667,10.7777777777778,-1079301.66666667,-3359908.33333333,3577,14.501043144863113,43.48557601512199,40.6483961202448
2009-10-05,728,2009-10-05,13.6363636363636,34.3636363636364,50.2727272727273,18.0909090909091,-1079305.90909091,-3359832.27272727,3577,14.652440516919066,43.635194448725784,40.28824252958182
2009-10-06,729,2009-10-06,15.2857142857143,48.5238095238095,34.9523809523809,8.19047619047619,-1079306.42857143,-3359866.42857143,3577,14.480494137626799,44.50486910593199,39.590100545850305
2009-10-13,730,2009-10-13,14.952380952381,49.7619047619048,33.9523809523809,8.61904761904762,-1079306.42857143,-3359866.42857143,3577,13.717310318912553,47.60509792299119,37.282582273710936
2009-10-14,731,2009-10-14,14.2777777777778,50.8888888888889,33.3333333333333,8.33333333333333,-1079303.33333333,-3359856.66666667,3577,13.812376087493634,49.04997054419346,35.726371573819065
2009-10-22,732,2009-10-22,13.1428571428571,52.0476190476191,33.4285714285714,8.28571428571429,-1079306.42857143,-3359866.42857143,3577,13.858554757933485,51.42343312001986,33.344118214082236
2009-10-29,733,2009-10-29,11.5238095238095,52.1428571428571,35.1904761904762,8.52380952380952,-1079306.42857143,-3359866.42857143,3577,13.543892639865838,53.795162525804635,31.2986693389123
2009-10-30,734,2009-10-30,14.1428571428571,49.1428571428571,35.1428571428571,7.28571428571429,-1079303.57142857,-3359817.85714286,3577,12.913857212616888,53.43124196064572,32.2553318714261
2009-11-07,735,2009-11-07,13.5714285714286,55.2380952380952,29.6190476190476,8.04761904761905,-1079306.42857143,-3359866.42857143,3577,12.674306601549283,51.86127804083685,33.99738960729164
2009-11-14,736,2009-11-14,12.0952380952381,56.2857142857143,30.3333333333333,9.0,-1079306.42857143,-3359866.42857143,3577,12.515697408884389,53.14461750838666,32.928260593890336
2009-11-22,737,2009-11-22,12.8571428571429,53.0476190476191,32.8095238095238,8.61904761904762,-1079306.42857143,-3359866.42857143,3577,12.214610436608249,54.68767441303504,31.73919283734871
2009-11-23,738,2009-11-23,11.4285714285714,52.4761904761905,34.5714285714286,8.14285714285714,-1079306.42857143,-3359866.42857143,3577,12.233172612609867,55.39402784430187,31.037772037949505
2009-11-30,739,2009-11-30,11.2380952380952,52.8095238095238,34.6190476190476,8.57142857142857,-1079306.42857143,-3359866.42857143,3577,12.047456459037239,55.517855937534435,31.129905485755856
2009-12-09,740,2009-12-09,12.6190476190476,60.6666666666667,25.6190476190476,8.0,-1079306.42857143,-3359866.42857143,3577,11.92455166193832,55.61218903113904,31.19280387755608
2009-12-16,741,2009-12-16,11.6190476190476,59.4761904761905,27.7142857142857,8.52380952380952,-1079306.42857143,-3359866.42857143,3577,11.867395095038543,55.51435318762846,31.30620911898899
2009-12-17,742,2009-12-17,12.7619047619048,52.2380952380952,33.5238095238095,8.19047619047619,-1079306.42857143,-3359866.42857143,3577,11.95368560292803,55.45643626693608,31.23803180368001
2010-01-02,743,2010-01-02,12.2222222222222,51.1666666666667,35.1111111111111,8.16666666666667,-1079303.33333333,-3359856.66666667,3577,11.639948873237973,55.67507236282583,31.351138955942133
2010-01-09,744,2010-01-09,9.70588235294118,58.2941176470588,30.7058823529412,8.47058823529412,-1079305.58823529,-3359852.64705882,3577,11.190492382623297,56.02787696731495,31.45875250227357
2010-01-10,745,2010-01-10,11.0,58.2380952380952,29.4761904761905,7.95238095238095,-1079306.42857143,-3359866.42857143,3577,10.55406846537631,57.24261369662079,30.81518918160236
2010-01-17,746,2010-01-17,10.3809523809524,56.0476190476191,32.1904761904762,8.85714285714286,-1079306.42857143,-3359866.42857143,3577,10.333831085240945,57.63939572234102,30.621572583505724
2010-01-26,747,2010-01-26,11.8095238095238,58.3333333333333,28.5238095238095,8.28571428571429,-1079306.42857143,-3359866.42857143,3577,10.880366643613968,58.0254339541268,29.733914540502703
2010-02-02,748,2010-02-02,9.09523809523809,62.9047619047619,26.7142857142857,9.57142857142857,-1079306.42857143,-3359866.42857143,3577,11.316001972893378,58.0175844613019,29.33502526126381
2010-02-11,749,2010-02-11,12.1904761904762,56.6666666666667,29.6190476190476,8.61904761904762,-1079306.42857143,-3359866.42857143,3577,11.797524072881991,57.96947140153341,28.899972536008995
2010-02-18,750,2010-02-18,13.3809523809524,53.8571428571429,31.3333333333333,8.57142857142857,-1079306.42857143,-3359866.42857143,3577,11.935434746760592,57.38605542456446,29.39749487445276
2010-02-26,751,2010-02-26,13.3333333333333,52.6666666666667,33.0,8.66666666666667,-1079325.0,-3359925.0,3577,12.602675416004443,57.43210971629348,28.687711638809144
2010-03-22,752,2010-03-22,12.1904761904762,62.0,24.6666666666667,10.047619047619,-1079306.42857143,-3359866.42857143,3577,12.869817489010615,57.46050183046229,28.431621526044527
2010-03-23,753,2010-03-23,10.8571428571429,61.7619047619048,26.047619047619,11.2380952380952,-1079306.42857143,-3359866.42857143,3577,12.963182328505473,55.957620810553635,29.850790592272205
2010-03-30,754,2010-03-30,13.4285714285714,54.4285714285714,30.8571428571429,8.71428571428571,-1079306.42857143,-3359866.42857143,3577,13.203862443024555,55.57449799941228,29.993866041075187
2010-03-31,755,2010-03-31,14.3809523809524,50.2380952380952,34.0952380952381,8.28571428571429,-1079306.42857143,-3359866.42857143,3577,12.381165789832671,54.83369623152083,31.522819285972474
2010-04-08,756,2010-04-08,13.7142857142857,56.6428571428571,28.2142857142857,8.92857142857143,-1079301.42857143,-3359843.57142857,3577,12.233287094740387,56.703072469317846,29.736283324514183
2010-04-15,757,2010-04-15,9.0,54.0,36.0,15.0,-1079355.0,-3359805.0,3577,12.42096456023608,55.59888895478119,30.632149811575218
2010-04-16,758,2010-04-16,13.8571428571429,52.7142857142857,31.9047619047619,8.52380952380952,-1079306.42857143,-3359866.42857143,3577,11.98070462591319,54.304209934414885,32.406820945697916
2010-05-01,759,2010-05-01,11.3809523809524,61.4285714285714,25.8571428571429,9.14285714285714,-1079306.42857143,-3359866.42857143,3577,12.048366767086522,53.56973526381759,33.07958300122257
2010-05-09,760,2010-05-09,11.4761904761905,54.0476190476191,33.1428571428571,9.47619047619048,-1079306.42857143,-3359866.42857143,3577,12.84158406699647,52.23509474801721,33.61151244796708
2010-05-17,761,2010-05-17,16.25,53.25,29.25,10.0,-1079310.0,-3359925.0,3577,14.066720724385716,50.88994693260008,33.72553068149905
2010-05-26,762,2010-05-26,14.047619047619,31.952380952381,52.7142857142857,6.09523809523809,-1079306.42857143,-3359866.42857143,3577,15.31962180254613,50.168689896874014,33.193491892266756
2010-06-02,763,2010-06-02,14.7,58.25,25.75,11.0,-1079308.5,-3359869.5,3577,15.93736192781666,50.559013211027164,32.18523270876642
2010-06-27,764,2010-06-27,19.2352941176471,53.7058823529412,25.7058823529412,11.2352941176471,-1079305.58823529,-3359880.88235294,3577,15.690151594492722,51.30652272310585,31.732118627032854
2010-07-04,765,2010-07-04,14.2857142857143,57.0,27.3809523809524,10.952380952381,-1079306.42857143,-3359866.42857143,3577,15.319520653164332,53.420202073763576,29.928536120181626
2010-08-05,766,2010-08-05,12.5714285714286,55.4285714285714,30.7142857142857,9.90476190476191,-1079306.42857143,-3359866.42857143,3577,14.007338454659255,55.475360006948875,29.20371885141072
2010-08-21,767,2010-08-21,13.4444444444444,52.2222222222222,33.1111111111111,9.77777777777778,-1079308.33333333,-3359876.66666667,3577,12.396220687786855,56.36886430006149,29.968155445796192
2010-09-06,768,2010-09-06,10.9444444444444,54.6666666666667,33.1111111111111,9.5,-1079303.33333333,-3359856.66666667,3577,11.357407528021374,56.01129275022083,31.405134374716262
2010-09-07,769,2010-09-07,10.2857142857143,57.0476190476191,31.4285714285714,9.14285714285714,-1079306.42857143,-3359866.42857143,3577,10.384240387790086,53.28492693489167,35.15343097986897
2010-09-15,770,2010-09-15,9.26666666666667,54.0,35.5333333333333,8.8,-1079301.0,-3359847.0,3577,9.734562859183502,53.993557308746844,35.08752879993476
2010-09-22,771,2010-09-22,10.0,52.5,36.5,9.0,-1079340.0,-3359925.0,3577,9.586987821460985,54.997648348122745,34.21145999227804
2010-09-23,772,2010-09-23,9.0,58.9047619047619,30.8095238095238,8.76190476190476,-1079306.42857143,-3359866.42857143,3577,9.05032892803656,55.94363685848917,33.76185476030173
2010-10-08,773,2010-10-08,10.2857142857143,52.9523809523809,35.3809523809524,8.61904761904762,-1079306.42857143,-3359866.42857143,3577,9.018424471983506,56.282625870852726,33.42016256876439
2010-10-09,774,2010-10-09,8.14285714285714,57.9523809523809,32.6190476190476,8.52380952380952,-1079306.42857143,-3359866.42857143,3577,9.03871738856124,57.76312387302232,31.894819490789963
2010-10-16,775,2010-10-16,6.95238095238095,61.6190476190476,29.952380952381,8.28571428571429,-1079306.42857143,-3359866.42857143,3577,8.647586984737393,59.76687296191043,30.2271001444331
2010-10-25,776,2010-10-25,9.61904761904762,63.1428571428571,26.0,8.90476190476191,-1079306.42857143,-3359866.42857143,3577,8.147753691096128,61.10530671597867,29.360766168811324
2010-11-02,777,2010-11-02,9.23809523809524,54.5238095238095,34.8095238095238,8.47619047619048,-1079306.42857143,-3359866.42857143,3577,7.699111002515425,61.69440930585518,29.175212816075334
2010-11-10,778,2010-11-10,7.38095238095238,64.9047619047619,26.3333333333333,8.04761904761905,-1079306.42857143,-3359866.42857143,3577,7.902777820733297,59.92769176127413,30.726339707759266
2010-11-17,779,2010-11-17,6.61904761904762,62.5714285714286,29.2857142857143,8.61904761904762,-1079306.42857143,-3359866.42857143,3577,8.371160830911904,58.92819744753849,31.24385470050637
2010-11-18,780,2010-11-18,8.66666666666667,53.0952380952381,36.6666666666667,8.09523809523809,-1079306.42857143,-3359866.42857143,3577,9.266981212800266,56.706421803162556,32.557465754055315
2010-11-25,781,2010-11-25,9.61904761904762,54.4285714285714,34.5238095238095,8.57142857142857,-1079306.42857143,-3359866.42857143,3577,9.579303049889855,53.700684764144235,35.260337186028515
2010-12-04,782,2010-12-04,11.0,54.5,33.0,8.0,-1079340.0,-3359925.0,3577,9.154670781885848,54.99268859013323,34.36142434354699
2010-12-11,783,2010-12-11,10.5,52.75,35.5,9.0,-1079310.0,-3359925.0,3577,9.194240556327554,57.37000800587053,32.00695181541875
2010-12-12,784,2010-12-12,8.0,64.0952380952381,26.4761904761905,7.23809523809524,-1079306.42857143,-3359866.42857143,3577,8.793193343853442,58.99212385793266,30.80943219459506
2010-12-27,785,2010-12-27,6.90909090909091,58.2727272727273,33.2727272727273,8.36363636363636,-1079305.90909091,-3359832.27272727,3577,7.7538207172307665,63.87504891205035,27.015400304729226
2010-12-28,786,2010-12-28,5.71428571428571,67.6190476190476,25.3333333333333,8.0,-1079306.42857143,-3359866.42857143,3577,7.232334182375331,64.4803487393456,26.946213885556887
2011-01-04,787,2011-01-04,7.90476190476191,78.0952380952381,12.7142857142857,9.80952380952381,-1079306.42857143,-3359866.42857143,3577,7.698923695685855,65.96968387179898,24.996684476979077
2011-01-12,788,2011-01-12,10.952380952381,54.7619047619048,33.1904761904762,8.90476190476191,-1079306.42857143,-3359866.42857143,3577,8.3099375996915,66.78094522513734,23.621890399680275
2011-01-13,789,2011-01-13,8.42857142857143,63.2380952380952,26.9047619047619,8.71428571428571,-1079306.42857143,-3359866.42857143,3577,10.017169620883294,66.36004913558102,22.376686265227818
2011-01-20,790,2011-01-20,11.3333333333333,66.6666666666667,20.8095238095238,8.76190476190476,-1079306.42857143,-3359866.42857143,3577,12.021942221863016,63.6559070057814,23.111942675484123
2011-01-28,791,2011-01-28,14.6190476190476,58.1428571428571,25.952380952381,9.52380952380952,-1079306.42857143,-3359866.42857143,3577,13.527687482793807,61.55965989633801,23.711854193274814
2011-01-29,792,2011-01-29,13.5238095238095,73.4761904761905,11.8571428571429,11.0,-1079306.42857143,-3359866.42857143,3577,14.3620761333588,57.86151226223892,26.5457137032175
2011-03-01,793,2011-03-01,14.8095238095238,47.0476190476191,37.0,14.9047619047619,-1079306.42857143,-3359866.42857143,3577,15.205130395917587,56.97056909807607,26.596258102059103
2011-03-02,794,2011-03-02,18.2857142857143,52.2857142857143,28.0952380952381,9.04761904761905,-1079306.42857143,-3359866.42857143,3577,15.640602045011471,55.70071665949318,27.405930369935575
2011-03-09,795,2011-03-09,13.8,50.3,34.6,9.9,-1079319.0,-3359865.0,3577,15.366707492711402,52.24343731603014,31.106419174216388
2011-03-25,796,2011-03-25,13.6666666666667,56.6190476190476,28.4761904761905,9.38095238095238,-1079306.42857143,-3359866.42857143,3577,14.18489547088408,51.75811707641431,32.738752604459776
2011-04-02,797,2011-04-02,14.875,52.5625,31.125,9.3125,-1079302.5,-3359850.0,3577,13.65264108955856,51.94068644203318,33.08798567273304
2011-04-03,798,2011-04-03,15.3809523809524,54.8571428571429,28.5238095238095,9.0,-1079306.42857143,-3359866.42857143,3577,14.181873179025498,52.25748524906596,32.27154495021887
2011-04-18,799,2011-04-18,12.4285714285714,48.2857142857143,37.9523809523809,11.9047619047619,-1079306.42857143,-3359866.42857143,3577,16.179564713800136,54.50673240132453,28.070010575834097
2011-05-04,800,2011-05-04,17.0,55.3809523809524,26.4761904761905,10.4761904761905,-1079306.42857143,-3359866.42857143,3577,18.27655607459104,53.13709651226387,27.349909210253863
2011-05-29,801,2011-05-29,20.7142857142857,52.3809523809524,25.7619047619048,11.2380952380952,-1079306.42857143,-3359866.42857143,3577,19.81999449739547,52.90146731416884,26.03261922773006
2011-06-14,802,2011-06-14,23.2857142857143,53.2380952380952,22.1428571428571,11.1904761904762,-1079306.42857143,-3359866.42857143,3577,20.101161973154063,52.43619169559698,26.2218314906083
2011-07-23,803,2011-07-23,22.6666666666667,53.3333333333333,22.8095238095238,13.7619047619048,-1079306.42857143,-3359866.42857143,3577,19.89176970664564,51.71518151307033,27.1584685271587
2011-08-25,804,2011-08-25,18.1904761904762,51.0952380952381,29.2857142857143,10.2380952380952,-1079306.42857143,-3359866.42857143,3577,19.20527153141601,50.73298017543524,28.8048612969577
2011-09-01,805,2011-09-01,11.7058823529412,48.4705882352941,38.5882352941176,6.58823529411765,-1079317.94117647,-3359865.0,3577,17.528894040455818,51.13237906389573,30.08189139822271
2011-09-17,806,2011-09-17,16.9047619047619,48.4761904761905,33.4761904761905,9.95238095238095,-1079306.42857143,-3359866.42857143,3577,16.189334780435992,48.91461165859452,33.56629026287966
2011-09-25,807,2011-09-25,18.0,50.9047619047619,29.8095238095238,10.3333333333333,-1079306.42857143,-3359866.42857143,3577,15.387054455892073,49.996199878545355,33.32601727174165
2011-09-26,808,2011-09-26,16.3333333333333,49.8095238095238,32.5238095238095,9.90476190476191,-1079306.42857143,-3359866.42857143,3577,15.979277339546295,50.56607277563543,32.1971383196977
2011-10-11,809,2011-10-11,16.3809523809524,55.0952380952381,27.1428571428571,10.047619047619,-1079306.42857143,-3359866.42857143,3577,16.73546142135401,51.51974117061674,30.47149341127669
2011-10-19,810,2011-10-19,16.7142857142857,49.4761904761905,32.4761904761905,8.80952380952381,-1079306.42857143,-3359866.42857143,3577,17.424971055773398,52.45020200159645,28.83441129379507
2011-10-20,811,2011-10-20,19.1176470588235,48.1176470588235,31.5294117647059,9.52941176470588,-1079305.58823529,-3359880.88235294,3577,17.93872202207164,52.13451682551478,28.601864394782623
2011-11-05,812,2011-11-05,15.5714285714286,61.7142857142857,21.7142857142857,10.4285714285714,-1079316.42857143,-3359912.14285714,3577,17.907632281514143,51.47306419373581,29.29187851394206
2011-11-21,813,2011-11-21,20.75,44.9166666666667,32.6666666666667,9.66666666666667,-1079307.5,-3359897.5,3577,18.751050856049424,51.19812502118012,28.71272560150524
2012-01-08,814,2012-01-08,17.0,51.4761904761905,30.047619047619,9.38095238095238,-1079306.42857143,-3359866.42857143,3577,18.77048684712081,51.262313064060564,28.57093029519073
2012-01-24,815,2012-01-24,21.0952380952381,50.4761904761905,27.0952380952381,7.14285714285714,-1079306.42857143,-3359866.42857143,3577,18.550261843568578,51.12983120730263,28.886735468285057
2012-02-09,816,2012-02-09,19.0,50.25,29.375,9.0,-1079310.0,-3359820.0,3577,18.612954731782768,51.44783391499979,28.47796455501821
2012-02-16,817,2012-02-16,16.5,54.3333333333333,27.6666666666667,9.16666666666667,-1079300.0,-3359815.0,3577,18.739143903352996,50.901884830544596,28.89365261627396
2012-02-25,818,2012-02-25,18.6875,51.5625,28.3125,9.25,-1079308.125,-3359883.75,3577,18.714292052417548,50.76960581077242,29.114187838958127
2012-03-12,819,2012-03-12,19.3333333333333,49.8571428571429,29.4285714285714,9.61904761904762,-1079306.42857143,-3359866.42857143,3577,19.616971881845558,52.03571462304295,27.03292022658537
2012-03-28,820,2012-03-28,23.2352941176471,50.2941176470588,25.2352941176471,10.4117647058824,-1079305.58823529,-3359880.88235294,3577,21.39872844935355,51.02422865484386,26.263314456740694
2012-04-04,821,2012-04-04,22.1428571428571,51.2857142857143,25.2380952380952,10.3809523809524,-1079306.42857143,-3359866.42857143,3577,22.94122567243013,51.274046337767956,24.50994178603765
2012-04-20,822,2012-04-20,23.1904761904762,51.3333333333333,24.2857142857143,10.7142857142857,-1079306.42857143,-3359866.42857143,3577,24.829857073809386,50.659554549582936,23.261889051120225
2012-05-22,823,2012-05-22,26.7,51.8,20.35,12.6,-1079308.5,-3359869.5,3577,26.200180913145953,50.95328612002179,21.5846779434641
2012-06-16,824,2012-06-16,29.4761904761905,52.2380952380952,16.9047619047619,14.2857142857143,-1079306.42857143,-3359866.42857143,3577,26.066276127599856,52.10563890771631,20.53515906784586
2012-06-23,825,2012-06-23,23.0952380952381,49.9523809523809,25.5714285714286,11.6666666666667,-1079306.42857143,-3359866.42857143,3577,25.82921227606463,51.29030568850643,21.579994646429697
2012-07-02,826,2012-07-02,26.047619047619,50.0952380952381,22.5238095238095,12.6190476190476,-1079306.42857143,-3359866.42857143,3577,25.4244101979449,50.51238961668909,22.73760190819586
2012-07-25,827,2012-07-25,24.0,52.2380952380952,22.4761904761905,12.4285714285714,-1079306.42857143,-3359866.42857143,3577,24.43833998336104,50.797220419938114,23.46275574515493
2012-08-03,828,2012-08-03,23.2380952380952,53.6190476190476,21.8571428571429,12.2857142857143,-1079306.42857143,-3359866.42857143,3577,23.125370041560885,51.70931728031456,23.846375982511987
2012-08-10,829,2012-08-10,20.047619047619,48.0476190476191,30.6190476190476,14.0,-1079306.42857143,-3359866.42857143,3577,21.813198074447463,51.76932127568412,25.06494557280086
2012-08-19,830,2012-08-19,23.8888888888889,49.5555555555556,25.1666666666667,11.1666666666667,-1079308.33333333,-3359876.66666667,3577,20.80090734329525,52.11126371312543,25.712097083669818
2012-09-04,831,2012-09-04,19.047619047619,58.9523809523809,20.5238095238095,7.90476190476191,-1079306.42857143,-3359866.42857143,3577,19.912947654073506,52.762121818794114,25.883598540060504
2012-09-11,832,2012-09-11,16.6923076923077,54.1538461538462,27.7692307692308,10.4615384615385,-1079304.23076923,-3359839.61538462,3577,17.81117643965675,53.292286145219364,27.429805230884725
2012-09-20,833,2012-09-20,18.6,50.15,29.6,10.2,-1079304.0,-3359863.5,3577,16.74449141660134,54.19178782503765,27.64064528786669
2012-11-07,834,2012-11-07,14.7619047619048,51.9047619047619,32.0,9.33333333333333,-1079306.42857143,-3359866.42857143,3577,15.89580658287258,54.9082686782057,27.831397605327723
2012-11-23,835,2012-11-23,15.8571428571429,58.6190476190476,24.3333333333333,11.8095238095238,-1079306.42857143,-3359866.42857143,3577,15.936803620684337,54.784235312983974,27.97075335753771
2012-12-16,836,2012-12-16,15.8571428571429,54.8571428571429,27.952380952381,10.6190476190476,-1079306.42857143,-3359866.42857143,3577,16.592950340387755,53.25244810228535,28.84964188387193
2012-12-25,837,2012-12-25,16.1904761904762,52.9047619047619,29.7619047619048,9.76190476190476,-1079306.42857143,-3359866.42857143,3577,17.460617645033977,51.49747943966036,29.757599598539443
2013-01-26,838,2013-01-26,20.6923076923077,51.6153846153846,26.3846153846154,11.0,-1079304.23076923,-3359895.0,3577,18.14771108664028,53.40290122673224,27.130849723028355
2013-02-02,839,2013-02-02,19.0,49.75,29.75,11.0,-1079310.0,-3359925.0,3577,17.975377355435405,53.17929068231917,27.567919408919124
2013-02-11,840,2013-02-11,18.7619047619048,51.5238095238095,28.3809523809524,10.2857142857143,-1079306.42857143,-3359866.42857143,3577,18.79956932802568,53.15566794084694,26.73986866907403
2013-02-18,841,2013-02-18,16.9047619047619,53.9047619047619,27.952380952381,10.3333333333333,-1079306.42857143,-3359866.42857143,3577,18.805196401198586,52.5487996563174,27.409076188156412
2013-02-27,842,2013-02-27,17.125,57.0,24.875,9.875,-1079310.0,-3359820.0,3577,18.822594360070703,52.01923199844546,27.944228818331588
2013-03-06,843,2013-03-06,21.047619047619,57.1904761904762,20.4761904761905,11.8095238095238,-1079306.42857143,-3359866.42857143,3577,18.569383313754194,51.180304909816186,29.05878559203324
2013-03-22,844,2013-03-22,18.0,39.0,42.0,12.0,-1079265.0,-3359805.0,3577,19.17840467066186,50.036079245824084,29.63750207480417
2013-03-31,845,2013-03-31,23.5,50.8333333333333,24.1666666666667,11.6666666666667,-1079320.0,-3359915.0,3577,19.883986885144893,49.44782616763301,29.469954838758504
2013-04-07,846,2013-04-07,16.5238095238095,46.2857142857143,36.0952380952381,10.1904761904762,-1079306.42857143,-3359866.42857143,3577,20.4095624447761,49.67813017734875,28.644379743059687
2013-04-15,847,2013-04-15,20.7619047619048,54.9523809523809,22.8571428571429,10.8571428571429,-1079306.42857143,-3359866.42857143,3577,20.56873144914632,50.7689823076744,27.339789854104666
2013-04-23,848,2013-04-23,22.047619047619,54.7142857142857,22.0952380952381,12.1904761904762,-1079306.42857143,-3359866.42857143,3577,20.879918842764,52.33483492770635,25.425692986060717
2013-04-24,849,2013-04-24,23.047619047619,51.8571428571429,23.6190476190476,11.5238095238095,-1079306.42857143,-3359866.42857143,3577,21.786061848365073,53.62304929331991,23.22445034325493
2013-05-18,850,2013-05-18,20.5,55.0,23.0,17.75,-1079310.0,-3359805.0,3577,23.499883501427956,53.77911098188933,21.347806734026463
2013-05-25,851,2013-05-25,25.7142857142857,51.2380952380952,21.7619047619048,13.7619047619048,-1079306.42857143,-3359866.42857143,3577,24.407575396735822,51.76638634842196,22.44677407215773
2013-05-26,852,2013-05-26,25.0,49.3809523809524,24.1904761904762,11.2380952380952,-1079306.42857143,-3359866.42857143,3577,25.820489108410946,51.529843221785995,21.228084866626606
2013-06-11,853,2013-06-11,28.7142857142857,50.4761904761905,19.4761904761905,14.0952380952381,-1079306.42857143,-3359866.42857143,3577,26.455546517462082,50.355382491597894,21.818011451909136
2013-06-18,854,2013-06-18,26.952380952381,51.0952380952381,20.5714285714286,15.2380952380952,-1079306.42857143,-3359866.42857143,3577,27.54385655623636,50.485975324977076,20.575626385994852
2013-06-19,855,2013-06-19,26.8095238095238,52.1904761904762,19.5714285714286,15.047619047619,-1079306.42857143,-3359866.42857143,3577,28.030686032229838,50.556101277455966,19.999680402154205
2013-07-04,856,2013-07-04,26.4761904761905,50.5714285714286,21.4285714285714,12.0952380952381,-1079306.42857143,-3359866.42857143,3577,27.660318525639468,51.062117449106736,19.865484618577625
2013-07-28,857,2013-07-28,29.5,50.0,19.25,14.5,-1079310.0,-3359925.0,3577,26.834226145367644,51.26835496803773,20.46821006650422
2013-07-29,858,2013-07-29,26.6190476190476,51.0,20.9047619047619,12.7619047619048,-1079306.42857143,-3359866.42857143,3577,26.273673179242014,51.17416742183781,21.15564234526767
2013-08-05,859,2013-08-05,23.5238095238095,52.3809523809524,22.5714285714286,12.3809523809524,-1079306.42857143,-3359866.42857143,3577,24.74556725523849,50.979533108782476,22.880272075702095
2013-08-06,860,2013-08-06,23.6666666666667,52.6666666666667,22.4285714285714,12.1904761904762,-1079306.42857143,-3359866.42857143,3577,24.520604782211038,52.05887610840395,22.06427911613341
2013-08-13,861,2013-08-13,22.952380952381,51.3809523809524,24.4761904761905,12.4285714285714,-1079306.42857143,-3359866.42857143,3577,23.084631957306545,52.97293959909268,22.608675251473734
2013-08-14,862,2013-08-14,22.7619047619048,50.8571428571429,24.7619047619048,11.9047619047619,-1079306.42857143,-3359866.42857143,3577,21.601536105789847,53.443299992053625,23.60682880071073
2013-08-21,863,2013-08-21,19.5238095238095,56.9523809523809,22.3333333333333,12.6666666666667,-1079306.42857143,-3359866.42857143,3577,20.00648616089493,53.23279738836219,25.38081255689235
2013-08-29,864,2013-08-29,19.6428571428571,53.7142857142857,25.2142857142857,11.0,-1079301.42857143,-3359843.57142857,3577,18.976238931344444,53.18346462618112,26.484942560016
2013-08-30,865,2013-08-30,19.4285714285714,54.5238095238095,24.7142857142857,11.3333333333333,-1079306.42857143,-3359866.42857143,3577,17.407064169058458,53.19119554335475,27.9982428562108
2013-09-06,866,2013-09-06,11.125,48.75,38.625,9.125,-1079343.75,-3359853.75,3577,15.868369375719931,52.83151291432233,29.889711810372976
2013-10-01,867,2013-10-01,17.0,53.0,28.5714285714286,10.5714285714286,-1079306.42857143,-3359866.42857143,3577,14.78306896921227,53.2782591505422,30.56219799292097
2013-10-08,868,2013-10-08,14.7619047619048,54.6190476190476,29.3333333333333,10.4285714285714,-1079306.42857143,-3359866.42857143,3577,14.53383664838557,53.44292394910791,30.632203194118127
2013-10-09,869,2013-10-09,15.3809523809524,54.8095238095238,28.4761904761905,9.76190476190476,-1079306.42857143,-3359866.42857143,3577,15.018963879255772,53.501178645907494,30.065556605412805
2013-10-16,870,2013-10-16,14.0,53.0,31.5,8.0,-1079280.0,-3359805.0,3577,15.323517426843328,53.973285486435316,29.3455969984564
2013-10-17,871,2013-10-17,15.9047619047619,54.6666666666667,28.1904761904762,10.2857142857143,-1079306.42857143,-3359866.42857143,3577,15.897940166126652,53.66308575324801,29.103987343921084
2013-10-24,872,2013-10-24,16.4761904761905,56.0,26.0952380952381,10.3333333333333,-1079306.42857143,-3359866.42857143,3577,15.98306182980867,54.02193162873471,28.731640392626815
2013-10-25,873,2013-10-25,17.0,49.9285714285714,31.7857142857143,10.4285714285714,-1079307.85714286,-3359890.71428571,3577,15.002159218488245,54.25707819011963,29.476395121901554
2013-11-01,874,2013-11-01,13.9047619047619,54.1904761904762,30.8095238095238,10.4761904761905,-1079306.42857143,-3359866.42857143,3577,14.849716588878454,55.239329942495075,28.61933822111412
2013-11-09,875,2013-11-09,13.0,56.7619047619048,28.9047619047619,10.3333333333333,-1079306.42857143,-3359866.42857143,3577,14.310306566496388,55.69417386018723,28.634982535520034
2013-11-18,876,2013-11-18,14.2857142857143,58.0952380952381,26.2380952380952,9.80952380952381,-1079306.42857143,-3359866.42857143,3577,14.192838121628586,55.509984339697425,28.880051836703856
2013-11-25,877,2013-11-25,13.3809523809524,57.5714285714286,27.5238095238095,10.3333333333333,-1079306.42857143,-3359866.42857143,3577,13.704380500818091,55.146638062651505,29.68951082456831
2013-11-26,878,2013-11-26,14.25,52.875,31.125,9.5,-1079310.0,-3359820.0,3577,13.625837269024103,55.11242434035729,29.79431494717427
2013-12-03,879,2013-12-03,14.8571428571429,51.6666666666667,32.0476190476191,10.3809523809524,-1079306.42857143,-3359866.42857143,3577,13.724572898719476,54.96744109862483,29.834956709952262
2013-12-04,880,2013-12-04,14.6666666666667,53.2380952380952,30.7619047619048,9.95238095238095,-1079306.42857143,-3359866.42857143,3577,14.782879659038453,53.387884561251184,30.30660258213986
2013-12-11,881,2013-12-11,13.4285714285714,55.7142857142857,29.6190476190476,10.4761904761905,-1079306.42857143,-3359866.42857143,3577,14.927728360388683,53.26108682338535,30.327393839386225
2013-12-27,882,2013-12-27,13.2857142857143,56.4285714285714,28.7142857142857,10.6190476190476,-1079306.42857143,-3359866.42857143,3577,14.868880087918123,54.073998370042915,29.611753442631375
2014-01-05,883,2014-01-05,16.7619047619048,54.4285714285714,27.2380952380952,10.2857142857143,-1079306.42857143,-3359866.42857143,3577,14.42229983638438,55.88174222577412,28.347754799375945
2014-01-12,884,2014-01-12,16.6190476190476,54.0952380952381,27.8571428571429,10.5714285714286,-1079306.42857143,-3359866.42857143,3577,14.278194457758897,57.46639377133874,26.940755323104227
2014-01-20,885,2014-01-20,15.6666666666667,55.7619047619048,27.2380952380952,10.4285714285714,-1079306.42857143,-3359866.42857143,3577,15.185175247866486,57.43557719369555,26.08925813608084
2014-01-28,886,2014-01-28,11.5714285714286,61.4285714285714,26.2857142857143,8.0,-1079307.85714286,-3359903.57142857,3577,16.47597912922746,56.76733070849871,25.560802458631443
2014-01-29,887,2014-01-29,18.7142857142857,56.8571428571429,23.1428571428571,10.7619047619048,-1079306.42857143,-3359866.42857143,3577,18.920632515056955,54.94461678671384,24.97511879245252
2014-02-06,888,2014-02-06,21.6666666666667,53.3333333333333,23.7142857142857,10.9047619047619,-1079306.42857143,-3359866.42857143,3577,21.462892113043722,52.93624229227154,24.379715228008795
2014-03-01,889,2014-03-01,27.1904761904762,47.3809523809524,23.9047619047619,11.7142857142857,-1079306.42857143,-3359866.42857143,3577,24.273806894855923,50.59247398627447,23.78457950717656
2014-03-02,890,2014-03-02,26.8571428571429,46.0,25.9047619047619,11.3809523809524,-1079306.42857143,-3359866.42857143,3577,26.904746440346155,47.89576780288138,23.74558774558418
2014-03-09,891,2014-03-09,27.2857142857143,47.2380952380952,23.952380952381,11.6190476190476,-1079306.42857143,-3359866.42857143,3577,27.75941396064821,45.338601542929126,25.405649046512124
2014-03-10,892,2014-03-10,29.8095238095238,45.4285714285714,23.047619047619,11.3809523809524,-1079306.42857143,-3359866.42857143,3577,28.63721520996635,46.629359288795044,23.192393777529627
2014-03-17,893,2014-03-17,25.2857142857143,48.8571428571429,24.4285714285714,11.4761904761905,-1079306.42857143,-3359866.42857143,3577,27.768779208403544,47.306058234843725,23.483599991336412
2014-03-18,894,2014-03-18,27.4,45.8,25.6,10.0,-1079319.0,-3359919.0,3577,26.99509360608028,46.54855170628467,25.07870076259794
2014-03-25,895,2014-03-25,26.1428571428571,46.5238095238095,25.952380952381,11.2857142857143,-1079306.42857143,-3359866.42857143,3577,27.027988523340525,46.28696174825512,25.33598084062102
2014-04-02,896,2014-04-02,27.4761904761905,48.1428571428571,23.0,12.047619047619,-1079306.42857143,-3359866.42857143,3577,26.436932778260108,45.27458119794903,26.96722627217581
2014-04-03,897,2014-04-03,28.952380952381,47.2857142857143,22.4285714285714,11.952380952381,-1079306.42857143,-3359866.42857143,3577,25.310612246366993,44.858203973522336,28.602659981912684
2014-04-10,898,2014-04-10,19.952380952381,32.3333333333333,46.7619047619048,6.38095238095238,-1079306.42857143,-3359866.42857143,3577,24.621809820722575,44.589047948948405,29.53739500952684
2014-04-11,899,2014-04-11,27.0952380952381,50.4761904761905,20.952380952381,12.047619047619,-1079306.42857143,-3359866.42857143,3577,25.105305633475282,44.392541823494945,29.233868092687267
2014-04-18,900,2014-04-18,26.3809523809524,49.6666666666667,22.5238095238095,11.8571428571429,-1079306.42857143,-3359866.42857143,3577,25.43737248303435,45.7269776147417,27.56004315601428
2014-04-27,901,2014-04-27,21.75,43.75,33.5,9.25,-1079310.0,-3359925.0,3577,27.073268214814014,46.55171576737992,25.08422297667963
2014-05-12,902,2014-05-12,32.0476190476191,47.7142857142857,18.8571428571429,13.6190476190476,-1079306.42857143,-3359866.42857143,3577,28.3094147550944,47.44502624491899,22.858851432058742
2014-05-13,903,2014-05-13,33.0476190476191,46.1904761904762,19.1904761904762,13.0,-1079306.42857143,-3359866.42857143,3577,32.188027173453094,47.68633800485209,18.75164385180496
2014-05-21,904,2014-05-21,33.4285714285714,49.1428571428571,16.1428571428571,12.952380952381,-1079306.42857143,-3359866.42857143,3577,34.09625066549527,47.463596244093615,17.045291956871992
2014-06-05,905,2014-06-05,32.0476190476191,48.0952380952381,18.2857142857143,14.3809523809524,-1079306.42857143,-3359866.42857143,3577,33.75358489321745,45.91354822254701,18.924966037419946
2014-06-14,906,2014-06-14,35.1428571428571,43.3809523809524,20.0952380952381,11.4761904761905,-1079306.42857143,-3359866.42857143,3577,33.7226265963695,47.01921575964764,17.76785101015393
2014-06-21,907,2014-06-21,33.2380952380952,47.2857142857143,18.047619047619,14.2857142857143,-1079306.42857143,-3359866.42857143,3577,31.829728821528807,47.04341679081463,19.60361650126424
2014-06-29,908,2014-06-29,33.4705882352941,48.4117647058824,16.7647058823529,14.7647058823529,-1079305.58823529,-3359852.64705882,3577,29.06186263502344,48.615491183367745,20.799467120625888
2014-07-31,909,2014-07-31,17.5,50.5,30.0,21.5,-1079280.0,-3359805.0,3577,28.41297732801586,48.6628183629568,21.31460338362222
2014-08-01,910,2014-08-01,30.047619047619,47.7142857142857,20.8095238095238,13.047619047619,-1079306.42857143,-3359866.42857143,3577,26.54398284893243,49.41589479541756,22.43847056239727
2014-08-17,911,2014-08-17,26.7142857142857,50.9047619047619,20.9047619047619,12.8571428571429,-1079306.42857143,-3359866.42857143,3577,24.574989813194115,50.05508532624884,23.929816738226936
2014-08-24,912,2014-08-24,23.4761904761905,52.1904761904762,22.8571428571429,13.0952380952381,-1079306.42857143,-3359866.42857143,3577,23.508321733504893,50.08316730315617,25.036899632871148
2014-08-25,913,2014-08-25,24.8571428571429,50.4285714285714,23.3809523809524,12.7619047619048,-1079306.42857143,-3359866.42857143,3577,23.113124991923215,49.95004873714744,25.667681223040745
2014-09-01,914,2014-09-01,22.1176470588235,41.7058823529412,35.0588235294118,10.5294117647059,-1079305.58823529,-3359852.64705882,3577,22.988368791406703,50.12796503562463,25.595729681593674
2014-09-09,915,2014-09-09,17.0,59.3333333333333,22.6666666666667,16.0,-1079315.0,-3359875.0,3577,22.522308551034016,50.39576669611428,25.74746927933579
2014-09-18,916,2014-09-18,24.6190476190476,48.0,25.7619047619048,11.4285714285714,-1079306.42857143,-3359866.42857143,3577,20.819705487249266,52.372174235032915,25.245601875811197
2014-09-26,917,2014-09-26,23.0,53.5,21.5,12.0,-1079340.0,-3359925.0,3577,21.115138807040573,52.44478542460823,24.833874739352737
2014-10-03,918,2014-10-03,19.0,52.7142857142857,26.8095238095238,11.3809523809524,-1079306.42857143,-3359866.42857143,3577,20.257246623342652,52.49163331356137,25.69625715145273
2014-10-04,919,2014-10-04,20.5238095238095,51.4761904761905,26.3333333333333,11.0952380952381,-1079306.42857143,-3359866.42857143,3577,19.08699297120974,52.17222750235084,27.26740469510048
2014-10-11,920,2014-10-11,17.2380952380952,54.0476190476191,27.5714285714286,11.1904761904762,-1079306.42857143,-3359866.42857143,3577,18.761970288556444,51.92693975118988,28.027974696336916
2014-10-12,921,2014-10-12,18.3809523809524,49.8095238095238,30.6190476190476,9.14285714285714,-1079306.42857143,-3359866.42857143,3577,18.69594490678712,47.796352845835784,32.37156527075911
2014-10-19,922,2014-10-19,17.75,41.25,40.5,13.625,-1079321.25,-3359906.25,3577,18.845510026303046,47.94024161656846,32.16917820841944
2014-10-27,923,2014-10-27,20.4285714285714,53.2380952380952,25.0952380952381,11.3809523809524,-1079306.42857143,-3359866.42857143,3577,20.7291667386792,48.158758666810115,30.061501510686607
2014-10-28,924,2014-10-28,22.6470588235294,49.7058823529412,26.1764705882353,11.2352941176471,-1079305.58823529,-3359880.88235294,3577,21.43463053670344,50.32709855250533,27.095517409800376
2014-11-04,925,2014-11-04,24.3333333333333,48.3333333333333,26.1666666666667,11.6666666666667,-1079320.0,-3359915.0,3577,21.895107093473857,52.60197695522896,24.284011199141425
2014-11-05,926,2014-11-05,21.5238095238095,49.8571428571429,27.1428571428571,10.8571428571429,-1079306.42857143,-3359866.42857143,3577,22.414815849478288,54.98962438034644,21.24495563017372
2014-11-12,927,2014-11-12,20.5,72.5,6.0,9.5,-1079310.0,-3359805.0,3577,21.793341409391676,56.768331619807384,20.086590744892245
2014-11-20,928,2014-11-20,21.2380952380952,52.9523809523809,24.5238095238095,11.9047619047619,-1079306.42857143,-3359866.42857143,3577,21.43646698108224,56.861485127502846,20.37152247072722
2014-11-21,929,2014-11-21,19.9047619047619,51.3333333333333,27.1904761904762,11.3333333333333,-1079306.42857143,-3359866.42857143,3577,21.05311365923873,55.94510963145165,21.796419085069978
2014-11-28,930,2014-11-28,23.952380952381,54.0476190476191,20.7619047619048,12.4285714285714,-1079306.42857143,-3359866.42857143,3577,21.201559685985593,54.6293638826338,22.879978047202812
2014-11-29,931,2014-11-29,20.6666666666667,53.0833333333333,25.0833333333333,11.4166666666667,-1079310.0,-3359835.0,3577,22.19314201247946,52.297586542024185,24.206965756270094
2014-12-06,932,2014-12-06,21.3809523809524,51.3809523809524,26.0952380952381,11.5714285714286,-1079306.42857143,-3359866.42857143,3577,22.59652617763738,50.25490757951309,25.863523318782605
2014-12-07,933,2014-12-07,23.6190476190476,51.9047619047619,23.047619047619,11.1428571428571,-1079306.42857143,-3359866.42857143,3577,22.00085801710862,49.64011220976424,27.067050854198506
2014-12-14,934,2014-12-14,20.952380952381,49.6666666666667,28.0,10.7619047619048,-1079306.42857143,-3359866.42857143,3577,20.635076997303035,52.61048987131794,25.463072788920375
2014-12-15,935,2014-12-15,20.4761904761905,49.0952380952381,28.952380952381,10.5238095238095,-1079306.42857143,-3359866.42857143,3577,19.420057527002367,52.51925836258506,26.701099180060766
2014-12-22,936,2014-12-22,18.5,57.5,23.0,8.0,-1079280.0,-3359805.0,3577,18.218656518007293,53.15762142609829,27.202839168961503
2014-12-30,937,2014-12-30,14.3,52.9,31.2,18.0,-1079310.0,-3359862.0,3577,17.91416386078295,53.70619047148249,26.988191394893818
2015-01-07,938,2015-01-07,18.0952380952381,55.7142857142857,24.7619047619048,11.1904761904762,-1079306.42857143,-3359866.42857143,3577,17.655639904316942,54.05802808251464,26.93192706946632
2015-01-15,939,2015-01-15,18.7619047619048,55.7619047619048,24.0,10.952380952381,-1079306.42857143,-3359866.42857143,3577,18.161419227888928,54.19817077764502,26.27437395209269
2015-01-16,940,2015-01-16,21.25,49.6666666666667,27.9166666666667,10.4166666666667,-1079310.0,-3359835.0,3577,19.494257578756567,53.96818063484303,25.175251317912853
2015-01-24,941,2015-01-24,19.8095238095238,53.1428571428571,25.7619047619048,10.3809523809524,-1079306.42857143,-3359866.42857143,3577,20.106478418076208,53.92729749079106,24.61870751569439
2015-02-08,942,2015-02-08,21.2941176470588,54.6470588235294,22.7058823529412,10.9411764705882,-1079305.58823529,-3359852.64705882,3577,21.691395492138916,53.595927392577536,23.392192746241353
2015-02-16,943,2015-02-16,21.1428571428571,56.5238095238095,20.9047619047619,10.8571428571429,-1079306.42857143,-3359866.42857143,3577,22.393664400308285,54.111226178202685,22.238192519854653
2015-02-24,944,2015-02-24,21.75,54.0625,22.875,10.625,-1079308.125,-3359883.75,3577,21.75109774581312,53.836154508234884,23.139695542419265
2015-03-12,945,2015-03-12,22.6666666666667,54.0952380952381,22.1428571428571,11.1428571428571,-1079306.42857143,-3359866.42857143,3577,21.266639388654056,55.31069098220203,22.088758938805707
2015-03-20,946,2015-03-20,21.6666666666667,55.0476190476191,21.8095238095238,11.047619047619,-1079306.42857143,-3359866.42857143,3577,20.89944299614358,56.125957679172785,21.572003877864773
2015-03-21,947,2015-03-21,23.7142857142857,52.0476190476191,22.9047619047619,10.7142857142857,-1079306.42857143,-3359866.42857143,3577,21.44103911022187,54.94356204939753,22.20190774895869
2015-03-28,948,2015-03-28,16.5,57.5,24.5,6.0,-1079280.0,-3359805.0,3577,22.13769601672205,54.233153475394076,22.173839129057995
2015-03-29,949,2015-03-29,22.3809523809524,56.0476190476191,20.0,11.1428571428571,-1079306.42857143,-3359866.42857143,3577,23.574311492546922,52.743581258623024,22.208043363480776
2015-04-14,950,2015-04-14,27.3809523809524,53.3333333333333,17.6666666666667,11.0952380952381,-1079306.42857143,-3359866.42857143,3577,24.852160921088192,51.568726256434815,22.144331659352954
2015-04-22,951,2015-04-22,28.5714285714286,44.4285714285714,25.9047619047619,9.95238095238095,-1079306.42857143,-3359866.42857143,3577,26.425494905139466,50.54922160413345,21.657359660611778
2015-04-29,952,2015-04-29,27.9411764705882,48.3529411764706,22.4117647058824,10.4117647058824,-1079305.58823529,-3359880.88235294,3577,26.84781147947746,49.8848722757772,22.004928508021212
2015-05-07,953,2015-05-07,26.2380952380952,53.3333333333333,19.0952380952381,13.0952380952381,-1079306.42857143,-3359866.42857143,3577,28.506445930681316,51.69841052530134,18.511173371032207
2015-05-08,954,2015-05-08,27.1,51.4,20.3,12.1,-1079304.0,-3359829.0,3577,28.372203229292396,52.1949186853862,18.106526224334484
2015-05-23,955,2015-05-23,26.2380952380952,56.1428571428571,16.2857142857143,13.6190476190476,-1079306.42857143,-3359866.42857143,3577,26.744639837788256,52.908421906501786,18.973803377461078
2015-05-24,956,2015-05-24,27.9411764705882,53.4117647058824,17.1176470588235,13.2352941176471,-1079305.58823529,-3359852.64705882,3577,25.797137573768204,53.05266760192213,19.755449340312527
2015-05-31,957,2015-05-31,26.4117647058824,52.4117647058824,19.7647058823529,13.9411764705882,-1079305.58823529,-3359852.64705882,3577,25.80419695644224,51.79683425903743,21.026451421458287
2015-06-01,958,2015-06-01,29.6666666666667,51.0476190476191,17.7619047619048,12.952380952381,-1079306.42857143,-3359866.42857143,3577,26.22625383479118,49.66107243087018,22.826933553300552
2015-06-09,959,2015-06-09,17.5238095238095,39.6666666666667,41.8095238095238,6.14285714285714,-1079306.42857143,-3359866.42857143,3577,26.85467422760776,48.6324264820277,23.258866599311123
2015-06-16,960,2015-06-16,30.5,53.0,15.5,13.75,-1079310.0,-3359925.0,3577,27.317237488422624,48.29400108783838,23.191419762168437
2015-06-24,961,2015-06-24,29.8095238095238,51.0952380952381,17.8095238095238,15.7142857142857,-1079306.42857143,-3359866.42857143,3577,28.38900912721285,49.34348553770511,21.069391059371533
2015-06-25,962,2015-06-25,31.7142857142857,48.6666666666667,18.2857142857143,15.8095238095238,-1079306.42857143,-3359866.42857143,3577,29.92705852393985,50.70536481062041,18.08735831035691
2015-07-03,963,2015-07-03,28.6190476190476,52.0476190476191,17.952380952381,13.952380952381,-1079306.42857143,-3359866.42857143,3577,29.626761479880322,51.073583643326536,17.972186921920194
2015-07-10,964,2015-07-10,28.5238095238095,50.3809523809524,19.7619047619048,14.8095238095238,-1079306.42857143,-3359866.42857143,3577,29.82225663002852,50.38446531916915,18.46531750135101
2015-07-18,965,2015-07-18,28.2380952380952,50.8571428571429,19.5714285714286,14.2380952380952,-1079306.42857143,-3359866.42857143,3577,28.194908594103055,48.19874586045786,22.266769411002134
2015-07-19,966,2015-07-19,27.952380952381,49.1428571428571,21.4761904761905,13.3333333333333,-1079306.42857143,-3359866.42857143,3577,25.49428532372969,47.74281779653496,25.48155942430286
2015-07-26,967,2015-07-26,22.6428571428571,41.8571428571429,34.5,8.42857142857143,-1079288.57142857,-3359877.85714286,3577,24.24062166813581,49.34766189919342,25.22278705480388
2015-07-27,968,2015-07-27,19.5,48.5,31.0,10.0,-1079280.0,-3359805.0,3577,22.20773326108999,49.285227884473855,27.322157089249163
2015-08-03,969,2015-08-03,27.1904761904762,50.5714285714286,20.8095238095238,14.2857142857143,-1079306.42857143,-3359866.42857143,3577,21.09952531532985,48.806038767878135,28.9081442748309
2015-08-11,970,2015-08-11,14.6666666666667,55.0,29.0,24.3333333333333,-1079255.0,-3359905.0,3577,20.636804675319166,49.63965376576182,28.476316185176422
2015-08-12,971,2015-08-12,24.0,55.0,19.875,14.0,-1079310.0,-3359820.0,3577,20.57380508764284,49.773426688644186,28.36237411134545
2015-08-19,972,2015-08-19,17.9411764705882,38.2352941176471,42.5882352941176,17.3529411764706,-1079305.58823529,-3359880.88235294,3577,20.866755165550067,49.47557935901762,28.31301109956212
2015-08-27,973,2015-08-27,23.3333333333333,46.8095238095238,28.2380952380952,12.6666666666667,-1079306.42857143,-3359866.42857143,3577,21.665666786315523,48.34182758599265,28.631127159123224
2015-08-28,974,2015-08-28,24.1904761904762,51.4761904761905,23.0952380952381,13.0,-1079306.42857143,-3359866.42857143,3577,22.270648643528208,46.60248762952493,29.8210985957481
2015-09-12,975,2015-09-12,21.3809523809524,50.0,27.2380952380952,12.1904761904762,-1079306.42857143,-3359866.42857143,3577,22.344168700839923,47.037840248131886,29.308903860961923
2015-09-13,976,2015-09-13,20.5,44.3333333333333,34.0,8.83333333333333,-1079310.0,-3359835.0,3577,23.40843555157538,47.49657716470884,27.748379215935607
2015-09-20,977,2015-09-20,24.4,48.5,25.7,10.45,-1079308.5,-3359869.5,3577,22.388070401033737,49.0877600363504,27.137186612933775
2015-09-21,978,2015-09-21,23.5714285714286,49.6666666666667,25.4285714285714,12.0,-1079306.42857143,-3359866.42857143,3577,22.13403824366889,50.094235728447885,26.398213203959557
2015-09-28,979,2015-09-28,20.4285714285714,51.0,27.047619047619,9.42857142857143,-1079306.42857143,-3359866.42857143,3577,21.15032572599184,49.894585882149,27.564014219856013
2015-10-06,980,2015-10-06,19.5,51.75,27.25,11.25,-1079310.0,-3359805.0,3577,21.151533708806085,51.12860900708435,26.29148070711144
2015-10-07,981,2015-10-07,22.0952380952381,50.0952380952381,26.4761904761905,11.3809523809524,-1079306.42857143,-3359866.42857143,3577,20.291695920175865,52.19238578757924,26.1164209887081
2015-10-14,982,2015-10-14,16.7619047619048,55.6666666666667,26.1428571428571,11.3809523809524,-1079306.42857143,-3359866.42857143,3577,18.685572631699877,52.48292832038179,27.393910630129447
2015-10-15,983,2015-10-15,19.3333333333333,52.0952380952381,27.3809523809524,11.0,-1079306.42857143,-3359866.42857143,3577,17.753880794125823,52.7477561138473,28.11790763415732
2015-10-22,984,2015-10-22,19.6666666666667,53.1428571428571,25.6666666666667,11.2857142857143,-1079306.42857143,-3359866.42857143,3577,17.928963193666412,53.91699812055044,26.761459644582597
2015-10-23,985,2015-10-23,15.1904761904762,52.1904761904762,31.1904761904762,10.6190476190476,-1079306.42857143,-3359866.42857143,3577,17.91210801582052,55.097256974183736,25.616156547267288
2015-10-30,986,2015-10-30,15.5714285714286,57.7142857142857,25.2857142857143,11.3333333333333,-1079306.42857143,-3359866.42857143,3577,17.498581913439992,56.27318914314978,24.86733905928582
2015-11-08,987,2015-11-08,19.4285714285714,58.6666666666667,20.5714285714286,12.3333333333333,-1079306.42857143,-3359866.42857143,3577,17.355388161887127,57.1812220287367,24.12048452063572
2015-11-15,988,2015-11-15,19.7619047619048,58.9047619047619,20.2380952380952,12.5238095238095,-1079306.42857143,-3359866.42857143,3577,17.389660906686178,57.60507603850397,23.686597200525558
2015-12-01,989,2015-12-01,16.3809523809524,55.9047619047619,26.1904761904762,11.3809523809524,-1079306.42857143,-3359866.42857143,3577,16.96898457579319,57.373572763657066,24.33553958940593
2015-12-09,990,2015-12-09,15.1428571428571,56.2380952380952,27.4761904761905,11.952380952381,-1079306.42857143,-3359866.42857143,3577,16.819788055079655,56.41872987692578,25.465521063040484
2015-12-10,991,2015-12-10,16.5714285714286,55.4285714285714,26.6190476190476,11.2380952380952,-1079306.42857143,-3359866.42857143,3577,17.34704923559154,54.97622398240772,26.343804802005202
2015-12-17,992,2015-12-17,17.7142857142857,54.3809523809524,26.4761904761905,10.2857142857143,-1079306.42857143,-3359866.42857143,3577,17.02934320581126,54.14587270314014,27.51219368866017
2015-12-18,993,2015-12-18,17.2857142857143,53.5714285714286,27.8571428571429,10.952380952381,-1079306.42857143,-3359866.42857143,3577,17.00000927864452,54.86053626455283,26.84515742255279
2015-12-26,994,2015-12-26,18.3809523809524,54.2380952380952,26.1428571428571,11.3333333333333,-1079306.42857143,-3359866.42857143,3577,17.7533333539499,55.689839572184184,25.28442455377062
2016-01-02,995,2016-01-02,18.2857142857143,58.3809523809524,22.1428571428571,11.3809523809524,-1079306.42857143,-3359866.42857143,3577,18.44044981506007,56.25272096323886,24.053947944037223
2016-01-03,996,2016-01-03,20.0,55.2380952380952,23.4761904761905,10.9047619047619,-1079306.42857143,-3359866.42857143,3577,18.75311479026369,56.47853952032673,23.47802919474395
2016-01-11,997,2016-01-11,15.2380952380952,59.1428571428571,24.3809523809524,11.1904761904762,-1079306.42857143,-3359866.42857143,3577,18.72110191150158,55.70877007408681,24.26133464058798
2016-02-03,998,2016-02-03,21.0,53.9047619047619,23.6190476190476,12.0,-1079306.42857143,-3359866.42857143,3577,19.50126722262653,54.82369436548181,24.341412285681095
2016-02-04,999,2016-02-04,21.7142857142857,51.3333333333333,25.5714285714286,11.5238095238095,-1079306.42857143,-3359866.42857143,3577,20.057964635980206,52.55862073941782,26.045256600980267
2016-02-11,1000,2016-02-11,20.6666666666667,51.5,26.5,11.6666666666667,-1079300.0,-3359815.0,3577,21.765757977829033,52.30374475884529,24.571151758454597
2016-02-12,1001,2016-02-12,21.4444444444444,51.0,26.2222222222222,11.2777777777778,-1079298.33333333,-3359871.66666667,3577,22.760254365514125,51.1537286243092,24.708733818637256
2016-02-27,1002,2016-02-27,22.7619047619048,49.1428571428571,26.7619047619048,10.7619047619048,-1079306.42857143,-3359866.42857143,3577,23.113169596138274,50.47450382434147,25.032922701649618
2016-02-28,1003,2016-02-28,25.6190476190476,53.2380952380952,19.9047619047619,12.0,-1079306.42857143,-3359866.42857143,3577,22.816773103991753,50.063418334167935,25.728656604673034
2016-03-06,1004,2016-03-06,22.3,49.1,27.0,8.9,-1079277.0,-3359853.0,3577,22.127947203682687,49.61096931025824,26.89842368595133
2016-03-15,1005,2016-03-15,24.1428571428571,53.0952380952381,21.2857142857143,12.0,-1079306.42857143,-3359866.42857143,3577,22.558481625323157,48.75409654609601,27.324795712773607
2016-03-22,1006,2016-03-22,16.7272727272727,39.5454545454545,42.5454545454545,5.81818181818182,-1079295.0,-3359837.72727273,3577,22.934628510617195,48.42378939312144,27.3266420229509
2016-03-30,1007,2016-03-30,24.7142857142857,52.7142857142857,21.3333333333333,13.3809523809524,-1079306.42857143,-3359866.42857143,3577,23.47216409008909,48.9517922971973,26.30510573642742
2016-04-07,1008,2016-04-07,25.4761904761905,49.7619047619048,23.5238095238095,12.4285714285714,-1079306.42857143,-3359866.42857143,3577,24.040843011005467,49.49852021394696,25.19877964234467
2016-04-08,1009,2016-04-08,27.6,48.8,22.4,11.4,-1079319.0,-3359919.0,3577,25.26290005792974,50.482109126784025,22.983039762200193
2016-04-15,1010,2016-04-15,25.952380952381,55.0,17.6666666666667,14.5238095238095,-1079306.42857143,-3359866.42857143,3577,26.82106743775789,51.909629710005966,19.98457302005467
2016-05-01,1011,2016-05-01,26.1428571428571,52.4285714285714,20.1428571428571,13.8571428571429,-1079306.42857143,-3359866.42857143,3577,27.27895867726373,52.63994168488499,18.76414900491782
2016-05-02,1012,2016-05-02,27.0,51.9047619047619,19.6666666666667,13.6666666666667,-1079306.42857143,-3359866.42857143,3577,27.853123022087665,53.32600847096061,17.5173489287538
2016-05-09,1013,2016-05-09,27.5,51.1875,20.0,14.3125,-1079302.5,-3359850.0,3577,26.971690094453386,51.66861251096309,20.09936177975888
2016-05-10,1014,2016-05-10,30.0769230769231,53.3846153846154,15.3846153846154,14.6153846153846,-1079304.23076923,-3359895.0,3577,27.83453213452797,52.534092932343604,18.336135175451332
2016-05-17,1015,2016-05-17,27.6190476190476,51.1904761904762,20.0,14.2857142857143,-1079306.42857143,-3359866.42857143,3577,28.915980502782556,52.06114733483569,17.732699347962253
2016-05-18,1016,2016-05-18,28.4285714285714,51.5714285714286,18.6666666666667,14.0952380952381,-1079306.42857143,-3359866.42857143,3577,30.388136710470803,50.25642152262324,18.00664521633532
2016-06-03,1017,2016-06-03,31.6190476190476,49.8571428571429,17.0,13.9047619047619,-1079306.42857143,-3359866.42857143,3577,30.76201860376203,49.917767797210814,17.88634299731913
2016-06-10,1018,2016-06-10,30.6190476190476,49.2380952380952,18.6190476190476,17.5238095238095,-1079306.42857143,-3359866.42857143,3577,31.166938364480714,49.33773341942705,18.028884943742916
2016-06-11,1019,2016-06-11,35.0,51.0,12.5,13.75,-1079310.0,-3359925.0,3577,31.635967509504088,49.27572528685153,17.651304280379982
2016-06-18,1020,2016-06-18,30.6153846153846,44.6153846153846,23.5384615384615,12.6153846153846,-1079304.23076923,-3359895.0,3577,31.467072401278223,49.64100315318613,17.523873701115647
2016-06-26,1021,2016-06-26,29.2857142857143,49.5714285714286,19.6190476190476,17.3809523809524,-1079306.42857143,-3359866.42857143,3577,31.161034944252492,50.323957934571986,17.231536017762295
2016-06-27,1022,2016-06-27,29.0,57.0,13.0,14.0,-1079265.0,-3359805.0,3577,30.301348627552734,50.365712746402984,18.1105117197612
2016-07-13,1023,2016-07-13,32.4761904761905,49.1428571428571,17.2857142857143,16.3809523809524,-1079306.42857143,-3359866.42857143,3577,29.678852781729994,50.786935359623634,18.31215612005407
2016-08-06,1024,2016-08-06,28.6666666666667,50.3333333333333,19.7142857142857,14.6666666666667,-1079306.42857143,-3359866.42857143,3577,29.02630155428008,50.72765566971762,18.997619620592484
2016-08-13,1025,2016-08-13,27.4285714285714,49.4285714285714,21.6190476190476,14.4285714285714,-1079306.42857143,-3359866.42857143,3577,28.87040840797257,50.9464384151138,18.842491288576824
2016-08-14,1026,2016-08-14,29.4761904761905,49.2857142857143,19.9047619047619,14.047619047619,-1079306.42857143,-3359866.42857143,3577,28.441003011432205,50.58210030422896,19.57587072370061
2016-08-21,1027,2016-08-21,27.25,50.65,20.75,12.9,-1079304.0,-3359863.5,3577,27.5304154050243,49.78451471128745,21.365180871756614
2016-08-30,1028,2016-08-30,25.75,52.0,20.875,12.25,-1079310.0,-3359910.0,3577,26.053425934227008,49.69110791168872,22.919755554040048
2016-09-06,1029,2016-09-06,24.6666666666667,48.9047619047619,25.1428571428571,13.0952380952381,-1079306.42857143,-3359866.42857143,3577,24.100790592273082,49.731017176830164,24.860945942598573
2016-09-14,1030,2016-09-14,24.4761904761905,49.5238095238095,24.6666666666667,12.047619047619,-1079306.42857143,-3359866.42857143,3577,22.74673332145013,48.71108916089135,27.265483167300957
2016-09-15,1031,2016-09-15,18.8571428571429,46.4285714285714,33.7142857142857,9.0,-1079316.42857143,-3359912.14285714,3577,21.33818554232623,48.36779538235113,28.951307046128868
2016-09-22,1032,2016-09-22,21.8571428571429,49.2857142857143,27.3809523809524,13.1904761904762,-1079306.42857143,-3359866.42857143,3577,20.520797730487473,48.1466625896061,29.87905798059555
2016-09-23,1033,2016-09-23,17.0,47.0,34.0,21.0,-1079355.0,-3359835.0,3577,19.905569999577523,49.04125782131718,29.54985487442179
2016-09-30,1034,2016-09-30,21.0952380952381,51.0952380952381,26.5238095238095,12.952380952381,-1079306.42857143,-3359866.42857143,3577,19.86827047287575,50.39584566024632,28.17453184665196
2016-10-01,1035,2016-10-01,22.6153846153846,52.4615384615385,23.4615384615385,10.4615384615385,-1079304.23076923,-3359895.0,3577,20.01057446562029,51.50596989736492,26.897029272620642
2016-10-16,1036,2016-10-16,19.6,52.2,26.4,10.4,-1079265.0,-3359841.0,3577,20.415659033350664,52.04457194785068,26.00033746914759
2016-10-17,1037,2016-10-17,18.5,53.2,27.0,12.0,-1079304.0,-3359829.0,3577,20.442691507108535,52.32789321497758,25.761514483765943
2016-11-01,1038,2016-11-01,19.4285714285714,53.2380952380952,26.0,12.2380952380952,-1079306.42857143,-3359866.42857143,3577,19.384176790103872,52.641830107647436,26.618626094866464
2016-11-02,1039,2016-11-02,21.6923076923077,49.7692307692308,27.0769230769231,11.5384615384615,-1079304.23076923,-3359895.0,3577,18.82163570474232,53.212172431271256,26.62305219377584
2016-11-09,1040,2016-11-09,17.0,52.5,29.25,11.5,-1079310.0,-3359925.0,3577,18.19226702300132,52.688583864283075,27.744866488218612
2016-11-10,1041,2016-11-10,18.2857142857143,54.6190476190476,25.8095238095238,11.4285714285714,-1079306.42857143,-3359866.42857143,3577,18.48891465155426,52.90231113416935,27.317979382263722
2016-11-25,1042,2016-11-25,17.1904761904762,54.2380952380952,27.1904761904762,11.9047619047619,-1079306.42857143,-3359866.42857143,3577,19.26510078231489,52.83821714430172,26.61738348623134
2016-12-19,1043,2016-12-19,19.7619047619048,54.1428571428571,24.8095238095238,12.1904761904762,-1079306.42857143,-3359866.42857143,3577,19.64023026177588,52.921482206339036,26.121199421963908
2016-12-20,1044,2016-12-20,22.1428571428571,50.0476190476191,26.4761904761905,11.4285714285714,-1079306.42857143,-3359866.42857143,3577,20.017389819643675,53.11101630391843,25.58345570627524
2016-12-27,1045,2016-12-27,21.0,52.0,25.75,11.25,-1079310.0,-3359925.0,3577,20.257299785571263,53.381601305447745,25.082064835428646
2016-12-28,1046,2016-12-28,19.7058823529412,56.1176470588235,22.9411764705882,15.9411764705882,-1079309.11764706,-3359879.11764706,3577,21.075375517845956,53.87507281392976,23.682641756100146
2017-01-04,1047,2017-01-04,20.6666666666667,54.1904761904762,23.6666666666667,11.8095238095238,-1079306.42857143,-3359866.42857143,3577,20.375497824443038,54.718717709722796,23.511298340887258
2017-01-05,1048,2017-01-05,18.1818181818182,57.0,23.3636363636364,11.2727272727273,-1079305.90909091,-3359832.27272727,3577,19.66038591150211,55.824736456909434,23.087255941272687
2017-01-12,1049,2017-01-12,19.3846153846154,56.5384615384615,22.6923076923077,11.4615384615385,-1079304.23076923,-3359895.0,3577,18.47613216901531,57.30391003095481,22.759295299543716
2017-01-13,1050,2017-01-13,19.3809523809524,58.1904761904762,20.9047619047619,11.1904761904762,-1079306.42857143,-3359866.42857143,3577,17.839085916595998,58.565418830445154,22.204694916926044
2017-01-20,1051,2017-01-20,19.4285714285714,57.5238095238095,21.5238095238095,11.6190476190476,-1079306.42857143,-3359866.42857143,3577,18.019623812636517,58.264125270655235,22.364391094780643
2017-01-28,1052,2017-01-28,15.1904761904762,56.5714285714286,27.2380952380952,8.0,-1079306.42857143,-3359866.42857143,3577,19.248805814447067,57.380900062016536,22.04986994610156
2017-02-05,1053,2017-02-05,21.6666666666667,59.2380952380952,17.7142857142857,12.8095238095238,-1079306.42857143,-3359866.42857143,3577,21.169982007958467,55.98652265435886,21.504574061604718
2017-02-13,1054,2017-02-13,23.047619047619,55.4761904761905,20.1904761904762,14.3333333333333,-1079306.42857143,-3359866.42857143,3577,24.07522580816456,54.014828626156586,20.554989232602857
2017-02-21,1055,2017-02-21,28.047619047619,49.1428571428571,21.4761904761905,13.5714285714286,-1079306.42857143,-3359866.42857143,3577,26.82053872339847,51.46936061873374,20.332848330716818
2017-03-01,1056,2017-03-01,31.0,47.25,20.0,12.5,-1079310.0,-3359925.0,3577,29.2691365651848,49.57120562615178,19.770739644769208
2017-03-17,1057,2017-03-17,31.7142857142857,49.5714285714286,17.3809523809524,13.4285714285714,-1079306.42857143,-3359866.42857143,3577,31.052789831422945,48.65916874662278,18.881162439209167
2017-03-26,1058,2017-03-26,30.2380952380952,49.3809523809524,19.0952380952381,14.0952380952381,-1079306.42857143,-3359866.42857143,3577,31.78343006322405,48.447448320506105,18.345819234941885
2017-04-02,1059,2017-04-02,31.875,49.0,17.9375,14.5,-1079308.125,-3359883.75,3577,31.610101585716045,49.021124128701956,18.036117455812903
2017-04-10,1060,2017-04-10,30.0,48.9047619047619,19.6190476190476,14.1904761904762,-1079306.42857143,-3359866.42857143,3577,31.549487535163934,50.4003816101264,16.73299655710397
2017-04-18,1061,2017-04-18,31.4285714285714,54.7142857142857,12.5714285714286,15.0,-1079303.57142857,-3359817.85714286,3577,30.86774783523547,51.679885388081985,16.17525637417036
2017-04-19,1062,2017-04-19,32.7142857142857,50.1904761904762,15.7142857142857,14.047619047619,-1079306.42857143,-3359866.42857143,3577,30.291517177348545,51.08943430150095,17.31790919348709
2017-04-26,1063,2017-04-26,31.4285714285714,51.4285714285714,15.8095238095238,14.7619047619048,-1079306.42857143,-3359866.42857143,3577,32.89522702099608,53.025836134961324,12.688325670715399
2017-05-04,1064,2017-05-04,31.7619047619048,52.1428571428571,14.9047619047619,14.9047619047619,-1079306.42857143,-3359866.42857143,3577,33.48917452516022,53.00756673666096,12.11147811166979
2017-05-21,1065,2017-05-21,31.047619047619,52.3333333333333,15.047619047619,17.3333333333333,-1079306.42857143,-3359866.42857143,3577,32.48377009986431,51.275350552432656,14.822235813719653
2017-05-28,1066,2017-05-28,34.3333333333333,51.0,13.2380952380952,14.8571428571429,-1079306.42857143,-3359866.42857143,3577,31.98796529407506,48.88685669335092,17.701487044944137
2017-06-06,1067,2017-06-06,35.7619047619048,47.8571428571429,14.8571428571429,15.3333333333333,-1079306.42857143,-3359866.42857143,3577,31.41972647235336,47.66846500591919,19.481047676091187
2017-06-13,1068,2017-06-13,33.0,50.2380952380952,15.4285714285714,16.2380952380952,-1079306.42857143,-3359866.42857143,3577,30.42553834194246,46.49209562366763,21.718218829670676
2017-06-21,1069,2017-06-21,15.3888888888889,31.5,51.8333333333333,14.2222222222222,-1079306.66666667,-3359875.0,3577,29.78552647902048,44.402097902091285,24.46466639655125
2017-06-22,1070,2017-06-22,34.4285714285714,49.0476190476191,15.1428571428571,17.047619047619,-1079306.42857143,-3359866.42857143,3577,29.042091517009773,43.407840903500066,26.20397531604568
2017-06-29,1071,2017-06-29,34.4285714285714,48.8571428571429,15.5238095238095,16.2380952380952,-1079306.42857143,-3359866.42857143,3577,28.67041008526648,43.96606901869404,26.070943504376118
2017-07-07,1072,2017-07-07,27.3809523809524,46.2380952380952,25.047619047619,11.5714285714286,-1079306.42857143,-3359866.42857143,3577,29.13722019294338,45.4511891617087,24.072684797139374
2017-07-08,1073,2017-07-08,27.9444444444444,40.8888888888889,29.7222222222222,12.8888888888889,-1079300.0,-3359858.33333333,3577,30.266398891781357,47.70865031081037,20.687454272590468
2017-07-15,1074,2017-07-15,32.5714285714286,49.8095238095238,16.0952380952381,16.1428571428571,-1079306.42857143,-3359866.42857143,3577,31.38954234619399,49.705824103649505,17.5452700034717
2017-07-23,1075,2017-07-23,29.9333333333333,53.0666666666667,15.8,15.8,-1079301.0,-3359847.0,3577,31.864080329710227,50.88266655943912,15.875661387114118
2017-07-24,1076,2017-07-24,32.0,52.5238095238095,14.2380952380952,14.4761904761905,-1079306.42857143,-3359866.42857143,3577,30.165807017195682,49.204822868902184,19.22245590666356
2017-07-31,1077,2017-07-31,32.2380952380952,49.9523809523809,16.1904761904762,16.1428571428571,-1079306.42857143,-3359866.42857143,3577,31.517029861258877,50.59430984391528,16.465126269496874
2017-08-08,1078,2017-08-08,30.2380952380952,50.4761904761905,18.0,15.047619047619,-1079306.42857143,-3359866.42857143,3577,31.56693796399205,50.96743555721123,16.067826652189574
2017-08-09,1079,2017-08-09,31.3333333333333,47.7142857142857,19.3809523809524,18.6666666666667,-1079306.42857143,-3359866.42857143,3577,30.279054644181677,50.68847208861932,17.62393439463608
2017-08-25,1080,2017-08-25,28.6666666666667,49.4761904761905,20.4285714285714,13.6190476190476,-1079306.42857143,-3359866.42857143,3577,29.34413430995808,50.359321870072876,18.87375997325404
2017-09-01,1081,2017-09-01,25.8095238095238,52.8571428571429,20.047619047619,14.4761904761905,-1079306.42857143,-3359866.42857143,3577,28.000155868379224,51.64217206940896,18.947197732605105
2017-09-09,1082,2017-09-09,29.047619047619,56.5714285714286,13.0952380952381,13.4285714285714,-1079306.42857143,-3359866.42857143,3577,25.70074211134197,53.04929809611683,19.90702280175666
2017-09-10,1083,2017-09-10,23.7142857142857,52.5714285714286,22.3333333333333,14.2380952380952,-1079306.42857143,-3359866.42857143,3577,23.427399806072778,54.43627038595267,20.858071301760127
2017-09-17,1084,2017-09-17,21.6875,53.625,23.3125,12.875,-1079313.75,-3359876.25,3577,21.899350971522622,54.875204645707285,21.920653069837094
2017-10-03,1085,2017-10-03,20.4761904761905,54.5238095238095,23.7619047619048,13.3333333333333,-1079306.42857143,-3359866.42857143,3577,21.34128494054646,54.27458970337417,23.101378562094922
2017-10-11,1086,2017-10-11,18.125,53.875,26.75,12.875,-1079310.0,-3359820.0,3577,21.2542262948578,52.9491521120699,24.480679279437226
2017-10-12,1087,2017-10-12,21.8571428571429,53.5714285714286,23.2380952380952,12.4761904761905,-1079306.42857143,-3359866.42857143,3577,20.72832321187277,52.19271672599068,25.688720915303747
2017-10-19,1088,2017-10-19,23.1904761904762,52.0476190476191,23.3333333333333,13.0952380952381,-1079306.42857143,-3359866.42857143,3577,21.465344059961616,53.035848439478315,24.097937343870257
2017-10-20,1089,2017-10-20,24.5238095238095,49.5714285714286,24.3333333333333,12.4761904761905,-1079306.42857143,-3359866.42857143,3577,21.999948387522515,53.16015563383194,23.421194066507887
2017-10-27,1090,2017-10-27,19.8571428571429,52.8571428571429,26.0,12.8571428571429,-1079307.85714286,-3359890.71428571,3577,21.503728083059258,52.1466610015294,24.91627619026626
2017-10-28,1091,2017-10-28,17.7619047619048,55.9047619047619,24.8095238095238,12.2857142857143,-1079306.42857143,-3359866.42857143,3577,20.47257083731239,52.249745481548835,25.859489130576588
2017-11-04,1092,2017-11-04,20.7619047619048,54.4761904761905,23.3809523809524,12.2857142857143,-1079306.42857143,-3359866.42857143,3577,19.495008087884464,52.681844471310285,26.506162568078103
2017-11-05,1093,2017-11-05,21.0,52.0,26.0,11.0,-1079265.0,-3359805.0,3577,18.24391127448133,53.506425205333606,27.004707109192232
2017-11-12,1094,2017-11-12,13.6666666666667,47.9523809523809,36.9523809523809,23.047619047619,-1079306.42857143,-3359866.42857143,3577,17.597780702267254,54.71777848054119,26.45925694532109
2017-11-13,1095,2017-11-13,19.5714285714286,58.2380952380952,21.0,11.8571428571429,-1079306.42857143,-3359866.42857143,3577,17.69912105438158,55.29655367851135,25.756590159063077
2017-11-20,1096,2017-11-20,17.7142857142857,59.8571428571429,21.2380952380952,12.4761904761905,-1079306.42857143,-3359866.42857143,3577,17.955964572060964,55.32220978195383,25.438701649224143
2017-11-28,1097,2017-11-28,18.4285714285714,56.0952380952381,24.1904761904762,12.3809523809524,-1079306.42857143,-3359866.42857143,3577,17.948930584376818,57.982649058878785,22.739240120041657
2017-11-29,1098,2017-11-29,16.25,58.125,24.0,11.0,-1079268.75,-3359880.0,3577,17.81379069846295,58.64344775450711,22.11805841217274
2017-12-06,1099,2017-12-06,19.0,56.4761904761905,23.1428571428571,12.3333333333333,-1079306.42857143,-3359866.42857143,3577,18.06834367902208,57.88139427650949,22.638541025534543
2017-12-07,1100,2017-12-07,19.3809523809524,55.9047619047619,23.3809523809524,11.8571428571429,-1079306.42857143,-3359866.42857143,3577,18.05899157601673,56.1994130740177,24.36367966398562
2017-12-14,1101,2017-12-14,16.3333333333333,58.8571428571429,23.4285714285714,12.2380952380952,-1079306.42857143,-3359866.42857143,3577,17.430122766807457,54.417540019312085,26.76151712064625
2017-12-22,1102,2017-12-22,17.2380952380952,56.4761904761905,24.8571428571429,12.2857142857143,-1079306.42857143,-3359866.42857143,3577,16.94664545980081,54.17616529496526,27.529791158270022
2017-12-23,1103,2017-12-23,16.0,43.9047619047619,38.9047619047619,15.5238095238095,-1079306.42857143,-3359866.42857143,3577,17.137707236001873,54.21667535250318,27.29542078148482
2017-12-31,1104,2017-12-31,18.4761904761905,60.0952380952381,20.1904761904762,11.4761904761905,-1079306.42857143,-3359866.42857143,3577,16.805584920752672,55.714256744279396,26.19510025577746
2018-01-07,1105,2018-01-07,18.1428571428571,58.0952380952381,22.1904761904762,12.1904761904762,-1079306.42857143,-3359866.42857143,3577,18.01194084552948,58.41890372268759,22.27964295765821
2018-01-08,1106,2018-01-08,18.3333333333333,59.3809523809524,21.0,11.0952380952381,-1079306.42857143,-3359866.42857143,3577,20.04430141581545,59.97981481881516,18.628195334074903
2018-01-23,1107,2018-01-23,20.8571428571429,61.2857142857143,16.5238095238095,14.6190476190476,-1079306.42857143,-3359866.42857143,3577,22.530480871034783,60.32581556729262,15.73611218502624
2018-02-08,1108,2018-02-08,27.4761904761905,63.2857142857143,7.90476190476191,12.8571428571429,-1079306.42857143,-3359866.42857143,3577,24.2610557656961,59.90980948874792,14.335280818250798
2018-02-09,1109,2018-02-09,23.1333333333333,59.8,15.7333333333333,13.8666666666667,-1079301.0,-3359847.0,3577,25.782737798833004,57.765319716394686,14.928254614320476
2018-02-16,1110,2018-02-16,32.0,50.0,16.0,14.0,-1079355.0,-3359925.0,3577,26.625112761331685,54.46751906503414,17.470700610016856
2018-03-12,1111,2018-03-12,23.1428571428571,49.3333333333333,26.047619047619,14.3809523809524,-1079306.42857143,-3359866.42857143,3577,26.997737041076658,53.45221960701036,18.135311540881553
2018-03-20,1112,2018-03-20,26.7142857142857,54.0,18.2380952380952,14.1428571428571,-1079306.42857143,-3359866.42857143,3577,26.363310580024894,52.180569688301816,20.09544325643094
2018-03-28,1113,2018-03-28,24.0952380952381,55.2380952380952,19.4285714285714,14.2380952380952,-1079306.42857143,-3359866.42857143,3577,25.22954032551177,52.26744875350904,21.25536795505516
2018-03-29,1114,2018-03-29,26.3809523809524,53.6190476190476,19.0,13.7619047619048,-1079306.42857143,-3359866.42857143,3577,24.687578056614612,53.23595537588549,20.90854161318243
2018-04-13,1115,2018-04-13,25.0,54.0476190476191,19.7142857142857,14.2380952380952,-1079306.42857143,-3359866.42857143,3577,25.084400635480478,54.83520194974483,18.96835156587194
2018-04-14,1116,2018-04-14,24.5238095238095,54.0,20.0952380952381,14.0952380952381,-1079306.42857143,-3359866.42857143,3577,25.139556006425313,55.70079456146735,18.07528281831417
2018-04-21,1117,2018-04-21,25.5238095238095,56.2380952380952,17.3809523809524,13.8095238095238,-1079306.42857143,-3359866.42857143,3577,25.935851300398518,55.69049629420314,17.252103417735526
2018-04-29,1118,2018-04-29,27.3809523809524,55.2380952380952,16.1428571428571,14.6666666666667,-1079306.42857143,-3359866.42857143,3577,27.391252710134076,54.18882356033248,17.259358804247874
2018-04-30,1119,2018-04-30,28.8571428571429,54.5714285714286,15.4761904761905,14.3809523809524,-1079306.42857143,-3359866.42857143,3577,28.418107434357065,54.19543098799254,16.241456685726703
2018-05-07,1120,2018-05-07,27.9047619047619,55.3809523809524,15.6666666666667,15.2380952380952,-1079306.42857143,-3359866.42857143,3577,28.461917081881875,54.4688835416308,15.935897693635244
2018-05-23,1121,2018-05-23,28.1904761904762,53.1428571428571,17.5238095238095,15.952380952381,-1079306.42857143,-3359866.42857143,3577,27.868854829376986,54.27440438817335,16.74105254909957
2018-05-24,1122,2018-05-24,29.7142857142857,52.6190476190476,16.3333333333333,15.0,-1079306.42857143,-3359866.42857143,3577,27.624028383892675,55.253033344356346,15.97685770112
2018-06-01,1123,2018-06-01,29.3333333333333,53.2380952380952,16.1428571428571,15.6666666666667,-1079306.42857143,-3359866.42857143,3577,26.98494828184827,55.686901076211626,16.152427448709847
2018-06-08,1124,2018-06-08,17.75,64.0,17.5,13.5,-1079340.0,-3359820.0,3577,26.25369734754016,56.126356357772096,16.47260924060212
2018-06-09,1125,2018-06-09,29.0952380952381,53.5238095238095,16.0952380952381,16.1904761904762,-1079306.42857143,-3359866.42857143,3577,26.338031228313667,55.785429482789546,16.663829784763806
2018-06-16,1126,2018-06-16,28.1904761904762,54.6190476190476,15.8095238095238,16.7619047619048,-1079306.42857143,-3359866.42857143,3577,26.663667666179165,55.14321746364265,16.95330527315567
2018-06-24,1127,2018-06-24,30.0,55.5,13.25,17.75,-1079310.0,-3359820.0,3577,26.85765885301088,54.44237315830928,17.41878554881391
2018-06-25,1128,2018-06-25,23.6,48.75,26.3,17.55,-1079304.0,-3359866.5,3577,27.588413121961636,53.01804258692012,18.05593460976319
2018-07-10,1129,2018-07-10,28.4375,54.0,16.1875,16.9375,-1079308.125,-3359883.75,3577,28.130643930368826,51.85424044478998,18.60182496811477
2018-07-11,1130,2018-07-11,29.0,52.3809523809524,17.1904761904762,15.8095238095238,-1079306.42857143,-3359866.42857143,3577,28.00572125242759,51.5772241174641,19.01386223425414
2018-08-11,1131,2018-08-11,25.7142857142857,53.3333333333333,19.6666666666667,16.8095238095238,-1079306.42857143,-3359866.42857143,3577,26.519000091751543,52.76387054637041,19.383176163359032
2018-08-12,1132,2018-08-12,27.0952380952381,52.0476190476191,19.4761904761905,15.6190476190476,-1079306.42857143,-3359866.42857143,3577,26.686069413039107,52.55845676510526,19.43677330151498
2018-08-19,1133,2018-08-19,26.9047619047619,51.6666666666667,20.1428571428571,15.1428571428571,-1079306.42857143,-3359866.42857143,3577,26.13644409945754,52.972588529815425,19.615289931807684
2018-08-20,1134,2018-08-20,23.7142857142857,54.3333333333333,20.7142857142857,15.1904761904762,-1079306.42857143,-3359866.42857143,3577,25.174082866100846,53.76616146331818,19.859608192982684
2018-08-27,1135,2018-08-27,24.0952380952381,54.1904761904762,20.6190476190476,15.0952380952381,-1079306.42857143,-3359866.42857143,3577,23.11456840644208,53.57624772977566,22.105130096124014
2018-09-04,1136,2018-09-04,21.8095238095238,54.1904761904762,22.7142857142857,14.6666666666667,-1079306.42857143,-3359866.42857143,3577,21.746868850688713,53.82848572859176,23.169163461731692
2018-09-12,1137,2018-09-12,21.2380952380952,54.0,23.5714285714286,14.4285714285714,-1079306.42857143,-3359866.42857143,3577,20.80589636043944,54.30432193410037,23.604173608691838
2018-09-13,1138,2018-09-13,19.2857142857143,55.0476190476191,24.2857142857143,13.6190476190476,-1079306.42857143,-3359866.42857143,3577,19.886448527842013,55.16815068044487,23.62739241910309
2018-09-20,1139,2018-09-20,18.0952380952381,55.7142857142857,24.7619047619048,13.8571428571429,-1079306.42857143,-3359866.42857143,3577,19.342278925785905,55.742849513739024,23.54936611918499
2018-09-21,1140,2018-09-21,19.5789473684211,53.6315789473684,25.2631578947368,13.3684210526316,-1079302.89473684,-3359860.26315789,3577,19.298805954783205,56.15616299402326,23.16531566038308
2018-10-06,1141,2018-10-06,20.85,58.0,19.95,13.1,-1079304.0,-3359868.0,3577,19.680237390654863,56.31568339323728,22.631387088276334
2018-10-15,1142,2018-10-15,21.0526315789474,59.1052631578947,18.6315789473684,13.5263157894737,-1079310.78947368,-3359871.31578947,3577,20.12633576569239,55.84348468867756,22.65110286215537
2018-10-22,1143,2018-10-22,18.3333333333333,53.7142857142857,26.4761904761905,13.2857142857143,-1079306.42857143,-3359866.42857143,3577,20.10571580393669,55.72675572756212,22.895823746072885
2018-11-07,1144,2018-11-07,20.5238095238095,52.9047619047619,25.2857142857143,13.4285714285714,-1079306.42857143,-3359866.42857143,3577,20.49229274066022,54.00691090994992,24.249995821892156
2018-11-15,1145,2018-11-15,22.8571428571429,52.3809523809524,23.4761904761905,13.4761904761905,-1079306.42857143,-3359866.42857143,3577,21.152563977760423,52.276747314380046,25.266167092910916
2018-11-24,1146,2018-11-24,20.6190476190476,51.8571428571429,26.2380952380952,12.7142857142857,-1079306.42857143,-3359866.42857143,3577,21.81458737069459,51.492616701994706,25.386050562509205
2018-12-01,1147,2018-12-01,20.1904761904762,52.2380952380952,26.3333333333333,13.3809523809524,-1079306.42857143,-3359866.42857143,3577,22.589016436821446,50.58845098195819,25.464163993083098
2018-12-02,1148,2018-12-02,24.2105263157895,50.7368421052632,23.8421052631579,10.8421052631579,-1079312.36842105,-3359861.84210526,3577,22.773253890205034,51.615667369937015,24.225322190162945
2018-12-09,1149,2018-12-09,25.0,48.0,25.0,8.0,-1079355.0,-3359925.0,3577,22.274029321932154,52.75885342545791,23.56165860825765
2018-12-18,1150,2018-12-18,21.2857142857143,58.5714285714286,19.047619047619,11.6666666666667,-1079306.42857143,-3359866.42857143,3577,21.28620697644335,53.57947690242801,23.704556103281572
2018-12-25,1151,2018-12-25,18.6666666666667,55.8571428571429,24.1904761904762,13.1428571428571,-1079306.42857143,-3359866.42857143,3577,20.067326303859915,54.47371507151533,24.056175981420868
2019-01-02,1152,2019-01-02,18.6666666666667,53.7777777777778,25.8888888888889,13.2222222222222,-1079301.66666667,-3359908.33333333,3577,19.83950473136201,57.330089186349674,21.43400425102515
2019-01-10,1153,2019-01-10,18.1904761904762,59.5238095238095,21.0952380952381,13.1428571428571,-1079306.42857143,-3359866.42857143,3577,19.03610027461132,58.285904360230404,21.313830026277174
2019-01-11,1154,2019-01-11,19.8571428571429,55.5714285714286,23.3333333333333,12.2380952380952,-1079306.42857143,-3359866.42857143,3577,18.568676769616275,57.891810433826194,22.20476628258539
2019-01-18,1155,2019-01-18,19.7142857142857,59.1904761904762,19.6666666666667,13.3333333333333,-1079306.42857143,-3359866.42857143,3577,18.605175778226425,56.86501831507937,23.219821699600406
2019-01-26,1156,2019-01-26,19.4285714285714,58.2380952380952,20.952380952381,13.3809523809524,-1079306.42857143,-3359866.42857143,3577,20.024603284304973,54.992228320214835,23.642213089756623
2019-01-27,1157,2019-01-27,21.6923076923077,55.8461538461538,21.1538461538462,12.8461538461538,-1079290.38461538,-3359881.15384615,3577,20.329957838855716,54.39815035325056,24.03230618710139
2019-02-03,1158,2019-02-03,15.875,43.25,39.75,9.75,-1079321.25,-3359823.75,3577,19.827234218901886,53.48982171409331,25.45724875928118
2019-02-11,1159,2019-02-11,21.3333333333333,56.5714285714286,20.8571428571429,13.7619047619048,-1079306.42857143,-3359866.42857143,3577,19.535439108399984,52.73379997789783,26.49003964995474
2019-02-19,1160,2019-02-19,22.0,55.0833333333333,21.75,13.6666666666667,-1079310.0,-3359835.0,3577,19.754341038810573,52.75750432388128,26.242372476293312
2019-02-27,1161,2019-02-27,22.3809523809524,52.2857142857143,24.0,12.952380952381,-1079306.42857143,-3359866.42857143,3577,20.487171526969608,52.96696242551606,25.273368451026016
2019-03-15,1162,2019-03-15,14.9047619047619,56.0,27.7142857142857,13.4285714285714,-1079306.42857143,-3359866.42857143,3577,21.589459728567,53.954623827383074,23.10148002747085
2019-03-31,1163,2019-03-31,24.0,53.2380952380952,21.3333333333333,14.1904761904762,-1079306.42857143,-3359866.42857143,3577,23.17257523178229,54.543475100742484,20.862705406045933
2019-04-09,1164,2019-04-09,27.1428571428571,51.6190476190476,19.7619047619048,14.0952380952381,-1079306.42857143,-3359866.42857143,3577,24.64187154434464,54.33890284121671,19.5370256678277
2019-04-16,1165,2019-04-16,26.2857142857143,54.3809523809524,17.8095238095238,16.1904761904762,-1079306.42857143,-3359866.42857143,3577,25.162088040954245,52.894992004891236,20.456977491030152
2019-04-24,1166,2019-04-24,26.0,55.0476190476191,17.6190476190476,15.952380952381,-1079306.42857143,-3359866.42857143,3577,26.686944634309068,53.36998502013187,18.44568537757117
2019-04-25,1167,2019-04-25,27.4761904761905,52.0476190476191,18.8571428571429,15.1904761904762,-1079306.42857143,-3359866.42857143,3577,27.241218018303748,53.14599409877256,18.158600687235754
2019-05-02,1168,2019-05-02,26.6666666666667,52.8571428571429,19.0952380952381,16.0952380952381,-1079306.42857143,-3359866.42857143,3577,27.858565583019654,52.32015353067206,18.421381508066077
2019-05-10,1169,2019-05-10,26.1904761904762,51.8095238095238,20.6190476190476,16.4761904761905,-1079306.42857143,-3359866.42857143,3577,27.01651977193373,52.424480232521965,19.209596045506494
2019-05-11,1170,2019-05-11,28.952380952381,51.4285714285714,18.3809523809524,15.3809523809524,-1079306.42857143,-3359866.42857143,3577,27.851250916262266,52.05534712964278,18.771047322128105
2019-05-18,1171,2019-05-18,29.8571428571429,52.0476190476191,16.7619047619048,18.2380952380952,-1079306.42857143,-3359866.42857143,3577,28.78744990818865,51.673980302455575,18.240954092344552
2019-05-26,1172,2019-05-26,28.5238095238095,51.7619047619048,18.5238095238095,17.3809523809524,-1079306.42857143,-3359866.42857143,3577,29.988425059628007,51.450501682692156,17.27433110404987
2019-05-27,1173,2019-05-27,31.7142857142857,50.7619047619048,16.1428571428571,16.2380952380952,-1079306.42857143,-3359866.42857143,3577,30.905995964814863,51.05239033411645,16.739562810767733
2019-06-03,1174,2019-06-03,28.3333333333333,52.9047619047619,17.3333333333333,16.9047619047619,-1079306.42857143,-3359866.42857143,3577,30.185983263378112,51.63899877211799,16.77873828957169
2019-06-04,1175,2019-06-04,34.4444444444444,48.4444444444444,15.7777777777778,16.4444444444444,-1079301.66666667,-3359908.33333333,3577,31.744804902694874,49.25445418014341,17.657475307627458
2019-06-11,1176,2019-06-11,31.6666666666667,49.2380952380952,17.7619047619048,19.8571428571429,-1079306.42857143,-3359866.42857143,3577,32.16352275175323,48.85567579994094,17.611624701405347
2019-06-12,1177,2019-06-12,31.0,50.0,17.5238095238095,19.1428571428571,-1079306.42857143,-3359866.42857143,3577,31.853042726102977,50.14074625064586,16.627379328615238
2019-06-19,1178,2019-06-19,28.8095238095238,51.4761904761905,18.2857142857143,17.9047619047619,-1079306.42857143,-3359866.42857143,3577,31.34429004087979,51.361228726546116,15.836396489644907
2019-06-20,1179,2019-06-20,32.9047619047619,50.5714285714286,15.2380952380952,17.5714285714286,-1079306.42857143,-3359866.42857143,3577,30.212663497488712,52.95838372153369,15.376444504925182
2019-06-27,1180,2019-06-27,37.4761904761905,48.3333333333333,12.8571428571429,20.3809523809524,-1079306.42857143,-3359866.42857143,3577,29.55569817179284,54.081025785352075,14.915680294935026
2019-07-05,1181,2019-07-05,18.0,70.0,10.0,24.0,-1079295.0,-3359805.0,3577,30.20635985960612,54.71930563415815,13.577494916502172
2019-07-06,1182,2019-07-06,31.0952380952381,49.6190476190476,18.0,20.7142857142857,-1079306.42857143,-3359866.42857143,3577,30.56855889208373,54.29205015829592,13.650757549981531
2019-07-14,1183,2019-07-14,31.9047619047619,48.7619047619048,17.9047619047619,16.7142857142857,-1079306.42857143,-3359866.42857143,3577,29.676703069887488,53.33278847055141,15.52315847207258
2019-07-29,1184,2019-07-29,28.7142857142857,54.0714285714286,16.0714285714286,16.8571428571429,-1079301.42857143,-3359843.57142857,3577,27.10674722593822,52.71438210911108,18.740425982683266
2019-07-30,1185,2019-07-30,29.2857142857143,50.4761904761905,18.5714285714286,16.0952380952381,-1079306.42857143,-3359866.42857143,3577,24.48861716198812,52.02791996444469,22.115683336268283
2019-08-22,1186,2019-08-22,22.8095238095238,52.9523809523809,22.7619047619048,15.5238095238095,-1079306.42857143,-3359866.42857143,3577,22.59497004543107,51.7499487096933,24.367731082123726
2019-08-31,1187,2019-08-31,11.6666666666667,53.5333333333333,33.8,17.2666666666667,-1079295.0,-3359851.0,3577,20.837671100825894,51.98309234624246,25.91940144478457
2019-09-07,1188,2019-09-07,19.0,53.5238095238095,26.1428571428571,14.6190476190476,-1079306.42857143,-3359866.42857143,3577,17.68090371960077,54.81048311852444,26.179287946311895
2019-09-15,1189,2019-09-15,17.5,56.0,25.25,14.0,-1079310.0,-3359805.0,3577,17.604796132657285,54.52341724322331,26.599736950352174
2019-09-16,1190,2019-09-16,23.1904761904762,52.8095238095238,22.7142857142857,13.4761904761905,-1079306.42857143,-3359866.42857143,3577,18.165967675252883,54.58688267356181,25.966649707357913
2019-09-23,1191,2019-09-23,18.047619047619,55.7142857142857,24.8571428571429,14.0952380952381,-1079306.42857143,-3359866.42857143,3577,18.42848895170601,55.52445026592803,24.76148464538189
2019-10-01,1192,2019-10-01,17.952380952381,55.0,25.6666666666667,13.7619047619048,-1079306.42857143,-3359866.42857143,3577,18.99539830654098,55.20885677788878,24.424461142568965
2019-10-02,1193,2019-10-02,16.8095238095238,57.9047619047619,23.952380952381,13.2857142857143,-1079306.42857143,-3359866.42857143,3577,18.290156180246328,55.65690862284458,24.682045250927025
2019-10-17,1194,2019-10-17,16.6666666666667,54.7619047619048,27.3333333333333,13.3333333333333,-1079306.42857143,-3359866.42857143,3577,16.08275264466976,56.42942712601314,26.143153801818634
2019-10-18,1195,2019-10-18,17.3333333333333,55.0952380952381,26.0952380952381,12.5714285714286,-1079306.42857143,-3359866.42857143,3577,16.505944004393562,54.99443281176208,27.12027394689529
2019-10-25,1196,2019-10-25,14.6666666666667,58.5714285714286,25.4285714285714,13.1904761904762,-1079306.42857143,-3359866.42857143,3577,16.607891076928848,57.34962251370066,24.760167850721427
2019-10-26,1197,2019-10-26,17.5238095238095,55.4761904761905,25.6666666666667,12.8095238095238,-1079306.42857143,-3359866.42857143,3577,16.925378027542678,59.09142766417426,22.634272847891758
2019-11-03,1198,2019-11-03,14.3809523809524,59.8095238095238,24.4761904761905,12.5238095238095,-1079306.42857143,-3359866.42857143,3577,15.278164559896007,59.73569155302009,23.604664685156514
2019-11-10,1199,2019-11-10,14.4285714285714,56.0,28.0952380952381,12.6190476190476,-1079306.42857143,-3359866.42857143,3577,12.803889995451536,57.06875477462859,28.709705284391394
2019-11-18,1200,2019-11-18,14.1428571428571,56.1428571428571,28.3333333333333,12.7619047619048,-1079306.42857143,-3359866.42857143,3577,9.372818615851255,53.120587358969495,35.96005387800516
2019-11-19,1201,2019-11-19,2.0,62.2380952380952,34.1428571428571,15.7619047619048,-1079306.42857143,-3359866.42857143,3577,6.05868293213403,47.633028478222585,44.646600948064844
2019-11-26,1202,2019-11-26,2.0952380952381,29.5714285714286,66.0952380952381,14.8571428571429,-1079306.42857143,-3359866.42857143,3577,3.5442505121292296,43.59919131435508,51.05827544487771
2019-11-27,1203,2019-11-27,0.333333333333333,34.8095238095238,63.5238095238095,14.2857142857143,-1079306.42857143,-3359866.42857143,3577,1.7637472176943223,40.68990142983344,55.670436245892304
2019-12-05,1204,2019-12-05,2.19047619047619,37.8571428571429,57.7619047619048,12.1904761904762,-1079306.42857143,-3359866.42857143,3577,1.6332506502782693,38.80732373920651,57.66040409538001
2019-12-12,1205,2019-12-12,3.14285714285714,46.6666666666667,48.1904761904762,11.7619047619048,-1079306.42857143,-3359866.42857143,3577,1.9553066902135217,39.98098547478757,56.25052617660138
2019-12-20,1206,2019-12-20,4.875,45.0,48.625,9.5,-1079302.5,-3359850.0,3577,3.2794332860117414,42.72535926405259,52.21249532200766
2019-12-28,1207,2019-12-28,3.71428571428571,47.4761904761905,47.0476190476191,9.14285714285714,-1079306.42857143,-3359866.42857143,3577,4.268773409252642,46.547755134435505,47.50855607240348
2020-01-05,1208,2020-01-05,2.61904761904762,43.2857142857143,52.5238095238095,8.14285714285714,-1079306.42857143,-3359866.42857143,3577,3.2548421650583945,49.022610000930854,46.12700869820923
2020-01-13,1209,2020-01-13,2.9047619047619,49.5714285714286,46.0,8.0,-1079306.42857143,-3359866.42857143,3577,2.6610508944096294,47.381581524763305,48.312766052309904
2020-01-21,1210,2020-01-21,2.0,51.1428571428571,45.2380952380952,7.42857142857143,-1079306.42857143,-3359866.42857143,3577,2.1718679926881013,48.82226442287633,47.470295571294656
2020-01-29,1211,2020-01-29,2.42857142857143,47.6666666666667,48.0952380952381,7.09523809523809,-1079306.42857143,-3359866.42857143,3577,2.189881712714204,49.602565906738064,46.5902630651013
2020-02-06,1212,2020-02-06,0.714285714285714,47.7857142857143,50.2857142857143,6.71428571428571,-1079301.42857143,-3359843.57142857,3577,2.2427038905363728,50.895675789631056,45.28872649537607
2020-02-14,1213,2020-02-14,2.38095238095238,51.3809523809524,44.5238095238095,6.85714285714286,-1079306.42857143,-3359866.42857143,3577,2.3723311002719223,50.79201526027394,45.421981913848185
2020-03-01,1214,2020-03-01,4.66666666666667,56.0476190476191,37.7619047619048,8.66666666666667,-1079306.42857143,-3359866.42857143,3577,2.4322225761850618,50.37090154426866,45.80081038671687
2020-03-02,1215,2020-03-02,2.5,49.5,47.0,6.5,-1079355.0,-3359865.0,3577,2.202417036008039,49.42192559761482,47.06610417445628
2020-03-25,1216,2020-03-25,0.75,42.75,55.0,5.75,-1079310.0,-3359805.0,3577,2.181440592430979,48.58765666737078,47.863569608918496
2020-04-10,1217,2020-04-10,1.0,49.1666666666667,48.75,6.66666666666667,-1079310.0,-3359835.0,3577,1.8612757211825652,47.37292815542882,49.35661577843503
2020-04-11,1218,2020-04-11,2.0952380952381,45.9523809523809,50.3333333333333,6.47619047619048,-1079306.42857143,-3359866.42857143,3577,1.483545865898587,46.09017710874606,50.9843775935031
2020-04-18,1219,2020-04-18,2.0,47.2857142857143,48.8571428571429,6.14285714285714,-1079306.42857143,-3359866.42857143,3577,1.2190758158248611,45.39898001894227,51.90054218226817
2020-04-26,1220,2020-04-26,0.857142857142857,45.6190476190476,52.2380952380952,16.3809523809524,-1079306.42857143,-3359866.42857143,3577,1.298435053078823,45.77016507743377,51.36967702059814
2020-05-04,1221,2020-05-04,2.0952380952381,44.4761904761905,51.6666666666667,6.14285714285714,-1079306.42857143,-3359866.42857143,3577,1.6650276967611957,47.451396642566024,49.31462268381037
2020-05-12,1222,2020-05-12,0.523809523809524,48.8095238095238,49.5714285714286,6.47619047619048,-1079306.42857143,-3359866.42857143,3577,1.554966705121274,46.69761404745228,50.18336178784347
2020-05-13,1223,2020-05-13,2.04761904761905,47.7142857142857,48.4285714285714,6.33333333333333,-1079306.42857143,-3359866.42857143,3577,1.3637350781311626,48.19501525305759,48.88574480214619
2020-05-20,1224,2020-05-20,2.0952380952381,47.0952380952381,49.0476190476191,6.38095238095238,-1079306.42857143,-3359866.42857143,3577,1.7547808228920192,46.71621103354151,49.92419113393602
2020-05-28,1225,2020-05-28,1.0952380952381,49.2857142857143,48.1904761904762,6.66666666666667,-1079306.42857143,-3359866.42857143,3577,1.9782539441979246,46.82926155371275,49.515097905183396
2020-05-29,1226,2020-05-29,2.47619047619048,48.9047619047619,46.8095238095238,6.42857142857143,-1079306.42857143,-3359866.42857143,3577,2.123599826385889,47.901906143385034,48.251384322584556
2020-06-05,1227,2020-06-05,2.0,46.9523809523809,49.3809523809524,6.42857142857143,-1079306.42857143,-3359866.42857143,3577,2.1453675323641166,51.583248536801165,44.66507177032825
2020-06-13,1228,2020-06-13,2.95238095238095,57.2380952380952,38.3333333333333,9.80952380952381,-1079306.42857143,-3359866.42857143,3577,2.236747772351153,57.30223130841466,38.954822267509925
2020-06-21,1229,2020-06-21,2.38095238095238,48.1428571428571,47.7142857142857,6.47619047619048,-1079306.42857143,-3359866.42857143,3577,2.112673446264461,60.29039020833782,36.17868328781099
2020-06-29,1230,2020-06-29,0.428571428571429,81.2380952380952,17.4285714285714,8.95238095238095,-1079306.42857143,-3359866.42857143,3577,2.1488892943998077,62.001234060048304,34.41520914585413
2020-07-07,1231,2020-07-07,3.14285714285714,62.4761904761905,32.9047619047619,9.95238095238095,-1079306.42857143,-3359866.42857143,3577,2.0947041091000793,63.25579425733279,33.23789868541692
2020-07-16,1232,2020-07-16,2.0,65.6190476190476,31.047619047619,15.6190476190476,-1079306.42857143,-3359866.42857143,3577,1.9545759436942085,62.368495069542035,34.23987993733427
2020-07-23,1233,2020-07-23,2.0,49.8571428571429,46.3333333333333,6.23809523809524,-1079306.42857143,-3359866.42857143,3577,2.072469826658189,60.87449953675599,35.58867889531169
2020-08-08,1234,2020-08-08,2.14285714285714,47.5714285714286,48.5714285714286,6.19047619047619,-1079306.42857143,-3359866.42857143,3577,2.14238162735672,56.79028511098325,39.55526462245957
2020-08-17,1235,2020-08-17,2.0,65.4285714285714,31.3333333333333,11.3809523809524,-1079306.42857143,-3359866.42857143,3577,2.17555865793859,52.1116461696424,44.078719874788675
2020-08-24,1236,2020-08-24,2.35,52.5,43.45,6.3,-1079308.5,-3359869.5,3577,2.258920818754754,47.74054219318484,48.26691895792432
2020-09-09,1237,2020-09-09,2.14285714285714,44.4761904761905,51.6190476190476,5.61904761904762,-1079306.42857143,-3359866.42857143,3577,2.0362032946713926,47.96269885337642,48.2749094073462
2020-09-18,1238,2020-09-18,2.33333333333333,45.9523809523809,50.0476190476191,5.61904761904762,-1079306.42857143,-3359866.42857143,3577,2.1279199765811043,45.9888064949005,50.084493603881505
2020-09-25,1239,2020-09-25,2.23529411764706,35.9411764705882,59.5294117647059,3.82352941176471,-1079298.52941176,-3359872.05882353,3577,2.325780499473468,45.59215726602587,50.2298509327664
2020-10-11,1240,2020-10-11,2.66666666666667,48.0952380952381,47.4285714285714,5.57142857142857,-1079306.42857143,-3359866.42857143,3577,2.9212863109689917,44.32262979234635,50.862414083814244
2020-10-20,1241,2020-10-20,3.76190476190476,51.5238095238095,43.1904761904762,6.38095238095238,-1079306.42857143,-3359866.42857143,3577,3.5704083053467617,45.874519231141406,48.713458577474256
2020-10-27,1242,2020-10-27,3.14285714285714,47.4761904761905,47.5238095238095,6.04761904761905,-1079306.42857143,-3359866.42857143,3577,4.335972714227392,48.88244105799375,45.04984464936442
2020-11-12,1243,2020-11-12,6.09523809523809,49.5714285714286,42.6666666666667,6.52380952380952,-1079306.42857143,-3359866.42857143,3577,5.203461096057293,49.34529203873758,43.85088063456557
2020-11-20,1244,2020-11-20,6.83333333333333,47.5833333333333,44.0,6.5,-1079310.0,-3359835.0,3577,5.703219654138485,49.520531902376625,43.26131605296865
2020-11-21,1245,2020-11-21,5.61904761904762,49.1428571428571,43.9047619047619,6.38095238095238,-1079306.42857143,-3359866.42857143,3577,6.26777916128578,48.02847301426077,44.24956251633336
2020-11-28,1246,2020-11-28,5.76190476190476,47.2857142857143,45.4285714285714,6.38095238095238,-1079306.42857143,-3359866.42857143,3577,6.411655242104109,46.9440985166648,45.169879504329145
2020-12-06,1247,2020-12-06,6.95238095238095,43.3809523809524,48.2857142857143,6.23809523809524,-1079306.42857143,-3359866.42857143,3577,6.586351471025409,46.33462718910943,45.61953384592023
2020-12-07,1248,2020-12-07,6.38095238095238,49.5714285714286,42.6666666666667,6.28571428571429,-1079306.42857143,-3359866.42857143,3577,6.375867424628081,46.61726508784636,45.52251373496824
2020-12-14,1249,2020-12-14,6.38095238095238,45.1904761904762,46.5714285714286,6.33333333333333,-1079306.42857143,-3359866.42857143,3577,6.728348792589273,45.07450650484034,46.62621292535458
2020-12-22,1250,2020-12-22,7.61904761904762,43.1904761904762,47.8095238095238,6.0,-1079306.42857143,-3359866.42857143,3577,6.9304276734606916,44.49199098114844,47.0073193060739
2020-12-23,1251,2020-12-23,6.0,50.4761904761905,41.9047619047619,6.28571428571429,-1079306.42857143,-3359866.42857143,3577,6.999516737131793,46.65195176339992,44.79916561765738
2021-01-07,1252,2021-01-07,7.75,39.75,50.875,6.0,-1079310.0,-3359910.0,3577,6.710093569999689,46.57365750863508,45.20905397491407
2021-01-08,1253,2021-01-08,6.80952380952381,52.4761904761905,39.3333333333333,6.52380952380952,-1079306.42857143,-3359866.42857143,3577,6.704961447220504,48.73804704067136,43.06750099744809
2021-01-23,1254,2021-01-23,8.66666666666667,45.7619047619048,44.2380952380952,6.28571428571429,-1079306.42857143,-3359866.42857143,3577,7.6336217961593515,49.76651547626039,41.17842760953597
2021-01-31,1255,2021-01-31,5.09523809523809,58.5714285714286,34.9523809523809,9.42857142857143,-1079306.42857143,-3359866.42857143,3577,8.430157819475443,51.42481512294988,38.70848540004306
2021-02-08,1256,2021-02-08,10.9047619047619,51.4761904761905,36.0,7.47619047619048,-1079306.42857143,-3359866.42857143,3577,9.703463461201945,52.84541516274475,36.00706916921547
2021-02-24,1257,2021-02-24,11.3333333333333,40.7619047619048,46.4285714285714,6.42857142857143,-1079306.42857143,-3359866.42857143,3577,11.50352459717612,50.384771832906736,36.698230175391856
2021-03-04,1258,2021-03-04,14.2857142857143,59.7142857142857,24.5714285714286,7.38095238095238,-1079306.42857143,-3359866.42857143,3577,12.675797370841902,47.04031133983993,38.743006993001195
2021-03-12,1259,2021-03-12,14.5,35.75,48.25,6.25,-1079310.0,-3359805.0,3577,13.88361921875644,42.376943902324584,42.159346252296615
2021-03-20,1260,2021-03-20,13.047619047619,42.6666666666667,42.6190476190476,6.38095238095238,-1079306.42857143,-3359866.42857143,3577,15.005608942139187,38.06472706859135,45.43855757245173
2021-03-28,1261,2021-03-28,17.1428571428571,31.0952380952381,50.3333333333333,6.19047619047619,-1079306.42857143,-3359866.42857143,3577,16.825531537603304,28.856173650906186,52.56413741056919
2021-04-05,1262,2021-04-05,15.7142857142857,22.4761904761905,59.8571428571429,4.57142857142857,-1079306.42857143,-3359866.42857143,3577,16.760027124575682,30.12171626103065,51.37543777171492
2021-04-21,1263,2021-04-21,15.6190476190476,40.7142857142857,42.0952380952381,6.33333333333333,-1079306.42857143,-3359866.42857143,3577,16.30026681264826,34.57476759566027,47.57953166543787
2021-05-15,1264,2021-05-15,19.0,35.3,44.6,6.2,-1079307.0,-3359904.0,3577,15.32298274480706,42.61357156774477,40.79269368401885
2021-05-16,1265,2021-05-16,16.9047619047619,40.0952380952381,41.3333333333333,6.47619047619048,-1079306.42857143,-3359866.42857143,3577,14.889857046975557,53.1176529868401,30.967969852640135
2021-06-16,1266,2021-06-16,12.3333333333333,66.4666666666667,19.9333333333333,7.13333333333333,-1079291.0,-3359865.0,3577,14.409115394407351,58.8029095775138,25.91399704526252
2021-07-02,1267,2021-07-02,8.0,93.0,0.0,6.0,-1079355.0,-3359925.0,3577,14.252377137823915,61.537365111659334,23.334830288387167
2021-07-03,1268,2021-07-03,17.3333333333333,43.8571428571429,37.2857142857143,6.76190476190476,-1079306.42857143,-3359866.42857143,3577,15.201352053516953,59.90896848248897,23.90930938685999
2021-07-18,1269,2021-07-18,19.25,49.75,29.25,8.0,-1079310.0,-3359805.0,3577,16.187802651422505,55.16948185972133,27.429097785595246
2021-07-19,1270,2021-07-19,18.0,42.7619047619048,37.6666666666667,6.71428571428571,-1079306.42857143,-3359866.42857143,3577,17.04073454924592,50.94410414146499,30.583133326936824
2021-07-26,1271,2021-07-26,16.6190476190476,45.4761904761905,36.2857142857143,7.23809523809524,-1079306.42857143,-3359866.42857143,3577,18.03905794927196,44.210010732295174,36.15688384542335
2021-08-04,1272,2021-08-04,17.6190476190476,44.7619047619048,36.0,7.47619047619048,-1079306.42857143,-3359866.42857143,3577,17.484375016106135,41.116941108421045,39.62559911707926
2021-08-11,1273,2021-08-11,16.2380952380952,50.7142857142857,31.5714285714286,8.66666666666667,-1079306.42857143,-3359866.42857143,3577,16.06866379234559,42.254036211460246,39.94136487866541
2021-08-19,1274,2021-08-19,14.0,39.0,45.4444444444444,5.22222222222222,-1079305.0,-3359825.0,3577,14.44471910957763,45.03274151028896,39.08182263212639
2021-08-27,1275,2021-08-27,13.4761904761905,40.5238095238095,44.3333333333333,6.38095238095238,-1079306.42857143,-3359866.42857143,3577,14.27703256495612,40.80938462981197,43.35189578222986
2021-09-04,1276,2021-09-04,14.8095238095238,38.1904761904762,45.4761904761905,6.61904761904762,-1079306.42857143,-3359866.42857143,3577,14.115373017073694,39.27099293894373,45.02038647626211
2021-09-05,1277,2021-09-05,13.2380952380952,41.2857142857143,43.7619047619048,6.52380952380952,-1079306.42857143,-3359866.42857143,3577,13.952614980476667,38.74269074578094,45.70095710961904
2021-09-20,1278,2021-09-20,15.6666666666667,34.7619047619048,48.0476190476191,6.23809523809524,-1079306.42857143,-3359866.42857143,3577,13.960976072429077,38.64504844999624,45.74172679744755
2021-09-21,1279,2021-09-21,13.3333333333333,41.6190476190476,43.4761904761905,6.38095238095238,-1079306.42857143,-3359866.42857143,3577,14.173580805157616,38.83060798849692,45.33689839571518
2021-09-28,1280,2021-09-28,14.1428571428571,38.1904761904762,45.8571428571429,5.61904761904762,-1079306.42857143,-3359866.42857143,3577,14.44752151872677,39.62951702579593,44.31096732644062
2021-10-07,1281,2021-10-07,14.0952380952381,43.4285714285714,40.9047619047619,6.66666666666667,-1079306.42857143,-3359866.42857143,3577,14.160059754484866,40.093421542331946,44.138833302913405
2021-10-14,1282,2021-10-14,14.047619047619,42.4285714285714,41.9047619047619,6.52380952380952,-1079306.42857143,-3359866.42857143,3577,13.8066835125638,41.79709867015744,42.823445903934854
2021-10-22,1283,2021-10-22,13.952380952381,34.9047619047619,49.6190476190476,5.09523809523809,-1079306.42857143,-3359866.42857143,3577,13.564771657648894,42.3834586466102,42.471503728463325
2021-10-23,1284,2021-10-23,13.7619047619048,45.6666666666667,39.1904761904762,6.61904761904762,-1079306.42857143,-3359866.42857143,3577,13.577316388459892,43.51975063119924,41.34020881079087
2021-10-30,1285,2021-10-30,13.6190476190476,46.0952380952381,38.6666666666667,6.85714285714286,-1079306.42857143,-3359866.42857143,3577,13.781139397236435,42.89175839639596,41.817261170196105
2021-11-05,1286,2021-11-05,11.952380952381,45.8571428571429,40.5238095238095,6.52380952380952,-1079306.42857143,-3359866.42857143,3577,13.782153862647187,42.47347801836333,42.24959972946958
2021-11-07,1287,2021-11-07,14.8571428571429,39.1428571428571,44.5714285714286,6.33333333333333,-1079306.42857143,-3359866.42857143,3577,13.98073855968386,41.73380386382861,42.77120918296751
2021-11-15,1288,2021-11-15,14.7142857142857,39.4761904761905,44.1904761904762,5.90476190476191,-1079306.42857143,-3359866.42857143,3577,13.725605663684123,42.809432054007715,41.926065678381406
2021-11-23,1289,2021-11-23,14.1904761904762,44.0476190476191,40.5238095238095,6.28571428571429,-1079306.42857143,-3359866.42857143,3577,13.44364407522102,42.78466425215014,42.20009299265635
2021-11-24,1290,2021-11-24,11.8095238095238,40.0952380952381,46.3809523809524,5.61904761904762,-1079306.42857143,-3359866.42857143,3577,13.027368915911874,42.828831643066735,42.581733024451125
2021-12-01,1291,2021-12-01,12.952380952381,47.8095238095238,37.5714285714286,6.80952380952381,-1079306.42857143,-3359866.42857143,3577,12.694437657284059,44.29272069519085,41.46204775615921
2021-12-10,1292,2021-12-10,11.1428571428571,49.9523809523809,37.2857142857143,6.61904761904762,-1079306.42857143,-3359866.42857143,3577,11.925481123621747,47.11820480860023,39.37363668322833
2021-12-17,1293,2021-12-17,11.2857142857143,47.0,40.1428571428571,6.66666666666667,-1079306.42857143,-3359866.42857143,3577,11.365657046769893,49.12291526841875,37.94231362032652
2021-12-25,1294,2021-12-25,12.8095238095238,43.9047619047619,41.9047619047619,6.66666666666667,-1079306.42857143,-3359866.42857143,3577,11.440647072224296,48.600116086176925,38.41571019279423
2021-12-26,1295,2021-12-26,11.1428571428571,51.8095238095238,35.5238095238095,6.90476190476191,-1079306.42857143,-3359866.42857143,3577,11.553431089033054,48.32914660158521,38.58574139997711
2022-01-02,1296,2022-01-02,11.1428571428571,49.7619047619048,37.4761904761905,6.76190476190476,-1079306.42857143,-3359866.42857143,3577,11.563157173062542,48.32039271357436,38.63223257649923
2022-01-03,1297,2022-01-03,10.3809523809524,51.6666666666667,36.4285714285714,6.57142857142857,-1079306.42857143,-3359866.42857143,3577,11.244887207733807,47.95058708061089,39.251248235762475
2022-01-10,1298,2022-01-10,12.8095238095238,40.4285714285714,45.2380952380952,6.28571428571429,-1079306.42857143,-3359866.42857143,3577,11.18166972346371,48.427698204780754,38.794744986689665
2022-01-11,1299,2022-01-11,10.4285714285714,48.0952380952381,39.7619047619048,6.47619047619048,-1079306.42857143,-3359866.42857143,3577,10.730860470796944,49.01065085584477,38.613325786694645
2022-01-18,1300,2022-01-18,10.3809523809524,53.9523809523809,34.0952380952381,6.61904761904762,-1079306.42857143,-3359866.42857143,3577,10.53728418124546,48.46749844581936,39.32855483009696
2022-01-19,1301,2022-01-19,9.85714285714286,48.6666666666667,39.7619047619048,6.33333333333333,-1079306.42857143,-3359866.42857143,3577,10.390423817666846,48.433966446343085,39.548882490053074
2022-01-26,1302,2022-01-26,10.0952380952381,48.4285714285714,39.7619047619048,6.28571428571429,-1079306.42857143,-3359866.42857143,3577,10.109482880379193,49.42457851745037,38.84883434418458
2022-02-03,1303,2022-02-03,10.2380952380952,48.1428571428571,40.0952380952381,6.33333333333333,-1079306.42857143,-3359866.42857143,3577,9.681272288081969,49.910756941709224,38.78467662368013
2022-02-04,1304,2022-02-04,9.33333333333333,49.6190476190476,39.4285714285714,6.28571428571429,-1079306.42857143,-3359866.42857143,3577,9.367064308239359,49.71038043483121,39.31969990792933
2022-02-19,1305,2022-02-19,10.047619047619,47.1904761904762,41.2380952380952,6.33333333333333,-1079306.42857143,-3359866.42857143,3577,9.489539871891377,48.1843641394653,40.73182287268365
2022-02-20,1306,2022-02-20,9.14285714285714,50.4761904761905,38.7142857142857,6.28571428571429,-1079306.42857143,-3359866.42857143,3577,9.841408333666916,45.6341996496727,42.76817609634307
2022-02-28,1307,2022-02-28,10.0,45.2857142857143,42.8571428571429,5.33333333333333,-1079306.42857143,-3359866.42857143,3577,10.406806571299065,45.76524445083317,42.063723116266914
2022-03-07,1308,2022-03-07,9.95238095238095,44.9523809523809,43.3809523809524,5.85714285714286,-1079306.42857143,-3359866.42857143,3577,10.874467963190469,45.00822549347214,42.39163028595341
2022-03-16,1309,2022-03-16,12.5714285714286,42.8095238095238,42.9523809523809,6.14285714285714,-1079306.42857143,-3359866.42857143,3577,11.490689338903369,46.13377945176179,40.78623204506577
2022-03-23,1310,2022-03-23,12.3809523809524,45.9523809523809,39.9523809523809,6.33333333333333,-1079306.42857143,-3359866.42857143,3577,11.55538600772256,48.465761086985694,38.53536057120294
2022-04-08,1311,2022-04-08,12.047619047619,49.8095238095238,36.7619047619048,6.38095238095238,-1079306.42857143,-3359866.42857143,3577,11.30286939175479,51.78404838873348,35.575257369858534
2022-04-09,1312,2022-04-09,9.5,65.5,24.5,8.5,-1079250.0,-3359910.0,3577,10.638146845820017,54.74362349398193,33.342067497431586
2022-04-16,1313,2022-04-16,10.5714285714286,49.1904761904762,38.6666666666667,6.38095238095238,-1079306.42857143,-3359866.42857143,3577,10.663583849748132,55.6178830403124,32.38810564808125
2022-04-24,1314,2022-04-24,10.6842105263158,59.5263157894737,28.2631578947368,6.0,-1079302.89473684,-3359860.26315789,3577,10.868304906758542,54.96870494124032,32.71897002025241
2022-04-25,1315,2022-04-25,10.1428571428571,51.9285714285714,36.1428571428571,5.35714285714286,-1079305.71428571,-3359843.57142857,3577,11.549247205999574,53.39105362617683,33.52780908190217
2022-05-02,1316,2022-05-02,13.5238095238095,49.8571428571429,35.0476190476191,7.33333333333333,-1079306.42857143,-3359866.42857143,3577,12.820371226186458,51.574531492073085,33.99643274003202
2022-05-10,1317,2022-05-10,14.1428571428571,46.5238095238095,37.7142857142857,7.0,-1079306.42857143,-3359866.42857143,3577,13.417915336521741,49.33350151558636,35.61172657660636
2022-05-19,1318,2022-05-19,16.4285714285714,47.7142857142857,34.3333333333333,6.95238095238095,-1079306.42857143,-3359866.42857143,3577,13.959695836180602,48.61167296664371,35.86371951875733
2022-05-26,1319,2022-05-26,11.8095238095238,55.7619047619048,31.0952380952381,11.8095238095238,-1079306.42857143,-3359866.42857143,3577,14.140074009959452,49.34852600551716,35.07589594154165
2022-05-27,1320,2022-05-27,15.0,48.3333333333333,35.2380952380952,7.33333333333333,-1079306.42857143,-3359866.42857143,3577,14.833819756907012,48.64316382655235,35.05021370459984
2022-06-03,1321,2022-06-03,13.6666666666667,48.6190476190476,36.1428571428571,7.33333333333333,-1079306.42857143,-3359866.42857143,3577,15.187865038115355,50.38029039559981,32.92936366766733
2022-06-04,1322,2022-06-04,14.6666666666667,46.8571428571429,36.9047619047619,7.0,-1079306.42857143,-3359866.42857143,3577,15.35377522374199,50.76089390484918,32.343372829436085
2022-06-11,1323,2022-06-11,18.2857142857143,54.4761904761905,25.6190476190476,11.1904761904762,-1079306.42857143,-3359866.42857143,3577,15.571859513033663,51.82019012977993,31.066281499713376
2022-06-12,1324,2022-06-12,15.9047619047619,50.9047619047619,31.6190476190476,7.95238095238095,-1079306.42857143,-3359866.42857143,3577,15.65923447037763,51.891831594610224,30.851022042967898
2022-06-20,1325,2022-06-20,15.2380952380952,54.0476190476191,29.1904761904762,8.90476190476191,-1079306.42857143,-3359866.42857143,3577,14.878087856413789,50.87515168009764,32.653642539086576
2022-06-27,1326,2022-06-27,12.1428571428571,51.2380952380952,35.0476190476191,7.33333333333333,-1079306.42857143,-3359866.42857143,3577,13.72216534755028,51.12360910502561,33.5772421592805
2022-06-28,1327,2022-06-28,13.1904761904762,49.3333333333333,36.0,7.09523809523809,-1079306.42857143,-3359866.42857143,3577,13.27986873807108,49.77908159950758,35.39392289856159
2022-07-05,1328,2022-07-05,12.5238095238095,48.3333333333333,37.4285714285714,7.23809523809524,-1079306.42857143,-3359866.42857143,3577,12.764440925429732,48.99140900378558,36.68750238409133
2022-07-06,1329,2022-07-06,12.952380952381,43.3809523809524,42.0476190476191,5.66666666666667,-1079306.42857143,-3359866.42857143,3577,12.68178467559083,47.924430574578224,37.843548608248845
2022-07-13,1330,2022-07-13,12.2857142857143,49.7619047619048,36.6190476190476,6.95238095238095,-1079306.42857143,-3359866.42857143,3577,13.236267344624496,47.89907203219184,37.30189521520234
2022-07-22,1331,2022-07-22,16.3333333333333,54.7619047619048,27.2857142857143,9.76190476190476,-1079306.42857143,-3359866.42857143,3577,13.491549729937793,48.63679973276773,36.340480984438386
2022-07-30,1332,2022-07-30,12.2380952380952,46.0476190476191,40.2380952380952,6.57142857142857,-1079306.42857143,-3359866.42857143,3577,13.517704174048884,50.030270039550516,34.94613745387215
2022-08-06,1333,2022-08-06,12.2380952380952,49.3809523809524,36.7142857142857,7.52380952380952,-1079306.42857143,-3359866.42857143,3577,13.012789068514667,50.4019551140219,35.0778921800541
2022-08-07,1334,2022-08-07,12.6190476190476,48.5238095238095,37.4285714285714,7.0,-1079306.42857143,-3359866.42857143,3577,12.612091726640916,50.71444138935641,35.14620467251518
2022-08-14,1335,2022-08-14,12.8571428571429,52.6190476190476,32.9523809523809,7.52380952380952,-1079306.42857143,-3359866.42857143,3577,11.98141151933542,48.96131113467841,37.442813894046665
2022-08-15,1336,2022-08-15,11.2857142857143,50.9523809523809,36.2380952380952,7.04761904761905,-1079306.42857143,-3359866.42857143,3577,11.410287339078211,46.99549882521315,39.92686673491028
2022-08-22,1337,2022-08-22,10.6666666666667,43.7619047619048,43.7619047619048,6.61904761904762,-1079306.42857143,-3359866.42857143,3577,11.065186877104741,47.56716761050414,39.72490074424463
2022-08-23,1338,2022-08-23,11.1428571428571,46.0,41.1428571428571,6.66666666666667,-1079306.42857143,-3359866.42857143,3577,11.300952143829715,48.05542032785896,39.01216662593786
2022-08-30,1339,2022-08-30,11.1428571428571,47.2380952380952,39.9523809523809,6.80952380952381,-1079306.42857143,-3359866.42857143,3577,11.085162712596855,47.961044419059476,39.331044979418245
2022-08-31,1340,2022-08-31,10.952380952381,45.8571428571429,41.6190476190476,6.61904761904762,-1079306.42857143,-3359866.42857143,3577,10.942634673647408,48.46421786796223,38.96470214663038
2022-09-07,1341,2022-09-07,11.4285714285714,56.3809523809524,30.8095238095238,7.38095238095238,-1079306.42857143,-3359866.42857143,3577,10.842733466980597,48.858288315210544,38.746981164886485
2022-09-08,1342,2022-09-08,11.75,50.0,36.75,6.5,-1079310.0,-3359925.0,3577,11.690329778882022,49.09230586082886,37.636703625998656
2022-09-15,1343,2022-09-15,11.3333333333333,43.4761904761905,43.4285714285714,5.76190476190476,-1079306.42857143,-3359866.42857143,3577,11.910923396397852,48.1477515988462,38.37325660740674
2022-09-23,1344,2022-09-23,11.4761904761905,47.4285714285714,39.4285714285714,6.66666666666667,-1079306.42857143,-3359866.42857143,3577,12.182777945660863,46.13898928121513,40.129832105604635
2022-09-24,1345,2022-09-24,12.0952380952381,43.2857142857143,43.2380952380952,6.61904761904762,-1079306.42857143,-3359866.42857143,3577,12.17237386846567,44.81524461090355,41.50048405124271
2022-10-17,1346,2022-10-17,14.4117647058824,44.9411764705882,39.1764705882353,16.0,-1079310.88235294,-3359879.11764706,3577,12.51553146968186,43.59009975636531,42.42552853265201
2022-10-18,1347,2022-10-18,13.7619047619048,43.7142857142857,40.9523809523809,6.71428571428571,-1079306.42857143,-3359866.42857143,3577,12.718840332251318,43.954803831504606,41.93021555327429
2022-10-26,1348,2022-10-26,9.0,46.0,44.0,21.0,-1079235.0,-3359895.0,3577,12.767863290716988,46.14550762173455,39.73182575330952
2022-11-02,1349,2022-11-02,14.1904761904762,46.6666666666667,37.6666666666667,7.23809523809524,-1079306.42857143,-3359866.42857143,3577,12.935716911630134,47.04814301826893,38.6446565484479
2022-11-03,1350,2022-11-03,13.0952380952381,47.8095238095238,37.5238095238095,7.09523809523809,-1079306.42857143,-3359866.42857143,3577,12.926187149823914,47.9336547626405,37.70988787815761
2022-11-10,1351,2022-11-10,14.8571428571429,49.1428571428571,34.5714285714286,7.61904761904762,-1079306.42857143,-3359866.42857143,3577,13.171446595046902,48.91741512902682,36.429840723224466
2022-11-18,1352,2022-11-18,11.8823529411765,51.5294117647059,35.0588235294118,15.2352941176471,-1079317.94117647,-3359859.70588235,3577,13.627034775457446,48.95214947135541,35.8662402976682
2022-11-19,1353,2022-11-19,14.047619047619,46.3333333333333,37.9523809523809,6.95238095238095,-1079306.42857143,-3359866.42857143,3577,14.181104999533044,48.621259515078506,35.58710275336953
2022-11-26,1354,2022-11-26,14.8571428571429,47.7619047619048,35.8571428571429,7.47619047619048,-1079306.42857143,-3359866.42857143,3577,14.320200530360475,48.09600858680453,35.940517383418594
2022-11-27,1355,2022-11-27,13.8095238095238,48.2380952380952,36.2857142857143,7.28571428571429,-1079306.42857143,-3359866.42857143,3577,14.113143761475285,47.171964016065516,37.10782564123842
2022-12-04,1356,2022-12-04,14.8095238095238,45.5714285714286,37.9047619047619,6.80952380952381,-1079306.42857143,-3359866.42857143,3577,14.260110010790807,46.77299025868716,37.342597728860596
2022-12-05,1357,2022-12-05,13.4285714285714,47.6666666666667,37.2857142857143,7.0,-1079306.42857143,-3359866.42857143,3577,13.830969977025092,46.64825419222829,37.891396468517016
2022-12-12,1358,2022-12-12,13.2857142857143,46.5238095238095,38.7619047619048,7.09523809523809,-1079306.42857143,-3359866.42857143,3577,13.245962378540991,47.11583826844459,38.038552839129935
2022-12-20,1359,2022-12-20,12.8571428571429,48.1904761904762,37.2380952380952,6.80952380952381,-1079306.42857143,-3359866.42857143,3577,12.4216955265926,47.817181119122615,38.18574377725146
2022-12-28,1360,2022-12-28,11.3333333333333,46.9047619047619,40.1904761904762,6.61904761904762,-1079306.42857143,-3359866.42857143,3577,11.410053310980398,48.34876990913419,38.65632200616143
2022-12-29,1361,2022-12-29,9.80952380952381,51.2380952380952,37.3809523809524,6.52380952380952,-1079306.42857143,-3359866.42857143,3577,10.44819679804044,48.99501839748784,38.949742723730715
2023-01-05,1362,2023-01-05,11.0952380952381,47.8095238095238,39.4285714285714,6.61904761904762,-1079306.42857143,-3359866.42857143,3577,10.150546048377336,49.28052958392776,38.93714747584136
2023-01-06,1363,2023-01-06,10.2380952380952,50.1428571428571,38.0476190476191,6.47619047619048,-1079306.42857143,-3359866.42857143,3577,10.517948511754962,49.042472491381545,38.77726092276597
2023-01-13,1364,2023-01-13,10.5238095238095,49.1428571428571,38.6190476190476,6.61904761904762,-1079306.42857143,-3359866.42857143,3577,11.047529611771058,49.19541386668763,38.090221955547044
2023-01-14,1365,2023-01-14,10.1428571428571,49.1904761904762,38.9047619047619,6.33333333333333,-1079306.42857143,-3359866.42857143,3577,11.839747169468488,49.26727922592584,37.23565644308679
2023-01-21,1366,2023-01-21,15.3333333333333,46.9047619047619,36.1904761904762,6.57142857142857,-1079306.42857143,-3359866.42857143,3577,12.721416497732257,49.17871889687459,36.46229753505296
2023-01-29,1367,2023-01-29,14.5238095238095,49.3809523809524,34.5714285714286,7.61904761904762,-1079306.42857143,-3359866.42857143,3577,13.452110038797327,48.81836414277813,36.11438916547276
2023-02-07,1368,2023-02-07,12.0952380952381,48.8571428571429,37.3333333333333,6.85714285714286,-1079306.42857143,-3359866.42857143,3577,13.724157364250225,48.04282716235394,36.63168605273868
2023-02-14,1369,2023-02-14,12.5714285714286,47.4761904761905,38.3809523809524,6.85714285714286,-1079306.42857143,-3359866.42857143,3577,13.16264517502906,46.676701089792644,38.549453699608485
2023-02-15,1370,2023-02-15,11.9047619047619,43.8095238095238,42.6190476190476,6.66666666666667,-1079306.42857143,-3359866.42857143,3577,11.325417301423483,44.51255999475811,42.49846839320519
