time,Unnamed: 0,time_ymd,pv,npv,bs,ue,x,y,spatial_ref,pv_filter,npv_filter,bs_filter
1987-09-12,1,1987-09-12,16.8181818181818,49.0909090909091,32.9090909090909,10.0,1229708.18181818,-2245247.72727273,3577,17.545419363917784,48.65690183569442,32.58985755386687
1987-09-28,2,1987-09-28,17.1363636363636,45.8636363636364,35.6363636363636,9.81818181818182,1229708.18181818,-2245247.72727273,3577,16.18097382493666,47.19365313908664,35.29623412363349
1987-10-14,3,1987-10-14,16.4090909090909,46.4545454545455,35.6818181818182,9.77272727272727,1229708.18181818,-2245247.72727273,3577,15.37359815107493,47.35639313387,35.91571049349684
1987-10-30,4,1987-10-30,14.2727272727273,54.9545454545455,29.5454545454545,6.95454545454545,1229708.18181818,-2245247.72727273,3577,14.981851739591683,48.322502918478236,35.36839149842241
1987-12-01,5,1987-12-01,13.1363636363636,42.5,43.2272727272727,8.72727272727273,1229708.18181818,-2245247.72727273,3577,14.875753327730537,49.44280266282807,34.39859927029216
1987-12-17,6,1987-12-17,15.8181818181818,51.3636363636364,31.5454545454545,8.90909090909091,1229708.18181818,-2245247.72727273,3577,14.936780992719644,50.2415516083192,33.57487323790444
1988-01-02,7,1988-01-02,15.6818181818182,53.1818181818182,29.7272727272727,9.45454545454546,1229708.18181818,-2245247.72727273,3577,15.057872151771681,50.41644806783427,33.289970126974026
1988-01-18,8,1988-01-18,14.5909090909091,47.4090909090909,36.7272727272727,9.54545454545454,1229708.18181818,-2245247.72727273,3577,15.143423562081589,49.83862942573147,33.76086396012712
1988-03-06,9,1988-03-06,14.8181818181818,45.5,38.4090909090909,9.59090909090909,1229708.18181818,-2245247.72727273,3577,15.486185219225405,47.84072260415481,35.30648285010267
1988-04-07,10,1988-04-07,14.3181818181818,51.4545454545455,32.8181818181818,9.18181818181818,1229708.18181818,-2245247.72727273,3577,15.22361384745059,46.239426349045104,37.12416671422589
1988-04-23,11,1988-04-23,17.7727272727273,49.7272727272727,31.0909090909091,8.95454545454546,1229708.18181818,-2245247.72727273,3577,14.298342383761025,46.07404261934954,38.23613453812713
1988-05-09,12,1988-05-09,11.3636363636364,34.0454545454545,53.2727272727273,8.77272727272727,1229708.18181818,-2245247.72727273,3577,13.197513575642754,43.889644130138535,41.537737241643214
1988-05-25,13,1988-05-25,12.0454545454545,46.3181818181818,40.0454545454545,10.0,1229708.18181818,-2245247.72727273,3577,12.250039856004804,44.54098870450581,41.822219576083285
1988-06-10,14,1988-06-10,11.2272727272727,46.4090909090909,40.9090909090909,9.68181818181818,1229708.18181818,-2245247.72727273,3577,10.945812560643446,45.930457665041274,41.722188872196696
1988-06-26,15,1988-06-26,9.31818181818182,49.7272727272727,40.0,16.3636363636364,1229708.18181818,-2245247.72727273,3577,10.066798667134886,46.73932400275635,41.8159046132527
1988-07-12,16,1988-07-12,10.0454545454545,47.5,40.9090909090909,10.1818181818182,1229708.18181818,-2245247.72727273,3577,9.756211140392043,47.508230019340274,41.3668100826778
1988-07-28,17,1988-07-28,9.68181818181818,45.7727272727273,43.0454545454545,9.59090909090909,1229708.18181818,-2245247.72727273,3577,9.269054615520986,49.18651528600133,40.1719368444611
1988-08-13,18,1988-08-13,9.36363636363636,52.8181818181818,36.4545454545455,9.5,1229708.18181818,-2245247.72727273,3577,10.230845990484195,48.4174419725994,39.98089765567357
1988-08-29,19,1988-08-29,10.3181818181818,46.4545454545455,41.9090909090909,9.13636363636364,1229708.18181818,-2245247.72727273,3577,9.639320853645334,47.602620852261936,41.38669281744938
1988-09-14,20,1988-09-14,11.1818181818182,45.2272727272727,42.2727272727273,8.77272727272727,1229708.18181818,-2245247.72727273,3577,10.219285780359396,47.40166096216613,41.01492386025971
1988-09-30,21,1988-09-30,8.95454545454546,48.2727272727273,41.4090909090909,8.72727272727273,1229708.18181818,-2245247.72727273,3577,10.29392181137031,48.4054054585927,39.99420267320036
1988-10-16,22,1988-10-16,10.2272727272727,50.0454545454545,38.4545454545455,8.81818181818182,1229708.18181818,-2245247.72727273,3577,9.86291895551529,49.48930579692575,39.37953054544079
1988-11-01,23,1988-11-01,13.6818181818182,48.0,37.0454545454545,8.54545454545454,1229708.18181818,-2245247.72727273,3577,11.749780053887509,49.14240009918982,37.829162394031485
1988-11-17,24,1988-11-17,8.95454545454546,54.0909090909091,35.7272727272727,8.45454545454546,1229708.18181818,-2245247.72727273,3577,12.843792008721149,49.405141720079456,36.469386650495736
1989-01-04,25,1989-01-04,17.5909090909091,43.4090909090909,37.7727272727273,9.09090909090909,1229708.18181818,-2245247.72727273,3577,14.609133618982277,49.41927042841024,34.70153854026119
1989-01-20,26,1989-01-20,14.2727272727273,53.7727272727273,30.5454545454545,9.27272727272727,1229708.18181818,-2245247.72727273,3577,17.520576524514247,46.61258288572539,34.631391968566646
1989-02-21,27,1989-02-21,22.2727272727273,39.0909090909091,37.3636363636364,9.95454545454546,1229708.18181818,-2245247.72727273,3577,20.191104139313907,44.263612548435674,34.31604238710398
1989-03-09,28,1989-03-09,24.7272727272727,43.7727272727273,30.4545454545455,10.3636363636364,1229708.18181818,-2245247.72727273,3577,21.849384642936123,42.90389191443998,33.95136583089918
1989-03-25,29,1989-03-25,16.1363636363636,44.9090909090909,37.5,10.1818181818182,1229708.18181818,-2245247.72727273,3577,22.7784566966914,42.17081989217584,33.718736653153236
1989-04-10,30,1989-04-10,28.0909090909091,37.4545454545455,33.2272727272727,11.0454545454545,1229708.18181818,-2245247.72727273,3577,22.727292409247916,42.787595039347735,33.14613770692643
1989-04-26,31,1989-04-26,21.6818181818182,44.0,32.9090909090909,10.5,1229708.18181818,-2245247.72727273,3577,20.81062590659802,44.49410032691102,33.344794805527215
1989-05-28,32,1989-05-28,16.3181818181818,50.5454545454545,31.5454545454545,11.6363636363636,1229708.18181818,-2245247.72727273,3577,19.15468755842801,45.23672991797843,34.234307066415646
1989-06-13,33,1989-06-13,16.7727272727273,46.4545454545455,35.4090909090909,11.5,1229708.18181818,-2245247.72727273,3577,16.52654410042286,48.324846136125146,33.74306751508611
1989-06-29,34,1989-06-29,15.2272727272727,47.9090909090909,35.7727272727273,10.8636363636364,1229708.18181818,-2245247.72727273,3577,15.294452240692575,47.22988157352776,36.08923612272357
1989-07-31,35,1989-07-31,13.4090909090909,49.3181818181818,35.8636363636364,10.8181818181818,1229708.18181818,-2245247.72727273,3577,13.091867603264468,48.82498587817308,36.74138076952053
1989-08-16,36,1989-08-16,12.3636363636364,46.1818181818182,39.9545454545455,10.7727272727273,1229708.18181818,-2245247.72727273,3577,11.672195662483816,49.15353714677495,37.8423168444221
1989-09-01,37,1989-09-01,13.5909090909091,49.4545454545455,35.6363636363636,10.0909090909091,1229708.18181818,-2245247.72727273,3577,13.433591036037674,48.251695110398856,37.00188651764232
1989-09-17,38,1989-09-17,13.5,49.2272727272727,36.0,9.95454545454546,1229708.18181818,-2245247.72727273,3577,14.829231280960006,47.78660700402176,36.07739839670062
1989-10-03,39,1989-10-03,15.0,45.0909090909091,38.6363636363636,9.54545454545454,1229708.18181818,-2245247.72727273,3577,16.463990836068316,48.91303616169195,33.26654811554396
1989-11-04,40,1989-11-04,17.0,56.6363636363636,25.0454545454545,10.0454545454545,1229708.18181818,-2245247.72727273,3577,18.194246367196083,48.89011157712932,31.578500587502305
1989-12-22,41,1989-12-22,25.5,40.7272727272727,32.4090909090909,10.5,1229708.18181818,-2245247.72727273,3577,19.280903166630644,48.37860352424785,31.012431137672742
1990-02-24,42,1990-02-24,19.5,48.9545454545455,30.1363636363636,10.2727272727273,1229708.18181818,-2245247.72727273,3577,19.824750678533235,48.3987126017732,30.430515726880422
1990-03-12,43,1990-03-12,18.5454545454545,48.6818181818182,31.5,10.0,1229708.18181818,-2245247.72727273,3577,20.317899381786013,46.634979993261794,31.715902448236562
1990-04-13,44,1990-04-13,19.1818181818182,49.5454545454545,29.8181818181818,10.6363636363636,1229708.18181818,-2245247.72727273,3577,21.111809383970595,45.20155330174357,32.398473465735705
1990-04-29,45,1990-04-29,20.6363636363636,38.8636363636364,39.4090909090909,10.5,1229708.18181818,-2245247.72727273,3577,22.080427453207715,44.06048665659603,32.58471615634089
1990-05-15,46,1990-05-15,23.8636363636364,43.3181818181818,31.5,10.2727272727273,1229708.18181818,-2245247.72727273,3577,23.038049201006636,42.669445105971235,33.02040037080354
1990-06-16,47,1990-06-16,25.6818181818182,43.7727272727273,29.4090909090909,11.4090909090909,1229708.18181818,-2245247.72727273,3577,23.91514213340482,42.812860795263624,32.00491852644484
1990-07-02,48,1990-07-02,26.0,38.0454545454545,34.5909090909091,10.9090909090909,1229708.18181818,-2245247.72727273,3577,24.735904258979666,41.87475569743449,32.1305672936641
1990-07-18,49,1990-07-18,23.9090909090909,47.1818181818182,27.5,10.1818181818182,1229708.18181818,-2245247.72727273,3577,23.61480301291377,43.29544126011253,31.803531537413633
1990-08-03,50,1990-08-03,21.2727272727273,43.9090909090909,33.5,10.5,1229708.18181818,-2245247.72727273,3577,22.444249811541706,43.599156824030686,32.62585641208853
1990-08-19,51,1990-08-19,18.8636363636364,42.3636363636364,37.5909090909091,10.2727272727273,1229708.18181818,-2245247.72727273,3577,21.157546365817907,44.743950251824224,32.75314271992647
1990-09-20,52,1990-09-20,19.4090909090909,46.2272727272727,33.0909090909091,9.54545454545454,1229708.18181818,-2245247.72727273,3577,19.185567598736704,42.65323306020669,36.851788796618656
1990-10-06,53,1990-10-06,19.5,44.2272727272727,34.8636363636364,9.27272727272727,1229708.18181818,-2245247.72727273,3577,17.255323483156545,44.54805650301747,36.8766953564253
1990-10-22,54,1990-10-22,19.7272727272727,41.5909090909091,37.2727272727273,9.45454545454546,1229708.18181818,-2245247.72727273,3577,17.42243824286909,45.73318420953538,35.58866337714669
1990-11-07,55,1990-11-07,19.3636363636364,43.5454545454545,35.9545454545455,9.31818181818182,1229708.18181818,-2245247.72727273,3577,19.52476386545896,44.79075793330681,34.44795494400949
1990-11-23,56,1990-11-23,17.9545454545455,49.3636363636364,31.6363636363636,9.77272727272727,1229708.18181818,-2245247.72727273,3577,23.145948759933482,45.3078212246453,30.38253401537498
1990-12-25,57,1990-12-25,22.9090909090909,43.5454545454545,32.2727272727273,9.59090909090909,1229708.18181818,-2245247.72727273,3577,27.23498019008447,44.54090210380003,27.101252954753004
1991-01-26,58,1991-01-26,34.0454545454545,54.4545454545455,10.4545454545455,11.5,1229708.18181818,-2245247.72727273,3577,30.51896752276255,44.331345125456146,24.064215407442894
1991-02-27,59,1991-02-27,39.3181818181818,31.3181818181818,28.4090909090909,10.5909090909091,1229708.18181818,-2245247.72727273,3577,32.35131839733099,45.20005943956858,21.378867262765002
1991-03-15,60,1991-03-15,32.5454545454545,43.4090909090909,22.8181818181818,11.3181818181818,1229708.18181818,-2245247.72727273,3577,32.29470613821381,45.14728811857324,21.442761853960455
1991-03-31,61,1991-03-31,29.4090909090909,51.2272727272727,18.2727272727273,9.90909090909091,1229708.18181818,-2245247.72727273,3577,30.813259355331855,44.354059112847864,23.669656687243915
1991-04-16,62,1991-04-16,24.0909090909091,45.8181818181818,28.7272727272727,8.0,1229690.45454545,-2245275.0,3577,27.679141432725814,45.1611127403348,25.974072929599572
1991-05-02,63,1991-05-02,21.9545454545455,49.3636363636364,27.6363636363636,9.31818181818182,1229708.18181818,-2245247.72727273,3577,23.9269217975909,47.86775973814379,26.97566716986519
1991-05-18,64,1991-05-18,22.6363636363636,45.6818181818182,30.4090909090909,10.7272727272727,1229708.18181818,-2245247.72727273,3577,21.451724042911373,49.14623710091593,28.128490844923423
1991-06-03,65,1991-06-03,23.2272727272727,45.1363636363636,30.2272727272727,10.5909090909091,1229708.18181818,-2245247.72727273,3577,20.869306741664992,50.06560200283066,27.77767925853633
1991-07-05,66,1991-07-05,21.7272727272727,51.4090909090909,25.6363636363636,10.9090909090909,1229708.18181818,-2245247.72727273,3577,21.011821980436885,47.15922622268668,30.53291712508817
1991-07-21,67,1991-07-21,18.5454545454545,53.9090909090909,26.2272727272727,10.4090909090909,1229708.18181818,-2245247.72727273,3577,20.178562782556355,47.38083546062012,31.121468314962108
1991-08-06,68,1991-08-06,19.7272727272727,45.4545454545455,33.5,10.1818181818182,1229708.18181818,-2245247.72727273,3577,19.516876312538997,47.70417198899459,31.475791166329664
1991-08-22,69,1991-08-22,18.8181818181818,40.4545454545455,39.4545454545455,9.5,1229708.18181818,-2245247.72727273,3577,18.790496162995428,46.56166659121215,33.32427732694615
1991-09-07,70,1991-09-07,18.1363636363636,47.3181818181818,33.1818181818182,9.5,1229708.18181818,-2245247.72727273,3577,18.366975411301368,47.48190635707519,32.886460570103296
1991-09-23,71,1991-09-23,18.0454545454545,49.8636363636364,30.9090909090909,9.18181818181818,1229708.18181818,-2245247.72727273,3577,18.58571108036068,47.03946039886798,33.12207550400133
1991-10-09,72,1991-10-09,17.4090909090909,51.1818181818182,30.1818181818182,9.13636363636364,1229708.18181818,-2245247.72727273,3577,18.291976247785485,48.00870337092532,32.459586993356425
1991-10-25,73,1991-10-25,19.2272727272727,47.3181818181818,32.2272727272727,8.77272727272727,1229708.18181818,-2245247.72727273,3577,16.1116381507576,51.115307855660475,31.58546013513174
1991-12-12,74,1991-12-12,17.0,51.3636363636364,30.4545454545455,9.54545454545454,1229708.18181818,-2245247.72727273,3577,15.04868927863355,53.312531122120674,30.483677735150795
1991-12-28,75,1991-12-28,15.3636363636364,54.0454545454545,29.5454545454545,9.40909090909091,1229708.18181818,-2245247.72727273,3577,16.336485074169097,51.28377771959893,31.26333011204483
1992-01-13,76,1992-01-13,15.5909090909091,45.6818181818182,37.5,8.90909090909091,1229708.18181818,-2245247.72727273,3577,19.13211528128215,47.8596960315155,31.873105363531238
1992-01-29,77,1992-01-29,16.8181818181818,53.1363636363636,28.9545454545455,8.90909090909091,1229708.18181818,-2245247.72727273,3577,22.26562601484871,44.67712009352208,31.879464610813656
1992-02-14,78,1992-02-14,26.5,41.0,31.3636363636364,10.6363636363636,1229708.18181818,-2245247.72727273,3577,25.325469070750973,41.77214567025369,31.710728056065314
1992-03-01,79,1992-03-01,37.6818181818182,32.2727272727273,28.7727272727273,10.7727272727273,1229708.18181818,-2245247.72727273,3577,27.45982612939704,40.41826074290992,30.89145093577509
1992-03-17,80,1992-03-17,28.7727272727273,35.5454545454545,34.3636363636364,10.0454545454545,1229708.18181818,-2245247.72727273,3577,28.538412333510795,39.73088141804126,30.496223028304065
1992-04-02,81,1992-04-02,23.5909090909091,46.0909090909091,28.9545454545455,10.0454545454545,1229708.18181818,-2245247.72727273,3577,27.226116411026492,40.84152464478339,30.664432106026208
1992-05-04,82,1992-05-04,21.1363636363636,44.5909090909091,33.1818181818182,8.54545454545454,1229708.18181818,-2245247.72727273,3577,24.74522859633663,42.92999021805022,31.058308845667014
1992-05-20,83,1992-05-20,22.0454545454545,46.9090909090909,29.8181818181818,10.5454545454545,1229708.18181818,-2245247.72727273,3577,21.395164925136374,44.131140039239256,33.19662690250432
1992-06-05,84,1992-06-05,19.8181818181818,44.9090909090909,33.9545454545455,9.0,1229708.18181818,-2245247.72727273,3577,18.663615303916448,44.89641571487226,35.187747377863175
1992-06-21,85,1992-06-21,19.1363636363636,40.2272727272727,39.3636363636364,10.1818181818182,1229708.18181818,-2245247.72727273,3577,17.985174549624404,43.65260028459487,37.100846521893644
1992-07-07,86,1992-07-07,17.5,42.7272727272727,38.3636363636364,10.0,1229708.18181818,-2245247.72727273,3577,18.596014596152514,42.141700404852,37.990590046030505
1992-07-23,87,1992-07-23,19.0454545454545,42.0909090909091,37.7727272727273,9.09090909090909,1229708.18181818,-2245247.72727273,3577,18.121322668322467,41.944769415773564,38.634114970304
1992-08-08,88,1992-08-08,16.0454545454545,41.2727272727273,41.3636363636364,9.54545454545454,1229708.18181818,-2245247.72727273,3577,17.706822167416185,43.697170125111825,37.32322335699208
1992-08-24,89,1992-08-24,18.3636363636364,45.9545454545455,34.4090909090909,9.45454545454546,1229708.18181818,-2245247.72727273,3577,17.58622379590311,45.48412254786473,35.70066564451058
1992-09-09,90,1992-09-09,17.2272727272727,51.8636363636364,29.6363636363636,9.40909090909091,1229708.18181818,-2245247.72727273,3577,17.267866808111894,47.55631309303555,33.958206302558104
1992-09-25,91,1992-09-25,17.2272727272727,47.8636363636364,33.7727272727273,9.27272727272727,1229708.18181818,-2245247.72727273,3577,16.061653516759478,50.200929101850434,32.53243154255895
1992-10-11,92,1992-10-11,16.5909090909091,49.9545454545455,32.2272727272727,9.13636363636364,1229708.18181818,-2245247.72727273,3577,15.935501874987256,50.40159769866309,32.43907401351328
1992-10-27,93,1992-10-27,15.4545454545455,52.4090909090909,31.0454545454545,9.27272727272727,1229708.18181818,-2245247.72727273,3577,16.10523729014905,51.64817746283342,31.03378664678509
1992-11-28,94,1992-11-28,15.6363636363636,51.4090909090909,31.5909090909091,9.18181818181818,1229708.18181818,-2245247.72727273,3577,17.36670745522161,52.332816072183434,29.11755413176311
1992-12-14,95,1992-12-14,16.4545454545455,52.7272727272727,29.6818181818182,9.31818181818182,1229708.18181818,-2245247.72727273,3577,18.719264833109495,52.377055255460036,27.73399271710143
1992-12-30,96,1992-12-30,21.8181818181818,53.2727272727273,23.7272727272727,10.5,1229708.18181818,-2245247.72727273,3577,20.164710324853672,52.81115310244833,25.861014302327643
1993-01-15,97,1993-01-15,25.2272727272727,47.8181818181818,25.7727272727273,10.3181818181818,1229708.18181818,-2245247.72727273,3577,21.333101460877607,52.444456191141285,25.057281024628836
1993-01-31,98,1993-01-31,19.5714285714286,58.5714285714286,20.8571428571429,9.85714285714286,1229723.57142857,-2245236.42857143,3577,21.48018882327596,50.27377505690855,27.08173391482869
1993-03-04,99,1993-03-04,21.2727272727273,45.7272727272727,31.6818181818182,10.3636363636364,1229708.18181818,-2245247.72727273,3577,20.57996858193568,48.55369215641498,29.64116463327956
1993-03-20,100,1993-03-20,17.2272727272727,45.9090909090909,35.6818181818182,10.0454545454545,1229708.18181818,-2245247.72727273,3577,18.739058014878474,47.0306583368714,32.99363541046134
1993-04-05,101,1993-04-05,16.5,45.2272727272727,36.8636363636364,9.77272727272727,1229708.18181818,-2245247.72727273,3577,16.695555921700354,45.67966961267712,36.33456762769477
1993-04-21,102,1993-04-21,16.4545454545455,42.7272727272727,39.5454545454545,9.59090909090909,1229708.18181818,-2245247.72727273,3577,15.278293055099123,44.189312798087485,39.22024091865892
1993-05-07,103,1993-05-07,12.8636363636364,46.5,39.3181818181818,10.2272727272727,1229708.18181818,-2245247.72727273,3577,14.747342159667577,44.652009544065905,39.30095277646055
1993-05-23,104,1993-05-23,15.0454545454545,48.5,35.1818181818182,9.86363636363636,1229708.18181818,-2245247.72727273,3577,14.526454266249448,45.5913211471826,38.61891022008655
1993-06-08,105,1993-06-08,14.0909090909091,46.7272727272727,38.0909090909091,9.86363636363636,1229708.18181818,-2245247.72727273,3577,13.348507529620083,50.649159593565194,34.79161269352137
1993-06-24,106,1993-06-24,13.9090909090909,49.7727272727273,34.9090909090909,9.72727272727273,1229708.18181818,-2245247.72727273,3577,12.988428964785019,52.28233404646922,33.469525408445264
1993-09-28,107,1993-09-28,12.3181818181818,53.8181818181818,32.6818181818182,9.22727272727273,1229708.18181818,-2245247.72727273,3577,12.955296322026701,52.53683482292324,33.25012252031175
1993-10-14,108,1993-10-14,10.1363636363636,61.0909090909091,27.5909090909091,8.90909090909091,1229708.18181818,-2245247.72727273,3577,11.34894573481511,54.486903611438116,32.863769216986924
1993-10-30,109,1993-10-30,10.9090909090909,53.5,34.1363636363636,9.09090909090909,1229708.18181818,-2245247.72727273,3577,10.07229879605185,55.38711499588804,33.20365533705875
1993-11-15,110,1993-11-15,10.6818181818182,55.3636363636364,32.5454545454545,9.31818181818182,1229708.18181818,-2245247.72727273,3577,9.452789822053813,56.028914794738114,33.16019752833215
1993-12-01,111,1993-12-01,12.6363636363636,42.9090909090909,43.0909090909091,8.72727272727273,1229708.18181818,-2245247.72727273,3577,10.971287929631337,54.268608818699214,33.45271109413586
1994-01-18,112,1994-01-18,9.45454545454546,59.1363636363636,30.3181818181818,9.31818181818182,1229708.18181818,-2245247.72727273,3577,13.344215171260739,51.12584657109644,34.25112531712075
1994-02-03,113,1994-02-03,9.90909090909091,58.8181818181818,29.8636363636364,9.45454545454546,1229708.18181818,-2245247.72727273,3577,15.755671854177802,48.22929111416991,34.756437483142115
1994-03-23,114,1994-03-23,24.9090909090909,37.3181818181818,36.5909090909091,10.0909090909091,1229708.18181818,-2245247.72727273,3577,17.813342019643883,44.89116161068768,36.07646153451977
1994-04-08,115,1994-04-08,21.4090909090909,41.0909090909091,36.4090909090909,9.86363636363636,1229708.18181818,-2245247.72727273,3577,19.068265958637436,43.094850407115295,36.63031536433749
1994-04-24,116,1994-04-24,20.0,37.8636363636364,40.8636363636364,9.5,1229708.18181818,-2245247.72727273,3577,19.25019829593142,41.537558135638065,37.963752684124174
1994-06-11,117,1994-06-11,15.3636363636364,43.9090909090909,39.2727272727273,10.1363636363636,1229708.18181818,-2245247.72727273,3577,18.421845815313375,40.84635460232937,39.45725369479355
1994-06-27,118,1994-06-27,15.1363636363636,41.4545454545455,42.2727272727273,10.0454545454545,1229708.18181818,-2245247.72727273,3577,17.111192353942396,39.940753308042595,41.646551028475585
1994-07-13,119,1994-07-13,16.0,42.4090909090909,40.1818181818182,10.0909090909091,1229708.18181818,-2245247.72727273,3577,14.736713188301184,42.96095587496579,40.986821931228995
1994-07-29,120,1994-07-29,13.6818181818182,49.4090909090909,35.6363636363636,9.45454545454546,1229708.18181818,-2245247.72727273,3577,13.33335367137587,45.80447135188923,39.50580421548028
1994-08-14,121,1994-08-14,13.5454545454545,43.7272727272727,41.3636363636364,9.40909090909091,1229708.18181818,-2245247.72727273,3577,13.824708362280159,46.638376118667495,38.19797216574017
1994-08-30,122,1994-08-30,14.8181818181818,44.4545454545455,39.4090909090909,8.90909090909091,1229708.18181818,-2245247.72727273,3577,13.761465244576037,48.582350382512,36.356099149929896
1994-09-15,123,1994-09-15,13.1363636363636,51.8636363636364,33.6363636363636,9.0,1229708.18181818,-2245247.72727273,3577,14.191474160512284,50.327551424082046,34.17016743458673
1994-10-01,124,1994-10-01,11.9545454545455,55.6363636363636,31.1363636363636,9.09090909090909,1229708.18181818,-2245247.72727273,3577,13.495233024783499,51.76051263680661,33.42295489480464
1994-10-17,125,1994-10-17,13.9090909090909,53.1363636363636,31.7272727272727,8.72727272727273,1229708.18181818,-2245247.72727273,3577,11.393784234339796,52.80682728472539,34.517658671185714
1994-11-02,126,1994-11-02,12.1818181818182,51.5,35.0454545454545,9.04545454545454,1229708.18181818,-2245247.72727273,3577,9.655820256297273,53.25157800262548,35.8140436821779
1994-12-04,127,1994-12-04,12.8181818181818,52.6818181818182,33.2272727272727,9.36363636363636,1229708.18181818,-2245247.72727273,3577,11.034862688674709,54.21606482455657,33.53266519576177
1994-12-20,128,1994-12-20,11.0454545454545,53.6363636363636,34.0,9.36363636363636,1229708.18181818,-2245247.72727273,3577,15.16958189572653,53.65860722445903,29.972755221132388
1995-01-21,129,1995-01-21,12.6363636363636,51.4090909090909,34.8636363636364,9.22727272727273,1229708.18181818,-2245247.72727273,3577,21.23585308583583,52.27135839110852,25.288094961606525
1995-02-06,130,1995-02-06,25.5909090909091,55.1818181818182,18.0909090909091,11.4090909090909,1229708.18181818,-2245247.72727273,3577,26.92702315978017,50.97481001969403,20.91046864758909
1995-02-22,131,1995-02-22,40.7727272727273,49.0454545454545,9.0,11.9090909090909,1229708.18181818,-2245247.72727273,3577,30.931809816972667,49.835341551208,18.022879316009192
1995-03-10,132,1995-03-10,40.0,51.0909090909091,7.68181818181818,14.3181818181818,1229708.18181818,-2245247.72727273,3577,32.45780479019511,48.95415870365884,17.372136026087826
1995-03-26,133,1995-03-26,26.4545454545455,45.0,27.1363636363636,10.4545454545455,1229708.18181818,-2245247.72727273,3577,30.05618712837517,49.677507828499564,19.036146937776493
1995-04-11,134,1995-04-11,22.1818181818182,47.4090909090909,29.2272727272727,10.0454545454545,1229708.18181818,-2245247.72727273,3577,25.510188376213296,51.11474888746852,22.090834299387126
1995-04-27,135,1995-04-27,15.7272727272727,55.1818181818182,27.9090909090909,7.5,1229708.18181818,-2245247.72727273,3577,19.177194885044553,53.200346796454795,26.353817024513887
1995-05-29,136,1995-05-29,13.9545454545455,58.4090909090909,26.2272727272727,10.1818181818182,1229708.18181818,-2245247.72727273,3577,14.063222451624519,54.66778591517429,30.000458590096663
1995-06-30,137,1995-06-30,13.1363636363636,57.8181818181818,27.9545454545455,9.63636363636364,1229708.18181818,-2245247.72727273,3577,12.307612595677174,55.831666925804356,30.613242232010528
1995-07-16,138,1995-07-16,13.4090909090909,55.6363636363636,29.5909090909091,10.0909090909091,1229708.18181818,-2245247.72727273,3577,13.316389774029203,55.00383109712428,30.454055373274016
1995-08-17,139,1995-08-17,16.2727272727273,51.0454545454545,31.4090909090909,8.40909090909091,1229708.18181818,-2245247.72727273,3577,13.855228222380656,54.48646863971125,30.3958104940328
1995-09-02,140,1995-09-02,12.5454545454545,54.2272727272727,32.1363636363636,13.4545454545455,1229708.18181818,-2245247.72727273,3577,13.321650766906295,54.25639418278628,31.137041680521392
1995-09-18,141,1995-09-18,14.0,53.2727272727273,31.2272727272727,8.86363636363636,1229708.18181818,-2245247.72727273,3577,13.382726898767668,55.52329854214754,29.826240604311003
1995-10-04,142,1995-10-04,10.4090909090909,58.5909090909091,29.9090909090909,9.45454545454546,1229708.18181818,-2245247.72727273,3577,10.91499747086411,59.0603065664897,28.734697753691478
1995-10-20,143,1995-10-20,9.77272727272727,62.5909090909091,26.1818181818182,9.40909090909091,1229708.18181818,-2245247.72727273,3577,10.033673897168029,62.01657025776563,26.654841077859878
1995-11-05,144,1995-11-05,9.36363636363636,67.7727272727273,21.5,9.22727272727273,1229708.18181818,-2245247.72727273,3577,9.376755386464076,64.36779614980175,24.92694147956933
1995-11-21,145,1995-11-21,11.2272727272727,64.8181818181818,22.8181818181818,9.59090909090909,1229708.18181818,-2245247.72727273,3577,10.194390045640974,64.08585574289654,24.366194036750485
1995-12-07,146,1995-12-07,9.77272727272727,60.2727272727273,28.5,9.36363636363636,1229708.18181818,-2245247.72727273,3577,12.008923809090877,61.32853847530668,25.290082841444097
1995-12-23,147,1995-12-23,10.7272727272727,58.6363636363636,29.2272727272727,9.54545454545454,1229708.18181818,-2245247.72727273,3577,14.118060380371784,57.85786462340619,26.689255017424394
1996-02-09,148,1996-02-09,24.1363636363636,51.2272727272727,23.3181818181818,10.9545454545455,1229708.18181818,-2245247.72727273,3577,16.585378454922804,53.4925139594353,28.540556685078172
1996-02-25,149,1996-02-25,13.9090909090909,52.6363636363636,31.9545454545455,9.68181818181818,1229708.18181818,-2245247.72727273,3577,17.84911106343428,51.02637385130287,29.81693890122941
1996-03-28,150,1996-03-28,20.6363636363636,46.4090909090909,31.9090909090909,10.3636363636364,1229708.18181818,-2245247.72727273,3577,18.338172803832858,50.24358810341734,30.097879463622228
1996-04-13,151,1996-04-13,17.0454545454545,51.9090909090909,29.5909090909091,10.5454545454545,1229708.18181818,-2245247.72727273,3577,18.13156713817854,50.491647952377804,30.06251783678861
1996-04-29,152,1996-04-29,17.7272727272727,52.7272727272727,28.3636363636364,10.0,1229708.18181818,-2245247.72727273,3577,17.50489687627056,51.23377073249654,29.98007494897
1996-05-15,153,1996-05-15,14.9545454545455,52.8636363636364,30.7272727272727,10.1818181818182,1229708.18181818,-2245247.72727273,3577,16.16459153005493,52.7661416826832,29.751946055628636
1996-05-31,154,1996-05-31,14.8636363636364,55.0909090909091,28.9090909090909,10.2727272727273,1229708.18181818,-2245247.72727273,3577,15.184107195925932,53.88912452590229,29.600696938857446
1996-06-16,155,1996-06-16,16.1818181818182,50.7272727272727,31.5,10.6818181818182,1229708.18181818,-2245247.72727273,3577,15.647751629173458,53.48085829171437,29.53514217276792
1996-07-02,156,1996-07-02,15.4090909090909,51.8636363636364,31.5,9.81818181818182,1229708.18181818,-2245247.72727273,3577,14.594871073197083,51.81038185005888,32.22616463187328
1996-07-18,157,1996-07-18,13.6818181818182,54.4090909090909,30.6363636363636,10.1818181818182,1229708.18181818,-2245247.72727273,3577,13.77233068085664,50.44953639098677,34.45763158878319
1996-08-03,158,1996-08-03,12.6363636363636,49.7272727272727,36.2272727272727,9.95454545454546,1229708.18181818,-2245247.72727273,3577,13.007311855044222,49.94019433984913,35.724292875708855
1996-08-19,159,1996-08-19,12.7727272727273,45.4545454545455,40.5,10.0909090909091,1229708.18181818,-2245247.72727273,3577,11.903321137065477,49.60216521445726,37.187865469734376
1996-09-04,160,1996-09-04,11.8636363636364,48.7272727272727,38.0454545454545,9.72727272727273,1229708.18181818,-2245247.72727273,3577,11.314049586775166,50.40222977134692,36.965937383747786
1996-09-20,161,1996-09-20,10.0454545454545,51.8181818181818,36.8636363636364,9.59090909090909,1229708.18181818,-2245247.72727273,3577,12.818613837609954,50.49273341349704,35.380761653202185
1996-10-06,162,1996-10-06,11.9090909090909,56.5,30.3636363636364,8.59090909090909,1229708.18181818,-2245247.72727273,3577,13.344612747228258,50.085191476121224,35.25339169695527
1996-11-07,163,1996-11-07,18.0,47.6818181818182,32.9090909090909,9.81818181818182,1229708.18181818,-2245247.72727273,3577,13.641577392490074,51.88277315141161,33.189617165829524
1996-11-23,164,1996-11-23,14.1818181818182,52.1363636363636,32.3636363636364,9.59090909090909,1229708.18181818,-2245247.72727273,3577,15.246010954987007,52.595246998982454,30.88124681397514
1996-12-09,165,1996-12-09,21.4545454545455,50.4545454545455,26.8636363636364,10.3636363636364,1229708.18181818,-2245247.72727273,3577,17.948621178987203,51.655402014245965,29.0863527128612
1996-12-25,166,1996-12-25,17.2272727272727,47.2272727272727,34.2727272727273,10.0454545454545,1229708.18181818,-2245247.72727273,3577,21.0094020811693,49.62144174428825,28.06385719543196
1997-01-10,167,1997-01-10,15.0909090909091,54.8181818181818,28.8636363636364,10.1363636363636,1229708.18181818,-2245247.72727273,3577,23.524234420234315,47.62462235202868,27.553942398717346
1997-02-11,168,1997-02-11,31.6818181818182,48.7272727272727,18.1363636363636,12.1363636363636,1229708.18181818,-2245247.72727273,3577,24.4941465795637,46.34715565885714,27.894661066483522
1997-03-15,169,1997-03-15,30.8636363636364,37.2727272727273,30.6363636363636,11.3636363636364,1229708.18181818,-2245247.72727273,3577,25.005162582980404,46.04185372746462,27.712266202692682
1997-03-31,170,1997-03-31,23.5,45.8181818181818,29.4090909090909,10.6818181818182,1229708.18181818,-2245247.72727273,3577,25.048835909372546,44.5177679061654,29.159867855191386
1997-04-16,171,1997-04-16,20.6363636363636,44.8181818181818,33.4545454545455,10.6818181818182,1229708.18181818,-2245247.72727273,3577,23.44579386276192,44.99318609900541,30.292959362614283
1997-05-02,172,1997-05-02,19.0454545454545,47.4090909090909,32.2727272727273,10.4545454545455,1229708.18181818,-2245247.72727273,3577,21.853087807207803,45.325834171450815,31.575827774809838
1997-06-19,173,1997-06-19,18.3181818181818,49.5454545454545,30.8181818181818,10.9090909090909,1229708.18181818,-2245247.72727273,3577,18.72736129617357,47.21285370975068,32.815156698067646
1997-07-05,174,1997-07-05,20.2727272727273,47.4545454545455,30.9545454545455,10.8636363636364,1229708.18181818,-2245247.72727273,3577,17.291637717753908,49.69555029827298,31.79966796501645
1997-07-21,175,1997-07-21,16.1818181818182,47.4545454545455,35.1363636363636,11.0,1229708.18181818,-2245247.72727273,3577,15.196943782362291,50.0910685149282,33.48943372978899
1997-08-06,176,1997-08-06,14.2727272727273,53.2727272727273,31.4090909090909,10.4090909090909,1229708.18181818,-2245247.72727273,3577,13.223740796212809,50.327103659069145,35.24192989672339
1997-08-22,177,1997-08-22,13.5909090909091,50.1818181818182,35.0,10.0454545454545,1229708.18181818,-2245247.72727273,3577,12.695084819484858,51.532590404240466,34.57544299212795
1997-09-07,178,1997-09-07,12.7727272727273,53.2272727272727,32.7727272727273,10.0454545454545,1229708.18181818,-2245247.72727273,3577,15.40376004518753,50.44553504473944,32.931761596124815
1997-10-09,179,1997-10-09,14.4090909090909,46.7272727272727,37.6818181818182,9.59090909090909,1229708.18181818,-2245247.72727273,3577,18.337810655426825,50.54171989000953,29.87729860907011
1997-10-25,180,1997-10-25,14.7272727272727,51.7272727272727,32.1363636363636,9.63636363636364,1229708.18181818,-2245247.72727273,3577,21.976688664554786,49.46931579537086,27.28025661363278
1998-01-13,181,1998-01-13,40.0909090909091,50.9090909090909,7.77272727272727,13.5909090909091,1229708.18181818,-2245247.72727273,3577,25.804558936696928,48.089662237558215,24.85359953865072
1998-03-18,182,1998-03-18,31.4090909090909,43.0,24.3636363636364,11.2727272727273,1229708.18181818,-2245247.72727273,3577,28.331658068918124,47.96812601976535,22.479806289963356
1998-04-04,183,1998-04-04,25.8636363636364,47.3636363636364,25.5454545454545,10.6363636363636,1229708.18181818,-2245247.72727273,3577,28.753906380696357,48.38288238639332,21.684298111117265
1998-04-20,184,1998-04-20,19.4545454545455,53.8181818181818,25.7727272727273,10.3181818181818,1229708.18181818,-2245247.72727273,3577,27.71592213021578,48.94228161367876,22.212437435907226
1998-05-22,185,1998-05-22,28.9090909090909,44.7727272727273,25.0909090909091,11.8181818181818,1229708.18181818,-2245247.72727273,3577,25.4931605124362,49.72515986686366,23.647244818223555
1998-06-07,186,1998-06-07,24.6363636363636,54.2272727272727,20.0454545454545,8.31818181818182,1229708.18181818,-2245247.72727273,3577,23.020129743599426,50.24970329416524,25.600236872608505
1998-07-25,187,1998-07-25,22.3636363636364,50.9090909090909,25.4090909090909,11.1818181818182,1229708.18181818,-2245247.72727273,3577,21.782011918090838,50.364115619807485,26.633847295396926
1998-08-10,188,1998-08-10,21.5454545454545,47.6363636363636,29.6818181818182,11.6818181818182,1229708.18181818,-2245247.72727273,3577,24.62923580781359,49.48474843478324,24.645660910996373
1998-09-11,189,1998-09-11,25.0909090909091,51.8181818181818,21.8636363636364,11.8181818181818,1229708.18181818,-2245247.72727273,3577,23.256838995507042,49.882149232690594,25.597251116456405
1998-09-27,190,1998-09-27,22.6363636363636,48.8636363636364,27.0454545454545,11.0,1229708.18181818,-2245247.72727273,3577,22.550099164365413,51.46568545441967,24.72015523176143
1998-10-29,191,1998-10-29,23.1363636363636,51.7272727272727,24.0454545454545,11.2727272727273,1229708.18181818,-2245247.72727273,3577,21.250039856003454,53.79088192977059,23.74471391259665
1998-11-14,192,1998-11-14,23.8636363636364,51.2272727272727,23.5909090909091,11.6363636363636,1229708.18181818,-2245247.72727273,3577,22.825359835770147,53.38940991459191,22.59170867128592
1998-11-30,193,1998-11-30,21.8333333333333,60.5,16.75,15.9166666666667,1229712.5,-2245267.5,3577,24.855460141693403,53.52948655621651,20.44877223817248
1998-12-16,194,1998-12-16,20.5,57.0909090909091,21.1363636363636,11.2727272727273,1229708.18181818,-2245247.72727273,3577,27.175552423930014,51.859216775336236,19.83615294077984
1999-01-17,195,1999-01-17,36.5909090909091,43.9090909090909,18.4090909090909,11.4090909090909,1229708.18181818,-2245247.72727273,3577,29.313769118577568,49.9125962694703,19.686310593428374
1999-02-02,196,1999-02-02,29.3181818181818,46.5454545454545,23.0454545454545,11.5,1229708.18181818,-2245247.72727273,3577,31.241640243605747,48.65194290650922,19.031152143659845
1999-03-22,197,1999-03-22,37.3636363636364,43.1818181818182,18.3181818181818,12.2727272727273,1229708.18181818,-2245247.72727273,3577,31.551385709697925,47.274200468817654,20.08135004595441
1999-05-09,198,1999-05-09,28.4090909090909,51.7272727272727,18.7727272727273,11.8181818181818,1229708.18181818,-2245247.72727273,3577,30.439689497101234,47.61631163656907,20.815679746650463
1999-05-25,199,1999-05-25,24.8636363636364,50.2272727272727,23.8636363636364,9.27272727272727,1229708.18181818,-2245247.72727273,3577,28.39071351764429,48.585612670463256,21.813757309391562
1999-06-10,200,1999-06-10,24.9545454545455,51.9090909090909,21.7727272727273,11.5909090909091,1229708.18181818,-2245247.72727273,3577,25.04881130689933,50.91752266871123,22.793449935931783
1999-06-26,201,1999-06-26,23.7727272727273,50.6818181818182,24.2727272727273,11.5454545454545,1229708.18181818,-2245247.72727273,3577,22.218048768003253,52.365362473150874,24.08357066518826
1999-07-12,202,1999-07-12,21.3181818181818,51.2272727272727,26.0,11.8181818181818,1229708.18181818,-2245247.72727273,3577,21.953476723104757,51.50015745582103,25.22144784570528
1999-07-20,203,1999-07-20,21.1818181818182,51.9545454545455,25.4545454545455,11.3181818181818,1229708.18181818,-2245247.72727273,3577,20.85311142558229,51.380278460625405,26.44301378328565
1999-07-28,204,1999-07-28,21.5909090909091,49.6363636363636,27.6363636363636,11.4545454545455,1229708.18181818,-2245247.72727273,3577,21.386178133712246,50.46608401448627,26.863599951971946
1999-08-13,205,1999-08-13,19.3636363636364,52.8636363636364,26.5454545454545,11.1818181818182,1229708.18181818,-2245247.72727273,3577,20.407505525712452,52.146690770521985,26.178857028135404
1999-08-21,206,1999-08-21,21.9545454545455,52.0454545454545,24.7727272727273,10.8636363636364,1229708.18181818,-2245247.72727273,3577,20.405341492166492,51.845332123539976,26.54948639876472
1999-08-29,207,1999-08-29,20.0454545454545,50.7727272727273,28.0454545454545,10.6363636363636,1229708.18181818,-2245247.72727273,3577,20.545073699165776,52.4145693878236,25.825191554852765
1999-09-06,208,1999-09-06,18.4545454545455,56.1818181818182,23.9545454545455,10.7727272727273,1229708.18181818,-2245247.72727273,3577,19.272071862837365,54.320771966556165,25.185165102273636
1999-09-22,209,1999-09-22,20.0,54.4545454545455,24.3636363636364,10.5,1229708.18181818,-2245247.72727273,3577,18.769392161452412,55.467706793620295,24.490432590203767
1999-10-08,210,1999-10-08,19.0909090909091,57.4545454545455,22.1363636363636,10.2727272727273,1229708.18181818,-2245247.72727273,3577,18.784028664830814,56.34446119598673,23.58343978003068
1999-10-24,211,1999-10-24,20.5,51.2727272727273,27.1363636363636,10.2727272727273,1229708.18181818,-2245247.72727273,3577,20.29543437142345,55.938735905234765,22.500328689039076
1999-10-31,212,1999-10-31,16.0,64.5,18.0,13.5,1229685.0,-2245245.0,3577,19.86693407914614,56.8067898889655,22.071175939171503
1999-11-16,213,1999-11-16,21.5,55.4545454545455,21.9090909090909,10.6818181818182,1229708.18181818,-2245247.72727273,3577,20.78024775674338,56.85898059159243,21.146327638021624
1999-12-02,214,1999-12-02,29.1363636363636,49.2272727272727,20.4090909090909,11.5454545454545,1229708.18181818,-2245247.72727273,3577,22.616490742577973,55.56492494276635,20.60564400417737
1999-12-11,215,1999-12-11,22.3181818181818,57.1818181818182,19.3636363636364,11.5909090909091,1229708.18181818,-2245247.72727273,3577,25.389430580673608,54.68254444681999,18.702977292898517
2000-01-28,216,2000-01-28,24.8636363636364,54.3181818181818,19.5909090909091,11.4090909090909,1229708.18181818,-2245247.72727273,3577,27.82892030569633,52.466892943806016,18.510414718968118
2000-02-13,217,2000-02-13,23.4090909090909,55.0909090909091,20.2727272727273,11.0,1229708.18181818,-2245247.72727273,3577,29.216686775083758,50.703513626810306,18.854209679987903
2000-02-29,218,2000-02-29,40.0454545454545,43.8636363636364,14.8181818181818,12.0454545454545,1229708.18181818,-2245247.72727273,3577,29.836740939888756,49.10568927272388,19.81490181644685
2000-04-01,219,2000-04-01,30.4545454545455,46.8181818181818,21.3636363636364,11.8636363636364,1229708.18181818,-2245247.72727273,3577,28.8816768652076,49.02471170821127,20.777113401652937
2000-04-17,220,2000-04-17,25.6818181818182,50.1363636363636,23.0454545454545,11.6363636363636,1229708.18181818,-2245247.72727273,3577,28.182975482155065,47.80373622998857,22.70554775930176
2000-06-04,221,2000-06-04,22.5909090909091,46.7272727272727,29.2727272727273,12.4545454545455,1229708.18181818,-2245247.72727273,3577,27.05896130325785,47.1616904064061,24.471599888989996
2000-06-20,222,2000-06-20,25.1363636363636,51.1818181818182,22.2727272727273,13.1818181818182,1229708.18181818,-2245247.72727273,3577,24.168779855097654,48.68115981962705,25.869738761094325
2000-07-06,223,2000-07-06,23.5,48.5454545454545,26.7727272727273,12.5909090909091,1229708.18181818,-2245247.72727273,3577,21.759849354132612,50.25711454320326,26.691222231184497
2000-07-22,224,2000-07-22,20.8181818181818,48.5454545454545,29.3636363636364,12.3181818181818,1229708.18181818,-2245247.72727273,3577,20.318008616767187,50.73471645156785,27.657340689140696
2000-08-07,225,2000-08-07,20.7272727272727,52.5909090909091,25.4545454545455,11.3636363636364,1229708.18181818,-2245247.72727273,3577,20.9592592884146,49.46644911518926,28.269056583716054
2000-08-23,226,2000-08-23,18.4545454545455,51.3636363636364,28.8181818181818,11.6363636363636,1229708.18181818,-2245247.72727273,3577,19.5137891941972,49.77143515082541,29.385486312163625
2000-09-08,227,2000-09-08,18.4090909090909,52.3636363636364,27.8636363636364,11.3181818181818,1229708.18181818,-2245247.72727273,3577,17.998324079520387,52.392764707842744,28.31840028813994
2000-09-24,228,2000-09-24,18.9545454545455,50.9090909090909,28.7727272727273,10.9090909090909,1229708.18181818,-2245247.72727273,3577,17.18946955099247,55.528813432548475,25.981822708669384
2000-10-10,229,2000-10-10,18.9090909090909,53.0909090909091,26.8181818181818,10.5,1229708.18181818,-2245247.72727273,3577,19.015401148243804,57.702972372398065,22.01698259522305
2000-10-26,230,2000-10-26,17.8181818181818,63.4545454545455,17.4545454545455,10.1818181818182,1229708.18181818,-2245247.72727273,3577,20.176012982230077,59.41881282240656,19.168068351572394
2000-11-11,231,2000-11-11,21.9545454545455,65.2727272727273,11.6363636363636,12.8181818181818,1229708.18181818,-2245247.72727273,3577,23.08923907502229,58.75519948668523,16.946563428125785
2000-11-27,232,2000-11-27,27.9090909090909,59.5909090909091,11.3636363636364,13.8636363636364,1229708.18181818,-2245247.72727273,3577,26.94405988044764,57.02667892197016,14.83725070313649
2001-02-15,233,2001-02-15,32.2727272727273,47.4090909090909,18.9545454545455,11.5,1229708.18181818,-2245247.72727273,3577,30.46480566997986,53.05226647823661,15.262679622654845
2001-03-03,234,2001-03-03,33.4090909090909,45.5909090909091,19.7727272727273,11.6363636363636,1229708.18181818,-2245247.72727273,3577,33.147214311155345,49.12303204815841,16.4508846065253
2001-03-19,235,2001-03-19,30.2727272727273,49.5909090909091,18.7727272727273,11.7272727272727,1229708.18181818,-2245247.72727273,3577,34.0881359001207,45.60261888406437,18.988555913546072
2001-04-04,236,2001-04-04,40.9545454545455,39.5909090909091,18.2727272727273,13.1818181818182,1229708.18181818,-2245247.72727273,3577,34.1221227407498,44.96751391023166,19.570208569924226
2001-05-06,237,2001-05-06,29.7727272727273,48.8181818181818,19.9545454545455,12.2272727272727,1229708.18181818,-2245247.72727273,3577,33.108984035942235,45.006225409821276,20.535875326471782
2001-05-22,238,2001-05-22,29.0909090909091,46.4545454545455,23.0909090909091,11.9545454545455,1229708.18181818,-2245247.72727273,3577,31.025716473220996,46.532902363601835,21.143880183983995
2001-06-07,239,2001-06-07,28.3181818181818,51.0454545454545,19.3636363636364,11.5,1229708.18181818,-2245247.72727273,3577,28.955358320256902,47.239530663531454,22.550178220312784
2001-06-23,240,2001-06-23,28.0,47.0454545454545,23.8181818181818,11.4545454545455,1229708.18181818,-2245247.72727273,3577,26.79336087497805,48.13790867167572,23.84077968189631
2001-07-09,241,2001-07-09,27.3636363636364,47.5454545454545,23.8636363636364,12.1818181818182,1229708.18181818,-2245247.72727273,3577,23.708375075526053,51.015394259546454,24.085956120993337
2001-07-25,242,2001-07-25,19.5,45.5454545454545,33.8181818181818,7.40909090909091,1229708.18181818,-2245247.72727273,3577,21.279590378658412,50.95333304465666,26.56455590567211
2001-09-11,243,2001-09-11,18.1818181818182,60.3181818181818,20.2727272727273,11.1363636363636,1229708.18181818,-2245247.72727273,3577,20.12433105874967,51.44333656773077,27.187893024505904
2001-09-27,244,2001-09-27,21.5909090909091,52.4090909090909,24.6363636363636,10.5,1229708.18181818,-2245247.72727273,3577,19.400792986914496,53.27798629739851,26.010109648298844
2001-10-29,245,2001-10-29,19.0454545454545,56.6363636363636,23.0,11.3636363636364,1229708.18181818,-2245247.72727273,3577,21.21301707017686,53.93609359960931,23.512558086435803
2001-11-30,246,2001-11-30,21.9090909090909,48.4090909090909,28.2727272727273,11.4090909090909,1229708.18181818,-2245247.72727273,3577,24.233286555827245,54.094093635036856,20.317540185676755
2002-01-17,247,2002-01-17,29.6818181818182,46.2727272727273,22.6818181818182,11.0909090909091,1229708.18181818,-2245247.72727273,3577,27.916875131619037,52.69895823286537,18.08519246022494
2002-02-02,248,2002-02-02,30.2272727272727,64.6363636363636,3.90909090909091,14.4545454545455,1229708.18181818,-2245247.72727273,3577,30.528250527964502,50.512877918583854,17.704971077329816
2002-02-18,249,2002-02-18,36.3181818181818,43.7727272727273,18.8181818181818,9.77272727272727,1229708.18181818,-2245247.72727273,3577,30.926507491940534,48.54374319740891,19.311918028492673
2002-03-06,250,2002-03-06,28.8181818181818,46.3636363636364,23.5454545454545,11.8636363636364,1229708.18181818,-2245247.72727273,3577,30.34093910592192,47.91345440373715,20.52243843968838
2002-03-22,251,2002-03-22,26.4545454545455,45.5,26.8181818181818,11.5909090909091,1229708.18181818,-2245247.72727273,3577,28.7104830154323,46.01731817295442,24.021812552768687
2002-04-07,252,2002-04-07,25.4545454545455,45.0454545454545,28.3181818181818,11.1818181818182,1229708.18181818,-2245247.72727273,3577,25.955759832620586,45.08495037188423,27.707624208042226
2002-04-23,253,2002-04-23,22.5909090909091,44.1363636363636,31.7727272727273,11.1363636363636,1229708.18181818,-2245247.72727273,3577,23.61713532737667,44.11790882913216,30.972990420776377
2002-05-09,254,2002-05-09,23.7272727272727,45.9090909090909,29.0454545454545,11.2272727272727,1229708.18181818,-2245247.72727273,3577,22.52800745553013,44.043387937696,32.09940186466585
2002-05-25,255,2002-05-25,22.6363636363636,44.0454545454545,32.0909090909091,11.2272727272727,1229708.18181818,-2245247.72727273,3577,21.744470840161362,46.0550750965824,30.875983852900156
2002-06-26,256,2002-06-26,20.9090909090909,47.0909090909091,30.7727272727273,11.0909090909091,1229708.18181818,-2245247.72727273,3577,21.663050431130486,45.71523818145706,31.318329433016576
2002-07-12,257,2002-07-12,21.2727272727273,46.9090909090909,30.5,11.0454545454545,1229708.18181818,-2245247.72727273,3577,20.66641112897488,47.15634970151574,30.89581443042846
2002-07-28,258,2002-07-28,20.0,47.2272727272727,31.3181818181818,10.8636363636364,1229708.18181818,-2245247.72727273,3577,20.165975173149192,47.79831778128276,30.740738152920454
2002-08-13,259,2002-08-13,19.7272727272727,46.0909090909091,32.9545454545455,10.5454545454545,1229708.18181818,-2245247.72727273,3577,19.73649471833811,48.129376533957,30.824320627299414
2002-08-29,260,2002-08-29,18.3636363636364,51.2272727272727,29.1818181818182,11.1818181818182,1229708.18181818,-2245247.72727273,3577,19.430955619103592,47.4513776400843,31.758857382410195
2002-09-14,261,2002-09-14,19.1818181818182,49.9090909090909,29.5454545454545,10.7272727272727,1229708.18181818,-2245247.72727273,3577,19.093573046708396,48.21572531042679,31.363446432538282
2002-09-30,262,2002-09-30,19.7727272727273,46.6363636363636,32.2272727272727,10.3181818181818,1229708.18181818,-2245247.72727273,3577,18.609965182577106,48.956964369706824,31.15287681639594
2002-10-16,263,2002-10-16,18.7272727272727,46.8636363636364,33.0,9.90909090909091,1229708.18181818,-2245247.72727273,3577,19.04815097651853,49.58887692661226,30.111631262063014
2002-11-01,264,2002-11-01,16.9545454545455,52.6363636363636,29.3636363636364,10.1818181818182,1229708.18181818,-2245247.72727273,3577,16.86869660032933,52.947097793839106,28.93754416143514
2002-11-17,265,2002-11-17,17.0454545454545,54.9090909090909,26.8636363636364,10.2727272727273,1229708.18181818,-2245247.72727273,3577,15.866705768195096,55.470481952601446,27.444594246166282
2002-12-03,266,2002-12-03,15.7727272727273,60.2727272727273,22.8181818181818,10.4545454545455,1229708.18181818,-2245247.72727273,3577,16.15431064853846,55.60348390702191,27.077172053948203
2002-12-19,267,2002-12-19,18.2727272727273,52.6818181818182,27.7272727272727,10.1818181818182,1229708.18181818,-2245247.72727273,3577,17.92464951316357,55.08995353084033,25.814054507267652
2003-01-04,268,2003-01-04,17.0454545454545,56.9545454545455,24.7727272727273,10.3636363636364,1229708.18181818,-2245247.72727273,3577,20.472024035629186,53.52324736900353,24.7940438396354
2003-02-05,269,2003-02-05,16.8181818181818,56.2272727272727,25.8181818181818,10.1363636363636,1229708.18181818,-2245247.72727273,3577,23.03828341655184,51.395103910998294,24.34179724018931
2003-03-09,270,2003-03-09,37.3181818181818,36.5,25.0,11.9090909090909,1229708.18181818,-2245247.72727273,3577,24.91234434014809,49.96719210988096,23.850516356704745
2003-03-25,271,2003-03-25,25.0,48.0,25.5909090909091,10.8636363636364,1229708.18181818,-2245247.72727273,3577,25.650294540805767,48.98492655668957,24.09191484001145
2003-04-10,272,2003-04-10,24.0909090909091,55.4090909090909,19.1818181818182,9.0,1229708.18181818,-2245247.72727273,3577,25.33712178617514,48.726658649533434,24.66498910602118
2003-04-26,273,2003-04-26,20.4545454545455,51.5,26.8636363636364,11.0454545454545,1229708.18181818,-2245247.72727273,3577,23.67946224897744,48.49902377385469,26.51435505108063
2003-05-12,274,2003-05-12,21.3181818181818,47.5909090909091,29.7727272727273,10.6818181818182,1229708.18181818,-2245247.72727273,3577,21.903867311969883,47.81712292772653,28.948939042939802
2003-05-28,275,2003-05-28,20.4545454545455,44.9090909090909,33.1818181818182,11.0454545454545,1229708.18181818,-2245247.72727273,3577,19.566523119433242,46.63950586423856,32.48726969624319
2003-07-06,276,2003-07-06,19.4090909090909,42.1818181818182,37.2272727272727,10.5,1229708.18181818,-2245247.72727273,3577,18.05770264072838,45.19135213224041,35.45560336088938
2003-07-15,277,2003-07-15,18.9090909090909,45.0,34.7727272727273,10.5454545454545,1229708.18181818,-2245247.72727273,3577,19.235276403863462,42.68033416062613,36.77649932391854
2003-07-22,278,2003-07-22,18.1818181818182,42.0909090909091,38.2727272727273,10.4545454545455,1229708.18181818,-2245247.72727273,3577,18.554632908134224,43.39868635913583,36.6799100139884
2003-07-31,279,2003-07-31,18.4545454545455,45.6818181818182,34.7272727272727,10.5909090909091,1229708.18181818,-2245247.72727273,3577,18.02278757612011,44.855208431053114,35.76687450835523
2003-08-08,280,2003-08-08,16.0,44.2272727272727,38.3181818181818,10.2727272727273,1229708.18181818,-2245247.72727273,3577,17.355739297757548,46.054555164314664,35.249087248237615
2003-08-16,281,2003-08-16,18.0,52.9090909090909,27.6363636363636,11.0454545454545,1229708.18181818,-2245247.72727273,3577,16.992807548954755,47.7634872398381,33.91357840020433
2003-09-01,282,2003-09-01,17.6818181818182,47.1363636363636,33.9090909090909,10.3636363636364,1229708.18181818,-2245247.72727273,3577,16.70895842750366,49.17423559021472,32.80291713164849
2003-09-09,283,2003-09-09,15.1818181818182,48.5909090909091,35.0,10.1818181818182,1229708.18181818,-2245247.72727273,3577,16.15243561204481,51.277298740280095,31.30613152678542
2003-09-25,284,2003-09-25,14.2727272727273,52.4090909090909,32.2272727272727,9.81818181818182,1229708.18181818,-2245247.72727273,3577,15.373947752217344,52.62530334848714,30.784252055286
2003-10-03,285,2003-10-03,16.2222222222222,56.1111111111111,26.3333333333333,10.4444444444444,1229708.33333333,-2245288.33333333,3577,14.775822607511934,53.91095510486766,30.122993059098874
2003-10-11,286,2003-10-11,13.8636363636364,56.3181818181818,28.6818181818182,9.68181818181818,1229708.18181818,-2245247.72727273,3577,13.595743547190997,56.452461554761015,28.80953622791074
2003-10-19,287,2003-10-19,13.3181818181818,55.0454545454545,30.4090909090909,10.1818181818182,1229708.18181818,-2245247.72727273,3577,13.174913485986663,55.45583365175131,30.151475424374084
2003-10-27,288,2003-10-27,11.6363636363636,57.6363636363636,29.5454545454545,10.8636363636364,1229708.18181818,-2245247.72727273,3577,13.397715069117513,55.73601380636852,29.606080334896614
2003-11-04,289,2003-11-04,12.9545454545455,53.3181818181818,32.5,10.0454545454545,1229708.18181818,-2245247.72727273,3577,13.508622089045069,55.351359577181555,29.868251260415388
2003-11-12,290,2003-11-12,13.0909090909091,59.6818181818182,25.7727272727273,9.95454545454546,1229708.18181818,-2245247.72727273,3577,12.073204565392478,56.21914588600349,30.373692343396513
2003-11-20,291,2003-11-20,12.0,52.0454545454545,34.5909090909091,9.72727272727273,1229708.18181818,-2245247.72727273,3577,10.685245649992167,57.20315646528553,30.74494038421951
2003-12-06,292,2003-12-06,15.3571428571429,51.1428571428571,32.0714285714286,10.4285714285714,1229710.71428571,-2245272.85714286,3577,10.642626676258642,58.24452276308989,29.70306361243155
2003-12-14,293,2003-12-14,8.77272727272727,70.6818181818182,19.3636363636364,7.77272727272727,1229708.18181818,-2245247.72727273,3577,12.731789811650007,58.980066759856705,26.912335448111072
2003-12-22,294,2003-12-22,11.75,56.375,30.375,10.0,1229703.75,-2245203.75,3577,16.32266150679923,55.50161508206697,26.844009951485557
2003-12-30,295,2003-12-30,17.1363636363636,52.8636363636364,28.5909090909091,10.4090909090909,1229708.18181818,-2245247.72727273,3577,21.08781909056009,52.36620159322024,25.266059967329774
2004-01-23,296,2004-01-23,30.6363636363636,47.4090909090909,20.9090909090909,11.5,1229708.18181818,-2245247.72727273,3577,25.528987196306765,49.67855237922047,23.587401481149733
2004-01-31,297,2004-01-31,33.9545454545455,47.3636363636364,17.4545454545455,11.8636363636364,1229708.18181818,-2245247.72727273,3577,29.217170037950922,49.074372468222464,20.464242238197834
2004-02-08,298,2004-02-08,32.9090909090909,42.9545454545455,22.9545454545455,11.5909090909091,1229708.18181818,-2245247.72727273,3577,30.978584109384435,47.482575720079204,20.282260695957376
2004-02-16,299,2004-02-16,26.5,44.0,28.1818181818182,10.3636363636364,1229708.18181818,-2245247.72727273,3577,30.557748963668978,48.166004871844855,20.020494317106888
2004-02-24,300,2004-02-24,26.3636363636364,64.9090909090909,7.40909090909091,13.2727272727273,1229708.18181818,-2245247.72727273,3577,27.42986326929064,51.44803465602022,19.848929005132085
2004-03-03,301,2004-03-03,22.2272727272727,52.0909090909091,24.3636363636364,8.09090909090909,1229708.18181818,-2245247.72727273,3577,24.061355123904306,51.894866005082,22.71758451933318
2004-03-11,302,2004-03-11,24.0,48.5,26.0,12.0,1229700.0,-2245185.0,3577,21.151793323476063,51.91612918462691,25.611691292098385
2004-03-19,303,2004-03-19,19.2272727272727,46.5,33.3181818181818,9.45454545454546,1229708.18181818,-2245247.72727273,3577,20.318261530192068,50.79372991207301,27.626831654128395
2004-03-27,304,2004-03-27,19.5909090909091,52.5,26.5909090909091,10.0454545454545,1229708.18181818,-2245247.72727273,3577,19.50381141515104,49.64186966986678,29.596494836428498
2004-04-04,305,2004-04-04,19.4545454545455,47.8636363636364,31.3181818181818,9.81818181818182,1229708.18181818,-2245247.72727273,3577,18.83962582590222,48.65918882692714,31.308191737894354
2004-04-20,306,2004-04-20,17.4545454545455,49.0909090909091,32.3636363636364,10.5909090909091,1229708.18181818,-2245247.72727273,3577,17.5044373020705,49.08810145665592,32.18422824009172
2004-05-14,307,2004-05-14,16.7272727272727,50.9545454545455,31.0909090909091,12.4545454545455,1229708.18181818,-2245247.72727273,3577,17.075759379936407,51.02192769233946,30.668158396622726
2004-05-30,308,2004-05-30,17.3181818181818,51.4545454545455,29.9545454545455,10.4090909090909,1229708.18181818,-2245247.72727273,3577,16.45595714445737,50.401411985136534,31.887947051536443
2004-06-07,309,2004-06-07,14.9545454545455,51.7272727272727,32.0454545454545,10.6818181818182,1229708.18181818,-2245247.72727273,3577,16.507936265814468,50.343224183633225,31.890978076239293
2004-06-15,310,2004-06-15,16.8181818181818,49.4090909090909,32.5909090909091,10.5909090909091,1229708.18181818,-2245247.72727273,3577,16.195335764711334,49.92107132945116,32.675055453969804
2004-07-09,311,2004-07-09,15.6818181818182,46.9545454545455,35.8636363636364,10.0454545454545,1229708.18181818,-2245247.72727273,3577,16.086852389094567,50.29953646479423,32.34358891530165
2004-07-17,312,2004-07-17,17.75,48.5,32.75,10.25,1229700.0,-2245305.0,3577,16.172051491989976,48.530394387479745,34.001617858635015
2004-07-25,313,2004-07-25,14.5909090909091,52.3181818181818,31.7272727272727,10.5,1229708.18181818,-2245247.72727273,3577,15.95586650191676,48.03874416815228,34.657309707596546
2004-08-02,314,2004-08-02,15.8181818181818,48.9545454545455,33.8636363636364,10.1818181818182,1229708.18181818,-2245247.72727273,3577,15.16991244752769,48.410306956616225,35.02859645631077
2004-08-10,315,2004-08-10,14.1818181818182,45.7727272727273,38.5,9.90909090909091,1229708.18181818,-2245247.72727273,3577,14.583470673709135,49.48038759368234,34.507880681795456
2004-08-18,316,2004-08-18,13.9090909090909,49.1363636363636,35.5,9.95454545454546,1229708.18181818,-2245247.72727273,3577,13.769227465468017,49.64601279665271,35.20736651470715
2004-08-26,317,2004-08-26,14.0,48.8181818181818,35.9090909090909,9.63636363636364,1229708.18181818,-2245247.72727273,3577,13.236072434459128,50.38385019497059,35.052154554559245
2004-09-03,318,2004-09-03,11.375,57.5625,29.6875,7.625,1229726.25,-2245250.625,3577,12.640933686351152,51.26141918522592,34.824020494698516
2004-09-11,319,2004-09-11,12.1363636363636,50.3636363636364,36.5454545454545,9.59090909090909,1229708.18181818,-2245247.72727273,3577,12.691825378391165,52.41301888724059,33.718792026291204
2004-09-19,320,2004-09-19,14.2142857142857,50.8571428571429,33.7142857142857,9.64285714285714,1229710.71428571,-2245272.85714286,3577,12.344503652832795,52.48428204218303,33.99314638358599
2004-09-27,321,2004-09-27,11.1818181818182,51.3636363636364,36.3636363636364,9.45454545454546,1229708.18181818,-2245247.72727273,3577,12.15665058976868,52.873807149077216,33.79023968220971
2004-10-05,322,2004-10-05,11.7727272727273,57.8636363636364,28.9090909090909,9.40909090909091,1229708.18181818,-2245247.72727273,3577,11.755157908512482,52.72615885028905,34.285529784733065
2004-10-13,323,2004-10-13,12.2727272727273,50.5,36.0454545454545,8.95454545454546,1229708.18181818,-2245247.72727273,3577,11.686355615955616,53.67432685172177,33.384669387039125
2004-10-21,324,2004-10-21,11.7272727272727,52.7727272727273,34.1363636363636,8.81818181818182,1229708.18181818,-2245247.72727273,3577,11.668547607752167,54.744223339275706,32.29684802953387
2004-10-29,325,2004-10-29,9.95454545454546,56.1818181818182,32.6363636363636,8.86363636363636,1229708.18181818,-2245247.72727273,3577,11.217882701310511,56.728487474380366,30.72765664886299
2004-11-06,326,2004-11-06,11.6363636363636,62.3636363636364,24.7727272727273,9.68181818181818,1229708.18181818,-2245247.72727273,3577,11.322012915312643,56.94636857653177,30.4405771543356
2004-11-14,327,2004-11-14,12.5454545454545,53.7727272727273,32.3181818181818,9.27272727272727,1229708.18181818,-2245247.72727273,3577,11.73835958581067,57.058474174283276,29.90878977481401
2004-11-22,328,2004-11-22,12.2857142857143,59.1428571428571,27.2857142857143,9.71428571428571,1229710.71428571,-2245272.85714286,3577,12.030742617920652,56.989222570272304,29.704259679241183
2004-11-30,329,2004-11-30,11.1818181818182,55.5454545454545,31.8636363636364,9.31818181818182,1229708.18181818,-2245247.72727273,3577,12.234933796851461,57.6644955101103,28.798569570026025
2004-12-16,330,2004-12-16,12.2272727272727,56.6818181818182,29.9090909090909,9.36363636363636,1229708.18181818,-2245247.72727273,3577,12.644242683855204,56.42619989072844,29.635774758589086
2005-01-17,331,2005-01-17,13.9090909090909,55.6363636363636,29.1818181818182,8.72727272727273,1229708.18181818,-2245247.72727273,3577,12.58286049722675,56.78651688867556,29.28702387536034
2005-02-18,332,2005-02-18,12.3181818181818,58.1363636363636,28.1818181818182,9.95454545454546,1229708.18181818,-2245247.72727273,3577,12.323231407586608,57.08761752807355,29.26076632138802
2005-02-26,333,2005-02-26,12.0,58.9090909090909,27.7272727272727,10.2727272727273,1229708.18181818,-2245247.72727273,3577,12.30433366901121,57.96897496635045,28.404299943359618
2005-03-06,334,2005-03-06,11.0,58.6818181818182,28.9090909090909,9.63636363636364,1229708.18181818,-2245247.72727273,3577,11.89242728182716,58.184154622872114,28.548759486647388
2005-03-14,335,2005-03-14,12.75,56.5,29.375,9.8125,1229715.0,-2245230.0,3577,11.406000900473623,58.942539579912605,28.32361886759363
2005-03-22,336,2005-03-22,10.0454545454545,61.2727272727273,27.3636363636364,9.77272727272727,1229708.18181818,-2245247.72727273,3577,11.125095327346113,59.34743427462858,28.138995247145314
2005-03-30,337,2005-03-30,11.3636363636364,55.7272727272727,31.6818181818182,9.54545454545454,1229708.18181818,-2245247.72727273,3577,10.638747934403698,59.31468218871514,28.667224168353997
2005-04-07,338,2005-04-07,9.86363636363636,61.6363636363636,26.9545454545455,9.22727272727273,1229708.18181818,-2245247.72727273,3577,10.317511067927562,57.71529541838565,30.587159268765966
2005-04-15,339,2005-04-15,9.58823529411765,57.5882352941176,31.4117647058824,9.82352941176471,1229713.23529412,-2245232.64705882,3577,9.94772735666363,56.61826235219868,32.02083092855743
2005-04-23,340,2005-04-23,10.7272727272727,54.5,33.5,9.59090909090909,1229708.18181818,-2245247.72727273,3577,9.266922478357985,55.718463724889475,33.60258157513911
2005-05-01,341,2005-05-01,8.36363636363636,54.7727272727273,35.0909090909091,9.63636363636364,1229708.18181818,-2245247.72727273,3577,8.727961914907015,54.1595156201311,35.713328957175136
2005-05-09,342,2005-05-09,7.0,50.0,42.0,7.0,1229715.0,-2245185.0,3577,8.714843673568216,53.53089319538785,36.35239685398079
2005-05-17,343,2005-05-17,9.90909090909091,54.0909090909091,34.5,9.90909090909091,1229708.18181818,-2245247.72727273,3577,8.458049541391262,54.76333572719403,35.41096984338288
2005-05-25,344,2005-05-25,7.90909090909091,59.0454545454545,31.6363636363636,9.90909090909091,1229708.18181818,-2245247.72727273,3577,8.208819164642346,54.452971402771624,35.99801850232804
2005-06-02,345,2005-06-02,7.25,54.125,37.375,9.5,1229700.0,-2245290.0,3577,8.04951959763432,55.87336170682673,34.69267625182364
2005-06-10,346,2005-06-10,9.72727272727273,55.0909090909091,33.6818181818182,9.77272727272727,1229708.18181818,-2245247.72727273,3577,7.912773725668854,56.364150627678825,34.32516343567178
2005-07-04,347,2005-07-04,7.68181818181818,59.2727272727273,31.5909090909091,10.3181818181818,1229708.18181818,-2245247.72727273,3577,7.944437774439402,55.53477411976443,35.094914373546885
2005-07-12,348,2005-07-12,6.59090909090909,52.1818181818182,39.9090909090909,10.0454545454545,1229708.18181818,-2245247.72727273,3577,7.952900533183611,54.4391799798769,36.11379800188013
2005-07-28,349,2005-07-28,7.68181818181818,49.5909090909091,41.1363636363636,9.77272727272727,1229708.18181818,-2245247.72727273,3577,7.751664111288623,52.43360309124374,38.37693916693483
2005-08-05,350,2005-08-05,9.45454545454546,56.9090909090909,32.1363636363636,10.0909090909091,1229708.18181818,-2245247.72727273,3577,8.242840188237212,51.67065382548005,38.61093821039064
2005-08-13,351,2005-08-13,7.77272727272727,47.4090909090909,43.4545454545455,9.86363636363636,1229708.18181818,-2245247.72727273,3577,8.621252469266942,50.54807060843456,39.39567796870895
2005-08-29,352,2005-08-29,9.54545454545454,48.9090909090909,40.0909090909091,9.95454545454546,1229708.18181818,-2245247.72727273,3577,8.939910919363562,49.316003761218724,40.34045615937077
2005-09-06,353,2005-09-06,9.04545454545454,52.3181818181818,37.2727272727273,9.59090909090909,1229708.18181818,-2245247.72727273,3577,9.405233733335333,50.03651695896936,39.16028511313601
2005-09-14,354,2005-09-14,8.31818181818182,49.6818181818182,40.6363636363636,9.31818181818182,1229708.18181818,-2245247.72727273,3577,9.21799087018481,51.29222752104056,38.09173803023502
2005-09-22,355,2005-09-22,10.7272727272727,52.0454545454545,35.7727272727273,9.40909090909091,1229708.18181818,-2245247.72727273,3577,8.754883590936311,52.249736753528566,37.584253629843296
2005-09-30,356,2005-09-30,7.77272727272727,51.8636363636364,39.0,9.36363636363636,1229708.18181818,-2245247.72727273,3577,8.382993097528846,53.39752479436456,36.76226630110123
2005-10-08,357,2005-10-08,7.08333333333333,59.6666666666667,31.6666666666667,9.0,1229702.5,-2245277.5,3577,7.71674008044565,57.21694887342781,33.59318760795884
2005-10-16,358,2005-10-16,7.86363636363636,57.5,33.2272727272727,9.36363636363636,1229708.18181818,-2245247.72727273,3577,7.3615964905709035,56.37766305370305,34.80608166577251
2005-11-01,359,2005-11-01,7.04545454545455,55.1818181818182,36.2727272727273,9.31818181818182,1229708.18181818,-2245247.72727273,3577,8.265325864677296,56.472569226430764,33.85793646263167
2005-11-09,360,2005-11-09,7.54545454545455,60.1818181818182,30.9545454545455,9.40909090909091,1229708.18181818,-2245247.72727273,3577,7.658042515696868,58.606783918765046,32.37607570213337
2005-11-17,361,2005-11-17,8.36363636363636,58.6363636363636,31.7272727272727,8.81818181818182,1229708.18181818,-2245247.72727273,3577,5.939962256524831,60.97880972577502,31.77453735868686
2005-11-25,362,2005-11-25,9.59090909090909,59.8636363636364,29.2727272727273,10.2272727272727,1229708.18181818,-2245247.72727273,3577,7.574044423536662,61.88463867494748,29.252991824757807
2005-12-11,363,2005-12-11,12.7272727272727,51.7727272727273,34.2727272727273,9.54545454545454,1229708.18181818,-2245247.72727273,3577,12.094932634052679,59.869295697882336,26.765484413946517
2005-12-27,364,2005-12-27,11.3333333333333,73.6666666666667,13.6666666666667,12.0,1229685.0,-2245305.0,3577,18.253423024107022,56.40141460939944,23.99016360316313
2006-01-20,365,2006-01-20,15.5454545454545,56.7727272727273,26.2272727272727,9.54545454545454,1229708.18181818,-2245247.72727273,3577,23.811979698691573,52.692925050361595,22.151581086140126
2006-02-05,366,2006-02-05,36.4545454545455,40.1363636363636,22.1818181818182,10.8181818181818,1229708.18181818,-2245247.72727273,3577,29.10185609805213,48.835852735929876,20.760548829782998
2006-02-13,367,2006-02-13,45.6363636363636,35.0,18.0,12.8181818181818,1229708.18181818,-2245247.72727273,3577,32.59129092128886,43.00481913245133,23.177603286099682
2006-02-21,368,2006-02-21,30.2727272727273,41.7272727272727,26.8181818181818,10.3636363636364,1229708.18181818,-2245247.72727273,3577,33.246683656895414,41.10970242815956,24.477316800842534
2006-03-01,369,2006-03-01,24.1111111111111,48.5555555555556,26.2222222222222,9.77777777777778,1229708.33333333,-2245288.33333333,3577,31.186758811437517,42.326826580549515,25.361877841328013
2006-03-09,370,2006-03-09,25.5,47.9545454545455,25.8181818181818,12.1818181818182,1229708.18181818,-2245247.72727273,3577,27.756662092008348,44.41817250203866,26.731786414163484
2006-03-17,371,2006-03-17,28.5909090909091,39.4545454545455,30.6363636363636,10.6363636363636,1229708.18181818,-2245247.72727273,3577,24.00088854760604,48.94997201877982,25.922870215435985
2006-04-02,372,2006-04-02,20.5454545454545,48.4090909090909,29.7272727272727,10.0,1229708.18181818,-2245247.72727273,3577,22.545756132721515,49.302656126741105,26.97612779064668
2006-04-10,373,2006-04-10,23.5909090909091,64.5,10.6818181818182,12.8636363636364,1229708.18181818,-2245247.72727273,3577,24.954133351399534,47.37602059259106,26.454686789892506
2006-04-26,374,2006-04-26,27.8181818181818,37.1818181818182,33.8181818181818,10.4090909090909,1229708.18181818,-2245247.72727273,3577,27.913904371260173,45.55688911894256,25.26739012933399
2006-05-04,375,2006-05-04,30.3571428571429,38.5,29.9285714285714,11.0714285714286,1229710.71428571,-2245272.85714286,3577,28.109486379394937,44.39690229712083,26.253627943182124
2006-05-12,376,2006-05-12,29.0909090909091,43.9545454545455,25.6818181818182,10.7272727272727,1229708.18181818,-2245247.72727273,3577,28.03795463378496,43.846863053442505,26.91041152298841
2006-05-20,377,2006-05-20,27.5,45.8181818181818,25.5454545454545,11.0909090909091,1229708.18181818,-2245247.72727273,3577,27.39681778958039,43.88705299765721,27.556202171030584
2006-05-28,378,2006-05-28,25.1818181818182,46.1818181818182,27.4090909090909,11.0909090909091,1229708.18181818,-2245247.72727273,3577,26.235628781571968,43.68146636644437,28.861706334752963
2006-06-05,379,2006-06-05,22.7727272727273,46.7727272727273,29.2727272727273,11.1818181818182,1229708.18181818,-2245247.72727273,3577,23.16050512954194,46.81072628468495,28.7398320789778
2006-06-13,380,2006-06-13,20.3636363636364,46.5454545454545,31.7727272727273,10.3181818181818,1229708.18181818,-2245247.72727273,3577,21.16750354907936,50.35929461756179,27.14037028268259
2006-06-21,381,2006-06-21,21.1818181818182,51.2727272727273,26.0909090909091,11.0454545454545,1229708.18181818,-2245247.72727273,3577,20.15715574883584,48.96338315497448,29.546529954701736
2006-06-29,382,2006-06-29,18.2727272727273,50.5454545454545,29.8181818181818,10.4545454545455,1229708.18181818,-2245247.72727273,3577,19.35926605058038,48.922733964592666,30.39491868952434
2006-07-07,383,2006-07-07,19.6818181818182,47.5,31.5,10.6363636363636,1229708.18181818,-2245247.72727273,3577,18.683637780736053,49.06148650110765,30.956545143565574
2006-07-31,384,2006-07-31,17.2727272727273,50.9090909090909,30.5909090909091,10.7272727272727,1229708.18181818,-2245247.72727273,3577,17.92921720834486,48.73207857438763,32.089279915126504
2006-08-08,385,2006-08-08,19.25,44.85,34.85,10.6,1229712.0,-2245242.0,3577,17.436470017455317,48.53267513515874,32.81776761093748
2006-08-24,386,2006-08-24,15.3181818181818,48.7727272727273,34.7272727272727,10.3636363636364,1229708.18181818,-2245247.72727273,3577,16.234153054935874,48.74114901422083,33.85527299887897
2006-09-01,387,2006-09-01,14.1818181818182,51.5,33.0,10.2727272727273,1229708.18181818,-2245247.72727273,3577,15.29176073012037,49.35368810755072,34.161302671429844
2006-09-09,388,2006-09-09,15.6363636363636,48.7727272727273,34.3636363636364,10.2727272727273,1229708.18181818,-2245247.72727273,3577,14.830527831299584,50.088903005233846,33.848272119094524
2006-09-17,389,2006-09-17,14.0454545454545,51.0909090909091,33.6363636363636,9.63636363636364,1229708.18181818,-2245247.72727273,3577,14.177953133270444,50.22733915394298,34.34634426929157
2006-09-25,390,2006-09-25,14.2272727272727,52.4545454545455,32.0909090909091,9.72727272727273,1229708.18181818,-2245247.72727273,3577,13.894363376559433,50.326901033099546,34.51772765652071
2006-10-03,391,2006-10-03,12.0909090909091,50.7272727272727,35.9090909090909,9.36363636363636,1229708.18181818,-2245247.72727273,3577,13.547173766282357,51.94689605355872,33.236619698900135
2006-10-11,392,2006-10-11,15.9545454545455,50.4545454545455,32.2727272727273,9.36363636363636,1229708.18181818,-2245247.72727273,3577,13.593430844413902,53.656141564591195,31.532637148942605
2006-10-19,393,2006-10-19,12.3636363636364,52.2272727272727,34.2727272727273,9.31818181818182,1229708.18181818,-2245247.72727273,3577,13.377244483631465,53.26479149895186,32.128388498634195
2006-10-27,394,2006-10-27,12.1363636363636,57.5909090909091,29.0,9.40909090909091,1229708.18181818,-2245247.72727273,3577,12.851534899098427,54.280449497018935,31.590125748156492
2006-11-04,395,2006-11-04,13.0909090909091,58.7727272727273,26.8181818181818,10.0454545454545,1229708.18181818,-2245247.72727273,3577,12.669485454031824,55.77976751646058,30.252149764106967
2006-11-12,396,2006-11-12,13.4090909090909,56.2727272727273,29.0454545454545,9.54545454545454,1229708.18181818,-2245247.72727273,3577,12.844883374433934,55.99912808834012,29.82496225980158
2006-11-20,397,2006-11-20,13.1363636363636,49.5,36.0909090909091,9.13636363636364,1229708.18181818,-2245247.72727273,3577,13.179026293153218,55.642668758196635,29.84901166944063
2006-11-28,398,2006-11-28,13.2727272727273,50.9545454545455,34.2272727272727,9.27272727272727,1229708.18181818,-2245247.72727273,3577,12.82714597532869,56.09391649722927,29.79145073895541
2006-12-06,399,2006-12-06,13.8181818181818,66.5909090909091,18.4090909090909,10.6818181818182,1229708.18181818,-2245247.72727273,3577,15.171073789703673,53.414175748251665,30.158468466513487
2006-12-14,400,2006-12-14,18.9545454545455,47.3636363636364,32.5909090909091,9.54545454545454,1229708.18181818,-2245247.72727273,3577,18.005448955769957,49.68088328782776,31.14999143833466
2006-12-22,401,2006-12-22,19.3636363636364,45.0,34.5,9.5,1229708.18181818,-2245247.72727273,3577,20.533660119781466,48.69421881242152,29.655825176788937
2006-12-30,402,2006-12-30,20.7272727272727,52.3636363636364,25.9090909090909,10.0,1229708.18181818,-2245247.72727273,3577,23.225948130110172,48.12175075135235,27.562320032904154
2007-01-15,403,2007-01-15,27.2727272727273,44.2727272727273,27.2727272727273,8.59090909090909,1229708.18181818,-2245247.72727273,3577,25.198136510263353,47.76674493532772,25.90516041796264
2007-01-23,404,2007-01-23,32.5,37.1363636363636,29.0909090909091,10.3181818181818,1229708.18181818,-2245247.72727273,3577,25.65398392769245,47.82356877571473,25.327174514195804
2007-03-04,405,2007-03-04,19.8636363636364,59.7272727272727,19.2727272727273,10.8181818181818,1229708.18181818,-2245247.72727273,3577,25.1960964731825,48.73694838794026,24.75477927644743
2007-03-12,406,2007-03-12,21.1363636363636,58.5,18.8636363636364,11.1818181818182,1229708.18181818,-2245247.72727273,3577,23.6304216470238,51.88989113896866,23.121472251359048
2007-03-20,407,2007-03-20,24.3636363636364,45.3636363636364,28.8636363636364,10.5909090909091,1229708.18181818,-2245247.72727273,3577,21.75906797958261,51.2629741494005,25.57981281313294
2007-03-28,408,2007-03-28,18.8181818181818,50.6818181818182,29.0454545454545,10.3636363636364,1229708.18181818,-2245247.72727273,3577,19.615311792060915,51.7750106634071,27.208278071488184
2007-04-05,409,2007-04-05,18.0909090909091,50.3181818181818,30.3181818181818,10.0,1229708.18181818,-2245247.72727273,3577,17.882439541879595,52.735617183259194,27.977351384890106
2007-04-13,410,2007-04-13,18.4545454545455,50.8636363636364,29.2272727272727,9.68181818181818,1229708.18181818,-2245247.72727273,3577,17.13538052153051,51.203184234839966,30.266043694550277
2007-04-29,411,2007-04-29,15.1363636363636,55.4090909090909,28.1363636363636,9.68181818181818,1229708.18181818,-2245247.72727273,3577,16.910450933808946,50.36966917123777,31.327812632057864
2007-05-07,412,2007-05-07,16.5909090909091,49.7272727272727,32.2727272727273,9.95454545454546,1229708.18181818,-2245247.72727273,3577,16.061940170719083,51.284119155065596,31.30346668060807
2007-05-15,413,2007-05-15,16.0454545454545,55.2272727272727,27.3636363636364,9.95454545454546,1229708.18181818,-2245247.72727273,3577,16.227725019138283,52.36658323381433,30.024918987565783
2007-05-23,414,2007-05-23,15.0,49.4285714285714,34.1428571428571,9.42857142857143,1229693.57142857,-2245292.14285714,3577,16.2480814991345,53.29086449716104,29.124838291453706
2007-05-31,415,2007-05-31,16.5909090909091,51.5454545454545,30.6818181818182,10.1818181818182,1229708.18181818,-2245247.72727273,3577,15.392395670749668,55.393124841188595,27.927164963749586
2007-06-08,416,2007-06-08,17.2272727272727,57.6818181818182,23.7272727272727,12.5909090909091,1229708.18181818,-2245247.72727273,3577,14.807694275887933,56.58730855408871,27.352541069958882
2007-06-16,417,2007-06-16,14.1363636363636,56.8181818181818,27.8636363636364,14.0454545454545,1229708.18181818,-2245247.72727273,3577,14.329173219123227,56.486404954451665,27.905660761975202
2007-06-24,418,2007-06-24,10.6,64.5333333333333,23.5333333333333,20.9333333333333,1229699.0,-2245265.0,3577,13.587512079812335,55.13001979256432,29.97949511319455
2007-07-02,419,2007-07-02,13.3636363636364,49.1818181818182,36.2727272727273,11.1363636363636,1229708.18181818,-2245247.72727273,3577,13.650761987799086,51.980366523420955,32.98779956322385
2007-07-10,420,2007-07-10,16.0909090909091,44.3181818181818,38.0,10.9090909090909,1229708.18181818,-2245247.72727273,3577,14.614800552667798,49.09626041000202,34.89445630361236
2007-07-18,421,2007-07-18,16.4545454545455,43.0,39.0,10.4545454545455,1229708.18181818,-2245247.72727273,3577,16.519961954732942,44.014193119942234,38.015836705740945
2007-08-03,422,2007-08-03,17.3636363636364,41.6818181818182,39.5454545454545,9.5,1229708.18181818,-2245247.72727273,3577,18.42609269424363,41.271584241814494,38.8473254159236
2007-08-11,423,2007-08-11,19.4090909090909,43.3181818181818,35.9090909090909,10.6818181818182,1229708.18181818,-2245247.72727273,3577,19.538681582979255,41.89415445235254,37.11848078743103
2007-08-27,424,2007-08-27,21.7272727272727,43.5909090909091,33.3181818181818,10.1363636363636,1229708.18181818,-2245247.72727273,3577,19.639215063008912,42.0659505378694,36.91960223376783
2007-09-12,425,2007-09-12,20.75,42.75,35.25,9.75,1229700.0,-2245305.0,3577,19.20468575893282,45.20250738565572,34.26067494283982
2007-09-20,426,2007-09-20,17.0454545454545,44.4545454545455,36.9545454545455,10.3636363636364,1229708.18181818,-2245247.72727273,3577,19.153592080587522,45.754948295435426,33.86142133267297
2007-09-28,427,2007-09-28,15.2727272727273,53.6818181818182,30.0,9.5,1229708.18181818,-2245247.72727273,3577,18.19202188185873,48.0522546690502,32.53634024292138
2007-10-06,428,2007-10-06,18.8636363636364,45.7272727272727,34.2272727272727,10.0909090909091,1229708.18181818,-2245247.72727273,3577,17.052556119644755,48.82881230083569,32.862498428951454
2007-10-14,429,2007-10-14,19.9090909090909,44.0,34.8636363636364,9.90909090909091,1229708.18181818,-2245247.72727273,3577,16.805470106867826,48.23588158955438,33.70279084129551
2007-11-15,430,2007-11-15,18.7272727272727,56.5909090909091,23.4090909090909,10.4545454545455,1229708.18181818,-2245247.72727273,3577,18.940808640179583,49.29137000769391,30.533064283024537
2007-12-01,431,2007-12-01,18.6363636363636,43.5,36.6818181818182,9.77272727272727,1229708.18181818,-2245247.72727273,3577,21.745635388469175,47.99301589675203,29.045954420844534
2007-12-17,432,2007-12-17,21.3571428571429,49.0,28.1428571428571,10.3571428571429,1229710.71428571,-2245272.85714286,3577,24.767459449731287,46.21854193043342,27.81273092935357
2008-01-02,433,2008-01-02,31.125,36.875,30.875,11.125,1229703.75,-2245203.75,3577,27.6750437033607,42.51235680305549,28.58814872855397
2008-01-18,434,2008-01-18,33.7727272727273,46.5,18.8636363636364,10.7272727272727,1229708.18181818,-2245247.72727273,3577,30.783211975967028,40.268647491446146,27.78332424915883
2008-01-26,435,2008-01-26,34.0454545454545,41.7272727272727,23.0,11.3181818181818,1229708.18181818,-2245247.72727273,3577,33.50367410991736,36.41577429981051,28.92776643564277
2008-02-03,436,2008-02-03,29.8571428571429,26.5714285714286,42.2857142857143,18.0,1229704.28571429,-2245262.14285714,3577,34.66266013046386,36.694690652713604,27.490249582948827
2008-02-19,437,2008-02-19,35.7777777777778,39.6666666666667,23.3333333333333,11.7777777777778,1229708.33333333,-2245288.33333333,3577,34.190289910697125,39.21003111485921,25.417622753919275
2008-03-06,438,2008-03-06,34.0,37.3333333333333,27.5,11.0,1229690.0,-2245295.0,3577,32.76099031140055,40.82170895760915,25.223347191785592
2008-03-14,439,2008-03-14,31.2272727272727,52.2727272727273,15.3636363636364,10.9090909090909,1229708.18181818,-2245247.72727273,3577,30.654053283235292,45.36993037921154,22.7369998422596
2008-03-22,440,2008-03-22,27.5454545454545,47.8636363636364,23.3181818181818,11.0909090909091,1229708.18181818,-2245247.72727273,3577,29.371204619405958,48.56477073212205,20.84626285853809
2008-03-30,441,2008-03-30,27.4090909090909,56.5909090909091,14.7727272727273,9.59090909090909,1229708.18181818,-2245247.72727273,3577,27.172862131766035,52.279003246487704,19.354600226677256
2008-04-07,442,2008-04-07,26.0909090909091,44.0454545454545,28.6363636363636,10.6363636363636,1229708.18181818,-2245247.72727273,3577,25.179230235939116,52.52429121679673,21.057787132650283
2008-04-15,443,2008-04-15,23.3636363636364,54.4090909090909,21.0454545454545,10.1363636363636,1229708.18181818,-2245247.72727273,3577,23.35012822183879,50.6921370964076,24.683686910702633
2008-05-01,444,2008-05-01,21.4545454545455,52.7727272727273,24.4090909090909,10.1818181818182,1229708.18181818,-2245247.72727273,3577,23.050130327498138,49.62090901873442,26.048013202667335
2008-05-09,445,2008-05-09,23.1818181818182,44.2727272727273,31.2727272727273,9.59090909090909,1229708.18181818,-2245247.72727273,3577,22.262981741025158,47.78947958879695,28.679707289610125
2008-05-25,446,2008-05-25,20.7272727272727,47.5454545454545,30.4545454545455,9.27272727272727,1229708.18181818,-2245247.72727273,3577,22.02365042781264,48.74728395724008,27.98535506148373
2008-06-10,447,2008-06-10,23.8181818181818,48.1818181818182,26.7272727272727,10.8181818181818,1229708.18181818,-2245247.72727273,3577,21.18788013749701,48.40047601333116,29.147409912533625
2008-06-26,448,2008-06-26,19.8,50.6,28.4,10.2,1229703.0,-2245284.0,3577,20.60323037502576,48.10496809691139,30.016186290485223
2008-07-12,449,2008-07-12,19.3636363636364,47.0,32.4090909090909,10.5909090909091,1229708.18181818,-2245247.72727273,3577,19.621004382611346,48.04619908658032,31.045171546714897
2008-07-28,450,2008-07-28,18.0454545454545,51.3636363636364,29.2727272727273,11.4545454545455,1229708.18181818,-2245247.72727273,3577,18.529322117976808,49.14012575284006,31.04832492771797
2008-08-13,451,2008-08-13,19.1363636363636,48.9545454545455,30.5454545454545,10.9545454545455,1229708.18181818,-2245247.72727273,3577,17.61007104350493,50.01615356216357,31.090828816548907
2008-08-21,452,2008-08-21,14.5909090909091,44.2727272727273,39.7727272727273,14.0,1229708.18181818,-2245247.72727273,3577,17.212654500014708,48.71375767491001,32.80231561289332
2008-08-29,453,2008-08-29,18.5238095238095,51.5238095238095,28.8095238095238,10.4761904761905,1229710.71428571,-2245245.0,3577,17.134782882936797,49.01570081104954,32.59715040564541
2008-09-14,454,2008-09-14,16.8636363636364,54.1818181818182,27.7727272727273,10.0909090909091,1229708.18181818,-2245247.72727273,3577,17.384152436359237,49.091527667371736,32.28494331449098
2008-09-22,455,2008-09-22,18.0454545454545,43.4545454545455,37.3181818181818,10.1818181818182,1229708.18181818,-2245247.72727273,3577,17.490066083646365,48.33710660293109,32.96487104226549
2008-09-30,456,2008-09-30,16.7727272727273,50.7727272727273,31.1818181818182,10.0909090909091,1229708.18181818,-2245247.72727273,3577,16.578353863040395,48.59336333990831,33.60713566384328
2008-10-08,457,2008-10-08,16.7727272727273,45.6363636363636,36.3181818181818,9.95454545454546,1229708.18181818,-2245247.72727273,3577,16.783910151202896,49.60444396582132,32.39063357132111
2008-10-16,458,2008-10-16,16.1818181818182,53.9545454545455,28.6818181818182,9.86363636363636,1229708.18181818,-2245247.72727273,3577,15.619810670610484,50.1051259463794,33.062847931686235
2008-10-24,459,2008-10-24,14.5,46.2727272727273,38.0,9.59090909090909,1229708.18181818,-2245247.72727273,3577,14.795292567454732,49.96906672461795,34.046406918903955
2008-11-01,460,2008-11-01,16.4090909090909,51.7727272727273,30.6818181818182,9.59090909090909,1229708.18181818,-2245247.72727273,3577,15.489363437011004,50.731932998038545,32.618678816253464
2008-11-17,461,2008-11-17,15.6818181818182,55.5454545454545,27.5909090909091,9.81818181818182,1229708.18181818,-2245247.72727273,3577,17.963785651441306,49.93184376838287,30.937307977691763
2008-12-03,462,2008-12-03,24.1818181818182,44.3181818181818,30.5,13.2272727272727,1229708.18181818,-2245247.72727273,3577,22.006565908054338,48.05650696052454,28.79848606220255
2008-12-27,463,2008-12-27,19.7727272727273,45.7272727272727,33.2272727272727,10.0,1229708.18181818,-2245247.72727273,3577,26.688357027151262,46.80686714073292,25.326380346359667
2009-02-05,464,2009-02-05,36.8636363636364,43.6363636363636,18.2272727272727,12.7727272727273,1229708.18181818,-2245247.72727273,3577,31.428287937782272,43.876407929244024,23.456769377537036
2009-03-01,465,2009-03-01,35.2727272727273,43.9545454545455,19.5,12.6818181818182,1229708.18181818,-2245247.72727273,3577,34.59166508976013,43.03874685685187,21.121586266249565
2009-03-09,466,2009-03-09,38.4090909090909,41.8636363636364,18.5454545454545,11.3636363636364,1229708.18181818,-2245247.72727273,3577,35.903201779920316,41.95989051758198,20.883278837680418
2009-03-17,467,2009-03-17,33.6363636363636,44.7272727272727,20.4090909090909,11.8636363636364,1229708.18181818,-2245247.72727273,3577,35.77868767876677,42.55471583018091,20.405677913414785
2009-03-25,468,2009-03-25,33.25,39.75,25.5,11.0,1229700.0,-2245305.0,3577,33.7696689041277,44.04913500515151,20.903425310965098
2009-04-02,469,2009-04-02,30.2727272727273,45.0,23.6363636363636,11.0909090909091,1229708.18181818,-2245247.72727273,3577,31.445969144838646,44.56074776615907,22.709399578746027
2009-04-18,470,2009-04-18,27.7727272727273,50.4545454545455,20.5909090909091,11.2272727272727,1229708.18181818,-2245247.72727273,3577,28.023995495072086,46.324805225727104,24.340078862872858
2009-04-26,471,2009-04-26,28.5714285714286,45.1428571428571,24.7857142857143,10.7142857142857,1229710.71428571,-2245272.85714286,3577,26.944022203517193,47.841400578024455,23.870870334277967
2009-05-04,472,2009-05-04,25.6363636363636,48.6818181818182,24.2727272727273,9.22727272727273,1229708.18181818,-2245247.72727273,3577,25.439439746852216,49.15202353232862,24.073802358628487
2009-05-20,473,2009-05-20,23.1363636363636,51.4545454545455,24.1363636363636,11.7272727272727,1229708.18181818,-2245247.72727273,3577,24.492585517490383,50.15912872659945,24.048077028512495
2009-05-28,474,2009-05-28,23.65,49.9,25.2,11.35,1229709.0,-2245254.0,3577,23.17765014326727,51.08203530215153,24.463024507152568
2009-06-05,475,2009-06-05,22.5,51.4545454545455,24.8181818181818,11.5,1229708.18181818,-2245247.72727273,3577,22.646907975218685,50.016013187480546,26.059661841110245
2009-06-13,476,2009-06-13,22.8636363636364,49.5909090909091,26.2727272727273,11.5454545454545,1229708.18181818,-2245247.72727273,3577,21.913508248011023,50.15007550849752,26.7216287793225
2009-06-21,477,2009-06-21,20.9090909090909,50.5,27.5,10.4090909090909,1229708.18181818,-2245247.72727273,3577,21.376449542573567,50.80591741497258,26.615943442987028
2009-06-29,478,2009-06-29,20.6363636363636,50.1363636363636,27.9090909090909,10.9090909090909,1229708.18181818,-2245247.72727273,3577,21.388476215590952,49.57756021067972,27.817737848974904
2009-07-07,479,2009-07-07,21.7727272727273,47.5909090909091,29.3636363636364,11.0909090909091,1229708.18181818,-2245247.72727273,3577,20.948077857967768,49.32520080537918,28.4904140891433
2009-07-15,480,2009-07-15,21.4090909090909,48.1363636363636,29.2272727272727,11.1818181818182,1229708.18181818,-2245247.72727273,3577,21.18325299805421,48.62922006222715,28.921838926619294
2009-07-23,481,2009-07-23,19.7272727272727,52.7727272727273,26.3181818181818,10.7272727272727,1229708.18181818,-2245247.72727273,3577,21.32937446735327,47.859770823034154,29.55348479271483
2009-07-31,482,2009-07-31,21.6818181818182,45.2727272727273,31.7727272727273,10.3636363636364,1229708.18181818,-2245247.72727273,3577,20.796736334307116,47.184145575779425,30.776943152536646
2009-08-08,483,2009-08-08,21.0,43.8636363636364,33.8636363636364,10.4090909090909,1229708.18181818,-2245247.72727273,3577,20.313029076183952,47.41960699024446,31.039390527846358
2009-08-16,484,2009-08-16,19.8636363636364,49.7727272727273,29.0454545454545,10.5,1229708.18181818,-2245247.72727273,3577,19.70691073631957,47.11782518072275,31.978457090329595
2009-08-24,485,2009-08-24,19.9545454545455,45.7727272727273,33.1818181818182,9.95454545454546,1229708.18181818,-2245247.72727273,3577,19.03077277352255,47.29959612579228,32.43759139818323
2009-09-01,486,2009-09-01,15.0,50.4090909090909,33.5,17.6818181818182,1229708.18181818,-2245247.72727273,3577,18.13781026178731,48.279779325648846,32.36258534597482
2009-09-09,487,2009-09-09,18.3181818181818,49.4090909090909,30.9090909090909,9.86363636363636,1229708.18181818,-2245247.72727273,3577,17.92792164210418,49.206205137382696,31.627572680621704
2009-09-17,488,2009-09-17,19.4545454545455,51.7272727272727,27.5454545454545,9.68181818181818,1229708.18181818,-2245247.72727273,3577,17.24437243026911,52.11118546524466,29.398213663618765
2009-09-25,489,2009-09-25,16.7727272727273,48.7727272727273,33.1818181818182,9.27272727272727,1229708.18181818,-2245247.72727273,3577,17.08275583127567,53.6308979509012,28.02646340430891
2009-10-03,490,2009-10-03,15.8636363636364,58.8636363636364,24.0,9.09090909090909,1229708.18181818,-2245247.72727273,3577,17.144128350579344,53.82238860954469,27.79514817229837
2009-10-11,491,2009-10-11,17.4090909090909,55.8181818181818,25.6363636363636,9.22727272727273,1229708.18181818,-2245247.72727273,3577,16.91655506791594,55.65526192486836,26.166584098832963
2009-10-19,492,2009-10-19,18.2727272727273,55.6818181818182,24.6818181818182,9.13636363636364,1229708.18181818,-2245247.72727273,3577,16.587516149350414,57.9136555072463,24.260231416069587
2009-10-27,493,2009-10-27,13.8181818181818,60.8181818181818,24.2727272727273,8.81818181818182,1229708.18181818,-2245247.72727273,3577,17.395493903620324,55.45569384009972,25.921221529965873
2009-11-04,494,2009-11-04,18.9545454545455,51.0909090909091,28.6818181818182,9.22727272727273,1229708.18181818,-2245247.72727273,3577,17.483563463900584,56.434728480729206,24.82883162101681
2009-11-12,495,2009-11-12,17.0909090909091,59.1363636363636,22.4545454545455,9.36363636363636,1229708.18181818,-2245247.72727273,3577,16.932374863424805,59.375202246793165,22.450889700683568
2009-11-28,496,2009-11-28,16.3181818181818,66.0,16.2727272727273,9.90909090909091,1229708.18181818,-2245247.72727273,3577,15.57626037312399,61.41382332505734,21.72533987978776
2009-12-06,497,2009-12-06,18.4117647058824,55.1176470588235,25.4117647058824,10.0,1229713.23529412,-2245232.64705882,3577,15.04159566199706,64.41723398039383,19.24005692491029
2009-12-14,498,2009-12-14,16.0454545454545,59.1818181818182,23.4545454545455,8.77272727272727,1229708.18181818,-2245247.72727273,3577,16.246654150469546,64.47344987919512,18.00160662833199
2009-12-22,499,2009-12-22,9.0,88.5,1.16666666666667,6.0,1229755.0,-2245270.0,3577,18.33771143509947,62.75850385933718,17.5906773452566
2010-01-15,500,2010-01-15,23.3636363636364,49.2727272727273,26.0454545454545,10.5909090909091,1229708.18181818,-2245247.72727273,3577,20.64267618718396,59.134436596986326,18.97370180852786
2010-01-23,501,2010-01-23,25.6818181818182,48.1363636363636,24.8181818181818,10.6818181818182,1229708.18181818,-2245247.72727273,3577,23.951824710442686,53.78841276766832,21.022809734425586
2010-03-12,502,2010-03-12,30.0909090909091,51.0454545454545,17.8181818181818,11.4545454545455,1229708.18181818,-2245247.72727273,3577,26.140263851970026,50.315409958818925,22.274510035470904
2010-03-20,503,2010-03-20,28.0454545454545,43.9545454545455,26.6818181818182,10.5,1229708.18181818,-2245247.72727273,3577,27.82039449708444,48.02217533794107,22.861020397125635
2010-04-05,504,2010-04-05,24.8636363636364,48.7272727272727,25.0454545454545,8.90909090909091,1229708.18181818,-2245247.72727273,3577,27.840131990431637,45.94434864594439,24.89257626254985
2010-04-21,505,2010-04-21,25.2727272727273,49.0454545454545,24.5,11.8636363636364,1229708.18181818,-2245247.72727273,3577,25.910394772879798,47.25381370717215,25.46197506501528
2010-04-29,506,2010-04-29,24.3333333333333,52.5,21.5,11.0,1229690.0,-2245295.0,3577,23.295919153695657,51.52739226752831,23.790165253421353
2010-05-23,507,2010-05-23,22.7272727272727,49.6818181818182,26.1818181818182,11.8636363636364,1229708.18181818,-2245247.72727273,3577,22.832409945734373,49.55071314116018,26.25440150862478
2010-05-31,508,2010-05-31,23.0,48.6818181818182,27.0909090909091,12.0454545454545,1229708.18181818,-2245247.72727273,3577,22.82245440564179,49.65481062966737,26.178894213617184
2010-06-08,509,2010-06-08,20.2272727272727,47.9090909090909,30.5454545454545,11.9090909090909,1229708.18181818,-2245247.72727273,3577,22.985013182632557,47.687295575519435,28.033039935588285
2010-06-16,510,2010-06-16,24.4615384615385,48.1538461538462,26.3076923076923,12.0769230769231,1229708.07692308,-2245219.61538462,3577,22.45484855701237,47.629911883774774,28.65901168912278
2010-07-18,511,2010-07-18,23.7222222222222,48.0555555555556,26.9444444444444,11.5555555555556,1229710.0,-2245235.0,3577,21.468677577780433,49.25867795678057,28.052137578102744
2010-08-03,512,2010-08-03,21.5,48.4545454545455,28.7272727272727,11.3181818181818,1229708.18181818,-2245247.72727273,3577,22.03888520566406,49.88970771806852,26.87021135568004
2010-08-19,513,2010-08-19,20.3636363636364,52.5,25.8181818181818,11.4090909090909,1229708.18181818,-2245247.72727273,3577,21.366618208622867,52.61371974708783,24.81338380599737
2010-08-27,514,2010-08-27,18.2272727272727,52.7727272727273,27.9090909090909,10.4090909090909,1229708.18181818,-2245247.72727273,3577,20.601537746255282,54.303817893376575,23.885480045893452
2010-09-28,515,2010-09-28,22.2727272727273,65.4090909090909,11.1818181818182,12.4545454545455,1229708.18181818,-2245247.72727273,3577,21.034259915462258,54.67785985834921,23.041768539827416
2010-10-06,516,2010-10-06,23.4545454545455,45.7727272727273,29.4090909090909,10.8181818181818,1229708.18181818,-2245247.72727273,3577,20.931031394720918,54.52843127413098,23.231918002249465
2010-10-22,517,2010-10-22,23.6363636363636,52.6363636363636,22.4545454545455,11.5,1229708.18181818,-2245247.72727273,3577,22.868467500946636,53.19065877987121,22.612562973551796
2010-10-30,518,2010-10-30,18.1363636363636,58.4090909090909,22.0909090909091,11.0909090909091,1229708.18181818,-2245247.72727273,3577,24.201365114407537,53.10830369554597,21.310759139781098
2010-11-23,519,2010-11-23,30.3333333333333,44.6666666666667,23.3333333333333,11.6666666666667,1229685.0,-2245185.0,3577,26.284412446147293,51.23085911179716,21.081880794677797
2010-12-01,520,2010-12-01,28.9545454545455,50.8636363636364,18.9090909090909,11.1363636363636,1229708.18181818,-2245247.72727273,3577,28.181201876910706,49.84787700337197,20.6023673173049
2010-12-09,521,2010-12-09,27.3181818181818,52.8636363636364,18.6363636363636,11.1363636363636,1229708.18181818,-2245247.72727273,3577,29.90839561729541,48.71544976272649,20.102875474915358
2011-01-02,522,2011-01-02,35.7727272727273,48.5909090909091,14.4545454545455,11.7727272727273,1229708.18181818,-2245247.72727273,3577,32.56539703401764,49.31881196952232,16.91826978971762
2011-01-10,523,2011-01-10,31.0,48.9545454545455,18.8181818181818,12.9545454545455,1229708.18181818,-2245247.72727273,3577,34.62235245015772,47.042034801667526,17.167627682430982
2011-01-26,524,2011-01-26,38.2631578947368,38.0,22.6315789473684,11.6842105263158,1229711.84210526,-2245257.63157895,3577,35.82463450306248,46.90949537374394,16.12146484472077
2011-02-19,525,2011-02-19,33.2272727272727,52.0454545454545,13.5909090909091,9.31818181818182,1229708.18181818,-2245247.72727273,3577,35.32146092213408,46.91736652501503,16.588408374672515
2011-03-15,526,2011-03-15,36.8181818181818,46.9545454545455,14.9545454545455,12.6818181818182,1229708.18181818,-2245247.72727273,3577,35.03905565797141,45.20201189184472,18.51764770798076
2011-03-23,527,2011-03-23,35.0,46.4545454545455,17.2272727272727,12.6363636363636,1229708.18181818,-2245247.72727273,3577,33.29104816192325,45.00378484447613,20.42528651291882
2011-04-16,528,2011-04-16,29.4545454545455,42.1818181818182,27.0909090909091,12.7272727272727,1229708.18181818,-2245247.72727273,3577,30.841507000063743,45.46450059930947,22.440411368196983
2011-05-02,529,2011-05-02,27.9545454545455,46.4090909090909,24.4090909090909,12.1363636363636,1229708.18181818,-2245247.72727273,3577,28.65994131731334,45.65235721215902,24.40098963405071
2011-05-26,530,2011-05-26,24.8636363636364,44.7272727272727,29.1363636363636,11.6363636363636,1229708.18181818,-2245247.72727273,3577,26.250471760333518,46.138583763541696,26.350634883075713
2011-06-03,531,2011-06-03,26.0,46.1818181818182,26.5909090909091,11.5,1229708.18181818,-2245247.72727273,3577,24.950539820845876,45.704936305830124,28.148718932237152
2011-06-27,532,2011-06-27,24.7727272727273,49.5909090909091,24.5,11.5,1229708.18181818,-2245247.72727273,3577,23.538889293459405,48.295692205338796,27.028310722016204
2011-07-05,533,2011-07-05,21.5555555555556,51.0,26.4444444444444,10.2222222222222,1229711.66666667,-2245208.33333333,3577,22.917252150854146,49.723077513528835,26.25750741736838
2011-07-13,534,2011-07-13,22.5909090909091,49.0454545454545,27.0454545454545,11.5909090909091,1229708.18181818,-2245247.72727273,3577,22.26915750852936,51.57193435140876,25.101279908129502
2011-07-21,535,2011-07-21,23.0,51.5,24.75,11.25,1229700.0,-2245305.0,3577,21.34619616240462,52.04323540236075,25.554739682867
2011-07-29,536,2011-07-29,19.2272727272727,53.0,26.5909090909091,11.1818181818182,1229708.18181818,-2245247.72727273,3577,21.0582531894068,53.07329765645886,24.811205595539064
2011-08-06,537,2011-08-06,20.9444444444444,55.8333333333333,22.1111111111111,11.8333333333333,1229710.0,-2245235.0,3577,20.806032023450783,52.29179287734654,25.79594861778545
2011-08-14,538,2011-08-14,19.8181818181818,50.7272727272727,28.3181818181818,11.2727272727273,1229708.18181818,-2245247.72727273,3577,20.764129528410088,52.076089545121995,25.99675952623776
2011-08-22,539,2011-08-22,22.1363636363636,51.7727272727273,24.9090909090909,11.0454545454545,1229708.18181818,-2245247.72727273,3577,20.63615577279775,51.655662800462274,26.519824071536956
2011-08-30,540,2011-08-30,20.8181818181818,48.5454545454545,29.3181818181818,10.2727272727273,1229708.18181818,-2245247.72727273,3577,20.77355814660921,50.605607870078856,27.408433787540506
2011-09-07,541,2011-09-07,20.7272727272727,52.7272727272727,25.4090909090909,10.9545454545455,1229708.18181818,-2245247.72727273,3577,20.80041290267439,50.259796666985665,27.68024147869584
2011-09-15,542,2011-09-15,18.6818181818182,49.4545454545455,30.5454545454545,10.5909090909091,1229708.18181818,-2245247.72727273,3577,19.7352670675402,52.19314985388378,26.86521133826908
2011-09-23,543,2011-09-23,19.6818181818182,56.2272727272727,22.9545454545455,10.5454545454545,1229708.18181818,-2245247.72727273,3577,18.4073365348988,54.445527222414,25.92805306893554
2011-10-09,544,2011-10-09,20.6818181818182,51.9090909090909,26.2272727272727,10.4545454545455,1229708.18181818,-2245247.72727273,3577,18.373393881152744,56.13392284391033,24.279393811205097
2011-10-25,545,2011-10-25,19.2307692307692,57.8461538461538,21.6153846153846,10.3846153846154,1229708.07692308,-2245219.61538462,3577,20.037111354727298,56.209073785761106,22.534311921305438
2011-11-10,546,2011-11-10,18.4545454545455,59.8181818181818,20.5454545454545,10.4545454545455,1229708.18181818,-2245247.72727273,3577,23.594055431816322,53.90644168448465,21.280202740525603
2012-01-13,547,2012-01-13,25.9545454545455,51.5454545454545,21.3181818181818,10.8181818181818,1229708.18181818,-2245247.72727273,3577,27.451836373177187,50.580766197718276,20.755300701686345
2012-02-14,548,2012-02-14,34.8,42.0,21.8666666666667,12.1333333333333,1229715.0,-2245227.0,3577,31.05681791560216,46.559213333514094,21.13349412500193
2012-03-01,549,2012-03-01,36.5454545454545,42.0909090909091,20.0909090909091,13.6818181818182,1229708.18181818,-2245247.72727273,3577,33.70780700652028,42.620512826394226,22.3569573809262
2012-04-02,550,2012-04-02,36.5,40.0909090909091,22.1818181818182,12.7272727272727,1229708.18181818,-2245247.72727273,3577,35.030280362378015,41.25992294706633,22.39163226651798
2012-04-18,551,2012-04-18,32.5,38.7,27.5,11.6,1229703.0,-2245284.0,3577,34.83885642455345,40.2590115907112,23.587949741408096
2012-05-04,552,2012-05-04,30.2727272727273,46.2727272727273,22.0,12.5,1229708.18181818,-2245247.72727273,3577,32.744480462460366,42.039005854507614,23.91558475923444
2012-05-20,553,2012-05-20,30.2777777777778,42.1666666666667,26.1111111111111,12.0555555555556,1229710.0,-2245235.0,3577,29.82732969566186,44.38632820879555,24.492336089025365
2012-06-05,554,2012-06-05,29.0,48.5833333333333,21.4166666666667,14.5,1229712.5,-2245217.5,3577,28.090804776418366,45.52127638286541,25.12096363622866
2012-07-23,555,2012-07-23,26.7222222222222,45.8888888888889,26.2222222222222,13.3333333333333,1229710.0,-2245235.0,3577,26.784675327170618,46.231811992922445,25.73900575610012
2012-08-08,556,2012-08-08,26.1363636363636,43.9090909090909,28.6363636363636,12.2727272727273,1229708.18181818,-2245247.72727273,3577,25.53022091271076,46.510175123677875,26.74498049406176
2012-08-24,557,2012-08-24,23.5,49.5454545454545,25.6363636363636,11.9090909090909,1229708.18181818,-2245247.72727273,3577,24.68288822538383,47.171217304126095,26.928105832619096
2012-09-09,558,2012-09-09,23.4545454545455,47.2727272727273,28.0,11.0454545454545,1229708.18181818,-2245247.72727273,3577,22.572580685721135,49.870594544454235,26.317323629239176
2012-09-25,559,2012-09-25,21.9090909090909,50.7727272727273,26.2272727272727,11.1818181818182,1229708.18181818,-2245247.72727273,3577,20.983402242124132,50.891895420455214,26.817075417620217
2012-10-27,560,2012-10-27,19.3636363636364,53.6363636363636,25.6363636363636,10.7272727272727,1229708.18181818,-2245247.72727273,3577,20.383068053062203,52.996725902853626,25.319484765160666
2012-11-12,561,2012-11-12,21.9090909090909,54.0454545454545,22.6818181818182,10.9090909090909,1229708.18181818,-2245247.72727273,3577,21.13227399457032,54.32895190620241,23.261015784724655
2012-11-28,562,2012-11-28,20.4090909090909,59.2272727272727,19.0454545454545,10.9545454545455,1229708.18181818,-2245247.72727273,3577,22.181819329930306,54.51327565856723,22.01631406401693
2012-12-14,563,2012-12-14,20.7727272727273,51.7272727272727,26.2727272727273,10.5,1229708.18181818,-2245247.72727273,3577,23.966835374022914,53.64439437566975,21.084534098040656
2012-12-30,564,2012-12-30,29.4545454545455,45.2272727272727,24.0,11.5,1229708.18181818,-2245247.72727273,3577,24.481100380055366,52.80927965925767,21.408668730646966
2013-01-15,565,2013-01-15,27.3636363636364,60.6818181818182,10.7727272727273,11.6818181818182,1229708.18181818,-2245247.72727273,3577,25.57725324211011,50.34056071988053,22.821843650295072
2013-01-31,566,2013-01-31,26.75,41.75,30.0,11.0,1229707.5,-2245192.5,3577,26.88288386254492,48.66323002918112,23.141441586836386
2013-02-16,567,2013-02-16,23.7272727272727,51.1818181818182,23.9090909090909,10.7272727272727,1229708.18181818,-2245247.72727273,3577,27.572322906473023,47.40702380928242,23.67646173134139
2013-03-20,568,2013-03-20,27.0454545454545,44.6818181818182,26.9090909090909,11.1818181818182,1229708.18181818,-2245247.72727273,3577,28.087665500833268,46.37339468861434,24.163195093672773
2013-03-29,569,2013-03-29,26.6818181818182,45.3181818181818,26.5909090909091,10.7727272727273,1229708.18181818,-2245247.72727273,3577,27.645923665410102,45.64465713008516,25.319507399436066
2013-04-05,570,2013-04-05,34.0,43.5,21.0,13.0,1229700.0,-2245185.0,3577,27.169322585656836,43.907390878183634,27.517122337270216
2013-04-13,571,2013-04-13,26.4545454545455,46.6363636363636,25.3636363636364,11.7727272727273,1229708.18181818,-2245247.72727273,3577,27.409278379932893,43.2448649717794,27.93649117558073
2013-04-21,572,2013-04-21,23.5,42.0,33.5,11.0,1229670.0,-2245305.0,3577,26.714539471219993,44.22763192337538,27.65954211844596
2013-04-29,573,2013-04-29,24.7727272727273,42.7727272727273,30.8181818181818,11.1363636363636,1229708.18181818,-2245247.72727273,3577,25.468793730892394,43.63098209136115,29.50302413600594
2013-05-07,574,2013-05-07,24.0,44.5454545454545,30.0909090909091,11.3636363636364,1229708.18181818,-2245247.72727273,3577,23.835737158981573,45.26963818618081,29.519113169404285
2013-05-31,575,2013-05-31,24.5,47.0909090909091,27.0,11.4090909090909,1229708.18181818,-2245247.72727273,3577,22.866686086215466,45.89345948168791,29.865920457247256
2013-06-08,576,2013-06-08,23.2727272727273,47.6818181818182,27.7272727272727,11.5909090909091,1229708.18181818,-2245247.72727273,3577,22.208496119694612,46.65232473689419,29.72474359301946
2013-06-16,577,2013-06-16,21.6818181818182,45.8636363636364,31.0,11.2727272727273,1229708.18181818,-2245247.72727273,3577,22.848326736586767,47.0776050574742,28.643518035576776
2013-06-24,578,2013-06-24,21.2272727272727,49.7272727272727,27.6363636363636,11.7727272727273,1229708.18181818,-2245247.72727273,3577,22.495052934678053,47.67062012009232,28.39806014418592
2013-07-02,579,2013-07-02,22.5,45.3636363636364,30.6363636363636,11.2272727272727,1229708.18181818,-2245247.72727273,3577,22.486074016045315,47.24626386840712,28.897004206034488
2013-07-10,580,2013-07-10,22.7272727272727,46.3181818181818,29.6363636363636,11.0909090909091,1229708.18181818,-2245247.72727273,3577,22.504960186634257,46.5991171320401,29.45724483790465
2013-07-18,581,2013-07-18,23.3181818181818,46.8636363636364,28.3636363636364,10.7727272727273,1229708.18181818,-2245247.72727273,3577,22.07059630490202,46.76449331697719,29.804394592175104
2013-07-26,582,2013-07-26,23.2272727272727,47.8181818181818,27.7727272727273,11.0909090909091,1229708.18181818,-2245247.72727273,3577,22.065105360908404,47.31850296245874,29.297655482705984
2013-08-03,583,2013-08-03,20.6363636363636,47.2272727272727,30.7272727272727,10.8181818181818,1229708.18181818,-2245247.72727273,3577,22.012699140615915,46.85850297558011,29.852300528063026
2013-08-11,584,2013-08-11,20.4545454545455,46.5909090909091,31.7272727272727,10.9545454545455,1229708.18181818,-2245247.72727273,3577,21.6263710958303,47.38799084393647,29.725232690187447
2013-08-19,585,2013-08-19,19.7727272727273,48.0909090909091,30.8636363636364,10.3181818181818,1229708.18181818,-2245247.72727273,3577,20.945294268539122,48.078442853696004,29.72835818838753
2013-08-27,586,2013-08-27,22.1666666666667,49.8333333333333,27.0,11.6666666666667,1229715.0,-2245200.0,3577,20.412430284788655,47.545065498337316,30.812283129193816
2013-09-04,587,2013-09-04,22.3636363636364,45.8181818181818,30.2727272727273,10.0454545454545,1229708.18181818,-2245247.72727273,3577,19.887730057724305,48.59585320392362,30.283128214308604
2013-09-12,588,2013-09-12,18.1666666666667,48.6666666666667,32.0,9.16666666666667,1229690.0,-2245295.0,3577,19.543585085518586,49.384435622536884,29.804101330694124
2013-09-28,589,2013-09-28,17.2727272727273,54.2727272727273,27.2272727272727,10.0,1229708.18181818,-2245247.72727273,3577,18.800106217075005,50.98894627278329,28.953250380349907
2013-10-14,590,2013-10-14,18.1818181818182,47.0454545454545,33.5,9.68181818181818,1229708.18181818,-2245247.72727273,3577,18.35957793964839,51.080514053909184,29.241042239489865
2013-10-30,591,2013-10-30,19.2272727272727,53.4090909090909,26.0454545454545,10.1363636363636,1229708.18181818,-2245247.72727273,3577,18.502421211396786,51.16595089870431,29.006888692502123
2013-11-07,592,2013-11-07,18.5909090909091,55.4545454545455,24.5,9.81818181818182,1229708.18181818,-2245247.72727273,3577,18.582635115140086,51.738027616432504,28.37015700313895
2013-11-15,593,2013-11-15,18.9545454545455,47.6818181818182,32.1363636363636,9.90909090909091,1229708.18181818,-2245247.72727273,3577,19.095076749872653,52.114151539418174,27.510281865611244
2013-12-09,594,2013-12-09,19.3181818181818,52.2272727272727,27.1363636363636,10.4090909090909,1229708.18181818,-2245247.72727273,3577,19.234915567589297,51.738497687687826,27.663256107805843
2013-12-17,595,2013-12-17,21.3181818181818,47.8636363636364,29.4090909090909,10.2727272727273,1229708.18181818,-2245247.72727273,3577,19.259188039652358,52.180085183595544,27.220777674333956
2014-01-02,596,2014-01-02,17.5454545454545,56.6363636363636,24.6363636363636,10.0,1229708.18181818,-2245247.72727273,3577,19.36603953321928,50.49432863786177,28.75776404849995
2014-01-18,597,2014-01-18,17.9090909090909,50.9090909090909,29.7272727272727,9.95454545454546,1229708.18181818,-2245247.72727273,3577,19.489467189154666,48.76066221984435,30.367081693983984
2014-02-11,598,2014-02-11,20.9090909090909,47.7727272727273,29.7727272727273,10.3636363636364,1229708.18181818,-2245247.72727273,3577,19.623385339678475,49.28899541212343,29.710193690346856
2014-02-27,599,2014-02-27,20.9090909090909,47.5909090909091,30.0909090909091,10.4545454545455,1229708.18181818,-2245247.72727273,3577,20.40588274657769,50.457391468642015,27.75321751144585
2014-03-07,600,2014-03-07,21.9090909090909,47.2272727272727,29.6818181818182,10.4545454545455,1229708.18181818,-2245247.72727273,3577,21.190239116354732,50.252430232298885,27.196471414874352
2014-03-15,601,2014-03-15,19.4545454545455,48.0,31.0909090909091,10.1363636363636,1229708.18181818,-2245247.72727273,3577,21.43647936639455,50.748951442583035,26.467804219418646
2014-03-23,602,2014-03-23,21.5,62.0,15.3636363636364,12.8636363636364,1229708.18181818,-2245247.72727273,3577,21.631319145247808,50.52421277005381,26.48782275984248
2014-03-31,603,2014-03-31,22.6363636363636,50.4090909090909,25.4545454545455,10.7272727272727,1229708.18181818,-2245247.72727273,3577,20.917267787092975,50.74871919523569,27.009310559967957
2014-04-08,604,2014-04-08,21.4545454545455,46.2727272727273,30.8636363636364,10.5,1229708.18181818,-2245247.72727273,3577,19.91645885777308,49.68840770824268,29.04229558788653
2014-05-02,605,2014-05-02,16.4090909090909,44.3636363636364,37.9090909090909,9.81818181818182,1229708.18181818,-2245247.72727273,3577,19.314540652139797,48.272610164947466,31.0792002818413
2014-05-10,606,2014-05-10,18.2272727272727,48.8181818181818,31.6363636363636,10.7727272727273,1229708.18181818,-2245247.72727273,3577,18.34513628785801,47.57944827476908,32.72253921141696
2014-05-18,607,2014-05-18,19.2727272727273,47.3636363636364,32.0,10.7727272727273,1229708.18181818,-2245247.72727273,3577,17.745836769476114,46.914699288883114,33.99395172797423
2014-05-26,608,2014-05-26,16.3636363636364,48.8181818181818,33.5909090909091,10.9090909090909,1229708.18181818,-2245247.72727273,3577,17.146261703393975,47.73890576071118,33.73760478192847
2014-06-03,609,2014-06-03,17.0909090909091,50.5,30.9545454545455,10.7727272727273,1229708.18181818,-2245247.72727273,3577,17.45782545627487,49.86218777000468,31.319969925932046
2014-06-11,610,2014-06-11,18.5,48.7727272727273,31.3181818181818,10.9090909090909,1229708.18181818,-2245247.72727273,3577,17.86901938477805,49.39711639330939,31.32053676691544
2014-06-19,611,2014-06-19,16.8181818181818,49.0454545454545,32.5,10.8636363636364,1229708.18181818,-2245247.72727273,3577,17.718119131077373,48.403113492185895,32.473535119533665
2014-06-27,612,2014-06-27,18.6818181818182,46.0454545454545,34.0909090909091,10.8636363636364,1229708.18181818,-2245247.72727273,3577,17.075726412622263,47.44341791990955,34.041932455380795
2014-07-05,613,2014-07-05,16.7727272727273,48.8181818181818,32.9545454545455,10.6363636363636,1229708.18181818,-2245247.72727273,3577,16.985968225411224,46.763620421226705,34.80648334215223
2014-07-13,614,2014-07-13,16.8181818181818,44.4545454545455,37.3181818181818,10.5,1229708.18181818,-2245247.72727273,3577,16.959427077282697,46.33606092752599,35.26863784962048
2014-07-21,615,2014-07-21,15.2727272727273,46.4090909090909,36.8181818181818,10.2727272727273,1229708.18181818,-2245247.72727273,3577,16.642925115973583,46.623831792555464,35.32116117768558
2014-07-29,616,2014-07-29,16.4090909090909,47.9090909090909,34.2727272727273,10.4545454545455,1229708.18181818,-2245247.72727273,3577,16.560425642466527,47.72499847463952,34.29775979719176
2014-08-06,617,2014-08-06,17.5909090909091,48.8181818181818,32.0454545454545,10.3181818181818,1229708.18181818,-2245247.72727273,3577,16.516162348766137,48.23793839146339,33.84978172685237
2014-08-14,618,2014-08-14,16.75,48.8333333333333,33.25,10.8333333333333,1229712.5,-2245217.5,3577,15.935511505098205,49.71131621918943,32.932772757774856
2014-08-22,619,2014-08-22,15.8636363636364,51.5454545454545,31.1363636363636,10.1818181818182,1229708.18181818,-2245247.72727273,3577,15.95852859496021,49.75773255733107,32.90837399301585
2014-08-30,620,2014-08-30,15.0,49.4090909090909,34.1818181818182,10.2272727272727,1229708.18181818,-2245247.72727273,3577,15.680992522813996,50.121278383865864,32.76854977276667
2014-09-07,621,2014-09-07,14.6363636363636,50.0,33.9545454545455,9.95454545454546,1229708.18181818,-2245247.72727273,3577,15.144349107124782,50.211098733325954,33.25068985334461
2014-09-15,622,2014-09-15,14.9090909090909,48.5,35.1363636363636,9.95454545454546,1229708.18181818,-2245247.72727273,3577,15.315975960429071,48.9595541900563,34.281346503196154
2014-09-23,623,2014-09-23,15.4545454545455,51.3636363636364,31.6818181818182,9.77272727272727,1229708.18181818,-2245247.72727273,3577,15.156848344448111,49.269506907383025,34.163423896672384
2014-10-01,624,2014-10-01,16.7727272727273,45.6363636363636,36.3181818181818,9.72727272727273,1229708.18181818,-2245247.72727273,3577,15.043391874096077,49.88770315901572,33.694088911365036
2014-10-09,625,2014-10-09,13.6818181818182,53.3181818181818,31.6363636363636,9.45454545454546,1229708.18181818,-2245247.72727273,3577,15.188722127855815,49.63843778886661,33.88977747554499
2014-10-17,626,2014-10-17,14.7272727272727,48.5909090909091,35.5909090909091,9.77272727272727,1229708.18181818,-2245247.72727273,3577,14.663103572473759,50.01362681786926,34.055800377495245
2014-10-25,627,2014-10-25,15.2727272727273,48.4090909090909,34.8181818181818,9.40909090909091,1229708.18181818,-2245247.72727273,3577,14.364685413093074,49.716125838690864,34.70553595011279
2014-11-02,628,2014-11-02,10.2,57.9333333333333,31.0,14.2,1229729.0,-2245247.0,3577,12.350379763775045,50.83202343204396,35.62113470542433
2014-11-10,629,2014-11-10,15.6818181818182,45.0909090909091,37.8181818181818,9.22727272727273,1229708.18181818,-2245247.72727273,3577,11.686929591656236,52.66586725029506,34.44868645754704
2014-11-18,630,2014-11-18,13.3181818181818,50.0454545454545,35.4090909090909,9.36363636363636,1229708.18181818,-2245247.72727273,3577,12.731306548782824,53.623760828087185,32.38904044011919
2014-12-04,631,2014-12-04,11.5454545454545,56.5909090909091,30.5909090909091,9.63636363636364,1229708.18181818,-2245247.72727273,3577,15.99108800009206,51.59649024396353,31.130757880823587
2014-12-20,632,2014-12-20,17.3181818181818,52.7727272727273,28.7272727272727,11.5,1229708.18181818,-2245247.72727273,3577,19.363054761166104,50.10546260193695,29.20866210437967
2014-12-28,633,2014-12-28,19.5454545454545,53.4090909090909,25.5909090909091,9.86363636363636,1229708.18181818,-2245247.72727273,3577,22.832162124390592,47.89160657648543,27.99763477289094
2015-01-21,634,2015-01-21,34.3181818181818,41.9090909090909,22.4545454545455,9.68181818181818,1229708.18181818,-2245247.72727273,3577,24.533846442511475,46.89988728786227,27.269410531297822
2015-01-29,635,2015-01-29,26.5454545454545,38.7272727272727,33.3636363636364,10.6363636363636,1229708.18181818,-2245247.72727273,3577,24.93458989644936,47.38553551710738,26.38888243756976
2015-02-06,636,2015-02-06,23.5,46.9444444444444,28.4444444444444,10.6111111111111,1229710.0,-2245235.0,3577,24.41396367493666,46.22823695286415,28.021086342430337
2015-02-22,637,2015-02-22,16.8636363636364,56.3636363636364,25.4545454545455,9.90909090909091,1229708.18181818,-2245247.72727273,3577,22.34072883678517,49.91171812519222,26.391976772637086
2015-03-10,638,2015-03-10,18.5909090909091,52.7727272727273,27.2727272727273,10.5,1229708.18181818,-2245247.72727273,3577,19.599424498943115,52.61185006005496,26.387066118978893
2015-03-18,639,2015-03-18,17.7272727272727,52.6363636363636,27.9545454545455,10.1363636363636,1229708.18181818,-2245247.72727273,3577,17.443475817734416,53.3363436646146,27.86649030519991
2015-03-26,640,2015-03-26,20.6666666666667,51.3333333333333,26.6666666666667,9.66666666666667,1229685.0,-2245185.0,3577,16.258345979002165,52.046367625236854,30.332009392235655
2015-04-11,641,2015-04-11,15.3636363636364,51.4545454545455,32.0454545454545,10.0909090909091,1229708.18181818,-2245247.72727273,3577,16.93421347861006,49.04684647137474,32.69716832093209
2015-04-19,642,2015-04-19,16.9090909090909,50.6363636363636,31.0454545454545,7.04545454545455,1229708.18181818,-2245247.72727273,3577,16.167006508827903,46.14912893029286,36.37809627592366
2015-04-27,643,2015-04-27,13.75,32.875,52.25,7.875,1229703.75,-2245203.75,3577,15.41249355199159,45.65846293742902,37.687975024116
2015-05-05,644,2015-05-05,14.3181818181818,49.5909090909091,34.9545454545455,9.86363636363636,1229708.18181818,-2245247.72727273,3577,14.573235606437386,47.13123909656528,37.02891163526543
2015-05-13,645,2015-05-13,15.25,49.875,33.25,10.125,1229703.75,-2245203.75,3577,14.42569791518943,47.7831156411473,36.50556199765736
2015-05-21,646,2015-05-21,14.2272727272727,53.5454545454545,31.0,9.90909090909091,1229708.18181818,-2245247.72727273,3577,14.51553003067443,49.26076729398611,34.848044162073066
2015-06-06,647,2015-06-06,14.9090909090909,49.4545454545455,34.2272727272727,9.95454545454546,1229708.18181818,-2245247.72727273,3577,14.987668023236179,50.79708958697232,32.84856740056822
2015-06-14,648,2015-06-14,15.4545454545455,52.6818181818182,30.5909090909091,10.2727272727273,1229708.18181818,-2245247.72727273,3577,14.712943728910265,52.56543872010005,31.355811689453894
2015-07-08,649,2015-07-08,14.8636363636364,49.3636363636364,34.2727272727273,10.1818181818182,1229708.18181818,-2245247.72727273,3577,14.776787949778939,52.056908848398656,31.740688611308386
2015-07-16,650,2015-07-16,13.3684210526316,48.8947368421053,36.4736842105263,10.1578947368421,1229711.84210526,-2245257.63157895,3577,14.290409096138248,49.99568120414844,34.34747067410574
2015-07-24,651,2015-07-24,14.3636363636364,54.4545454545455,29.6818181818182,10.0454545454545,1229708.18181818,-2245247.72727273,3577,13.860272506314573,50.68331364962069,34.11363504286692
2015-08-01,652,2015-08-01,13.5,51.1363636363636,34.1363636363636,9.95454545454546,1229708.18181818,-2245247.72727273,3577,13.660611808087081,51.51224595873825,33.467705213885786
2015-08-09,653,2015-08-09,13.5,50.8181818181818,34.1818181818182,9.95454545454546,1229708.18181818,-2245247.72727273,3577,13.478441603722901,51.91644430346305,33.26569495356678
2015-08-17,654,2015-08-17,13.5909090909091,49.0454545454545,36.1363636363636,9.86363636363636,1229708.18181818,-2245247.72727273,3577,13.377932006220409,52.17258054874854,33.12804950245015
2015-08-25,655,2015-08-25,13.0,56.7272727272727,29.1818181818182,9.59090909090909,1229708.18181818,-2245247.72727273,3577,13.485684157486563,52.505648209900656,32.72173458105539
2015-09-02,656,2015-09-02,13.7727272727273,51.9545454545455,32.7272727272727,9.68181818181818,1229708.18181818,-2245247.72727273,3577,13.55905375676458,52.121069910276574,33.0197486901335
2015-09-10,657,2015-09-10,14.3636363636364,52.1818181818182,32.1818181818182,9.36363636363636,1229708.18181818,-2245247.72727273,3577,13.705551488520118,51.60481798260814,33.41469846017024
2015-09-18,658,2015-09-18,13.1818181818182,49.0909090909091,36.4545454545455,9.40909090909091,1229708.18181818,-2245247.72727273,3577,13.975062933124477,52.39560875374898,32.35348439907486
2015-09-26,659,2015-09-26,13.5909090909091,54.5909090909091,30.6818181818182,9.18181818181818,1229708.18181818,-2245247.72727273,3577,14.026503752367137,52.13542185368033,32.57615941614893
2015-10-04,660,2015-10-04,14.7727272727273,50.0,33.8181818181818,9.36363636363636,1229708.18181818,-2245247.72727273,3577,14.016984563422106,52.116150244343984,32.54363101013334
2015-10-12,661,2015-10-12,13.6363636363636,53.0454545454545,32.0,8.27272727272727,1229708.18181818,-2245247.72727273,3577,14.034482703475124,51.28042083513805,33.34662461447425
2015-10-20,662,2015-10-20,13.2727272727273,53.3636363636364,32.0909090909091,9.09090909090909,1229708.18181818,-2245247.72727273,3577,12.99054526953291,52.537618657720564,33.11296323996363
2015-10-28,663,2015-10-28,11.9090909090909,54.5909090909091,32.0454545454545,9.09090909090909,1229708.18181818,-2245247.72727273,3577,11.267177077775596,54.120241266605966,33.21706134773818
2015-11-21,664,2015-11-21,11.5909090909091,50.0909090909091,36.8181818181818,9.27272727272727,1229708.18181818,-2245247.72727273,3577,10.839081742207764,54.404612889916464,33.389573398029555
2015-11-29,665,2015-11-29,10.5,55.1363636363636,33.0,9.27272727272727,1229708.18181818,-2245247.72727273,3577,10.41867960002127,54.09375178367121,34.13090594670791
2015-12-07,666,2015-12-07,9.63636363636364,55.5,33.6818181818182,9.72727272727273,1229708.18181818,-2245247.72727273,3577,11.48707730490558,54.84903676395959,32.34229371809807
2015-12-31,667,2015-12-31,10.2272727272727,60.7272727272727,27.7727272727273,8.95454545454546,1229708.18181818,-2245247.72727273,3577,13.824069067013099,53.82286551401633,31.028605664665633
2016-01-08,668,2016-01-08,18.3125,50.3125,30.0625,10.1875,1229715.0,-2245230.0,3577,16.09655302127971,54.74273993315181,27.85336593816689
2016-01-16,669,2016-01-16,21.5454545454545,48.2272727272727,28.7727272727273,9.63636363636364,1229708.18181818,-2245247.72727273,3577,17.74442003605473,54.876423130056224,26.06267910600128
2016-01-24,670,2016-01-24,15.7727272727273,59.4545454545455,23.4090909090909,10.0454545454545,1229708.18181818,-2245247.72727273,3577,18.072887779259972,55.3000886673053,25.263863001616045
2016-02-01,671,2016-02-01,20.8636363636364,56.4545454545455,21.4090909090909,9.90909090909091,1229708.18181818,-2245247.72727273,3577,17.65264912050815,54.887709022604454,26.079220086832983
2016-02-17,672,2016-02-17,14.5909090909091,53.9545454545455,30.0454545454545,9.72727272727273,1229708.18181818,-2245247.72727273,3577,16.156451678771962,55.00125140479304,27.45115732493945
2016-02-25,673,2016-02-25,11.7272727272727,59.5,27.4090909090909,8.5,1229708.18181818,-2245247.72727273,3577,14.403658806010316,54.935466851603486,29.331587828856872
2016-03-20,674,2016-03-20,12.7727272727273,48.6818181818182,37.1818181818182,9.77272727272727,1229708.18181818,-2245247.72727273,3577,13.139633445640499,54.30899743374307,31.24403664165369
2016-03-28,675,2016-03-28,13.9090909090909,54.9545454545455,29.8636363636364,10.0909090909091,1229708.18181818,-2245247.72727273,3577,13.011697017447258,53.16290831669647,32.528513932586606
2016-04-05,676,2016-04-05,15.1818181818182,50.2272727272727,33.3181818181818,9.77272727272727,1229708.18181818,-2245247.72727273,3577,13.66377060410067,51.623885308791756,33.352380521246914
2016-04-13,677,2016-04-13,13.0909090909091,52.9090909090909,32.6363636363636,9.86363636363636,1229708.18181818,-2245247.72727273,3577,13.72502518590126,52.00546835657231,32.91884361064842
2016-04-21,678,2016-04-21,14.1363636363636,53.0909090909091,31.5454545454545,9.81818181818182,1229708.18181818,-2245247.72727273,3577,14.070888722870848,52.01286582822534,32.56735594829675
2016-04-29,679,2016-04-29,12.6363636363636,53.0,32.7727272727273,9.86363636363636,1229708.18181818,-2245247.72727273,3577,13.212356552348933,52.992039670613224,32.47465776553385
2016-05-07,680,2016-05-07,12.6818181818182,55.5454545454545,30.4545454545455,10.0,1229708.18181818,-2245247.72727273,3577,12.086416819879677,55.17381816044094,31.44055578533014
2016-05-15,681,2016-05-15,12.7142857142857,50.0714285714286,35.9285714285714,10.2142857142857,1229712.85714286,-2245223.57142857,3577,11.447223899093842,56.41552171441563,30.860824090062394
2016-05-31,682,2016-05-31,8.33333333333333,60.6666666666667,30.0,9.66666666666667,1229685.0,-2245305.0,3577,10.556014723617988,56.04265876724935,32.07845166372694
2016-06-08,683,2016-06-08,10.4090909090909,56.8636363636364,31.2727272727273,10.3636363636364,1229708.18181818,-2245247.72727273,3577,10.433022367442426,54.63078253015521,33.57807081744099
2016-06-16,684,2016-06-16,11.4545454545455,56.3636363636364,30.8636363636364,10.3636363636364,1229708.18181818,-2245247.72727273,3577,10.292323775294378,54.080220511256655,34.252154965772135
2016-06-24,685,2016-06-24,10.4090909090909,50.9545454545455,37.0,9.90909090909091,1229708.18181818,-2245247.72727273,3577,10.84896621344531,52.80407677507934,34.9480487145788
2016-07-02,686,2016-07-02,11.3181818181818,46.5,40.7272727272727,9.86363636363636,1229708.18181818,-2245247.72727273,3577,11.358404050212089,51.32833743795547,35.9101067803519
2016-07-10,687,2016-07-10,11.2272727272727,45.7727272727273,41.5454545454545,9.72727272727273,1229708.18181818,-2245247.72727273,3577,11.826705239593991,49.94644800737497,36.79612352184276
2016-07-18,688,2016-07-18,15.1818181818182,58.3181818181818,25.4545454545455,11.4090909090909,1229708.18181818,-2245247.72727273,3577,12.5993632973631,48.510531873598076,37.501715565599625
2016-07-26,689,2016-07-26,12.2727272727273,48.4090909090909,37.9090909090909,10.1363636363636,1229708.18181818,-2245247.72727273,3577,13.777122258544349,48.22649922550692,36.665405379866556
2016-08-03,690,2016-08-03,15.3181818181818,43.8181818181818,39.3636363636364,9.5,1229708.18181818,-2245247.72727273,3577,15.869846027879117,46.9693679526145,35.757172605042314
2016-08-11,691,2016-08-11,16.0909090909091,46.3181818181818,36.1818181818182,10.0909090909091,1229708.18181818,-2245247.72727273,3577,17.924764371567207,46.938439972629396,33.6926012349548
2016-08-27,692,2016-08-27,20.0454545454545,44.5,33.7727272727273,10.4090909090909,1229708.18181818,-2245247.72727273,3577,19.82452602280619,43.92999148332012,34.765770958560616
2016-09-04,693,2016-09-04,23.5,44.0,31.3636363636364,10.5454545454545,1229708.18181818,-2245247.72727273,3577,20.846718437765126,43.13595158007686,34.547073669359555
2016-09-12,694,2016-09-12,22.0,43.6818181818182,32.5909090909091,10.0909090909091,1229708.18181818,-2245247.72727273,3577,21.011446757573637,44.14712307112437,33.36104256002436
2016-09-28,695,2016-09-28,19.1363636363636,48.0909090909091,31.3181818181818,10.1363636363636,1229708.18181818,-2245247.72727273,3577,20.30042937641847,48.513612337556694,29.789168894709068
2016-10-06,696,2016-10-06,18.4545454545455,48.9545454545455,31.4545454545455,10.0909090909091,1229708.18181818,-2245247.72727273,3577,18.846507840594548,50.509324618520566,29.244220176104353
2016-10-14,697,2016-10-14,17.3636363636364,47.7272727272727,33.5,9.54545454545454,1229708.18181818,-2245247.72727273,3577,17.53566247993233,52.701455173020605,28.376358091664862
2016-10-22,698,2016-10-22,14.5714285714286,66.4285714285714,17.4285714285714,8.0,1229693.57142857,-2245292.14285714,3577,16.744975401741854,54.018812316299304,27.83550519280472
2016-10-30,699,2016-10-30,17.0,51.1363636363636,30.5,9.81818181818182,1229708.18181818,-2245247.72727273,3577,15.818632057498272,53.677786019207744,29.11249341707674
2016-11-07,700,2016-11-07,16.2727272727273,54.0909090909091,28.4545454545455,10.1818181818182,1229708.18181818,-2245247.72727273,3577,14.980700088568145,54.8800038156319,28.81767337199677
2016-11-15,701,2016-11-15,17.6363636363636,48.1363636363636,32.7272727272727,9.95454545454546,1229708.18181818,-2245247.72727273,3577,15.053103302697377,53.94954962082748,29.683599941020663
2016-11-23,702,2016-11-23,14.5,56.4090909090909,27.9090909090909,10.0454545454545,1229708.18181818,-2245247.72727273,3577,15.505735506140532,54.54802449390343,28.717644096163514
2016-12-01,703,2016-12-01,16.0454545454545,53.4545454545455,29.2727272727273,10.0454545454545,1229708.18181818,-2245247.72727273,3577,18.6606755118437,55.01442010519507,25.14057148799837
2016-12-09,704,2016-12-09,16.8,60.4,21.8,10.6,1229715.0,-2245197.0,3577,21.65385428363462,55.78769700235383,21.333062198536663
2017-01-02,705,2017-01-02,27.4090909090909,59.8636363636364,11.4090909090909,11.2727272727273,1229708.18181818,-2245247.72727273,3577,24.426695281365966,57.729236574369956,16.584749799865754
2017-01-10,706,2017-01-10,30.9545454545455,47.9090909090909,19.9090909090909,10.2272727272727,1229708.18181818,-2245247.72727273,3577,26.68651800645864,55.77270202651184,16.325109317233625
2017-01-18,707,2017-01-18,28.5789473684211,61.8947368421053,8.1578947368421,16.2631578947368,1229711.84210526,-2245257.63157895,3577,27.713992235756244,54.4038123356113,16.687478472216824
2017-01-26,708,2017-01-26,30.1818181818182,48.0,20.5,11.4545454545455,1229708.18181818,-2245247.72727273,3577,27.89525872941254,51.50501137210635,19.39595645802119
2017-02-11,709,2017-02-11,18.8571428571429,49.5714285714286,30.5714285714286,9.57142857142857,1229693.57142857,-2245292.14285714,3577,26.674674627909603,49.68416495586862,22.44864920533477
2017-02-27,710,2017-02-27,25.7727272727273,47.5454545454545,25.6363636363636,10.9545454545455,1229708.18181818,-2245247.72727273,3577,25.21204223509536,47.620638645569684,25.912492347147086
2017-03-15,711,2017-03-15,23.7777777777778,47.5,27.4444444444444,10.8333333333333,1229708.33333333,-2245260.0,3577,22.955531732958804,47.449241967825536,28.369078540878682
2017-03-23,712,2017-03-23,25.1363636363636,48.7727272727273,24.5454545454545,10.9545454545455,1229708.18181818,-2245247.72727273,3577,22.458033559901125,47.41966031656763,28.7967545438357
2017-03-31,713,2017-03-31,23.3636363636364,44.7272727272727,30.5,11.0,1229708.18181818,-2245247.72727273,3577,22.165630282237096,47.09891953040109,29.297943145428626
2017-04-08,714,2017-04-08,20.2272727272727,49.4545454545455,28.7272727272727,10.6363636363636,1229708.18181818,-2245247.72727273,3577,22.197658553062823,48.64353937004937,27.592189064891443
2017-04-16,715,2017-04-16,19.0,49.5,30.0454545454545,10.8181818181818,1229708.18181818,-2245247.72727273,3577,21.353910748222216,48.54322232790408,28.466602025421274
2017-04-24,716,2017-04-24,18.5909090909091,50.7727272727273,29.2272727272727,10.3636363636364,1229708.18181818,-2245247.72727273,3577,19.072089417287806,49.99241428427285,29.362868157262845
2017-05-02,717,2017-05-02,23.0,49.0,26.0,13.0,1229715.0,-2245185.0,3577,18.724719865302497,50.1407707593954,29.63831761945587
2017-05-10,718,2017-05-10,17.4090909090909,50.2272727272727,31.0454545454545,10.2272727272727,1229708.18181818,-2245247.72727273,3577,17.733953118836485,50.9648096063725,29.88402820558297
2017-05-26,719,2017-05-26,15.7727272727273,52.0454545454545,30.9090909090909,10.4545454545455,1229708.18181818,-2245247.72727273,3577,16.47687170695649,52.22258841636052,29.943358217910447
2017-06-03,720,2017-06-03,12.0,54.6666666666667,32.1666666666667,9.83333333333333,1229690.0,-2245295.0,3577,15.039455178462216,52.78070186684653,30.859629450196188
2017-06-19,721,2017-06-19,17.3181818181818,52.2727272727273,29.2272727272727,10.5454545454545,1229708.18181818,-2245247.72727273,3577,14.480950234677305,53.589039021763924,30.649948278567408
2017-06-27,722,2017-06-27,14.8181818181818,51.2727272727273,32.4545454545455,9.68181818181818,1229708.18181818,-2245247.72727273,3577,14.012728757308704,53.686779727441575,31.064276562161034
2017-07-05,723,2017-07-05,10.8333333333333,58.5,29.3333333333333,9.5,1229690.0,-2245295.0,3577,14.156322240474356,53.052156306018354,31.507354311880984
2017-07-13,724,2017-07-13,14.8636363636364,51.1363636363636,32.5909090909091,10.0909090909091,1229708.18181818,-2245247.72727273,3577,14.784471931106363,51.897970310008716,31.921263369330653
2017-07-21,725,2017-07-21,17.6,49.4,31.7,10.6,1229715.0,-2245212.0,3577,14.393023553983959,51.70937601660161,32.51385743442673
2017-07-29,726,2017-07-29,15.0,51.0,32.8181818181818,9.86363636363636,1229708.18181818,-2245247.72727273,3577,13.838889321577927,52.071088401224145,32.726804436762954
2017-08-06,727,2017-08-06,10.1428571428571,51.5714285714286,36.7142857142857,11.5714285714286,1229693.57142857,-2245292.14285714,3577,13.48385037422268,52.145594203143396,33.02291980464862
2017-08-14,728,2017-08-14,14.1363636363636,52.5454545454545,31.8636363636364,9.72727272727273,1229708.18181818,-2245247.72727273,3577,13.660015891789794,51.75922515423572,33.23207428653034
2017-08-22,729,2017-08-22,12.5909090909091,54.9545454545455,31.2727272727273,9.90909090909091,1229708.18181818,-2245247.72727273,3577,13.399284456980155,51.14182313604573,34.0863485890173
2017-08-30,730,2017-08-30,13.5454545454545,53.3181818181818,31.8181818181818,9.31818181818182,1229708.18181818,-2245247.72727273,3577,12.867151593127705,52.748923016182246,33.02633187245697
2017-09-07,731,2017-09-07,14.2727272727273,48.9090909090909,35.4090909090909,9.13636363636364,1229708.18181818,-2245247.72727273,3577,13.263569669844074,52.9704678940457,32.403158901324616
2017-09-15,732,2017-09-15,14.0909090909091,50.4545454545455,34.0,9.04545454545454,1229708.18181818,-2245247.72727273,3577,13.726023343386899,52.39555237893887,32.53573080451288
2017-09-23,733,2017-09-23,11.7272727272727,55.1818181818182,31.8181818181818,8.90909090909091,1229701.36363636,-2245280.45454545,3577,13.18529640918974,53.89900755028009,31.592694386948036
2017-10-09,734,2017-10-09,13.4545454545455,56.5454545454545,28.6818181818182,9.5,1229708.18181818,-2245247.72727273,3577,12.222947050133518,55.016729400622104,31.391261145267144
2017-10-25,735,2017-10-25,11.8181818181818,58.8181818181818,28.0,9.86363636363636,1229708.18181818,-2245247.72727273,3577,12.727456753770639,55.21129292884728,30.674993455737535
2017-11-02,736,2017-11-02,13.0454545454545,49.8181818181818,35.7272727272727,9.54545454545454,1229708.18181818,-2245247.72727273,3577,12.75083697613763,55.789194200106195,30.113805136598266
2017-11-18,737,2017-11-18,12.2727272727273,56.1363636363636,30.2727272727273,9.77272727272727,1229708.18181818,-2245247.72727273,3577,13.339797551166223,54.32660472091125,30.9699082229292
2017-11-26,738,2017-11-26,13.2727272727273,58.5909090909091,26.7272727272727,9.09090909090909,1229708.18181818,-2245247.72727273,3577,13.432494011756011,53.31515349974305,31.895726107549365
2017-12-04,739,2017-12-04,15.9090909090909,45.4545454545455,37.2272727272727,9.77272727272727,1229708.18181818,-2245247.72727273,3577,13.519531411451718,51.85830254743075,33.260435877092874
2017-12-12,740,2017-12-12,14.8181818181818,52.8181818181818,31.0909090909091,9.95454545454546,1229708.18181818,-2245247.72727273,3577,14.580750975731915,52.92167974861389,31.12657357418361
2017-12-28,741,2017-12-28,10.8636363636364,55.4545454545455,32.4090909090909,9.63636363636364,1229708.18181818,-2245247.72727273,3577,13.95743452297565,53.99672516477933,30.705581956738364
2018-01-13,742,2018-01-13,14.5,50.5909090909091,33.4545454545455,10.0,1229708.18181818,-2245247.72727273,3577,12.559611546627691,54.32161361716562,31.771835433067675
2018-01-29,743,2018-01-29,13.1818181818182,57.4545454545455,28.1363636363636,9.86363636363636,1229708.18181818,-2245247.72727273,3577,12.909602640532317,51.49643854596647,34.289715772542074
2018-02-06,744,2018-02-06,17.2272727272727,47.9090909090909,33.4545454545455,9.81818181818182,1229708.18181818,-2245247.72727273,3577,14.673422095774253,49.59949313983895,34.52034058679337
2018-02-14,745,2018-02-14,14.375,52.125,32.375,8.75,1229703.75,-2245203.75,3577,17.34199566637305,45.836806252216775,35.64288090387913
2018-02-22,746,2018-02-22,12.0,35.0,52.0,9.0,1229655.0,-2245305.0,3577,20.606766933416132,41.153963189252394,37.07472507748648
2018-03-18,747,2018-03-18,29.9090909090909,36.5454545454545,32.2727272727273,10.8636363636364,1229708.18181818,-2245247.72727273,3577,22.740387987367235,39.15887767800229,36.956758461479694
2018-04-03,748,2018-04-03,29.5454545454545,37.4090909090909,32.0909090909091,10.5454545454545,1229708.18181818,-2245247.72727273,3577,23.373727531136563,39.171533146819485,36.27072803233047
2018-04-19,749,2018-04-19,21.7727272727273,44.4090909090909,32.4090909090909,10.5454545454545,1229708.18181818,-2245247.72727273,3577,23.61374624985594,39.71264196928945,35.41211393074866
2018-04-27,750,2018-04-27,19.5454545454545,39.7272727272727,39.1818181818182,10.1363636363636,1229708.18181818,-2245247.72727273,3577,22.280576083984535,42.80137377026065,33.573595418748184
2018-05-05,751,2018-05-05,19.5,48.3181818181818,30.9545454545455,10.4545454545455,1229708.18181818,-2245247.72727273,3577,20.65044898645027,43.77136730588832,34.15007942835615
2018-05-21,752,2018-05-21,17.0588235294118,44.9411764705882,36.5882352941176,12.2352941176471,1229695.58823529,-2245255.58823529,3577,18.14188548781456,45.54084200140497,34.878133602538995
2018-05-29,753,2018-05-29,18.8636363636364,44.4090909090909,35.1818181818182,10.2727272727273,1229708.18181818,-2245247.72727273,3577,17.212903840912418,44.424921182352335,36.911653907915
2018-06-06,754,2018-06-06,19.0909090909091,41.2727272727273,38.2272727272727,10.3181818181818,1229708.18181818,-2245247.72727273,3577,18.558263461341788,43.95665941481579,36.02943619350921
2018-06-14,755,2018-06-14,17.8181818181818,44.9545454545455,35.7727272727273,9.18181818181818,1229708.18181818,-2245247.72727273,3577,19.140585825985546,43.51627265467447,35.94269800330421
2018-06-22,756,2018-06-22,19.9545454545455,40.8181818181818,37.9090909090909,10.2727272727273,1229708.18181818,-2245247.72727273,3577,18.54598543788017,44.19383159843751,35.85975675621006
2018-06-30,757,2018-06-30,18.6818181818182,49.0454545454545,30.8181818181818,10.3636363636364,1229708.18181818,-2245247.72727273,3577,18.124343779675844,43.87183004367703,36.60061084467212
2018-07-08,758,2018-07-08,18.3636363636364,42.4545454545455,37.7727272727273,10.1363636363636,1229708.18181818,-2245247.72727273,3577,17.576895348485923,45.12300565115243,35.93419058383505
2018-07-16,759,2018-07-16,13.6363636363636,45.8636363636364,39.2272727272727,13.6363636363636,1229708.18181818,-2245247.72727273,3577,17.0319968768148,45.01825244463974,36.56718868869196
2018-07-24,760,2018-07-24,17.8636363636364,44.9090909090909,35.8181818181818,10.0909090909091,1229708.18181818,-2245247.72727273,3577,16.59066626449578,44.792097045925146,37.21253215542695
2018-08-01,761,2018-08-01,16.4545454545455,44.6818181818182,37.4090909090909,9.68181818181818,1229708.18181818,-2245247.72727273,3577,16.566759795226236,44.316842705556894,37.70920565502044
2018-08-09,762,2018-08-09,17.8636363636364,42.4545454545455,38.2272727272727,9.81818181818182,1229708.18181818,-2245247.72727273,3577,16.575577075609786,44.321397361427344,37.68255502588599
2018-08-17,763,2018-08-17,16.3181818181818,46.0454545454545,36.3181818181818,9.59090909090909,1229708.18181818,-2245247.72727273,3577,16.886983267222806,44.905499967236864,36.86352832362692
2018-08-25,764,2018-08-25,17.125,42.875,38.625,9.875,1229703.75,-2245203.75,3577,17.358268162550694,43.93471130379423,37.350833857477554
2018-09-02,765,2018-09-02,16.0909090909091,47.0909090909091,35.5454545454545,9.18181818181818,1229708.18181818,-2245247.72727273,3577,17.162905417124648,44.045134748442266,37.49506643088969
2018-09-10,766,2018-09-10,18.125,46.25,34.375,9.625,1229703.75,-2245203.75,3577,16.367241504622957,46.068290350228295,36.32846414069484
2018-09-18,767,2018-09-18,15.1818181818182,46.9090909090909,36.7272727272727,9.04545454545454,1229708.18181818,-2245247.72727273,3577,16.04920574312397,49.217270216875846,33.51506545335203
2018-09-26,768,2018-09-26,16.0909090909091,48.5454545454545,34.1818181818182,9.13636363636364,1229708.18181818,-2245247.72727273,3577,15.266215876718796,52.01651911976915,31.478086049886862
2018-10-04,769,2018-10-04,15.1363636363636,49.9090909090909,33.4545454545455,8.86363636363636,1229708.18181818,-2245247.72727273,3577,14.754482711207206,53.68422975138327,30.310530167829327
2018-10-12,770,2018-10-12,12.047619047619,69.0952380952381,17.9047619047619,9.85714285714286,1229707.85714286,-2245250.71428571,3577,14.333548581541063,55.793225186476036,28.612524952761323
2018-10-20,771,2018-10-20,15.1363636363636,52.8181818181818,30.5454545454545,9.36363636363636,1229708.18181818,-2245247.72727273,3577,14.07326236948877,54.492126259603324,30.08733013397636
2018-10-28,772,2018-10-28,14.0,53.0454545454545,31.5909090909091,9.45454545454546,1229708.18181818,-2245247.72727273,3577,13.802608593205983,53.726940382997654,31.116168661055642
2018-11-05,773,2018-11-05,14.5454545454545,48.9545454545455,35.1363636363636,9.13636363636364,1229708.18181818,-2245247.72727273,3577,14.355035889617158,55.292946030413134,28.948345924171868
2018-11-13,774,2018-11-13,15.0454545454545,53.5454545454545,30.0909090909091,9.54545454545454,1229708.18181818,-2245247.72727273,3577,14.746814120299081,54.39074955440593,29.481794872727686
2018-11-21,775,2018-11-21,14.5454545454545,55.2727272727273,28.6818181818182,9.31818181818182,1229708.18181818,-2245247.72727273,3577,15.064302148735567,54.292669334597605,29.292453254593525
2018-11-29,776,2018-11-29,14.2727272727273,52.8181818181818,31.5454545454545,9.5,1229708.18181818,-2245247.72727273,3577,15.326932238413193,54.42940561642253,28.93122334087282
2018-12-07,777,2018-12-07,16.4090909090909,66.5,16.0454545454545,11.8636363636364,1229708.18181818,-2245247.72727273,3577,15.290787596864675,54.4087979287729,29.05536906099374
2018-12-23,778,2018-12-23,16.5909090909091,52.1363636363636,29.8181818181818,9.59090909090909,1229708.18181818,-2245247.72727273,3577,16.10103940528693,51.77833270022195,30.85102513585021
2018-12-31,779,2018-12-31,14.0,37.1666666666667,47.8333333333333,7.66666666666667,1229690.0,-2245295.0,3577,14.842640612973323,51.50721377317849,32.34613383613741
2019-01-08,780,2019-01-08,15.0909090909091,56.3181818181818,27.1363636363636,9.45454545454546,1229708.18181818,-2245247.72727273,3577,14.185803782480523,51.14966766978388,33.36289336893959
2019-01-16,781,2019-01-16,17.0454545454545,45.5,36.0909090909091,8.77272727272727,1229708.18181818,-2245247.72727273,3577,14.811035291753582,50.548409794532276,33.34380873839987
2019-01-24,782,2019-01-24,15.4090909090909,51.4545454545455,31.6818181818182,9.0,1229708.18181818,-2245247.72727273,3577,17.08706379463229,49.15289682640484,32.42507403469487
2019-02-09,783,2019-02-09,17.5,58.4090909090909,22.8636363636364,11.9545454545455,1229708.18181818,-2245247.72727273,3577,20.420246232795932,47.46242841499661,30.771270853168907
2019-02-17,784,2019-02-17,20.5454545454545,47.2272727272727,30.9545454545455,9.95454545454546,1229708.18181818,-2245247.72727273,3577,25.200145618520672,47.028543789443034,26.47541791166505
2019-03-05,785,2019-03-05,36.7727272727273,34.6818181818182,27.4545454545455,11.0454545454545,1229708.18181818,-2245247.72727273,3577,29.545467901078453,43.85994238428144,25.308738779745447
2019-03-13,786,2019-03-13,34.5454545454545,36.5454545454545,27.4090909090909,10.8181818181818,1229708.18181818,-2245247.72727273,3577,32.87882452475262,40.00085649409564,25.878490399736208
2019-03-21,787,2019-03-21,34.3636363636364,41.9090909090909,22.3636363636364,11.0909090909091,1229708.18181818,-2245247.72727273,3577,34.834008659503034,38.94059191581828,24.927764889202216
2019-03-29,788,2019-03-29,33.0,43.1363636363636,22.6818181818182,11.1363636363636,1229708.18181818,-2245247.72727273,3577,35.43789211069853,38.67814454050857,24.564857742872647
2019-04-06,789,2019-04-06,33.8571428571429,42.6666666666667,22.2380952380952,11.3333333333333,1229710.71428571,-2245245.0,3577,33.44142502585573,41.958128886774446,23.254787852166857
2019-04-14,790,2019-04-14,29.0454545454545,41.3181818181818,28.1363636363636,10.7727272727273,1229708.18181818,-2245247.72727273,3577,29.940795202541366,45.63929559510075,23.036538109290063
2019-05-08,791,2019-05-08,29.5,44.0454545454545,25.0,11.3636363636364,1229708.18181818,-2245247.72727273,3577,27.317929139062123,47.22583889512538,24.056378418463176
2019-05-16,792,2019-05-16,26.1818181818182,50.4090909090909,22.0454545454545,10.9545454545455,1229708.18181818,-2245247.72727273,3577,26.212692661182977,46.49940921260236,25.84304435908325
2019-05-24,793,2019-05-24,25.0909090909091,53.3181818181818,20.2272727272727,11.7727272727273,1229708.18181818,-2245247.72727273,3577,25.33058727555956,47.09778138175969,26.13065109828015
2019-06-01,794,2019-06-01,21.9090909090909,43.5909090909091,33.0,9.90909090909091,1229708.18181818,-2245247.72727273,3577,25.589876677404515,47.44201689106693,25.617804561510255
2019-06-17,795,2019-06-17,27.1363636363636,42.8181818181818,28.6363636363636,11.8181818181818,1229708.18181818,-2245247.72727273,3577,26.375781103137832,46.8553528749068,25.494560945742734
2019-06-25,796,2019-06-25,30.0,46.6666666666667,22.2222222222222,11.7777777777778,1229708.33333333,-2245288.33333333,3577,27.434083811859047,45.88506150945658,25.423325236226002
2019-07-03,797,2019-07-03,26.5909090909091,45.6363636363636,26.5,11.5909090909091,1229708.18181818,-2245247.72727273,3577,27.731358583011474,44.82515366704114,26.153718097969033
2019-07-11,798,2019-07-11,30.2222222222222,49.6666666666667,19.1111111111111,12.5555555555556,1229708.33333333,-2245288.33333333,3577,27.499463652411265,46.02864154327018,25.121084776073282
2019-07-19,799,2019-07-19,24.6818181818182,42.2272727272727,31.4090909090909,12.1363636363636,1229708.18181818,-2245247.72727273,3577,26.14638016430125,47.20924977545437,25.24704342511099
2019-07-27,800,2019-07-27,23.0454545454545,47.2272727272727,28.0909090909091,12.1363636363636,1229708.18181818,-2245247.72727273,3577,24.098259981875866,47.01686794769401,27.453259401256993
2019-08-04,801,2019-08-04,21.9545454545455,48.3636363636364,28.2727272727273,11.4545454545455,1229708.18181818,-2245247.72727273,3577,21.884236246831506,45.56709176459409,31.07579449313084
2019-08-12,802,2019-08-12,20.4375,47.0,31.1875,11.4375,1229705.625,-2245265.625,3577,20.35803360139886,45.16707129533643,33.01558794935379
2019-08-20,803,2019-08-20,19.3636363636364,45.6363636363636,33.6363636363636,10.8181818181818,1229708.18181818,-2245247.72727273,3577,19.862025352681705,44.93494072771477,33.854065960537824
2019-08-28,804,2019-08-28,19.4166666666667,38.25,41.1666666666667,10.0833333333333,1229722.5,-2245227.5,3577,18.778273763635458,46.09023137477276,33.84506909576768
2019-09-05,805,2019-09-05,18.2727272727273,48.9545454545455,31.4545454545455,10.4545454545455,1229708.18181818,-2245247.72727273,3577,18.316814945770147,47.335015814462736,33.133837659427286
2019-09-21,806,2019-09-21,18.0454545454545,53.5909090909091,27.0454545454545,10.1363636363636,1229708.18181818,-2245247.72727273,3577,17.38670391316839,49.11307601769857,32.23311903758579
2019-09-29,807,2019-09-29,16.5,51.9090909090909,30.4090909090909,10.0454545454545,1229708.18181818,-2245247.72727273,3577,16.880438089677753,52.486650205964054,29.33939181537602
2019-10-07,808,2019-10-07,17.3636363636364,53.1363636363636,28.2272727272727,9.90909090909091,1229708.18181818,-2245247.72727273,3577,16.306338187562886,55.55370227857436,26.827915048639987
2019-10-15,809,2019-10-15,13.0,59.75,25.75,9.75,1229700.0,-2245305.0,3577,16.069881972092485,57.72411180150256,24.896638736295152
2019-10-23,810,2019-10-23,18.2272727272727,54.9090909090909,25.6363636363636,9.72727272727273,1229708.18181818,-2245247.72727273,3577,16.544035802828716,58.44338626472567,23.69574252560105
2019-10-31,811,2019-10-31,17.4,62.6,18.65,10.6,1229709.0,-2245254.0,3577,16.90765402624143,57.472492565123986,24.31310770568779
2019-11-08,812,2019-11-08,16.8636363636364,55.1818181818182,26.6818181818182,9.86363636363636,1229708.18181818,-2245247.72727273,3577,17.346905243533882,56.677046248250605,24.621997987286903
2019-11-16,813,2019-11-16,17.3181818181818,55.1363636363636,26.2272727272727,10.0909090909091,1229708.18181818,-2245247.72727273,3577,18.218094187954406,55.85010534399705,24.599049973599755
2019-12-02,814,2019-12-02,19.2272727272727,54.5454545454545,24.9090909090909,10.3181818181818,1229708.18181818,-2245247.72727273,3577,18.190193772104482,52.83055939815959,27.618736986233777
2019-12-10,815,2019-12-10,17.0,52.6818181818182,28.8181818181818,9.77272727272727,1229708.18181818,-2245247.72727273,3577,16.886377375896153,53.776978913174304,27.96878937057675
2019-12-26,816,2019-12-26,15.0454545454545,53.1818181818182,30.4545454545455,9.54545454545454,1229708.18181818,-2245247.72727273,3577,14.6747014962975,56.01367324462788,27.989720042018376
2020-01-03,817,2020-01-03,17.6153846153846,55.3846153846154,25.6923076923077,9.69230769230769,1229708.07692308,-2245219.61538462,3577,13.93463024450712,57.82021299836367,26.95726944037829
2020-01-11,818,2020-01-11,14.9545454545455,59.9545454545455,23.9545454545455,9.5,1229708.18181818,-2245247.72727273,3577,15.662656715859683,58.81785714122624,24.277088837029158
2020-01-19,819,2020-01-19,14.1363636363636,58.0909090909091,26.3636363636364,9.90909090909091,1229708.18181818,-2245247.72727273,3577,20.679917356882825,56.16147246634189,21.927735420306163
2020-02-04,820,2020-02-04,23.5,64.8,10.8,8.6,1229718.0,-2245278.0,3577,27.490647048070038,51.419732833786966,19.86694523731402
2020-02-12,821,2020-02-12,35.3636363636364,37.4545454545455,25.8181818181818,11.2727272727273,1229708.18181818,-2245247.72727273,3577,33.63094337085478,46.2924396069773,18.818799756606822
2020-02-28,822,2020-02-28,43.0,39.4545454545455,16.0,12.0909090909091,1229708.18181818,-2245247.72727273,3577,37.26200309248747,42.173644710303,19.24854720502747
2020-03-07,823,2020-03-07,44.4090909090909,35.5,18.9545454545455,10.7727272727273,1229708.18181818,-2245247.72727273,3577,37.72321692754564,40.9873480961233,19.950949885087066
2020-03-15,824,2020-03-15,34.1363636363636,41.7272727272727,22.6363636363636,11.4545454545455,1229708.18181818,-2245247.72727273,3577,35.26492905411601,42.44518350273415,20.92718378659523
2020-03-31,825,2020-03-31,23.7272727272727,49.3181818181818,25.7272727272727,10.1818181818182,1229708.18181818,-2245247.72727273,3577,29.556350816830495,46.24954695364925,22.83284141507835
2020-04-07,826,2020-04-07,19.6818181818182,56.7727272727273,22.0909090909091,10.9545454545455,1229708.18181818,-2245247.72727273,3577,23.364274387772156,50.26484201603067,24.97137125000527
2020-04-16,827,2020-04-16,20.0,55.5909090909091,23.1363636363636,10.0909090909091,1229708.18181818,-2245247.72727273,3577,18.896722535053517,55.62821507853042,24.153499969707994
2020-04-23,828,2020-04-23,18.0909090909091,54.7272727272727,25.8181818181818,10.3636363636364,1229708.18181818,-2245247.72727273,3577,16.483412684507893,56.20111111328959,25.992405052491215
2020-05-02,829,2020-05-02,17.5909090909091,51.9090909090909,29.1363636363636,10.0454545454545,1229708.18181818,-2245247.72727273,3577,15.878040619665043,57.18189887792185,25.63214283605118
2020-05-09,830,2020-05-09,16.7222222222222,55.7222222222222,26.2777777777778,10.3888888888889,1229710.0,-2245235.0,3577,16.72705895911388,55.58525522386216,26.430687178783423
2020-05-18,831,2020-05-18,16.8636363636364,57.7272727272727,24.1818181818182,9.86363636363636,1229708.18181818,-2245247.72727273,3577,16.37338189533273,55.03157186184789,27.311659210473024
2020-05-25,832,2020-05-25,13.4090909090909,59.5909090909091,25.9090909090909,12.3181818181818,1229708.18181818,-2245247.72727273,3577,15.932253317559129,54.70710230757258,28.098780242175994
2020-06-03,833,2020-06-03,15.2272727272727,49.5,33.8181818181818,11.3181818181818,1229708.18181818,-2245247.72727273,3577,15.698308508888775,54.692820189153124,28.318037374323605
2020-06-10,834,2020-06-10,17.8636363636364,54.2272727272727,26.5909090909091,11.8181818181818,1229708.18181818,-2245247.72727273,3577,15.942823196127883,53.96514551213997,28.787868290819237
2020-06-19,835,2020-06-19,16.9545454545455,51.4090909090909,30.2727272727273,11.0,1229708.18181818,-2245247.72727273,3577,15.83985364480485,53.96792296735198,28.859399489707585
2020-06-26,836,2020-06-26,13.0454545454545,57.7272727272727,27.9090909090909,11.5454545454545,1229708.18181818,-2245247.72727273,3577,15.463368448167728,53.358944835998486,29.81994816641148
2020-07-12,837,2020-07-12,16.5909090909091,51.9090909090909,30.2272727272727,10.9090909090909,1229708.18181818,-2245247.72727273,3577,14.699523105656576,54.222914481138844,29.71707975858953
2020-07-28,838,2020-07-28,12.9545454545455,55.9090909090909,29.7272727272727,10.9090909090909,1229708.18181818,-2245247.72727273,3577,13.96924526828625,55.04442386583416,29.67802448044054
2020-08-06,839,2020-08-06,13.3181818181818,56.0,29.3636363636364,10.3636363636364,1229708.18181818,-2245247.72727273,3577,12.728594153444483,55.485016197166644,30.49167773777506
2020-08-13,840,2020-08-13,11.4090909090909,56.4545454545455,30.8181818181818,10.3636363636364,1229708.18181818,-2245247.72727273,3577,12.151969149152787,55.474441310627796,31.028679595097685
2020-08-22,841,2020-08-22,12.1363636363636,52.9090909090909,33.5909090909091,10.0454545454545,1229708.18181818,-2245247.72727273,3577,12.267130702113374,56.38880174145305,29.951179836202094
2020-08-29,842,2020-08-29,12.7222222222222,59.1111111111111,26.8333333333333,10.1111111111111,1229710.0,-2245235.0,3577,12.406508414809393,57.09111564233143,29.060499121851375
2020-09-07,843,2020-09-07,12.9090909090909,55.4090909090909,30.2272727272727,9.81818181818182,1229708.18181818,-2245247.72727273,3577,12.420639310026687,57.18559416940212,28.943607194939762
2020-09-14,844,2020-09-14,12.0,59.7,26.6,9.0,1229703.0,-2245284.0,3577,12.999615873382574,57.979220291848826,27.588196520615696
2020-09-23,845,2020-09-23,14.2727272727273,59.4090909090909,24.9545454545455,9.63636363636364,1229708.18181818,-2245247.72727273,3577,13.353921120313736,57.245968529382424,27.961590290744567
2020-09-30,846,2020-09-30,13.9545454545455,54.3636363636364,30.3181818181818,9.72727272727273,1229708.18181818,-2245247.72727273,3577,13.74219789966843,56.8310544882371,28.010345832041622
2020-10-09,847,2020-10-09,13.1363636363636,55.3181818181818,30.3181818181818,9.18181818181818,1229708.18181818,-2245247.72727273,3577,13.715324126101724,55.52682128828219,29.398307153017086
2020-10-16,848,2020-10-16,13.8636363636364,54.0454545454545,30.7727272727273,9.5,1229708.18181818,-2245247.72727273,3577,14.346100486120873,54.507268445340806,29.850486505703003
2020-10-25,849,2020-10-25,14.8636363636364,57.9545454545455,25.7727272727273,9.90909090909091,1229708.18181818,-2245247.72727273,3577,14.533156917196406,54.13903008520832,30.066224543816467
2020-11-01,850,2020-11-01,15.0909090909091,45.9545454545455,37.5909090909091,9.40909090909091,1229708.18181818,-2245247.72727273,3577,15.212823202688643,52.42957000780592,31.04198854902025
2020-11-10,851,2020-11-10,13.5454545454545,60.8181818181818,24.4545454545455,9.27272727272727,1229708.18181818,-2245247.72727273,3577,13.59475691772139,54.29192310643792,30.768354921178954
2020-11-17,852,2020-11-17,15.0454545454545,51.2272727272727,32.4545454545455,9.36363636363636,1229708.18181818,-2245247.72727273,3577,12.876096532230257,56.65468657432346,29.147999622101686
2020-11-26,853,2020-11-26,14.7727272727273,57.0454545454545,26.6818181818182,9.95454545454546,1229708.18181818,-2245247.72727273,3577,14.227650621259514,54.99804951591349,29.362564679897773
2020-12-03,854,2020-12-03,11.5,53.5,33.5,9.0,1229700.0,-2245305.0,3577,14.591229415108433,54.972437357174414,29.008453409800058
2020-12-12,855,2020-12-12,15.1363636363636,58.8181818181818,24.6818181818182,9.77272727272727,1229708.18181818,-2245247.72727273,3577,16.31052405235947,55.26837165085705,26.994107215606146
2020-12-19,856,2020-12-19,14.6363636363636,61.0909090909091,23.0454545454545,10.2272727272727,1229708.18181818,-2245247.72727273,3577,18.373107823780543,54.75524377113765,25.47479329001606
2021-01-13,857,2021-01-13,30.5454545454545,42.3636363636364,25.4545454545455,10.4545454545455,1229708.18181818,-2245247.72727273,3577,20.23953263173337,53.87973130162027,24.545708442974693
2021-01-29,858,2021-01-29,21.6818181818182,49.1818181818182,27.7727272727273,9.95454545454546,1229708.18181818,-2245247.72727273,3577,22.43114407404812,54.91246735250982,21.421131359490115
2021-02-14,859,2021-02-14,15.75,68.5,15.0,22.5,1229662.5,-2245215.0,3577,23.4766783315158,54.351652006864825,20.97890682354204
2021-02-21,860,2021-02-21,29.2727272727273,49.8181818181818,19.5909090909091,11.6818181818182,1229708.18181818,-2245247.72727273,3577,24.093847118259514,54.2246766742886,20.48987657430921
2021-03-09,861,2021-03-09,21.8636363636364,51.1818181818182,25.6818181818182,10.9545454545455,1229708.18181818,-2245247.72727273,3577,23.867567838856147,52.92465541775192,21.97450101263452
2021-03-18,862,2021-03-18,25.1363636363636,55.0454545454545,18.5,11.8181818181818,1229708.18181818,-2245247.72727273,3577,24.348563166354356,51.08963099241676,23.26330673969646
2021-03-25,863,2021-03-25,25.7272727272727,45.4090909090909,27.5,11.2727272727273,1229708.18181818,-2245247.72727273,3577,24.64988761589857,48.41691843196888,25.546180810460704
2021-04-03,864,2021-04-03,22.5909090909091,44.6818181818182,31.1818181818182,10.1818181818182,1229708.18181818,-2245247.72727273,3577,26.437538373379958,44.105951884703416,27.966549972384083
2021-04-10,865,2021-04-10,29.2727272727273,40.8181818181818,28.4090909090909,11.2272727272727,1229708.18181818,-2245247.72727273,3577,25.909757234703,41.41908765793262,31.127241466588664
2021-04-19,866,2021-04-19,24.4090909090909,41.0909090909091,32.8636363636364,10.3181818181818,1229708.18181818,-2245247.72727273,3577,24.72093343388729,41.617582432004724,32.11308655014939
2021-05-05,867,2021-05-05,24.8636363636364,41.3181818181818,32.3181818181818,11.0909090909091,1229708.18181818,-2245247.72727273,3577,24.5340772741376,40.327233249361214,33.51117620435857
2021-05-21,868,2021-05-21,21.7272727272727,44.4090909090909,32.3181818181818,10.6818181818182,1229708.18181818,-2245247.72727273,3577,22.825207106206044,42.2698290884249,33.31353173060757
2021-05-28,869,2021-05-28,22.625,41.875,33.875,11.5,1229703.75,-2245203.75,3577,21.50084729622642,45.52511701453537,31.402729033223775
2021-06-22,870,2021-06-22,18.8636363636364,44.6363636363636,34.7727272727273,10.3636363636364,1229708.18181818,-2245247.72727273,3577,19.999752071810136,48.02783118527988,30.455467749467907
2021-06-29,871,2021-06-29,18.1052631578947,55.3157894736842,25.2105263157895,12.8947368421053,1229711.84210526,-2245238.68421053,3577,18.569759613633785,49.67774955427343,30.27226702519186
2021-07-08,872,2021-07-08,18.9545454545455,51.5454545454545,28.1818181818182,10.4545454545455,1229708.18181818,-2245247.72727273,3577,18.05095766551162,50.95716280807619,29.56860134214081
2021-07-15,873,2021-07-15,17.9545454545455,52.3636363636364,28.3636363636364,11.1818181818182,1229708.18181818,-2245247.72727273,3577,17.210301772898276,50.85632591998763,30.529245413136262
2021-07-24,874,2021-07-24,15.8181818181818,48.1363636363636,34.4545454545455,10.0454545454545,1229708.18181818,-2245247.72727273,3577,16.88024726728424,50.352336434722204,31.40348575350589
2021-07-31,875,2021-07-31,16.7894736842105,48.1052631578947,33.8421052631579,10.6315789473684,1229711.84210526,-2245257.63157895,3577,16.41453271719516,50.193468203911465,31.990262755445297
2021-08-09,876,2021-08-09,16.3181818181818,47.8636363636364,34.3181818181818,10.2272727272727,1229708.18181818,-2245247.72727273,3577,16.677747495439814,48.98251669264128,32.90554544666774
2021-08-16,877,2021-08-16,16.2272727272727,52.3181818181818,30.0454545454545,10.5909090909091,1229708.18181818,-2245247.72727273,3577,16.422228629797218,49.22107875680843,32.89466013417851
2021-08-25,878,2021-08-25,17.4090909090909,47.0909090909091,34.0,10.0,1229708.18181818,-2245247.72727273,3577,16.541500031954815,49.45381377180451,32.56463291400216
2021-09-01,879,2021-09-01,16.1363636363636,53.3181818181818,29.1363636363636,9.81818181818182,1229708.18181818,-2245247.72727273,3577,16.739305512059893,49.54610197895339,32.27717063477314
2021-09-10,880,2021-09-10,17.0909090909091,48.5909090909091,32.8181818181818,9.59090909090909,1229708.18181818,-2245247.72727273,3577,16.633352241842207,49.54736027892146,32.38892692919937
2021-09-17,881,2021-09-17,17.2272727272727,45.8181818181818,35.7272727272727,9.77272727272727,1229708.18181818,-2245247.72727273,3577,17.0211141532979,47.361938637591855,34.196443601129836
2021-09-26,882,2021-09-26,15.2727272727273,49.4090909090909,33.8181818181818,9.22727272727273,1229708.18181818,-2245247.72727273,3577,16.79023701349135,47.219116484261185,34.64442296115678
2021-10-03,883,2021-10-03,17.3,45.6,35.7,9.85,1229712.0,-2245242.0,3577,16.441300270231103,48.925159866863794,33.267421208114236
2021-10-12,884,2021-10-12,15.9090909090909,53.5909090909091,29.1818181818182,9.45454545454546,1229708.18181818,-2245247.72727273,3577,15.976940593881633,51.448959709013934,31.214783527753816
2021-10-19,885,2021-10-19,16.3181818181818,48.2272727272727,34.2272727272727,9.81818181818182,1229708.18181818,-2245247.72727273,3577,15.321660607895305,52.771287535985515,30.565694508132953
2021-10-28,886,2021-10-28,14.9090909090909,55.9090909090909,27.8636363636364,9.72727272727273,1229708.18181818,-2245247.72727273,3577,14.142497524989075,55.2680498505071,29.295198187679034
2021-11-03,887,2021-11-03,10.4,65.6,22.6,13.2,1229685.0,-2245269.0,3577,13.588597836161243,55.74145910379245,29.39551979120918
2021-11-04,888,2021-11-04,15.3636363636364,52.1363636363636,31.1363636363636,10.4545454545455,1229708.18181818,-2245247.72727273,3577,13.091400943552088,55.07841064085667,30.59169263047218
2021-11-13,889,2021-11-13,12.0,50.0,37.0,9.0,1229745.0,-2245305.0,3577,12.73961923244029,55.716924927020735,30.28758027786565
2021-11-20,890,2021-11-20,12.5454545454545,53.9545454545455,32.2727272727273,10.0909090909091,1229708.18181818,-2245247.72727273,3577,13.571473137049484,54.63598771056441,30.526537211728268
2021-11-29,891,2021-11-29,14.1363636363636,56.9090909090909,27.5909090909091,9.27272727272727,1229708.18181818,-2245247.72727273,3577,13.172208455769656,54.39892024664644,31.14279570696219
2021-12-15,892,2021-12-15,15.5909090909091,51.8181818181818,31.1818181818182,9.81818181818182,1229708.18181818,-2245247.72727273,3577,13.616721415368392,53.71121183909574,31.369117401029413
2021-12-22,893,2021-12-22,13.4090909090909,56.5909090909091,28.6818181818182,10.1818181818182,1229708.18181818,-2245247.72727273,3577,14.554400988820419,52.750077251758086,31.320633208610523
2021-12-31,894,2021-12-31,15.6818181818182,54.6818181818182,28.2272727272727,10.0909090909091,1229708.18181818,-2245247.72727273,3577,15.902150059338794,52.224833146018696,30.443631797412777
2022-01-07,895,2022-01-07,16.1363636363636,44.2727272727273,38.1363636363636,9.77272727272727,1229708.18181818,-2245247.72727273,3577,17.957097223066967,49.773947555392425,30.825087240365477
2022-01-16,896,2022-01-16,16.3636363636364,50.9090909090909,31.2727272727273,9.86363636363636,1229708.18181818,-2245247.72727273,3577,19.293210307842948,48.551511674358366,30.692115793011837
2022-02-17,897,2022-02-17,26.7727272727273,45.0909090909091,26.6363636363636,10.1818181818182,1229708.18181818,-2245247.72727273,3577,20.4220239372193,47.67397589744192,30.385310158455056
2022-03-05,898,2022-03-05,21.1363636363636,44.4545454545455,32.8181818181818,9.90909090909091,1229708.18181818,-2245247.72727273,3577,20.819575302262876,47.15630836936073,30.463829443841774
2022-03-21,899,2022-03-21,19.9090909090909,53.7727272727273,24.8636363636364,11.7727272727273,1229708.18181818,-2245247.72727273,3577,20.825639319866436,46.90719258224891,30.70709279461987
2022-04-06,900,2022-04-06,18.6363636363636,46.7727272727273,32.9090909090909,9.81818181818182,1229708.18181818,-2245247.72727273,3577,20.196111234667182,47.459214019859914,30.800975832493904
2022-04-14,901,2022-04-14,19.9545454545455,44.6363636363636,33.7727272727273,9.77272727272727,1229708.18181818,-2245247.72727273,3577,20.23768252574593,46.455212673612735,31.788396095878
2022-04-30,902,2022-04-30,19.9545454545455,41.4545454545455,37.2727272727273,9.95454545454546,1229708.18181818,-2245247.72727273,3577,20.727401644229403,43.817205592037226,33.948382042944964
2022-05-16,903,2022-05-16,22.0909090909091,45.0909090909091,31.3636363636364,11.0,1229708.18181818,-2245247.72727273,3577,22.118776804391302,41.94580764014418,34.445970016468706
2022-05-24,904,2022-05-24,25.5454545454545,41.0,31.9545454545455,10.5909090909091,1229708.18181818,-2245247.72727273,3577,24.46195375128307,39.275442401667895,34.75213598672131
2022-06-01,905,2022-06-01,25.4545454545455,35.7727272727273,37.1818181818182,10.5909090909091,1229708.18181818,-2245247.72727273,3577,25.192810566856913,38.14568600551707,35.16405322793767
2022-06-09,906,2022-06-09,26.6818181818182,35.9090909090909,35.9090909090909,10.6818181818182,1229708.18181818,-2245247.72727273,3577,25.428048590864947,38.220072075399884,34.84141540980313
2022-06-17,907,2022-06-17,24.6363636363636,38.8181818181818,34.9545454545455,10.6363636363636,1229708.18181818,-2245247.72727273,3577,25.07233422361108,37.729508600034904,35.66198465198778
2022-06-25,908,2022-06-25,23.7727272727273,39.5909090909091,35.1818181818182,10.5,1229708.18181818,-2245247.72727273,3577,24.631733450896675,38.5265923212671,35.32290844533493
2022-07-11,909,2022-07-11,22.5,40.0,36.0,11.0454545454545,1229708.18181818,-2245247.72727273,3577,23.930200815223976,38.80682236423284,35.77392295292128
2022-07-19,910,2022-07-19,23.7272727272727,40.3181818181818,34.5909090909091,10.9545454545455,1229708.18181818,-2245247.72727273,3577,23.177576715428582,40.45362040154568,34.88873383863013
2022-07-27,911,2022-07-27,23.8181818181818,38.9545454545455,35.5909090909091,10.6818181818182,1229708.18181818,-2245247.72727273,3577,22.85054812904174,42.33126920925331,33.378606898303595
2022-08-04,912,2022-08-04,23.1818181818182,43.5454545454545,31.9545454545455,10.5909090909091,1229708.18181818,-2245247.72727273,3577,22.251923374492506,41.15560197377765,35.13308799277879
2022-08-12,913,2022-08-12,22.1363636363636,42.3636363636364,34.0,10.5454545454545,1229708.18181818,-2245247.72727273,3577,22.129580523610407,41.22699802307968,35.20650866161177
2022-08-20,914,2022-08-20,20.8181818181818,40.6363636363636,37.0909090909091,10.3181818181818,1229708.18181818,-2245247.72727273,3577,22.354228659038135,41.790758776820645,34.44011898599056
2022-08-28,915,2022-08-28,21.5,47.0909090909091,30.1363636363636,10.0909090909091,1229708.18181818,-2245247.72727273,3577,22.397156694507693,44.03382957224123,32.201638356010115
2022-09-05,916,2022-09-05,23.6363636363636,40.3636363636364,34.5909090909091,10.1818181818182,1229708.18181818,-2245247.72727273,3577,22.64638794922724,45.30653486675888,30.66743796591352
2022-09-13,917,2022-09-13,23.4545454545455,40.4090909090909,34.6363636363636,10.0454545454545,1229708.18181818,-2245247.72727273,3577,23.24827761599158,46.202431961501894,29.202903907233896
2022-09-29,918,2022-09-29,25.7619047619048,57.9523809523809,15.1428571428571,9.76190476190476,1229710.71428571,-2245245.0,3577,24.30383557712214,46.800066712528064,27.47246434960631
2022-10-07,919,2022-10-07,23.8636363636364,46.2727272727273,28.3636363636364,10.5909090909091,1229708.18181818,-2245247.72727273,3577,24.732585174461597,47.0835124627624,26.7597612069849
2022-10-15,920,2022-10-15,22.6363636363636,47.0909090909091,28.7727272727273,10.1818181818182,1229708.18181818,-2245247.72727273,3577,24.450815016671203,48.026366822025295,26.1296712012969
2022-10-23,921,2022-10-23,26.0909090909091,38.1818181818182,34.2272727272727,10.3181818181818,1229708.18181818,-2245247.72727273,3577,25.544678372566473,42.53590241261996,30.452106623084333
2022-10-31,922,2022-10-31,24.6363636363636,46.7727272727273,27.3181818181818,10.6363636363636,1229708.18181818,-2245247.72727273,3577,24.385104762950803,41.79193083864568,32.39153106954479
2022-11-08,923,2022-11-08,24.0,43.2272727272727,31.2272727272727,10.4090909090909,1229708.18181818,-2245247.72727273,3577,22.4372501970273,43.30188893571304,32.88674638054951
2022-11-16,924,2022-11-16,21.0,41.5,36.5,11.0,1229670.0,-2245200.0,3577,21.86191495870942,44.15963821704931,32.68838175682497
2022-12-02,925,2022-12-02,23.7727272727273,43.0,31.8181818181818,10.5454545454545,1229708.18181818,-2245247.72727273,3577,21.920764136060075,45.70602547536511,31.179204980565032
2022-12-10,926,2022-12-10,22.0909090909091,41.7272727272727,34.7727272727273,10.4090909090909,1229708.18181818,-2245247.72727273,3577,23.02033226156705,47.29109862587082,28.57743407959027
2022-12-18,927,2022-12-18,15.1666666666667,77.1666666666667,7.16666666666667,14.0,1229720.0,-2245240.0,3577,25.628839930034108,47.92567588111573,25.369679164349705
2023-01-19,928,2023-01-19,37.4545454545455,32.7727272727273,28.4090909090909,11.6818181818182,1229708.18181818,-2245247.72727273,3577,30.27619379858435,46.28134575099383,22.310942427926094
2023-02-12,929,2023-02-12,42.1363636363636,27.4545454545455,29.0,11.7727272727273,1229708.18181818,-2245247.72727273,3577,37.55398658666017,40.69046704274443,20.424618146035677
2023-02-20,930,2023-02-20,44.6818181818182,37.3181818181818,16.3181818181818,13.1363636363636,1229708.18181818,-2245247.72727273,3577,48.11549707602335,29.14616886095166,21.00249267702835
