time,Unnamed: 0,time_ymd,pv,npv,bs,ue,x,y,spatial_ref,pv_filter,npv_filter,bs_filter
1987-09-02,1,1987-09-02,12.6,53.1,32.95,8.95,-1747321.5,-2977666.5,3577,11.897583419332626,56.14841331269354,30.579850361197177
1987-09-18,2,1987-09-18,7.75,60.3,30.5,8.45,-1747321.5,-2977666.5,3577,8.854630448670687,55.149944714728036,34.534090741559815
1987-09-27,3,1987-09-27,6.0,56.1,36.25,8.1,-1747321.5,-2977666.5,3577,6.900873318288173,55.440372282516286,36.17269347010061
1987-10-20,4,1987-10-20,7.05,55.0,36.6,7.9,-1747321.5,-2977666.5,3577,5.715672854836937,56.43201442520332,36.3819151952279
1987-11-05,5,1987-11-05,5.35,57.15,36.15,8.1,-1747321.5,-2977666.5,3577,5.0328303361585025,57.642601013537586,35.89162955207847
1987-11-21,6,1987-11-21,5.7,53.5,39.35,7.95,-1747321.5,-2977666.5,3577,4.640587491284076,58.69527337987095,35.275327162517556
1987-11-30,7,1987-11-30,2.75,65.35,30.55,11.35,-1747321.5,-2977666.5,3577,4.381626500434538,59.31858431815866,34.95011563513884
1987-12-07,8,1987-12-07,4.75,54.1,39.85,7.55,-1747321.5,-2977666.5,3577,4.1530699950198375,59.346498083950515,35.1767195652592
1987-12-16,9,1987-12-16,3.05,58.3,37.2,7.15,-1747321.5,-2977666.5,3577,3.3910487345466795,59.57797527548959,35.70671913225559
1987-12-23,10,1987-12-23,3.2,65.6,30.0,7.6,-1747321.5,-2977666.5,3577,3.356977851868991,58.38074541556641,36.905402801527316
1988-01-08,11,1988-01-08,4.05,56.15,38.45,7.4,-1747321.5,-2977666.5,3577,3.820711641299305,56.03234536360634,38.793325250595
1988-01-17,12,1988-01-17,4.25,48.8,45.5,6.95,-1747321.5,-2977666.5,3577,4.088618502240182,52.887190673096086,41.632400571558435
1988-01-24,13,1988-01-24,3.8,51.6,43.15,7.75,-1747321.5,-2977666.5,3577,4.108697958387746,52.03778280542209,42.44207711792217
1988-02-02,14,1988-02-02,3.45,51.4,43.75,6.95,-1747321.5,-2977666.5,3577,3.8408387278350578,52.66468531467744,42.053640477163604
1988-02-09,15,1988-02-09,6.6,51.75,40.15,7.25,-1747321.5,-2977666.5,3577,4.344750914719306,51.61250297689155,42.56953711922115
1988-02-18,16,1988-02-18,2.7,50.85,45.0,6.95,-1747321.5,-2977666.5,3577,4.324663881009984,51.31955552186983,42.86840806251931
1988-02-25,17,1988-02-25,3.4,56.25,38.85,7.55,-1747321.5,-2977666.5,3577,4.599353742232313,51.69638550303412,42.20758189178611
1988-03-12,18,1988-03-12,4.75,56.1,37.7,7.7,-1747321.5,-2977666.5,3577,4.869043495203758,51.01549936131217,42.60887440732005
1988-03-21,19,1988-03-21,6.5,40.35,51.5,6.6,-1747321.5,-2977666.5,3577,4.701755829309305,50.01895797700004,43.756749442501416
1988-03-28,20,1988-03-28,5.1,47.45,46.05,6.8,-1747321.5,-2977666.5,3577,4.219858624347157,48.199382969964006,46.07847864209404
1988-04-06,21,1988-04-06,2.55,50.4,45.6,6.5,-1747321.5,-2977666.5,3577,4.259173179760778,49.149831128616356,45.1827621295046
1988-04-13,22,1988-04-13,4.45,54.15,39.9,7.15,-1747321.5,-2977666.5,3577,3.925577518456188,50.44709454631301,44.246491588899836
1988-04-22,23,1988-04-22,2.2,50.85,45.75,6.95,-1747321.5,-2977666.5,3577,2.7797007945610606,51.66260473272085,44.2205297798111
1988-05-08,24,1988-05-08,3.1,49.05,46.5,7.25,-1747321.5,-2977666.5,3577,2.7125138019870816,52.814350819451285,43.14356340253529
1988-05-24,25,1988-05-24,4.9,53.4,40.5,7.75,-1747321.5,-2977666.5,3577,3.887134382644638,52.63499426269537,42.145533568592285
1988-05-31,26,1988-05-31,4.9,60.1,33.6,7.9,-1747321.5,-2977666.5,3577,5.610752560132528,50.595576868943915,42.448227933051314
1988-06-16,27,1988-06-16,3.4,40.55,54.4,5.85,-1747321.5,-2977666.5,3577,7.248180302668384,49.249262811484556,42.111837233967165
1988-07-18,28,1988-07-18,10.25,47.9,40.65,10.9,-1747321.5,-2977666.5,3577,8.010909523911423,48.79281105890284,41.79042196193275
1988-07-27,29,1988-07-27,11.25,48.95,38.35,8.3,-1747321.5,-2977666.5,3577,8.137757907725732,48.51728441836076,41.90705470998962
1988-08-19,30,1988-08-19,7.45,49.9,41.3,8.15,-1747321.5,-2977666.5,3577,7.1473575959633395,47.7860215635686,43.648872025800486
1988-08-28,31,1988-08-28,4.15,48.2,46.2,7.35,-1747321.5,-2977666.5,3577,5.4503864556487995,47.80939942409816,45.37670441013417
1988-09-04,32,1988-09-04,3.05,47.45,48.0,7.5,-1747321.5,-2977666.5,3577,3.920980103487259,49.12955573837193,45.58785966354945
1988-09-13,33,1988-09-13,0.6,51.55,46.7,7.2,-1747321.5,-2977666.5,3577,2.1411981207643653,50.82364307518347,45.669869449429186
1988-09-29,34,1988-09-29,1.95,45.7,50.8,6.75,-1747321.5,-2977666.5,3577,0.996440710991646,45.96786572559879,51.5684849206444
1988-10-06,35,1988-10-06,1.75,49.05,47.95,7.4,-1747321.5,-2977666.5,3577,1.2856567581023857,46.100823789207,51.1770085951124
1988-10-15,36,1988-10-15,1.5,48.9,48.15,7.0,-1747321.5,-2977666.5,3577,1.5438870726794103,48.03551061940437,49.0355625798277
1988-10-22,37,1988-10-22,2.85,46.6,48.9,6.95,-1747321.5,-2977666.5,3577,1.4692426768275961,50.7630204161088,46.44862629629737
1988-10-31,38,1988-10-31,0.0,46.55,52.35,5.0,-1747321.5,-2977666.5,3577,1.2997142176706795,53.425404317037206,44.03764965683812
1988-11-23,39,1988-11-23,1.75,52.1,44.85,7.15,-1747321.5,-2977666.5,3577,1.2954025850308748,54.32913247742157,43.19199484725155
1988-12-02,40,1988-12-02,0.2,75.95,23.2,7.5,-1747321.5,-2977666.5,3577,1.0683452770138482,54.12767325552895,43.682094221561385
1988-12-09,41,1988-12-09,1.05,46.8,50.85,6.8,-1747321.5,-2977666.5,3577,1.2231895039942748,52.69290307215216,44.907208426241965
1988-12-25,42,1988-12-25,2.05,45.25,51.3,6.85,-1747321.5,-2977666.5,3577,1.2893989911015846,50.343293857837416,47.1565946437393
1989-01-03,43,1989-01-03,1.65,44.15,52.95,6.25,-1747321.5,-2977666.5,3577,1.2687836930869087,48.3005748121775,49.11917880879995
1989-01-10,44,1989-01-10,1.25,43.3,53.95,6.3,-1747321.5,-2977666.5,3577,1.3154062655608676,45.91715343479363,51.357190023591016
1989-01-19,45,1989-01-19,0.4,50.95,47.35,6.4,-1747321.5,-2977666.5,3577,1.0604960055422867,45.03184849205849,52.517836497859605
1989-01-26,46,1989-01-26,1.0,49.8,47.85,6.85,-1747321.5,-2977666.5,3577,0.669988525406382,47.479888068580664,50.54424321807468
1989-02-04,47,1989-02-04,0.2,46.95,51.7,6.3,-1747321.5,-2977666.5,3577,0.24867176167482075,51.24926714151954,47.360330381685536
1989-02-11,48,1989-02-11,0.55,52.3,45.95,6.55,-1747321.5,-2977666.5,3577,0.4306750525016137,49.2467427309459,49.16648444434088
1989-02-20,49,1989-02-20,0.85,45.4,52.7,6.1,-1747321.5,-2977666.5,3577,0.7646127865940966,47.214947281813295,50.89352334970769
1989-02-27,50,1989-02-27,0.4,49.2,49.4,6.85,-1747321.5,-2977666.5,3577,1.2298956461493322,46.33444759574098,51.2639015782902
1989-03-08,51,1989-03-08,0.65,44.5,53.65,6.5,-1747321.5,-2977666.5,3577,1.2540843057869042,44.5718536881009,52.979805797909336
1989-03-15,52,1989-03-15,3.3,38.85,56.35,6.55,-1747321.5,-2977666.5,3577,1.4720149819218815,43.75342722292533,53.57242958279309
1989-03-24,53,1989-03-24,1.2,45.65,51.85,6.45,-1747321.5,-2977666.5,3577,1.476123102903066,44.702076251914775,52.581296412557904
1989-04-09,54,1989-04-09,0.05,49.95,49.0,6.25,-1747321.5,-2977666.5,3577,0.13792136655911486,46.853713005253994,51.76746627984245
1989-04-16,55,1989-04-16,0.75,50.95,46.95,6.9,-1747321.5,-2977666.5,3577,0.0,50.38021282122697,48.64228387710634
1989-04-25,56,1989-04-25,0.15,45.15,53.75,6.65,-1747321.5,-2977666.5,3577,0.10192903072158488,53.22427526033542,45.41664682066481
1989-05-02,57,1989-05-02,3.3,59.8,35.35,8.1,-1747321.5,-2977666.5,3577,2.9704107038467935,55.56845461039677,40.20586395028519
1989-05-18,58,1989-05-18,3.3,59.2,36.2,8.35,-1747321.5,-2977666.5,3577,7.576114442831577,53.20462123015507,37.94634328519211
1989-06-03,59,1989-06-03,11.75,48.95,38.05,8.4,-1747321.5,-2977666.5,3577,13.599427352830894,50.043839442283975,35.020903245356216
1989-06-19,60,1989-06-19,24.45,47.9,26.3,9.7,-1747321.5,-2977666.5,3577,19.425277663510055,48.51317846239722,30.772935114416587
1989-06-28,61,1989-06-28,25.2,43.2,30.35,7.9,-1747321.5,-2977666.5,3577,24.89852345796246,45.45661521140718,28.399575656537355
1989-07-05,62,1989-07-05,31.25,38.8,28.85,9.1,-1747321.5,-2977666.5,3577,29.334781008460837,43.14941652773825,26.281020372812108
1989-07-14,63,1989-07-14,26.8,41.9,30.0,8.6,-1747321.5,-2977666.5,3577,30.782396241524772,42.349270389047334,25.66685574487048
1989-07-21,64,1989-07-21,29.6,54.15,14.95,12.5,-1747321.5,-2977666.5,3577,29.823605187377822,44.43825369676098,24.464932126693178
1989-07-30,65,1989-07-30,27.6,43.05,28.2,9.55,-1747321.5,-2977666.5,3577,26.25092446253045,46.207130485606555,26.23537097576953
1989-08-06,66,1989-08-06,24.45,41.6,32.4,8.9,-1747321.5,-2977666.5,3577,21.85680140292817,47.38791920153441,29.39753187988042
1989-08-15,67,1989-08-15,16.85,54.7,27.15,10.85,-1747321.5,-2977666.5,3577,17.52098118599405,48.868811838309185,32.191307454150945
1989-08-31,68,1989-08-31,10.35,48.3,39.85,7.45,-1747321.5,-2977666.5,3577,13.007523436314063,49.58510900863101,35.95545259693329
1989-09-07,69,1989-09-07,10.15,47.65,40.75,6.8,-1747321.5,-2977666.5,3577,9.711129273202125,50.27712442355654,38.58435016994812
1989-09-16,70,1989-09-16,5.85,52.1,40.6,7.1,-1747321.5,-2977666.5,3577,6.75919266491921,52.49332416808412,39.31903916516333
1989-09-23,71,1989-09-23,5.95,52.4,40.2,6.5,-1747321.5,-2977666.5,3577,5.8763396046668985,49.32442139902703,43.310590183803534
1989-10-09,72,1989-10-09,6.85,50.6,41.1,7.65,-1747321.5,-2977666.5,3577,5.48398969451519,46.06714044468774,46.92823832513534
1989-11-03,73,1989-11-03,5.85,49.75,42.95,6.55,-1747321.5,-2977666.5,3577,5.009939596006957,48.65138019874135,44.82728246984543
1989-11-19,74,1989-11-19,3.7,48.4,46.4,6.65,-1747321.5,-2977666.5,3577,4.139194396933716,54.60159020545203,39.80374764553736
1989-12-05,75,1989-12-05,3.5,47.4,47.4,6.6,-1747321.5,-2977666.5,3577,3.5925707419510102,58.88613414448448,36.087527333342365
1989-12-12,76,1989-12-12,3.1,54.9,40.6,7.0,-1747321.5,-2977666.5,3577,3.3371820130329075,62.80420987680111,32.51422091839563
1989-12-21,77,1989-12-21,1.05,95.0,3.05,6.45,-1747321.5,-2977666.5,3577,2.794717356946042,62.55711857800706,33.333675766952524
1989-12-28,78,1989-12-28,3.25,67.15,28.4,6.15,-1747321.5,-2977666.5,3577,2.502327393967887,62.134220268885905,34.142079282941054
1990-02-14,79,1990-02-14,4.65,45.9,47.95,7.0,-1747321.5,-2977666.5,3577,2.7798555933226696,61.03753058086512,34.94793024312625
1990-02-23,80,1990-02-23,2.9,49.05,46.85,6.55,-1747321.5,-2977666.5,3577,2.747780856913573,59.202764727523686,36.80836238064789
1990-03-02,81,1990-03-02,0.65,53.0,45.15,5.95,-1747321.5,-2977666.5,3577,2.630214986251745,56.98864339993519,39.09642555586243
1990-03-11,82,1990-03-11,2.25,55.65,40.65,6.85,-1747321.5,-2977666.5,3577,2.140647123773739,52.35374006797373,44.17967048430785
1990-03-18,83,1990-03-18,2.15,73.6,23.15,12.5,-1747321.5,-2977666.5,3577,1.5466290675266692,53.164815215736056,43.994654571428185
1990-04-03,84,1990-04-03,2.65,53.45,42.3,7.3,-1747321.5,-2977666.5,3577,1.5956840373246655,58.36041914740733,38.79263785749274
1990-04-19,85,1990-04-19,0.1,50.55,48.4,5.8,-1747321.5,-2977666.5,3577,1.52668059494662,58.47505899672208,38.70482798934232
1990-04-28,86,1990-04-28,1.75,50.0,46.85,6.95,-1747321.5,-2977666.5,3577,1.6442258979408215,57.255731884206305,39.79045335468889
1990-05-05,87,1990-05-05,1.15,54.4,43.15,7.95,-1747321.5,-2977666.5,3577,1.4646160341204584,57.01770334927377,40.18193184523854
1990-05-14,88,1990-05-14,4.1,72.8,21.65,9.4,-1747321.5,-2977666.5,3577,1.430835263807186,55.86031630906956,41.33633116109279
1990-05-21,89,1990-05-21,3.05,51.95,43.55,7.45,-1747321.5,-2977666.5,3577,3.848057979171956,54.6318225118453,40.11791768602315
1990-05-30,90,1990-05-30,1.2,55.15,42.35,7.7,-1747321.5,-2977666.5,3577,5.04417068999037,55.0980677217437,38.46972980579217
1990-06-22,91,1990-06-22,8.9,49.0,40.75,8.25,-1747321.5,-2977666.5,3577,7.735250456456731,52.58399474621599,38.261143706648824
1990-07-01,92,1990-07-01,9.65,47.85,40.95,7.8,-1747321.5,-2977666.5,3577,9.194318993698424,52.49299616791093,37.007508281186965
1990-07-08,93,1990-07-08,13.2,49.9,35.8,8.15,-1747321.5,-2977666.5,3577,10.418541211109313,52.51944294095212,35.78011972547041
1990-07-17,94,1990-07-17,12.95,58.35,27.4,8.9,-1747321.5,-2977666.5,3577,11.316041337401876,53.34545634962794,34.073702974007475
1990-07-24,95,1990-07-24,5.35,59.35,33.95,5.55,-1747321.5,-2977666.5,3577,11.862397745645119,54.328195537548666,32.495056068254726
1990-08-09,96,1990-08-09,17.15,54.1,27.5,9.8,-1747321.5,-2977666.5,3577,11.786436107478831,53.48316522160437,33.37254592400744
1990-08-25,97,1990-08-25,5.66666666666667,49.6666666666667,43.3333333333333,12.3333333333333,-1747280.0,-2977675.0,3577,11.444383412468717,49.460877884261414,37.68653657189022
1990-09-03,98,1990-09-03,14.2,39.15,44.95,7.35,-1747321.5,-2977666.5,3577,11.123591798455708,46.3191880955866,41.062213206373585
1990-09-10,99,1990-09-10,11.85,45.6,41.0,7.7,-1747321.5,-2977666.5,3577,10.159381306324548,45.012267160891696,43.29023753661367
1990-09-19,100,1990-09-19,8.95,46.6,42.95,7.2,-1747321.5,-2977666.5,3577,9.061952427068025,45.10006966038554,44.303950544291595
1990-09-26,101,1990-09-26,7.95,48.5,42.1,7.6,-1747321.5,-2977666.5,3577,7.762368911547098,46.740109629649645,43.95060156413064
1990-10-05,102,1990-10-05,4.10526315789474,40.2631578947368,54.0526315789474,5.42105263157895,-1747322.36842105,-2977669.73684211,3577,5.786190020593738,48.564297035855674,44.13397098627084
1990-10-21,103,1990-10-21,3.09090909090909,66.0,29.4545454545455,7.27272727272727,-1747332.27272727,-2977637.72727273,3577,5.182934250139841,50.28945435097526,43.06654718151181
1990-11-06,104,1990-11-06,6.0,44.45,48.15,6.75,-1747321.5,-2977666.5,3577,3.8300900264053923,50.52084769555906,44.18095238193236
1990-12-08,105,1990-12-08,4.65,45.25,48.5,6.4,-1747321.5,-2977666.5,3577,3.882779045653426,50.266516008019,44.39708637311334
1990-12-15,106,1990-12-15,4.3,50.3,44.1,7.2,-1747321.5,-2977666.5,3577,3.543784130751619,51.8811454880385,43.187364609993594
1990-12-24,107,1990-12-24,1.45,52.25,44.9,6.7,-1747321.5,-2977666.5,3577,3.1357475179207492,47.77409784283765,47.69326725091044
1990-12-31,108,1990-12-31,3.2,50.45,44.9,6.95,-1747321.5,-2977666.5,3577,2.9117365036783855,46.09235030896393,49.59116399324229
1991-01-09,109,1991-01-09,3.1,46.7,48.85,6.5,-1747321.5,-2977666.5,3577,2.361804530811837,46.984706828116785,49.245924240327824
1991-01-16,110,1991-01-16,0.1,49.8,48.9,5.6,-1747321.5,-2977666.5,3577,2.175337201497867,52.13526705491871,44.30238043689394
1991-01-25,111,1991-01-25,3.95,43.25,51.15,6.4,-1747321.5,-2977666.5,3577,2.3899532356185125,53.1698229015487,43.090464179776625
1991-02-17,112,1991-02-17,2.45,48.15,47.9,6.9,-1747321.5,-2977666.5,3577,2.716219229686315,54.51468423216835,41.40625690098756
1991-02-26,113,1991-02-26,2.3,81.7,14.95,9.5,-1747321.5,-2977666.5,3577,1.684135833206788,56.31140747796253,40.66551235141959
1991-03-05,114,1991-03-05,1.1,53.65,43.95,6.8,-1747321.5,-2977666.5,3577,1.0554255342179455,56.55689016864642,41.0352010218822
1991-03-14,115,1991-03-14,1.3,46.4,50.9,6.2,-1747321.5,-2977666.5,3577,0.8917978306521863,53.525433544775396,44.2012297300157
1991-03-30,116,1991-03-30,0.6,45.1,52.9,6.4,-1747321.5,-2977666.5,3577,1.10356196679302,49.89728022506322,47.65833457726178
1991-04-06,117,1991-04-06,1.0,48.85,48.65,6.85,-1747321.5,-2977666.5,3577,2.4471718032656224,46.45426576844328,49.7629679998923
1991-04-15,118,1991-04-15,1.1,47.55,50.1,6.5,-1747321.5,-2977666.5,3577,3.9189429358317107,43.73137315673733,51.00290408629226
1991-05-08,119,1991-05-08,10.65,42.05,46.0,6.9,-1747321.5,-2977666.5,3577,4.756638570814165,45.20534804936932,48.72939341902277
1991-05-17,120,1991-05-17,6.1,48.05,44.65,7.3,-1747321.5,-2977666.5,3577,6.2193933164756485,51.256267555151865,41.27134935293843
1991-05-24,121,1991-05-24,10.6,57.3,30.95,8.4,-1747321.5,-2977666.5,3577,9.10146321008169,52.383432544309514,37.2666498402959
1991-06-02,122,1991-06-02,11.4,51.9,35.25,8.15,-1747321.5,-2977666.5,3577,13.48553169984449,53.59658092436337,31.664331676140534
1991-06-09,123,1991-06-09,12.2631578947368,55.7368421052632,30.8421052631579,7.63157894736842,-1747317.63157895,-2977668.15789474,3577,18.879430509197924,54.045840659251205,25.781542369961194
1991-06-18,124,1991-06-18,26.6,53.6,18.35,10.6,-1747321.5,-2977666.5,3577,25.02222550139725,53.89691758460711,19.761585351259768
1991-07-04,125,1991-07-04,35.15,48.85,14.7,11.75,-1747321.5,-2977666.5,3577,31.118500816434896,49.216915624697094,18.335772358647247
1991-07-11,126,1991-07-11,38.4,44.95,15.4,11.85,-1747321.5,-2977666.5,3577,36.904980794009006,43.875160581631135,17.871119861071566
1991-07-27,127,1991-07-27,37.6,43.9,17.1,12.5,-1747321.5,-2977666.5,3577,38.70631923070647,41.87776572457388,18.05573302369513
1991-08-05,128,1991-08-05,37.05,39.25,22.3,10.0,-1747321.5,-2977666.5,3577,37.683313240444654,42.00457240331144,18.97783209946035
1991-08-12,129,1991-08-12,33.95,38.5,26.25,9.6,-1747321.5,-2977666.5,3577,33.27391085368428,42.6964511372546,22.63008462939687
1991-08-21,130,1991-08-21,28.0,41.2,29.3,8.8,-1747321.5,-2977666.5,3577,27.29107739253983,45.83768378435283,25.476300976191254
1991-09-06,131,1991-09-06,21.5,61.15,16.0,10.3,-1747321.5,-2977666.5,3577,21.821027733872775,49.50052609928031,27.252023208985083
1991-09-29,132,1991-09-29,14.7,54.35,29.55,8.25,-1747321.5,-2977666.5,3577,17.379858840846957,52.53748403298702,28.681538894537706
1991-10-08,133,1991-10-08,13.85,49.35,35.4,7.45,-1747321.5,-2977666.5,3577,13.19348597467188,55.56741523100478,29.84794682260425
1991-10-15,134,1991-10-15,11.05,55.15,32.2,7.7,-1747321.5,-2977666.5,3577,10.399994986273372,56.036599851175154,32.15035244207813
1991-10-31,135,1991-10-31,9.55,56.95,32.35,8.0,-1747321.5,-2977666.5,3577,9.117484796447096,54.20634959792534,35.23995836328697
1991-11-09,136,1991-11-09,7.75,54.75,36.0,7.45,-1747321.5,-2977666.5,3577,8.510581067944958,53.65068465833511,36.39109642190408
1991-11-16,137,1991-11-16,9.05,54.95,34.55,7.65,-1747321.5,-2977666.5,3577,7.751272118787661,55.60090708541077,35.1937193977552
1991-11-25,138,1991-11-25,5.25,56.15,37.05,7.15,-1747321.5,-2977666.5,3577,7.147238178147978,58.615908663594226,32.83506656289284
1991-12-02,139,1991-12-02,9.25,53.95,35.4,7.35,-1747321.5,-2977666.5,3577,6.58788290900788,59.71787637976253,32.31295364240946
1991-12-11,140,1991-12-11,5.26315789473684,67.5789473684211,25.8421052631579,11.1052631578947,-1747322.36842105,-2977665.0,3577,6.52817912900103,60.64158446245695,31.479899121567875
1991-12-18,141,1991-12-18,5.05,68.35,25.35,8.75,-1747321.5,-2977666.5,3577,6.110792043217397,62.1665037585753,30.332960570466227
1991-12-27,142,1991-12-27,6.2,57.65,34.85,7.35,-1747321.5,-2977666.5,3577,6.1476971618888445,61.72986111980627,30.78149428377908
1992-01-03,143,1992-01-03,7.6,54.7,36.25,7.5,-1747321.5,-2977666.5,3577,5.952192251287011,60.53992719842394,32.12027009164382
1992-01-12,144,1992-01-12,5.45,63.45,29.55,8.1,-1747321.5,-2977666.5,3577,6.091189004900006,59.59547454337178,32.905294607619815
1992-01-19,145,1992-01-19,5.45,58.55,34.6,7.3,-1747321.5,-2977666.5,3577,6.002011415339506,59.65106695487097,32.975973431810125
1992-01-28,146,1992-01-28,5.75,56.25,36.5,6.9,-1747321.5,-2977666.5,3577,5.902685020697826,55.22990128658196,37.32593645558706
1992-02-04,147,1992-02-04,6.85,56.55,35.4,7.25,-1747321.5,-2977666.5,3577,5.420386318910847,56.91090285792873,36.10600068824232
1992-02-13,148,1992-02-13,4.2,62.65,31.55,6.4,-1747321.5,-2977666.5,3577,5.1092132325870825,57.53216458463277,35.92838987637212
1992-02-20,149,1992-02-20,6.5,56.9,35.25,7.25,-1747321.5,-2977666.5,3577,5.8307735608036495,58.76623979734557,34.129721362224
1992-02-29,150,1992-02-29,5.15,54.95,38.4,6.9,-1747321.5,-2977666.5,3577,6.67406092359553,62.52045833422608,29.657872004152395
1992-03-07,151,1992-03-07,5.95,59.55,33.1,7.25,-1747321.5,-2977666.5,3577,7.266463876679509,67.08725887114977,24.58668189395376
1992-03-16,152,1992-03-16,9.7,90.5,0.0,6.0,-1747321.5,-2977666.5,3577,7.325238693194254,69.68712139252894,21.976320119505694
1992-03-23,153,1992-03-23,7.6,60.2,31.0,7.55,-1747321.5,-2977666.5,3577,7.8721102426973,70.43240598409824,20.669005607392613
1992-04-08,154,1992-04-08,8.5,77.1,12.85,9.65,-1747321.5,-2977666.5,3577,6.4483881443624105,70.51763839874242,21.905900755587886
1992-04-17,155,1992-04-17,3.8,65.15,29.65,8.05,-1747321.5,-2977666.5,3577,4.9729946524056725,68.91949923140844,24.789232284739416
1992-04-24,156,1992-04-24,5.2,57.75,35.65,8.0,-1747321.5,-2977666.5,3577,4.945266188918701,62.897911840472105,30.745716512584984
1992-05-03,157,1992-05-03,4.85,59.85,33.85,8.3,-1747321.5,-2977666.5,3577,5.888130290760991,56.53672519430189,36.02809868149886
1992-05-10,158,1992-05-10,8.25,56.7,33.6,8.25,-1747321.5,-2977666.5,3577,8.596626902507973,53.46089112125465,36.434515793798276
1992-05-19,159,1992-05-19,7.95,53.9,36.7,7.95,-1747321.5,-2977666.5,3577,13.290890688257125,53.805578167954025,31.614136482707615
1992-07-22,160,1992-07-22,24.1,45.15,29.65,9.65,-1747321.5,-2977666.5,3577,17.630875316631197,51.09955617137517,29.979796055333374
1992-07-29,161,1992-07-29,21.9,49.25,27.55,9.4,-1747321.5,-2977666.5,3577,21.638505921320025,51.98183333693393,25.090821407690726
1992-08-07,162,1992-08-07,22.65,58.75,17.1,10.65,-1747321.5,-2977666.5,3577,23.311105458005997,50.68179328410769,24.724333715816094
1992-08-14,163,1992-08-14,24.35,53.05,21.6,10.9,-1747321.5,-2977666.5,3577,23.654928662665064,50.37666219228934,24.67110892203403
1992-08-23,164,1992-08-23,21.95,46.2,30.4,9.15,-1747321.5,-2977666.5,3577,22.03135486803889,50.82783346683516,25.830420662924542
1992-09-08,165,1992-09-08,17.1,50.0,31.55,9.5,-1747321.5,-2977666.5,3577,19.414529433411985,50.853981467441365,28.3850137478578
1992-09-15,166,1992-09-15,17.3,48.8,32.45,9.1,-1747321.5,-2977666.5,3577,15.826216198659658,50.70296174413063,32.10573946177181
1992-09-24,167,1992-09-24,12.8,52.6,33.3,8.9,-1747321.5,-2977666.5,3577,13.89883522050497,50.212119768768616,34.53555175474165
1992-10-01,168,1992-10-01,12.65,55.05,31.0,9.05,-1747321.5,-2977666.5,3577,10.8414795730569,52.128468899513734,35.64545562795804
1992-10-10,169,1992-10-10,8.1,51.5,39.0,8.3,-1747321.5,-2977666.5,3577,8.526510641060451,55.0767953408738,34.98418779362529
1992-10-26,170,1992-10-26,6.7,56.2,35.6,7.7,-1747321.5,-2977666.5,3577,7.116679295935198,56.735650263041165,34.77501677888155
1992-11-11,171,1992-11-11,5.0,58.15,35.5,7.8,-1747321.5,-2977666.5,3577,6.115633592412864,57.41230920781146,35.05676892766153
1992-12-04,172,1992-12-04,6.4,59.35,32.8,8.4,-1747321.5,-2977666.5,3577,5.2563034488723215,58.213375479001456,35.0994814782688
1992-12-20,173,1992-12-20,4.45,60.1,34.05,8.15,-1747321.5,-2977666.5,3577,5.31682651713532,59.06102751736543,34.20444261620221
1993-01-05,174,1993-01-05,6.7,56.5,35.4,7.8,-1747321.5,-2977666.5,3577,5.324239382907318,58.55683016672854,34.744241980924095
1993-01-21,175,1993-01-21,5.8,58.2,34.6,7.75,-1747321.5,-2977666.5,3577,6.1955604766741015,57.534362696118805,34.84087429597745
1993-01-30,176,1993-01-30,5.2,57.35,36.0,7.35,-1747321.5,-2977666.5,3577,5.838635667736962,56.887693575765574,35.83580274214414
1993-02-15,177,1993-02-15,5.1,58.25,35.3,7.5,-1747321.5,-2977666.5,3577,5.308558160105354,57.76128360802421,35.51506620314139
1993-02-22,178,1993-02-22,6.2,57.45,34.95,8.0,-1747321.5,-2977666.5,3577,5.228457919788406,59.320550966052934,34.044029809194996
1993-03-03,179,1993-03-03,4.5,55.25,38.65,7.35,-1747321.5,-2977666.5,3577,4.650705641107422,59.281117334668835,34.65965582404693
1993-03-10,180,1993-03-10,3.7,66.85,28.05,8.75,-1747321.5,-2977666.5,3577,2.8925987325363796,60.25061656608743,35.480176943793936
1993-03-19,181,1993-03-19,0.714285714285714,64.1428571428571,34.2142857142857,5.92857142857143,-1747337.14285714,-2977673.57142857,3577,2.5580201532210087,61.76370518025941,34.35239868490129
1993-03-26,182,1993-03-26,5.95,59.4,33.15,7.65,-1747321.5,-2977666.5,3577,2.775969232005969,62.81523476522537,33.15766725534032
1993-04-20,183,1993-04-20,4.05,58.95,35.6,7.8,-1747321.5,-2977666.5,3577,4.828313946115083,63.02142671568974,30.929599966592246
1993-05-06,184,1993-05-06,2.65,60.95,35.35,8.2,-1747321.5,-2977666.5,3577,8.035991098683398,62.76009393082758,27.980851346791432
1993-06-23,185,1993-06-23,12.45,71.05,15.35,9.5,-1747321.5,-2977666.5,3577,12.171616464029505,61.19538047091312,25.396452463940932
1993-06-30,186,1993-06-30,20.05,57.85,20.85,10.9,-1747321.5,-2977666.5,3577,15.471595896361386,59.64369608718563,23.61570163582195
1993-07-09,187,1993-07-09,16.9,53.75,28.0,9.5,-1747321.5,-2977666.5,3577,17.538229726926794,58.39004911496299,22.804700098659538
1993-07-16,188,1993-07-16,19.95,57.1,21.5,9.9,-1747321.5,-2977666.5,3577,17.852712612462266,55.71515465957358,25.181338475761954
1993-08-01,189,1993-08-01,14.6,53.9,30.3,9.45,-1747321.5,-2977666.5,3577,16.667750979667993,53.316645738154804,28.673116975899067
1993-08-17,190,1993-08-17,13.4,51.35,34.05,9.2,-1747321.5,-2977666.5,3577,13.399876593992241,51.83656714801452,33.420363073454055
1993-08-26,191,1993-08-26,8.75,52.9,36.9,8.4,-1747321.5,-2977666.5,3577,9.895301911709105,51.77574205979005,36.92953192317965
1993-09-02,192,1993-09-02,8.2,50.2,40.15,8.5,-1747321.5,-2977666.5,3577,7.419521964102899,53.74031479355753,37.43979735434284
1993-09-18,193,1993-09-18,5.35,56.15,37.05,8.0,-1747321.5,-2977666.5,3577,5.913956786246924,52.7645629911805,39.87930243130886
1993-09-27,194,1993-09-27,3.75,56.25,38.55,8.0,-1747321.5,-2977666.5,3577,4.046270757106065,55.12674879299443,39.42664054211453
1993-10-04,195,1993-10-04,4.7,54.5,39.4,8.1,-1747321.5,-2977666.5,3577,3.482745891878497,56.089058000814326,38.97581350537425
1993-10-20,196,1993-10-20,2.9,58.25,37.3,7.95,-1747321.5,-2977666.5,3577,2.4799237913785284,59.24520556841653,36.87270237501884
1993-10-29,197,1993-10-29,0.5,60.35,38.2,7.4,-1747321.5,-2977666.5,3577,1.9505856372726518,61.19483968043426,35.50802572040432
1993-11-05,198,1993-11-05,2.45,61.05,34.9,7.9,-1747321.5,-2977666.5,3577,1.459781549719412,62.851252462698184,34.36391240338096
1993-11-14,199,1993-11-14,0.3,70.15,28.35,8.4,-1747321.5,-2977666.5,3577,1.3916884972610446,62.47667518239341,34.861554699165595
1993-11-21,200,1993-11-21,2.5,54.65,41.25,8.1,-1747321.5,-2977666.5,3577,1.2675020026411319,61.8570568750043,35.624866310155106
1993-11-30,201,1993-11-30,0.0,70.95,28.3,15.05,-1747321.5,-2977666.5,3577,1.2043246227454951,60.18540669855561,37.38717768299253
1993-12-16,202,1993-12-16,2.25,48.1,48.3,7.15,-1747321.5,-2977666.5,3577,1.3715495031282452,58.74202515749626,38.65197449608637
1994-01-08,203,1994-01-08,1.4,58.3,39.05,7.55,-1747321.5,-2977666.5,3577,1.1209281430641984,57.590545367936144,40.07020394465616
1994-01-17,204,1994-01-17,0.6,54.65,43.55,7.0,-1747321.5,-2977666.5,3577,0.8529574141027976,55.79042737447477,42.15494923032993
1994-01-24,205,1994-01-24,0.6,59.8,38.25,7.35,-1747321.5,-2977666.5,3577,0.9284039489920457,55.69623286928956,42.12588062092077
1994-02-02,206,1994-02-02,0.45,57.05,41.35,6.9,-1747321.5,-2977666.5,3577,0.7077301955009877,55.681336465383865,42.38048128341613
1994-02-09,207,1994-02-09,1.0,54.85,42.85,7.05,-1747321.5,-2977666.5,3577,0.8546861806922448,54.50852908700391,43.36047435535952
1994-03-06,208,1994-03-06,0.75,50.05,48.1,7.3,-1747321.5,-2977666.5,3577,0.6082985126327869,54.94675463854209,43.24357098009703
1994-03-13,209,1994-03-13,1.35,53.8,43.5,7.6,-1747321.5,-2977666.5,3577,0.8542426613632764,53.46443401798639,44.45447431824477
1994-03-22,210,1994-03-22,0.25,57.4,41.35,7.35,-1747321.5,-2977666.5,3577,0.5514248908984927,53.40706321541437,44.887196394929624
1994-04-07,211,1994-04-07,0.25,49.5,48.95,6.85,-1747321.5,-2977666.5,3577,0.4132112469573155,53.12160996897045,45.34800741053934
1994-04-14,212,1994-04-14,0.45,57.7,40.75,7.45,-1747321.5,-2977666.5,3577,0.33953461399276763,54.63528638543303,43.971964413289115
1994-04-23,213,1994-04-23,0.0,53.95,45.2,7.6,-1747321.5,-2977666.5,3577,0.21334439554250603,55.39378840972441,43.40050151086655
1994-04-30,214,1994-04-30,0.6,57.0,41.45,7.55,-1747321.5,-2977666.5,3577,0.545984201556875,56.62685905424998,41.8428297708421
1994-05-09,215,1994-05-09,0.0,52.2,46.9,7.35,-1747321.5,-2977666.5,3577,0.3541874534134062,56.22829770847507,42.50240131385008
1994-05-16,216,1994-05-16,2.07142857142857,61.7142857142857,35.0714285714286,10.9285714285714,-1747320.0,-2977656.42857143,3577,0.7067746494990017,56.326839569091206,42.00076780803708
1994-05-25,217,1994-05-25,0.15,58.15,40.85,8.05,-1747321.5,-2977666.5,3577,1.214225557723828,57.692980858142505,40.07377436804083
1994-06-10,218,1994-06-10,1.15,54.6,43.05,8.05,-1747321.5,-2977666.5,3577,1.3789996381325584,56.64888702627794,40.856683718751924
1994-06-17,219,1994-06-17,1.8,57.4,39.8,8.05,-1747321.5,-2977666.5,3577,1.4500804149408795,57.66344352241324,39.800226553626175
1994-06-26,220,1994-06-26,0.7,53.55,44.65,7.95,-1747321.5,-2977666.5,3577,1.633044973602005,57.43526581776497,39.822076994207265
1994-07-03,221,1994-07-03,4.5,62.5,31.55,9.55,-1747321.5,-2977666.5,3577,1.7068666627487605,57.6708446352323,39.514584950647155
1994-07-12,222,1994-07-12,0.2,57.8,41.1,8.85,-1747321.5,-2977666.5,3577,1.7784659612830334,56.27012260184794,40.819853521085804
1994-07-28,223,1994-07-28,0.4,50.3,48.3,7.4,-1747321.5,-2977666.5,3577,2.1307922727424193,55.78322312361726,40.90383022549594
1994-08-13,224,1994-08-13,3.45,59.4,35.9,7.95,-1747321.5,-2977666.5,3577,2.017626491155601,53.152103314634076,43.589811426956615
1994-08-20,225,1994-08-20,2.55,47.2,48.6,7.55,-1747321.5,-2977666.5,3577,1.93716577540078,50.002472450142996,46.71796531641035
1994-08-29,226,1994-08-29,1.5,48.5,48.85,7.15,-1747321.5,-2977666.5,3577,2.183458182683863,47.87817770464114,48.495793370708725
1994-09-05,227,1994-09-05,2.85,43.9,51.55,7.15,-1747321.5,-2977666.5,3577,2.2138972482622425,46.5675474680049,49.68989045009974
1994-09-14,228,1994-09-14,1.85,47.9,48.75,6.95,-1747321.5,-2977666.5,3577,2.689699928554016,46.39299292038537,49.307136980659024
1994-10-16,229,1994-10-16,1.55,44.7,52.15,6.35,-1747321.5,-2977666.5,3577,2.0163664508862738,46.50478360647944,50.00208274696692
1994-10-23,230,1994-10-23,2.75,49.9,45.95,6.8,-1747321.5,-2977666.5,3577,1.8045541146157644,47.11133819739926,49.66148000605463
1994-11-08,231,1994-11-08,2.75,48.8,47.0,7.1,-1747321.5,-2977666.5,3577,1.8248046071572757,48.5719987442825,48.24378531684312
1994-12-03,232,1994-12-03,0.35,46.45,52.05,6.4,-1747321.5,-2977666.5,3577,1.6323745913526757,48.21366126133208,48.811772283436824
1994-12-10,233,1994-12-10,1.6,45.95,51.15,6.65,-1747321.5,-2977666.5,3577,1.4778507869836932,46.31113252072312,50.88908289851802
1994-12-19,234,1994-12-19,0.4,50.05,48.35,6.4,-1747321.5,-2977666.5,3577,1.4038818766370849,46.31171599297842,50.95639221458893
1994-12-26,235,1994-12-26,2.8,42.85,52.65,6.75,-1747321.5,-2977666.5,3577,1.1830273441726782,44.222809543391165,53.28095975231402
1995-01-04,236,1995-01-04,0.55,42.3,56.05,6.2,-1747321.5,-2977666.5,3577,1.032049838706031,43.976473835755186,53.68490766198943
1995-01-11,237,1995-01-11,1.3,44.75,52.55,6.7,-1747321.5,-2977666.5,3577,0.9819729805796448,45.41388425814992,52.37452315485588
1995-01-20,238,1995-01-20,0.45,45.2,53.3,6.15,-1747321.5,-2977666.5,3577,0.8268440537789148,47.16897204961516,50.852694364451466
1995-01-27,239,1995-01-27,0.1,54.7,44.35,10.85,-1747321.5,-2977666.5,3577,0.3691874688778163,48.4119757950955,50.1746573859502
1995-02-05,240,1995-02-05,0.65,40.2,57.9,5.95,-1747321.5,-2977666.5,3577,0.29460802355534804,49.84855160318812,48.85376171815071
1995-02-21,241,1995-02-21,0.15,62.85,36.1,8.9,-1747321.5,-2977666.5,3577,0.1861557946696987,50.50489510488756,48.32207018986483
1995-03-09,242,1995-03-09,0.3,44.6,54.1,6.35,-1747321.5,-2977666.5,3577,0.5180281019289532,49.34070341422546,49.04577172053219
1995-03-16,243,1995-03-16,0.65,46.9,51.25,6.65,-1747321.5,-2977666.5,3577,0.5161943319837284,48.00707311263869,50.36482712333353
1995-03-25,244,1995-03-25,0.55,45.75,52.55,6.15,-1747321.5,-2977666.5,3577,0.6821494295177485,46.94333174564672,51.21424689860457
1995-04-17,245,1995-04-17,1.1,48.2,49.5,6.7,-1747321.5,-2977666.5,3577,0.7095661304638572,47.0713557340422,51.05430946761453
1995-05-03,246,1995-05-03,0.5,46.05,52.3,6.15,-1747321.5,-2977666.5,3577,0.7567602675960676,47.87906860940201,50.22379787394517
1995-05-19,247,1995-05-19,0.8,50.4,47.65,7.15,-1747321.5,-2977666.5,3577,0.4217194570135116,49.33995323561149,49.14783498234776
1995-05-28,248,1995-05-28,0.4,51.05,47.7,7.0,-1747321.5,-2977666.5,3577,0.7452001558811593,49.184373985140624,49.02533503647322
1995-06-04,249,1995-06-04,0.95,52.65,45.3,7.1,-1747321.5,-2977666.5,3577,0.9297830652318428,50.52544436986406,47.561010197226
1995-06-13,250,1995-06-13,1.05,53.55,44.35,7.3,-1747321.5,-2977666.5,3577,1.1778453744396258,54.321579813367364,43.55334819978132
1995-06-29,251,1995-06-29,1.35,51.7,46.1,7.5,-1747321.5,-2977666.5,3577,1.7457197601157843,58.068575851384516,39.17447011192556
1995-07-06,252,1995-07-06,2.25,57.95,38.7,7.5,-1747321.5,-2977666.5,3577,2.2574141029246015,59.87032626815014,36.773515339144524
1995-07-22,253,1995-07-22,4.55,55.9,38.2,8.2,-1747321.5,-2977666.5,3577,2.5725107709623987,59.25662495398451,36.90945030201445
1995-07-31,254,1995-07-31,0.0,83.85,15.15,5.05,-1747321.5,-2977666.5,3577,2.6073372447981558,58.082628980917505,38.001793717113124
1995-08-07,255,1995-08-07,3.6,43.4,51.35,7.45,-1747321.5,-2977666.5,3577,2.3265485288701626,55.017996709164954,41.30226136092392
1995-08-16,256,1995-08-16,2.5,44.9,51.05,7.3,-1747321.5,-2977666.5,3577,1.8633007859011266,51.61482279329805,45.18077897334187
1995-09-01,257,1995-09-01,0.35,43.15,55.45,6.75,-1747321.5,-2977666.5,3577,1.2898244170688065,48.352161770111195,49.092181038768125
1995-09-08,258,1995-09-08,0.95,49.55,48.3,7.65,-1747321.5,-2977666.5,3577,0.7332308558313656,45.31742839203463,52.8082508822368
1995-09-17,259,1995-09-17,0.15,48.6,50.5,8.3,-1747321.5,-2977666.5,3577,0.4688010132281876,44.05309705773443,54.411019939804376
1995-09-24,260,1995-09-24,0.5,44.55,53.6,6.7,-1747321.5,-2977666.5,3577,0.340022516183456,44.87923856328757,53.796863971933334
1995-10-19,261,1995-10-19,0.15,47.5,51.6,6.35,-1747321.5,-2977666.5,3577,0.0,47.546887787128355,51.55034315528901
1995-10-26,262,1995-10-26,0.3,43.15,55.35,6.55,-1747321.5,-2977666.5,3577,0.2843934703067403,44.77304553031438,53.87738422567339
1995-11-04,263,1995-11-04,0.15,41.95,56.85,6.15,-1747321.5,-2977666.5,3577,0.4197611985537054,43.42501028382732,55.010487345463645
1995-11-11,264,1995-11-11,0.5,44.05,54.3,6.5,-1747321.5,-2977666.5,3577,0.35359176427282596,42.55299205437889,55.96035527938716
1995-11-20,265,1995-11-20,0.25,43.35,55.25,6.2,-1747321.5,-2977666.5,3577,0.512168481673049,42.286051873816454,56.05390569182302
1995-12-06,266,1995-12-06,0.95,38.75,58.95,5.95,-1747321.5,-2977666.5,3577,0.3860832665785648,41.37051787221448,57.13847128103241
1995-12-29,267,1995-12-29,0.3,43.1,55.7,6.4,-1747321.5,-2977666.5,3577,0.7489705341097408,40.05179588213045,57.99124575114421
1996-01-07,268,1996-01-07,0.35,37.1,61.4,5.95,-1747321.5,-2977666.5,3577,0.020714888826340594,38.50764575980719,60.41150490375594
1996-01-30,269,1996-01-30,0.2,39.4,59.4,6.3,-1747321.5,-2977666.5,3577,0.08892485223753265,37.42571499707164,61.39809478446332
1996-02-15,270,1996-02-15,0.6,34.5,63.6,5.7,-1747321.5,-2977666.5,3577,0.447329450734957,36.817719586909135,61.630697785177745
1996-02-24,271,1996-02-24,0.25,37.2,61.4,5.5,-1747321.5,-2977666.5,3577,1.4342375890361359,38.620756024155824,58.75223429820075
1996-03-02,272,1996-03-02,1.3,38.05,59.5,5.8,-1747321.5,-2977666.5,3577,1.8188410660544154,37.50220723548337,59.45043408602892
1996-03-11,273,1996-03-11,0.1,40.25,58.75,5.55,-1747321.5,-2977666.5,3577,5.3581005681616665,36.53240129323174,57.36023512090766
1996-03-18,274,1996-03-18,7.0,45.0,46.0,7.0,-1747395.0,-2977635.0,3577,0.0,43.70477711142693,58.46001645412537
1996-04-28,275,1996-04-28,0.05,40.2,58.75,6.05,-1747321.5,-2977666.5,3577,0.0,47.35669423455093,55.62889540798926
1996-05-05,276,1996-05-05,0.8,44.25,53.8,6.1,-1747321.5,-2977666.5,3577,1.0591635918259774,47.31607597767882,50.42498322110571
1996-05-21,277,1996-05-21,0.55,41.25,57.25,6.25,-1747321.5,-2977666.5,3577,11.449170952884394,44.39864036891238,44.01685682737656
1996-06-22,278,1996-06-22,9.7,63.9,25.15,9.0,-1747321.5,-2977666.5,3577,24.40202552864723,41.02144774729301,35.45969278399089
1996-07-17,279,1996-07-17,19.0,43.6666666666667,36.5,13.0,-1747345.0,-2977695.0,3577,36.70789922151596,37.432341755246384,27.4251347723443
1996-07-24,280,1996-07-24,110.785714285714,0.0,0.0,12.7857142857143,-1747315.71428571,-2977686.42857143,3577,47.56996811237579,31.883755872605608,22.307021152219058
1996-08-09,281,1996-08-09,39.4,31.85,27.4,10.25,-1747321.5,-2977666.5,3577,54.55024371912095,28.92518456774991,17.840771612285977
1996-08-18,282,1996-08-18,40.7,39.05,18.95,11.65,-1747321.5,-2977666.5,3577,53.923618332124164,29.378958915177435,17.322265041457495
1996-08-25,283,1996-08-25,41.8,34.65,22.1,10.9,-1747321.5,-2977666.5,3577,48.89763090366073,30.41376626469051,20.294193783509634
1996-09-03,284,1996-09-03,37.35,33.2,28.1,9.3,-1747321.5,-2977666.5,3577,38.46133077448293,35.52676178310322,24.60603823420793
1996-09-10,285,1996-09-10,36.25,38.9,23.5,9.2,-1747321.5,-2977666.5,3577,27.44585955839418,45.3666594499344,25.045100565065866
1996-09-19,286,1996-09-19,22.5,58.1,18.1,12.1,-1747321.5,-2977666.5,3577,20.048779445525692,50.57736798804155,27.342364343598646
1996-10-12,287,1996-10-12,18.8,48.75,31.25,8.0,-1747321.5,-2977666.5,3577,21.991751437413765,52.16270324102362,25.098185715209823
1996-10-28,288,1996-10-28,14.3,50.35,33.95,8.25,-1747321.5,-2977666.5,3577,12.67224988633468,58.397785186940546,27.608824611916454
1996-11-06,289,1996-11-06,2.33333333333333,75.25,21.0833333333333,6.08333333333333,-1747322.5,-2977637.5,3577,8.787704143120786,62.387147372741765,27.494890919190208
1996-11-13,290,1996-11-13,9.9,60.7,28.05,8.0,-1747321.5,-2977666.5,3577,7.402075169411523,61.801165861992544,29.447394401259963
1996-11-22,291,1996-11-22,8.7,57.4,32.6,7.15,-1747321.5,-2977666.5,3577,7.475355604147055,59.993667323379725,31.178027235917305
1996-11-29,292,1996-11-29,9.05,59.4,30.0,7.8,-1747321.5,-2977666.5,3577,8.466986006768021,58.97920933554727,31.1811484696887
1996-12-08,293,1996-12-08,8.5,56.6,33.7,7.15,-1747321.5,-2977666.5,3577,8.655170062134712,59.46624845741604,30.522801965831462
1996-12-15,294,1996-12-15,10.35,56.2,32.1,7.5,-1747321.5,-2977666.5,3577,9.325839485590413,56.86138799280366,32.44600662494915
1996-12-24,295,1996-12-24,8.5,55.75,34.35,7.05,-1747321.5,-2977666.5,3577,8.961793211946672,57.08350256553738,32.57149249099227
1996-12-31,296,1996-12-31,6.7,65.5,26.35,7.25,-1747321.5,-2977666.5,3577,7.895016129380275,58.5900972092835,32.1085355820602
1997-01-09,297,1997-01-09,7.55,58.75,32.3,7.15,-1747321.5,-2977666.5,3577,8.0497445279167,58.335953365511216,32.20656000345922
1997-01-16,298,1997-01-16,8.75,55.65,34.25,7.3,-1747321.5,-2977666.5,3577,7.561973630083954,59.68389335122189,31.365391110432867
1997-01-25,299,1997-01-25,7.8,56.35,34.35,6.65,-1747321.5,-2977666.5,3577,7.455453679446373,60.03638095649582,31.11617268180271
1997-02-01,300,1997-02-01,7.05,63.85,27.85,7.9,-1747321.5,-2977666.5,3577,7.512294052695407,60.0287308666476,31.109717681694455
1997-02-10,301,1997-02-10,8.65,56.85,33.1,7.05,-1747321.5,-2977666.5,3577,8.020539522395909,59.54313797656561,31.098883933399406
1997-02-17,302,1997-02-17,6.2,67.55,25.05,7.5,-1747321.5,-2977666.5,3577,8.34646777371111,58.48833596742939,31.80587694039231
1997-02-26,303,1997-02-26,8.5,56.2,33.9,7.2,-1747321.5,-2977666.5,3577,7.886715451729753,59.72057091514404,31.103455368156602
1997-03-05,304,1997-03-05,9.25,52.5,36.85,7.6,-1747321.5,-2977666.5,3577,8.595983892267435,59.647417133940735,30.483677931970593
1997-03-21,305,1997-03-21,7.4,61.25,30.05,8.3,-1747321.5,-2977666.5,3577,6.899052804779326,58.923949425179,32.85012015847438
1997-03-30,306,1997-03-30,6.8,56.15,35.75,7.0,-1747321.5,-2977666.5,3577,5.425785360149873,57.18521401198565,35.96513022580597
1997-04-15,307,1997-04-15,4.75,59.45,34.45,7.8,-1747321.5,-2977666.5,3577,4.426696242119167,54.567712796623866,39.52215649534226
1997-04-22,308,1997-04-22,4.0,59.05,35.6,7.2,-1747321.5,-2977666.5,3577,4.698259450120038,51.3156226015749,42.51445155492693
1997-05-24,309,1997-05-24,7.0,45.5,45.5,20.0,-1747350.0,-2977635.0,3577,8.077067081672068,53.977789042537225,36.477069231147055
1997-06-18,310,1997-06-18,3.81818181818182,45.9090909090909,48.9090909090909,24.1818181818182,-1747307.72727273,-2977670.45454545,3577,12.19609922348197,52.87046007970825,33.53584703103584
1997-07-11,311,1997-07-11,23.75,48.7,26.45,10.4,-1747321.5,-2977666.5,3577,16.06656703096388,51.38408525569385,31.274623444898893
1997-07-27,312,1997-07-27,19.85,56.65,22.5,10.75,-1747321.5,-2977666.5,3577,19.315134794099272,50.39851844941305,29.171244354763928
1997-08-05,313,1997-08-05,24.15,61.55,13.3,13.45,-1747321.5,-2977666.5,3577,20.636634869563924,48.971610398127,29.37513669910612
1997-08-12,314,1997-08-12,21.45,51.25,26.05,11.25,-1747321.5,-2977666.5,3577,19.858545153718982,48.865061173136,30.276678885717864
1997-08-28,315,1997-08-28,8.57894736842105,26.8947368421053,63.7894736842105,12.6842105263158,-1747319.21052632,-2977663.42105263,3577,17.210056393009665,49.00721976409692,32.727285660399545
1997-09-13,316,1997-09-13,15.65,51.35,31.65,10.25,-1747321.5,-2977666.5,3577,13.899163049755728,47.70783542674634,37.15865186629662
1997-09-29,317,1997-09-29,12.55,51.9,34.2,9.3,-1747321.5,-2977666.5,3577,10.0726808387947,48.3860513610482,40.22602681658622
1997-10-08,318,1997-10-08,7.4,56.0,35.1,8.6,-1747321.5,-2977666.5,3577,8.8684545534296,50.78780200571033,38.95088925250474
1997-10-15,319,1997-10-15,8.55,55.45,34.65,8.9,-1747321.5,-2977666.5,3577,7.1060993674719395,54.5343040208854,36.934576129421515
1997-10-31,320,1997-10-31,5.8,55.25,37.55,8.6,-1747321.5,-2977666.5,3577,6.304047101667146,58.41242412466894,33.84395777759294
1997-11-09,321,1997-11-09,5.3,55.7,37.5,7.95,-1747321.5,-2977666.5,3577,5.588356763001521,59.07418763409407,33.886003274869
1997-11-25,322,1997-11-25,3.25,60.8,34.6,7.5,-1747321.5,-2977666.5,3577,4.0490970167190286,57.76821776886092,36.80158957873904
1997-12-11,323,1997-12-11,4.9,59.05,34.65,7.9,-1747321.5,-2977666.5,3577,4.2657266881718705,59.607211673766244,34.73187988481587
1997-12-18,324,1997-12-18,4.05,60.75,33.85,8.15,-1747321.5,-2977666.5,3577,3.8190532377833173,60.3897291562836,34.395483773187614
1997-12-27,325,1997-12-27,3.7,62.35,32.45,7.85,-1747321.5,-2977666.5,3577,3.5088343544994642,60.84173504513153,34.20906168134759
1998-01-03,326,1998-01-03,4.35,59.15,35.1,7.9,-1747321.5,-2977666.5,3577,3.545836671068339,61.099482560773744,33.92796661542285
1998-01-12,327,1998-01-12,1.25,62.05,35.35,7.35,-1747321.5,-2977666.5,3577,3.0480839593838134,61.02156574075167,34.53719825066058
1998-02-04,328,1998-02-04,3.5,59.7,35.35,7.75,-1747321.5,-2977666.5,3577,2.90714239321007,61.92653229122892,33.814427677580525
1998-02-13,329,1998-02-13,3.15,62.95,32.5,7.5,-1747321.5,-2977666.5,3577,2.9732577020498274,61.779376041905515,33.922189265837446
1998-02-20,330,1998-02-20,3.85,61.45,33.45,8.05,-1747321.5,-2977666.5,3577,3.3114951611850687,61.9945484855609,33.383557773490864
1998-03-01,331,1998-03-01,1.9,64.15,32.85,7.65,-1747321.5,-2977666.5,3577,3.5523923444970764,60.98086124401003,34.15792721210168
1998-03-08,332,1998-03-08,3.9,60.6,34.1,8.05,-1747321.5,-2977666.5,3577,3.1618383164818065,60.28206066378541,35.19699820303009
1998-03-24,333,1998-03-24,4.85,61.2,32.45,9.7,-1747321.5,-2977666.5,3577,4.270277555261436,61.74799411114278,32.596147351096036
1998-04-02,334,1998-04-02,2.4,57.25,38.9,7.45,-1747321.5,-2977666.5,3577,2.453929507025113,63.892943124976924,32.28370824221735
1998-04-18,335,1998-04-18,1.5,68.1,29.15,9.65,-1747321.5,-2977666.5,3577,1.5951460304399072,65.35999480394788,31.705310788278187
1998-04-25,336,1998-04-25,2.4,62.7,33.55,7.45,-1747321.5,-2977666.5,3577,1.2875955314033858,66.05934205112784,31.385964190603467
1998-05-04,337,1998-05-04,2.4,74.8,21.6,6.0,-1747293.0,-2977689.0,3577,1.048505055316043,65.37035766090517,32.37532312887867
1998-05-11,338,1998-05-11,5.35,66.3,27.35,8.7,-1747321.5,-2977666.5,3577,4.0257929377118415,63.56703219380289,31.274900950438074
1998-05-20,339,1998-05-20,0.8,51.1,47.0,5.5,-1747321.5,-2977666.5,3577,11.016994306001951,59.211500573720826,28.616462794167496
1998-06-21,340,1998-06-21,25.3,52.8,20.6,10.4,-1747321.5,-2977666.5,3577,19.894949013831493,53.65310896533005,25.249314771911617
1998-06-28,341,1998-06-28,24.2,49.8,24.7,9.7,-1747321.5,-2977666.5,3577,28.126590746710384,48.39969581501366,22.20850202428818
1998-07-07,342,1998-07-07,35.5,48.25,14.9,12.2,-1747321.5,-2977666.5,3577,34.355976531203595,45.7114648509317,18.63250557491765
1998-07-14,343,1998-07-14,47.25,44.05,7.5,13.45,-1747321.5,-2977666.5,3577,37.151431076657715,44.779365216819826,16.742274134531698
1998-08-08,344,1998-08-08,34.95,43.9,19.7,11.3,-1747321.5,-2977666.5,3577,35.73798631708314,47.192065210324415,15.739902357701862
1998-08-31,345,1998-08-31,26.3,49.75,22.7,10.2,-1747321.5,-2977666.5,3577,30.963272640667398,49.73551603194822,18.007792981010105
1998-09-09,346,1998-09-09,21.6,53.85,23.25,9.4,-1747321.5,-2977666.5,3577,23.807135898154016,51.548783260075865,23.34215722357788
1998-09-16,347,1998-09-16,18.25,54.65,25.85,9.3,-1747321.5,-2977666.5,3577,18.99308168611291,54.8521412024426,24.825243023226932
1998-10-02,348,1998-10-02,14.3,58.35,25.95,9.1,-1747321.5,-2977666.5,3577,13.453674034941375,56.567822425244316,28.613806317517213
1998-10-11,349,1998-10-11,12.45,57.6,28.5,8.25,-1747321.5,-2977666.5,3577,11.116958583210788,58.16988027451555,29.31558596202121
1998-10-27,350,1998-10-27,10.85,59.95,27.85,9.1,-1747321.5,-2977666.5,3577,10.547739721577152,59.61206456081727,28.431589772452398
1998-11-03,351,1998-11-03,8.55,58.1,31.85,9.3,-1747321.5,-2977666.5,3577,8.799012751952613,61.257379462633466,28.529870748442338
1998-11-19,352,1998-11-19,7.4,63.2,28.05,8.85,-1747321.5,-2977666.5,3577,7.30994176102426,63.413430686950626,27.890264998155565
1998-11-28,353,1998-11-28,5.45,63.65,29.5,8.1,-1747321.5,-2977666.5,3577,6.441907164042425,64.92178224251558,27.275223538067763
1998-12-05,354,1998-12-05,7.0,71.45,20.25,9.75,-1747321.5,-2977666.5,3577,5.676221611205283,65.53556690986052,27.418908181597587
1998-12-14,355,1998-12-14,4.45,66.1,28.1,8.65,-1747321.5,-2977666.5,3577,5.3723873649562215,65.55701465715966,27.67518456775009
1998-12-21,356,1998-12-21,5.3,63.25,30.05,8.05,-1747321.5,-2977666.5,3577,5.1877211024262095,65.52590010607607,27.868805343259382
1998-12-30,357,1998-12-30,5.4,63.3,29.75,7.9,-1747321.5,-2977666.5,3577,5.104765203835648,65.41356167051784,28.054714325917566
1999-01-06,358,1999-01-06,5.25,63.4,29.9,8.4,-1747321.5,-2977666.5,3577,5.1802041611631395,65.0208004070136,28.34371603628146
1999-01-15,359,1999-01-15,4.55,66.3,27.65,7.7,-1747321.5,-2977666.5,3577,5.116027625624383,64.91992357486743,28.508158868990524
1999-01-22,360,1999-01-22,5.85,67.6,25.25,8.5,-1747321.5,-2977666.5,3577,4.68400268462118,65.49160622658096,28.383655199285634
1999-01-31,361,1999-01-31,3.7,68.0,26.85,7.85,-1747321.5,-2977666.5,3577,4.8608391608384345,66.42263958950272,27.283059819433454
1999-02-16,362,1999-02-16,5.7,62.75,30.1,8.0,-1747321.5,-2977666.5,3577,4.956071791984364,65.14889475848256,28.46960206975261
1999-02-23,363,1999-02-23,4.95,63.7,29.9,7.25,-1747321.5,-2977666.5,3577,5.331958907964303,63.81871008247764,29.43308146960958
1999-03-04,364,1999-03-04,4.1,62.95,31.55,7.95,-1747321.5,-2977666.5,3577,5.824516659809905,63.33061767952463,29.453553876459694
1999-03-11,365,1999-03-11,6.25,63.9,28.45,8.25,-1747321.5,-2977666.5,3577,5.091654939486995,62.045620169295105,31.444170689986425
1999-03-27,366,1999-03-27,7.35,58.85,32.35,8.35,-1747321.5,-2977666.5,3577,4.532753469440097,62.23430145704758,31.835694645906607
1999-04-05,367,1999-04-05,4.4,62.05,32.3,8.15,-1747321.5,-2977666.5,3577,4.626586416678604,61.496152763635834,32.49126631881565
1999-04-12,368,1999-04-12,4.5,64.95,29.15,8.75,-1747321.5,-2977666.5,3577,5.58025287406009,60.74044685963283,32.275585096013714
1999-04-21,369,1999-04-21,5.8,59.05,33.7,8.7,-1747321.5,-2977666.5,3577,7.759641906080375,60.21078936542433,30.637568468678445
1999-04-28,370,1999-04-28,8.8,55.3,34.4,8.75,-1747321.5,-2977666.5,3577,11.694129554654122,59.25407131567236,27.72809218644717
1999-05-30,371,1999-05-30,19.9,60.7,18.35,12.05,-1747321.5,-2977666.5,3577,15.790195717592738,57.92520405290438,25.010068414553842
1999-06-08,372,1999-06-08,20.95,52.3,25.3,10.3,-1747321.5,-2977666.5,3577,20.742454913504446,55.35833315290692,22.64132477429353
1999-06-15,373,1999-06-15,25.15,58.85,14.95,12.05,-1747321.5,-2977666.5,3577,24.91019939812137,52.91358873324026,20.965679057781188
1999-06-24,374,1999-06-24,27.3,51.55,20.05,10.65,-1747321.5,-2977666.5,3577,27.48983740717076,51.65338284006243,19.683567516072316
1999-07-01,375,1999-07-01,30.0,45.15,23.6,10.65,-1747321.5,-2977666.5,3577,28.725730152196448,50.56240879862415,19.514346489420973
1999-07-02,376,1999-07-02,26.2,49.2,23.15,10.55,-1747321.5,-2977666.5,3577,29.157265799211906,49.02344497606923,20.57104072397882
1999-07-09,377,1999-07-09,32.15,47.5,19.2,11.0,-1747321.5,-2977666.5,3577,29.358700123401626,48.315249301774585,21.04356448504741
1999-07-17,378,1999-07-17,28.75,51.95,18.15,14.75,-1747321.5,-2977666.5,3577,31.334288466946326,45.9060360691871,21.473683128014287
1999-08-02,379,1999-08-02,31.35,44.6,22.6,15.1,-1747321.5,-2977666.5,3577,31.853259434059627,44.66934118512399,22.173043365300114
1999-08-10,380,1999-08-10,31.95,44.25,22.55,10.85,-1747321.5,-2977666.5,3577,31.778779579548825,46.10515057697032,20.88978111671298
1999-08-11,381,1999-08-11,32.8,44.9,21.1,11.0,-1747321.5,-2977666.5,3577,30.664576866978702,46.58297961536781,21.567769382317245
1999-08-19,382,1999-08-19,30.65,44.05,24.15,10.1,-1747321.5,-2977666.5,3577,29.293859025855777,47.56180751417867,21.959891965616237
1999-08-26,383,1999-08-26,27.5,47.0,24.3,10.3,-1747321.5,-2977666.5,3577,26.713926771226472,49.354108809843055,22.717628656170156
1999-09-03,384,1999-09-03,18.2727272727273,64.6363636363636,16.0,16.2727272727273,-1747348.63636364,-2977673.18181818,3577,24.288536920435916,50.930856717156445,23.55230466127947
1999-09-04,385,1999-09-04,22.4,48.95,27.3,9.5,-1747321.5,-2977666.5,3577,21.084070095395404,53.13480659502943,24.522626599403118
1999-09-12,386,1999-09-12,20.35,49.05,29.15,8.75,-1747321.5,-2977666.5,3577,18.29847592598516,53.60736598047927,26.728345493511778
1999-09-19,387,1999-09-19,18.15,53.9,26.55,9.2,-1747321.5,-2977666.5,3577,16.074810905388297,54.00888296897904,28.501881400329154
1999-09-28,388,1999-09-28,12.4,52.8,33.4,8.85,-1747321.5,-2977666.5,3577,14.6121858018121,53.21602654310838,30.746616077416434
1999-10-06,389,1999-10-06,12.5,56.15,29.95,8.6,-1747321.5,-2977666.5,3577,13.193052458375561,53.16909220809355,32.21483686591564
1999-10-21,390,1999-10-21,11.4,55.85,31.35,8.7,-1747321.5,-2977666.5,3577,11.79817489012359,54.445073502340904,32.349048474740236
1999-10-22,391,1999-10-22,10.55,53.6,34.35,8.05,-1747321.5,-2977666.5,3577,10.03705968953497,56.812953300560906,31.76192383467451
1999-10-29,392,1999-10-29,11.15,56.55,31.1,8.7,-1747321.5,-2977666.5,3577,9.940686094090182,56.69382536966829,31.98081253111735
1999-10-30,393,1999-10-30,9.1,57.05,32.45,7.9,-1747321.5,-2977666.5,3577,9.251021888327006,58.185368810747114,31.224291497971038
1999-11-06,394,1999-11-06,8.05,63.0,27.5,8.55,-1747321.5,-2977666.5,3577,8.81242070622744,59.054798761601084,30.81072116737291
1999-11-07,395,1999-11-07,8.5,57.45,32.75,7.8,-1747321.5,-2977666.5,3577,8.395781463117672,59.18804044252076,31.07298274480473
1999-11-23,396,1999-11-23,7.6,59.85,31.25,7.8,-1747321.5,-2977666.5,3577,7.846503496502324,60.36201476541132,30.4192102015586
1999-11-30,397,1999-11-30,7.9,63.0,27.85,8.35,-1747321.5,-2977666.5,3577,7.6846272922112835,60.61980774642407,30.31033904175866
1999-12-09,398,1999-12-09,6.4,60.15,32.0,7.7,-1747321.5,-2977666.5,3577,7.151356383553457,61.67571499706801,29.78737794712582
1999-12-16,399,1999-12-16,9.5,57.8,31.1,8.1,-1747321.5,-2977666.5,3577,7.083169152827537,62.55424668210111,29.043028643179102
1999-12-24,400,1999-12-24,5.6,67.25,25.9,8.15,-1747321.5,-2977666.5,3577,6.551522007403381,63.56716101235274,28.58628136568886
1999-12-25,401,1999-12-25,4.65,66.25,27.95,7.65,-1747321.5,-2977666.5,3577,6.3148747537283,64.19288466950046,28.173476368828197
2000-01-01,402,2000-01-01,8.2,61.8,28.8,8.8,-1747321.5,-2977666.5,3577,6.789900192685556,62.71689038514727,29.21046569529105
2000-01-10,403,2000-01-10,5.0,65.25,28.45,7.9,-1747321.5,-2977666.5,3577,6.608665027329511,63.3606381560336,28.75451958827771
2000-01-17,404,2000-01-17,8.7,57.15,32.8,8.05,-1747321.5,-2977666.5,3577,7.316376079516585,60.59272075487563,30.779231555469423
2000-01-26,405,2000-01-26,6.15,61.75,30.6,7.35,-1747321.5,-2977666.5,3577,7.029145125689617,59.59598577240672,32.01090257306171
2000-02-02,406,2000-02-02,8.5,58.45,31.7,8.0,-1747321.5,-2977666.5,3577,6.642489838659612,60.87042483342698,31.128989244415585
2000-02-18,407,2000-02-18,6.05,62.6,30.25,8.1,-1747321.5,-2977666.5,3577,5.555954368264112,62.92338771704786,30.219539683059686
2000-02-27,408,2000-02-27,4.2,64.5,29.85,7.3,-1747321.5,-2977666.5,3577,5.548874133849676,63.76652968181264,29.46295250292691
2000-03-05,409,2000-03-05,8.45,56.25,34.15,7.85,-1747321.5,-2977666.5,3577,6.907289158616136,63.05428707677236,28.864743884105707
2000-03-14,410,2000-03-14,4.21052631578947,77.8421052631579,16.9473684210526,7.68421052631579,-1747319.21052632,-2977668.15789474,3577,9.352433536805611,60.90577974249054,28.565558614430017
2000-03-30,411,2000-03-30,14.5,51.8,32.5,8.15,-1747321.5,-2977666.5,3577,12.83167483485851,56.74529142845877,29.207748712094997
2000-04-06,412,2000-04-06,18.15,45.1,35.35,8.4,-1747321.5,-2977666.5,3577,17.078033673998203,52.277570189294494,29.37293972932282
2000-04-22,413,2000-04-22,22.3,48.65,27.8,9.05,-1747321.5,-2977666.5,3577,20.638992537522938,46.56483481484415,31.50147694084815
2000-05-01,414,2000-05-01,22.75,44.15,31.65,8.6,-1747321.5,-2977666.5,3577,22.828707336329803,43.56689585466839,32.26891866484019
2000-05-08,415,2000-05-08,24.85,42.95,30.85,8.85,-1747321.5,-2977666.5,3577,24.21093949231114,43.019042127818494,31.369602696467815
2000-05-17,416,2000-05-17,23.8,44.15,30.75,8.75,-1747321.5,-2977666.5,3577,25.47792969617585,43.736589424907805,29.392106915403815
2000-05-24,417,2000-05-24,26.75,43.1,28.8,8.95,-1747321.5,-2977666.5,3577,25.93313189173157,47.48308938901353,25.210093426205024
2000-06-18,418,2000-06-18,23.05,48.7,26.8,9.4,-1747321.5,-2977666.5,3577,26.99507241983619,46.44895537897939,25.19444672973708
2000-07-11,419,2000-07-11,30.85,52.95,14.75,12.75,-1747321.5,-2977666.5,3577,28.15730260451202,45.835494381772364,24.633629219074457
2000-07-20,420,2000-07-20,30.45,43.9,24.4,9.85,-1747321.5,-2977666.5,3577,29.216689038511298,45.53912728138054,23.878490549694412
2000-07-27,421,2000-07-27,28.85,41.05,28.75,9.65,-1747321.5,-2977666.5,3577,28.709326896009912,44.92140877697482,25.016273355124103
2000-08-12,422,2000-08-12,26.3,43.0,29.4,9.65,-1747321.5,-2977666.5,3577,27.50373682045098,44.921323258777846,26.282984043816025
2000-08-21,423,2000-08-21,24.45,44.25,30.0,9.3,-1747321.5,-2977666.5,3577,24.76460412651993,45.12335188031108,28.851806707220348
2000-08-28,424,2000-08-28,23.95,50.2,24.5,9.2,-1747321.5,-2977666.5,3577,21.552121717288777,46.407673905035395,30.77341683084257
2000-09-13,425,2000-09-13,16.25,49.9,32.7,9.35,-1747321.5,-2977666.5,3577,17.460609668966192,49.41828465651257,31.833976704405384
2000-09-22,426,2000-09-22,13.55,52.2,33.05,8.7,-1747321.5,-2977666.5,3577,15.10517006213375,52.10525558032519,31.503029942189322
2000-09-29,427,2000-09-29,14.15,51.15,33.3,8.85,-1747321.5,-2977666.5,3577,12.546687523001438,53.10047846889159,33.04687263200701
2000-10-08,428,2000-10-08,9.6,52.8,36.15,8.05,-1747321.5,-2977666.5,3577,11.24085929550158,53.400550996982645,34.0437831518276
2000-10-15,429,2000-10-15,10.85,56.95,30.95,8.75,-1747321.5,-2977666.5,3577,10.002339301563811,54.350237069424,34.331995713259936
2000-10-24,430,2000-10-24,9.75,53.5,35.5,7.8,-1747321.5,-2977666.5,3577,9.88528437506618,54.43974647642565,34.352042694142824
2000-10-31,431,2000-10-31,11.0,52.8,34.85,8.3,-1747321.5,-2977666.5,3577,9.79841520708247,54.76126783432466,34.098434692237646
2000-11-09,432,2000-11-09,8.2,55.35,35.05,7.65,-1747321.5,-2977666.5,3577,9.611317629737247,53.531104808496195,35.51773690705049
2000-11-16,433,2000-11-16,10.8,53.8,34.2,8.1,-1747321.5,-2977666.5,3577,9.203827751194797,52.98057437917328,36.461623979729985
2000-11-25,434,2000-11-25,6.55,53.55,38.4,7.45,-1747321.5,-2977666.5,3577,9.061987702698422,52.662718396147056,36.90104570351697
2000-12-02,435,2000-12-02,11.05,48.0,39.55,7.85,-1747321.5,-2977666.5,3577,8.849972937278116,51.304321375211536,38.4929236398219
2000-12-11,436,2000-12-11,6.95,53.15,38.55,7.35,-1747321.5,-2977666.5,3577,8.096004459935138,52.566830847163544,38.00919482993218
2000-12-18,437,2000-12-18,9.2,52.15,37.4,7.75,-1747321.5,-2977666.5,3577,7.846286994737834,52.54220052392641,38.30350949359665
2000-12-27,438,2000-12-27,5.55,57.4,35.8,7.5,-1747321.5,-2977666.5,3577,7.430424992962583,53.712649115582266,37.532605165726494
2001-01-03,439,2001-01-03,8.9,51.85,37.95,7.8,-1747321.5,-2977666.5,3577,7.067493342569685,55.29578904067242,36.29907445495138
2001-01-12,440,2001-01-12,6.0,54.6,38.0,7.3,-1747321.5,-2977666.5,3577,6.781132953732559,56.437424495001196,35.43799389464495
2001-01-28,441,2001-01-28,4.75,63.75,30.0,6.5,-1747365.0,-2977695.0,3577,6.701840264997157,56.74322132974536,35.17373184090925
2001-02-04,442,2001-02-04,10.15,49.9,38.65,7.75,-1747321.5,-2977666.5,3577,6.780396847733296,56.79841087704016,35.03758254129247
2001-02-13,443,2001-02-13,4.45,61.15,33.0,7.55,-1747321.5,-2977666.5,3577,6.512614475307001,57.10285241073861,35.03027452423214
2001-02-20,444,2001-02-20,7.95,53.75,37.05,7.75,-1747321.5,-2977666.5,3577,7.056713719715761,55.775240858204654,35.85667583190267
2001-03-01,445,2001-03-01,5.7,55.3,37.7,7.25,-1747321.5,-2977666.5,3577,6.590898265819883,54.97315269868628,37.15069388814963
2001-03-08,446,2001-03-08,7.9,54.4,36.45,7.75,-1747321.5,-2977666.5,3577,6.682355106193118,53.52007404359546,38.52831734828064
2001-03-17,447,2001-03-17,4.4,54.3,40.0,7.35,-1747321.5,-2977666.5,3577,6.427484899000967,52.24614843360193,40.04045118967121
2001-03-24,448,2001-03-24,8.8,48.5,41.4,7.5,-1747321.5,-2977666.5,3577,5.9186159042187345,52.822997899925,39.935413193611566
2001-04-02,449,2001-04-02,5.5,51.6,41.5,6.75,-1747321.5,-2977666.5,3577,6.803839658792203,52.15023706942432,39.716101236219146
2001-04-18,450,2001-04-18,4.3,56.25,38.1,7.4,-1747321.5,-2977666.5,3577,6.0484368572594835,52.55048063390932,40.01565416007543
2001-04-25,451,2001-04-25,8.7,51.75,38.2,7.8,-1747321.5,-2977666.5,3577,6.57896144103476,52.80363722963553,39.226766113137955
2001-05-04,452,2001-05-04,6.4,53.5,38.65,7.65,-1747321.5,-2977666.5,3577,6.783642209182991,54.130862326519875,37.67362575504428
2001-05-20,453,2001-05-20,6.65,58.25,33.7,7.95,-1747321.5,-2977666.5,3577,7.219377990429543,55.878436424248505,35.49804174153489
2001-05-27,454,2001-05-27,9.15,51.25,38.2,7.85,-1747321.5,-2977666.5,3577,7.592768841064922,57.19724609754714,33.81627443763162
2001-06-05,455,2001-06-05,4.75,56.0,37.8,7.75,-1747321.5,-2977666.5,3577,8.392667446071766,55.32809146477051,34.88594326209904
2001-06-12,456,2001-06-12,11.95,61.5,25.3,10.15,-1747321.5,-2977666.5,3577,8.471273463377461,53.603442378047376,36.53613089696135
2001-06-21,457,2001-06-21,6.25,53.0,39.3,8.0,-1747321.5,-2977666.5,3577,7.784534196452538,53.84035592889278,37.01735911147123
2001-07-14,458,2001-07-14,8.25,51.2,39.25,8.0,-1747321.5,-2977666.5,3577,7.560944525030083,53.10325329983979,38.008333874582064
2001-07-23,459,2001-07-23,7.65,47.1,43.85,7.35,-1747321.5,-2977666.5,3577,6.452916278766708,53.495698109931595,38.70682521811975
2001-08-08,460,2001-08-08,4.7,50.85,43.1,7.75,-1747321.5,-2977666.5,3577,5.604640715320992,54.18411310051366,38.85786226157163
2001-08-15,461,2001-08-15,4.73333333333333,64.1333333333333,29.8666666666667,23.5333333333333,-1747317.0,-2977673.0,3577,5.547238880829383,54.16500609812493,38.91587787856557
2001-08-24,462,2001-08-24,4.3,58.15,36.15,7.65,-1747321.5,-2977666.5,3577,5.444261620731396,54.770754941644576,38.399322349471426
2001-08-31,463,2001-08-31,8.2,47.55,42.75,7.75,-1747321.5,-2977666.5,3577,6.862189049339726,53.809425404308996,37.91167052760913
2001-09-09,464,2001-09-09,6.2,53.25,39.05,7.7,-1747321.5,-2977666.5,3577,7.1324355726821835,51.50602452242549,39.8921308825274
2001-09-16,465,2001-09-16,9.3,47.65,41.7,7.65,-1747321.5,-2977666.5,3577,7.5790794344962595,49.1263331096075,41.81938989802141
2001-10-02,466,2001-10-02,8.4,47.05,43.05,7.85,-1747321.5,-2977666.5,3577,7.776073307496294,46.84554980622393,43.905623633326044
2001-10-27,467,2001-10-27,6.2,44.65,47.65,6.95,-1747321.5,-2977666.5,3577,7.003423253731805,46.48700484241586,45.05222852482241
2001-11-03,468,2001-11-03,6.35,46.6,45.55,7.2,-1747321.5,-2977666.5,3577,6.746003377426519,46.93737253457914,44.919369330353334
2001-11-19,469,2001-11-19,4.2,51.85,42.7,7.1,-1747321.5,-2977666.5,3577,5.7771200935279,47.09937863992888,45.7637175517912
2001-11-28,470,2001-11-28,6.95,44.65,47.05,7.0,-1747321.5,-2977666.5,3577,5.959552057848381,45.20726579920951,47.449520448584565
2001-12-05,471,2001-12-05,6.55,44.6,47.45,7.0,-1747321.5,-2977666.5,3577,5.065225125750684,46.56984924259771,46.98735413192916
2001-12-14,472,2001-12-14,4.65,43.65,50.3,6.55,-1747321.5,-2977666.5,3577,5.646185720023886,44.14545731185939,48.78062489625228
2001-12-21,473,2001-12-21,6.5,42.95,49.2,6.95,-1747321.5,-2977666.5,3577,5.584748894035986,43.39182453253012,49.56333217864985
2001-12-30,474,2001-12-30,2.65,47.8,47.95,6.5,-1747321.5,-2977666.5,3577,5.386002439252409,43.7843898619375,49.421616618668054
2002-01-06,475,2002-01-06,7.5,41.25,49.8,7.0,-1747321.5,-2977666.5,3577,4.9012161385219075,45.836759353470775,47.93055236816131
2002-01-15,476,2002-01-15,2.5,50.8,45.55,6.45,-1747321.5,-2977666.5,3577,4.504415192649814,48.09139008565535,46.16544956590707
2002-01-22,477,2002-01-22,8.3,39.2,51.2,6.8,-1747321.5,-2977666.5,3577,4.24858191344196,48.96031414405296,45.564519690828675
2002-01-31,478,2002-01-31,0.611111111111111,62.3888888888889,36.1666666666667,15.1666666666667,-1747326.66666667,-2977668.33333333,3577,4.336019879672483,48.58731251547863,45.85899420496259
2002-02-07,479,2002-02-07,5.2,46.55,46.95,6.9,-1747321.5,-2977666.5,3577,4.509652731169086,47.85114421181818,46.35856372728746
2002-02-16,480,2002-02-16,3.9,44.7,49.8,6.5,-1747321.5,-2977666.5,3577,4.991845100203488,46.77815749780996,46.88378401783274
2002-02-23,481,2002-02-23,6.15,41.95,50.4,6.75,-1747321.5,-2977666.5,3577,4.5871524687714675,46.9055257833907,47.12047244482585
2002-03-04,482,2002-03-04,4.8,43.8,49.95,6.35,-1747321.5,-2977666.5,3577,5.531998580963046,42.44836317068858,50.521751761348256
2002-03-11,483,2002-03-11,7.15,43.25,48.3,6.95,-1747321.5,-2977666.5,3577,4.962649419451676,42.57787293092995,50.99988474128986
2002-03-20,484,2002-03-20,3.35,47.65,47.5,6.65,-1747321.5,-2977666.5,3577,5.168224745036747,40.951101341937644,52.44622048690843
2002-03-27,485,2002-03-27,3.6,42.35,52.85,5.8,-1747321.5,-2977666.5,3577,4.039840749657647,45.48546300800795,49.14642749298199
2002-04-05,486,2002-04-05,3.85,42.75,51.9,6.45,-1747321.5,-2977666.5,3577,3.679314509833758,47.96021090689594,47.010166296137754
2002-04-12,487,2002-04-12,5.65,43.2,49.55,6.85,-1747321.5,-2977666.5,3577,3.7987077693361737,50.917596237875415,43.902389495783616
2002-04-21,488,2002-04-21,0.368421052631579,68.4736842105263,30.3157894736842,7.36842105263158,-1747323.94736842,-2977665.0,3577,3.7786819828365426,52.47222430493602,42.35967176052905
2002-04-28,489,2002-04-28,6.6,46.15,45.55,6.9,-1747321.5,-2977666.5,3577,3.891919356510595,52.108643889913594,42.6353605494979
2002-05-07,490,2002-05-07,3.4,63.35,31.95,13.2,-1747321.5,-2977666.5,3577,4.525785531072454,53.36316399096276,40.78967981667388
2002-05-30,491,2002-05-30,5.9,44.4,48.25,7.7,-1747321.5,-2977666.5,3577,4.7815545054579776,54.47837329689212,39.43497346713312
2002-06-08,492,2002-06-08,5.8,49.1,43.95,8.1,-1747321.5,-2977666.5,3577,5.625257323741085,53.06505319675457,39.99087650169014
2002-06-24,493,2002-06-24,3.5,50.9,44.3,7.65,-1747321.5,-2977666.5,3577,6.474847850535331,52.5451263173769,39.6264300226356
2002-07-01,494,2002-07-01,9.75,57.9,31.05,9.5,-1747321.5,-2977666.5,3577,7.443405698097433,52.05374468287981,39.124415815562
2002-07-10,495,2002-07-10,8.2,62.15,28.15,9.05,-1747321.5,-2977666.5,3577,8.134019207123742,53.55508351839636,36.97126195459519
2002-07-17,496,2002-07-17,8.85,43.15,46.5,7.8,-1747321.5,-2977666.5,3577,9.315351057609728,51.262071055871445,38.005796834738526
2002-07-26,497,2002-07-26,9.65,47.75,41.15,8.1,-1747321.5,-2977666.5,3577,9.41897746216491,50.841568338774366,38.302490852794726
2002-08-11,498,2002-08-11,8.85,50.95,39.0,8.55,-1747321.5,-2977666.5,3577,9.630043949856752,46.7976509558483,42.114057459562005
2002-08-18,499,2002-08-18,9.95,41.75,46.75,8.0,-1747321.5,-2977666.5,3577,8.843474636816968,44.53504081057595,45.197525384825134
2002-08-27,500,2002-08-27,8.05,46.15,44.4,7.65,-1747321.5,-2977666.5,3577,7.607104505400583,43.44198618718093,47.54317369935855
2002-09-12,501,2002-09-12,5.5,43.55,49.5,7.3,-1747321.5,-2977666.5,3577,6.765343480048352,44.087960336870154,47.771407694465566
2002-09-19,502,2002-09-19,6.1,43.3,49.15,7.6,-1747321.5,-2977666.5,3577,5.62868973132047,44.80580982484338,48.17225313385585
2002-09-28,503,2002-09-28,4.85,43.55,50.35,7.15,-1747321.5,-2977666.5,3577,4.67286691636467,43.398603563612554,50.508424083648734
2002-10-14,504,2002-10-14,2.8,46.6,49.2,7.05,-1747321.5,-2977666.5,3577,3.979595791205103,44.7341044404445,49.89976293056043
2002-10-21,505,2002-10-21,4.35,45.5,48.75,7.1,-1747321.5,-2977666.5,3577,3.3189828747099326,46.731846327040586,48.586069193956675
2002-10-30,506,2002-10-30,3.05,45.4,50.1,6.75,-1747321.5,-2977666.5,3577,3.13417047348889,45.795543311171144,49.646242611869866
2002-11-06,507,2002-11-06,3.35,46.55,48.6,7.1,-1747321.5,-2977666.5,3577,2.818560696269253,45.88813353828148,49.83341704734149
2002-11-15,508,2002-11-15,1.4,48.95,48.35,6.45,-1747321.5,-2977666.5,3577,2.344344973911187,47.33734871938499,48.88544133883961
2002-11-22,509,2002-11-22,2.1,50.5,46.1,7.1,-1747321.5,-2977666.5,3577,1.8805224187574314,49.51314165709711,47.268942821876934
2002-12-01,510,2002-12-01,1.6,45.35,51.5,6.5,-1747321.5,-2977666.5,3577,1.4787243716034073,51.31338197405542,45.943196432044054
2002-12-08,511,2002-12-08,1.85,49.0,48.0,7.1,-1747321.5,-2977666.5,3577,1.06205481824661,52.88882093138268,44.8910205893111
2002-12-17,512,2002-12-17,0.3,63.4,35.4,5.4,-1747321.5,-2977666.5,3577,1.020140076641472,53.28566325314755,44.610211305715474
2002-12-24,513,2002-12-24,0.4,56.6,42.1,7.4,-1747321.5,-2977666.5,3577,1.122664487215403,53.200797808994196,44.60448375153591
2003-01-02,514,2003-01-02,1.25,46.65,50.85,6.55,-1747321.5,-2977666.5,3577,1.126046244776726,52.308919872689145,45.483939899103376
2003-01-09,515,2003-01-09,2.15,48.0,48.6,7.0,-1747321.5,-2977666.5,3577,1.0038656390048075,51.310794777969775,46.578777414528965
2003-01-18,516,2003-01-18,0.6,50.35,48.1,6.7,-1747321.5,-2977666.5,3577,0.8617145284144543,50.94487718618263,47.046276488028695
2003-01-25,517,2003-01-25,1.35,48.8,48.35,6.85,-1747321.5,-2977666.5,3577,1.1496865818572353,46.25409347526667,51.289384854802435
2003-02-03,518,2003-02-03,1.2,48.5,49.05,6.45,-1747321.5,-2977666.5,3577,1.648238248729716,44.77907026500421,52.18920203816529
2003-02-19,519,2003-02-19,0.3,45.75,52.7,5.55,-1747321.5,-2977666.5,3577,1.5137129458289103,45.84869457925593,51.27968075752777
2003-02-26,520,2003-02-26,2.6,46.25,49.7,6.85,-1747321.5,-2977666.5,3577,1.7528017875401893,45.84762144156378,51.04727258717571
2003-03-07,521,2003-03-07,2.5,42.5,53.55,6.35,-1747321.5,-2977666.5,3577,2.1327087045167996,49.35328827973328,47.170368804381056
2003-03-14,522,2003-03-14,3.7,42.8,52.0,6.65,-1747321.5,-2977666.5,3577,2.3902933131940665,51.11509665741737,45.14758959245627
2003-03-23,523,2003-03-23,0.294117647058824,69.2941176470588,29.5882352941176,5.47058823529412,-1747329.70588235,-2977672.05882353,3577,2.31991758923977,53.1369903771254,43.316791813170326
2003-03-30,524,2003-03-30,0.95,52.7,45.25,6.95,-1747321.5,-2977666.5,3577,1.7727866196812723,54.03618862014977,43.0589151605933
2003-04-15,525,2003-04-15,3.33333333333333,56.6666666666667,38.6666666666667,6.0,-1747275.0,-2977695.0,3577,0.7505304080972217,55.00260810335567,43.270547057501076
2003-04-24,526,2003-04-24,0.0,54.45,44.65,5.8,-1747321.5,-2977666.5,3577,0.0,54.0704580476809,45.17726782413778
2003-05-01,527,2003-05-01,0.0,35.625,63.5,6.375,-1747308.75,-2977706.25,3577,0.22347248453600912,52.114706869338505,46.774080217717376
2003-05-17,528,2003-05-17,0.25,60.25,39.0,21.5,-1747342.5,-2977627.5,3577,1.3425456956687878,49.440263586645756,48.26802563974489
2003-05-26,529,2003-05-26,1.35,49.95,47.5,7.25,-1747321.5,-2977666.5,3577,3.2678499973887556,47.2296709937233,48.44013286839917
2003-07-05,530,2003-07-05,6.55,49.5,42.7,7.6,-1747321.5,-2977666.5,3577,6.060460983197284,48.18329488303727,44.63871841143073
2003-07-12,531,2003-07-12,10.3,41.5,46.8,8.0,-1747321.5,-2977666.5,3577,8.657600294441107,45.37017092813629,44.67613645383876
2003-07-20,532,2003-07-20,12.3,45.15,41.1,7.85,-1747321.5,-2977666.5,3577,11.42054072518298,44.73273476608721,42.42165137923018
2003-07-21,533,2003-07-21,12.5,42.4,43.8,7.65,-1747321.5,-2977666.5,3577,12.461942598163645,43.181624051896236,42.88885484999395
2003-07-28,534,2003-07-28,14.25,41.25,43.05,7.65,-1747321.5,-2977666.5,3577,14.199710248469739,40.7136841744366,43.65114457265508
2003-08-05,535,2003-08-05,14.45,44.65,39.55,8.15,-1747321.5,-2977666.5,3577,15.086002198693448,44.541342334988926,39.07708016097525
2003-08-06,536,2003-08-06,11.75,42.7,44.1,7.85,-1747321.5,-2977666.5,3577,15.700863481201697,44.229834303976304,38.72401942741922
2003-08-13,537,2003-08-13,18.05,49.45,31.35,9.3,-1747321.5,-2977666.5,3577,15.732172162200776,45.35207083937058,37.574798112099
2003-08-14,538,2003-08-14,15.2777777777778,43.5555555555556,39.7777777777778,7.94444444444444,-1747325.0,-2977673.33333333,3577,14.639274622863772,46.538298320179926,37.48698728171853
2003-08-22,539,2003-08-22,17.15,49.85,31.8,9.05,-1747321.5,-2977666.5,3577,12.354406893414339,48.200130589920754,38.113104458159285
2003-09-14,540,2003-09-14,5.6,50.0,42.9,7.6,-1747321.5,-2977666.5,3577,9.116021852243403,49.68360920905915,39.87199425023202
2003-09-23,541,2003-09-23,6.15,41.85,50.4,6.15,-1747321.5,-2977666.5,3577,6.1286703664403515,50.39601719854274,42.136547291086444
2003-09-30,542,2003-09-30,1.0,61.5454545454545,36.5454545454545,6.18181818181818,-1747326.81818182,-2977635.0,3577,3.472227514487058,50.52537610620164,44.645201894449364
2003-10-01,543,2003-10-01,1.55,49.55,47.5,5.1,-1747321.5,-2977666.5,3577,1.2602192441199835,51.245264253517206,46.166945461886485
2003-10-09,544,2003-10-09,1.75,48.7,48.15,6.65,-1747321.5,-2977666.5,3577,0.942869273828883,51.69702606396176,46.10658882662133
2003-10-16,545,2003-10-16,2.4,50.65,45.65,6.95,-1747321.5,-2977666.5,3577,1.3292522750725095,49.816854629554754,47.56007090760109
2003-10-24,546,2003-10-24,2.8,46.8,49.15,6.85,-1747321.5,-2977666.5,3577,2.063230061991362,48.798583356780405,47.86654506483512
2003-10-25,547,2003-10-25,0.55,50.85,47.3,6.55,-1747321.5,-2977666.5,3577,1.8319834448314682,47.69959225500308,49.10912915772863
2003-11-01,548,2003-11-01,1.15,50.1,47.55,6.65,-1747321.5,-2977666.5,3577,2.095624499339357,46.44703717334602,50.056094524662896
2003-11-02,549,2003-11-02,2.95,41.45,54.0,6.25,-1747321.5,-2977666.5,3577,1.59126271045752,49.07978992111384,48.015611942230144
2003-11-09,550,2003-11-09,1.66666666666667,49.1333333333333,47.7333333333333,6.93333333333333,-1747319.0,-2977649.0,3577,1.406599695453976,50.173125996802696,47.075170855968764
2003-11-10,551,2003-11-10,0.2,54.8,43.9,6.5,-1747321.5,-2977666.5,3577,1.2565870661844032,51.03611790685329,46.39528783908895
2003-11-25,552,2003-11-25,2.16666666666667,52.3333333333333,44.0,7.16666666666667,-1747315.0,-2977620.0,3577,1.2120154870927065,51.57281206924397,45.79666370780237
2003-11-26,553,2003-11-26,0.15,53.0,45.85,6.4,-1747321.5,-2977666.5,3577,0.9588426537341523,52.10349794683381,45.62406886198774
2003-12-03,554,2003-12-03,0.55,54.6,43.55,6.7,-1747321.5,-2977666.5,3577,0.5268473013054276,53.24791725301765,45.03829807962262
2003-12-04,555,2003-12-04,1.05,47.25,50.25,6.5,-1747321.5,-2977666.5,3577,0.36867183384205726,51.32052364559338,47.24493385870389
2003-12-12,556,2003-12-12,0.25,48.65,50.1,6.0,-1747321.5,-2977666.5,3577,0.48593351952477787,49.91317882323329,48.575189258618536
2003-12-19,557,2003-12-19,0.1,54.8,44.15,6.3,-1747321.5,-2977666.5,3577,0.43045097317536696,50.88813245577191,47.75155340015307
2003-12-20,558,2003-12-20,0.0,54.0,46.0,6.0,-1747275.0,-2977605.0,3577,0.11081498480877594,53.46527347780419,45.597125939069585
2003-12-27,559,2003-12-27,0.85,49.8,47.85,6.6,-1747321.5,-2977666.5,3577,0.34886553075402355,54.750767498746924,44.03076490072736
2003-12-28,560,2003-12-28,0.2,53.2,45.6,6.05,-1747321.5,-2977666.5,3577,0.232806512373041,55.78018684101442,43.08215159452906
2004-01-04,561,2004-01-04,0.45,66.6,32.0,8.0,-1747321.5,-2977666.5,3577,0.42717854900511054,56.59848232262247,41.95221697806211
2004-01-13,562,2004-01-13,0.1,53.1,45.85,6.4,-1747321.5,-2977666.5,3577,0.5561421550584807,54.80524367272774,43.516965078258885
2004-01-20,563,2004-01-20,0.55,51.7,46.45,6.7,-1747321.5,-2977666.5,3577,0.8212961960638753,52.57327285716593,45.413695901614815
2004-01-28,564,2004-01-28,2.1,47.0,49.6,6.65,-1747321.5,-2977666.5,3577,0.9165645500009454,51.29021087271095,46.588443135804596
2004-01-29,565,2004-01-29,0.2,52.9,45.9,6.2,-1747321.5,-2977666.5,3577,1.0915098833053858,50.2650999155568,47.539630647982676
2004-02-05,566,2004-02-05,1.7,49.1,48.05,6.7,-1747321.5,-2977666.5,3577,1.3120537357377504,49.66601030547657,47.826652449710316
2004-02-14,567,2004-02-14,1.1,46.15,51.45,5.95,-1747321.5,-2977666.5,3577,1.4992844616681387,49.650718785850685,47.638872891806955
2004-02-21,568,2004-02-21,1.9,53.85,42.95,7.0,-1747321.5,-2977666.5,3577,1.3405291303122118,50.81955876939637,46.6255721059057
2004-02-22,569,2004-02-22,0.45,53.3,45.25,6.35,-1747321.5,-2977666.5,3577,1.1904089718329427,49.54021845027297,48.04051830521701
2004-02-29,570,2004-02-29,2.1,46.55,50.0,6.65,-1747321.5,-2977666.5,3577,1.2261804758706951,46.55583039251074,50.87659832426874
2004-03-08,571,2004-03-08,1.0,42.25,55.2,6.55,-1747321.5,-2977666.5,3577,1.2630669639955676,44.54863712138588,52.782607330741854
2004-03-17,572,2004-03-17,0.95,41.1,56.5,6.2,-1747321.5,-2977666.5,3577,1.196625570190526,43.20434768850413,54.17733751125415
2004-03-25,573,2004-03-25,0.45,44.9,53.45,6.25,-1747321.5,-2977666.5,3577,1.2546581187327108,42.56996062998047,54.76624887376629
2004-04-01,574,2004-04-01,2.55,41.75,54.15,6.5,-1747321.5,-2977666.5,3577,1.1756343085348233,44.678810306143475,52.798315949344016
2004-04-02,575,2004-04-02,1.05,45.05,52.5,6.15,-1747321.5,-2977666.5,3577,1.2141421450659933,49.14340718818431,48.377137580202515
2004-04-09,576,2004-04-09,0.9,55.9,42.2,11.4,-1747321.5,-2977666.5,3577,1.227229926539103,47.46690270909613,50.09181115383035
2004-04-10,577,2004-04-10,1.53846153846154,46.6153846153846,50.6923076923077,6.84615384615385,-1747325.76923077,-2977641.92307692,3577,1.4628807724780777,47.062320032901226,50.255918075724814
2004-04-18,578,2004-04-18,0.65,53.4,44.85,6.65,-1747321.5,-2977666.5,3577,1.5522272202669982,47.78604579511224,49.414866426730924
2004-04-26,579,2004-04-26,1.9,45.3,51.45,6.7,-1747321.5,-2977666.5,3577,1.2344467630486267,48.60704463432958,48.974656469981376
2004-05-03,580,2004-05-03,1.7,36.8,60.1,5.8,-1747326.0,-2977701.0,3577,1.126625886616192,50.09852820434354,47.65484997259708
2004-05-04,581,2004-05-04,1.3,44.85,52.7,6.55,-1747321.5,-2977666.5,3577,1.3782481509914546,51.0834400298363,46.40535233996079
2004-05-11,582,2004-05-11,0.55,77.4,21.2,8.3,-1747321.5,-2977666.5,3577,0.7706994838929839,50.12985592639523,47.95435043641044
2004-05-12,583,2004-05-12,0.7,47.75,50.5,6.8,-1747321.5,-2977666.5,3577,0.40182871823732863,52.78121775025012,45.70010716836659
2004-05-20,584,2004-05-20,0.85,46.25,51.85,6.8,-1747321.5,-2977666.5,3577,1.4999069042410473,52.5160027279144,44.82093355560178
2004-05-27,585,2004-05-27,3.85,48.45,46.15,7.1,-1747321.5,-2977666.5,3577,2.9407824373764253,51.69469029421818,44.14591894173277
2004-05-28,586,2004-05-28,2.8,45.1,50.7,6.65,-1747321.5,-2977666.5,3577,4.65506325459816,48.170610246299645,45.81834527700717
2004-06-04,587,2004-06-04,5.8,47.7,45.15,7.1,-1747321.5,-2977666.5,3577,7.099806772174126,44.11446773040541,47.333183766690624
2004-06-12,588,2004-06-12,12.7,57.35,28.65,8.6,-1747321.5,-2977666.5,3577,8.784095780379289,43.7964677737058,45.97767542054781
2004-06-20,589,2004-06-20,12.7333333333333,31.3333333333333,54.4,5.93333333333333,-1747323.0,-2977683.0,3577,10.973143858204129,46.41951366486276,41.19667832167217
2004-06-21,590,2004-06-21,9.55,43.85,45.2,7.25,-1747321.5,-2977666.5,3577,13.24739710753444,43.65003680529344,41.70459362618182
2004-06-28,591,2004-06-28,15.5,43.1,39.95,7.45,-1747321.5,-2977666.5,3577,15.904417177247614,41.65968737144584,41.051933902005175
2004-07-14,592,2004-07-14,19.35,43.2,36.25,7.95,-1747321.5,-2977666.5,3577,18.810751838458003,39.72791285081713,40.06688389009772
2004-07-15,593,2004-07-15,19.3,41.25,38.05,7.85,-1747321.5,-2977666.5,3577,21.56839344865339,38.01583818657554,39.06704789018447
2004-08-07,594,2004-08-07,27.875,33.75,36.875,7.875,-1747320.0,-2977710.0,3577,24.02808298512274,38.02596289159189,36.63928370390671
2004-08-08,595,2004-08-08,24.65,35.05,39.1,7.85,-1747321.5,-2977666.5,3577,25.889179061388816,38.3462895205872,34.46926595076235
2004-08-15,596,2004-08-15,26.7,37.65,34.4,8.7,-1747321.5,-2977666.5,3577,25.863733789426515,36.546088895619036,36.255344346051004
2004-08-16,597,2004-08-16,24.15,39.65,34.95,8.2,-1747321.5,-2977666.5,3577,24.066083374825908,38.07684513628217,36.55789852561752
2004-08-23,598,2004-08-23,22.3,41.5,34.8,8.1,-1747321.5,-2977666.5,3577,22.50183864123157,39.493084933636304,36.69698142414312
2004-08-31,599,2004-08-31,18.35,40.9,39.35,7.7,-1747321.5,-2977666.5,3577,20.19595700996328,41.551103798156404,36.94059714794457
2004-09-01,600,2004-09-01,18.3,40.55,39.8,7.45,-1747321.5,-2977666.5,3577,17.559426486823245,43.27919093289963,37.794950096337644
2004-09-08,601,2004-09-08,16.3,45.35,37.1,7.8,-1747321.5,-2977666.5,3577,16.018841607306705,43.87569046020403,38.72058083814471
2004-09-09,602,2004-09-09,14.65,43.7,40.35,7.1,-1747321.5,-2977666.5,3577,14.165903137108453,44.33474155702596,40.13064233667349
2004-09-16,603,2004-09-16,13.5,46.2,38.65,7.55,-1747321.5,-2977666.5,3577,12.900455736212328,44.86359703247579,40.850051238744825
2004-10-02,604,2004-10-02,9.6,47.05,42.05,7.75,-1747321.5,-2977666.5,3577,11.389404403644196,46.5099349051292,40.716048554122956
2004-10-10,605,2004-10-10,11.1666666666667,44.9166666666667,42.5833333333333,7.16666666666667,-1747320.0,-2977695.0,3577,10.782652796118686,45.8336449755886,41.970615598705294
2004-10-11,606,2004-10-11,10.3,45.45,42.9,7.05,-1747321.5,-2977666.5,3577,9.661840481498487,45.89073083778281,43.04127353553953
2004-10-18,607,2004-10-18,8.5,47.85,42.15,7.35,-1747321.5,-2977666.5,3577,8.834234341508568,47.578122496691236,42.23196810928377
2004-10-19,608,2004-10-19,7.83333333333333,50.7222222222222,40.1111111111111,7.33333333333333,-1747321.66666667,-2977660.0,3577,8.002451882481648,50.02905838570726,40.645772021230336
2004-10-26,609,2004-10-26,8.2,49.9,40.65,7.05,-1747321.5,-2977666.5,3577,7.35335794236613,51.97055900754814,39.35634729047454
2004-10-27,610,2004-10-27,7.35,48.1,43.2,6.95,-1747321.5,-2977666.5,3577,6.4066769144158915,53.06200574450555,39.19831922462916
2004-11-03,611,2004-11-03,2.4,65.05,31.35,17.0,-1747321.5,-2977666.5,3577,5.397488579531114,53.87940911856515,39.429299845315626
2004-11-11,612,2004-11-11,6.75,53.0,38.875,7.5,-1747323.75,-2977623.75,3577,5.257626635489629,53.38090274018269,40.060018679285136
2004-11-12,613,2004-11-12,5.5,47.85,45.2,6.75,-1747321.5,-2977666.5,3577,5.296488341379192,52.89854835566119,40.47634844515045
2004-11-19,614,2004-11-19,4.7,50.35,43.7,6.85,-1747321.5,-2977666.5,3577,5.08973925970754,51.652906415901796,41.881131991497256
2004-11-20,615,2004-11-20,4.4,51.2,43.05,6.05,-1747321.5,-2977666.5,3577,4.850041496170801,51.8568263006266,41.88985731330308
2004-11-27,616,2004-11-27,6.5,54.8333333333333,37.1666666666667,7.66666666666667,-1747315.0,-2977620.0,3577,5.123851999393029,51.00784205473846,42.439905063969945
2004-11-28,617,2004-11-28,4.95,50.35,43.2,6.85,-1747321.5,-2977666.5,3577,4.747353265928407,51.36130680464279,42.40412273484398
2004-12-13,618,2004-12-13,3.33333333333333,53.6666666666667,41.5555555555556,6.55555555555556,-1747325.0,-2977705.0,3577,4.300540532738032,53.67792078921308,40.540066057087884
2004-12-14,619,2004-12-14,3.45,51.8,43.25,6.55,-1747321.5,-2977666.5,3577,4.475010283833144,53.16292551616836,40.881375616121844
2004-12-21,620,2004-12-21,5.55,55.85,37.1,7.25,-1747321.5,-2977666.5,3577,4.516613262897417,52.67234947714037,41.34196706285873
2004-12-22,621,2004-12-22,5.55,47.3,45.7,6.4,-1747321.5,-2977666.5,3577,4.6101965114342125,52.32861900740376,41.63759144191959
2004-12-29,622,2004-12-29,3.3,56.2,39.1,6.85,-1747321.5,-2977666.5,3577,4.893504947064588,51.83045458153043,41.87041647722137
2005-01-06,623,2005-01-06,6.75,49.45,42.55,6.75,-1747321.5,-2977666.5,3577,5.6625809175336315,50.611333867363456,42.276080524216624
2005-01-07,624,2005-01-07,4.35,49.5,44.6,6.35,-1747321.5,-2977666.5,3577,5.606130608296953,48.64451023691784,44.34606640349011
2005-01-14,625,2005-01-14,6.0,50.5,42.0,7.0,-1747290.0,-2977605.0,3577,5.136746844486014,50.53425181628761,42.881544358627735
2005-01-15,626,2005-01-15,4.6,47.45,46.5,6.1,-1747321.5,-2977666.5,3577,4.238307822208117,50.8999514417395,43.374383201930904
2005-01-22,627,2005-01-22,4.45,49.35,44.7,6.65,-1747321.5,-2977666.5,3577,3.8397183312038248,50.172617011464,44.47236757050334
2005-01-23,628,2005-01-23,2.9,50.85,44.8,6.3,-1747321.5,-2977666.5,3577,3.0617670255436584,49.031457242440624,46.426397132272555
2005-01-31,629,2005-01-31,0.75,56.1,41.85,6.2,-1747321.5,-2977666.5,3577,2.5821203564233763,49.715468587132975,46.29428017801939
2005-02-07,630,2005-02-07,3.1,51.05,44.05,6.55,-1747321.5,-2977666.5,3577,2.7621058508051286,48.89940415620799,46.99629797446431
2005-02-08,631,2005-02-08,3.0,34.0,62.0,6.0,-1747335.0,-2977725.0,3577,3.058756568508433,48.41804279311296,47.178607615287866
2005-02-15,632,2005-02-15,5.0,52.2857142857143,41.4285714285714,7.28571428571429,-1747324.28571429,-2977686.42857143,3577,3.3939608379231787,49.04400027216633,46.2508055412011
2005-02-16,633,2005-02-16,2.55,56.3,39.9,6.75,-1747321.5,-2977666.5,3577,3.6288468497441406,49.55952886122425,45.48009498241017
2005-02-23,634,2005-02-23,5.05,50.35,43.1,6.75,-1747321.5,-2977666.5,3577,4.0040065197953965,50.97218663688491,43.645125617410116
2005-02-24,635,2005-02-24,2.78571428571429,50.8571428571429,44.8571428571429,6.57142857142857,-1747322.14285714,-2977645.71428571,3577,3.796550199026413,53.884512082336855,40.909458034219725
2005-03-11,636,2005-03-11,3.5,56.65,38.45,6.9,-1747321.5,-2977666.5,3577,3.1458065154654897,57.1703593619917,38.253513978276075
2005-03-20,637,2005-03-20,2.4,57.2,39.0,6.9,-1747321.5,-2977666.5,3577,3.417333285908627,57.209523448679,37.85963015312296
2005-03-27,638,2005-03-27,5.2,53.65,39.55,6.9,-1747321.5,-2977666.5,3577,3.9214738821544106,53.57498383968172,41.06045177731871
2005-04-05,639,2005-04-05,3.35,56.85,38.5,7.05,-1747321.5,-2977666.5,3577,4.491427767278488,52.41559740568245,41.67295042418259
2005-04-12,640,2005-04-12,2.9,53.05,42.65,7.0,-1747321.5,-2977666.5,3577,2.9240058702902614,50.777111897382945,44.86094462812059
2005-04-13,641,2005-04-13,5.35,43.45,49.7,6.95,-1747321.5,-2977666.5,3577,3.2871507749211797,48.91492284804247,46.38809070186086
2005-04-20,642,2005-04-20,5.8,42.05,50.7,6.85,-1747321.5,-2977666.5,3577,3.4422212462455,47.01637124484719,48.1426675491619
2005-04-21,643,2005-04-21,2.2,49.3,47.25,6.75,-1747321.5,-2977666.5,3577,6.26156227673162,47.34533113944171,45.022792223249894
2005-05-06,644,2005-05-06,4.0,55.5,39.0,18.5,-1747320.0,-2977605.0,3577,8.288423650651515,49.308670895660434,41.003444543066905
2005-05-07,645,2005-05-07,10.2,51.35,37.05,7.8,-1747321.5,-2977666.5,3577,10.336713286711742,52.15983134511767,36.056733204870234
2005-05-14,646,2005-05-14,22.6,51.0,25.25,9.25,-1747321.5,-2977666.5,3577,12.478611790684226,54.52936088678308,31.595401502517525
2005-05-15,647,2005-05-15,13.1,52.7,32.5,8.3,-1747321.5,-2977666.5,3577,15.030209573705779,55.95866223558886,27.65549373226979
2005-05-23,648,2005-05-23,19.45,61.55,17.7,10.95,-1747321.5,-2977666.5,3577,18.490667691438922,54.10706228754956,26.08434908744116
2005-05-31,649,2005-05-31,11.9,54.05,32.7,5.95,-1747321.5,-2977666.5,3577,22.664294528997026,54.22424819761471,21.849395960073807
2005-06-07,650,2005-06-07,28.8,49.0,21.2,9.4,-1747329.0,-2977719.0,3577,25.95085301694821,52.87658425165375,19.93993375045708
2005-06-15,651,2005-06-15,33.25,47.1,18.55,10.6,-1747321.5,-2977666.5,3577,29.69646127865498,49.517010814255734,19.547509417823836
2005-06-24,652,2005-06-24,35.05,49.8,13.75,12.3,-1747321.5,-2977666.5,3577,33.25712068605493,44.13533200544924,21.394110696209506
2005-07-01,653,2005-07-01,38.25,41.1,19.3,11.0,-1747321.5,-2977666.5,3577,37.3584692641505,41.62929241810198,19.742169829108786
2005-07-02,654,2005-07-02,36.8,43.3,18.55,10.65,-1747321.5,-2977666.5,3577,38.35203317945942,39.23737406813446,21.04119931247081
2005-07-09,655,2005-07-09,33.9,24.0,40.7,8.6,-1747321.5,-2977666.5,3577,38.29239662894786,37.01908868994229,23.291533712739692
2005-07-17,656,2005-07-17,37.85,39.7,21.15,10.4,-1747321.5,-2977666.5,3577,35.11881326266496,35.470818809668,27.94935755949678
2005-07-18,657,2005-07-18,35.25,42.95,20.25,9.9,-1747321.5,-2977666.5,3577,34.767394150572926,36.14492186089943,27.615731953529284
2005-07-25,658,2005-07-25,35.75,41.0625,21.5625,10.0625,-1747321.875,-2977651.875,3577,32.60198201667488,38.230033936645874,27.692853632838506
2005-08-02,659,2005-08-02,26.5263157894737,28.0,44.2105263157895,6.05263157894737,-1747323.94736842,-2977669.73684211,3577,29.903935603254915,41.13228826126819,27.44863095393687
2005-08-03,660,2005-08-03,26.0,45.6666666666667,26.6666666666667,8.33333333333333,-1747305.0,-2977725.0,3577,27.27273695832846,43.34929384340502,27.869208302420706
2005-08-10,661,2005-08-10,25.75,53.25,19.5,8.0,-1747320.0,-2977725.0,3577,24.62517197646372,45.8668717118726,28.05891738007378
2005-08-11,662,2005-08-11,26.8,45.55,26.4,8.95,-1747321.5,-2977666.5,3577,23.038477035426503,44.794531977303926,30.795008850929385
2005-08-18,663,2005-08-18,15.25,43.85,39.6,16.0,-1747321.5,-2977666.5,3577,21.721323068867484,48.90476818072837,28.127346352111992
2005-08-19,664,2005-08-19,23.7,48.1,26.85,8.85,-1747321.5,-2977666.5,3577,21.153798751351395,48.46742297949004,29.161039083122063
2005-08-26,665,2005-08-26,21.6,49.4,27.95,8.65,-1747321.5,-2977666.5,3577,20.973944810278645,48.31268402649259,29.52663961628609
2005-08-27,666,2005-08-27,20.55,47.55,30.75,8.6,-1747321.5,-2977666.5,3577,19.164689568752216,45.50563468631063,34.06047988185332
2005-09-03,667,2005-09-03,18.25,46.9,33.5,8.45,-1747321.5,-2977666.5,3577,18.582486716474495,46.96056317805656,33.09682785032624
2005-09-04,668,2005-09-04,15.15,52.95,30.5,8.15,-1747321.5,-2977666.5,3577,18.344772280022923,49.75308640356779,30.51858548001972
2005-09-11,669,2005-09-11,20.6666666666667,37.3333333333333,40.3333333333333,7.0,-1747335.0,-2977725.0,3577,17.38630704204015,51.87026857233023,29.375070638444107
2005-09-12,670,2005-09-12,13.5,64.6,20.55,11.3,-1747321.5,-2977666.5,3577,15.523231835784516,53.246811726639194,29.82365697687885
2005-09-19,671,2005-09-19,14.95,49.55,34.05,8.25,-1747321.5,-2977666.5,3577,15.092836811223023,54.780853153681846,28.713199371912697
2005-09-20,672,2005-09-20,18.0,64.6,16.6,10.0,-1747335.0,-2977617.0,3577,14.488784107097082,55.26552160022085,28.919684188492
2005-09-27,673,2005-09-27,10.8421052631579,52.8947368421053,34.7368421052632,6.68421052631579,-1747323.94736842,-2977669.73684211,3577,13.36192839260914,54.72692467219106,30.652293494345308
2005-09-28,674,2005-09-28,11.05,48.25,39.25,7.25,-1747321.5,-2977666.5,3577,12.564064296464245,52.91321657810195,33.28476750558705
2005-10-05,675,2005-10-05,13.8,48.25,36.6,7.85,-1747321.5,-2977666.5,3577,11.582763705794402,51.43911846937803,35.75240170724402
2005-10-06,676,2005-10-06,11.0,53.0,35.0,7.0,-1747275.0,-2977605.0,3577,12.205696004742986,47.81782268162929,38.668158643941126
2005-10-13,677,2005-10-13,11.6,49.6,37.6,7.4,-1747329.0,-2977719.0,3577,11.045889770973668,49.57724714587262,38.04260259049491
2005-10-14,678,2005-10-14,9.4,50.45,38.7,7.45,-1747321.5,-2977666.5,3577,10.51773148026657,50.42418395926279,37.71556663354006
2005-10-21,679,2005-10-21,12.45,50.45,35.7,7.55,-1747321.5,-2977666.5,3577,10.05627078844095,53.4896723815456,35.19978120502077
2005-10-30,680,2005-10-30,7.75,55.65,35.25,7.8,-1747321.5,-2977666.5,3577,8.623090525653602,54.656764284265485,35.42584140846403
2005-11-06,681,2005-11-06,8.75,55.3,34.55,8.05,-1747321.5,-2977666.5,3577,7.684921734610988,56.48534824307974,34.52795795535217
2005-11-07,682,2005-11-07,3.0,64.0,32.0,8.0,-1747275.0,-2977605.0,3577,7.3114797354337515,58.074105847703976,33.28854570351751
2005-11-14,683,2005-11-14,9.6875,55.375,33.6875,8.0,-1747321.875,-2977651.875,3577,6.407200036804342,59.63849996751583,32.643720636943314
2005-11-15,684,2005-11-15,6.65,56.15,35.8,7.25,-1747321.5,-2977666.5,3577,6.770116261446519,58.03765967004264,33.871907001661995
2005-11-22,685,2005-11-22,6.55,60.5,31.35,7.85,-1747321.5,-2977666.5,3577,6.600942865183365,57.322182770781026,34.680376280061495
2005-11-23,686,2005-11-23,6.95,56.7,34.9,7.15,-1747321.5,-2977666.5,3577,7.583986807824683,54.52168851529492,36.44005147328907
2005-12-09,687,2005-12-09,7.4,51.15,40.05,6.8,-1747321.5,-2977666.5,3577,7.4024333595529965,53.42360323284447,37.7010403811818
2005-12-25,688,2005-12-25,7.3,52.65,38.8,7.05,-1747321.5,-2977666.5,3577,7.426383626692115,53.60710459560278,37.537830165185234
2006-01-01,689,2006-01-01,9.2,51.7,37.65,7.25,-1747321.5,-2977666.5,3577,6.982282217265693,55.99993974033385,35.70676135009967
2006-01-10,690,2006-01-10,4.35,60.95,33.2,6.05,-1747321.5,-2977666.5,3577,7.232258642629079,56.30340957201571,35.17302992414696
2006-01-17,691,2006-01-17,9.3125,51.9375,37.625,7.625,-1747321.875,-2977651.875,3577,7.358275870155575,55.16310422033282,36.14643123903419
2006-01-25,692,2006-01-25,3.95,66.9,27.95,7.8,-1747321.5,-2977666.5,3577,6.645617192404124,57.17104261836379,34.84012373075319
2006-01-26,693,2006-01-26,8.22222222222222,56.1111111111111,34.3333333333333,7.66666666666667,-1747328.33333333,-2977628.33333333,3577,5.949465120362063,58.87424055991287,33.84172376900199
2006-02-02,694,2006-02-02,5.5,53.5,39.5,7.5,-1747290.0,-2977605.0,3577,5.341060371516228,58.78426438112092,34.59770264564638
2006-02-03,695,2006-02-03,4.55,52.6,41.4,6.9,-1747321.5,-2977666.5,3577,4.248299468848369,59.844870441726826,34.63988368442185
2006-02-10,696,2006-02-10,4.15,65.25,29.5,8.0,-1747321.5,-2977666.5,3577,3.955144773526535,60.02120601705617,34.73714177978364
2006-02-11,697,2006-02-11,0.1,72.9,25.95,5.6,-1747321.5,-2977666.5,3577,3.2367399885970904,60.03671527130382,35.40309786961735
2006-02-18,698,2006-02-18,6.25,50.375,41.9375,7.1875,-1747320.0,-2977680.0,3577,3.8493677246380464,58.73912899535087,36.09994127389099
2006-02-19,699,2006-02-19,3.65,54.45,40.55,7.05,-1747321.5,-2977666.5,3577,4.152975696473527,58.12950696533419,36.37212873555209
2006-02-26,700,2006-02-26,4.8,58.35,35.2,7.1,-1747321.5,-2977666.5,3577,5.411281185274183,54.496611386541325,38.68945961159005
2006-03-06,701,2006-03-06,8.7,46.9,43.1,7.7,-1747321.5,-2977666.5,3577,6.409104981704642,50.765596245851825,41.38296915931747
2006-03-07,702,2006-03-07,5.6,50.8,42.1,7.3,-1747321.5,-2977666.5,3577,7.6028708133959935,47.88453906773624,43.01632233864564
2006-03-14,703,2006-03-14,9.35,49.05,40.25,7.55,-1747321.5,-2977666.5,3577,8.614620863774139,47.112693456810014,42.80447860961927
2006-03-15,704,2006-03-15,8.3,43.7,46.5,7.0,-1747321.5,-2977666.5,3577,8.978242488636479,47.041783591490784,42.52173461213074
2006-04-08,705,2006-04-08,10.4,45.1,43.05,7.0,-1747321.5,-2977666.5,3577,10.275807093595507,43.70147716655161,44.592427580153114
2006-04-15,706,2006-04-15,11.45,44.6,42.45,7.1,-1747321.5,-2977666.5,3577,10.727329600619255,45.01295929599614,42.832955898584174
2006-04-16,707,2006-04-16,11.3,43.75,43.4,7.1,-1747321.5,-2977666.5,3577,11.408596285827251,45.39361977626362,41.738502673790556
2006-04-23,708,2006-04-23,10.9230769230769,43.9230769230769,44.0,10.6153846153846,-1747318.84615385,-2977641.92307692,3577,11.802894628589454,43.40121673990994,43.38952347960988
2006-04-24,709,2006-04-24,11.75,45.1,41.75,7.0,-1747321.5,-2977666.5,3577,11.510366187751936,42.56708207248175,44.56063564917388
2006-05-01,710,2006-05-01,12.75,42.3,43.65,7.35,-1747321.5,-2977666.5,3577,11.354989866050321,41.665405765935375,45.685088440963966
2006-05-02,711,2006-05-02,10.2,45.75,42.5,7.3,-1747321.5,-2977666.5,3577,11.058136219577765,41.14948805659074,46.533934486559104
2006-05-09,712,2006-05-09,11.1,29.45,58.4,12.1,-1747321.5,-2977666.5,3577,11.000162209781905,42.509501013388444,45.25129468054489
2006-05-10,713,2006-05-10,10.2,45.3,43.4,7.3,-1747321.5,-2977666.5,3577,11.363924810600894,43.6731228880604,43.719947390064696
2006-05-25,714,2006-05-25,12.25,49.8,36.65,7.85,-1747321.5,-2977666.5,3577,11.663547597911181,44.77687219900173,42.298352421565916
2006-05-26,715,2006-05-26,11.7,47.8,39.15,7.7,-1747321.5,-2977666.5,3577,12.118007534259593,45.318912511630195,41.30361990949609
2006-06-02,716,2006-06-02,13.05,47.75,37.85,7.95,-1747321.5,-2977666.5,3577,11.98050834614123,46.64291173222365,40.0385026737908
2006-06-03,717,2006-06-03,11.7,45.1,41.8,7.7,-1747321.5,-2977666.5,3577,11.991365909630371,47.04439801683681,39.5564918054023
2006-06-10,718,2006-06-10,12.1,41.35,45.15,7.7,-1747321.5,-2977666.5,3577,10.946069410464059,47.025744224808406,40.54609430816255
2006-06-11,719,2006-06-11,9.2,47.25,42.05,7.8,-1747321.5,-2977666.5,3577,10.317076576672559,45.38282708003392,42.85675702006331
2006-06-18,720,2006-06-18,9.35,48.4,40.75,8.0,-1747321.5,-2977666.5,3577,9.436451319576845,46.75121782241827,42.344771482381255
2006-06-19,721,2006-06-19,8.15,51.15,39.2,7.8,-1747321.5,-2977666.5,3577,9.343619692999102,47.84361969299334,41.331770551423816
2006-06-26,722,2006-06-26,11.35,44.6,42.65,7.9,-1747321.5,-2977666.5,3577,9.611050250058103,48.421093766906964,40.49270930307477
2006-06-27,723,2006-06-27,8.2,48.3,42.05,7.95,-1747321.5,-2977666.5,3577,10.04342267639331,47.403616661968705,41.07992487388158
2006-07-04,724,2006-07-04,12.2,47.5,38.8,7.85,-1747321.5,-2977666.5,3577,10.345063759768095,46.75752018878255,41.41468314966148
2006-07-05,725,2006-07-05,9.45,46.3,42.65,7.6,-1747321.5,-2977666.5,3577,10.249646019613529,46.00031501006046,42.276760700593385
2006-07-12,726,2006-07-12,11.45,45.0,42.25,7.9,-1747321.5,-2977666.5,3577,9.835912230183206,46.57628980925499,42.127541189454405
2006-07-13,727,2006-07-13,8.55,45.85,44.05,7.85,-1747321.5,-2977666.5,3577,9.73633116109751,47.11339496416192,41.68012405550482
2006-07-20,728,2006-07-20,8.0,46.9,43.6,7.8,-1747321.5,-2977666.5,3577,9.114142977763908,47.80710017535928,41.618340946972495
2006-07-21,729,2006-07-21,9.15,53.7,35.75,8.1,-1747321.5,-2977666.5,3577,8.88613739201842,47.25531403580233,42.37767000800423
2006-07-29,730,2006-07-29,8.5,44.65,45.45,7.2,-1747321.5,-2977666.5,3577,8.33405356253529,47.31010846737695,42.88489034184988
2006-08-05,731,2006-08-05,9.8,47.35,41.3,7.75,-1747321.5,-2977666.5,3577,8.267510662710666,47.81201801293966,42.45677975274864
2006-08-06,732,2006-08-06,6.9,46.0,45.55,7.25,-1747321.5,-2977666.5,3577,7.429564398448736,47.871802810185756,43.248603563612576
2006-08-14,733,2006-08-14,5.35,47.6,45.7,7.3,-1747321.5,-2977666.5,3577,6.707934789667533,47.793771244228495,44.09769425620159
2006-08-21,734,2006-08-21,7.5,47.95,43.1,7.5,-1747321.5,-2977666.5,3577,5.891912576586619,48.22661672691912,44.459848665259976
2006-08-22,735,2006-08-22,5.0,51.0,42.8,7.35,-1747321.5,-2977666.5,3577,5.373289094805321,49.44882006537614,43.776369914908265
2006-08-30,736,2006-08-30,4.35,49.0,45.1,7.15,-1747321.5,-2977666.5,3577,5.560098724803776,46.02437232529424,46.97004625920333
2006-09-06,737,2006-09-06,4.85,43.8,49.9,7.1,-1747321.5,-2977666.5,3577,5.485353655631473,44.657161878362636,48.40575353438407
2006-09-07,738,2006-09-07,6.5,46.0,46.0,6.83333333333333,-1747325.0,-2977620.0,3577,5.297378163631241,45.06536080018379,48.169716815684836
2006-09-14,739,2006-09-14,5.95,43.5,49.05,7.3,-1747321.5,-2977666.5,3577,4.310848903417918,46.19437708833304,48.054898713250665
2006-09-15,740,2006-09-15,3.45,41.2,54.0,6.95,-1747321.5,-2977666.5,3577,3.681495594188542,48.54327762020536,46.391225183478305
2006-09-22,741,2006-09-22,2.9,45.7,49.95,7.0,-1747321.5,-2977666.5,3577,3.2697644460797477,49.801826192376026,45.60308839766362
2006-09-23,742,2006-09-23,0.5,73.6666666666667,24.8333333333333,7.0,-1747320.0,-2977680.0,3577,2.6561389075317,51.518260480481885,44.55013134439713
2006-10-01,743,2006-10-01,3.1,41.05,54.4,6.65,-1747321.5,-2977666.5,3577,2.878265387862482,47.320436684051906,48.43051375867989
2006-10-08,744,2006-10-08,3.9,45.05,49.7,7.05,-1747321.5,-2977666.5,3577,3.450297689925657,45.12662971702545,50.02350667907196
2006-10-09,745,2006-10-09,5.25,41.2,52.05,6.75,-1747321.5,-2977666.5,3577,3.7213719716810125,45.810662351057985,49.05728781022165
2006-10-17,746,2006-10-17,3.05,37.9,57.55,6.4,-1747321.5,-2977666.5,3577,4.115601117148489,43.409006473396275,50.979762497556735
2006-10-24,747,2006-10-24,4.7,45.15,48.55,7.0,-1747321.5,-2977666.5,3577,3.8031363888943344,43.6527676142162,51.07583984642045
2006-10-25,748,2006-10-25,3.3,45.25,50.1,6.8,-1747321.5,-2977666.5,3577,2.7033347285665226,47.579458072020614,48.31471875217284
2006-11-01,749,2006-11-01,0.0,73.0,26.0,4.0,-1747275.0,-2977725.0,3577,1.966572849235095,54.025765153311255,42.741668651259786
2006-11-02,750,2006-11-02,1.7,43.05,53.75,6.75,-1747321.5,-2977666.5,3577,1.7739404042806968,54.430764179053256,42.559732475979985
2006-11-09,751,2006-11-09,3.8,43.1,51.75,6.9,-1747321.5,-2977666.5,3577,2.0262460277937127,54.46415284061529,42.273677234352036
2006-11-10,752,2006-11-10,0.1,66.8,32.3,14.1,-1747320.0,-2977701.0,3577,2.614068490848286,51.979845489899645,44.15523939424209
2006-11-25,753,2006-11-25,3.45,47.35,47.7,7.95,-1747321.5,-2977666.5,3577,2.820601070755448,49.136804217447036,46.763934826776136
2006-12-03,754,2006-12-03,5.88888888888889,42.7777777777778,49.8888888888889,7.11111111111111,-1747318.33333333,-2977628.33333333,3577,3.3435974070644,45.026387355328,50.238591731618286
2006-12-04,755,2006-12-04,1.45,42.05,55.0,6.15,-1747321.5,-2977666.5,3577,3.247650051781503,42.649717048841424,52.676433057289685
2006-12-11,756,2006-12-11,3.15,42.4,53.15,6.95,-1747321.5,-2977666.5,3577,2.6585187179253227,43.98508100218565,51.972751639081096
2006-12-20,757,2006-12-20,1.5,44.05,53.2,6.5,-1747321.5,-2977666.5,3577,2.0249061435769526,42.21456610917757,54.38611903165746
2006-12-27,758,2006-12-27,1.45,42.35,54.65,6.9,-1747321.5,-2977666.5,3577,1.5941265410779573,43.32712195321693,53.772991151096946
2006-12-28,759,2006-12-28,2.21428571428571,41.0,55.4285714285714,6.35714285714286,-1747322.14285714,-2977645.71428571,3577,1.1508182775387523,47.03325694706272,50.55722374393921
2007-01-04,760,2007-01-04,0.615384615384615,55.2307692307692,43.2307692307692,10.5384615384615,-1747300.38461538,-2977665.0,3577,1.5370070933536117,44.66503400279822,52.46193278684754
2007-01-05,761,2007-01-05,1.65,44.05,52.95,6.6,-1747321.5,-2977666.5,3577,2.193018440636593,43.173227863659605,53.26939294728448
2007-01-13,762,2007-01-13,2.3,40.65,55.45,6.2,-1747321.5,-2977666.5,3577,2.449303459103045,42.512582416386486,53.608207688945086
2007-01-20,763,2007-01-20,4.35,37.05,57.0,6.4,-1747321.5,-2977666.5,3577,2.993728205587724,40.62718371173348,54.935223195467415
2007-01-21,764,2007-01-21,2.8,37.8,57.9,6.05,-1747321.5,-2977666.5,3577,2.8025602285302784,40.977240751621395,54.76337999936848
2007-02-05,765,2007-02-05,2.1,39.35,57.3,5.95,-1747321.5,-2977666.5,3577,2.4940575002295926,40.977416678230014,55.062238709559935
2007-02-13,766,2007-02-13,2.7,52.5,43.4,12.4,-1747321.5,-2977666.5,3577,2.3055654168513087,42.027591870549294,54.24245972152564
2007-02-14,767,2007-02-14,1.65,40.6,56.25,6.0,-1747321.5,-2977666.5,3577,1.750863940449944,44.53612922399198,52.34991900865028
2007-03-02,768,2007-03-02,1.09090909090909,40.4545454545455,57.1818181818182,5.90909090909091,-1747315.90909091,-2977697.72727273,3577,2.031420409030576,43.59294932480322,52.975692362793936
2007-03-09,769,2007-03-09,1.9,48.65,47.95,7.0,-1747321.5,-2977666.5,3577,2.389812607881488,42.35413567574489,53.803836608078505
2007-03-10,770,2007-03-10,4.2,34.1,60.2,5.95,-1747321.5,-2977666.5,3577,3.1388007573620667,40.2879190047157,55.062804701622824
2007-03-17,771,2007-03-17,4.0,40.9,53.5,6.4,-1747321.5,-2977666.5,3577,3.5791511753088168,40.213145298264536,54.7114448737221
2007-03-26,772,2007-03-26,3.7,36.0,58.8,5.9,-1747321.5,-2977666.5,3577,4.088033947476061,35.12178549004649,59.24943926042111
2007-04-02,773,2007-04-02,5.25,35.9,57.35,6.2,-1747321.5,-2977666.5,3577,4.523847498435384,35.74556889256533,58.175318058175584
2007-04-03,774,2007-04-03,2.5,39.6,56.4,6.05,-1747321.5,-2977666.5,3577,4.463896393649678,32.804625731115856,61.156718676458595
2007-04-10,775,2007-04-10,4.95,34.0,59.5,6.05,-1747321.5,-2977666.5,3577,3.9217417908792207,36.20026464491461,58.3764064353353
2007-04-11,776,2007-04-11,3.65,35.15,59.75,5.95,-1747321.5,-2977666.5,3577,3.2860361489572805,42.689683804864,52.58999118039394
2007-04-18,777,2007-04-18,3.55,35.45,59.4,5.6,-1747321.5,-2977666.5,3577,2.99172091555133,48.095962469981686,47.602445501371086
2007-04-26,778,2007-04-26,1.8,76.0,21.3,4.6,-1747314.0,-2977701.0,3577,2.2162821291463892,54.59641968752281,41.97939529917068
2007-04-27,779,2007-04-27,1.25,47.65,49.85,14.9,-1747321.5,-2977666.5,3577,1.6340521544609046,57.773053946208094,39.47566492493392
2007-05-12,780,2007-05-12,1.57894736842105,75.6842105263158,21.8421052631579,16.7894736842105,-1747323.94736842,-2977663.42105263,3577,2.383417861264987,59.202701469940465,37.29694585192643
2007-05-13,781,2007-05-13,2.85,44.35,51.6,6.65,-1747321.5,-2977666.5,3577,2.256370238853199,54.2255891818708,42.37350207230623
2007-05-20,782,2007-05-20,3.05,46.45,49.3,6.4,-1747321.5,-2977666.5,3577,2.4162698959827495,49.29159732233788,47.11383327442587
2007-05-29,783,2007-05-29,2.95,43.75,51.85,6.85,-1747321.5,-2977666.5,3577,4.0212323443212,42.18723355835321,52.481508535452136
2007-06-13,784,2007-06-13,6.5,38.7,53.45,6.9,-1747321.5,-2977666.5,3577,4.817651348162277,39.66954906751447,54.111694066069234
2007-06-21,785,2007-06-21,5.1,41.1,52.45,6.8,-1747321.5,-2977666.5,3577,5.064182989895122,45.031056128157104,48.592618958352304
2007-06-22,786,2007-06-22,1.71428571428571,40.2857142857143,56.8571428571429,6.0,-1747313.57142857,-2977712.14285714,3577,6.579113008548231,43.50810209831883,48.6042600303323
2007-06-30,787,2007-06-30,10.4,62.55,25.65,8.1,-1747321.5,-2977666.5,3577,5.449283167540457,48.734981248172595,44.561324539882335
2007-07-07,788,2007-07-07,8.8,40.35,49.45,6.9,-1747321.5,-2977666.5,3577,6.510846412833381,47.33785399869099,44.87320524513109
2007-07-08,789,2007-07-08,0.578947368421053,60.4736842105263,38.1578947368421,10.8947368421053,-1747323.94736842,-2977669.73684211,3577,6.351161263373122,49.76381398460661,42.661226316450524
2007-07-15,790,2007-07-15,10.0,39.6,49.1,7.1,-1747321.5,-2977666.5,3577,6.561243693571213,51.035656505780864,41.22930409983729
2007-07-16,791,2007-07-16,7.85,39.35,51.25,6.95,-1747321.5,-2977666.5,3577,7.700099550114694,51.603169960225955,39.57881429308246
2007-07-24,792,2007-07-24,3.0,67.1428571428571,28.8571428571429,6.85714285714286,-1747313.57142857,-2977712.14285714,3577,9.092976471140341,50.9453434784139,38.8372347873675
2007-07-31,793,2007-07-31,20.5,45.0,33.5,9.5,-1747290.0,-2977605.0,3577,10.601052556697054,48.927318794934095,39.2885565876138
2007-08-01,794,2007-08-01,4.0,59.35,35.7,7.45,-1747321.5,-2977666.5,3577,13.138635423560949,48.78473160373197,36.80932764481181
2007-08-08,795,2007-08-08,18.75,36.75,42.95,7.75,-1747321.5,-2977666.5,3577,14.202010446777756,44.5733538662672,39.9002574743105
2007-08-09,796,2007-08-09,15.2,39.7,43.5,7.5,-1747321.5,-2977666.5,3577,14.199248567952655,44.15607571505559,40.302573245552395
2007-08-17,797,2007-08-17,13.65,34.45,50.35,7.05,-1747321.5,-2977666.5,3577,14.926660027276991,35.88215004808897,47.686241776791924
2007-08-24,798,2007-08-24,11.75,40.25,46.65,6.8,-1747321.5,-2977666.5,3577,12.994349303944887,33.78229510427148,51.65607658594503
2007-08-25,799,2007-08-25,11.35,41.65,45.7,6.9,-1747321.5,-2977666.5,3577,10.174076078718521,38.11097401050392,50.22950424188064
2007-09-02,800,2007-09-02,8.9,35.8,53.7,6.5,-1747321.5,-2977666.5,3577,8.436301933359497,41.50993634847504,48.67602134706671
2007-09-09,801,2007-09-09,6.95,40.7,50.85,6.8,-1747321.5,-2977666.5,3577,4.932946156010435,47.28987745999423,46.47096603086621
2007-09-17,802,2007-09-17,1.85,40.95,55.9,5.3,-1747321.5,-2977666.5,3577,4.607648943661733,46.77570703744654,47.22191672832017
2007-09-18,803,2007-09-18,0.0,74.5,24.5,4.5,-1747305.0,-2977680.0,3577,3.19169652056146,48.53786342049139,46.87317473092588
2007-09-25,804,2007-09-25,5.2,43.7,49.6,7.0,-1747321.5,-2977666.5,3577,2.712749343171447,48.28314049817608,47.620245780437166
2007-10-04,805,2007-10-04,3.55,40.85,54.1,6.55,-1747321.5,-2977666.5,3577,2.134368827311505,49.50167075684457,47.06577438223066
2007-10-12,806,2007-10-12,4.3,39.9,54.3,6.25,-1747321.5,-2977666.5,3577,2.4072146029162997,47.97695039434443,48.360134638619485
2007-10-19,807,2007-10-19,0.6,45.85,52.4,5.25,-1747321.5,-2977666.5,3577,2.331075517088645,46.22859733600256,50.20793829189546
2007-10-28,808,2007-10-28,0.1,58.6,40.5,9.95,-1747321.5,-2977666.5,3577,2.477425870432239,44.11266516218507,52.19499460655118
2007-11-04,809,2007-11-04,3.88235294117647,40.2941176470588,54.4705882352941,6.58823529411765,-1747324.41176471,-2977677.35294118,3577,2.3000837989179126,42.77489496479932,53.68083564586131
2007-11-13,810,2007-11-13,0.95,45.75,52.1,6.05,-1747321.5,-2977666.5,3577,2.2363175978998533,45.68097796393416,50.864245943449774
2007-11-20,811,2007-11-20,4.95,35.3,58.25,6.05,-1747321.5,-2977666.5,3577,2.619763299894032,43.13711559792685,52.95212521951851
2007-11-29,812,2007-11-29,1.6,45.8,51.3,6.4,-1747321.5,-2977666.5,3577,2.5925388642705416,41.75239101707105,54.31112729920878
2007-12-22,813,2007-12-22,3.9,37.3,57.3,5.95,-1747321.5,-2977666.5,3577,2.519948061128358,41.00889450475783,55.07482523849393
2008-01-07,814,2008-01-07,0.25,49.15,49.4,6.6,-1747321.5,-2977666.5,3577,1.5678953819387575,43.40479654515436,53.704915831747186
2008-01-24,815,2008-01-24,0.15,47.65,51.2,5.95,-1747321.5,-2977666.5,3577,0.9520530490059631,46.97425786672176,50.846471403293165
2008-02-01,816,2008-02-01,1.2,42.0,55.3,5.95,-1747321.5,-2977666.5,3577,1.4094662678003236,46.75383756969116,50.60221091813396
2008-02-08,817,2008-02-08,1.69230769230769,48.0769230769231,49.0,6.69230769230769,-1747318.84615385,-2977641.92307692,3577,0.21428641018420969,48.95346348697011,49.63557935871435
2008-02-09,818,2008-02-09,0.4,48.95,49.45,5.9,-1747321.5,-2977666.5,3577,1.2738542268636794,45.78130065932431,51.69966279849408
2008-02-16,819,2008-02-16,0.5,48.35,50.05,6.2,-1747321.5,-2977666.5,3577,0.0,44.5250194435172,54.23308976884018
2008-02-17,820,2008-02-17,2.1,38.6,57.8,5.85,-1747321.5,-2977666.5,3577,0.7832476971705358,40.84104107370942,56.992749897153146
2008-02-24,821,2008-02-24,0.375,39.625,58.625,5.875,-1747320.0,-2977710.0,3577,1.0615878614120637,41.006431351447844,56.54470815561302
2008-03-04,822,2008-03-04,0.0,41.0,57.6666666666667,5.33333333333333,-1747305.0,-2977725.0,3577,2.0256584498692694,40.73204356570025,55.87328205849044
2008-04-12,823,2008-04-12,10.45,29.8,58.2,5.8,-1747321.5,-2977666.5,3577,6.070823259986438,40.30986105397268,52.232725564761104
2008-04-21,824,2008-04-21,4.05,53.4,41.25,7.8,-1747321.5,-2977666.5,3577,11.356908661512225,41.379698990373925,45.94117881601716
2008-05-07,825,2008-05-07,24.8125,39.375,34.5,8.25,-1747321.875,-2977651.875,3577,18.251139430741965,41.45119220304359,39.01400423621204
2008-05-23,826,2008-05-23,19.0,47.0,33.0,10.0,-1747275.0,-2977605.0,3577,25.460824937872218,40.639424369913655,32.63794055101617
2008-06-08,827,2008-06-08,35.6,31.65,31.3,8.8,-1747321.5,-2977666.5,3577,32.76771814356465,38.11279814096582,27.750926988384144
2008-06-15,828,2008-06-15,42.05,35.65,20.85,10.4,-1747321.5,-2977666.5,3577,37.69572627108259,36.758467490132006,24.123326207874605
2008-06-24,829,2008-06-24,36.7777777777778,35.1111111111111,26.5555555555556,9.55555555555556,-1747328.33333333,-2977628.33333333,3577,40.14012885691088,35.80683018846297,22.56108866786334
2008-07-01,830,2008-07-01,43.7,33.55,21.05,10.35,-1747321.5,-2977666.5,3577,41.39365080354533,33.482049679508705,23.494717116707044
2008-07-10,831,2008-07-10,39.35,38.55,20.45,10.35,-1747321.5,-2977666.5,3577,40.87932788859729,37.01884641491627,20.374664126067525
2008-07-17,832,2008-07-17,39.9090909090909,38.0,20.3636363636364,10.7272727272727,-1747318.63636364,-2977635.0,3577,40.73010634477944,37.48256053169442,20.02363819553676
2008-07-26,833,2008-07-26,34.5,39.0,25.0,7.0,-1747320.0,-2977605.0,3577,37.886351736479355,37.64752549095457,22.751717560400706
2008-08-02,834,2008-08-02,37.75,34.3333333333333,26.0,16.8333333333333,-1747320.0,-2977695.0,3577,35.51285463210397,36.112061907612876,26.734687566338277
2008-08-18,835,2008-08-18,36.5294117647059,36.5294117647059,25.2352941176471,10.0588235294118,-1747324.41176471,-2977677.35294118,3577,32.20283035819715,36.48271026813552,29.830304127325398
2008-08-27,836,2008-08-27,29.15,42.65,26.95,11.8,-1747321.5,-2977666.5,3577,27.65899883291794,37.43026618785256,33.49896701519313
2008-09-03,837,2008-09-03,19.5,27.5,51.875,14.625,-1747323.75,-2977631.25,3577,24.478354053518856,38.45667269050413,35.750275471199835
2008-09-20,838,2008-09-20,20.25,42.7,35.85,9.0,-1747321.5,-2977666.5,3577,21.307387545068757,40.87732963857603,36.58027419447607
2008-09-28,839,2008-09-28,17.95,49.55,31.3,8.85,-1747321.5,-2977666.5,3577,19.240330851534953,42.980623299022,36.55622917420769
2008-10-05,840,2008-10-05,20.5,45.55,32.5,8.8,-1747321.5,-2977666.5,3577,17.446480218012848,45.43411573780363,35.8830895133769
2008-10-13,841,2008-10-13,17.9,44.8,35.85,8.4,-1747321.5,-2977666.5,3577,17.79136054029478,46.36882931764319,34.53963149625308
2008-10-14,842,2008-10-14,18.2857142857143,46.0,34.7142857142857,8.0,-1747322.14285714,-2977622.14285714,3577,17.236357582498698,48.38417229358275,33.01254814434753
2008-10-21,843,2008-10-21,15.0625,50.9375,32.5,8.0625,-1747320.0,-2977680.0,3577,15.709661275254906,50.56271325423046,32.3751043074524
2008-10-22,844,2008-10-22,13.45,49.8,35.4,7.9,-1747321.5,-2977666.5,3577,13.818779517693864,50.20038347874285,34.64614205453471
2008-10-30,845,2008-10-30,12.6875,53.375,32.6875,7.5,-1747321.875,-2977680.0,3577,12.763934478831954,52.233223458680044,33.70956408142437
2008-11-14,846,2008-11-14,12.65,52.5,33.5,8.2,-1747321.5,-2977666.5,3577,12.258640198808646,53.21023403839946,33.247152305893465
2008-11-15,847,2008-11-15,8.85,57.6,32.1,7.3,-1747321.5,-2977666.5,3577,12.504031146869835,52.94631865811416,33.21970367093709
2008-11-22,848,2008-11-22,15.75,49.6666666666667,33.5,7.75,-1747322.5,-2977637.5,3577,12.613968848487087,52.70903155151594,33.31221758117546
2008-11-30,849,2008-11-30,13.6,49.55,35.45,7.55,-1747321.5,-2977666.5,3577,12.648018351615534,52.44663799821686,33.535388682519894
2008-12-08,850,2008-12-08,12.15,53.75,32.7,7.65,-1747321.5,-2977666.5,3577,12.237406633612235,52.500977505458835,33.86693747428536
2008-12-16,851,2008-12-16,11.9,52.2,34.3,7.4,-1747321.5,-2977666.5,3577,11.899358072266512,52.48588697163764,34.224286085426485
2008-12-17,852,2008-12-17,9.7,55.8,33.15,7.15,-1747321.5,-2977666.5,3577,11.198832784860524,53.23870158478496,34.212560891116155
2008-12-24,853,2008-12-24,10.25,53.5625,34.9375,7.125,-1747320.0,-2977680.0,3577,10.538976812659449,53.99171420683771,34.133575364259116
2008-12-25,854,2008-12-25,10.25,52.55,36.0,6.95,-1747321.5,-2977666.5,3577,10.026262746539885,54.42335179010061,34.24973559721499
2009-01-01,855,2009-01-01,11.25,54.55,33.0,7.45,-1747321.5,-2977666.5,3577,9.841722055033278,54.49092532853328,34.4129987659348
2009-01-02,856,2009-01-02,9.85,55.15,33.55,7.1,-1747321.5,-2977666.5,3577,10.005397388987227,53.023307226820975,35.70428375803229
2009-01-10,857,2009-01-10,8.6,54.5,35.7,7.05,-1747321.5,-2977666.5,3577,10.051132304226776,53.68387143041913,34.97007570602249
2009-01-17,858,2009-01-17,10.1,54.45,34.05,7.15,-1747321.5,-2977666.5,3577,8.921727034573998,56.382529119478896,33.369578834473224
2009-01-25,859,2009-01-25,8.25,56.25,34.25,7.0,-1747320.0,-2977725.0,3577,8.324113966527584,59.18172941608589,31.192490945582257
2009-01-26,860,2009-01-26,7.7,60.9,30.05,6.9,-1747321.5,-2977666.5,3577,8.015046872630814,60.83328416938189,29.87278901438672
2009-02-02,861,2009-02-02,11.35,58.85,28.6,7.4,-1747321.5,-2977666.5,3577,8.741489315636617,61.09074346705013,28.914958416192484
2009-02-03,862,2009-02-03,4.7,73.0,21.0,8.35,-1747321.5,-2977666.5,3577,9.461328454825495,60.76238606593736,28.485552064030784
2009-02-19,863,2009-02-19,9.45,56.7,32.6,7.3,-1747321.5,-2977666.5,3577,10.502270020999102,58.461797181138294,29.681722147816792
2009-02-26,864,2009-02-26,16.0,48.0,34.5714285714286,8.28571428571429,-1747317.85714286,-2977622.14285714,3577,10.920398796248556,55.867629738674026,31.81325887734082
2009-02-27,865,2009-02-27,10.05,53.05,35.4,7.1,-1747321.5,-2977666.5,3577,11.12389529974503,52.99399965358926,34.4432876720751
2009-03-22,866,2009-03-22,12.35,51.7,34.45,7.15,-1747321.5,-2977666.5,3577,11.249554006363471,50.91499166467446,36.387681358883356
2009-03-23,867,2009-03-23,8.05,52.95,37.45,6.95,-1747321.5,-2977666.5,3577,10.556787330315165,50.88788564376039,37.068821890178576
2009-03-30,868,2009-03-30,10.9,51.0,36.8,7.15,-1747321.5,-2977666.5,3577,10.502526214753749,51.74085388295141,36.2967412360547
2009-04-08,869,2009-04-08,7.35,56.65,34.55,7.0,-1747321.5,-2977666.5,3577,8.96428911645496,55.27637965748594,34.28984962405502
2009-04-15,870,2009-04-15,11.2,52.75,34.65,7.2,-1747321.5,-2977666.5,3577,8.620291627875478,55.63543700880331,34.30366351913827
2009-04-16,871,2009-04-16,9.6,57.3,31.5,6.75,-1747321.5,-2977666.5,3577,8.895185722428975,55.96339496416059,33.70670897729218
2009-04-24,872,2009-04-24,6.4,57.9,34.25,7.0,-1747321.5,-2977666.5,3577,8.282293403189998,56.47631037692113,33.82449284461162
2009-05-09,873,2009-05-09,10.1,55.65,32.95,7.4,-1747321.5,-2977666.5,3577,8.421828790403383,57.03622615773466,33.12022018228953
2009-05-10,874,2009-05-10,5.16666666666667,57.75,35.5833333333333,6.83333333333333,-1747320.0,-2977695.0,3577,8.40202068313398,55.79310441879267,34.37816074533826
2009-05-17,875,2009-05-17,10.8,52.85,35.1,7.25,-1747321.5,-2977666.5,3577,8.63057329667108,55.51360172334576,34.43783368333936
2009-05-18,876,2009-05-18,9.1,57.25,32.15,7.15,-1747321.5,-2977666.5,3577,8.78761393405225,55.496867219459546,34.28393556906976
2009-05-26,877,2009-05-26,9.5,54.25,34.8,7.65,-1747321.5,-2977666.5,3577,9.926040471395023,56.037600943939324,32.65403595372147
2009-06-02,878,2009-06-02,10.7,56.6,31.2,7.75,-1747321.5,-2977666.5,3577,9.979838273180437,56.357361059984214,32.244981489094314
2009-06-18,879,2009-06-18,9.6,52.75,36.35,8.4,-1747321.5,-2977666.5,3577,10.220443179110383,55.30840135096274,33.106400874662185
2009-06-27,880,2009-06-27,9.85,62.65,26.2,10.6,-1747321.5,-2977666.5,3577,11.231525543598169,54.37295459957186,33.0563211298456
2009-07-04,881,2009-07-04,12.5,50.3,36.0,9.35,-1747321.5,-2977666.5,3577,11.082517482515826,53.85835372057477,33.75369785013243
2009-07-13,882,2009-07-13,10.2,53.35,35.15,10.25,-1747321.5,-2977666.5,3577,10.890958886313296,53.03329472384408,34.839867717416695
2009-07-29,883,2009-07-29,9.2,46.05,43.25,8.7,-1747321.5,-2977666.5,3577,9.665585962024146,52.8109517417488,36.289699928549
2009-08-05,884,2009-08-05,12.0,55.0,32.0,9.0,-1747275.0,-2977605.0,3577,8.28686916798248,52.01477949294509,38.37073978652352
2009-08-14,885,2009-08-14,5.05,57.8,35.7,9.25,-1747321.5,-2977666.5,3577,6.382519647534174,52.522020394458366,39.77032843317078
2009-09-06,886,2009-09-06,1.7,52.2,44.95,6.65,-1747321.5,-2977666.5,3577,4.532998116433972,53.39401805623918,40.7460596678802
2009-10-09,887,2009-10-09,3.3,52.35,42.85,7.75,-1747321.5,-2977666.5,3577,2.924044193914289,55.21515551714558,40.541488626762614
2009-10-16,888,2009-10-16,3.6,52.95,41.95,8.25,-1747321.5,-2977666.5,3577,2.3257787245118413,54.2914110235307,42.05019635584728
2009-10-17,889,2009-10-17,2.05,55.55,41.1,7.8,-1747321.5,-2977666.5,3577,1.748311637700624,54.335670085605685,42.543001608573654
2009-10-25,890,2009-10-25,1.18181818181818,56.4545454545455,41.4545454545455,15.8181818181818,-1747326.81818182,-2977689.54545455,3577,2.1619370778388083,53.040029643863555,43.43835469342844
2009-11-01,891,2009-11-01,3.35,51.1,43.8,8.7,-1747321.5,-2977666.5,3577,2.511581030846064,52.86117074593629,43.310105247968195
2009-11-02,892,2009-11-02,1.65,49.8,47.25,7.8,-1747321.5,-2977666.5,3577,2.4123144797782343,51.82793595370924,44.39901858624809
2009-11-17,893,2009-11-17,3.5,49.75,45.3,8.35,-1747321.5,-2977666.5,3577,2.4409628789445015,49.15022323580553,47.01040933453684
2009-11-18,894,2009-11-18,1.7,50.65,46.4,7.6,-1747321.5,-2977666.5,3577,2.8343903774240102,47.10850836469328,48.61260426878894
2009-11-25,895,2009-11-25,3.28571428571429,43.7142857142857,51.6428571428571,7.85714285714286,-1747324.28571429,-2977686.42857143,3577,2.638447620490571,46.4162645404062,49.534924518198835
2009-11-26,896,2009-11-26,1.25,46.1,51.0,7.4,-1747321.5,-2977666.5,3577,2.356874085666304,46.710027124571226,49.59599966596128
2009-12-11,897,2009-12-11,4.85,45.2,48.65,7.7,-1747321.5,-2977666.5,3577,2.1379539964676098,46.95488845519104,49.6144899991575
2009-12-12,898,2009-12-12,0.5,47.95,50.35,7.3,-1747321.5,-2977666.5,3577,2.2087154331733077,47.02827281077352,49.43050138715034
2009-12-20,899,2009-12-20,1.1,51.8,46.05,7.2,-1747321.5,-2977666.5,3577,1.932239432393943,47.71660877821155,49.03944615755029
2010-01-05,900,2010-01-05,1.55,49.15,47.9,6.9,-1747321.5,-2977666.5,3577,1.9036449618490112,49.24636478072274,47.550135932172175
2010-01-12,901,2010-01-12,3.75,46.9,47.85,7.25,-1747321.5,-2977666.5,3577,1.5806892797602505,51.23238309677173,45.96792804717815
2010-01-13,902,2010-01-13,1.2,50.4,47.1,6.7,-1747321.5,-2977666.5,3577,1.7249487354747937,51.31735895682497,45.698314069824264
2010-01-20,903,2010-01-20,1.25,54.55,43.1,7.8,-1747321.5,-2977666.5,3577,1.7972569226436508,52.0675864383217,44.7976271406545
2010-01-21,904,2010-01-21,1.15,54.4,43.15,7.2,-1747321.5,-2977666.5,3577,1.7757463898328116,52.83680205242883,44.09632380003238
2010-01-28,905,2010-01-28,1.9,54.25,42.7,7.4,-1747321.5,-2977666.5,3577,1.569718980709458,53.542177791240995,43.58932213296886
2010-01-29,906,2010-01-29,1.7,51.3,45.55,6.9,-1747321.5,-2977666.5,3577,1.0669932234946118,54.22705839051778,43.42704323539588
2010-02-05,907,2010-02-05,1.8,50.6,46.0,7.45,-1747321.5,-2977666.5,3577,1.26423174348852,53.44367057090717,43.95632293402534
2010-02-06,908,2010-02-06,0.25,56.5,42.25,5.95,-1747321.5,-2977666.5,3577,1.0945279179023673,51.39499772672379,46.231670960611424
2010-02-14,909,2010-02-14,0.65,50.4,47.75,6.8,-1747321.5,-2977666.5,3577,1.195664913002196,49.935702223465654,47.602683900200006
2010-02-21,910,2010-02-21,3.05,47.9,47.55,7.05,-1747321.5,-2977666.5,3577,1.675341411254474,48.70414600878269,48.35913769752055
2010-02-22,911,2010-02-22,0.0,48.0,51.0,6.0,-1747335.0,-2977725.0,3577,2.4669820375699043,48.17374591352199,48.109062403018065
2010-03-01,912,2010-03-01,4.95,44.9,48.85,7.0,-1747321.5,-2977666.5,3577,2.828352710240832,48.15976098204481,47.77951640721824
2010-03-10,913,2010-03-10,1.55,47.8,49.45,6.7,-1747321.5,-2977666.5,3577,3.090951761566852,48.28045224670801,47.35164247011109
2010-03-17,914,2010-03-17,6.5,51.5,40.25,7.75,-1747327.5,-2977612.5,3577,3.3406066676595287,48.34604750557406,46.99113958037861
2010-03-26,915,2010-03-26,1.6,49.45,47.95,6.6,-1747321.5,-2977666.5,3577,3.012420387843358,50.41082750794253,45.28675595028953
2010-04-18,916,2010-04-18,2.22222222222222,50.5,46.0555555555556,7.27777777777778,-1747318.33333333,-2977660.0,3577,3.2710642915427686,47.13040041363868,48.195376590661695
2010-04-19,917,2010-04-19,1.9,45.65,50.9,6.6,-1747321.5,-2977666.5,3577,3.488435176187341,45.578691768978175,49.4523309598723
2010-04-26,918,2010-04-26,5.4,45.2,47.9,7.3,-1747321.5,-2977666.5,3577,3.4034194967899576,45.99523823471416,49.132169339182575
2010-04-27,919,2010-04-27,3.55,45.35,49.6,6.9,-1747321.5,-2977666.5,3577,3.4919024590208574,48.209915335067485,46.875019757547804
2010-05-04,920,2010-05-04,3.05882352941176,48.3529411764706,47.1176470588235,7.05882352941176,-1747319.11764706,-2977656.17647059,3577,2.8900874242610937,51.32165966431272,44.44659795069802
2010-05-12,921,2010-05-12,4.15,46.35,48.1,7.4,-1747321.5,-2977666.5,3577,2.5177362915111825,54.67856587956845,41.512027967776625
2010-05-13,922,2010-05-13,0.05,76.0,23.15,7.85,-1747321.5,-2977666.5,3577,1.914800513434356,56.49245726954772,40.43520998618736
2010-05-20,923,2010-05-20,1.7,55.5,41.65,7.7,-1747321.5,-2977666.5,3577,2.0738238329384386,56.63717430810921,40.14321226638966
2010-05-29,924,2010-05-29,1.1,50.9,46.9,7.3,-1747321.5,-2977666.5,3577,2.2894973720502994,54.41411082087742,42.09792024583783
2010-06-21,925,2010-06-21,4.2,45.4,48.9,7.2,-1747326.0,-2977701.0,3577,3.3462141482624554,50.78537772552676,44.598961237262714
2010-06-30,926,2010-06-30,5.2,47.15,46.25,7.4,-1747321.5,-2977666.5,3577,4.4088758082195305,46.44475607254917,47.80068802986501
2010-07-07,927,2010-07-07,7.0,43.45,48.1,7.35,-1747321.5,-2977666.5,3577,5.412388804056178,42.352223664145946,50.788221285172355
2010-07-24,928,2010-07-24,4.0,43.6,51.0,7.35,-1747321.5,-2977666.5,3577,6.293578557664302,40.87492260061309,51.33859685205667
2010-08-01,929,2010-08-01,4.95,42.95,50.75,7.1,-1747321.5,-2977666.5,3577,5.059732115149318,44.63556185815581,48.90560595234787
2010-08-08,930,2010-08-08,7.4,42.4,48.75,7.5,-1747321.5,-2977666.5,3577,5.111743055705144,44.61881941587157,48.871537595524096
2010-09-09,931,2010-09-09,5.25,44.25,49.05,7.3,-1747321.5,-2977666.5,3577,5.914898235842816,43.91672734266743,48.72270112596843
2010-09-10,932,2010-09-10,4.5,46.65,47.35,7.1,-1747321.5,-2977666.5,3577,6.637970345125817,44.35727787731173,47.535920945761426
2010-09-18,933,2010-09-18,5.75,49.25,43.75,7.25,-1747320.0,-2977725.0,3577,6.895420725974585,46.55207789352127,45.1800161377017
2010-09-25,934,2010-09-25,7.05,42.0,49.5,7.25,-1747321.5,-2977666.5,3577,7.232626942794941,43.861524642692174,47.48515283636033
2010-10-04,935,2010-10-04,13.8333333333333,39.3333333333333,45.1666666666667,8.0,-1747325.0,-2977620.0,3577,6.210536157498782,45.46499799715362,46.962284282353494
2010-10-20,936,2010-10-20,2.38461538461538,47.7692307692308,48.6923076923077,6.76923076923077,-1747325.76923077,-2977641.92307692,3577,5.624975798194765,43.13635528557485,49.88262032084817
2010-10-28,937,2010-10-28,0.3,51.6,47.15,5.35,-1747321.5,-2977666.5,3577,4.804798139067479,44.35242140965461,49.52512031113339
2010-11-05,938,2010-11-05,4.25,39.65,54.55,6.05,-1747321.5,-2977666.5,3577,2.8721598041550847,47.5976587871849,48.26102732307059
2010-11-12,939,2010-11-12,3.28571428571429,41.5714285714286,53.5,6.5,-1747324.28571429,-2977686.42857143,3577,0.6268578646882067,50.93499915182889,47.19126556938426
2010-11-20,940,2010-11-20,0.666666666666667,67.3333333333333,31.3333333333333,8.0,-1747345.0,-2977615.0,3577,1.2753291679343615,53.47803173645432,44.08306817417851
2010-12-14,941,2010-12-14,4.55,38.3,55.65,5.95,-1747321.5,-2977666.5,3577,3.3787959995861607,50.62900799287277,44.785842422237245
2010-12-22,942,2010-12-22,1.75,70.3,27.0,9.9,-1747321.5,-2977666.5,3577,5.885519434125364,48.25204733346426,44.58704345189747
2010-12-30,943,2010-12-30,7.85,37.9,52.85,6.55,-1747321.5,-2977666.5,3577,7.942150522335093,46.439724413866074,44.345691975716306
2011-01-08,944,2011-01-08,16.65,36.0,46.0,6.7,-1747321.5,-2977666.5,3577,12.722593196275504,43.896207198367826,42.082631145937555
2011-01-15,945,2011-01-15,22.4,36.2,40.05,7.35,-1747321.5,-2977666.5,3577,19.444200072370542,39.525655407538046,39.61579452538612
2011-01-16,946,2011-01-16,16.3,36.4,45.6,5.3,-1747321.5,-2977666.5,3577,25.483518596982286,36.48753485935603,36.595641458639086
2011-02-16,947,2011-02-16,28.25,51.3,19.25,9.7,-1747321.5,-2977666.5,3577,29.719199015634203,37.648749942861954,31.255412062992534
2011-02-25,948,2011-02-25,38.75,33.55,26.35,8.6,-1747321.5,-2977666.5,3577,31.46001320660293,35.90896136886312,31.1691207141625
2011-03-04,949,2011-03-04,35.35,35.15,28.05,8.85,-1747321.5,-2977666.5,3577,31.586278118161943,40.11195414492029,26.904932271027327
2011-03-13,950,2011-03-13,26.2,35.95,36.4,7.4,-1747321.5,-2977666.5,3577,28.731268267332094,40.31083170355015,29.505198207360987
2011-03-20,951,2011-03-20,21.0,41.8666666666667,35.6666666666667,7.6,-1747319.0,-2977649.0,3577,24.30423423325538,41.02344190896211,33.19353020559956
2011-03-21,952,2011-03-21,18.5,47.65,32.15,7.2,-1747321.5,-2977666.5,3577,18.9504062114328,42.776140062201804,36.76445374800089
2011-03-29,953,2011-03-29,15.6666666666667,43.5555555555556,39.3888888888889,7.0,-1747321.66666667,-2977660.0,3577,13.702724133449646,44.248875934860045,40.507232241436725
2011-04-05,954,2011-04-05,13.7,49.95,34.95,7.0,-1747321.5,-2977666.5,3577,11.741631394919116,45.9993326333041,40.748029382891715
2011-04-14,955,2011-04-14,3.75,42.5,52.0,21.75,-1747297.5,-2977717.5,3577,11.488185769337301,46.75120465189426,40.23643896092986
2011-04-21,956,2011-04-21,16.3333333333333,42.2222222222222,40.1111111111111,7.11111111111111,-1747318.33333333,-2977628.33333333,3577,12.179991718805681,45.812209737280284,40.51650744765465
2011-04-29,957,2011-04-29,14.75,49.9,33.85,7.05,-1747321.5,-2977666.5,3577,12.439397367336674,46.419056304885274,39.662129872185865
2011-04-30,958,2011-04-30,13.875,45.125,39.5,6.5,-1747320.0,-2977710.0,3577,13.419447000366038,47.277743077349015,37.85268254706543
2011-05-07,959,2011-05-07,12.5625,52.75,33.1875,7.125,-1747320.0,-2977680.0,3577,14.793520372813822,49.178028979956615,34.57136791226832
2011-05-16,960,2011-05-16,15.3,52.25,31.15,7.55,-1747321.5,-2977666.5,3577,16.03274345623177,49.54009775053926,33.02548270872081
2011-05-23,961,2011-05-23,18.65,41.5,38.55,7.55,-1747321.5,-2977666.5,3577,15.962793630515703,51.80635558970698,30.90546053533208
2011-06-01,962,2011-06-01,15.9,59.95,22.65,9.0,-1747321.5,-2977666.5,3577,16.75490854604382,51.72236342947645,30.16419208156373
2011-06-08,963,2011-06-08,22.55,46.1,30.15,8.95,-1747321.5,-2977666.5,3577,20.92703538721028,51.13747789877057,26.64089601059017
2011-06-17,964,2011-06-17,23.0,53.15,22.5,10.1,-1747321.5,-2977666.5,3577,26.34126442442613,49.43849888500853,22.927476509555124
2011-06-24,965,2011-06-24,27.6,47.15,24.1,9.55,-1747321.5,-2977666.5,3577,31.475842552695433,47.0483713654696,20.196414369940765
2011-07-03,966,2011-07-03,34.3,50.1,14.25,12.0,-1747321.5,-2977666.5,3577,35.06551965835497,45.053214509941526,18.596664519688062
2011-08-04,967,2011-08-04,43.875,36.875,17.75,11.625,-1747320.0,-2977710.0,3577,35.50401556647155,44.507697178975356,18.70456277468383
2011-08-27,968,2011-08-27,35.3333333333333,44.0,19.6666666666667,10.0,-1747335.0,-2977725.0,3577,33.40976296664651,44.33063987095832,20.924776101088774
2011-09-05,969,2011-09-05,29.2,46.25,23.05,9.95,-1747321.5,-2977666.5,3577,28.18554092965436,48.36458139383113,22.089598172721818
2011-10-07,970,2011-10-07,16.15,55.3,27.2,8.55,-1747321.5,-2977666.5,3577,21.935682197056625,51.34455010932572,25.33086232652418
2011-10-15,971,2011-10-15,13.25,55.25,30.0,8.35,-1747321.5,-2977666.5,3577,15.59224797390199,55.83548193291941,27.15353944300907
2011-11-08,972,2011-11-08,10.3,63.35,24.95,8.15,-1747321.5,-2977666.5,3577,11.199581610338452,59.13192047889307,28.263553010452814
2011-11-15,973,2011-11-15,13.95,56.5,28.15,8.65,-1747321.5,-2977666.5,3577,9.795510558345484,61.208251520638186,27.573924000104682
2011-11-24,974,2011-11-24,9.2,62.65,26.85,7.9,-1747321.5,-2977666.5,3577,10.81684074241069,59.75467015122588,28.00820005983912
2011-12-01,975,2011-12-01,11.7,58.9,27.85,8.5,-1747321.5,-2977666.5,3577,11.223516255117335,60.18612998098881,27.273171434420043
2011-12-10,976,2011-12-10,12.55,60.05,26.25,7.95,-1747321.5,-2977666.5,3577,11.296548517766166,60.40981347678171,26.97763490280056
2011-12-17,977,2011-12-17,9.9,61.2,27.55,9.3,-1747321.5,-2977666.5,3577,9.84571309852182,62.12594790300459,26.707952442885347
2011-12-26,978,2011-12-26,9.15384615384615,60.8461538461538,28.6923076923077,8.38461538461539,-1747321.15384615,-2977690.38461538,3577,8.944160947410385,63.299141841121546,26.469754974124093
2012-01-11,979,2012-01-11,7.06666666666667,65.6666666666667,26.0666666666667,7.4,-1747317.0,-2977683.0,3577,8.053478655978049,63.99104448083308,26.70778348129998
2012-01-18,980,2012-01-18,7.0,69.25,22.5,7.625,-1747320.0,-2977710.0,3577,8.3955324028186,63.832672635166674,26.545470137741127
2012-02-12,981,2012-02-12,8.15,59.85,30.55,8.25,-1747321.5,-2977666.5,3577,8.078431927680542,62.897208376277334,27.771270548927752
2012-02-19,982,2012-02-19,8.95,61.4,28.5,8.75,-1747321.5,-2977666.5,3577,8.569637043117543,60.433546344691756,29.65554980761432
2012-03-06,983,2012-03-06,10.5,55.6875,32.6875,8.25,-1747321.875,-2977651.875,3577,8.556872089831039,58.61248572382789,31.45767292661619
2012-03-15,984,2012-03-15,8.1,57.4,32.85,7.55,-1747321.5,-2977666.5,3577,8.193511081280754,57.400760372230124,32.992496860719484
2012-03-22,985,2012-03-22,8.35,59.3,30.85,7.75,-1747321.5,-2977666.5,3577,8.431416931880069,57.264739800954146,32.86662156212749
2012-03-31,986,2012-03-31,4.8,53.55,40.15,6.1,-1747321.5,-2977666.5,3577,7.288342857691614,57.322103897985414,34.01130444632258
2012-04-16,987,2012-04-16,7.6,62.15,29.0,8.1,-1747321.5,-2977666.5,3577,6.248505570795659,58.07582604443192,34.292879063655676
2012-05-02,988,2012-05-02,6.7,61.25,30.9,8.15,-1747321.5,-2977666.5,3577,7.204167452773183,59.43526912972618,32.10317985677413
2012-05-18,989,2012-05-18,9.55555555555556,58.2222222222222,31.0,8.22222222222222,-1747328.33333333,-2977628.33333333,3577,7.457474036110691,60.962862249540436,30.42345533722788
2012-05-25,990,2012-05-25,7.5,58.75,32.5,8.0,-1747321.875,-2977651.875,3577,7.427872230967096,61.54111846614797,29.879599025840683
2012-06-03,991,2012-06-03,6.15,59.65,33.1,7.8,-1747321.5,-2977666.5,3577,9.294981179809517,62.062666281078066,27.380748766193584
2012-06-10,992,2012-06-10,16.6,67.4,14.6,12.75,-1747321.5,-2977666.5,3577,13.140459781015105,60.82036063350945,24.69409429579339
2012-06-19,993,2012-06-19,15.2857142857143,60.0,23.6428571428571,10.0714285714286,-1747322.14285714,-2977645.71428571,3577,16.886987212990903,56.9285611189551,24.80508031699612
2012-07-05,994,2012-07-05,11.6666666666667,49.6666666666667,36.6666666666667,8.0,-1747305.0,-2977725.0,3577,19.8023003827928,53.64179911934529,25.169957235742956
2012-07-12,995,2012-07-12,27.75,51.1,19.85,11.15,-1747321.5,-2977666.5,3577,21.16887672011196,49.97236976988553,27.46479078196935
2012-07-28,996,2012-07-28,29.6666666666667,45.1666666666667,23.9166666666667,10.8333333333333,-1747322.5,-2977637.5,3577,21.05825942984368,47.378791529319216,30.14323274998311
2012-08-22,997,2012-08-22,16.15,42.3,40.3,7.05,-1747321.5,-2977666.5,3577,19.188062406677602,45.34677350981205,34.03323233666097
2012-09-14,998,2012-09-14,10.1428571428571,47.7142857142857,40.7142857142857,5.85714285714286,-1747324.28571429,-2977686.42857143,3577,15.971236053558451,46.33252388852597,36.247338738749036
2012-09-23,999,2012-09-23,10.7272727272727,53.7272727272727,33.8181818181818,7.90909090909091,-1747315.90909091,-2977697.72727273,3577,12.58787219675716,50.22826869395918,35.68099349519447
2012-09-30,1000,2012-09-30,12.45,52.55,33.45,8.65,-1747321.5,-2977666.5,3577,9.470664488901171,52.59195145785971,36.41744922681614
2012-10-09,1001,2012-10-09,9.35,53.5,35.6,7.7,-1747321.5,-2977666.5,3577,7.406904460738132,54.809816598472906,36.19002812944714
2012-10-25,1002,2012-10-25,8.0,54.5,36.0,7.65,-1747321.5,-2977666.5,3577,8.348556929043994,57.63874321334056,32.47627553279333
2012-11-01,1003,2012-11-01,6.0,63.75,28.75,9.25,-1747320.0,-2977653.75,3577,9.33276509352221,58.1381624309556,31.073145146902114
2012-11-10,1004,2012-11-10,9.5,55.8333333333333,33.3333333333333,8.0,-1747325.0,-2977620.0,3577,8.906433487391904,58.00275567225165,31.690794430882576
2012-11-17,1005,2012-11-17,11.8333333333333,55.6666666666667,31.1666666666667,8.66666666666667,-1747315.0,-2977620.0,3577,8.055281517586806,57.97569096709097,32.61093925853501
2012-12-28,1006,2012-12-28,5.125,61.875,31.625,7.25,-1747320.0,-2977710.0,3577,7.4611910363447125,57.26997499403764,33.90957701568651
2013-01-04,1007,2013-01-04,7.05555555555556,54.9444444444444,36.5555555555556,7.61111111111111,-1747325.0,-2977673.33333333,3577,6.462992331025417,57.20472076082676,35.01277149922139
2013-01-20,1008,2013-01-20,6.4,52.8,39.55,7.3,-1747321.5,-2977666.5,3577,5.3657276504017695,56.29586782325878,37.00337105274633
2013-01-29,1009,2013-01-29,3.1,57.25,38.2,7.2,-1747321.5,-2977666.5,3577,4.825249578422232,54.30269382319655,39.47105557840263
2013-02-05,1010,2013-02-05,2.6,53.85,42.25,5.35,-1747321.5,-2977666.5,3577,3.909274995729522,54.00513933090526,40.62564830249981
2013-02-14,1011,2013-02-14,5.22222222222222,53.7777777777778,39.4444444444444,7.11111111111111,-1747321.66666667,-2977705.0,3577,4.352488197171432,51.577905232105614,42.55688940582797
2013-03-02,1012,2013-03-02,5.22222222222222,52.6666666666667,40.5555555555556,7.22222222222222,-1747328.33333333,-2977628.33333333,3577,4.935972141666365,50.22297237550684,43.276659280278366
2013-04-01,1013,2013-04-01,7.15,42.1,49.0,6.75,-1747321.5,-2977666.5,3577,4.71369636057931,50.13818897096217,43.576635835416184
2013-04-03,1014,2013-04-03,3.5,51.0,44.0,6.5,-1747290.0,-2977605.0,3577,4.807467234482973,50.08619663246584,43.58933771223327
2013-04-10,1015,2013-04-10,2.85,54.55,41.25,6.45,-1747321.5,-2977666.5,3577,5.073005775025548,50.533096149945365,42.93955572064757
2013-04-18,1016,2013-04-18,7.45,47.0,44.1,7.0,-1747321.5,-2977666.5,3577,4.994834514786515,50.56042839621193,43.04442638996339
2013-04-19,1017,2013-04-19,3.35,55.4,40.0,6.85,-1747321.5,-2977666.5,3577,4.762249359641512,51.15436228898068,42.78688446237098
2013-04-26,1018,2013-04-26,5.42105263157895,51.1578947368421,42.1578947368421,6.94736842105263,-1747323.94736842,-2977669.73684211,3577,5.958222730683954,51.58830867681327,41.13161684783198
2013-04-27,1019,2013-04-27,6.75,48.75,43.05,6.8,-1747321.5,-2977666.5,3577,5.861524199009068,48.801777859306824,43.919798383674824
2013-05-04,1020,2013-05-04,7.6,45.25,45.6,6.9,-1747321.5,-2977666.5,3577,5.862944583523799,47.75644389014215,44.90771122310291
2013-05-21,1021,2013-05-21,4.66666666666667,48.6666666666667,45.3333333333333,6.66666666666667,-1747320.0,-2977715.0,3577,6.182175390737283,48.58702525815211,43.73678207349542
2013-05-29,1022,2013-05-29,6.35,53.55,38.5,6.75,-1747321.5,-2977666.5,3577,6.37687181917981,50.02634340293689,42.109740661266045
2013-06-05,1023,2013-06-05,7.7,44.85,45.7,7.1,-1747321.5,-2977666.5,3577,7.188513726780531,51.25618186603246,40.08179271436778
2013-06-06,1024,2013-06-06,2.9,52.85,43.05,7.15,-1747321.5,-2977666.5,3577,7.185046375056702,54.0466333215886,37.349049747162134
2013-06-13,1025,2013-06-13,13.5833333333333,66.1666666666667,19.0833333333333,9.91666666666667,-1747322.5,-2977637.5,3577,8.004893072815936,54.19624982859469,36.35673122976637
2013-06-21,1026,2013-06-21,9.75,46.0,42.6,7.9,-1747321.5,-2977666.5,3577,8.779795029801859,54.34130585887148,35.45393953447033
2013-06-22,1027,2013-06-22,6.47368421052632,53.7368421052632,38.3684210526316,7.63157894736842,-1747323.94736842,-2977669.73684211,3577,10.691884469339278,51.373710570558046,36.45761347445665
2013-06-29,1028,2013-06-29,11.9,49.6,36.95,8.2,-1747321.5,-2977666.5,3577,11.695918277039226,49.11895602088775,37.70990668393559
2013-06-30,1029,2013-06-30,11.45,46.6,40.4,7.85,-1747321.5,-2977666.5,3577,12.140310064709425,47.59039632356504,38.772608367673456
2013-07-07,1030,2013-07-07,14.25,43.75,40.5,8.0,-1747321.5,-2977666.5,3577,11.813489587869,45.63379880521421,41.04993678458632
2013-07-08,1031,2013-07-08,12.8,48.85,37.15,8.05,-1747321.5,-2977666.5,3577,11.445234592436137,46.28024440735024,40.88189553026144
2013-07-23,1032,2013-07-23,12.9,42.05,43.4,7.6,-1747321.5,-2977666.5,3577,11.441516052050286,49.272600800469064,37.92639987295233
2013-07-24,1033,2013-07-24,4.90909090909091,57.2727272727273,36.7272727272727,13.0,-1747313.18181818,-2977675.90909091,3577,11.104292924399552,48.99977945824311,38.5660359386656
2013-07-31,1034,2013-07-31,10.2,48.55,39.75,7.8,-1747321.5,-2977666.5,3577,10.051734137696315,49.252935546381465,39.26035093899543
2013-08-01,1035,2013-08-01,11.65,47.7,39.15,7.65,-1747321.5,-2977666.5,3577,8.967062110418496,49.115001505664026,40.41965609678205
2013-08-08,1036,2013-08-08,10.7,49.15,38.65,7.75,-1747321.5,-2977666.5,3577,8.718518183194616,47.37400660132853,42.265288468912885
2013-08-17,1037,2013-08-17,6.3,46.0,45.9,6.85,-1747321.5,-2977666.5,3577,8.33703154430584,45.657860096552966,44.33004286734275
2013-08-24,1038,2013-08-24,9.4,39.4,49.55,7.5,-1747321.5,-2977666.5,3577,7.125430297255857,45.66788196323118,45.58134079542067
2013-09-01,1039,2013-09-01,1.5,47.25,49.25,6.25,-1747320.0,-2977725.0,3577,6.536409462569477,44.53678978399675,47.27617289830206
2013-09-02,1040,2013-09-02,7.0,49.5,42.5,10.0,-1747350.0,-2977695.0,3577,5.11681785706477,45.828884582902504,47.49834809152985
2013-09-09,1041,2013-09-09,8.0,43.05,47.2,7.4,-1747321.5,-2977666.5,3577,4.7542466821097475,46.559726341762726,47.229169282722594
2013-09-17,1042,2013-09-17,0.35,51.75,46.9,5.0,-1747321.5,-2977666.5,3577,4.331794727459714,48.432154481218454,45.89541774014772
2013-09-18,1043,2013-09-18,6.1,47.45,44.8,7.25,-1747321.5,-2977666.5,3577,4.197057741019961,49.66917772629105,44.846489423882105
2013-09-25,1044,2013-09-25,6.15,45.1,47.3,7.2,-1747321.5,-2977666.5,3577,4.147009028122959,49.71957392452006,44.80828335750267
2013-09-26,1045,2013-09-26,0.333333333333333,54.6666666666667,44.0,6.33333333333333,-1747305.0,-2977725.0,3577,4.131606370924639,48.815001046417905,45.711397735384715
2013-10-03,1046,2013-10-03,4.1,50.45,44.1,7.3,-1747321.5,-2977666.5,3577,3.7176459763141514,48.39766178093629,46.43665699624758
2013-10-04,1047,2013-10-04,5.3,45.15,47.85,6.7,-1747321.5,-2977666.5,3577,4.277625625148205,46.72264500204979,47.53993411128924
2013-10-11,1048,2013-10-11,5.8,42.95,49.65,7.15,-1747321.5,-2977666.5,3577,4.4448649389819215,45.21391529006953,48.7632033601001
2013-10-12,1049,2013-10-12,3.0,46.45,49.05,6.5,-1747321.5,-2977666.5,3577,3.6384766935845088,46.10780272358531,48.69777219683613
2013-10-19,1050,2013-10-19,2.7,45.0,50.75,5.8,-1747321.5,-2977666.5,3577,3.954063738118875,46.546269674590896,47.92240179840083
2013-10-27,1051,2013-10-27,5.35,46.2,46.7,7.25,-1747321.5,-2977666.5,3577,4.098456703254852,46.66915788029642,47.6452845915623
2013-10-28,1052,2013-10-28,2.1,50.1,46.45,6.75,-1747321.5,-2977666.5,3577,3.506293706293183,48.02251401848207,46.96120504881413
2013-11-04,1053,2013-11-04,3.75,53.75,41.0833333333333,7.5,-1747322.5,-2977637.5,3577,3.2925534218098957,49.092172378697555,46.134150266651105
2013-11-05,1054,2013-11-05,3.8,47.3,47.45,6.65,-1747321.5,-2977666.5,3577,3.3794696789273786,49.467015956172645,45.68910238367759
2013-11-12,1055,2013-11-12,4.55,44.3,49.55,6.9,-1747321.5,-2977666.5,3577,3.646206889085601,48.963682911508414,45.93407196517964
2013-11-13,1056,2013-11-13,2.45,48.15,47.8,6.45,-1747321.5,-2977666.5,3577,2.9755196042343295,49.38238108639848,46.24039634255661
2013-11-20,1057,2013-11-20,1.0,54.3,43.65,6.85,-1747321.5,-2977666.5,3577,2.4728642100929425,49.71263179544171,46.40077291129229
2013-11-21,1058,2013-11-21,2.95,51.5,44.05,6.45,-1747321.5,-2977666.5,3577,2.4295021541921935,49.61453376344275,46.49462967372489
2013-11-28,1059,2013-11-28,4.1,46.75,47.65,6.9,-1747321.5,-2977666.5,3577,2.124392171295878,50.56355517546712,45.89184582186992
2013-11-29,1060,2013-11-29,0.8,49.8,47.9,6.1,-1747320.0,-2977701.0,3577,2.057415726687865,50.39251769901172,46.10196042347056
2013-12-06,1061,2013-12-06,0.625,52.5,45.5,6.5625,-1747320.0,-2977680.0,3577,2.3210910606417974,49.177039987868554,47.02314403861689
2013-12-14,1062,2013-12-14,4.65,45.6,48.0,6.95,-1747321.5,-2977666.5,3577,2.6246709173175837,47.45341206780127,48.380540821400466
2013-12-15,1063,2013-12-15,3.1,45.4,50.1,6.4,-1747321.5,-2977666.5,3577,2.9083775357764825,46.432405984101834,49.06306010809921
2013-12-22,1064,2013-12-22,2.45,48.05,48.0,6.8,-1747321.5,-2977666.5,3577,3.3273284764765867,45.558300677643714,49.53453311393747
2013-12-23,1065,2013-12-23,3.35,41.4,53.45,6.2,-1747321.5,-2977666.5,3577,4.179243434583368,43.3490777024768,50.801391023829254
2014-01-07,1066,2014-01-07,5.3,46.2,46.95,7.0,-1747321.5,-2977666.5,3577,4.483212994435235,42.802385849438274,51.08585666139083
2014-01-08,1067,2014-01-08,3.7,41.4,53.2,6.3,-1747321.5,-2977666.5,3577,3.587094329818252,44.621741107183354,50.261299227081196
2014-01-15,1068,2014-01-15,4.55,44.9,49.05,6.8,-1747321.5,-2977666.5,3577,3.2033227608300217,46.16982831409386,49.16803026693933
2014-01-16,1069,2014-01-16,2.4,46.4,49.8666666666667,6.26666666666667,-1747317.0,-2977683.0,3577,2.9622453397990767,47.900433003521826,47.70684434244093
2014-01-23,1070,2014-01-23,1.5,52.15,45.05,6.6,-1747321.5,-2977666.5,3577,2.2363430686956765,50.02496265343815,46.39033427871745
2014-02-01,1071,2014-02-01,0.45,56.85,41.65,6.6,-1747321.5,-2977666.5,3577,1.8623893134726273,51.6813960033697,45.11881400332739
2014-02-09,1072,2014-02-09,2.75,46.95,48.6,5.95,-1747321.5,-2977666.5,3577,1.8891435190193975,50.70060187489771,45.999443229622116
2014-02-16,1073,2014-02-16,4.4,46.35,47.65,6.85,-1747321.5,-2977666.5,3577,2.295583280734164,49.60114199128701,46.70871250285889
2014-02-17,1074,2014-02-17,0.95,51.5,46.25,6.35,-1747321.5,-2977666.5,3577,3.0506978851103845,44.822746896662565,50.652585836002885
2014-02-24,1075,2014-02-24,3.8,42.2,52.55,6.55,-1747321.5,-2977666.5,3577,3.700907308932476,42.94627158979935,51.83636377513906
2014-02-25,1076,2014-02-25,4.05,41.7,52.7,6.15,-1747321.5,-2977666.5,3577,3.6644862163313463,43.9327477515671,50.856230809747856
2014-03-05,1077,2014-03-05,3.1,42.35,53.1,6.15,-1747321.5,-2977666.5,3577,3.268172242141747,47.08509865540597,48.159619312172254
2014-03-12,1078,2014-03-12,3.84615384615385,49.2307692307692,45.5384615384615,6.76923076923077,-1747318.84615385,-2977641.92307692,3577,2.4540723981896795,50.92729112991509,45.220868605072376
2014-03-13,1079,2014-03-13,3.0,52.1333333333333,43.0666666666667,7.33333333333333,-1747317.0,-2977665.0,3577,2.7600415183764246,52.214809914218634,43.58975744029869
2014-03-21,1080,2014-03-21,0.25,67.9166666666667,30.6666666666667,5.0,-1747320.0,-2977695.0,3577,2.7496536804463165,53.806277524166596,42.05259466261459
2014-03-28,1081,2014-03-28,2.6,49.7,46.45,6.7,-1747321.5,-2977666.5,3577,2.6522539499077573,52.21107598045374,43.7608995592736
2014-04-13,1082,2014-04-13,3.5,44.7,50.6,6.65,-1747321.5,-2977666.5,3577,3.584576442053877,48.811365398902765,46.22170354320176
2014-04-14,1083,2014-04-14,4.4,44.7,49.25,6.55,-1747321.5,-2977666.5,3577,3.372200007660326,47.70647587309176,47.548397997962226
2014-04-21,1084,2014-04-21,5.3,43.5,49.7,6.75,-1747321.5,-2977666.5,3577,2.755344346056006,46.83406005758248,49.054564578860656
2014-04-22,1085,2014-04-22,0.65,48.4,49.7,15.2,-1747321.5,-2977666.5,3577,2.303814039417409,46.82843931094005,49.46540542360236
2014-04-29,1086,2014-04-29,4.65,45.55,48.3,6.9,-1747321.5,-2977666.5,3577,2.9221741107185646,47.46622536389627,48.16130572213444
2014-05-08,1087,2014-05-08,2.55,60.5,35.8,21.95,-1747321.5,-2977666.5,3577,4.693733865842068,49.42361365641449,44.53380732361127
2014-05-16,1088,2014-05-16,3.83333333333333,47.3333333333333,47.3888888888889,11.3333333333333,-1747318.33333333,-2977660.0,3577,8.36196284744694,46.87391648295154,43.40124796993571
2014-05-31,1089,2014-05-31,15.4,34.0,49.05,5.5,-1747321.5,-2977666.5,3577,12.99992670778308,43.01491346933246,42.600424025067085
2014-06-01,1090,2014-06-01,20.0,39.75,38.8,7.85,-1747321.5,-2977666.5,3577,18.043395019352985,39.8607738919189,40.62865496367894
2014-06-16,1091,2014-06-16,24.85,39.3,34.6,8.4,-1747321.5,-2977666.5,3577,22.807376116059643,36.43756282265117,39.23006088793156
2014-06-17,1092,2014-06-17,24.55,36.0,37.8,7.3,-1747321.5,-2977666.5,3577,25.656724693380845,35.01833642590723,37.776212441713994
2014-06-24,1093,2014-06-24,26.7,32.55,38.9,8.65,-1747321.5,-2977666.5,3577,27.720646584638068,35.578922916451745,35.107912884778884
2014-06-25,1094,2014-06-25,26.9411764705882,38.6470588235294,33.0588235294118,8.41176470588235,-1747324.41176471,-2977656.17647059,3577,27.59524590425653,38.5113175236046,32.32200664023165
2014-07-03,1095,2014-07-03,27.6,40.7,30.05,9.35,-1747321.5,-2977666.5,3577,26.95265167964638,38.54641192898674,32.91172764586952
2014-07-10,1096,2014-07-10,26.5,36.0,35.9,8.55,-1747321.5,-2977666.5,3577,26.619723820156928,37.1321048556196,34.636835100789135
2014-07-11,1097,2014-07-11,24.0555555555556,42.8333333333333,31.6111111111111,8.72222222222222,-1747321.66666667,-2977660.0,3577,24.706116797462595,38.65492373830895,35.07115989900022
2014-07-19,1098,2014-07-19,24.2,38.75,35.45,8.2,-1747321.5,-2977666.5,3577,22.66443105246264,40.14007957076014,35.6654613461517
2014-08-04,1099,2014-08-04,19.7,36.25,42.5,7.65,-1747321.5,-2977666.5,3577,19.767854497226892,41.600200009417975,37.08920887283108
2014-08-11,1100,2014-08-11,17.8,40.8,39.8,7.4,-1747299.0,-2977659.0,3577,17.102140042111998,42.592726156251025,38.72982608257024
2014-08-19,1101,2014-08-19,12.6,47.9,37.95,7.5,-1747321.5,-2977666.5,3577,14.67748288256173,44.10400617411432,39.62658626809373
2014-08-20,1102,2014-08-20,11.65,51.3,35.6,9.75,-1747321.5,-2977666.5,3577,12.839616214536896,44.11684924981479,41.446962841074296
2014-08-27,1103,2014-08-27,14.0,41.25,43.05,7.55,-1747321.5,-2977666.5,3577,11.390480657971214,45.233813606407466,41.83405729117178
2014-08-28,1104,2014-08-28,9.3,43.85,45.3,6.85,-1747321.5,-2977666.5,3577,10.577676863898194,45.728669163646856,42.15409080083373
2014-09-12,1105,2014-09-12,10.4,42.7,45.3,7.45,-1747321.5,-2977666.5,3577,9.764459070339964,46.05152200739748,42.71638377102135
2014-09-13,1106,2014-09-13,8.6,46.85,43.25,7.3,-1747321.5,-2977666.5,3577,8.430419271130084,46.819992546146544,43.33939172282178
2014-09-20,1107,2014-09-20,7.5,49.25,42.1,7.55,-1747321.5,-2977666.5,3577,7.018784466306636,47.06652635289703,44.52975450761163
2014-09-21,1108,2014-09-21,6.15,53.65,38.6,6.35,-1747321.5,-2977666.5,3577,5.987751103384883,47.948261181535756,44.67510477138292
2014-09-28,1109,2014-09-28,5.05,41.9,51.55,5.85,-1747321.5,-2977666.5,3577,5.655406822279042,48.07202116767962,44.86920185077409
2014-10-06,1110,2014-10-06,3.5,52.0,43.3333333333333,6.66666666666667,-1747330.0,-2977715.0,3577,5.9240508717280065,47.30788576747622,45.275542465783374
2014-10-07,1111,2014-10-07,7.25,41.45,49.45,6.8,-1747321.5,-2977666.5,3577,6.012944331209686,45.654353541188826,46.76051471747367
2014-10-14,1112,2014-10-14,8.05,41.95,48.45,7.05,-1747321.5,-2977666.5,3577,6.608779919769644,45.18470059351737,46.603836720548024
2014-10-22,1113,2014-10-22,8.42857142857143,50.4285714285714,39.5714285714286,7.71428571428571,-1747317.85714286,-2977622.14285714,3577,7.156003284639986,45.46806892796925,45.817726752085235
2014-10-23,1114,2014-10-23,5.25,45.85,47.35,6.5,-1747321.5,-2977666.5,3577,7.525366119947039,45.04636895611455,45.85584802194025
2014-10-30,1115,2014-10-30,6.75,46.35,45.25,6.95,-1747321.5,-2977666.5,3577,7.216831620390914,46.6337966986504,44.568962616324384
2014-11-15,1116,2014-11-15,6.85,43.25,48.45,7.0,-1747321.5,-2977666.5,3577,6.1326416617429125,46.84329787858499,45.42711859862884
2014-11-23,1117,2014-11-23,6.0,52.25,40.25,7.375,-1747323.75,-2977623.75,3577,5.1276585127970655,48.181840605208016,45.13993658559548
2014-11-24,1118,2014-11-24,5.3,42.3,50.6,6.45,-1747321.5,-2977666.5,3577,4.811122468861688,47.31596669583579,46.25060110167779
2014-12-01,1119,2014-12-01,3.15,48.9,46.2,5.5,-1747321.5,-2977666.5,3577,4.256830321380769,46.97667812063395,47.10167819795599
2014-12-02,1120,2014-12-02,2.9,53.45,42.2,12.35,-1747321.5,-2977666.5,3577,4.197663275836024,46.68978838498264,47.38804111264703
2014-12-10,1121,2014-12-10,4.5,39.9,53.7,6.2,-1747321.5,-2977666.5,3577,3.895922189265261,45.887302171505844,48.49124142111033
2014-12-17,1122,2014-12-17,5.8,44.8,47.85,6.85,-1747321.5,-2977666.5,3577,4.3748359999127455,45.25617463031647,48.61004243433857
2014-12-25,1123,2014-12-25,3.66666666666667,44.0,50.3333333333333,6.0,-1747335.0,-2977725.0,3577,4.735989809982911,44.187836930864385,49.36642526719188
2014-12-26,1124,2014-12-26,4.25,45.0,49.1,6.25,-1747321.5,-2977666.5,3577,4.38414665829461,44.691573751319396,49.255218775025654
2015-01-02,1125,2015-01-02,5.85,44.9,47.75,6.85,-1747321.5,-2977666.5,3577,4.233201628092637,43.29156292623138,50.811420468069215
2015-01-03,1126,2015-01-03,2.65,47.55,48.25,6.2,-1747321.5,-2977666.5,3577,3.7714365613740783,45.27910649721119,49.355802608117216
2015-01-11,1127,2015-01-11,3.8,43.35,51.15,6.15,-1747321.5,-2977666.5,3577,3.1397432289068465,48.001372108412355,47.420371562600096
2015-01-19,1128,2015-01-19,1.8,46.45,50.45,5.95,-1747321.5,-2977666.5,3577,3.5429182272830233,47.85361951067607,47.0845030315874
2015-01-27,1129,2015-01-27,3.8,50.05,44.55,6.35,-1747321.5,-2977666.5,3577,4.265008623986314,47.35623838438838,46.85422391143542
2015-02-03,1130,2015-02-03,6.2,49.15,43.2,7.1,-1747321.5,-2977666.5,3577,4.061406395461516,47.602648272365784,46.77728081759483
2015-02-04,1131,2015-02-04,2.7,54.85,41.05,7.15,-1747321.5,-2977666.5,3577,3.9528946285906317,49.69708679782893,44.86922096967052
2015-02-12,1132,2015-02-12,4.6,42.05,51.65,6.3,-1747321.5,-2977666.5,3577,3.929517850569894,50.01379366925305,44.63326019751132
2015-02-19,1133,2015-02-19,5.4,44.2,48.6,6.5,-1747321.5,-2977666.5,3577,2.53642750438378,49.88903908539794,46.13744597425676
2015-02-27,1134,2015-02-27,0.0,54.7368421052632,44.5789473684211,19.1052631578947,-1747317.63157895,-2977668.15789474,3577,1.9773052025371072,50.292844274831225,46.353448759153096
2015-03-08,1135,2015-03-08,1.55,57.55,39.5,6.2,-1747321.5,-2977666.5,3577,3.111236390028494,48.72677632236136,46.79309471148434
2015-03-16,1136,2015-03-16,6.9,44.15,47.45,6.65,-1747321.5,-2977666.5,3577,6.972515410285265,46.054985913541856,45.568560655567055
2015-03-23,1137,2015-03-23,7.85,36.7,53.8,6.6,-1747321.5,-2977666.5,3577,10.398976255940646,43.861103740639315,44.3342774302379
2015-04-01,1138,2015-04-01,12.4,47.2,39.0,7.35,-1747321.5,-2977666.5,3577,13.306371595378895,42.59538561758065,42.65986886937854
2015-04-16,1139,2015-04-16,22.45,38.95,37.3,7.6,-1747321.5,-2977666.5,3577,15.502484667033439,39.15470400545584,43.791664128597446
2015-04-24,1140,2015-04-24,19.95,30.2,48.0,6.85,-1747321.5,-2977666.5,3577,16.816863631721805,37.912026892769134,43.70626996434554
2015-05-02,1141,2015-05-02,13.6666666666667,46.8333333333333,38.3333333333333,12.0,-1747320.0,-2977695.0,3577,16.97545839093574,40.159164986330225,41.434665215284724
2015-05-03,1142,2015-05-03,9.57142857142857,45.1428571428571,43.7142857142857,5.85714285714286,-1747292.14285714,-2977635.0,3577,17.173328374409408,41.554843299109514,39.78942914669873
2015-05-10,1143,2015-05-10,19.6,37.6,41.2,7.45,-1747321.5,-2977666.5,3577,17.022401746857412,41.40940499128734,40.10266498207075
2015-05-11,1144,2015-05-11,17.9,38.4,42.25,7.05,-1747321.5,-2977666.5,3577,16.77162522719548,41.262493749794075,40.49599384103422
2015-05-18,1145,2015-05-18,21.3,46.1,31.35,8.3,-1747321.5,-2977666.5,3577,17.181436955948882,42.86487333380866,38.48704201792566
2015-05-19,1146,2015-05-19,18.4,41.7,38.25,7.6,-1747321.5,-2977666.5,3577,19.424838178986697,40.84582462288016,38.25590972025809
2015-05-26,1147,2015-05-26,16.2,35.4,46.8,6.8,-1747341.0,-2977713.0,3577,19.161473656277998,37.30263986880372,41.95463905171977
2015-05-27,1148,2015-05-27,16.1818181818182,43.1818181818182,39.2727272727273,7.54545454545455,-1747321.36363636,-2977635.0,3577,16.78039509041229,38.84651998718404,42.80000702927167
2015-06-03,1149,2015-06-03,19.0,39.1428571428571,40.0,7.14285714285714,-1747326.42857143,-2977712.14285714,3577,16.334380986306495,41.188702928550406,40.79093593337285
2015-06-04,1150,2015-06-04,17.4,39.05,41.9,7.5,-1747321.5,-2977666.5,3577,17.12573310449497,43.79667269122004,37.39870325283501
2015-06-11,1151,2015-06-11,17.1,38.65,42.65,7.5,-1747321.5,-2977666.5,3577,16.988092993409904,45.480695746689506,35.914110305675436
2015-06-12,1152,2015-06-12,12.5,55.0,30.8333333333333,6.66666666666667,-1747320.0,-2977715.0,3577,18.06227132000856,46.4114077357042,34.02354745357332
2015-06-19,1153,2015-06-19,24.65,58.35,15.7,10.5,-1747321.5,-2977666.5,3577,19.557799476062804,45.231990919290666,33.78582346445617
2015-06-27,1154,2015-06-27,27.3,39.4,31.9,9.05,-1747321.5,-2977666.5,3577,22.658187323509015,43.82424170256334,32.20219842076944
2015-06-28,1155,2015-06-28,17.75,35.6666666666667,45.5833333333333,6.5,-1747297.5,-2977662.5,3577,26.25712862988012,46.393636652298454,26.085314169830383
2015-07-06,1156,2015-07-06,30.35,35.8,32.35,8.55,-1747321.5,-2977666.5,3577,31.041401941706894,43.76288943254234,23.849940307367074
2015-07-21,1157,2015-07-21,38.55,46.6,13.55,12.25,-1747321.5,-2977666.5,3577,34.52480708145826,41.142750902342286,22.96098947491793
2015-07-30,1158,2015-07-30,39.0,47.4,12.1,12.0,-1747321.5,-2977666.5,3577,38.37777532064885,36.905504660452706,23.30717832219032
2015-08-07,1159,2015-08-07,40.55,43.65,14.25,12.95,-1747321.5,-2977666.5,3577,40.16962944175967,35.81241684012046,22.504900362791734
2015-08-14,1160,2015-08-14,37.95,30.9,29.55,9.85,-1747321.5,-2977666.5,3577,41.07738778249001,35.728824426342314,21.675669377059325
2015-08-15,1161,2015-08-15,41.5714285714286,13.3571428571429,43.7142857142857,6.92857142857143,-1747320.0,-2977686.42857143,3577,39.3128540190401,34.265695398507624,24.92262860977658
2015-08-22,1162,2015-08-22,35.4,42.8,20.45,10.35,-1747321.5,-2977666.5,3577,35.10268601367149,34.04317849332821,29.374720016820888
2015-08-23,1163,2015-08-23,35.8,35.15,27.35,9.7,-1747321.5,-2977666.5,3577,32.3711276339711,35.70830763663048,30.394550495939146
2015-08-31,1164,2015-08-31,23.0,51.25,24.1666666666667,6.08333333333333,-1747340.0,-2977672.5,3577,29.660339351046993,39.866185053330796,28.966255519501978
2015-09-07,1165,2015-09-07,27.05,42.55,29.15,8.9,-1747321.5,-2977666.5,3577,27.074601404783117,43.00292865029064,28.413178307756112
2015-09-08,1166,2015-09-08,26.8,38.3,33.2,8.55,-1747321.5,-2977666.5,3577,24.490047723170996,45.50719157003306,28.48681597040305
2015-09-15,1167,2015-09-15,23.8,41.45,33.1,8.45,-1747321.5,-2977666.5,3577,22.985116534648704,42.482210513937915,33.00292225833529
2015-09-16,1168,2015-09-16,21.8,44.6,32.3,8.05,-1747321.5,-2977666.5,3577,21.78673717063485,41.232392375420275,35.471668424449504
2015-09-24,1169,2015-09-24,18.85,43.9,35.8,7.4,-1747321.5,-2977666.5,3577,19.424618776473466,44.28027398297635,34.80003409902271
2015-10-01,1170,2015-10-01,17.85,44.45,36.1,7.75,-1747321.5,-2977666.5,3577,17.8685523970327,46.122123232797456,34.50552151666187
2015-10-10,1171,2015-10-10,14.65,49.4,34.35,7.1,-1747321.5,-2977666.5,3577,15.000930717027543,49.47623297754137,34.01158879819363
2015-10-17,1172,2015-10-17,15.55,47.25,35.7,7.3,-1747321.5,-2977666.5,3577,13.467278899693563,51.19729267726591,33.82636332434133
2015-10-18,1173,2015-10-18,8.65,65.55,24.35,8.65,-1747321.5,-2977666.5,3577,12.59009109629937,52.21603281529199,33.62243349893093
2015-10-26,1174,2015-10-26,13.4444444444444,44.0,41.0,6.05555555555556,-1747316.66666667,-2977661.66666667,3577,11.769308087244763,53.074329067391616,33.54510152021943
2015-11-02,1175,2015-11-02,13.65,52.5,32.15,5.6,-1747321.5,-2977666.5,3577,11.144341790060384,53.28896856648291,33.962332863816584
2015-11-03,1176,2015-11-03,8.5,52.125,37.625,6.625,-1747323.75,-2977623.75,3577,11.466956248387781,52.041049976240714,34.84317755181831
2015-11-10,1177,2015-11-10,12.2,54.2,32.05,7.8,-1747321.5,-2977666.5,3577,11.676690351674942,50.69487218753899,35.94804597605462
2015-11-11,1178,2015-11-11,12.5,48.75,37.1,6.95,-1747321.5,-2977666.5,3577,11.75187539346897,50.532256343175774,36.063644705316605
2015-11-19,1179,2015-11-19,10.4705882352941,50.0588235294118,37.8235294117647,6.76470588235294,-1747324.41176471,-2977656.17647059,3577,11.571272041257563,50.434572943894324,36.42248437684517
2015-11-26,1180,2015-11-26,12.8,49.3,36.4,7.55,-1747321.5,-2977666.5,3577,11.461924082310276,50.56885867273475,36.481781960218505
2015-12-04,1181,2015-12-04,12.55,49.45,36.5,7.6,-1747321.5,-2977666.5,3577,11.43537411716989,48.72045078850489,38.39092415051139
2015-12-05,1182,2015-12-05,7.95,52.1,38.65,5.75,-1747321.5,-2977666.5,3577,11.46506221878478,48.89777181477417,38.171617764855554
2015-12-12,1183,2015-12-12,11.85,49.05,37.7,7.2,-1747321.5,-2977666.5,3577,10.531952837423855,49.328983505105256,38.666364487506954
2015-12-13,1184,2015-12-13,10.4,45.7,42.35,6.75,-1747321.5,-2977666.5,3577,9.79343420192846,50.57760040905342,38.18998017097974
2015-12-20,1185,2015-12-20,10.9,50.3,37.2,7.25,-1747321.5,-2977666.5,3577,8.904547460369296,51.80867933286117,37.82561715737712
2015-12-21,1186,2015-12-21,5.53333333333333,58.0,34.9333333333333,6.73333333333333,-1747321.0,-2977649.0,3577,8.599955150172402,51.24339943428596,38.64935563131124
2015-12-28,1187,2015-12-28,10.25,50.3,38.05,7.0,-1747321.5,-2977666.5,3577,8.55350786983786,51.15199668751536,38.74124196236619
2016-01-13,1188,2016-01-13,4.85,55.45,38.3,16.25,-1747321.5,-2977666.5,3577,7.650164000085457,53.94256478814496,36.85240804087002
2016-01-14,1189,2016-01-14,8.45,53.65,36.3,6.6,-1747321.5,-2977666.5,3577,6.848153059529745,56.61585171793304,35.00911562637045
2016-01-21,1190,2016-01-21,9.35,53.05,35.85,5.5,-1747321.5,-2977666.5,3577,7.002513585484673,58.675958561553514,32.831368940651956
2016-01-22,1191,2016-01-22,7.0,56.45,35.05,6.75,-1747321.5,-2977666.5,3577,6.93789484509195,59.2642052220137,32.29631243369151
2016-01-29,1192,2016-01-29,3.375,72.375,22.875,7.0,-1747320.0,-2977710.0,3577,7.051792454190783,58.873290718560554,32.54430474066211
2016-01-30,1193,2016-01-30,7.15,61.25,30.25,6.7,-1747321.5,-2977666.5,3577,7.126390607486233,57.909793998562435,33.44682520979354
2016-02-06,1194,2016-02-06,10.5,47.05,40.85,6.95,-1747321.5,-2977666.5,3577,7.673817858729787,55.690903678356655,35.15469783847443
2016-02-07,1195,2016-02-07,7.2,52.6,38.65,6.7,-1747321.5,-2977666.5,3577,7.980334353666097,54.13282545626938,36.366571169953446
2016-02-15,1196,2016-02-15,8.4,47.8,42.1,5.95,-1747321.5,-2977666.5,3577,9.075624302266196,51.121815619873,38.237198042485254
2016-02-22,1197,2016-02-22,9.65,52.55,36.4,6.9,-1747321.5,-2977666.5,3577,9.405445310820186,49.518143389111216,39.54703080319899
2016-02-23,1198,2016-02-23,9.23076923076923,56.0,33.3846153846154,7.23076923076923,-1747325.76923077,-2977641.92307692,3577,9.09924332633175,50.17704323539487,39.26384204030676
2016-03-02,1199,2016-03-02,7.9,53.35,37.2,6.6,-1747321.5,-2977666.5,3577,8.062136658688205,54.61362860564831,35.969222234059686
2016-03-09,1200,2016-03-09,9.7,50.5,38.4,6.9,-1747321.5,-2977666.5,3577,7.999061881199291,55.86137283768027,34.81611131187891
2016-03-10,1201,2016-03-10,6.0,54.0,39.0,6.0,-1747335.0,-2977725.0,3577,7.87714304033548,56.332966259738015,34.45217094169902
2016-03-17,1202,2016-03-17,6.33333333333333,62.3333333333333,30.0,7.66666666666667,-1747305.0,-2977605.0,3577,7.151133628615293,56.106427834283224,35.369872292503345
2016-03-18,1203,2016-03-18,8.5,57.9,31.95,6.9,-1747321.5,-2977666.5,3577,7.246374725535348,55.66665321262012,35.65131945136176
2016-04-02,1204,2016-04-02,7.0,56.8,34.8,6.2,-1747317.0,-2977617.0,3577,7.507518487703123,55.897965501981915,35.17525044614302
2016-04-03,1205,2016-04-03,8.65,48.8,40.95,6.95,-1747321.5,-2977666.5,3577,7.2537398102402735,57.07320780353983,34.25939169189431
2016-04-18,1206,2016-04-18,5.85,57.85,35.05,7.65,-1747321.5,-2977666.5,3577,7.400052424354725,56.317691338580744,34.85707331883281
2016-04-19,1207,2016-04-19,7.95,54.1,36.55,7.35,-1747321.5,-2977666.5,3577,7.448121228615472,55.21840435105862,35.919549954683895
2016-04-27,1208,2016-04-27,7.85714285714286,63.1428571428571,27.7142857142857,8.0,-1747322.14285714,-2977622.14285714,3577,6.858324235103398,56.260923493422816,35.52814940476948
2016-05-04,1209,2016-05-04,5.25,54.5833333333333,38.8333333333333,6.41666666666667,-1747320.0,-2977695.0,3577,6.840990743002106,55.63545963839248,36.112398179730235
2016-05-05,1210,2016-05-05,6.9,55.05,36.45,7.35,-1747321.5,-2977666.5,3577,6.885906199063065,55.414617735197666,36.26792835646782
2016-05-12,1211,2016-05-12,8.8,49.65,40.05,7.65,-1747321.5,-2977666.5,3577,7.257989379040926,54.94138493085039,36.36725720099789
2016-05-13,1212,2016-05-13,5.2,59.05,34.35,7.5,-1747321.5,-2977666.5,3577,7.445532950021001,55.420969175295255,35.701035084621076
2016-05-20,1213,2016-05-20,8.05,56.0,34.65,7.75,-1747321.5,-2977666.5,3577,6.698281439921305,56.02903891773023,35.87551674331324
2016-05-28,1214,2016-05-28,7.9,52.25,38.45,8.5,-1747321.5,-2977666.5,3577,6.840216749194054,57.391900205049524,34.45044367396794
2016-06-06,1215,2016-06-06,6.3,69.35,23.25,8.5,-1747321.5,-2977666.5,3577,6.641376116142926,60.407209405652395,31.69964947332895
2016-06-13,1216,2016-06-13,7.75,55.9,34.85,8.8,-1747321.5,-2977666.5,3577,7.181746736234827,60.36907164042485,31.1702624001339
2016-06-14,1217,2016-06-14,5.4,59.95,33.45,8.9,-1747321.5,-2977666.5,3577,8.50201779644377,59.46962371992443,30.710117127449998
2016-06-22,1218,2016-06-22,11.15,53.2,34.3,10.8,-1747321.5,-2977666.5,3577,10.650276039748132,57.08733897680413,30.89968823745452
2016-07-07,1219,2016-07-07,15.5,62.6,20.6,12.05,-1747321.5,-2977666.5,3577,13.319883522048716,54.35891554265355,30.888838251527133
2016-07-15,1220,2016-07-15,14.7,47.85,35.65,9.55,-1747321.5,-2977666.5,3577,16.592913897245783,50.75883218947476,31.131030115390786
2016-07-31,1221,2016-07-31,20.6,43.55,34.35,9.5,-1747321.5,-2977666.5,3577,19.011023187336136,47.257967264926144,32.1378910563073
2016-08-01,1222,2016-08-01,19.05,47.9,31.65,9.4,-1747321.5,-2977666.5,3577,20.349161055659565,46.284027582317876,31.77244365541104
2016-08-09,1223,2016-08-09,22.75,43.5,31.95,9.9,-1747321.5,-2977666.5,3577,21.386531064391647,42.57944532247301,34.42426371357746
2016-08-16,1224,2016-08-16,20.8,43.05,34.55,9.75,-1747321.5,-2977666.5,3577,20.50835480308858,43.059396176572406,34.89908744505746
2016-08-24,1225,2016-08-24,17.7,46.45,34.4,9.45,-1747321.5,-2977666.5,3577,19.17340925328255,45.186554157909626,34.17102773387092
2016-08-25,1226,2016-08-25,17.7,43.8,37.15,9.15,-1747321.5,-2977666.5,3577,17.64225428853648,48.354781441461526,32.54748352781922
2016-09-01,1227,2016-09-01,17.35,48.8,32.45,10.15,-1747321.5,-2977666.5,3577,15.695466453049248,49.181614670152214,33.647593582882664
2016-09-02,1228,2016-09-02,14.4,51.55,32.55,9.75,-1747321.5,-2977666.5,3577,14.253592846779574,50.27360085733947,34.01771850440072
2016-09-09,1229,2016-09-09,9.66666666666667,60.25,28.5833333333333,10.75,-1747322.5,-2977637.5,3577,13.230395404387238,50.73004286734178,34.57725468545384
2016-09-10,1230,2016-09-10,14.3,44.45,39.65,8.85,-1747321.5,-2977666.5,3577,12.850144556560831,49.83145437557649,35.786948024582586
2016-09-17,1231,2016-09-17,13.7,44.4,40.35,8.9,-1747321.5,-2977666.5,3577,12.271074448293382,49.24243617777057,36.97272985408893
2016-09-18,1232,2016-09-18,10.9,50.5,37.3,8.75,-1747321.5,-2977666.5,3577,11.154611043475773,50.79487340474912,36.61630219426767
2016-09-26,1233,2016-09-26,11.5,49.4,37.55,8.5,-1747321.5,-2977666.5,3577,11.79889850563644,46.77009252951635,39.95580024880452
2016-10-03,1234,2016-10-03,11.75,48.6,38.25,8.8,-1747321.5,-2977666.5,3577,11.320980381052518,47.22161173350035,40.00220540354499
2016-10-04,1235,2016-10-04,8.07692307692308,53.8461538461538,36.6923076923077,8.23076923076923,-1747325.76923077,-2977641.92307692,3577,10.164654643600494,50.782540215195155,37.62131928957993
2016-10-11,1236,2016-10-11,9.8,52.3,36.55,8.65,-1747321.5,-2977666.5,3577,8.402830677299535,54.993890486737705,35.2286814043251
2016-10-12,1237,2016-10-12,9.3,49.15,39.95,8.1,-1747321.5,-2977666.5,3577,7.903662987800888,55.9164394230755,34.817445878717166
2016-10-19,1238,2016-10-19,9.65,48.35,40.45,8.4,-1747321.5,-2977666.5,3577,7.629517767299434,55.93028659836587,35.05563046145995
2016-10-20,1239,2016-10-20,0.0,84.0,15.25,12.0,-1747305.0,-2977702.5,3577,7.098538779628455,56.95558649494449,34.59288292083679
2016-10-27,1240,2016-10-27,9.33333333333333,50.1333333333333,39.0,7.8,-1747323.0,-2977683.0,3577,6.488948129828447,57.42520809076461,34.727773705338365
2016-10-28,1241,2016-10-28,7.5,47.05,44.0,7.75,-1747321.5,-2977666.5,3577,6.53600874439134,56.76437503346383,35.355074516483604
2016-11-04,1242,2016-11-04,8.7,52.8,36.9,8.3,-1747321.5,-2977666.5,3577,6.25211032246135,56.07428619937151,36.29189873186398
2016-11-05,1243,2016-11-05,5.0,58.15,35.55,7.8,-1747321.5,-2977666.5,3577,6.653977612197247,55.097792669545875,36.837118315929814
2016-11-12,1244,2016-11-12,4.2,61.8,32.8,7.6,-1747329.0,-2977719.0,3577,6.642259207306283,54.28463071065323,37.6339283333524
2016-11-13,1245,2016-11-13,7.05,52.1,39.25,7.6,-1747321.5,-2977666.5,3577,6.5350309305939875,54.31312424981829,37.65230435964952
2016-11-20,1246,2016-11-20,8.8,52.6,37.05,8.2,-1747321.5,-2977666.5,3577,5.916567695866911,56.96246850976515,35.64120296691341
2016-11-21,1247,2016-11-21,4.68421052631579,57.2631578947368,36.5263157894737,7.47368421052632,-1747323.94736842,-2977669.73684211,3577,6.5460580223378475,54.77832055558762,37.13677834783396
2016-11-28,1248,2016-11-28,7.2,54.9,36.5,7.85,-1747321.5,-2977666.5,3577,7.044859658259961,53.24088909967783,38.18429987182927
2016-11-29,1249,2016-11-29,6.25,51.5,40.6,7.5,-1747321.5,-2977666.5,3577,7.38734985552251,53.747306567227795,37.38519358843207
2016-12-06,1250,2016-12-06,8.35,53.2,36.85,8.1,-1747321.5,-2977666.5,3577,6.594569599518341,56.028458500055336,36.008265678760836
2016-12-07,1251,2016-12-07,6.5,58.5,34.0,7.5,-1747290.0,-2977605.0,3577,6.3340803571425095,57.98591731428091,34.377905274373326
2016-12-14,1252,2016-12-14,5.58823529411765,59.4705882352941,33.7058823529412,8.23529411764706,-1747319.11764706,-2977656.17647059,3577,6.864787519603947,53.91642431985634,37.86909300908535
2016-12-22,1253,2016-12-22,7.45,53.9,37.25,7.8,-1747321.5,-2977666.5,3577,6.621822084211226,54.30180290335427,37.6897907654501
2016-12-23,1254,2016-12-23,3.85,60.4,34.35,7.4,-1747321.5,-2977666.5,3577,5.47793297721951,57.821641201336185,35.30764608489545
2016-12-31,1255,2016-12-31,6.3,53.0,39.1,7.3,-1747321.5,-2977666.5,3577,5.134009689089963,59.309969014768015,34.177274637577305
2017-01-07,1256,2017-01-07,7.65,51.4,39.4,7.75,-1747321.5,-2977666.5,3577,5.490979262950761,59.52134822015557,33.53072440216357
2017-01-15,1257,2017-01-15,2.85,63.75,32.05,7.5,-1747321.5,-2977666.5,3577,4.8184622516431,62.723735788878486,31.001255137136496
2017-01-16,1258,2017-01-16,2.2,88.25,8.4,7.3,-1747321.5,-2977666.5,3577,4.425756068734827,64.9098024994395,29.260009449660878
2017-01-23,1259,2017-01-23,7.6,53.15,37.9,7.75,-1747321.5,-2977666.5,3577,5.001240873494723,65.27772005811461,28.337967213987387
2017-01-24,1260,2017-01-24,8.0,52.0,38.4,7.0,-1747335.0,-2977617.0,3577,6.027373400592314,63.10321829871971,29.478093268955735
2017-01-31,1261,2017-01-31,5.9,66.75,25.8,8.15,-1747321.5,-2977666.5,3577,7.5856545930838,59.841278226408605,31.215698542938462
2017-02-01,1262,2017-02-01,6.6,61.5,30.75,7.7,-1747321.5,-2977666.5,3577,10.74002684621719,54.08406222259903,33.816027625620094
2017-02-24,1263,2017-02-24,19.8,39.85,38.9,8.0,-1747321.5,-2977666.5,3577,14.984751059052227,48.496184878066174,35.12251943102811
2017-02-25,1264,2017-02-25,17.65,47.6,33.5,7.75,-1747321.5,-2977666.5,3577,19.087358461968613,44.75189980297671,34.77851219986923
2017-03-05,1265,2017-03-05,21.15,41.6,35.8,7.8,-1747321.5,-2977666.5,3577,23.046235395148358,43.16620876542832,32.404706026682604
2017-03-12,1266,2017-03-12,28.8,38.45,31.35,8.35,-1747321.5,-2977666.5,3577,27.045766548548883,36.51438714363866,34.956463539894855
2017-03-21,1267,2017-03-21,30.0,34.75,33.45,7.8,-1747321.5,-2977666.5,3577,29.51473041921517,33.060422034101315,35.79481983444297
2017-03-28,1268,2017-03-28,29.75,33.3,35.3,8.3,-1747321.5,-2977666.5,3577,29.13149956338375,34.86879523984267,34.30628143785526
2017-03-29,1269,2017-03-29,26.8333333333333,34.6666666666667,37.0,7.66666666666667,-1747325.0,-2977620.0,3577,27.132685511938412,37.5625111558492,33.639915227526295
2017-04-06,1270,2017-04-06,25.65,39.6,32.9,7.9,-1747321.5,-2977666.5,3577,25.769601348080457,39.1474045046742,33.41769829756946
2017-04-13,1271,2017-04-13,24.4,40.05,33.9,7.85,-1747321.5,-2977666.5,3577,22.511691095279055,44.28959059515673,31.64676762865144
2017-04-14,1272,2017-04-14,19.2222222222222,51.2222222222222,28.2222222222222,8.0,-1747328.33333333,-2977628.33333333,3577,22.10785925460517,44.64833678532701,31.814560705887217
2017-04-21,1273,2017-04-21,17.7,52.75,28.3,8.35,-1747321.5,-2977666.5,3577,21.50159561800107,45.705351923611346,31.428196107293576
2017-04-22,1274,2017-04-22,23.1,42.5,32.95,7.6,-1747321.5,-2977666.5,3577,20.388750929150355,46.98632286185763,31.258446094664336
2017-04-29,1275,2017-04-29,23.35,41.9,33.35,7.9,-1747321.5,-2977666.5,3577,19.89740654941596,47.009693385382946,31.67371007045456
2017-04-30,1276,2017-04-30,19.8,45.55,33.35,7.8,-1747321.5,-2977666.5,3577,19.351407983138834,47.055356975318986,32.08982080870146
2017-05-08,1277,2017-05-08,21.1,42.25,34.9,7.7,-1747321.5,-2977666.5,3577,19.052739468990495,47.832249741994914,31.510042073504863
2017-05-15,1278,2017-05-15,8.2,65.2,24.8,3.8,-1747335.0,-2977617.0,3577,18.439228916935143,48.796945039817004,31.15563650315507
2017-05-23,1279,2017-05-23,21.85,46.2,30.45,8.4,-1747321.5,-2977666.5,3577,17.619288503032,50.16746988820542,30.650096704116894
2017-05-24,1280,2017-05-24,21.4,44.4,32.6,7.95,-1747321.5,-2977666.5,3577,17.632948321026177,50.34200675484753,30.520069713563608
2017-06-01,1281,2017-06-01,17.5,51.0,30.3,7.9,-1747320.0,-2977701.0,3577,18.629558444648538,48.84795135204622,31.080309435142254
2017-06-08,1282,2017-06-08,19.2,47.15,32.35,8.05,-1747321.5,-2977666.5,3577,20.1643670570885,46.50356794907184,31.96229297018293
2017-06-09,1283,2017-06-09,19.55,44.35,34.65,7.8,-1747321.5,-2977666.5,3577,20.964729156289494,44.81101073848082,32.886824514489874
2017-06-16,1284,2017-06-16,21.6,44.75,32.15,7.9,-1747321.5,-2977666.5,3577,20.693705752448793,45.119995561707086,32.81031603844581
2017-06-24,1285,2017-06-24,20.75,47.6,30.3,8.2,-1747321.5,-2977666.5,3577,19.6259082248991,46.652897334856306,32.29105604147691
2017-06-25,1286,2017-06-25,20.3,45.0,33.3,7.9,-1747321.5,-2977666.5,3577,20.42093139058778,45.56681785705873,32.57380112147427
2017-07-02,1287,2017-07-02,20.35,45.2,32.95,7.85,-1747321.5,-2977666.5,3577,19.762268613736246,46.4090102621767,32.357497726726635
2017-07-03,1288,2017-07-03,15.625,52.125,30.8125,7.875,-1747321.875,-2977680.0,3577,18.214733879964765,49.055917731290364,31.313246783467967
2017-07-11,1289,2017-07-11,18.2,48.75,31.65,7.6,-1747321.5,-2977666.5,3577,17.33910814066058,50.054710438723504,31.173379016841153
2017-07-18,1290,2017-07-18,19.75,44.6,34.15,7.85,-1747321.5,-2977666.5,3577,16.600091422788083,50.6790629016278,31.27796927249036
2017-07-19,1291,2017-07-19,13.4545454545455,57.7272727272727,27.4545454545455,7.36363636363636,-1747315.90909091,-2977697.72727273,3577,16.729284635523353,50.39710414127758,31.412630147078747
2017-07-26,1292,2017-07-26,15.3,51.45,31.75,7.9,-1747321.5,-2977666.5,3577,16.60391237823442,49.29375561345694,32.63361500704456
2017-07-27,1293,2017-07-27,17.25,46.9,34.45,7.5,-1747321.5,-2977666.5,3577,15.913735938044006,48.71602265591828,33.951771599490286
2017-08-03,1294,2017-08-03,17.15,43.45,37.8,7.8,-1747321.5,-2977666.5,3577,15.187866191410222,48.178738641030904,35.205670574846295
2017-08-11,1295,2017-08-11,13.95,48.5,36.25,8.15,-1747321.5,-2977666.5,3577,13.904235556323265,47.42337335006904,37.21826183362005
2017-08-19,1296,2017-08-19,13.45,45.8,39.25,8.7,-1747321.5,-2977666.5,3577,13.268484198977577,46.75216177011144,38.52458052782555
2017-08-20,1297,2017-08-20,9.8,50.05,38.8,8.35,-1747321.5,-2977666.5,3577,12.64963411201613,46.20592457077834,39.69430708609682
2017-08-28,1298,2017-08-28,12.0555555555556,49.3333333333333,37.1666666666667,6.55555555555556,-1747323.33333333,-2977666.66666667,3577,12.119413953777482,46.404966911306715,39.97310795499054
2017-09-04,1299,2017-09-04,14.3,40.25,43.6,8.4,-1747321.5,-2977666.5,3577,12.481675290651765,45.90381259606579,40.07369287059092
2017-09-05,1300,2017-09-05,12.55,44.95,41.15,8.45,-1747321.5,-2977666.5,3577,13.158154899793807,45.36004892939199,39.95163134078946
2017-09-12,1301,2017-09-12,14.25,47.65,36.7,8.8,-1747321.5,-2977666.5,3577,14.057181604083533,44.469152106916354,39.972429221958855
2017-09-13,1302,2017-09-13,14.55,40.9,42.9,8.55,-1747321.5,-2977666.5,3577,14.184068356821657,44.17052653228464,40.175258178348145
2017-09-20,1303,2017-09-20,14.5,45.3,38.65,8.8,-1747321.5,-2977666.5,3577,14.080528552972268,43.667145857232214,40.80812314619754
2017-09-28,1304,2017-09-28,11.5,49.2,38.2,8.3,-1747326.0,-2977701.0,3577,13.238030940505741,45.36357718648062,39.97928042029612
2017-09-29,1305,2017-09-29,12.95,42.15,43.4,8.2,-1747321.5,-2977666.5,3577,11.961982650990153,46.51423823853469,40.07125181319629
2017-10-06,1306,2017-10-06,12.15,43.8,42.45,8.4,-1747321.5,-2977666.5,3577,11.261321959772289,45.94439260429286,41.260164757836606
2017-10-15,1307,2017-10-15,8.85,48.45,41.05,7.6,-1747321.5,-2977666.5,3577,10.144665396521466,45.91881833336255,42.40705795751602
2017-10-22,1308,2017-10-22,9.4,50.55,38.65,8.3,-1747321.5,-2977666.5,3577,8.812056983263098,47.61310052176214,42.03299703391954
2017-10-23,1309,2017-10-23,6.8,50.0,41.5,7.4,-1747321.5,-2977666.5,3577,7.626722812789785,49.13478533849316,41.646819589073424
2017-10-31,1310,2017-10-31,6.95,43.2,48.3,7.25,-1747321.5,-2977666.5,3577,6.563960755445843,50.691083735658204,41.17827188290969
2017-11-07,1311,2017-11-07,8.5,50.15,39.85,7.85,-1747321.5,-2977666.5,3577,5.918942581325598,50.69179085447678,41.8413911681651
2017-11-15,1312,2017-11-15,2.25,56.75,39.5,7.5,-1747320.0,-2977725.0,3577,5.61022573917227,50.35776230992197,42.445488103221706
2017-11-16,1313,2017-11-16,4.8,55.9,37.65,7.1,-1747321.5,-2977666.5,3577,5.530097353625939,50.86866750379922,41.98271341660808
2017-11-23,1314,2017-11-23,7.35,43.75,47.2,7.75,-1747321.5,-2977666.5,3577,5.192863778014226,50.75454006049819,42.43837354991757
2017-12-02,1315,2017-12-02,5.5,46.0,46.95,6.95,-1747321.5,-2977666.5,3577,5.353998093673406,50.52963279079458,42.567506915559605
2017-12-09,1316,2017-12-09,5.4,52.5,40.4,7.95,-1747321.5,-2977666.5,3577,5.016349297284484,50.035192445080185,43.39856484310468
2017-12-10,1317,2017-12-10,3.44444444444444,55.8888888888889,39.3333333333333,7.11111111111111,-1747328.33333333,-2977628.33333333,3577,5.130689459877461,49.157951817937104,44.14361422493651
2017-12-25,1318,2017-12-25,5.8,46.4,46.3,7.8,-1747321.5,-2977666.5,3577,5.012330237256419,49.72448446462836,43.712156823879276
2017-12-26,1319,2017-12-26,3.84615384615385,47.9230769230769,46.7692307692308,7.07692307692308,-1747321.15384615,-2977690.38461538,3577,4.258688740661086,51.695451166707144,42.54832968888061
2018-01-02,1320,2018-01-02,4.81818181818182,54.5454545454545,39.0,7.90909090909091,-1747318.63636364,-2977635.0,3577,3.8289677636605175,52.501258855137195,42.21202403613062
2018-01-03,1321,2018-01-03,3.3,51.3,43.7,7.0,-1747321.5,-2977666.5,3577,4.169645617395542,50.67009001123183,43.6597638132224
2018-01-10,1322,2018-01-10,4.95,50.95,42.75,7.35,-1747321.5,-2977666.5,3577,4.1425196041332235,50.56726160492859,43.82361950980015
2018-01-11,1323,2018-01-11,2.6,51.75,44.5,6.7,-1747321.5,-2977666.5,3577,3.817990132531986,50.948943512596074,43.74047703109922
2018-01-18,1324,2018-01-18,4.2,51.35,42.9,7.4,-1747321.5,-2977666.5,3577,3.6484374956624794,51.01650370744632,43.87311197970223
2018-01-19,1325,2018-01-19,3.65,45.45,49.15,6.75,-1747321.5,-2977666.5,3577,3.750126653531665,49.560588018784955,45.162575504983614
2018-01-26,1326,2018-01-26,5.5,49.75,43.1,7.5,-1747321.5,-2977666.5,3577,3.7344703284326184,48.64642772087866,46.02071705383712
2018-01-27,1327,2018-01-27,1.3,54.0,43.4,6.7,-1747321.5,-2977666.5,3577,3.5979533746352557,49.56434403952809,45.20776648802697
2018-02-04,1328,2018-02-04,3.8,46.3,48.0,6.7,-1747321.5,-2977666.5,3577,3.8216987184229314,49.76642997705477,44.76495770808284
2018-02-11,1329,2018-02-11,5.3,49.55,43.65,7.1,-1747321.5,-2977666.5,3577,3.91197636484363,49.77433485529532,44.741882152385486
2018-02-12,1330,2018-02-12,3.05,49.3,46.0,6.7,-1747321.5,-2977666.5,3577,3.7978770862503164,50.09960249135808,44.622506896714015
2018-02-19,1331,2018-02-19,4.35,51.4,43.0,7.2,-1747321.5,-2977666.5,3577,3.99248391334856,49.58295869031643,44.977364569593476
2018-02-20,1332,2018-02-20,3.75,51.55,43.35,6.7,-1747321.5,-2977666.5,3577,4.116684081764124,48.61907038699533,45.83308397646967
2018-02-27,1333,2018-02-27,5.55,44.6,48.25,6.95,-1747321.5,-2977666.5,3577,4.571426495941048,48.842164516265086,45.17672446503449
2018-02-28,1334,2018-02-28,2.31578947368421,48.6315789473684,47.7368421052632,6.47368421052632,-1747323.94736842,-2977669.73684211,3577,4.596995582223835,49.0030182055121,45.00431020827938
2018-03-07,1335,2018-03-07,5.8,49.5,43.2,7.3,-1747317.0,-2977632.0,3577,4.425332187772458,48.00001703526324,46.05223811547061
2018-03-08,1336,2018-03-08,4.5,47.0,46.95,6.7,-1747321.5,-2977666.5,3577,4.331430016943464,47.27299772900338,46.83166697242093
2018-03-15,1337,2018-03-15,4.65,50.25,43.5,6.95,-1747321.5,-2977666.5,3577,3.5816620726506203,48.97706009974302,45.88564359706741
2018-03-23,1338,2018-03-23,3.9,47.85,46.65,6.75,-1747321.5,-2977666.5,3577,3.867729215545161,48.99741257601043,45.56435668778967
2018-03-31,1339,2018-03-31,2.05,46.7,49.65,5.35,-1747321.5,-2977666.5,3577,3.871498112445881,48.669319591921095,45.90299085792126
2018-04-01,1340,2018-04-01,2.75,48.55,47.15,6.5,-1747321.5,-2977666.5,3577,4.375924832865682,47.75716803157022,46.318551637373126
2018-04-08,1341,2018-04-08,6.9,49.4,42.4,7.3,-1747317.0,-2977632.0,3577,4.585644166815063,46.50949440000399,47.374197889442556
2018-04-09,1342,2018-04-09,5.05,48.4,44.95,6.85,-1747321.5,-2977666.5,3577,5.179011236440802,44.74101950680229,48.554512979273525
2018-04-16,1343,2018-04-16,7.1,33.95,57.15,5.95,-1747321.5,-2977666.5,3577,4.913229340318389,43.97953950074036,49.60053800687734
2018-04-17,1344,2018-04-17,2.4,49.85,46.55,6.8,-1747321.5,-2977666.5,3577,4.8027441598641865,45.38563077788406,48.28566758318359
2018-04-25,1345,2018-04-25,5.7,42.25,50.3,7.35,-1747321.5,-2977666.5,3577,5.075889280996883,41.9956537270716,51.318806425764706
2018-05-03,1346,2018-05-03,3.0,42.2,53.25,5.85,-1747321.5,-2977666.5,3577,4.567753144687446,43.299271471556025,50.548067721744374
2018-05-10,1347,2018-05-10,3.75,50.0,44.85,6.85,-1747321.5,-2977666.5,3577,3.7655545692691765,45.686095174168855,49.01225724738924
2018-05-11,1348,2018-05-11,4.8,49.35,44.2,6.9,-1747321.5,-2977666.5,3577,3.791090952390694,48.9446957067627,45.8206185455343
2018-05-18,1349,2018-05-18,6.45,43.75,48.2,6.95,-1747321.5,-2977666.5,3577,3.044230227975902,52.34804065902355,43.20063110263703
2018-05-19,1350,2018-05-19,2.55,47.7,48.5,6.65,-1747321.5,-2977666.5,3577,3.9129706207099737,53.725578600957576,40.929078351982454
2018-05-26,1351,2018-05-26,0.0,78.25,20.75,4.75,-1747320.0,-2977725.0,3577,4.361622897225961,56.74059516334211,37.49603801770424
2018-06-03,1352,2018-06-03,6.35,44.95,47.0,7.3,-1747321.5,-2977666.5,3577,6.221520275389315,55.91338738659885,36.43107774577819
2018-06-11,1353,2018-06-11,9.5,56.55,32.5,9.2,-1747321.5,-2977666.5,3577,7.002527362869688,54.429734549146616,37.14349176013412
2018-06-12,1354,2018-06-12,9.05,51.45,37.9,8.25,-1747321.5,-2977666.5,3577,8.891636143196873,52.083121424022735,37.62615675908106
2018-06-19,1355,2018-06-19,14.65,46.55,37.35,8.9,-1747321.5,-2977666.5,3577,11.273183993038765,48.68662314324406,38.638190123971015
2018-06-20,1356,2018-06-20,8.90909090909091,47.7272727272727,42.2727272727273,7.36363636363636,-1747315.90909091,-2977697.72727273,3577,13.19178425008512,46.693812773203476,38.73924488120363
2018-06-27,1357,2018-06-27,15.25,43.7,39.75,7.9,-1747321.5,-2977666.5,3577,15.004728300124315,45.70713885044752,37.95964220130554
2018-06-28,1358,2018-06-28,15.15,49.05,34.35,7.95,-1747321.5,-2977666.5,3577,17.050926233909898,47.96659909186633,33.61314392052702
2018-07-05,1359,2018-07-05,24.45,46.3,27.85,10.0,-1747321.5,-2977666.5,3577,20.43796761920577,45.997568881997694,32.08918012749507
2018-07-06,1360,2018-07-06,21.4,49.6,27.4,9.3,-1747323.0,-2977632.0,3577,23.542275217039503,46.774485267047936,28.174025200801175
2018-07-14,1361,2018-07-14,25.6,44.65,28.1,7.5,-1747321.5,-2977666.5,3577,25.828071618779838,45.00443070860355,27.580534326350637
2018-07-21,1362,2018-07-21,30.85,36.4,31.1,9.4,-1747321.5,-2977666.5,3577,29.089389248518028,42.11195630993763,27.19344216154955
2018-07-22,1363,2018-07-22,28.2,45.8,24.5,9.75,-1747321.5,-2977666.5,3577,29.911819913827827,39.583094459713934,28.98237783887506
2018-07-29,1364,2018-07-29,29.55,37.35,31.85,9.1,-1747321.5,-2977666.5,3577,29.819464591131965,37.04093723613294,31.634349087440334
2018-07-30,1365,2018-07-30,27.75,33.5,37.1,8.65,-1747321.5,-2977666.5,3577,27.827893004823828,36.31867219467296,34.36019290306702
2018-08-06,1366,2018-08-06,28.5,33.65,36.25,9.25,-1747321.5,-2977666.5,3577,25.537415989579358,36.64689258109763,36.361434849974316
2018-08-07,1367,2018-08-07,25.0,39.7,33.95,8.65,-1747321.5,-2977666.5,3577,22.5374495473533,37.72054648137676,38.23408093453962
2018-08-15,1368,2018-08-15,13.5,40.5,44.5,17.0,-1747282.5,-2977702.5,3577,19.95943746655523,38.558411557477,39.90018108825562
2018-08-22,1369,2018-08-22,17.5,40.05,40.7,7.3,-1747321.5,-2977666.5,3577,18.087073916792576,39.868880500298694,40.44708403051452
2018-08-23,1370,2018-08-23,17.45,42.2,38.9,8.05,-1747321.5,-2977666.5,3577,16.14805813381424,42.49511726662795,39.841825202655166
2018-08-30,1371,2018-08-30,17.85,41.2,39.35,6.35,-1747321.5,-2977666.5,3577,15.527309687214489,41.98414603971253,40.96568044957526
2018-09-07,1372,2018-09-07,16.2,40.4,41.7,7.85,-1747321.5,-2977666.5,3577,15.208475116212785,41.859870779369174,41.36926355377751
2018-09-08,1373,2018-09-08,12.2857142857143,44.8571428571429,41.5714285714286,7.57142857142857,-1747313.57142857,-2977712.14285714,3577,15.224841567099357,41.63718680699483,41.571013970543376
2018-09-15,1374,2018-09-15,14.7,42.65,41.25,7.75,-1747321.5,-2977666.5,3577,14.668202540491373,42.10032305155516,41.67622300299697
2018-09-16,1375,2018-09-16,13.15,39.85,45.2,7.3,-1747321.5,-2977666.5,3577,12.366287582384807,43.52727535621623,42.53352344249542
2018-09-23,1376,2018-09-23,13.0,42.45,42.6,7.65,-1747321.5,-2977666.5,3577,11.637275263434516,43.77909613605554,42.960268987971546
2018-09-24,1377,2018-09-24,9.6,49.9,39.25,7.4,-1747321.5,-2977666.5,3577,10.884270218943517,45.057513075153395,42.41896586385117
2018-10-02,1378,2018-10-02,9.95,43.4,44.95,6.75,-1747321.5,-2977666.5,3577,9.878831694619691,46.294154916284214,42.176325841335014
2018-10-17,1379,2018-10-17,8.55,48.55,41.25,7.65,-1747321.5,-2977666.5,3577,8.97031235018717,46.82033647466384,42.53675689634806
2018-10-18,1380,2018-10-18,7.35,47.45,43.55,6.65,-1747321.5,-2977666.5,3577,8.035355975292855,46.928261521752965,43.40090636916614
2018-10-25,1381,2018-10-25,10.4,43.05,44.85,7.5,-1747321.5,-2977666.5,3577,7.759221892657266,46.81162939227255,43.83616770226023
2018-10-26,1382,2018-10-26,5.1,52.0,41.35,6.7,-1747321.5,-2977666.5,3577,7.03666240879758,46.92991729631895,44.44349520447928
2018-11-19,1383,2018-11-19,6.55,43.4,48.5,5.75,-1747321.5,-2977666.5,3577,6.677491394053864,46.72369936564285,45.01953495420315
2018-11-26,1384,2018-11-26,8.05,44.7,45.6,7.0,-1747321.5,-2977666.5,3577,6.699105847711658,46.62119660524537,45.15342072787219
2018-11-27,1385,2018-11-27,5.15,49.25,44.25,6.65,-1747321.5,-2977666.5,3577,6.271206347830798,46.311088137861404,45.85575353438445
2018-12-04,1386,2018-12-04,5.5,49.7,43.3,6.85,-1747321.5,-2977666.5,3577,6.008884149904924,46.833391067130194,45.571976011597684
2018-12-05,1387,2018-12-05,6.1,43.5,48.6,6.4,-1747321.5,-2977666.5,3577,5.89880599276796,46.3929268873472,46.121788737571315
2018-12-12,1388,2018-12-12,7.8,43.1,47.4,6.95,-1747321.5,-2977666.5,3577,5.78861958474875,46.31571802809501,46.27946589014009
2018-12-13,1389,2018-12-13,4.65,50.15,43.6,6.55,-1747321.5,-2977666.5,3577,4.925497412803178,47.783960466770665,45.62774686613014
2018-12-20,1390,2018-12-20,2.5,49.5,46.5,6.25,-1747320.0,-2977725.0,3577,5.439550542336107,46.65840568099932,46.27966074172813
2018-12-28,1391,2018-12-28,7.8,45.0,45.6,7.2,-1747321.5,-2977666.5,3577,5.442651930112417,48.10235337417281,44.87028188529066
2018-12-29,1392,2018-12-29,4.2,48.55,45.65,6.55,-1747321.5,-2977666.5,3577,5.321327588819054,49.06810279503044,44.04061464850281
2019-01-06,1393,2019-01-06,5.25,51.4,41.6,6.5,-1747321.5,-2977666.5,3577,5.642628114918294,48.560212388223704,44.21691744787059
2019-01-13,1394,2019-01-13,7.4,47.1,44.05,7.0,-1747321.5,-2977666.5,3577,5.596223126717646,48.35517872219936,44.43640152416579
2019-01-21,1395,2019-01-21,6.4,47.2,45.0,6.9,-1747321.5,-2977666.5,3577,5.792948537529716,48.297059906031016,44.28250665742264
2019-01-22,1396,2019-01-22,2.0,54.0,42.0,5.0,-1747365.0,-2977665.0,3577,5.054402563380137,49.617498755107434,43.6676373162376
2019-01-29,1397,2019-01-29,7.3,41.4,49.65,6.8,-1747321.5,-2977666.5,3577,4.6864275043834605,50.10002706271308,43.579618523884456
2019-02-06,1398,2019-02-06,3.9,53.05,41.65,6.85,-1747321.5,-2977666.5,3577,4.7726406720207635,50.01679187684631,43.618811838309966
2019-02-07,1399,2019-02-07,3.85,54.45,40.0,6.35,-1747321.5,-2977666.5,3577,5.00306025244031,49.10249843035487,44.29368247850559
2019-02-14,1400,2019-02-14,6.85,45.1,46.4,6.75,-1747321.5,-2977666.5,3577,5.558508519343602,47.60433003528267,45.206785165292345
2019-02-15,1401,2019-02-15,4.8,48.3,45.4,6.4,-1747321.5,-2977666.5,3577,6.264102924937902,45.865333737463104,46.30962350342463
2019-02-22,1402,2019-02-22,7.8,42.35,48.45,6.65,-1747321.5,-2977666.5,3577,6.112074303404659,45.42818852972974,46.94699387299305
2019-02-23,1403,2019-02-23,5.6,43.5,49.1,6.4,-1747321.5,-2977666.5,3577,5.790813108459302,45.7582851616839,46.83690200407767
2019-03-02,1404,2019-03-02,7.2,43.8,47.25,6.65,-1747321.5,-2977666.5,3577,5.714426595075896,46.54421507284589,46.10341748034558
2019-03-03,1405,2019-03-03,2.9,52.25,43.5,6.0,-1747321.5,-2977666.5,3577,5.581593019982279,46.772269371488385,46.02061638051663
2019-03-10,1406,2019-03-10,5.25,52.0,41.25,7.0,-1747321.5,-2977666.5,3577,5.110908802239309,49.34265698181369,43.92838157713662
2019-03-11,1407,2019-03-11,5.1,49.7,43.3,6.7,-1747321.5,-2977666.5,3577,5.288068587758199,49.6704193639104,43.48341704734243
2019-03-18,1408,2019-03-18,7.15,48.15,43.0,7.0,-1747321.5,-2977666.5,3577,5.563248825477096,51.28658446815576,41.619530624168355
2019-03-19,1409,2019-03-19,4.83333333333333,50.6666666666667,43.3333333333333,6.33333333333333,-1747320.0,-2977715.0,3577,5.649750301297443,52.71695822236832,40.12821270576087
2019-03-26,1410,2019-03-26,6.9,48.1,43.6,7.05,-1747321.5,-2977666.5,3577,5.516471454241527,54.01004243433778,38.93762042910067
2019-03-27,1411,2019-03-27,2.9,67.5,28.05,6.1,-1747321.5,-2977666.5,3577,5.547011193140394,53.97231375434903,38.99389248521792
2019-04-03,1412,2019-04-03,7.55,45.95,44.85,6.6,-1747321.5,-2977666.5,3577,4.888780156890881,54.189526366298466,39.47569803776645
2019-04-04,1413,2019-04-04,3.8,59.2,35.4,5.6,-1747335.0,-2977617.0,3577,4.695834506050523,52.377950377787755,41.475542878168255
2019-04-20,1414,2019-04-20,3.6,47.45,47.7,6.6,-1747321.5,-2977666.5,3577,5.373127800990776,48.96287319490922,44.146872632005355
2019-04-27,1415,2019-04-27,7.8,41.6,49.15,6.95,-1747321.5,-2977666.5,3577,6.145515526783958,45.38424697077269,46.95549409310318
2019-04-28,1416,2019-04-28,5.4,42.9,50.25,6.8,-1747321.5,-2977666.5,3577,6.5249918811828564,44.40869146332879,47.6283866288439
2019-05-05,1417,2019-05-05,6.25,45.75,46.3,7.05,-1747321.5,-2977666.5,3577,6.1765008984813985,43.22926237848192,49.10676135009767
2019-05-13,1418,2019-05-13,7.85,42.45,48.3,7.0,-1747321.5,-2977666.5,3577,5.5581274762380986,44.54831345124798,48.35703847235632
2019-05-21,1419,2019-05-21,6.95,47.6,43.85,7.05,-1747321.5,-2977666.5,3577,5.806138907531228,44.89170040485159,47.73701747168526
2019-05-29,1420,2019-05-29,2.15,50.1,46.3,5.05,-1747321.5,-2977666.5,3577,5.559579120569001,47.941484985595466,44.93327523868648
2019-05-30,1421,2019-05-30,5.65,47.7,45.05,6.9,-1747321.5,-2977666.5,3577,5.707563489141583,48.97731386260067,43.82108835436354
2019-06-06,1422,2019-06-06,7.5,40.85,50.0,7.05,-1747321.5,-2977666.5,3577,7.96069193963812,48.60664660416256,41.94978349822924
2019-06-14,1423,2019-06-14,14.3,54.45,30.05,9.35,-1747321.5,-2977666.5,3577,11.025936550547904,47.76308284078468,39.74121904926265
2019-06-15,1424,2019-06-15,13.95,50.95,33.65,8.85,-1747321.5,-2977666.5,3577,16.083747212537375,46.321540843050954,36.1444445647178
2019-06-22,1425,2019-06-22,18.35,42.3,37.9,8.2,-1747321.5,-2977666.5,3577,19.609722011731467,46.32744809369504,32.721657754005804
2019-07-01,1426,2019-07-01,25.5,42.45,30.7,9.2,-1747321.5,-2977666.5,3577,25.61359378495219,45.525991758492694,27.572380148227417
2019-07-08,1427,2019-07-08,31.8,40.2,26.55,10.45,-1747321.5,-2977666.5,3577,29.2188010132239,43.02620104353208,26.41812769273674
2019-07-09,1428,2019-07-09,29.15,44.25,25.4,9.55,-1747321.5,-2977666.5,3577,31.138469116018648,39.49278940872779,27.92292970187289
2019-07-16,1429,2019-07-16,30.9166666666667,41.9166666666667,25.8333333333333,9.83333333333333,-1747322.5,-2977637.5,3577,30.347615954732174,36.571747241401226,31.564875114560795
2019-07-17,1430,2019-07-17,27.9,37.1,33.35,8.9,-1747321.5,-2977666.5,3577,28.598469332520793,35.64312282144567,34.15604148173297
2019-07-24,1431,2019-07-24,35.0,23.0,40.0,9.0,-1747395.0,-2977635.0,3577,24.697488579528233,34.826805083456236,38.789838489677884
2019-07-25,1432,2019-07-25,8.1,36.6,53.5,24.0,-1747311.0,-2977674.0,3577,20.70772117459115,35.33029364855463,42.28463306558649
2019-08-01,1433,2019-08-01,18.55,41.2,38.95,7.9,-1747321.5,-2977666.5,3577,17.361593669485814,38.22141418951993,42.84825824329828
2019-08-02,1434,2019-08-02,16.95,41.75,39.8,7.95,-1747321.5,-2977666.5,3577,16.136512300906176,40.447284165776566,41.92803481347747
2019-08-09,1435,2019-08-09,17.65,42.25,38.55,8.15,-1747321.5,-2977666.5,3577,15.306409173899143,43.42503915072925,39.838600460421134
2019-08-10,1436,2019-08-10,12.6,49.4,37.0,7.8,-1747323.0,-2977719.0,3577,15.085735781244363,45.84231797613465,37.7403764965628
2019-08-17,1437,2019-08-17,16.05,46.15,36.45,8.3,-1747321.5,-2977666.5,3577,14.66214394480429,46.41330746136555,37.647937820687616
2019-08-18,1438,2019-08-18,15.6,41.35,41.55,7.85,-1747321.5,-2977666.5,3577,14.584297127019404,44.63813949208019,39.47534802658052
2019-08-25,1439,2019-08-25,14.7,40.8,42.95,8.05,-1747321.5,-2977666.5,3577,12.086596375758656,43.59075970468509,43.04063521617058
2019-08-26,1440,2019-08-26,6.33333333333333,50.6666666666667,42.0,7.0,-1747305.0,-2977725.0,3577,11.060391363021289,45.496958330620274,42.224216804860646
2019-09-02,1441,2019-09-02,8.75,45.625,44.75,9.625,-1747323.75,-2977623.75,3577,10.200411353351006,45.262919201534736,43.263777089776816
2019-09-03,1442,2019-09-03,11.05,42.6,44.75,7.55,-1747321.5,-2977666.5,3577,8.964381129704869,46.72072981197671,42.97933614372601
2019-09-10,1443,2019-09-10,10.8,46.0,41.7,7.55,-1747321.5,-2977666.5,3577,8.254076006551553,46.280481231867505,44.05681454767485
2019-09-11,1444,2019-09-11,7.45,50.9,40.3,7.45,-1747321.5,-2977666.5,3577,8.21531533481875,47.095367712775534,43.20607952418452
2019-09-19,1445,2019-09-19,4.1,53.35,40.9,5.15,-1747321.5,-2977666.5,3577,7.7672212720188725,46.80242494862539,43.81946907580928
2019-09-26,1446,2019-09-26,10.5,35.05,52.7,6.4,-1747321.5,-2977666.5,3577,7.0413879206438335,48.41106805989983,42.95211429436794
2019-09-27,1447,2019-09-27,4.0,55.4,39.2,8.0,-1747323.0,-2977719.0,3577,5.488420403125465,50.748247727497116,42.29178499518425
2019-10-04,1448,2019-10-04,8.05,45.85,44.7,6.95,-1747321.5,-2977666.5,3577,5.159538706906358,51.71772621082994,41.76830754384311
2019-10-12,1449,2019-10-12,2.0,63.5714285714286,33.2857142857143,19.7142857142857,-1747343.57142857,-2977677.85714286,3577,5.337467795361736,51.42350590585116,41.90336026202273
2019-10-13,1450,2019-10-13,5.6,45.55,47.3,6.6,-1747321.5,-2977666.5,3577,5.848783260082697,50.688440197565754,42.15784184854763
2019-10-20,1451,2019-10-20,6.66666666666667,54.3333333333333,38.0,7.0,-1747305.0,-2977605.0,3577,6.018841787726339,50.11294206308936,42.49970895976453
2019-10-21,1452,2019-10-21,6.25,43.2,48.85,6.6,-1747321.5,-2977666.5,3577,5.929642339084178,49.06181156304262,43.516849404459
2019-10-28,1453,2019-10-28,7.1,46.25,45.1,6.95,-1747321.5,-2977666.5,3577,6.2083894433730356,46.07919990225803,46.11528193168371
2019-11-06,1454,2019-11-06,5.65,44.55,48.1,6.7,-1747321.5,-2977666.5,3577,5.347581773699748,47.16927188581424,45.893689193808996
2019-11-13,1455,2019-11-13,5.2,49.4,43.7,7.0,-1747321.5,-2977666.5,3577,5.126752532577829,46.11345894465104,47.128949294436204
2019-11-14,1456,2019-11-14,2.65,50.3,45.45,6.5,-1747321.5,-2977666.5,3577,4.2405100387925465,47.95984297154423,46.24874759351974
2019-11-21,1457,2019-11-21,3.36363636363636,46.4545454545455,48.9090909090909,6.63636363636364,-1747324.09090909,-2977697.72727273,3577,3.858652689837027,46.645870294442005,47.957968117811774
2019-11-22,1458,2019-11-22,4.7,44.8,49.0,6.4,-1747321.5,-2977666.5,3577,4.310650115434159,46.106842669473,48.08417795263403
2019-11-29,1459,2019-11-29,5.6,46.05,46.8,6.95,-1747321.5,-2977666.5,3577,4.674586432424178,44.87208081813378,48.8814464876452
2019-11-30,1460,2019-11-30,5.13333333333333,41.8,51.3333333333333,6.13333333333333,-1747317.0,-2977683.0,3577,4.9797748644068225,45.319519110210344,48.166952153758906
2019-12-07,1461,2019-12-07,4.05,49.6,45.05,6.9,-1747321.5,-2977666.5,3577,4.692610794777275,46.982029992704085,46.83163307280253
2019-12-08,1462,2019-12-08,4.3,44.65,49.2,6.35,-1747321.5,-2977666.5,3577,4.175270085950576,49.14934508215508,45.21372188182657
2019-12-15,1463,2019-12-15,5.55,52.4,40.75,7.0,-1747321.5,-2977666.5,3577,3.2989481622603627,50.47418974213886,44.76721441612413
2019-12-16,1464,2019-12-16,0.4,55.4666666666667,43.0,6.06666666666667,-1747317.0,-2977683.0,3577,3.1825034099023153,50.86158897860925,44.58907207343074
2019-12-23,1465,2019-12-23,3.15,48.95,46.65,6.7,-1747321.5,-2977666.5,3577,3.2835209681954005,49.41582411395915,45.926785598295766
2019-12-24,1466,2019-12-24,3.8,46.4,48.1,6.35,-1747321.5,-2977666.5,3577,4.1364128240446,46.26645749556904,48.1605446804495
2019-12-31,1467,2019-12-31,5.3,40.8,52.25,6.7,-1747321.5,-2977666.5,3577,4.464828775590695,43.6276712994181,50.377682086522526
2020-01-01,1468,2020-01-01,5.4,43.5,49.65,6.25,-1747321.5,-2977666.5,3577,4.750404402505696,43.32006059769793,50.38913861923538
2020-01-08,1469,2020-01-08,5.8,42.35,50.5,6.55,-1747321.5,-2977666.5,3577,4.910050752570793,43.055590816216615,50.434314561103506
2020-01-09,1470,2020-01-09,3.65,40.75,53.7,6.0,-1747321.5,-2977666.5,3577,4.836663890125772,44.3389357153019,49.2602364313143
2020-01-16,1471,2020-01-16,4.9,49.35,44.3,6.85,-1747321.5,-2977666.5,3577,4.319315489789018,45.916768346523575,48.26477037708189
2020-01-17,1472,2020-01-17,1.8,53.1,43.75,6.4,-1747321.5,-2977666.5,3577,4.098130621211319,47.33385124732795,47.09677588990067
2020-01-24,1473,2020-01-24,5.94736842105263,43.9473684210526,48.6842105263158,6.68421052631579,-1747323.94736842,-2977669.73684211,3577,4.295383897509701,45.7725256412087,48.42130964195583
2020-01-25,1474,2020-01-25,4.35,41.6,52.4,6.15,-1747321.5,-2977666.5,3577,4.55750947764893,44.69803103039359,49.25804480674203
2020-02-01,1475,2020-02-01,5.3,44.85,48.35,7.25,-1747321.5,-2977666.5,3577,4.753596920432612,46.03977111774615,47.73338700297413
2020-02-09,1476,2020-02-09,5.0,46.7,46.9,6.6,-1747321.5,-2977666.5,3577,4.798611539999123,45.835372457094465,47.85432809816159
2020-02-10,1477,2020-02-10,3.8,44.65,49.95,6.1,-1747321.5,-2977666.5,3577,4.563956985656645,45.688633856767,48.18422038283629
2020-02-17,1478,2020-02-17,5.6,43.9,49.0,6.75,-1747321.5,-2977666.5,3577,4.715172529115934,46.711152091343095,47.045049839078985
2020-02-26,1479,2020-02-26,3.0,59.8,35.75,8.3,-1747321.5,-2977666.5,3577,4.443225688275538,48.04273531177246,46.07903630506006
2020-03-04,1480,2020-03-04,5.05,43.6,49.7,6.8,-1747321.5,-2977666.5,3577,4.855465700992106,47.21008909616645,46.489057601996734
2020-03-05,1481,2020-03-05,5.0,37.0,56.6666666666667,5.66666666666667,-1747305.0,-2977725.0,3577,4.70257393535187,46.628339810337486,47.18187600582407
2020-03-12,1482,2020-03-12,5.375,49.875,43.5,7.125,-1747323.75,-2977623.75,3577,4.676245967653937,44.78054894021717,49.08117950160562
2020-03-20,1483,2020-03-20,4.45,47.25,46.75,6.45,-1747321.5,-2977666.5,3577,4.141315302344095,44.567137467788704,49.865136991484036
2020-03-28,1484,2020-03-28,2.65,46.1,49.75,6.5,-1747321.5,-2977666.5,3577,3.331541716796637,44.83647548271492,50.36114186380462
2020-03-29,1485,2020-03-29,3.4,42.2,52.6,5.5,-1747321.5,-2977666.5,3577,3.1574661793310335,46.71874019942208,48.63889991586633
2020-04-06,1486,2020-04-06,2.0,47.45,49.4,6.2,-1747321.5,-2977666.5,3577,2.6238177457213787,49.544023546105926,46.367468135572665
2020-04-13,1487,2020-04-13,2.95,47.15,48.5,6.6,-1747321.5,-2977666.5,3577,2.930069195509934,48.09686339201875,47.45174669241298
2020-04-14,1488,2020-04-14,2.5625,56.8125,38.9375,10.4375,-1747321.875,-2977672.5,3577,3.1395097549504616,46.43419803879635,48.87744527143951
2020-04-21,1489,2020-04-21,4.85,43.05,50.45,6.65,-1747321.5,-2977666.5,3577,3.6724407558380383,45.88916025923854,48.870789465944696
2020-04-29,1490,2020-04-29,4.8,43.0,50.8,6.0,-1747321.5,-2977666.5,3577,3.9508265728074052,44.38781388889084,50.0725780411464
2020-04-30,1491,2020-04-30,2.71428571428571,37.6428571428571,57.9285714285714,5.64285714285714,-1747320.0,-2977671.42857143,3577,4.321395052315458,42.282957483686445,51.78946761442117
2020-05-07,1492,2020-05-07,5.0,40.7,52.45,6.65,-1747321.5,-2977666.5,3577,4.354239452497315,41.03738169724399,53.022777493396504
2020-05-08,1493,2020-05-08,3.45,44.4,50.8,6.35,-1747321.5,-2977666.5,3577,4.400894500235948,40.81035469947398,53.2190699006796
2020-05-15,1494,2020-05-15,5.42857142857143,41.7857142857143,51.3571428571429,6.71428571428571,-1747324.28571429,-2977686.42857143,3577,4.459791910874836,40.81937984615392,53.10580889697744
2020-05-16,1495,2020-05-16,3.9,42.45,52.0,6.35,-1747321.5,-2977666.5,3577,4.004662172192534,42.55869575470333,51.802012267910115
2020-05-23,1496,2020-05-23,4.6,40.9,52.7,6.6,-1747321.5,-2977666.5,3577,4.140134633168071,42.20567528446155,51.9799596688064
2020-06-01,1497,2020-06-01,2.75,43.45,52.1,13.0,-1747321.5,-2977666.5,3577,3.8407787259174713,41.94205840598403,52.53553567175074
2020-06-08,1498,2020-06-08,4.9,38.85,54.35,6.65,-1747321.5,-2977666.5,3577,3.405973774904244,41.8525000313774,53.08251489904311
2020-06-09,1499,2020-06-09,1.95,44.8,52.0,6.45,-1747321.5,-2977666.5,3577,3.545218058211519,43.51070578482968,51.35275513049285
2020-06-17,1500,2020-06-17,3.5,46.3,48.65,6.65,-1747321.5,-2977666.5,3577,3.7132119019201433,46.09949284006143,48.72016683916338
2020-06-24,1501,2020-06-24,5.4,43.15,49.8,7.2,-1747321.5,-2977666.5,3577,3.846477716418864,45.3067776786977,49.36751774904379
2020-06-25,1502,2020-06-25,2.6,47.5,48.7,6.9,-1747321.5,-2977666.5,3577,3.833060265175882,44.24223064314373,50.40856843938406
2020-07-02,1503,2020-07-02,5.25,49.25,44.05,7.5,-1747321.5,-2977666.5,3577,4.002679081980979,45.21455082887662,49.25274033923816
2020-07-03,1504,2020-07-03,4.5,43.7,49.95,6.95,-1747321.5,-2977666.5,3577,4.675447553720394,45.59806109933821,48.15972226643515
2020-07-10,1505,2020-07-10,3.76470588235294,39.5294117647059,54.9411764705882,10.9411764705882,-1747313.82352941,-2977673.82352941,3577,4.892881230951888,46.50335214775424,47.00736615414477
2020-07-11,1506,2020-07-11,4.45,41.7,52.25,6.75,-1747321.5,-2977666.5,3577,4.711843665348697,47.70243443498058,45.98160085224595
2020-07-18,1507,2020-07-18,7.9,60.2,30.7,10.0,-1747321.5,-2977666.5,3577,5.811670400259952,47.69577579585973,44.85519330423049
2020-07-19,1508,2020-07-19,7.75,51.5,39.1,8.35,-1747321.5,-2977666.5,3577,7.865801285764597,46.995230275090314,43.5131160589482
2020-07-26,1509,2020-07-26,8.75,38.1,51.3,7.15,-1747321.5,-2977666.5,3577,9.608013239718234,46.59436114785992,42.24843590209923
2020-08-04,1510,2020-08-04,8.45,45.6,44.35,6.95,-1747321.5,-2977666.5,3577,12.457615099340611,42.57101079579045,43.366257435873976
2020-08-27,1511,2020-08-27,17.55,34.8,45.95,7.65,-1747321.5,-2977666.5,3577,14.42004733110418,38.475949519424006,45.43609377327511
2020-09-04,1512,2020-09-04,18.15,37.75,42.75,7.65,-1747321.5,-2977666.5,3577,15.768142179253463,34.87482925014729,47.68758738074179
2020-09-05,1513,2020-09-05,15.3,36.75,46.25,7.15,-1747321.5,-2977666.5,3577,16.183726644869736,34.92376539868278,47.29321375218501
2020-09-12,1514,2020-09-12,14.65,32.3,51.35,7.15,-1747321.5,-2977666.5,3577,15.545910822920884,38.57757582973724,44.365594622089546
2020-09-13,1515,2020-09-13,15.875,34.25,48.25,6.75,-1747320.0,-2977710.0,3577,14.619033211368489,37.47158739093163,46.39694083006083
2020-09-20,1516,2020-09-20,10.0,51.0,37.8,8.15,-1747321.5,-2977666.5,3577,12.668366385934153,37.90920782003806,47.904133018676944
2020-09-21,1517,2020-09-21,11.8,39.35,47.35,6.75,-1747321.5,-2977666.5,3577,10.52416051440662,41.514493710617536,46.483308796459745
2020-09-29,1518,2020-09-29,9.0,42.85,46.65,6.65,-1747321.5,-2977666.5,3577,9.248503431551585,44.262211782019406,45.01157310181405
2020-10-07,1519,2020-10-07,9.5,36.9,52.0,6.5,-1747321.5,-2977666.5,3577,8.528104996137778,46.14606183289705,43.87460867305413
2020-10-14,1520,2020-10-14,8.85,44.2,45.5,6.95,-1747321.5,-2977666.5,3577,7.4477077875673565,47.37853926258792,43.70346294571648
2020-10-15,1521,2020-10-15,2.8,65.75,30.0,9.05,-1747321.5,-2977666.5,3577,6.848568923335701,47.713372231476555,43.937629089170514
2020-10-22,1522,2020-10-22,7.7,45.3,45.5,6.95,-1747321.5,-2977666.5,3577,6.625860955349129,47.45900214336037,44.36119855376159
2020-10-23,1523,2020-10-23,7.2,41.25,49.95,6.3,-1747321.5,-2977666.5,3577,6.088872891813157,47.88111346856762,44.462435861345625
2020-10-30,1524,2020-10-30,7.55,42.7,48.25,6.75,-1747321.5,-2977666.5,3577,5.875624066335262,46.082966723671916,46.45459091990905
2020-11-07,1525,2020-11-07,2.83333333333333,49.5,46.0,6.66666666666667,-1747330.0,-2977715.0,3577,5.374167370296597,45.318739310218604,47.69009504426748
2020-11-15,1526,2020-11-15,6.55,42.15,49.5,6.75,-1747321.5,-2977666.5,3577,5.520799324513669,43.58339972720126,49.292451665973715
2020-11-16,1527,2020-11-16,4.95,42.8,50.7,6.25,-1747321.5,-2977666.5,3577,5.29015241724141,43.124142111751766,50.01127974192242
2020-11-23,1528,2020-11-23,4.45,47.65,46.55,6.85,-1747321.5,-2977666.5,3577,4.6254642158660015,44.647910757966,49.175994284346075
2020-11-24,1529,2020-11-24,4.35,44.45,49.7,6.15,-1747321.5,-2977666.5,3577,4.854965828804112,43.125770565856996,50.47046482928082
2020-12-01,1530,2020-12-01,6.4,39.55,52.35,6.65,-1747321.5,-2977666.5,3577,5.1380945679699614,41.594062439102665,51.732372426327544
2020-12-02,1531,2020-12-02,5.55,36.9,56.1,5.85,-1747321.5,-2977666.5,3577,5.104753657074876,40.852924938832146,52.498142414852836
2020-12-10,1532,2020-12-10,3.3,42.15,52.8,5.35,-1747321.5,-2977666.5,3577,4.939888645925059,40.53698752227558,52.91215116152405
2020-12-17,1533,2020-12-17,5.4,44.8,48.25,6.7,-1747321.5,-2977666.5,3577,5.181417653553102,40.83055922405157,52.338764640924
2020-12-18,1534,2020-12-18,5.05,40.45,52.9,6.05,-1747321.5,-2977666.5,3577,4.752080581956031,41.470842624861184,52.17591959123688
2020-12-25,1535,2020-12-25,5.08333333333333,39.8333333333333,53.5,5.91666666666667,-1747320.0,-2977695.0,3577,4.23120881955958,45.369353453557196,48.84157321006437
2020-12-26,1536,2020-12-26,3.5,45.45,49.3,5.95,-1747321.5,-2977666.5,3577,4.39622529173547,41.64253393664536,52.31818831322694
2021-01-02,1537,2021-01-02,4.95,45.3,48.2,6.6,-1747321.5,-2977666.5,3577,4.159319589079028,41.886419926816146,52.231080452047884
2021-01-03,1538,2021-01-03,2.15,47.45,48.85,5.9,-1747321.5,-2977666.5,3577,3.4930292746463993,44.780711136122406,50.032692307684826
2021-01-11,1539,2021-01-11,4.05,40.35,53.75,6.2,-1747321.5,-2977666.5,3577,3.2969356881503664,47.91515837103357,47.048843339316186
2021-01-26,1540,2021-01-26,5.0,47.0,46.0,6.0,-1747275.0,-2977605.0,3577,3.8284062527924396,50.87554659755615,43.588350345369314
2021-01-27,1541,2021-01-27,4.45,40.9,52.95,6.15,-1747321.5,-2977666.5,3577,5.081374276869469,51.39563468601757,41.8651669894701
2021-02-03,1542,2021-02-03,2.4375,84.75,11.625,7.1875,-1747331.25,-2977666.875,3577,5.939064849771869,50.91661268000111,41.551155328352024
2021-02-11,1543,2021-02-11,9.3,38.7,50.45,6.75,-1747321.5,-2977666.5,3577,6.75597431761596,49.85950756395356,41.83975898079226
2021-02-19,1544,2021-02-19,9.85,37.95,50.4,6.95,-1747321.5,-2977666.5,3577,7.593921796230735,47.140531794942476,43.75026388233641
2021-02-20,1545,2021-02-20,7.92307692307692,44.5384615384615,46.2307692307692,6.76923076923077,-1747325.76923077,-2977641.92307692,3577,8.237804726232287,44.20075883867793,46.052680833091905
2021-02-27,1546,2021-02-27,9.06666666666667,38.8666666666667,50.4666666666667,6.46666666666667,-1747323.0,-2977683.0,3577,9.698364322228676,40.44901289073107,48.32016490494573
2021-02-28,1547,2021-02-28,7.8,43.2,47.35,6.1,-1747321.5,-2977666.5,3577,11.097383347182237,39.27289098136333,47.98096070991877
2021-03-07,1548,2021-03-07,14.0,40.6,43.75,7.45,-1747321.5,-2977666.5,3577,12.515582797767163,38.92895761061409,46.92399031070633
2021-03-08,1549,2021-03-08,14.1,40.65,43.65,6.95,-1747321.5,-2977666.5,3577,14.134182665589819,42.529965731650265,41.771095529454385
2021-03-15,1550,2021-03-15,16.55,41.95,40.05,7.7,-1747321.5,-2977666.5,3577,14.942868931494942,40.506931054174345,42.95759230052468
2021-03-16,1551,2021-03-16,16.05,38.55,43.7,7.0,-1747321.5,-2977666.5,3577,15.281939422804012,39.517892788320324,43.61323691787436
2021-03-23,1552,2021-03-23,14.25,39.5,44.55,7.2,-1747321.5,-2977666.5,3577,14.599605605950174,39.648347730694745,44.193055345061126
2021-03-31,1553,2021-03-31,14.65,36.35,47.85,6.8,-1747321.5,-2977666.5,3577,14.314061789601448,39.28584836215828,44.8587867241051
2021-04-01,1554,2021-04-01,11.9,42.1,44.2,6.9,-1747321.5,-2977666.5,3577,14.154878867260656,39.701385611286796,44.620788499419604
2021-04-08,1555,2021-04-08,11.7,42.0,44.7,7.05,-1747321.5,-2977666.5,3577,15.024119018234423,38.59832716302728,44.844003622789494
2021-04-16,1556,2021-04-16,20.3,32.15,46.1,7.15,-1747321.5,-2977666.5,3577,15.89742916182307,37.113436580613694,45.40109345418264
2021-04-17,1557,2021-04-17,15.4,42.2,40.75,8.75,-1747321.5,-2977666.5,3577,15.616415524617523,37.71186357501583,45.05685480669328
2021-04-24,1558,2021-04-24,18.0,35.15,45.4,7.25,-1747321.5,-2977666.5,3577,15.532636919321902,36.08753094170512,46.70015082955562
2021-05-03,1559,2021-05-03,13.9,34.6,49.6,7.75,-1747321.5,-2977666.5,3577,14.442076155696288,36.93280049842966,46.93785653630154
2021-05-10,1560,2021-05-10,13.65,36.9,47.7,6.5,-1747321.5,-2977666.5,3577,14.458070824941734,39.27971234131638,44.65210403630789
2021-05-19,1561,2021-05-19,13.25,45.15,40.05,7.25,-1747321.5,-2977666.5,3577,15.443281950245595,43.15856047976146,39.83585052717585
2021-05-27,1562,2021-05-27,15.7777777777778,46.1111111111111,36.7777777777778,7.66666666666667,-1747328.33333333,-2977628.33333333,3577,18.153520438966652,44.792767157156746,35.55237839215637
2021-06-04,1563,2021-06-04,26.45,38.85,33.2,9.2,-1747321.5,-2977666.5,3577,22.717364141955542,43.99759848600932,31.867287220150793
2021-06-11,1564,2021-06-11,25.2,55.35,18.15,10.75,-1747321.5,-2977666.5,3577,26.879593774763684,42.71698452096648,29.00093804695448
2021-06-19,1565,2021-06-19,35.9,36.95,25.75,9.85,-1747321.5,-2977666.5,3577,32.18216744302587,39.92396474303545,26.458385360967462
2021-06-20,1566,2021-06-20,33.45,32.2,32.8,8.75,-1747321.5,-2977666.5,3577,35.35066221946043,36.97208774348999,26.164846587270283
2021-06-27,1567,2021-06-27,35.9,30.6,31.75,8.6,-1747321.5,-2977666.5,3577,37.39560965046656,35.84506389318275,25.20607688310826
2021-07-05,1568,2021-07-05,37.7,38.3,22.6,10.5,-1747321.5,-2977666.5,3577,37.40045083510196,36.1764416836547,24.860976482698398
2021-07-13,1569,2021-07-13,38.95,39.2,20.15,10.55,-1747321.5,-2977666.5,3577,36.860638035546025,36.30278257086708,25.251558840542003
2021-07-22,1570,2021-07-22,37.2941176470588,42.0588235294118,19.1764705882353,10.5294117647059,-1747327.94117647,-2977672.05882353,3577,36.44654374945216,37.6855107972053,24.29547643379584
2021-07-30,1571,2021-07-30,31.0,37.7272727272727,29.9090909090909,23.3636363636364,-1747302.27272727,-2977670.45454545,3577,34.7693190346298,41.45265352269336,22.278088048270646
2021-08-06,1572,2021-08-06,35.0,41.15,22.2,10.4,-1747321.5,-2977666.5,3577,33.924238846196985,40.74220528647082,23.867051598751154
2021-08-14,1573,2021-08-14,31.0,36.85,30.65,9.55,-1747321.5,-2977666.5,3577,31.968609354581623,40.18664476282376,26.41755396967665
2021-08-15,1574,2021-08-15,32.4285714285714,42.2857142857143,23.8571428571429,9.71428571428571,-1747313.57142857,-2977712.14285714,3577,29.823328201569957,40.43805906928347,28.32144212139154
2021-08-22,1575,2021-08-22,27.45,45.4,25.95,9.7,-1747321.5,-2977666.5,3577,27.921258572055706,41.28637754523133,29.34257782828644
2021-08-23,1576,2021-08-23,25.25,38.5,34.7,8.65,-1747321.5,-2977666.5,3577,25.340391851815852,44.13218779034911,29.05287439749764
2021-08-30,1577,2021-08-30,23.6,40.35,34.5,8.2,-1747321.5,-2977666.5,3577,23.919712876811836,41.024571512982796,33.553828851893414
2021-08-31,1578,2021-08-31,19.6,48.65,30.25,8.3,-1747321.5,-2977666.5,3577,21.022174523100173,41.003066902131984,36.42080159262277
2021-09-08,1579,2021-09-08,18.45,43.95,35.85,7.9,-1747321.5,-2977666.5,3577,18.76844347602581,43.97838137094446,35.65035227929432
2021-09-15,1580,2021-09-15,18.65,42.15,37.65,7.0,-1747321.5,-2977666.5,3577,16.161384435995025,47.48429295162332,34.800016701559485
2021-09-23,1581,2021-09-23,15.0,46.75,37.0,7.0,-1747320.0,-2977725.0,3577,14.719448044213648,51.74371979928483,32.075010026088826
2021-09-24,1582,2021-09-24,15.55,44.3,38.45,7.55,-1747321.5,-2977666.5,3577,13.4535592890062,54.185867486478585,30.95841398023598
2021-10-02,1583,2021-10-02,4.6,85.6,8.6,12.0,-1747299.0,-2977653.0,3577,12.508310420228064,55.35946329211755,30.795266188914844
2021-10-09,1584,2021-10-09,14.6666666666667,49.5,34.6666666666667,8.16666666666667,-1747315.0,-2977620.0,3577,11.489610621574856,56.582391189813066,30.61062707931447
2021-10-10,1585,2021-10-10,12.95,48.25,37.45,7.45,-1747321.5,-2977666.5,3577,11.039232284741477,56.73875562001649,30.902627970580028
2021-10-17,1586,2021-10-17,12.6,50.3,35.6,7.75,-1747321.5,-2977666.5,3577,10.732851436487609,55.05615298013856,32.85402612093299
2021-10-18,1587,2021-10-18,9.08333333333333,53.0833333333333,36.4166666666667,6.66666666666667,-1747320.0,-2977695.0,3577,10.893819415876614,51.9678336111695,35.78402929629178
2021-10-25,1588,2021-10-25,8.5,57.6666666666667,32.6666666666667,24.1666666666667,-1747345.0,-2977685.0,3577,10.676202667300142,49.68315471937021,38.24966216703263
2021-10-26,1589,2021-10-26,10.3,50.1,37.95,6.75,-1747321.5,-2977666.5,3577,10.11844595033298,49.560632401646664,38.87879365216247
2021-11-02,1590,2021-11-02,11.1,48.95,38.7,7.5,-1747321.5,-2977666.5,3577,8.220455627962137,54.18258062885736,36.17376657140049
2021-11-03,1591,2021-11-03,7.125,52.0,39.4375,6.875,-1747321.875,-2977651.875,3577,8.654264543504738,52.06977707534206,37.872380779689365
2021-11-11,1592,2021-11-11,9.45,49.9,39.15,6.75,-1747321.5,-2977666.5,3577,8.262098659852844,51.84187468877097,38.47958577799334
2021-11-19,1593,2021-11-19,6.4,56.7,35.4,6.7,-1747320.0,-2977701.0,3577,8.042541875048414,52.086254663801064,38.426465897357986
2021-11-26,1594,2021-11-26,6.75,54.75,37.25,6.25,-1747320.0,-2977725.0,3577,7.229086470803657,53.48246083121444,37.8791583674267
2021-11-27,1595,2021-11-27,8.2,50.65,39.6,6.7,-1747321.5,-2977666.5,3577,7.55752073004282,52.94211933576467,38.04811778777929
2021-12-04,1596,2021-12-04,9.3,50.9,38.4,7.1,-1747321.5,-2977666.5,3577,7.668122821449849,53.38402108726388,37.4460209681903
2021-12-05,1597,2021-12-05,5.45,55.8,37.15,6.5,-1747321.5,-2977666.5,3577,7.812330857995325,53.13821905647737,37.509799952364006
2021-12-12,1598,2021-12-12,8.7,52.0,37.75,7.1,-1747321.5,-2977666.5,3577,7.302619130094818,53.01804109202698,38.09955157071461
2021-12-13,1599,2021-12-13,7.25,52.5,38.65,6.6,-1747321.5,-2977666.5,3577,7.4913983848957155,51.94980623091301,38.95317608087924
2021-12-20,1600,2021-12-20,8.35,50.25,39.6,7.0,-1747321.5,-2977666.5,3577,6.838691030330875,52.34087445061895,39.24127281386757
2021-12-21,1601,2021-12-21,3.3,60.45,35.0,6.45,-1747321.5,-2977666.5,3577,6.7326766113133765,51.9273658230237,39.81515187598184
2021-12-28,1602,2021-12-28,8.85,41.95,47.5,5.9,-1747321.5,-2977666.5,3577,6.758548572169853,51.493137976566814,40.27002749571807
2021-12-29,1603,2021-12-29,6.75,52.9,39.1,6.4,-1747321.5,-2977666.5,3577,7.062649115589236,52.03098140249065,39.4502652146556
2022-01-05,1604,2022-01-05,7.9,51.95,38.6,6.95,-1747321.5,-2977666.5,3577,7.071051549069068,51.56218255428011,39.88128775248923
2022-01-06,1605,2022-01-06,5.8,55.4,37.35,6.5,-1747321.5,-2977666.5,3577,7.66765030634885,51.1325975881627,39.69318777197442
2022-01-13,1606,2022-01-13,9.1,49.85,39.45,6.95,-1747321.5,-2977666.5,3577,7.656328346574881,51.207042802391186,39.59671891575325
2022-01-14,1607,2022-01-14,6.9,51.85,39.7,6.5,-1747321.5,-2977666.5,3577,7.80367078741575,50.67543354477582,39.96571802809596
2022-01-21,1608,2022-01-21,8.2,49.1,41.0,6.95,-1747321.5,-2977666.5,3577,6.784144493276607,52.114895321389085,39.57495074584267
2022-01-22,1609,2022-01-22,6.2,49.1,43.35,6.35,-1747321.5,-2977666.5,3577,6.677334430274609,52.51916798371123,39.29606616293336
2022-01-29,1610,2022-01-29,6.3,59.45,32.85,6.75,-1747321.5,-2977666.5,3577,6.328937625840705,54.31078828291639,37.90737405009284
2022-01-30,1611,2022-01-30,5.9,53.15,39.5,6.35,-1747321.5,-2977666.5,3577,6.341895065414425,56.70594265504181,35.52326120427939
2022-02-06,1612,2022-02-06,7.0,56.65,34.9,6.6,-1747321.5,-2977666.5,3577,7.261181488333928,54.50807449697547,36.816363585416546
2022-02-15,1613,2022-02-15,6.0,60.8,31.7,6.55,-1747321.5,-2977666.5,3577,7.9932438077299555,53.379470156497334,37.17503046943395
2022-02-22,1614,2022-02-22,10.7,50.9,37.05,7.5,-1747321.5,-2977666.5,3577,7.913434698609256,54.07457314129243,36.52892145188084
2022-03-03,1615,2022-03-03,9.0,47.65,41.7,6.7,-1747321.5,-2977666.5,3577,8.406961741589877,55.69463674186936,34.39429103949624
2022-03-10,1616,2022-03-10,8.95,53.6,36.05,7.15,-1747321.5,-2977666.5,3577,8.174236098993571,54.940759386298424,35.36787680539656
2022-03-19,1617,2022-03-19,8.45,49.95,39.95,6.75,-1747321.5,-2977666.5,3577,8.460211751459804,54.25557313747178,35.73331325385062
2022-03-26,1618,2022-03-26,4.64705882352941,77.4117647058823,16.4705882352941,10.0588235294118,-1747322.64705882,-2977666.76470588,3577,9.293818046821574,54.26936181646715,34.90412257565259
2022-04-12,1619,2022-04-12,12.9,50.05,35.6,7.7,-1747321.5,-2977666.5,3577,11.253981913186205,55.44589875612539,31.804958017756032
2022-04-19,1620,2022-04-19,14.85,44.7,38.9,7.85,-1747321.5,-2977666.5,3577,13.321875147251045,54.69931661853991,30.50812015338057
2022-04-20,1621,2022-04-20,14.35,43.5,40.6,7.65,-1747321.5,-2977666.5,3577,15.369534720725285,53.8715724480623,29.369300962494535
2022-04-27,1622,2022-04-27,20.55,63.25,15.0,9.6,-1747321.5,-2977666.5,3577,18.608440123179648,50.749040847649184,29.2216409786572
2022-04-28,1623,2022-04-28,19.75,57.85,21.1,9.55,-1747321.5,-2977666.5,3577,20.373763339795623,50.45933260571006,27.751739570447867
2022-05-05,1624,2022-05-05,20.3,44.05,34.1,8.4,-1747321.5,-2977666.5,3577,21.03546685209092,50.26720365471208,27.29375358447979
2022-05-06,1625,2022-05-06,19.45,46.4,32.7,8.05,-1747321.5,-2977666.5,3577,21.51662834726618,51.232033042123724,25.87187499159431
2022-05-14,1626,2022-05-14,24.0,52.5,22.1,9.55,-1747321.5,-2977666.5,3577,21.68184488369923,47.36959737887822,29.516267581743044
2022-05-21,1627,2022-05-21,25.65,38.55,34.15,8.15,-1747321.5,-2977666.5,3577,21.391306371643736,43.5130842841304,33.60118426464674
2022-05-22,1628,2022-05-22,14.7777777777778,52.9444444444444,31.1111111111111,14.3888888888889,-1747325.0,-2977673.33333333,3577,21.434455293585224,42.116650910143065,34.921115898200455
2022-05-29,1629,2022-05-29,25.75,34.6,38.1,8.5,-1747321.5,-2977666.5,3577,22.843237567382765,43.911383662770284,31.697641213271147
2022-06-06,1630,2022-06-06,24.05,41.65,32.45,9.35,-1747321.5,-2977666.5,3577,24.34727171692753,44.239133415597394,29.81911241492839
2022-06-07,1631,2022-06-07,22.45,47.0,28.9,9.0,-1747321.5,-2977666.5,3577,26.13406559040844,43.41301855178915,28.85183803983682
2022-06-22,1632,2022-06-22,32.15,43.9,22.55,12.45,-1747321.5,-2977666.5,3577,28.50832918371192,42.83587686822341,27.081201512621618
2022-06-23,1633,2022-06-23,31.5,47.35,19.55,12.15,-1747321.5,-2977666.5,3577,31.279052732608427,43.461275231469976,23.7341183326442
2022-06-30,1634,2022-06-30,31.3,38.4,28.75,10.65,-1747321.5,-2977666.5,3577,31.814389910050792,41.31348511309194,25.366372885796345
2022-07-01,1635,2022-07-01,30.35,38.7,29.65,9.95,-1747321.5,-2977666.5,3577,30.173781275479556,40.99411890997966,27.409511102928057
2022-07-08,1636,2022-07-08,30.15,38.3,30.15,10.4,-1747321.5,-2977666.5,3577,29.397090216280873,38.42628872674739,30.72057957521894
2022-07-09,1637,2022-07-09,28.55,39.1,30.7,9.75,-1747321.5,-2977666.5,3577,27.243631600593474,38.07236409101165,33.1736089761582
2022-07-16,1638,2022-07-16,23.0,42.375,33.125,14.625,-1747357.5,-2977657.5,3577,25.415621684812933,39.167570741945696,33.887464006576586
2022-07-17,1639,2022-07-17,22.55,35.85,40.0,7.4,-1747321.5,-2977666.5,3577,25.372668817247067,41.22422600618579,31.852311697585574
2022-07-24,1640,2022-07-24,28.25,46.45,23.8,12.55,-1747321.5,-2977666.5,3577,25.443934817012327,44.98534807215901,27.99141080525704
2022-07-25,1641,2022-07-25,26.05,44.15,28.15,10.5,-1747321.5,-2977666.5,3577,25.826657349490382,44.24051690935093,28.31476094786329
2022-08-10,1642,2022-08-10,26.0,46.85,25.65,10.7,-1747321.5,-2977666.5,3577,26.140704040944556,45.2153782627603,27.075803335490512
2022-08-17,1643,2022-08-17,27.05,49.75,21.6,13.0,-1747321.5,-2977666.5,3577,26.32196484466744,46.5169477296302,25.64356673552559
2022-08-18,1644,2022-08-18,25.3,46.8,26.35,11.2,-1747321.5,-2977666.5,3577,25.399245890165993,47.876893792203575,25.221646017332322
2022-08-25,1645,2022-08-25,23.25,43.15,32.15,10.2,-1747321.5,-2977666.5,3577,23.633140209957595,49.01047717557904,25.866634029971365
2022-08-26,1646,2022-08-26,21.7,43.6,33.2,9.75,-1747321.5,-2977666.5,3577,21.908979524627213,49.11124817824427,27.48953265245016
2022-09-03,1647,2022-09-03,20.9473684210526,64.5789473684211,13.2631578947368,12.2631578947368,-1747317.63157895,-2977668.15789474,3577,20.94036430409752,50.32678981438211,27.277187550916558
2022-09-10,1648,2022-09-10,19.8,46.9,31.65,10.7,-1747321.5,-2977666.5,3577,19.581093014852506,50.09178250459888,28.877366335794473
2022-09-11,1649,2022-09-11,18.2,47.9,32.3,9.85,-1747321.5,-2977666.5,3577,19.015079632764582,49.34199063116364,30.195693438054896
2022-09-18,1650,2022-09-18,19.45,47.8,31.35,10.4,-1747321.5,-2977666.5,3577,18.629916612633394,48.88940326415561,31.0185857648904
2022-09-19,1651,2022-09-19,17.5,47.45,33.75,8.8,-1747321.5,-2977666.5,3577,18.148061967360213,48.13515715178676,32.245574248135824
2022-09-26,1652,2022-09-26,18.25,47.05,33.25,10.0,-1747321.5,-2977666.5,3577,17.50241462138708,47.03165107663345,34.00910076561353
2022-09-27,1653,2022-09-27,16.9,47.1,34.4,9.25,-1747321.5,-2977666.5,3577,16.915173013394377,47.71781291056283,33.91430142286732
2022-10-04,1654,2022-10-04,16.75,50.75,31.0,9.8,-1747321.5,-2977666.5,3577,16.25161485627268,49.89205637933099,32.370577201295845
2022-10-05,1655,2022-10-05,14.0,53.45,31.1,8.8,-1747321.5,-2977666.5,3577,15.658859252200564,49.68417155599076,33.102445387424964
2022-10-12,1656,2022-10-12,15.35,49.3,33.8,9.45,-1747321.5,-2977666.5,3577,14.33605626083007,52.23542475936188,31.86511774846804
2022-10-13,1657,2022-10-13,14.15,50.05,34.25,8.8,-1747321.5,-2977666.5,3577,14.444838521966885,51.369184677136914,32.62026857233311
2022-10-20,1658,2022-10-20,13.85,54.7,29.8,9.25,-1747321.5,-2977666.5,3577,13.558472568654675,53.069917364687015,31.868874737771712
2022-10-21,1659,2022-10-21,12.35,54.05,32.1,8.65,-1747321.5,-2977666.5,3577,12.733068308583766,55.92161872671058,29.874589814613046
2022-10-28,1660,2022-10-28,12.0666666666667,61.4,25.3333333333333,10.3333333333333,-1747333.0,-2977655.0,3577,11.602167562488471,58.50298977541056,28.486607732603137
2022-10-29,1661,2022-10-29,10.75,57.7,30.1,7.6,-1747321.5,-2977666.5,3577,10.910917785162535,60.81508390581948,26.943048869002137
2022-11-05,1662,2022-11-05,12.95,55.35,30.35,9.0,-1747321.5,-2977666.5,3577,10.11340368121218,61.79742653467491,26.794777407695012
2022-11-06,1663,2022-11-06,4.47368421052632,78.1578947368421,16.2631578947368,5.78947368421053,-1747317.63157895,-2977668.15789474,3577,10.005794707707832,61.40251877012406,27.298865150922328
2022-11-13,1664,2022-11-13,12.35,52.85,33.35,8.95,-1747321.5,-2977666.5,3577,10.53167318260855,58.53619875316898,29.6262253714955
2022-11-14,1665,2022-11-14,11.1,53.05,34.6,8.1,-1747321.5,-2977666.5,3577,10.670546701138228,56.85617485821133,31.118420710782033
2022-11-21,1666,2022-11-21,11.9,55.9,30.7,8.95,-1747321.5,-2977666.5,3577,10.769144548351019,55.64566660322713,32.201859199402044
2022-11-22,1667,2022-11-22,10.05,55.15,33.4,8.05,-1747321.5,-2977666.5,3577,10.493564314126541,56.244960864448956,31.851897182167804
2022-11-29,1668,2022-11-29,11.3,56.35,31.05,8.7,-1747321.5,-2977666.5,3577,10.307119432627099,56.66623358716369,31.628220036435938
2022-11-30,1669,2022-11-30,9.35,56.95,32.3,8.0,-1747321.5,-2977666.5,3577,9.948321313685641,58.79556000459472,29.905195358653494
2022-12-07,1670,2022-12-07,6.75,69.6,22.25,6.7,-1747321.5,-2977666.5,3577,9.159321540442871,62.21262712355965,27.36468582744856
2022-12-15,1671,2022-12-15,11.1,58.75,28.9,8.6,-1747321.5,-2977666.5,3577,9.57440732641828,61.02581242286213,28.09325921755842
2022-12-16,1672,2022-12-16,9.55,59.6,29.65,8.0,-1747321.5,-2977666.5,3577,9.89038623914637,60.30348459589044,28.50330598193949
2022-12-23,1673,2022-12-23,11.7,57.2,29.95,9.05,-1747321.5,-2977666.5,3577,10.224536144968052,58.58560155014388,29.853486760912638
2022-12-24,1674,2022-12-24,9.55,57.6,31.25,8.2,-1747321.5,-2977666.5,3577,10.503443460562634,56.365228734105756,31.768539046088478
2022-12-31,1675,2022-12-31,11.1,52.8,34.65,8.6,-1747321.5,-2977666.5,3577,10.506058801877664,54.56346316221662,33.53490549697479
2023-01-01,1676,2023-01-01,8.85,56.35,33.25,7.95,-1747321.5,-2977666.5,3577,10.187230725928893,53.80512459675742,34.58122929701361
2023-01-08,1677,2023-01-08,10.75,53.55,34.6,8.45,-1747321.5,-2977666.5,3577,9.503782285824208,55.27008919871871,33.80259152611589
2023-01-09,1678,2023-01-09,8.7,53.9,35.9,7.7,-1747321.5,-2977666.5,3577,9.478683236266958,54.91598865529933,34.194184762600706
2023-01-16,1679,2023-01-16,9.7,57.8,31.05,8.25,-1747321.5,-2977666.5,3577,9.050220831798427,56.02024183246256,33.5391835718411
2023-01-17,1680,2023-01-17,8.1,56.95,33.6,7.75,-1747321.5,-2977666.5,3577,8.82114139730107,57.076889519141055,32.751279525423236
2023-01-24,1681,2023-01-24,9.8,57.95,30.9,8.1,-1747321.5,-2977666.5,3577,8.845792133563029,57.69038937069123,32.115142829306905
2023-01-25,1682,2023-01-25,7.85,57.9,32.8,7.6,-1747321.5,-2977666.5,3577,8.992836699763942,57.9977338966503,31.641867931689905
2023-02-01,1683,2023-02-01,9.4,56.6,32.55,6.65,-1747321.5,-2977666.5,3577,9.241707127581735,57.91151898926665,31.442102629912213
2023-02-02,1684,2023-02-02,8.8,60.25,29.65,7.1,-1747321.5,-2977666.5,3577,9.55893627356475,57.37488460971431,31.613214503075177
2023-02-09,1685,2023-02-09,10.45,54.65,33.45,7.55,-1747321.5,-2977666.5,3577,9.898157819133042,56.361514788101445,32.23929091204632
2023-02-17,1686,2023-02-17,11.15,54.4,32.8,8.25,-1747321.5,-2977666.5,3577,10.20010627057839,54.87563762347039,33.39113899945943
2023-02-18,1687,2023-02-18,9.75,53.45,35.3,7.7,-1747321.5,-2977666.5,3577,10.392616959064304,52.95202528379767,35.12628568971447
