time,Unnamed: 0,time_ymd,pv,npv,bs,ue,x,y,spatial_ref,pv_filter,npv_filter,bs_filter
1987-09-06,1,1987-09-06,11.125,35.7083333333333,51.7083333333333,7.58333333333333,-1122852.5,-2762927.5,3577,9.643099271872508,35.12954004701297,53.830814270152445
1987-09-15,2,1987-09-15,10.0833333333333,35.7083333333333,52.7916666666667,7.45833333333333,-1122852.5,-2762927.5,3577,11.061035964093232,35.5087432633872,51.96147486772492
1987-09-22,3,1987-09-22,9.875,34.4583333333333,54.2916666666667,7.625,-1122852.5,-2762927.5,3577,11.69660549217436,34.89419631437817,51.918760025377765
1987-10-01,4,1987-10-01,11.0416666666667,31.625,55.7916666666667,7.375,-1122852.5,-2762927.5,3577,11.819678548432396,33.756246416695305,52.94325336972405
1987-10-08,5,1987-10-08,11.0833333333333,33.375,54.125,7.625,-1122852.5,-2762927.5,3577,11.656585606372737,32.497435681936444,54.39033182231718
1987-10-17,6,1987-10-17,12.3333333333333,31.0833333333333,55.0416666666667,7.29166666666667,-1122852.5,-2762927.5,3577,11.390116920689657,31.45250111658781,55.73016559965092
1987-10-24,7,1987-10-24,18.2083333333333,28.4166666666667,51.7916666666667,7.0,-1122852.5,-2762927.5,3577,11.15952252726632,30.888374622024024,56.547718213159385
1987-11-02,8,1987-11-02,8.5,35.125,55.0833333333333,7.45833333333333,-1122852.5,-2762927.5,3577,11.06051224317311,31.004182994503445,56.5427464692086
1987-11-09,9,1987-11-09,9.625,37.9166666666667,51.25,7.5,-1122852.5,-2762927.5,3577,10.60551628453945,30.719179710893407,57.28348650832313
1987-11-18,10,1987-11-18,10.7083333333333,34.0416666666667,53.8333333333333,7.5,-1122852.5,-2762927.5,3577,10.698243449015829,33.255566801614485,54.66990066176554
1987-11-25,11,1987-11-25,10.0833333333333,33.0833333333333,55.4583333333333,7.66666666666667,-1122852.5,-2762927.5,3577,10.910163494914176,37.45375432100881,50.24834917403824
1987-12-04,12,1987-12-04,10.7916666666667,30.0416666666667,57.5833333333333,7.54166666666667,-1122852.5,-2762927.5,3577,11.84156220456352,41.36072982744193,45.4030045032299
1987-12-11,13,1987-12-11,10.8333333333333,34.7916666666667,52.9166666666667,7.58333333333333,-1122852.5,-2762927.5,3577,12.714314194575444,43.304339236608314,42.524974380618175
1987-12-20,14,1987-12-20,22.8,75.8,0.0,3.0,-1122903.0,-2762961.0,3577,13.918661730424356,43.927766531707334,40.64572733767173
1987-12-27,15,1987-12-27,8.08333333333333,41.8333333333333,48.75,8.20833333333333,-1122852.5,-2762927.5,3577,12.731577504021432,44.90752848801712,40.883472435710914
1988-01-05,16,1988-01-05,10.5416666666667,35.75,52.125,7.5,-1122852.5,-2762927.5,3577,11.548610058670267,44.621344728536194,42.39904071675883
1988-01-12,17,1988-01-12,11.6666666666667,33.4583333333333,53.3333333333333,7.79166666666667,-1122852.5,-2762927.5,3577,10.26099558336248,42.197487497016795,46.063455765074266
1988-01-21,18,1988-01-21,7.75,39.375,51.375,8.58333333333333,-1122852.5,-2762927.5,3577,9.271601463550557,39.543645853624454,49.70367313284527
1988-01-28,19,1988-01-28,10.5,42.375,45.7916666666667,9.58333333333333,-1122852.5,-2762927.5,3577,9.754230444476688,36.33530855109258,52.421194259808715
1988-02-06,20,1988-02-06,8.45833333333333,40.125,50.0,8.04166666666667,-1122852.5,-2762927.5,3577,10.82549236109447,34.051248673921606,53.643799569875156
1988-02-13,21,1988-02-13,13.5416666666667,34.25,50.5833333333333,7.70833333333333,-1122852.5,-2762927.5,3577,12.528731588327254,36.53793110913308,49.49316215259749
1988-02-22,22,1988-02-22,14.1666666666667,33.0,51.2916666666667,7.79166666666667,-1122852.5,-2762927.5,3577,12.028985075809915,34.451404374773844,52.10005448626961
1988-02-29,23,1988-02-29,14.2916666666667,32.3333333333333,52.25,7.75,-1122852.5,-2762927.5,3577,12.65748608975975,34.06984527340056,51.84770454003425
1988-03-09,24,1988-03-09,12.5833333333333,28.9166666666667,57.0,7.54166666666667,-1122852.5,-2762927.5,3577,13.123516962911292,34.58512939588274,50.89311307886397
1988-04-01,25,1988-04-01,9.08333333333333,37.7916666666667,51.7083333333333,7.95833333333333,-1122852.5,-2762927.5,3577,13.26664086687109,36.50595109224595,48.85358436712195
1988-05-03,26,1988-05-03,13.9166666666667,47.3333333333333,37.4583333333333,11.0833333333333,-1122852.5,-2762927.5,3577,14.110682016639668,38.50320873656213,46.059961065759126
1988-05-19,27,1988-05-19,17.3333333333333,39.75,41.5,8.83333333333333,-1122852.5,-2762927.5,3577,14.545093044479831,39.51731463365224,44.60594466366163
1988-06-13,28,1988-06-13,17.0416666666667,36.4166666666667,45.2916666666667,8.625,-1122852.5,-2762927.5,3577,16.875503651470673,40.489418903560676,41.274607562058605
1988-06-20,29,1988-06-20,16.7916666666667,36.9166666666667,44.9583333333333,8.79166666666667,-1122852.5,-2762927.5,3577,17.788107871431773,39.78966801352961,41.06886569787211
1988-07-06,30,1988-07-06,17.7916666666667,37.7916666666667,43.0416666666667,8.54166666666667,-1122852.5,-2762927.5,3577,17.630496628457184,37.757735712492185,43.30683043125366
1988-07-15,31,1988-07-15,16.8333333333333,38.0416666666667,43.8333333333333,8.70833333333333,-1122852.5,-2762927.5,3577,16.36949943082581,35.622425100829446,46.72030782751937
1988-07-22,32,1988-07-22,15.5,37.7083333333333,45.4166666666667,8.58333333333333,-1122852.5,-2762927.5,3577,14.528268056150033,34.734855464176505,49.438726107408655
1988-07-31,33,1988-07-31,14.875,35.125,48.7916666666667,8.125,-1122852.5,-2762927.5,3577,13.382385653831427,35.00988230849612,50.30922177870263
1988-08-07,34,1988-08-07,6.47368421052632,27.2105263157895,65.0526315789474,4.15789473684211,-1122850.26315789,-2762928.15789474,3577,12.555799578997142,34.20479737523385,51.92158695412769
1988-08-16,35,1988-08-16,14.25,35.2916666666667,49.125,8.16666666666667,-1122852.5,-2762927.5,3577,11.932487770497236,33.19432286793694,53.543410835259635
1988-08-23,36,1988-08-23,12.875,34.875,50.7916666666667,8.25,-1122852.5,-2762927.5,3577,11.228048667695859,33.30863655924262,54.05135303156739
1988-09-01,37,1988-09-01,12.1666666666667,32.5833333333333,53.625,7.75,-1122852.5,-2762927.5,3577,11.931822170006818,31.421610693359284,55.12972439134644
1988-09-08,38,1988-09-08,11.5,34.4583333333333,52.7083333333333,8.0,-1122852.5,-2762927.5,3577,12.319948301655774,31.616822832803102,54.50668591632416
1988-09-17,39,1988-09-17,11.5416666666667,30.2083333333333,56.625,7.79166666666667,-1122852.5,-2762927.5,3577,12.240910486773906,32.79662493689621,53.39617306542529
1988-09-24,40,1988-09-24,11.25,31.0,56.0833333333333,7.83333333333333,-1122852.5,-2762927.5,3577,11.231777396958584,34.19565126768866,53.03601679500422
1988-10-10,41,1988-10-10,10.9583333333333,34.0,53.4583333333333,7.58333333333333,-1122852.5,-2762927.5,3577,9.75408342786579,35.31069256634965,53.43703064307165
1988-10-26,42,1988-10-26,12.2083333333333,34.2083333333333,52.2916666666667,7.625,-1122852.5,-2762927.5,3577,9.61108172482218,37.28169044577155,51.665878403416414
1988-11-11,43,1988-11-11,4.90909090909091,50.0,43.8181818181818,7.45454545454545,-1122890.45454545,-2762930.45454545,3577,9.537705176424538,36.816749298167935,52.224516922229355
1988-11-20,44,1988-11-20,9.04166666666667,33.75,55.6666666666667,7.625,-1122852.5,-2762927.5,3577,9.228468079437711,36.15782888421666,53.19867932282701
1988-12-06,45,1988-12-06,10.0,33.5833333333333,54.9583333333333,7.54166666666667,-1122852.5,-2762927.5,3577,9.176795668913641,36.28185823463919,53.143571996997764
1988-12-13,46,1988-12-13,12.2916666666667,31.625,54.7083333333333,7.625,-1122852.5,-2762927.5,3577,9.59407477314738,35.3963813534194,53.566586511800864
1988-12-22,47,1988-12-22,9.875,31.625,57.0416666666667,7.79166666666667,-1122852.5,-2762927.5,3577,10.787480063794256,33.92443998209745,53.82697269190274
1988-12-29,48,1988-12-29,11.1666666666667,35.5,51.7916666666667,8.375,-1122852.5,-2762927.5,3577,12.127904732005096,34.19224635013596,52.226995785424535
1989-01-07,49,1989-01-07,10.25,43.3333333333333,45.0416666666667,8.79166666666667,-1122852.5,-2762927.5,3577,12.820817727162567,35.476225399981686,50.28557123989812
1989-01-14,50,1989-01-14,14.9583333333333,35.0833333333333,48.5416666666667,8.04166666666667,-1122852.5,-2762927.5,3577,12.567904876339531,37.28564160297347,48.72246999645655
1989-01-23,51,1989-01-23,14.25,30.875,53.5,7.29166666666667,-1122852.5,-2762927.5,3577,12.680771756621244,36.25144605136322,49.63279045515148
1989-01-30,52,1989-01-30,13.125,35.4583333333333,50.0,7.79166666666667,-1122852.5,-2762927.5,3577,12.567150728526544,35.157504131570064,50.84974236289266
1989-02-15,53,1989-02-15,9.75,38.3333333333333,50.375,8.20833333333333,-1122852.5,-2762927.5,3577,12.237321115415249,32.612641357605504,53.70961430209854
1989-03-19,54,1989-03-19,10.3333333333333,28.1666666666667,60.0,7.625,-1122852.5,-2762927.5,3577,11.303727619128392,29.730307360333864,57.47904262918883
1989-03-28,55,1989-03-28,11.7083333333333,28.7083333333333,58.125,7.375,-1122852.5,-2762927.5,3577,10.310238007604877,29.77046122092116,58.39421092322696
1989-04-04,56,1989-04-04,9.04166666666667,32.3333333333333,57.2083333333333,7.45833333333333,-1122852.5,-2762927.5,3577,8.997135862072586,32.04681309402191,57.427397937451275
1989-04-29,57,1989-04-29,9.20833333333333,29.0833333333333,60.0416666666667,7.45833333333333,-1122852.5,-2762927.5,3577,7.778847055935666,33.580317644167096,57.12458233200414
1989-05-22,58,1989-05-22,6.875,33.4166666666667,58.125,7.79166666666667,-1122852.5,-2762927.5,3577,7.624855665489198,34.68926945087416,56.16719619389059
1989-05-31,59,1989-05-31,6.0,41.7083333333333,50.8333333333333,8.125,-1122852.5,-2762927.5,3577,6.786914452935115,36.63898240561778,55.05575732316396
1989-06-16,60,1989-06-16,4.79166666666667,43.9583333333333,49.7916666666667,9.83333333333333,-1122852.5,-2762927.5,3577,5.741320985515177,37.68454700613579,55.0330165190764
1989-06-23,61,1989-06-23,5.58333333333333,32.5,60.375,8.16666666666667,-1122852.5,-2762927.5,3577,5.137387509290763,36.49189200891442,56.81963328208609
1989-07-02,62,1989-07-02,7.41666666666667,30.5416666666667,60.4583333333333,7.5,-1122852.5,-2762927.5,3577,5.803318069958067,35.013900315365674,57.62417007656083
1989-07-09,63,1989-07-09,8.75,32.125,57.4583333333333,7.95833333333333,-1122852.5,-2762927.5,3577,6.501984599506851,33.33017150547612,58.59428742051705
1989-08-19,64,1989-08-19,1.5,35.0,62.0,14.5,-1122900.0,-2762910.0,3577,7.381523919835516,31.947252051349444,59.09380299781891
1989-09-04,65,1989-09-04,10.25,30.625,57.5,7.54166666666667,-1122852.5,-2762927.5,3577,8.963672808098725,29.497684333206255,59.973877257924
1989-09-11,66,1989-09-11,10.9166666666667,30.875,56.7083333333333,7.66666666666667,-1122852.5,-2762927.5,3577,9.97559664277783,29.89309593914411,58.59150988329677
1989-09-20,67,1989-09-20,12.2916666666667,30.5,55.7083333333333,7.375,-1122852.5,-2762927.5,3577,10.280055857453725,31.239239862300202,56.9729616358788
1989-09-27,68,1989-09-27,8.45833333333333,30.5,59.5833333333333,7.66666666666667,-1122852.5,-2762927.5,3577,10.509054284207535,31.700984902605548,56.306297675484274
1989-10-06,69,1989-10-06,11.0416666666667,30.2916666666667,57.2083333333333,7.66666666666667,-1122852.5,-2762927.5,3577,9.713964183390003,33.30842480532386,55.512994616314465
1989-10-13,70,1989-10-13,10.2916666666667,30.8333333333333,57.25,7.70833333333333,-1122852.5,-2762927.5,3577,8.583383850410451,34.29183806389176,55.63824449543431
1989-11-14,71,1989-11-14,4.16666666666667,47.0833333333333,47.3333333333333,8.83333333333333,-1122852.5,-2762927.5,3577,7.566151212047922,34.75529527231794,56.167658064321486
1989-11-23,72,1989-11-23,8.79166666666667,32.6666666666667,57.0833333333333,7.66666666666667,-1122852.5,-2762927.5,3577,8.4169941255842,34.716847265216686,55.30102495542845
1989-11-30,73,1989-11-30,9.45833333333333,31.7916666666667,57.1666666666667,7.875,-1122852.5,-2762927.5,3577,9.779036494979307,34.48150443467265,54.19149581068275
1989-12-09,74,1989-12-09,9.875,31.8333333333333,56.6666666666667,7.58333333333333,-1122852.5,-2762927.5,3577,11.505325041314036,34.18156559642117,52.77616423823065
1990-02-02,75,1990-02-02,16.3333333333333,29.9583333333333,52.0833333333333,7.875,-1122852.5,-2762927.5,3577,12.787112010794306,33.74667579581936,51.94444745140563
1990-02-18,76,1990-02-18,14.7916666666667,37.5416666666667,46.25,8.25,-1122852.5,-2762927.5,3577,14.19593590104214,33.00650046547386,51.303087134735804
1990-03-06,77,1990-03-06,12.5416666666667,36.625,49.4583333333333,8.29166666666667,-1122852.5,-2762927.5,3577,14.26215296571122,32.979148173802685,51.27542091550612
1990-03-15,78,1990-03-15,13.875,32.625,52.125,7.625,-1122852.5,-2762927.5,3577,13.257657847826161,34.702549127853544,50.58998444794901
1990-03-22,79,1990-03-22,11.75,33.375,53.25,7.66666666666667,-1122852.5,-2762927.5,3577,12.51389580491562,33.98442089385854,52.065973500176234
1990-03-31,80,1990-03-31,11.625,30.875,56.0833333333333,7.375,-1122852.5,-2762927.5,3577,11.641430679741642,32.73900712290316,54.18142487027127
1990-04-07,81,1990-04-07,10.9166666666667,31.75,55.9166666666667,7.45833333333333,-1122852.5,-2762927.5,3577,10.865293504223771,31.606940144474102,56.06919847437587
1990-04-16,82,1990-04-16,10.125,34.0833333333333,54.2916666666667,7.91666666666667,-1122852.5,-2762927.5,3577,10.81958276501458,31.514255739096207,56.217800775067936
1990-04-23,83,1990-04-23,11.3333333333333,32.4583333333333,54.7916666666667,7.83333333333333,-1122852.5,-2762927.5,3577,10.012128609263334,32.252154192551835,56.28227951098629
1990-05-02,84,1990-05-02,9.125,30.3333333333333,59.125,7.33333333333333,-1122852.5,-2762927.5,3577,9.192732577019125,33.0244556784755,56.293967899996666
1990-05-09,85,1990-05-09,8.91666666666667,31.2916666666667,58.2916666666667,7.29166666666667,-1122852.5,-2762927.5,3577,8.598760888233281,33.06555944055449,56.85188392617887
1990-05-18,86,1990-05-18,6.70833333333333,36.8333333333333,54.9166666666667,7.79166666666667,-1122852.5,-2762927.5,3577,7.583815951848869,32.10905915549397,58.81047886581067
1990-05-25,87,1990-05-25,7.08333333333333,33.0,58.4166666666667,7.33333333333333,-1122852.5,-2762927.5,3577,7.278854272661231,32.884968102068434,58.36928525549946
1990-06-19,88,1990-06-19,6.45833333333333,29.0,62.9166666666667,7.04166666666667,-1122852.5,-2762927.5,3577,6.74927742536001,31.991626794253577,59.788147610894114
1990-07-12,89,1990-07-12,7.45833333333333,31.9583333333333,59.2916666666667,7.58333333333333,-1122852.5,-2762927.5,3577,6.453740789653136,30.837224050454722,61.21025117812129
1990-07-21,90,1990-07-21,6.0,27.4583333333333,65.2083333333333,6.83333333333333,-1122852.5,-2762927.5,3577,6.393055345066769,29.092955934669845,63.00529166395098
1990-07-28,91,1990-07-28,6.58333333333333,30.0,61.7083333333333,7.20833333333333,-1122852.5,-2762927.5,3577,6.184820339618176,27.359579661820156,64.91815241001576
1990-08-13,92,1990-08-13,7.125,30.9166666666667,60.3333333333333,7.875,-1122852.5,-2762927.5,3577,6.265675629838781,26.614201974492133,65.57123810141405
1990-08-22,93,1990-08-22,4.25,16.0416666666667,78.0416666666667,5.125,-1122852.5,-2762927.5,3577,6.257554107398374,27.373732562582973,64.76935164937294
1990-08-29,94,1990-08-29,7.91666666666667,31.5,59.0416666666667,7.91666666666667,-1122852.5,-2762927.5,3577,7.203741691743712,26.436761638770093,64.71778183116227
1990-09-07,95,1990-09-07,7.54166666666667,27.4166666666667,63.5,7.33333333333333,-1122852.5,-2762927.5,3577,8.391019326389591,25.386502558325404,64.56858866107129
1990-10-16,96,1990-10-16,9.08333333333333,27.875,61.4166666666667,7.375,-1122852.5,-2762927.5,3577,8.797821631411647,26.36744769677812,63.23900892707999
1990-10-25,97,1990-10-25,9.70833333333333,27.8333333333333,60.875,7.33333333333333,-1122852.5,-2762927.5,3577,9.090274921155915,28.011317629734492,61.377609748343616
1990-11-01,98,1990-11-01,9.625,26.875,61.7916666666667,7.41666666666667,-1122852.5,-2762927.5,3577,8.714269992132465,30.957561143702033,58.802401545813815
1990-11-10,99,1990-11-10,9.16666666666667,27.5416666666667,61.9583333333333,7.20833333333333,-1122852.5,-2762927.5,3577,7.846175496329122,33.109722192147586,57.550721852957835
1990-12-03,100,1990-12-03,4.33333333333333,39.4583333333333,54.8333333333333,8.625,-1122852.5,-2762927.5,3577,6.736889916068477,32.29633408386796,59.50721401920204
1990-12-12,101,1990-12-12,4.70833333333333,38.7916666666667,55.0416666666667,8.375,-1122852.5,-2762927.5,3577,6.2402195327882595,33.75466651511039,58.54526600849255
1990-12-19,102,1990-12-19,8.54166666666667,31.7916666666667,58.1666666666667,7.54166666666667,-1122852.5,-2762927.5,3577,6.124804246320359,33.50566332531777,58.8885241435463
1990-12-28,103,1990-12-28,4.625,29.4583333333333,64.25,6.125,-1122852.5,-2762927.5,3577,6.522462960155483,32.44334329240965,59.53195926879248
1991-01-04,104,1991-01-04,8.58333333333333,26.7083333333333,63.3333333333333,6.91666666666667,-1122852.5,-2762927.5,3577,7.280024284280161,30.490178036613106,60.68259397979855
1991-01-13,105,1991-01-13,8.33333333333333,29.2916666666667,60.75,7.375,-1122852.5,-2762927.5,3577,7.891369337575586,28.900080827321098,61.619044397285975
1991-01-20,106,1991-01-20,7.70833333333333,34.0,56.6666666666667,8.125,-1122852.5,-2762927.5,3577,7.8336048626284605,28.43741836078874,62.21363040982855
1991-01-29,107,1991-01-29,8.29166666666667,26.5416666666667,63.7916666666667,7.375,-1122852.5,-2762927.5,3577,8.058112681950487,27.08452499512468,63.33764983725338
1991-02-05,108,1991-02-05,6.79166666666667,26.9166666666667,64.7916666666667,7.375,-1122852.5,-2762927.5,3577,8.184132946515623,28.0408096805114,62.30377994038055
1991-02-14,109,1991-02-14,7.58333333333333,29.2916666666667,61.5833333333333,7.25,-1122852.5,-2762927.5,3577,7.788190911254763,29.151825470706594,61.632050740787676
1991-03-02,110,1991-03-02,6.875,30.0,61.8333333333333,7.41666666666667,-1122852.5,-2762927.5,3577,6.612435680933144,31.248864267822462,60.734658143704806
1991-03-09,111,1991-03-09,7.83333333333333,28.0,62.7916666666667,7.25,-1122852.5,-2762927.5,3577,5.834184004848765,33.0028163271148,59.78605115214128
1991-03-18,112,1991-03-18,7.375,33.625,57.4166666666667,7.79166666666667,-1122852.5,-2762927.5,3577,5.298754393180844,33.50532504131074,59.76801204470591
1991-03-25,113,1991-03-25,0.125,49.2083333333333,49.5416666666667,11.4166666666667,-1122852.5,-2762927.5,3577,4.862794713026183,35.361850224074026,58.32183348126751
1991-04-03,114,1991-04-03,4.45833333333333,26.5416666666667,67.3333333333333,6.91666666666667,-1122852.5,-2762927.5,3577,4.971470479983669,34.336523125991675,59.26465987571915
1991-04-10,115,1991-04-10,7.33333333333333,28.7083333333333,62.4166666666667,7.29166666666667,-1122852.5,-2762927.5,3577,6.278398716865269,29.18059043639103,63.00163819667524
1991-04-19,116,1991-04-19,7.20833333333333,23.625,67.625,6.875,-1122852.5,-2762927.5,3577,6.962061674134933,25.32878138373117,66.14527448814387
1991-04-26,117,1991-04-26,8.70833333333333,25.1666666666667,64.6666666666667,7.0,-1122852.5,-2762927.5,3577,7.489812689888966,22.695603931668664,68.30133527462229
1991-05-05,118,1991-05-05,7.08333333333333,26.9166666666667,64.5833333333333,6.95833333333333,-1122852.5,-2762927.5,3577,7.629499628337494,22.001729307840588,68.90480958668783
1991-05-12,119,1991-05-12,8.5,11.0,78.9166666666667,5.625,-1122852.5,-2762927.5,3577,6.860596318025632,24.20764052768336,67.5286034914417
1991-05-21,120,1991-05-21,5.45833333333333,25.4583333333333,67.5416666666667,6.75,-1122852.5,-2762927.5,3577,5.164529613832247,27.791650429030174,65.70410072382776
1991-05-28,121,1991-05-28,0.0416666666666667,44.2916666666667,54.8333333333333,4.29166666666667,-1122852.5,-2762927.5,3577,4.907069323864258,28.39746837269632,65.32225114925379
1991-06-22,122,1991-06-22,7.625,27.5833333333333,63.25,7.41666666666667,-1122852.5,-2762927.5,3577,4.996393441439129,29.898912619883358,63.70641909688946
1991-06-29,123,1991-06-29,5.08333333333333,27.9583333333333,65.4166666666667,7.375,-1122852.5,-2762927.5,3577,5.368804441172056,30.101958799709692,63.04962220441154
1991-07-08,124,1991-07-08,7.08333333333333,26.0833333333333,65.25,7.375,-1122852.5,-2762927.5,3577,6.468011864295729,29.706843981607324,62.277376648110376
1991-07-15,125,1991-07-15,8.83333333333333,26.25,63.25,7.41666666666667,-1122852.5,-2762927.5,3577,7.945324283558389,27.846621129124685,62.6330619844458
1991-07-24,126,1991-07-24,9.45833333333333,28.2083333333333,60.8333333333333,7.375,-1122852.5,-2762927.5,3577,9.580635180091953,24.39547745855429,64.43004196524905
1991-07-31,127,1991-07-31,8.83333333333333,25.4583333333333,64.0833333333333,7.125,-1122852.5,-2762927.5,3577,10.985181356309742,23.966021852241163,63.476460845646415
1991-08-09,128,1991-08-09,12.6666666666667,24.2916666666667,61.5416666666667,7.29166666666667,-1122852.5,-2762927.5,3577,11.699566816051131,25.61875933663476,61.21153395107589
1991-09-01,129,1991-09-01,14.3333333333333,23.8333333333333,60.5416666666667,7.41666666666667,-1122852.5,-2762927.5,3577,14.078314401454708,24.771307081287887,59.666885573997405
1991-09-10,130,1991-09-10,14.7083333333333,24.7083333333333,59.125,7.54166666666667,-1122852.5,-2762927.5,3577,14.588339936634966,25.054232403299856,58.868542061644725
1991-09-17,131,1991-09-17,14.7916666666667,27.2916666666667,56.2916666666667,7.45833333333333,-1122852.5,-2762927.5,3577,15.657745891876676,27.42093587526613,55.505243079925194
1991-09-26,132,1991-09-26,15.9583333333333,28.4583333333333,54.0833333333333,7.41666666666667,-1122852.5,-2762927.5,3577,15.107513272758691,29.35296213933546,54.11251850144231
1991-10-19,133,1991-10-19,13.1666666666667,31.875,53.5833333333333,7.79166666666667,-1122852.5,-2762927.5,3577,13.255350299852964,30.164636576009777,55.12362173429461
1991-10-28,134,1991-10-28,13.375,30.0,55.1666666666667,7.54166666666667,-1122852.5,-2762927.5,3577,10.86012272041522,30.446935932999505,57.17510675598058
1991-11-04,135,1991-11-04,6.11111111111111,33.5555555555556,58.8888888888889,6.0,-1122828.33333333,-2762888.33333333,3577,8.862814859717574,30.339594057468794,59.193793779311264
1991-11-13,136,1991-11-13,9.91666666666667,31.25,57.2916666666667,7.33333333333333,-1122852.5,-2762927.5,3577,7.728866721512631,29.665154376063263,60.98913947248951
1991-11-20,137,1991-11-20,2.0,20.7857142857143,75.0714285714286,17.4285714285714,-1122829.28571429,-2762907.85714286,3577,7.325196475350177,30.055116452170793,60.94601051682186
1991-11-29,138,1991-11-29,9.41666666666667,31.5,57.5416666666667,7.25,-1122852.5,-2762927.5,3577,7.513803190272657,29.621756296674477,61.17450347209496
1991-12-22,139,1991-12-22,9.95833333333333,35.2083333333333,53.2083333333333,8.125,-1122852.5,-2762927.5,3577,8.335468581984355,30.605101297047188,59.39514793770873
1991-12-31,140,1991-12-31,9.95833333333333,31.0,57.4583333333333,7.54166666666667,-1122852.5,-2762927.5,3577,8.895753498306336,31.993423372288554,57.50907928499949
1992-01-07,141,1992-01-07,10.4583333333333,32.5416666666667,55.6666666666667,7.58333333333333,-1122852.5,-2762927.5,3577,9.348048537288612,32.922479953821785,56.18449142016415
1992-01-16,142,1992-01-16,8.0,34.0,56.2857142857143,9.0,-1122846.42857143,-2762877.85714286,3577,10.313549582510877,33.54707521580086,54.6447555282613
1992-01-23,143,1992-01-23,9.33333333333333,29.5833333333333,59.6666666666667,7.125,-1122852.5,-2762927.5,3577,11.127247107895593,33.3703141543649,54.04399380288666
1992-02-01,144,1992-02-01,11.2083333333333,38.1666666666667,49.0416666666667,8.66666666666667,-1122852.5,-2762927.5,3577,10.700420193839651,32.53364488967717,55.26615618642658
1992-02-08,145,1992-02-08,12.1666666666667,28.3333333333333,58.0833333333333,7.08333333333333,-1122852.5,-2762927.5,3577,12.084595358200374,30.596237740583003,55.84222846296317
1992-02-17,146,1992-02-17,14.4166666666667,31.75,52.375,7.58333333333333,-1122852.5,-2762927.5,3577,11.78974701768644,31.78693339683575,54.93314837896062
1992-02-24,147,1992-02-24,13.625,32.5833333333333,52.375,7.66666666666667,-1122852.5,-2762927.5,3577,11.550326737244522,31.922348033798357,55.06557529157325
1992-03-04,148,1992-03-04,6.375,34.0,58.1666666666667,5.08333333333333,-1122852.5,-2762927.5,3577,11.276252643124028,34.409828819266394,52.853035509374365
1992-03-11,149,1992-03-11,13.5,32.0833333333333,52.7916666666667,7.875,-1122852.5,-2762927.5,3577,11.271542827655693,36.4265535805729,50.819530057138564
1992-03-20,150,1992-03-20,13.2083333333333,36.7916666666667,48.5833333333333,8.25,-1122852.5,-2762927.5,3577,12.93557448743013,38.06529242171088,47.55848344121627
1992-04-05,151,1992-04-05,12.125,53.8333333333333,32.7083333333333,10.5416666666667,-1122852.5,-2762927.5,3577,16.554249929634445,40.82086824423676,41.2052599103621
1992-04-21,152,1992-04-21,24.6666666666667,31.2916666666667,42.625,8.16666666666667,-1122852.5,-2762927.5,3577,21.224413099796926,40.58653395107896,36.7878219561601
1992-05-07,153,1992-05-07,25.0833333333333,44.4583333333333,28.9583333333333,10.3333333333333,-1122852.5,-2762927.5,3577,26.34970357299686,40.75487760432971,31.498138986911357
1992-06-24,154,1992-06-24,31.625,34.0,33.1666666666667,9.375,-1122852.5,-2762927.5,3577,30.729676798944652,39.6827888313897,28.188193256687487
1992-07-17,155,1992-07-17,35.0416666666667,41.7083333333333,21.75,11.0416666666667,-1122852.5,-2762927.5,3577,33.037565762406025,38.162888710870604,27.373515158727784
1992-07-26,156,1992-07-26,34.875,37.7083333333333,25.875,10.7083333333333,-1122852.5,-2762927.5,3577,35.09504427460559,36.594287420520324,26.825412075021077
1992-08-02,157,1992-08-02,33.4583333333333,33.75,31.25,10.8333333333333,-1122852.5,-2762927.5,3577,35.45610336515379,36.06125105544071,26.96792075313345
1992-08-11,158,1992-08-11,34.5833333333333,38.75,25.25,10.6666666666667,-1122852.5,-2762927.5,3577,34.66987901159209,37.0303950435474,26.79070503799207
1992-08-18,159,1992-08-18,33.25,33.9166666666667,31.2916666666667,10.7083333333333,-1122852.5,-2762927.5,3577,33.819401444783374,34.938186039961,29.72709772167533
1992-09-03,160,1992-09-03,31.0,37.2083333333333,30.25,10.8333333333333,-1122852.5,-2762927.5,3577,30.88889851118489,36.36480006061505,31.218572964698332
1992-09-12,161,1992-09-12,30.7083333333333,36.375,31.4166666666667,10.2083333333333,-1122852.5,-2762927.5,3577,28.144481550437067,36.2977864498708,34.09916322067515
1992-10-05,162,1992-10-05,24.9583333333333,37.4583333333333,36.2083333333333,9.95833333333333,-1122852.5,-2762927.5,3577,24.59851551956445,38.80459723454497,35.16877124423037
1992-10-21,163,1992-10-21,19.2083333333333,41.4583333333333,37.9583333333333,9.20833333333333,-1122852.5,-2762927.5,3577,20.260342469704746,41.86447440587678,36.467186451314106
1992-10-30,164,1992-10-30,15.4583333333333,43.0833333333333,39.9583333333333,8.45833333333333,-1122852.5,-2762927.5,3577,17.312817986963985,42.90131669155792,38.392758557226486
1992-11-06,165,1992-11-06,14.25,47.9583333333333,36.5,8.625,-1122852.5,-2762927.5,3577,14.944094733953161,45.25209014411122,38.45556120865141
1992-11-15,166,1992-11-15,14.5,45.9583333333333,38.3333333333333,8.5,-1122852.5,-2762927.5,3577,12.756825218123607,47.80146517568404,38.11473330590407
1992-11-22,167,1992-11-22,10.75,52.375,35.375,8.5,-1122852.5,-2762927.5,3577,11.5178172751333,50.17568675343044,36.98272971984774
1992-12-01,168,1992-12-01,13.2083333333333,47.0416666666667,38.375,8.375,-1122852.5,-2762927.5,3577,11.27327254554077,51.14833478979211,36.233442453497545
1992-12-08,169,1992-12-08,13.125,46.6666666666667,38.9583333333333,8.54166666666667,-1122852.5,-2762927.5,3577,11.248997203189166,50.788767675229266,36.5940881404871
1993-01-02,170,1993-01-02,5.63636363636364,60.6363636363636,32.4090909090909,12.1818181818182,-1122846.81818182,-2762929.09090909,3577,11.178937970274617,49.731514521684396,37.671708943551025
1993-01-09,171,1993-01-09,11.6666666666667,48.0833333333333,38.7083333333333,8.33333333333333,-1122852.5,-2762927.5,3577,11.348212745129162,48.31857184938365,38.87069710943318
1993-02-19,172,1993-02-19,14.1666666666667,41.7083333333333,42.5833333333333,9.375,-1122852.5,-2762927.5,3577,11.667495195955333,47.04341081799567,39.843186295825966
1993-02-26,173,1993-02-26,12.4166666666667,43.7916666666667,42.3333333333333,9.5,-1122852.5,-2762927.5,3577,11.84684312544396,44.86166086703693,41.86144001883595
1993-03-07,174,1993-03-07,11.5833333333333,43.875,43.1666666666667,9.0,-1122852.5,-2762927.5,3577,11.585188031780737,44.5095991469764,42.49127046843131
1993-03-23,175,1993-03-23,9.75,45.75,43.125,9.0,-1122852.5,-2762927.5,3577,11.004832499799894,42.539056016216854,45.067378055374434
1993-03-30,176,1993-03-30,9.75,44.9166666666667,44.0416666666667,9.66666666666667,-1122852.5,-2762927.5,3577,9.952718720906082,43.45262490346981,45.18757712874687
1993-04-24,177,1993-04-24,7.625,43.3333333333333,47.6666666666667,9.83333333333333,-1122852.5,-2762927.5,3577,7.004760332545658,46.20875100131376,45.40631517604525
1993-05-17,178,1993-05-17,6.5,44.5416666666667,47.5,10.8333333333333,-1122852.5,-2762927.5,3577,6.09322475769753,45.26936878909886,47.24196417616765
1993-05-26,179,1993-05-26,4.91666666666667,47.8333333333333,45.8333333333333,10.5,-1122852.5,-2762927.5,3577,4.833657183888663,45.40748789393622,48.39968931996073
1993-06-02,180,1993-06-02,2.66666666666667,43.2916666666667,52.5416666666667,10.4583333333333,-1122852.5,-2762927.5,3577,3.7193794337751696,46.096105133249964,48.85557257499252
1993-06-18,181,1993-06-18,3.75,52.125,42.9583333333333,14.2916666666667,-1122852.5,-2762927.5,3577,2.9808620641011334,46.47270601618347,49.26102920673674
1993-07-13,182,1993-07-13,1.66666666666667,39.6666666666667,57.6666666666667,5.66666666666667,-1122795.0,-2762925.0,3577,2.961664344192746,46.25063072539868,49.51197828814595
1993-07-20,183,1993-07-20,7.45833333333333,44.7916666666667,46.25,10.9583333333333,-1122852.5,-2762927.5,3577,4.058531826086803,45.13791301811317,49.5134899461099
1993-07-29,184,1993-07-29,1.36363636363636,51.4545454545455,45.9090909090909,11.5454545454545,-1122885.0,-2762911.36363636,3577,5.732584073210855,43.670686628778896,49.222099729234216
1993-08-30,185,1993-08-30,8.70833333333333,38.8333333333333,50.875,10.2083333333333,-1122852.5,-2762927.5,3577,7.515797986138833,42.45105936608961,48.57790102522699
1993-09-06,186,1993-09-06,8.75,40.5833333333333,49.2083333333333,10.4166666666667,-1122852.5,-2762927.5,3577,8.650037116930008,42.57537344913571,47.25668662418588
1993-09-22,187,1993-09-22,11.2916666666667,40.8333333333333,46.25,10.0833333333333,-1122852.5,-2762927.5,3577,9.928906151076086,41.27823691459436,47.23565339575751
1993-10-01,188,1993-10-01,10.4166666666667,43.3333333333333,44.75,9.625,-1122852.5,-2762927.5,3577,10.103854994333378,42.444681092894534,45.93726229909754
1993-10-08,189,1993-10-08,8.54166666666667,44.5833333333333,45.4166666666667,9.875,-1122852.5,-2762927.5,3577,9.135526496206262,43.23342678992186,46.18272027249666
1993-10-17,190,1993-10-17,7.29166666666667,45.4166666666667,46.0,9.16666666666667,-1122852.5,-2762927.5,3577,8.280451875264891,46.046657934421944,44.26110744260238
1993-10-24,191,1993-10-24,7.54166666666667,46.75,44.25,9.875,-1122852.5,-2762927.5,3577,6.3555301767366625,48.29090440003033,43.99468217540316
1993-11-02,192,1993-11-02,7.16666666666667,45.1666666666667,46.2916666666667,9.45833333333333,-1122852.5,-2762927.5,3577,6.006575339004781,48.13924040355211,44.472781217743616
1993-11-09,193,1993-11-09,1.875,55.5833333333333,41.2083333333333,14.4166666666667,-1122852.5,-2762927.5,3577,5.617624506555554,47.68338511333155,45.33482358713879
1993-11-18,194,1993-11-18,7.70833333333333,44.4166666666667,46.5,9.66666666666667,-1122852.5,-2762927.5,3577,6.740044527195223,45.25090028649724,46.602882540569084
1993-11-25,195,1993-11-25,7.875,41.625,49.0416666666667,10.125,-1122852.5,-2762927.5,3577,7.093148079989126,43.38353287578646,48.0910389919606
1993-12-04,196,1993-12-04,7.375,39.8333333333333,51.25,8.20833333333333,-1122852.5,-2762927.5,3577,7.390183088324398,41.770198712529925,49.387067267090856
1993-12-11,197,1993-12-11,8.41666666666667,41.5833333333333,48.625,9.5,-1122852.5,-2762927.5,3577,7.427337497382824,40.81488557881136,50.3079259491723
1993-12-20,198,1993-12-20,6.58333333333333,39.5416666666667,52.5,9.91666666666667,-1122852.5,-2762927.5,3577,6.606472861502834,41.516234926058424,50.42761714548887
1993-12-27,199,1993-12-27,6.83333333333333,42.8333333333333,48.75,9.79166666666667,-1122852.5,-2762927.5,3577,5.637139434352218,43.174448100912215,49.77265239919295
1994-01-05,200,1994-01-05,1.5,50.0833333333333,47.0833333333333,14.5416666666667,-1122852.5,-2762927.5,3577,4.6264704078164645,45.89344865659967,48.07255425172663
1994-01-28,201,1994-01-28,7.29166666666667,44.5833333333333,46.75,9.58333333333333,-1122852.5,-2762927.5,3577,5.380002994940267,46.48415207083242,46.74058668369115
1994-02-06,202,1994-02-06,4.70833333333333,47.0,46.9166666666667,9.66666666666667,-1122852.5,-2762927.5,3577,6.645317788505645,46.19337215930952,45.75688836446666
1994-03-01,203,1994-03-01,7.41666666666667,46.4166666666667,44.75,10.6666666666667,-1122852.5,-2762927.5,3577,8.371306840732831,45.24119469281332,44.96771417436379
1994-03-10,204,1994-03-10,12.7083333333333,41.7083333333333,44.0833333333333,9.54166666666667,-1122852.5,-2762927.5,3577,10.091165284662225,43.903553876457536,44.58606576601266
1994-03-26,205,1994-03-26,11.375,42.0416666666667,45.0833333333333,9.58333333333333,-1122852.5,-2762927.5,3577,11.137152063620986,42.35327134165513,45.03436514465252
1994-04-02,206,1994-04-02,11.5416666666667,42.125,44.9583333333333,9.41666666666667,-1122852.5,-2762927.5,3577,11.076046244775242,41.693194447445194,45.7052120995551
1994-04-11,207,1994-04-11,9.70833333333333,41.2916666666667,47.4166666666667,9.29166666666667,-1122852.5,-2762927.5,3577,10.119647895962178,41.99005084182476,46.373238216884516
1994-04-18,208,1994-04-18,8.5,43.25,46.7083333333333,9.79166666666667,-1122852.5,-2762927.5,3577,9.304980623090694,41.69677484537543,47.467210807760964
1994-04-27,209,1994-04-27,7.33333333333333,42.125,48.9583333333333,9.375,-1122852.5,-2762927.5,3577,7.694557506475865,42.182462274561246,48.58736658078035
1994-05-04,210,1994-05-04,7.25,43.375,47.8333333333333,9.75,-1122852.5,-2762927.5,3577,7.050281632710922,43.305352284447984,48.13496719997546
1994-05-13,211,1994-05-13,6.66666666666667,43.25,48.75,9.45833333333333,-1122852.5,-2762927.5,3577,7.064231563069512,44.407287629804216,47.028346395599414
1994-05-20,212,1994-05-20,8.20833333333333,44.6666666666667,45.5833333333333,9.875,-1122852.5,-2762927.5,3577,6.80856913983747,45.49424375932984,46.23066639242419
1994-05-29,213,1994-05-29,5.625,45.8333333333333,47.0416666666667,9.58333333333333,-1122852.5,-2762927.5,3577,6.90586232652693,45.85805422646843,45.8278684679545
1994-06-05,214,1994-06-05,7.375,47.875,43.4166666666667,10.375,-1122852.5,-2762927.5,3577,6.709466359233158,45.82630694897813,46.056821790174055
1994-06-21,215,1994-06-21,7.08333333333333,47.6666666666667,43.875,10.0,-1122852.5,-2762927.5,3577,6.486916978789074,45.51103617743806,46.601573606984616
1994-07-16,216,1994-07-16,5.125,42.5,50.875,9.41666666666667,-1122852.5,-2762927.5,3577,6.153696406791463,44.785662351058136,47.62853168502613
1994-07-23,217,1994-07-23,6.16666666666667,41.5,51.0,9.58333333333333,-1122852.5,-2762927.5,3577,6.110214733665833,43.651542214229195,48.79936420647766
1994-08-01,218,1994-08-01,6.45833333333333,42.9166666666667,49.125,9.25,-1122852.5,-2762927.5,3577,6.038573397705623,42.523909011518754,49.962696745971016
1994-08-08,219,1994-08-08,5.29166666666667,43.8333333333333,49.2916666666667,9.54166666666667,-1122852.5,-2762927.5,3577,5.720092085416308,42.74221585946953,50.05524764192746
1994-08-17,220,1994-08-17,6.375,41.8333333333333,50.3333333333333,9.20833333333333,-1122852.5,-2762927.5,3577,6.036442659506772,41.03182756355516,51.408481095779905
1994-08-24,221,1994-08-24,5.83333333333333,41.875,50.75,9.33333333333333,-1122852.5,-2762927.5,3577,6.089718816944627,40.98077318608379,51.41393805051051
1994-09-02,222,1994-09-02,5.875,41.0,51.7083333333333,8.875,-1122852.5,-2762927.5,3577,5.636576668547723,42.05361804980133,50.81373805006649
1994-09-18,223,1994-09-18,4.45833333333333,43.4583333333333,50.5416666666667,8.45833333333333,-1122852.5,-2762927.5,3577,4.863106767011731,43.31196211107447,50.3529109911209
1994-09-25,224,1994-09-25,5.5,42.0416666666667,51.1666666666667,8.83333333333333,-1122852.5,-2762927.5,3577,4.584679668984769,44.932708198359975,49.10303388362908
1994-10-04,225,1994-10-04,6.25,41.375,50.75,8.54166666666667,-1122852.5,-2762927.5,3577,4.431215515848098,46.34729159067595,47.87372041905145
1994-10-20,226,1994-10-20,0.230769230769231,58.3076923076923,40.3846153846154,4.38461538461539,-1122859.61538462,-2762901.92307692,3577,4.7956575158580375,46.259351072037646,47.62865166308728
1994-10-27,227,1994-10-27,6.45833333333333,45.25,46.9583333333333,9.5,-1122852.5,-2762927.5,3577,5.437351536689852,46.36116394123559,46.89183981255799
1994-11-05,228,1994-11-05,7.16666666666667,41.9583333333333,49.5416666666667,8.70833333333333,-1122852.5,-2762927.5,3577,6.17449001343884,44.407713069649745,48.05784816119892
1994-11-21,229,1994-11-21,7.875,40.375,50.375,8.79166666666667,-1122852.5,-2762927.5,3577,7.511942709190934,42.37559378383942,48.67764559604151
1994-11-28,230,1994-11-28,7.375,39.875,51.0833333333333,9.04166666666667,-1122852.5,-2762927.5,3577,7.545503397133608,41.290812872522594,49.64457259220151
1994-12-07,231,1994-12-07,8.29166666666667,41.1666666666667,49.0416666666667,9.08333333333333,-1122852.5,-2762927.5,3577,7.436529385117223,40.56951184680396,50.41388121879747
1994-12-23,232,1994-12-23,6.66666666666667,44.1666666666667,47.4583333333333,10.125,-1122852.5,-2762927.5,3577,6.953509854437613,40.596490325973434,50.818341488225514
1994-12-30,233,1994-12-30,8.66666666666667,36.7916666666667,52.9583333333333,9.16666666666667,-1122852.5,-2762927.5,3577,6.884919389175332,42.38280218233146,49.150511124574976
1995-01-08,234,1995-01-08,8.04166666666667,48.5833333333333,41.875,10.3333333333333,-1122852.5,-2762927.5,3577,9.482175590146316,42.28080098435504,46.690083136670566
1995-01-15,235,1995-01-15,7.91666666666667,41.9583333333333,48.7083333333333,9.125,-1122852.5,-2762927.5,3577,13.350782473458507,42.4302855297374,42.75601423859297
1995-03-13,236,1995-03-13,19.1666666666667,39.4166666666667,39.9583333333333,9.375,-1122852.5,-2762927.5,3577,17.475470350080755,42.42775967581836,38.727158161749884
1995-03-20,237,1995-03-20,21.75,41.2916666666667,35.6666666666667,9.33333333333333,-1122852.5,-2762927.5,3577,20.39476029646005,42.508157606061474,35.7491267762112
1995-04-14,238,1995-04-14,26.125,44.9583333333333,27.5833333333333,10.2916666666667,-1122852.5,-2762927.5,3577,22.091444030682233,43.33424083655635,33.28592576153997
1995-05-07,239,1995-05-07,23.2916666666667,46.0416666666667,29.4583333333333,10.0416666666667,-1122852.5,-2762927.5,3577,21.96254790101213,44.5674637539896,32.19369059732353
1995-05-16,240,1995-05-16,18.2916666666667,44.3333333333333,36.125,9.375,-1122852.5,-2762927.5,3577,20.53945203403103,45.23080621648056,32.97278572819873
1995-06-01,241,1995-06-01,14.25,46.2083333333333,38.2083333333333,9.16666666666667,-1122852.5,-2762927.5,3577,17.776012687000758,47.20630092301211,33.75612339156724
1995-06-17,242,1995-06-17,14.375,48.3333333333333,35.9583333333333,9.66666666666667,-1122852.5,-2762927.5,3577,14.930199831126401,47.98733554886085,35.81161640216831
1995-06-24,243,1995-06-24,15.9166666666667,48.9583333333333,34.0,10.0416666666667,-1122852.5,-2762927.5,3577,13.638739743226871,48.04411674496093,37.020484675277906
1995-07-03,244,1995-07-03,13.4583333333333,47.0833333333333,38.0416666666667,9.33333333333333,-1122852.5,-2762927.5,3577,12.467708761824538,47.43718381720767,38.761853471600006
1995-07-10,245,1995-07-10,12.5,47.2083333333333,38.9166666666667,9.79166666666667,-1122852.5,-2762927.5,3577,12.668535798564859,48.26929662184355,37.70068360431575
1995-07-19,246,1995-07-19,11.375,47.0,40.2083333333333,9.33333333333333,-1122852.5,-2762927.5,3577,12.27096729379828,46.53167240395645,39.781134757909
1995-07-26,247,1995-07-26,10.875,45.0833333333333,42.625,9.41666666666667,-1122852.5,-2762927.5,3577,11.287873375333003,43.718303239581516,43.52552375384541
1995-08-04,248,1995-08-04,10.1666666666667,40.0833333333333,48.2083333333333,9.20833333333333,-1122852.5,-2762927.5,3577,9.894216335778342,41.020103090917374,47.561275411887486
1995-08-11,249,1995-08-11,10.0416666666667,41.3333333333333,47.0833333333333,9.125,-1122852.5,-2762927.5,3577,9.472940887800178,39.10327404792762,49.880472984180685
1995-08-27,250,1995-08-27,10.2916666666667,39.3333333333333,48.9166666666667,9.0,-1122852.5,-2762927.5,3577,9.117211349021158,38.31146665511417,51.1072297155812
1995-09-12,251,1995-09-12,5.54166666666667,28.7916666666667,64.0833333333333,5.75,-1122852.5,-2762927.5,3577,8.22217411071779,38.14742326816059,52.205517006205795
1995-10-14,252,1995-10-14,7.79166666666667,44.3333333333333,46.625,8.33333333333333,-1122852.5,-2762927.5,3577,7.167223256618485,39.496707368992475,51.9776651367131
1995-10-23,253,1995-10-23,7.66666666666667,42.7083333333333,48.2916666666667,8.08333333333333,-1122852.5,-2762927.5,3577,6.2302451160801,41.42058354441636,51.01419620110809
1995-10-30,254,1995-10-30,7.83333333333333,44.0416666666667,46.9583333333333,8.45833333333333,-1122852.5,-2762927.5,3577,6.336434721108684,42.592564427310386,49.78242564967828
1995-11-15,255,1995-11-15,3.83333333333333,43.25,51.6666666666667,5.79166666666667,-1122852.5,-2762927.5,3577,6.750635973932163,43.48922182048467,48.475397280730604
1995-11-24,256,1995-11-24,7.33333333333333,42.0833333333333,49.0416666666667,8.375,-1122852.5,-2762927.5,3577,8.045459055906761,43.970516068032715,46.67932029270342
1995-12-17,257,1995-12-17,10.0833333333333,43.0416666666667,45.5833333333333,8.70833333333333,-1122852.5,-2762927.5,3577,9.978949713855336,42.47071452798373,46.240501887166815
1995-12-26,258,1995-12-26,13.0833333333333,38.9166666666667,46.6666666666667,8.79166666666667,-1122852.5,-2762927.5,3577,11.76199509984163,39.005869001993204,47.86801781808807
1996-01-02,259,1996-01-02,14.2916666666667,39.0833333333333,45.4166666666667,8.66666666666667,-1122852.5,-2762927.5,3577,13.570937705223603,38.72849776641766,46.31752870451869
1996-01-18,260,1996-01-18,12.7916666666667,39.9583333333333,45.7083333333333,8.70833333333333,-1122852.5,-2762927.5,3577,14.17258257737923,37.85074368355535,46.551236946740815
1996-02-03,261,1996-02-03,16.375,34.125,48.0833333333333,7.83333333333333,-1122852.5,-2762927.5,3577,14.845893141943563,36.84650926987837,46.87457060482673
1996-02-12,262,1996-02-12,13.5833333333333,35.625,49.3333333333333,8.375,-1122852.5,-2762927.5,3577,13.910966355623732,37.32363315218794,47.288741186566924
1996-02-28,263,1996-02-28,11.5416666666667,40.4583333333333,46.375,8.29166666666667,-1122852.5,-2762927.5,3577,12.579909899180466,38.882679497998765,47.05208310780361
1996-03-15,264,1996-03-15,10.625,43.6666666666667,44.3333333333333,9.0,-1122852.5,-2762927.5,3577,11.081602221306433,40.88814346127978,46.58062796336092
1996-04-16,265,1996-04-16,11.9583333333333,37.7916666666667,48.8333333333333,8.375,-1122852.5,-2762927.5,3577,10.280649433124651,42.42010092589956,45.86555691469865
1996-07-21,266,1996-07-21,12.0833333333333,43.75,42.7916666666667,9.875,-1122852.5,-2762927.5,3577,10.046256504072323,43.4851939855745,45.05804051469012
1996-08-06,267,1996-08-06,5.25,48.5,44.8333333333333,7.08333333333333,-1122845.0,-2762952.5,3577,10.339292544399349,43.364336386001725,44.88126862816593
1996-08-13,268,1996-08-13,11.4583333333333,40.0,47.2083333333333,7.875,-1122852.5,-2762927.5,3577,11.544282729652522,41.61829385783871,45.43743099005576
1996-08-29,269,1996-08-29,14.0416666666667,38.8333333333333,45.5,9.45833333333333,-1122852.5,-2762927.5,3577,11.995317247250448,39.93238830312535,46.64826582085945
1996-09-07,270,1996-09-07,14.4166666666667,38.2083333333333,45.9583333333333,8.83333333333333,-1122852.5,-2762927.5,3577,12.462465810761183,38.62540503871193,47.44348131228226
1996-09-14,271,1996-09-14,12.5416666666667,36.3333333333333,49.75,9.0,-1122852.5,-2762927.5,3577,12.84402852049721,37.476587138346225,48.22329901779645
1996-09-23,272,1996-09-23,12.25,36.75,49.5416666666667,8.41666666666667,-1122852.5,-2762927.5,3577,13.483486327911567,35.88062453541792,49.10760137694389
1996-09-30,273,1996-09-30,11.625,37.4166666666667,49.375,8.91666666666667,-1122852.5,-2762927.5,3577,13.08828490910339,36.4525788968459,48.940112905662886
1996-10-09,274,1996-10-09,11.4583333333333,37.5,49.5,8.54166666666667,-1122852.5,-2762927.5,3577,11.302653229122123,38.325195573254874,48.89876377491747
1996-10-25,275,1996-10-25,13.375,37.5,47.6666666666667,8.29166666666667,-1122852.5,-2762927.5,3577,11.382048936613785,37.184135652783354,49.97445640014554
1996-11-10,276,1996-11-10,10.625,38.125,49.7916666666667,8.41666666666667,-1122852.5,-2762927.5,3577,10.754282044063714,37.93150894512557,49.87035116585457
1996-11-17,277,1996-11-17,9.375,39.0416666666667,50.125,8.70833333333333,-1122852.5,-2762927.5,3577,9.49516750019704,39.07808948017343,50.02697972821066
1996-11-26,278,1996-11-26,6.5,41.0,51.5,6.5,-1122810.0,-2762985.0,3577,8.2717304625187,39.98154232248062,50.39110953545187
1996-12-03,279,1996-12-03,9.16666666666667,37.7083333333333,51.5416666666667,8.5,-1122852.5,-2762927.5,3577,7.278980565357184,40.35677325769602,51.019269559122634
1996-12-12,280,1996-12-12,9.04166666666667,37.7916666666667,51.6666666666667,8.33333333333333,-1122852.5,-2762927.5,3577,7.203499029349343,40.66290855686533,50.7738621028019
1996-12-19,281,1996-12-19,3.4,50.6,44.8,5.6,-1122858.0,-2762931.0,3577,8.027354817523893,41.35393726499919,49.260547785540425
1996-12-28,282,1996-12-28,11.2083333333333,35.875,51.4583333333333,8.375,-1122852.5,-2762927.5,3577,10.310105400274146,40.27717548189083,48.02588729639096
1997-01-04,283,1997-01-04,13.7916666666667,37.5833333333333,47.2916666666667,8.95833333333333,-1122852.5,-2762927.5,3577,12.3754726955173,39.250869615414835,46.925504449104245
1997-01-13,284,1997-01-13,14.5416666666667,38.4166666666667,45.5833333333333,8.70833333333333,-1122852.5,-2762927.5,3577,14.95115088729419,38.1125800154381,45.49551841346826
1997-01-20,285,1997-01-20,18.6666666666667,39.75,40.1666666666667,8.91666666666667,-1122852.5,-2762927.5,3577,17.394783750818334,37.26965565393801,43.944818210678505
1997-01-29,286,1997-01-29,19.0416666666667,35.5,44.0,8.625,-1122852.5,-2762927.5,3577,20.177911948729403,36.179822035544184,42.23934775234453
1997-02-14,287,1997-02-14,21.5416666666667,32.5,44.4583333333333,8.25,-1122852.5,-2762927.5,3577,21.777415438015925,36.420867702983,40.425043480764984
1997-02-21,288,1997-02-21,20.5,42.2083333333333,36.0833333333333,9.41666666666667,-1122852.5,-2762927.5,3577,21.468487266084693,38.622272077761664,38.571429344643384
1997-03-02,289,1997-03-02,24.2916666666667,37.4166666666667,37.1666666666667,8.91666666666667,-1122852.5,-2762927.5,3577,22.377474434746638,38.33089949265846,37.9674706098798
1997-03-18,290,1997-03-18,21.0833333333333,39.625,37.8333333333333,8.83333333333333,-1122852.5,-2762927.5,3577,21.286026795698547,39.40804628807134,38.01306497939058
1997-03-25,291,1997-03-25,19.7916666666667,39.9583333333333,38.9166666666667,8.70833333333333,-1122852.5,-2762927.5,3577,19.42666002727632,39.705796654320125,39.5556707224605
1997-04-10,292,1997-04-10,16.2083333333333,42.2083333333333,40.1666666666667,9.29166666666667,-1122852.5,-2762927.5,3577,17.397446230472056,40.59284579759626,40.67012438025765
1997-04-19,293,1997-04-19,16.0416666666667,40.5,42.1666666666667,8.95833333333333,-1122852.5,-2762927.5,3577,15.252093096412514,41.57792669380845,41.795188428696136
1997-04-26,294,1997-04-26,15.625,39.9583333333333,43.125,8.66666666666667,-1122852.5,-2762927.5,3577,13.824140865230842,42.46421824492537,42.32061114839122
1997-05-21,295,1997-05-21,8.18181818181818,45.3636363636364,45.0,6.86363636363636,-1122852.27272727,-2762922.27272727,3577,13.157873004655457,44.65715756472898,40.80998993266186
1997-05-28,296,1997-05-28,16.125,44.9583333333333,37.5,9.58333333333333,-1122852.5,-2762927.5,3577,13.762716608373166,45.830830605732274,39.04536163010812
1997-06-13,297,1997-06-13,13.9166666666667,51.9583333333333,32.8333333333333,11.2916666666667,-1122852.5,-2762927.5,3577,14.170002844043806,47.77665005506958,36.72430755518441
1997-06-22,298,1997-06-22,15.2916666666667,46.375,37.0416666666667,9.66666666666667,-1122852.5,-2762927.5,3577,14.651246738529967,47.376989027945896,36.685201923973516
1997-06-29,299,1997-06-29,15.1666666666667,45.2083333333333,38.3333333333333,9.58333333333333,-1122852.5,-2762927.5,3577,14.473984606722393,47.393697633628605,36.87419713928449
1997-07-08,300,1997-07-08,14.3333333333333,48.4583333333333,35.9583333333333,10.0,-1122852.5,-2762927.5,3577,14.087644424716636,46.48920828912392,38.17624235928617
1997-08-09,301,1997-08-09,12.4166666666667,45.4583333333333,41.0,9.45833333333333,-1122852.5,-2762927.5,3577,12.89655365274368,45.77855838691066,40.07758611357082
1997-08-16,302,1997-08-16,11.0,43.9166666666667,43.8333333333333,9.29166666666667,-1122852.5,-2762927.5,3577,11.349827159422983,45.558865025576495,41.790248580103004
1997-08-25,303,1997-08-25,11.0833333333333,41.625,45.75,8.91666666666667,-1122852.5,-2762927.5,3577,11.231781376516537,44.95756565415338,42.47707607149695
1997-09-01,304,1997-09-01,10.5,51.9166666666667,36.25,11.75,-1122852.5,-2762927.5,3577,11.107318120474353,44.62603199173742,42.89345406914424
1997-09-10,305,1997-09-10,11.7916666666667,41.1666666666667,45.625,9.29166666666667,-1122852.5,-2762927.5,3577,11.430218775031307,43.172824337678584,43.9607175590082
1997-09-17,306,1997-09-17,12.2083333333333,42.7083333333333,43.75,9.70833333333333,-1122852.5,-2762927.5,3577,12.737914691086155,42.251430715820696,43.586557405436345
1997-09-26,307,1997-09-26,14.0,39.2916666666667,45.2083333333333,9.16666666666667,-1122852.5,-2762927.5,3577,12.976298469330576,41.581115994422476,44.0389649050574
1997-10-12,308,1997-10-12,11.875,39.7083333333333,47.0416666666667,8.95833333333333,-1122852.5,-2762927.5,3577,12.201329501250278,40.42026781267663,45.98638384318812
1997-10-19,309,1997-10-19,12.2083333333333,40.625,45.6666666666667,9.04166666666667,-1122852.5,-2762927.5,3577,11.181359919748335,40.10016093297229,47.30521336248184
1997-11-04,310,1997-11-04,10.25,41.4166666666667,47.0,9.25,-1122852.5,-2762927.5,3577,9.901223776222285,39.287823760341126,49.334333751896054
1997-11-13,311,1997-11-13,9.29166666666667,40.5416666666667,48.8333333333333,8.54166666666667,-1122852.5,-2762927.5,3577,8.892527622015443,40.466241962365956,49.16470642360001
1997-11-20,312,1997-11-20,3.25,39.0,56.0,15.75,-1122877.5,-2762947.5,3577,8.123483585556666,40.37868323626236,49.99150320782701
1997-11-29,313,1997-11-29,10.2083333333333,41.125,47.1666666666667,8.54166666666667,-1122852.5,-2762927.5,3577,7.767193848462024,41.13547327285104,49.61418573685633
1997-12-06,314,1997-12-06,10.2083333333333,41.1666666666667,47.2083333333333,8.04166666666667,-1122852.5,-2762927.5,3577,8.29025399265213,41.35363037374804,48.910352031861734
1997-12-15,315,1997-12-15,8.41666666666667,39.4583333333333,50.7083333333333,7.125,-1122852.5,-2762927.5,3577,8.81501547987483,41.74798021894921,48.01965565393639
1997-12-22,316,1997-12-22,9.91666666666667,46.8333333333333,41.9583333333333,9.75,-1122852.5,-2762927.5,3577,10.13632755273469,41.78543412211518,46.70521931628045
1997-12-31,317,1997-12-31,9.125,40.1666666666667,49.2916666666667,8.625,-1122852.5,-2762927.5,3577,10.901407802721945,42.161098060859544,45.59031100477787
1998-01-16,318,1998-01-16,12.2083333333333,40.4583333333333,46.0833333333333,8.45833333333333,-1122852.5,-2762927.5,3577,11.484764590413013,41.15031717507881,45.99201920369963
1998-01-23,319,1998-01-23,12.5833333333333,39.0833333333333,46.7916666666667,8.66666666666667,-1122852.5,-2762927.5,3577,11.51592009641372,39.17939697041277,47.824750842545555
1998-02-01,320,1998-02-01,11.7083333333333,38.8333333333333,47.875,8.04166666666667,-1122852.5,-2762927.5,3577,12.227636269817094,37.655713481559225,48.62086662047238
1998-02-08,321,1998-02-08,12.7916666666667,37.25,48.5416666666667,8.29166666666667,-1122852.5,-2762927.5,3577,11.799412017289505,37.00021199130552,49.66761837233233
1998-02-17,322,1998-02-17,9.95833333333333,36.875,51.4583333333333,8.20833333333333,-1122852.5,-2762927.5,3577,11.64256731400521,36.678432635470486,50.12203843627245
1998-02-24,323,1998-02-24,12.1666666666667,32.8333333333333,53.5416666666667,7.875,-1122852.5,-2762927.5,3577,10.91741991238733,37.98152428066719,49.5655928179074
1998-03-05,324,1998-03-05,9.66666666666667,40.3333333333333,48.5416666666667,8.58333333333333,-1122852.5,-2762927.5,3577,10.205613529915423,38.033139203412155,50.26988568706085
1998-03-12,325,1998-03-12,9.25,42.0416666666667,47.3333333333333,8.375,-1122852.5,-2762927.5,3577,10.142675564887682,38.47160669567215,49.94568060937284
1998-03-21,326,1998-03-21,10.25,39.625,48.5,8.54166666666667,-1122852.5,-2762927.5,3577,9.37490708465801,39.65163512957038,49.55875226424021
1998-03-28,327,1998-03-28,11.125,36.9583333333333,50.625,8.25,-1122852.5,-2762927.5,3577,9.715793623299913,38.96466961830157,49.87900438054491
1998-04-06,328,1998-04-06,5.875,39.7916666666667,53.0,6.875,-1122852.5,-2762927.5,3577,9.327652868286155,38.969059191576605,50.30293828977287
1998-04-29,329,1998-04-29,10.6666666666667,37.7916666666667,50.125,8.0,-1122852.5,-2762927.5,3577,8.300923019188037,39.81681875915028,50.508957760498184
1998-05-15,330,1998-05-15,7.25,42.3333333333333,48.9583333333333,7.83333333333333,-1122852.5,-2762927.5,3577,7.112655791060311,40.607033961904065,50.95994266310842
1998-05-24,331,1998-05-24,6.29166666666667,41.6666666666667,50.75,8.41666666666667,-1122852.5,-2762927.5,3577,5.919315204918041,42.941818759149825,49.83369868005346
1998-05-31,332,1998-05-31,8.25,40.0416666666667,50.375,8.54166666666667,-1122852.5,-2762927.5,3577,6.080390713516742,44.02333618393334,48.59627111793568
1998-06-09,333,1998-06-09,0.0,53.0,46.0,11.0,-1122795.0,-2762865.0,3577,6.431345486298088,44.028029761769325,48.195811412522474
1998-06-16,334,1998-06-16,8.16666666666667,42.25,48.0416666666667,9.91666666666667,-1122852.5,-2762927.5,3577,6.788293749593043,43.36291288690022,48.4796831135768
1998-06-25,335,1998-06-25,8.70833333333333,39.9166666666667,49.8333333333333,8.95833333333333,-1122852.5,-2762927.5,3577,6.713250629658295,43.023668153305685,48.85269580779687
1998-07-18,336,1998-07-18,11.5,40.9583333333333,46.0833333333333,9.25,-1122852.5,-2762927.5,3577,8.690007361058695,41.90493858565986,47.92236787979106
1998-07-27,337,1998-07-27,8.91666666666667,38.4583333333333,51.1666666666667,8.58333333333333,-1122852.5,-2762927.5,3577,9.732954996498425,40.88830583760311,47.86589970915881
1998-08-03,338,1998-08-03,5.83333333333333,43.125,49.5,13.375,-1122852.5,-2762927.5,3577,10.405933591690541,39.54428543592038,48.5375783916733
1998-08-12,339,1998-08-12,11.8333333333333,40.5833333333333,46.125,8.875,-1122852.5,-2762927.5,3577,11.12035062460592,38.431685574481676,48.95976044079027
1998-08-19,340,1998-08-19,13.625,38.375,46.5833333333333,9.0,-1122852.5,-2762927.5,3577,10.646319109165802,39.00185740471535,48.91790794344242
1998-09-04,341,1998-09-04,13.9583333333333,34.9166666666667,49.625,8.5,-1122852.5,-2762927.5,3577,11.810367006572662,37.56003503719662,49.184905136136166
1998-09-13,342,1998-09-13,7.91666666666667,36.4166666666667,54.3333333333333,8.75,-1122887.5,-2762922.5,3577,12.726665620239562,36.609967560813516,49.24580978875906
1998-09-20,343,1998-09-20,13.9166666666667,36.9166666666667,47.6666666666667,8.54166666666667,-1122852.5,-2762927.5,3577,13.62035242878692,36.032424747589666,48.952726839716405
1998-09-29,344,1998-09-29,14.7083333333333,36.5,47.4583333333333,8.29166666666667,-1122852.5,-2762927.5,3577,13.530091941080638,36.11014888104133,48.988614713452584
1998-10-06,345,1998-10-06,13.125,37.1666666666667,48.3333333333333,8.625,-1122852.5,-2762927.5,3577,13.222183131623893,36.40956089833255,48.983950904609216
1998-10-15,346,1998-10-15,14.9166666666667,35.4583333333333,48.2916666666667,8.16666666666667,-1122852.5,-2762927.5,3577,13.286084529503608,36.83813425995536,48.511775891799616
1998-10-22,347,1998-10-22,11.875,37.5833333333333,49.125,8.5,-1122852.5,-2762927.5,3577,13.175820180849183,36.84450753064751,48.59107687976932
1998-10-31,348,1998-10-31,11.7916666666667,36.8333333333333,49.9166666666667,8.20833333333333,-1122852.5,-2762927.5,3577,12.045100023813408,36.81422524843025,49.69502749571669
1998-11-07,349,1998-11-07,11.2916666666667,37.5,49.7916666666667,8.5,-1122852.5,-2762927.5,3577,10.321105494091587,39.07584327436683,49.10838890211224
1998-11-16,350,1998-11-16,11.4583333333333,35.8333333333333,51.1666666666667,7.875,-1122852.5,-2762927.5,3577,11.885996485452935,35.70656433349397,50.93895462122257
1998-11-23,351,1998-11-23,10.5416666666667,40.9166666666667,47.0833333333333,9.16666666666667,-1122852.5,-2762927.5,3577,12.862220081258428,35.72579239645269,49.942639661672445
1998-12-02,352,1998-12-02,12.7916666666667,36.6666666666667,48.875,8.20833333333333,-1122852.5,-2762927.5,3577,12.618605981220217,38.153926439911466,47.71665421780807
1998-12-09,353,1998-12-09,12.7916666666667,39.7083333333333,46.125,9.0,-1122852.5,-2762927.5,3577,12.300002886688372,41.25368233417153,44.922378704879726
1998-12-25,354,1998-12-25,17.5,37.7916666666667,43.3333333333333,8.875,-1122852.5,-2762927.5,3577,11.689982102519068,44.63770143684337,42.141107731271696
1999-01-03,355,1999-01-03,14.1666666666667,36.9583333333333,47.375,8.41666666666667,-1122852.5,-2762927.5,3577,12.925351995783515,45.70991650247933,39.82847737916801
1999-01-10,356,1999-01-10,3.0,74.0,21.0,9.0,-1122915.0,-2762985.0,3577,13.670256085501737,45.91815421419999,38.86661777334571
1999-01-19,357,1999-01-19,14.2083333333333,39.1666666666667,45.25,8.70833333333333,-1122852.5,-2762927.5,3577,14.718768718379524,44.720966211284605,39.00851483397339
1999-03-31,358,1999-03-31,20.9166666666667,36.3333333333333,41.375,8.66666666666667,-1122852.5,-2762927.5,3577,15.993762944998954,43.481146304669224,38.94513304032846
1999-04-25,359,1999-04-25,21.2916666666667,36.2916666666667,40.8333333333333,8.91666666666667,-1122852.5,-2762927.5,3577,17.472580051524815,41.05672526647146,39.909755749920066
1999-05-02,360,1999-05-02,20.25,36.625,41.5416666666667,8.95833333333333,-1122852.5,-2762927.5,3577,19.22691549935846,38.95217836858122,40.34055907971715
1999-05-18,361,1999-05-18,13.625,44.2083333333333,40.6666666666667,13.7916666666667,-1122852.5,-2762927.5,3577,20.99094120533436,37.107665425384354,40.45188158074551
1999-05-27,362,1999-05-27,22.375,39.6666666666667,36.5416666666667,9.04166666666667,-1122852.5,-2762927.5,3577,20.86570305339345,37.59214675932381,40.11373649569646
1999-06-19,363,1999-06-19,20.4166666666667,40.9166666666667,37.25,9.79166666666667,-1122852.5,-2762927.5,3577,19.382070586789062,41.96008699761944,37.222813693009385
1999-06-28,364,1999-06-28,20.7083333333333,38.0416666666667,40.0833333333333,9.25,-1122852.5,-2762927.5,3577,19.656870863911266,40.299110718996346,38.6984888176781
1999-07-05,365,1999-07-05,21.6666666666667,38.875,37.9166666666667,9.375,-1122852.5,-2762927.5,3577,20.15567559375308,39.812679967085785,38.68988377463033
1999-07-06,366,1999-07-06,18.5,39.9583333333333,40.1666666666667,9.29166666666667,-1122852.5,-2762927.5,3577,20.668426645590745,39.37839546933385,38.60366375110381
1999-07-13,367,1999-07-13,18.875,40.375,39.5416666666667,9.375,-1122852.5,-2762927.5,3577,20.43437109845474,38.754671927653746,39.440344742970424
1999-07-14,368,1999-07-14,20.5833333333333,38.125,39.8333333333333,9.0,-1122852.5,-2762927.5,3577,19.617055287331,38.73575598807218,40.25297870343708
1999-07-21,369,1999-07-21,20.4166666666667,37.75,40.375,9.16666666666667,-1122852.5,-2762927.5,3577,19.9020131055705,37.36530613348942,41.32624290054012
1999-07-22,370,1999-07-22,20.5416666666667,37.5416666666667,40.4583333333333,9.08333333333333,-1122852.5,-2762927.5,3577,19.42238050906491,37.129354391732775,42.028626945803325
1999-08-07,371,1999-08-07,19.3333333333333,34.9166666666667,44.4583333333333,8.08333333333333,-1122852.5,-2762927.5,3577,18.982285645208492,36.251357646476094,43.329607698796266
1999-08-14,372,1999-08-14,16.3333333333333,34.6666666666667,47.4166666666667,8.79166666666667,-1122852.5,-2762927.5,3577,18.09209040519095,35.8881961539894,44.53358950585566
1999-08-15,373,1999-08-15,18.3333333333333,36.7916666666667,43.4166666666667,8.83333333333333,-1122852.5,-2762927.5,3577,18.062239110064656,35.71849639311773,44.719549716651954
1999-08-22,374,1999-08-22,17.25,36.4583333333333,44.7916666666667,9.16666666666667,-1122852.5,-2762927.5,3577,17.92658488842885,35.69513203210994,44.87190062865501
1999-08-23,375,1999-08-23,17.625,37.8333333333333,42.9583333333333,9.04166666666667,-1122852.5,-2762927.5,3577,17.7658126414929,35.38834404379768,45.31581319335605
1999-08-30,376,1999-08-30,17.9583333333333,32.0,48.5,7.04166666666667,-1122852.5,-2762927.5,3577,17.04602885883362,35.61181148723868,45.81538252464995
1999-09-07,377,1999-09-07,18.125,36.6666666666667,43.75,8.875,-1122852.5,-2762927.5,3577,17.049237489273175,36.02059690597214,45.39725112803109
1999-09-08,378,1999-09-08,18.3333333333333,35.7083333333333,44.375,8.79166666666667,-1122852.5,-2762927.5,3577,16.47089834223077,36.30037608690772,45.714867706802224
1999-09-15,379,1999-09-15,9.88235294117647,37.3529411764706,51.2941176470588,7.05882352941176,-1122837.35294118,-2762926.76470588,3577,14.929507839899472,37.01983680574479,46.509619800469224
1999-09-23,380,1999-09-23,15.3333333333333,38.0416666666667,45.125,9.0,-1122852.5,-2762927.5,3577,14.60803734514943,37.46434707127832,46.39123439772327
1999-09-24,381,1999-09-24,15.3333333333333,39.5833333333333,43.5,8.875,-1122852.5,-2762927.5,3577,13.905318882641343,38.14850657986683,46.433716026035064
1999-10-01,382,1999-10-01,15.75,37.75,44.9583333333333,8.875,-1122852.5,-2762927.5,3577,13.477112072071769,38.85941451462317,46.17610956738325
1999-10-10,383,1999-10-10,9.75,38.25,50.625,7.125,-1122830.625,-2762915.625,3577,13.299292482198489,38.753885348411714,46.5239680303975
1999-10-17,384,1999-10-17,13.875,38.6666666666667,46.0416666666667,8.875,-1122852.5,-2762927.5,3577,13.211556120365394,39.48677304802353,45.93939870131847
1999-10-18,385,1999-10-18,15.75,39.0,44.0,8.625,-1122852.5,-2762927.5,3577,13.178873277934596,39.69968591970308,45.80310461130171
1999-10-25,386,1999-10-25,9.43478260869565,42.7826086956522,46.5217391304348,7.0,-1122852.39130435,-2762925.0,3577,12.297049017271187,40.157628089442355,46.250676727199604
1999-10-26,387,1999-10-26,13.875,38.875,45.875,8.54166666666667,-1122852.5,-2762927.5,3577,13.12476922166792,38.92639653835062,46.61546725472873
1999-11-02,388,1999-11-02,13.4583333333333,39.0416666666667,46.1666666666667,8.75,-1122852.5,-2762927.5,3577,13.714812933060312,38.87076248783167,45.998977970467955
1999-11-03,389,1999-11-03,13.7916666666667,39.1666666666667,45.5416666666667,6.75,-1122852.5,-2762927.5,3577,13.995590227735804,38.95377750081707,45.598105185963504
1999-11-10,390,1999-11-10,14.1666666666667,37.5833333333333,46.7916666666667,8.625,-1122852.5,-2762927.5,3577,13.288392312804785,39.555267370260125,45.71904919013538
1999-11-19,391,1999-11-19,13.2083333333333,39.0416666666667,46.2083333333333,8.33333333333333,-1122852.5,-2762927.5,3577,12.92574715072503,41.20992054227743,44.43836614432599
1999-11-26,392,1999-11-26,13.875,40.9166666666667,43.8333333333333,8.875,-1122852.5,-2762927.5,3577,12.906452764490272,41.68068191361417,44.048874815744654
1999-12-05,393,1999-12-05,9.95833333333333,50.625,38.2083333333333,8.875,-1122852.5,-2762927.5,3577,11.673882137065203,43.179271305257586,43.84204945119284
1999-12-13,394,1999-12-13,11.3333333333333,40.5833333333333,46.9166666666667,7.875,-1122852.5,-2762927.5,3577,11.843033514471353,42.43485912951222,44.39675121059905
1999-12-20,395,1999-12-20,12.0,42.3333333333333,44.25,9.66666666666667,-1122852.5,-2762927.5,3577,12.014113208770825,42.5023514497135,44.137884260555666
1999-12-21,396,1999-12-21,14.0833333333333,41.25,43.2083333333333,8.75,-1122852.5,-2762927.5,3577,13.187937062935067,42.98084320219898,42.45268714772723
1999-12-29,397,1999-12-29,15.4583333333333,38.5833333333333,44.5833333333333,8.875,-1122852.5,-2762927.5,3577,14.247609459681613,42.984973875447295,41.35984758275161
2000-01-14,398,2000-01-14,13.3333333333333,48.2222222222222,36.8888888888889,13.6666666666667,-1122895.0,-2762945.0,3577,16.41404158276976,43.92875889160061,38.214248943345396
2000-01-21,399,2000-01-21,19.5833333333333,41.8333333333333,37.0833333333333,9.20833333333333,-1122852.5,-2762927.5,3577,17.784697114028805,44.46385322623047,36.29265806432447
2000-01-30,400,2000-01-30,17.5416666666667,51.75,29.5416666666667,11.2083333333333,-1122852.5,-2762927.5,3577,18.194803777231385,45.25346583240643,35.12413309084611
2000-02-06,401,2000-02-06,20.25,42.1666666666667,36.1666666666667,9.66666666666667,-1122852.5,-2762927.5,3577,18.579531923182387,44.04037186582967,35.98618327836057
2000-02-22,402,2000-02-22,18.2083333333333,40.5833333333333,39.7083333333333,7.91666666666667,-1122852.5,-2762927.5,3577,18.825445452377622,42.936755324132804,36.864378784264915
2000-03-02,403,2000-03-02,21.375,41.8333333333333,35.375,9.58333333333333,-1122852.5,-2762927.5,3577,19.414214784180935,41.43789195839659,37.81143057148683
2000-04-10,404,2000-04-10,14.875,37.3333333333333,46.4583333333333,9.875,-1122852.5,-2762927.5,3577,20.152825889277995,39.87884711607025,38.62025740856431
2000-04-26,405,2000-04-26,22.5416666666667,42.6666666666667,33.5833333333333,9.91666666666667,-1122852.5,-2762927.5,3577,20.672210916015885,40.06263666673283,37.898610419502575
2000-05-05,406,2000-05-05,22.75,40.8333333333333,35.0416666666667,9.66666666666667,-1122852.5,-2762927.5,3577,22.06465825196146,39.62154228639704,36.92660139137914
2000-05-12,407,2000-05-12,23.5416666666667,40.125,34.9583333333333,9.66666666666667,-1122852.5,-2762927.5,3577,22.622411901820293,41.12294774368462,34.90173796790921
2000-06-06,408,2000-06-06,23.7083333333333,40.7083333333333,34.0833333333333,9.66666666666667,-1122852.5,-2762927.5,3577,23.28261779499821,41.12826647036559,34.21827617686239
2000-06-13,409,2000-06-13,22.4583333333333,40.9166666666667,35.125,9.66666666666667,-1122852.5,-2762927.5,3577,23.253480265860674,41.4439909935204,33.88575652932731
2000-06-22,410,2000-06-22,22.0,42.875,33.875,10.0,-1122852.5,-2762927.5,3577,22.880213182067322,42.10457937314894,33.556392395009674
2000-06-29,411,2000-06-29,22.4583333333333,41.875,34.1666666666667,9.79166666666667,-1122852.5,-2762927.5,3577,21.76308662956943,42.33028967935457,34.44228784630748
2000-07-08,412,2000-07-08,21.0,44.125,33.5,10.2916666666667,-1122852.5,-2762927.5,3577,21.61799977627828,43.02332445675458,33.87186703904465
2000-07-15,413,2000-07-15,22.0,41.5416666666667,34.7916666666667,10.0416666666667,-1122852.5,-2762927.5,3577,21.043414016321094,43.14237967913796,34.31460412651852
2000-07-24,414,2000-07-24,20.375,43.2916666666667,34.75,10.0,-1122852.5,-2762927.5,3577,20.597519611448433,42.54728308326745,35.33145878888384
2000-07-31,415,2000-07-31,20.0416666666667,42.5416666666667,36.0,10.0,-1122852.5,-2762927.5,3577,20.397667734738995,41.75730513036391,36.34140975123404
2000-08-09,416,2000-08-09,20.4166666666667,40.2083333333333,37.9583333333333,9.54166666666667,-1122852.5,-2762927.5,3577,19.81362626021773,40.494872516538294,38.22079300987398
2000-08-25,417,2000-08-25,18.4583333333333,39.8333333333333,40.2083333333333,9.375,-1122852.5,-2762927.5,3577,19.469828674934135,39.84697745494363,39.292631903694144
2000-09-01,418,2000-09-01,19.4583333333333,39.5,39.7916666666667,9.375,-1122852.5,-2762927.5,3577,19.283313306917243,39.37168571881604,40.00311762540268
2000-09-10,419,2000-09-10,19.4166666666667,37.875,41.2916666666667,9.0,-1122852.5,-2762927.5,3577,18.71043430253678,40.11112404107159,39.86726186609492
2000-09-17,420,2000-09-17,18.2916666666667,40.7083333333333,39.7916666666667,9.54166666666667,-1122852.5,-2762927.5,3577,18.360315767820772,39.406900632900914,40.87078092185841
2000-09-26,421,2000-09-26,16.5416666666667,40.75,41.2083333333333,9.04166666666667,-1122852.5,-2762927.5,3577,17.4967867529761,40.17367681337669,40.92467091731186
2000-10-03,422,2000-10-03,17.7083333333333,43.4583333333333,37.5,9.95833333333333,-1122852.5,-2762927.5,3577,16.234448858672444,41.71846020336108,40.613293569169855
2000-10-19,423,2000-10-19,14.75,41.125,42.5833333333333,9.41666666666667,-1122852.5,-2762927.5,3577,15.17840737693452,42.83860424920155,40.519868547339264
2000-10-28,424,2000-10-28,13.75,42.1666666666667,42.5,9.29166666666667,-1122852.5,-2762927.5,3577,14.182112263379477,43.66904908816019,40.650654556995214
2000-11-04,425,2000-11-04,13.8333333333333,41.5833333333333,43.125,9.5,-1122852.5,-2762927.5,3577,13.327614078386068,44.34913796213442,40.84780557419266
2000-11-13,426,2000-11-13,11.625,51.7083333333333,35.2916666666667,11.3333333333333,-1122852.5,-2762927.5,3577,13.03875201166028,43.89937809867493,41.59656790577222
2000-11-20,427,2000-11-20,12.875,42.3333333333333,43.375,9.58333333333333,-1122852.5,-2762927.5,3577,12.852078777773464,43.9135391182539,41.81146665511366
2000-11-29,428,2000-11-29,13.7916666666667,40.4166666666667,44.3333333333333,9.29166666666667,-1122852.5,-2762927.5,3577,12.38291945412505,43.07932895277452,43.10507281675369
2000-12-06,429,2000-12-06,11.1666666666667,43.3333333333333,44.0416666666667,10.25,-1122852.5,-2762927.5,3577,10.975204233329542,42.42621890492773,45.16045306601909
2000-12-22,430,2000-12-22,10.7916666666667,42.7916666666667,45.0416666666667,10.0,-1122852.5,-2762927.5,3577,10.443952203625582,43.529053634697284,44.60272016424601
2000-12-31,431,2000-12-31,11.7083333333333,41.5833333333333,45.2083333333333,9.875,-1122852.5,-2762927.5,3577,10.82447660698274,44.51155433832787,43.231666810994724
2001-01-07,432,2001-01-07,8.125,46.0,44.4166666666667,10.9583333333333,-1122852.5,-2762927.5,3577,11.147665028468325,43.96446213744318,43.45143143749307
2001-01-16,433,2001-01-16,9.75,43.0,45.7916666666667,10.375,-1122852.5,-2762927.5,3577,11.787564860318522,43.18758163920055,43.5614242568512
2001-02-24,434,2001-02-24,14.1666666666667,46.5833333333333,37.875,11.375,-1122852.5,-2762927.5,3577,12.822253855533672,40.64676203568783,45.04765745090151
2001-03-05,435,2001-03-05,20.125,40.0833333333333,38.375,9.75,-1122852.5,-2762927.5,3577,13.614408553261011,37.555261173289594,47.31970995979577
2001-03-12,436,2001-03-12,11.0,25.7,61.5,18.1,-1122876.0,-2762961.0,3577,15.125204774583324,35.234242640738906,48.095931029747376
2001-03-21,437,2001-03-21,11.75,33.0,53.75,10.375,-1122852.5,-2762927.5,3577,14.590218089441912,34.70447509146681,49.14779041906789
2001-03-28,438,2001-03-28,15.2083333333333,40.3333333333333,42.9583333333333,10.2083333333333,-1122852.5,-2762927.5,3577,13.511078575705024,37.09453098500532,47.86726908281919
2001-04-06,439,2001-04-06,12.375,41.0416666666667,45.1666666666667,9.875,-1122852.5,-2762927.5,3577,11.410620854891583,40.55530537573276,46.54978007028396
2001-04-13,440,2001-04-13,12.375,41.625,44.4583333333333,10.1666666666667,-1122852.5,-2762927.5,3577,10.003302553997644,43.95097768587824,44.622810625899945
2001-04-29,441,2001-04-29,10.3333333333333,50.5416666666667,37.75,12.875,-1122852.5,-2762927.5,3577,10.117638037915158,46.84728903706531,41.650034820694245
2001-05-08,442,2001-05-08,3.0,50.5833333333333,45.1666666666667,16.9166666666667,-1122852.5,-2762927.5,3577,10.983666746049003,47.176027661701724,40.45430189005437
2001-05-15,443,2001-05-15,16.0416666666667,44.2083333333333,38.4166666666667,11.2916666666667,-1122852.5,-2762927.5,3577,11.42644352551303,45.41290494850187,41.771636645082424
2001-05-24,444,2001-05-24,12.75,38.375,47.3333333333333,9.83333333333333,-1122852.5,-2762927.5,3577,13.181903880431324,44.26813653322279,41.209742398977724
2001-06-16,445,2001-06-16,16.3333333333333,45.0,37.3333333333333,11.4583333333333,-1122852.5,-2762927.5,3577,14.942393390920564,43.72224898423934,40.01773239659637
2001-06-25,446,2001-06-25,16.25,43.25,39.125,10.8333333333333,-1122852.5,-2762927.5,3577,15.681890349070656,43.003222267921714,39.984995525624214
2001-07-02,447,2001-07-02,14.625,44.5833333333333,39.625,11.0833333333333,-1122852.5,-2762927.5,3577,15.499136699211762,42.669718439448886,40.47253765325914
2001-07-11,448,2001-07-11,15.3333333333333,43.7083333333333,39.7083333333333,11.1666666666667,-1122852.5,-2762927.5,3577,14.627625985982911,43.63471281040287,40.37276101091286
2001-07-27,449,2001-07-27,11.9583333333333,42.5,44.0,10.9583333333333,-1122852.5,-2762927.5,3577,12.651696471741008,43.67124026643495,42.31670870408628
2001-08-12,450,2001-08-12,10.125,43.9583333333333,44.4166666666667,10.8333333333333,-1122852.5,-2762927.5,3577,12.116563647908588,42.15318401927676,44.32429709093134
2001-08-19,451,2001-08-19,11.75,39.9583333333333,46.8333333333333,10.2083333333333,-1122852.5,-2762927.5,3577,10.411377708976776,41.00036534672143,47.116746772312496
2001-08-28,452,2001-08-28,10.7916666666667,40.5833333333333,47.2916666666667,10.0833333333333,-1122852.5,-2762927.5,3577,9.494588357977044,41.225364805466995,47.799726846933325
2001-09-04,453,2001-09-04,10.2916666666667,41.0416666666667,47.2083333333333,10.1666666666667,-1122852.5,-2762927.5,3577,8.997080834540808,41.083980132348614,48.46223938599374
2001-09-13,454,2001-09-13,6.41666666666667,40.125,52.0,6.33333333333333,-1122852.5,-2762927.5,3577,9.069149761485885,41.467006935266994,48.05211558306813
2001-09-20,455,2001-09-20,9.125,42.6666666666667,46.7083333333333,10.125,-1122852.5,-2762927.5,3577,9.995754761233155,41.27964540618723,47.35481121045427
2001-09-29,456,2001-09-29,9.875,44.375,44.4583333333333,10.9166666666667,-1122852.5,-2762927.5,3577,10.424396681748071,41.4563875237188,46.7502282289364
2001-10-15,457,2001-10-15,12.5416666666667,39.7083333333333,46.4583333333333,9.66666666666667,-1122852.5,-2762927.5,3577,10.729164411438354,41.83069020761894,46.08136497145096
2001-10-22,458,2001-10-22,12.3333333333333,40.125,46.1666666666667,10.0833333333333,-1122852.5,-2762927.5,3577,10.78204406532419,41.14975968303525,46.66660983494651
2001-10-31,459,2001-10-31,10.9166666666667,41.3333333333333,46.2916666666667,10.0,-1122852.5,-2762927.5,3577,10.846347795649585,41.70637038399572,46.03549456219047
2001-11-07,460,2001-11-07,9.0,40.9166666666667,48.7083333333333,10.2083333333333,-1122852.5,-2762927.5,3577,10.111202176007769,41.299293427055765,47.15288084741416
2001-11-16,461,2001-11-16,6.625,43.8333333333333,47.9583333333333,10.1666666666667,-1122852.5,-2762927.5,3577,8.653817703292479,41.30068229975328,48.59358712058032
2001-11-23,462,2001-11-23,8.33333333333333,40.2083333333333,49.9583333333333,10.0833333333333,-1122852.5,-2762927.5,3577,7.9683463317650025,40.821561882582216,49.73124747760819
2001-12-02,463,2001-12-02,7.91666666666667,40.9166666666667,49.7083333333333,9.75,-1122852.5,-2762927.5,3577,6.459939401710286,41.36298366632353,50.71285919168582
2001-12-18,464,2001-12-18,8.04166666666667,42.5416666666667,48.2083333333333,9.875,-1122852.5,-2762927.5,3577,6.01701863469457,40.8409766783128,51.715737832454295
2001-12-25,465,2001-12-25,3.69230769230769,36.2307692307692,58.5384615384615,9.76923076923077,-1122861.92307692,-2762897.30769231,3577,5.869079578831018,41.113933151465716,51.58597104648963
2002-01-03,466,2002-01-03,6.625,44.25,47.625,10.75,-1122852.5,-2762927.5,3577,6.311779472412013,41.244400653718145,51.03304281849006
2002-01-10,467,2002-01-10,6.45833333333333,40.4166666666667,51.6666666666667,10.25,-1122852.5,-2762927.5,3577,7.330339641305435,41.463067921593534,49.776627080144294
2002-01-26,468,2002-01-26,7.04166666666667,45.875,45.75,11.9166666666667,-1122852.5,-2762927.5,3577,8.808021362616369,41.42527073822597,48.29746093391476
2002-02-04,469,2002-02-04,15.7083333333333,37.875,44.9583333333333,10.0,-1122852.5,-2762927.5,3577,12.206299535185526,42.00169787344677,44.32402077361523
2002-02-11,470,2002-02-11,13.2083333333333,43.125,42.0833333333333,10.3333333333333,-1122852.5,-2762927.5,3577,15.083923855772031,42.257275847112346,41.19220568666248
2002-02-20,471,2002-02-20,17.2916666666667,39.5,41.8333333333333,10.0416666666667,-1122852.5,-2762927.5,3577,16.94883357551561,41.791126155147396,39.797310782758274
2002-03-08,472,2002-03-08,18.3333333333333,42.7083333333333,37.3333333333333,10.4166666666667,-1122852.5,-2762927.5,3577,18.081417982548956,40.69081314029256,39.75707785657562
2002-03-15,473,2002-03-15,19.6666666666667,41.7083333333333,37.2916666666667,10.3333333333333,-1122852.5,-2762927.5,3577,18.519000948359874,40.484447744321486,39.49086718083121
2002-03-24,474,2002-03-24,19.5,42.75,36.2083333333333,10.625,-1122852.5,-2762927.5,3577,18.390101263391188,40.33328706138155,39.75275965459308
2002-03-31,475,2002-03-31,12.9166666666667,34.25,51.2083333333333,11.0416666666667,-1122852.5,-2762927.5,3577,17.299528280858794,39.97294911274008,41.16316071774388
2002-04-09,476,2002-04-09,18.4583333333333,40.125,39.875,10.125,-1122852.5,-2762927.5,3577,17.098500343216415,39.56844055901014,41.70821669830789
2002-04-16,477,2002-04-16,18.625,41.2916666666667,38.5,10.2916666666667,-1122852.5,-2762927.5,3577,16.804344277707266,40.070155964044545,41.498805950311315
2002-04-25,478,2002-04-25,14.2941176470588,39.7058823529412,44.1764705882353,14.3529411764706,-1122855.0,-2762921.47058824,3577,16.155621256055912,39.2299142610503,43.05628870764359
2002-05-02,479,2002-05-02,16.375,40.2916666666667,41.875,10.25,-1122852.5,-2762927.5,3577,15.290150782863844,38.85142783974385,44.28769417766662
2002-05-11,480,2002-05-11,13.375,36.2916666666667,48.75,8.66666666666667,-1122852.5,-2762927.5,3577,14.238797094968712,38.08400072124236,46.13752255756667
2002-05-27,481,2002-05-27,16.9166666666667,40.9583333333333,40.7916666666667,10.4583333333333,-1122852.5,-2762927.5,3577,13.544916793275739,37.58575916130902,47.32697677784387
2002-06-03,482,2002-06-03,11.1666666666667,32.5416666666667,54.8333333333333,7.91666666666667,-1122852.5,-2762927.5,3577,12.66743280697747,36.69887554926163,49.08749934730352
2002-06-12,483,2002-06-12,8.91666666666667,35.9166666666667,53.375,14.0833333333333,-1122852.5,-2762927.5,3577,13.344464442554806,37.49354623097463,47.60182253094946
2002-06-19,484,2002-06-19,16.1666666666667,40.875,41.1666666666667,10.4583333333333,-1122852.5,-2762927.5,3577,14.260196118758026,38.51881511767569,45.61558132421138
2002-06-28,485,2002-06-28,15.625,40.0416666666667,42.9583333333333,9.875,-1122852.5,-2762927.5,3577,14.73400879761069,39.53200421413727,44.09684548438216
2002-07-05,486,2002-07-05,17.2916666666667,41.4583333333333,39.6666666666667,10.5833333333333,-1122852.5,-2762927.5,3577,14.836682796045917,40.127559231268414,43.42102827512395
2002-07-14,487,2002-07-14,14.375,40.125,43.875,10.0833333333333,-1122852.5,-2762927.5,3577,15.953094892721005,41.21221412745565,41.26907470753602
2002-07-30,488,2002-07-30,15.2916666666667,40.0416666666667,43.0833333333333,10.0416666666667,-1122852.5,-2762927.5,3577,15.874532717022628,41.45856426854258,41.178456991918324
2002-08-06,489,2002-08-06,13.625,39.4583333333333,45.4583333333333,10.1666666666667,-1122852.5,-2762927.5,3577,14.250274235566248,39.40354936600478,44.86790866511556
2002-08-15,490,2002-08-15,12.2916666666667,39.1666666666667,47.125,9.5,-1122852.5,-2762927.5,3577,12.605980319987744,37.90031988135137,47.98534192844619
2002-08-22,491,2002-08-22,13.6666666666667,38.3333333333333,46.4583333333333,9.83333333333333,-1122852.5,-2762927.5,3577,11.721888147969999,36.98920919121606,49.7450818015759
2002-08-31,492,2002-08-31,14.25,37.7916666666667,46.5,9.375,-1122852.5,-2762927.5,3577,11.276350068918045,36.348621064172924,50.848875453744014
2002-09-07,493,2002-09-07,3.375,29.5416666666667,65.375,20.0416666666667,-1122852.5,-2762927.5,3577,10.962035513504468,36.29777742896397,51.17538447104246
2002-09-16,494,2002-09-16,13.7083333333333,37.4166666666667,47.2916666666667,9.375,-1122852.5,-2762927.5,3577,10.32239458168097,36.686784191035684,51.430816861149744
2002-09-23,495,2002-09-23,11.5,39.4583333333333,47.5416666666667,9.41666666666667,-1122852.5,-2762927.5,3577,11.326270865355866,35.634930214259256,51.4953695685043
2002-10-02,496,2002-10-02,11.5416666666667,38.5416666666667,48.375,9.0,-1122852.5,-2762927.5,3577,11.520975412614561,36.55880368341123,50.42399074093369
2002-10-18,497,2002-10-18,12.4166666666667,37.7083333333333,48.5,9.0,-1122852.5,-2762927.5,3577,11.178120512097173,38.40340773776732,48.94667832167103
2002-10-25,498,2002-10-25,9.125,37.125,52.25,8.08333333333333,-1122852.5,-2762927.5,3577,11.607016822185368,40.381541059553584,46.51392286763111
2002-11-03,499,2002-11-03,12.3333333333333,38.8333333333333,47.4166666666667,9.08333333333333,-1122852.5,-2762927.5,3577,10.35214170125233,41.422492431983585,46.72538344159847
2002-11-10,500,2002-11-10,10.7083333333333,41.625,46.0416666666667,10.0416666666667,-1122852.5,-2762927.5,3577,8.676617204502438,42.098962691221004,47.72271318949262
2002-11-26,501,2002-11-26,3.0,53.125,42.375,14.0416666666667,-1122852.5,-2762927.5,3577,8.199808098777897,43.43040396893781,46.89362673991368
2002-12-12,502,2002-12-12,9.625,38.9583333333333,49.875,9.875,-1122852.5,-2762927.5,3577,7.394394578285288,42.89078849729729,48.27413432193261
2002-12-21,503,2002-12-21,8.66666666666667,39.9166666666667,50.0833333333333,9.79166666666667,-1122852.5,-2762927.5,3577,6.877332594254716,42.082025620218204,49.639725993661386
2002-12-28,504,2002-12-28,3.7,39.8,55.3,18.0,-1122849.0,-2762931.0,3577,6.768710040034849,40.255498306398316,51.601339657724225
2003-01-06,505,2003-01-06,11.4166666666667,40.5,46.6666666666667,9.79166666666667,-1122852.5,-2762927.5,3577,7.199663498947631,38.162888923127255,53.239628238869045
2003-01-13,506,2003-01-13,5.58823529411765,34.1176470588235,58.7647058823529,11.1176470588235,-1122842.64705882,-2762944.41176471,3577,9.024675364093078,36.888172062861486,52.65393869772978
2003-01-22,507,2003-01-22,11.6666666666667,37.2083333333333,49.6666666666667,9.25,-1122852.5,-2762927.5,3577,10.998037660904812,36.989717280528524,50.528886774451536
2003-01-29,508,2003-01-29,11.7083333333333,41.125,45.625,10.125,-1122852.5,-2762927.5,3577,13.329853385852136,37.65809903384461,47.49676605795001
2003-02-07,509,2003-02-07,16.1666666666667,34.7083333333333,47.5416666666667,7.83333333333333,-1122852.5,-2762927.5,3577,15.821282903490072,37.69137308390066,44.97807594350586
2003-02-23,510,2003-02-23,18.5,39.5833333333333,40.5,9.125,-1122852.5,-2762927.5,3577,16.662036314772408,38.42152543322064,43.44878584430158
2003-03-11,511,2003-03-11,18.1666666666667,39.9583333333333,40.5,10.2083333333333,-1122852.5,-2762927.5,3577,16.677648692135836,40.54828466924926,41.36792662733359
2003-03-18,512,2003-03-18,16.875,40.0,41.75,9.91666666666667,-1122852.5,-2762927.5,3577,16.744628527543547,41.543199955504775,40.28965553507385
2003-03-27,513,2003-03-27,14.7916666666667,41.4583333333333,42.2916666666667,10.375,-1122852.5,-2762927.5,3577,15.570573127926036,41.56559594869388,41.415290580384095
2003-04-03,514,2003-04-03,11.0625,46.25,41.3125,11.6875,-1122853.125,-2762940.0,3577,15.452022757941517,41.58888840776763,41.548323644873165
2003-04-12,515,2003-04-12,17.5416666666667,38.8333333333333,42.0833333333333,9.54166666666667,-1122852.5,-2762927.5,3577,15.503752246203494,41.113239443728645,41.964071081131365
2003-04-19,516,2003-04-19,18.625,42.25,37.7083333333333,10.4583333333333,-1122852.5,-2762927.5,3577,16.703432274637223,39.91927100246937,41.97293727943255
2003-04-28,517,2003-04-28,17.0833333333333,33.6666666666667,47.7916666666667,8.33333333333333,-1122852.5,-2762927.5,3577,18.079300536921686,39.52386751534769,41.00887612129259
2003-05-05,518,2003-05-05,20.0416666666667,41.625,37.1666666666667,10.375,-1122852.5,-2762927.5,3577,19.467836407655494,39.540436214965915,39.64407335440025
2003-05-13,519,2003-05-13,20.0416666666667,39.0416666666667,39.5833333333333,10.3333333333333,-1122852.5,-2762927.5,3577,20.033999346883355,39.4512501172659,39.08273750242981
2003-05-14,520,2003-05-14,20.0,41.4583333333333,36.875,10.6666666666667,-1122852.5,-2762927.5,3577,20.556147928435884,39.62826647036582,38.3157714318648
2003-05-30,521,2003-05-30,20.375,41.6666666666667,36.5416666666667,10.5,-1122852.5,-2762927.5,3577,20.162086301208667,40.47930333339946,37.83550511665274
2003-06-30,522,2003-06-30,19.8333333333333,39.4583333333333,39.0416666666667,11.4166666666667,-1122852.5,-2762927.5,3577,20.450692625225166,40.61124221495132,37.38194609827181
2003-07-09,523,2003-07-09,21.0,40.0,37.4166666666667,10.875,-1122852.5,-2762927.5,3577,20.232719550827973,40.68344284713646,37.54973676993242
2003-07-16,524,2003-07-16,19.5833333333333,37.9166666666667,40.7916666666667,10.2083333333333,-1122852.5,-2762927.5,3577,19.722229138247847,39.95826297025391,38.807894376000064
2003-07-17,525,2003-07-17,21.0,42.0,36.0,10.0,-1122915.0,-2762985.0,3577,19.580517908301353,39.99938748041866,38.958940440358774
2003-07-24,526,2003-07-24,16.5,42.125,39.875,10.5,-1122840.0,-2762880.0,3577,19.458069020759602,40.37086752256428,38.734679793884524
2003-07-25,527,2003-07-25,20.2916666666667,39.2916666666667,38.8333333333333,10.3333333333333,-1122852.5,-2762927.5,3577,19.15649830045828,40.51142497852419,38.88384770543631
2003-08-01,528,2003-08-01,18.5833333333333,38.4583333333333,41.4583333333333,10.5,-1122852.5,-2762927.5,3577,18.552507090430016,40.379173071504496,39.596296376476204
2003-08-02,529,2003-08-02,18.5833333333333,41.2083333333333,38.625,10.5833333333333,-1122852.5,-2762927.5,3577,17.88422928979938,39.655463602439085,40.92757023677463
2003-08-10,530,2003-08-10,17.6666666666667,38.9166666666667,41.9583333333333,10.3333333333333,-1122852.5,-2762927.5,3577,17.24894365180485,38.95039673947759,42.2488326946468
2003-08-17,531,2003-08-17,16.25,40.5833333333333,41.6666666666667,10.1666666666667,-1122852.5,-2762927.5,3577,16.495632076898957,38.10521173871997,43.8059377413027
2003-08-18,532,2003-08-18,14.2916666666667,34.2083333333333,49.8333333333333,10.0416666666667,-1122852.5,-2762927.5,3577,15.748325719685589,38.1475829382119,44.55611906153034
2003-08-25,533,2003-08-25,14.9583333333333,39.625,43.8333333333333,10.25,-1122852.5,-2762927.5,3577,14.584458240415804,38.507018265526426,45.37338976811982
2003-08-26,534,2003-08-26,15.3333333333333,37.875,45.375,9.83333333333333,-1122852.5,-2762927.5,3577,14.571796856392192,38.149665143931884,45.749044685957344
2003-09-02,535,2003-09-02,13.8333333333333,39.25,45.3333333333333,10.0,-1122852.5,-2762927.5,3577,13.980718221639279,38.55487565253383,45.94784406886168
2003-09-11,536,2003-09-11,13.6666666666667,39.5,45.25,9.41666666666667,-1122852.5,-2762927.5,3577,13.610400088698068,39.4109636329462,45.46807100863556
2003-09-18,537,2003-09-18,12.7083333333333,40.3333333333333,45.6666666666667,9.79166666666667,-1122852.5,-2762927.5,3577,13.233559233240618,39.56436015199146,45.73081080894217
2003-09-19,538,2003-09-19,13.1818181818182,39.4545454545455,45.9090909090909,9.5,-1122856.36363636,-2762933.18181818,3577,12.477484636573678,40.50117657227242,45.54487228691446
2003-09-26,539,2003-09-26,12.2,38.85,47.25,9.85,-1122855.0,-2762940.0,3577,11.810584864987835,40.064362136590894,46.6398484946825
2003-10-04,540,2003-10-04,9.75,43.1666666666667,45.7083333333333,9.5,-1122852.5,-2762927.5,3577,11.556956705456248,40.82051749497664,46.158400235651975
2003-10-12,541,2003-10-12,12.35,39.65,46.6,9.45,-1122855.0,-2762940.0,3577,11.135708664633263,40.83717392701443,46.592651454458434
2003-10-13,542,2003-10-13,10.375,41.875,46.3333333333333,8.375,-1122852.5,-2762927.5,3577,10.539187979201888,41.3961720683795,46.64980027711527
2003-10-20,543,2003-10-20,9.875,43.8333333333333,44.8333333333333,9.25,-1122852.5,-2762927.5,3577,10.00871174748735,42.87018824827781,45.733104743546804
2003-10-21,544,2003-10-21,10.7916666666667,40.2083333333333,47.75,9.41666666666667,-1122852.5,-2762927.5,3577,9.611653284794267,43.898520390851274,45.15675269002767
2003-11-05,545,2003-11-05,8.58333333333333,46.75,43.2916666666667,9.70833333333333,-1122852.5,-2762927.5,3577,9.468242155160253,44.239112667511606,44.93824557794474
2003-11-13,546,2003-11-13,8.14285714285714,44.5,46.0,9.92857142857143,-1122850.71428571,-2762897.14285714,3577,9.128542046187743,45.29995489545894,44.20456006840796
2003-11-14,547,2003-11-14,9.70833333333333,48.2083333333333,40.75,9.33333333333333,-1122852.5,-2762927.5,3577,9.006531394300945,46.12143674178587,43.53716703832153
2003-11-21,548,2003-11-21,9.5,45.3333333333333,43.75,9.29166666666667,-1122852.5,-2762927.5,3577,9.328420805199595,45.41468026297069,43.90358544963153
2003-11-22,549,2003-11-22,9.70833333333333,41.5416666666667,47.4166666666667,8.58333333333333,-1122852.5,-2762927.5,3577,9.509050031494429,44.506502269653524,44.613906088744635
2003-11-30,550,2003-11-30,9.125,46.5,43.0,9.20833333333333,-1122852.5,-2762927.5,3577,9.390518923799258,44.36866010665659,44.874249460543076
2003-12-07,551,2003-12-07,9.33333333333333,45.6666666666667,43.75,9.58333333333333,-1122852.5,-2762927.5,3577,9.406113365477292,43.89468452083898,45.35319015349299
2003-12-08,552,2003-12-08,10.0416666666667,39.4166666666667,49.0416666666667,9.33333333333333,-1122852.5,-2762927.5,3577,9.151525332251525,44.28734114182371,45.19817308593725
2003-12-15,553,2003-12-15,8.375,44.0416666666667,46.1666666666667,10.25,-1122852.5,-2762927.5,3577,9.047118996491418,43.86710744457065,45.69081169791157
2003-12-16,554,2003-12-16,9.08333333333333,46.5833333333333,43.0416666666667,9.04166666666667,-1122852.5,-2762927.5,3577,9.38338321074601,43.32330667736719,45.85386237507002
2003-12-23,555,2003-12-23,8.66666666666667,45.25,44.625,9.5,-1122852.5,-2762927.5,3577,9.68681510814774,42.342605267415976,46.49991749969949
2003-12-24,556,2003-12-24,11.2272727272727,38.2272727272727,48.9545454545455,9.09090909090909,-1122848.18181818,-2762922.27272727,3577,9.85038161716173,41.34844031800209,47.30607239883906
2004-01-09,557,2004-01-09,9.70833333333333,39.8333333333333,48.9166666666667,9.125,-1122852.5,-2762927.5,3577,9.574614872882501,41.4418839557041,47.46929152093094
2004-01-16,558,2004-01-16,9.70833333333333,39.6666666666667,49.125,9.66666666666667,-1122852.5,-2762927.5,3577,9.747604129146428,40.92279555278521,47.83984929836313
2004-01-17,559,2004-01-17,9.25,41.9583333333333,47.375,8.95833333333333,-1122852.5,-2762927.5,3577,9.121863266669106,40.30731146140057,49.08299291710464
2004-01-24,560,2004-01-24,7.70833333333333,43.6666666666667,47.2083333333333,9.33333333333333,-1122852.5,-2762927.5,3577,8.010185505927339,41.4369853572578,49.114114471692275
2004-01-25,561,2004-01-25,7.70833333333333,41.4166666666667,49.375,8.875,-1122852.5,-2762927.5,3577,7.518218623480662,42.55831835862159,48.536717797159454
2004-02-01,562,2004-02-01,8.41666666666667,41.8333333333333,48.4166666666667,9.70833333333333,-1122852.5,-2762927.5,3577,7.969225176267333,42.59411151283581,48.02987273303892
2004-02-02,563,2004-02-02,9.29166666666667,41.3333333333333,48.0,9.0,-1122852.5,-2762927.5,3577,9.432048214941538,42.38976902869459,46.75594297342825
2004-02-09,564,2004-02-09,7.45833333333333,43.6666666666667,47.375,9.08333333333333,-1122852.5,-2762927.5,3577,11.399313148150446,41.79530389630385,45.354760693376214
2004-02-25,565,2004-02-25,15.0,41.2916666666667,42.25,10.25,-1122852.5,-2762927.5,3577,12.864796452255824,40.38703479182753,45.25004059407409
2004-03-12,566,2004-03-12,16.375,38.5416666666667,43.5,9.91666666666667,-1122852.5,-2762927.5,3577,13.793626188051375,39.85493172977097,44.83158796826859
2004-03-13,567,2004-03-13,15.4583333333333,40.7083333333333,42.2916666666667,10.0833333333333,-1122852.5,-2762927.5,3577,14.471139412700726,40.59842982094698,43.404565120115926
2004-03-20,568,2004-03-20,13.9166666666667,41.5,43.1666666666667,9.91666666666667,-1122852.5,-2762927.5,3577,14.912838193795729,40.96449912316173,42.596797938896856
2004-03-21,569,2004-03-21,13.7916666666667,37.0833333333333,47.5,9.45833333333333,-1122852.5,-2762927.5,3577,15.337682312525232,41.606104808497975,41.57605616776824
2004-04-05,570,2004-04-05,13.0416666666667,44.75,40.7916666666667,10.2916666666667,-1122852.5,-2762927.5,3577,15.732302784932022,42.36282087365045,40.46064719593529
2004-04-14,571,2004-04-14,18.9333333333333,47.4666666666667,32.2666666666667,13.3333333333333,-1122855.0,-2762955.0,3577,16.426333650866802,43.09310532088524,39.05005268209021
2004-04-29,572,2004-04-29,19.4583333333333,42.5833333333333,36.5,10.9166666666667,-1122852.5,-2762927.5,3577,18.06805552548316,42.431290458760884,38.06358747031553
2004-04-30,573,2004-04-30,18.75,38.7083333333333,41.0833333333333,9.75,-1122852.5,-2762927.5,3577,19.552189554508605,43.42930315298086,35.574566816047565
2004-05-07,574,2004-05-07,20.25,43.2083333333333,35.125,10.9166666666667,-1122852.5,-2762927.5,3577,20.345536816121992,43.42045725172008,34.80588902840704
2004-05-08,575,2004-05-08,20.0,42.4583333333333,36.0416666666667,9.95833333333333,-1122852.5,-2762927.5,3577,20.263479039017795,42.15320837572527,36.14030847892538
2004-05-15,576,2004-05-15,20.0833333333333,42.2083333333333,36.25,10.7083333333333,-1122852.5,-2762927.5,3577,19.669594131355886,40.74055114131903,38.148554670298196
2004-05-23,577,2004-05-23,18.625,43.4166666666667,36.5833333333333,10.8333333333333,-1122852.5,-2762927.5,3577,18.860580080391493,40.979378206926256,38.74642321042672
2004-05-24,578,2004-05-24,19.0833333333333,43.8333333333333,35.7916666666667,10.4583333333333,-1122852.5,-2762927.5,3577,18.483251784332598,41.21327227982958,38.9287582902076
2004-06-01,579,2004-06-01,16.8333333333333,30.6666666666667,51.0416666666667,7.5,-1122852.5,-2762927.5,3577,18.042465919011185,40.96920352608595,39.61636157959096
2004-06-08,580,2004-06-08,17.125,43.5833333333333,37.875,10.5,-1122852.5,-2762927.5,3577,16.931521393980134,41.11048484538583,40.593774517530065
2004-06-09,581,2004-06-09,17.0833333333333,45.75,35.9583333333333,10.2083333333333,-1122852.5,-2762927.5,3577,16.77833466842501,41.855410585280495,40.01521865646655
2004-06-16,582,2004-06-16,15.9583333333333,43.0,39.5416666666667,10.75,-1122852.5,-2762927.5,3577,15.627608846259735,42.63227484589077,40.37479741620006
2004-06-17,583,2004-06-17,14.8333333333333,42.625,41.2083333333333,10.4583333333333,-1122852.5,-2762927.5,3577,14.781318784412534,43.45294192391067,40.35472860472257
2004-06-25,584,2004-06-25,14.2083333333333,43.7916666666667,40.5416666666667,10.0833333333333,-1122852.5,-2762927.5,3577,13.973166410470812,44.11632317630111,40.47657038523305
2004-07-02,585,2004-07-02,11.9166666666667,43.0,43.7083333333333,10.25,-1122852.5,-2762927.5,3577,13.185898337986139,44.09514659746199,41.274180927425526
2004-07-03,586,2004-07-03,14.125,42.5,41.875,10.375,-1122866.25,-2762973.75,3577,12.394570676999159,42.73053381086798,43.42444848752249
2004-07-10,587,2004-07-10,8.5,44.7142857142857,45.2142857142857,12.9285714285714,-1122850.71428571,-2762897.14285714,3577,11.628952059290878,43.245327556853596,43.66627825218503
2004-07-11,588,2004-07-11,14.9583333333333,42.625,40.9583333333333,9.79166666666667,-1122852.5,-2762927.5,3577,11.263307641788927,43.127505853273405,44.15087036286067
2004-07-27,589,2004-07-27,10.0833333333333,42.5833333333333,46.0416666666667,9.79166666666667,-1122852.5,-2762927.5,3577,11.262529137527448,42.13258877344934,45.10980376691778
2004-08-03,590,2004-08-03,10.0416666666667,41.7916666666667,46.6666666666667,10.0833333333333,-1122852.5,-2762927.5,3577,10.87772160759613,41.40916797340327,46.23015980406932
2004-08-11,591,2004-08-11,10.9,40.3,47.25,10.05,-1122855.0,-2762940.0,3577,10.788115857309275,41.173951074718914,46.55229187736235
2004-08-19,592,2004-08-19,10.2083333333333,39.625,48.5416666666667,9.79166666666667,-1122852.5,-2762927.5,3577,10.324827520259412,40.47138877633629,47.720050073758124
2004-08-20,593,2004-08-20,12.0,40.2,46.4,10.6,-1122855.0,-2762985.0,3577,10.403446527670983,40.28915599363914,47.84675664891668
2004-08-27,594,2004-08-27,9.375,40.25,48.9583333333333,9.70833333333333,-1122852.5,-2762927.5,3577,10.17146470660251,39.24972651187235,49.09274703623815
2004-08-28,595,2004-08-28,8.54166666666667,41.2916666666667,48.75,9.45833333333333,-1122852.5,-2762927.5,3577,10.438496359160437,38.807862802826065,49.283884330316575
2004-09-12,596,2004-09-12,11.4166666666667,38.5,48.5833333333333,9.41666666666667,-1122852.5,-2762927.5,3577,9.564916971571886,39.50344833184802,49.49090061124923
2004-09-13,597,2004-09-13,8.66666666666667,37.5416666666667,52.3333333333333,9.0,-1122852.5,-2762927.5,3577,8.894925379057181,40.63961386909698,49.01275556228383
2004-09-20,598,2004-09-20,10.2083333333333,41.0416666666667,47.2916666666667,9.79166666666667,-1122852.5,-2762927.5,3577,8.622943233236064,41.481444355431975,48.408268021960474
2004-09-21,599,2004-09-21,7.15,40.7,50.5,9.75,-1122855.0,-2762940.0,3577,8.48028643183315,42.13428738443588,47.886425880613785
2004-09-28,600,2004-09-28,6.79166666666667,49.4583333333333,42.5,12.0416666666667,-1122852.5,-2762927.5,3577,8.651264370303325,42.446017089199586,47.438340297466354
2004-09-29,601,2004-09-29,9.5,41.9583333333333,47.0416666666667,9.5,-1122852.5,-2762927.5,3577,8.795787416916138,42.65542481253915,47.138954440804994
2004-10-06,602,2004-10-06,10.1666666666667,39.2083333333333,49.1666666666667,9.29166666666667,-1122852.5,-2762927.5,3577,9.17903342787107,41.91968776836569,47.51484480431141
2004-10-07,603,2004-10-07,9.95833333333333,39.0,49.6666666666667,9.25,-1122852.5,-2762927.5,3577,9.660537862548814,40.570877265143636,48.380134700173926
2004-10-14,604,2004-10-14,8.91666666666667,40.5,49.3333333333333,9.41666666666667,-1122852.5,-2762927.5,3577,8.950913457026678,39.75920258791183,49.92721571513396
2004-10-15,605,2004-10-15,9.29166666666667,40.0416666666667,49.25,8.95833333333333,-1122852.5,-2762927.5,3577,9.125302922050786,39.54475145596849,49.92292122221717
2004-10-22,606,2004-10-22,8.83333333333333,40.2916666666667,49.4166666666667,9.29166666666667,-1122852.5,-2762927.5,3577,8.702252700858212,39.766980233382995,50.06419908779842
2004-10-23,607,2004-10-23,7.08333333333333,38.7916666666667,52.5416666666667,7.54166666666667,-1122852.5,-2762927.5,3577,8.658820281884001,40.166966160768226,49.74083385653851
2004-10-30,608,2004-10-30,7.625,42.5416666666667,48.4583333333333,9.0,-1122852.5,-2762927.5,3577,8.443641884430093,40.033317817367575,50.029874537220024
2004-11-07,609,2004-11-07,9.54166666666667,39.9583333333333,49.0416666666667,9.54166666666667,-1122852.5,-2762927.5,3577,8.56755576724489,39.7617767938916,50.197617398074314
2004-11-08,610,2004-11-08,11.9,37.8,48.7,9.5,-1122855.0,-2762970.0,3577,8.205419400000217,40.04909231634639,50.32688464785235
2004-11-15,611,2004-11-15,5.2,39.9333333333333,53.6666666666667,7.73333333333333,-1122855.0,-2762955.0,3577,7.850085518195801,41.14950366969875,49.626070781636116
2004-11-16,612,2004-11-16,7.375,40.7916666666667,50.4583333333333,9.33333333333333,-1122852.5,-2762927.5,3577,8.210889858334454,40.662407896534944,49.72724656663541
2004-11-23,613,2004-11-23,6.125,45.5,46.8333333333333,10.1666666666667,-1122852.5,-2762927.5,3577,7.612761335670415,41.0837392741356,49.89547836064118
2004-12-01,614,2004-12-01,9.16666666666667,39.8333333333333,49.8333333333333,10.1666666666667,-1122865.0,-2762980.0,3577,6.792930495715858,41.7710511882276,50.00809445971238
2004-12-02,615,2004-12-02,5.70833333333333,43.25,49.4166666666667,10.0,-1122852.5,-2762927.5,3577,6.231690987030612,42.96132159893128,49.39344360489132
2004-12-09,616,2004-12-09,8.45833333333333,40.7083333333333,49.2916666666667,9.70833333333333,-1122852.5,-2762927.5,3577,5.929198871303248,43.50755067944819,49.12409790930728
2004-12-10,617,2004-12-10,5.29166666666667,40.875,52.4583333333333,9.66666666666667,-1122852.5,-2762927.5,3577,6.651116427431223,43.2392588062028,48.66842123304244
2004-12-17,618,2004-12-17,2.25,50.75,45.75,5.75,-1122802.5,-2762895.0,3577,6.3291783036355636,43.37638741546762,48.899452070110385
2004-12-25,619,2004-12-25,8.625,41.6666666666667,48.2083333333333,9.91666666666667,-1122852.5,-2762927.5,3577,6.431236333325156,43.205424992957255,48.9482939660885
2005-01-02,620,2005-01-02,7.25,42.0833333333333,49.2083333333333,10.5,-1122852.5,-2762927.5,3577,6.3979194180423,43.47237617902604,48.661220745191784
2005-01-03,621,2005-01-03,8.125,41.2916666666667,49.0416666666667,9.79166666666667,-1122852.5,-2762927.5,3577,6.811825687211666,42.814596007701084,48.877644929882194
2005-01-10,622,2005-01-10,8.0,41.0416666666667,49.4583333333333,9.95833333333333,-1122852.5,-2762927.5,3577,6.7632444954416275,41.73105789978232,49.86591504470017
2005-01-18,623,2005-01-18,2.75,43.25,52.25,9.5,-1122840.0,-2762865.0,3577,7.033684968281441,40.549296549677486,50.7250923740786
2005-01-19,624,2005-01-19,7.375,40.0833333333333,50.7916666666667,9.25,-1122852.5,-2762927.5,3577,6.74430239523018,40.09678079917418,51.49100705794983
2005-01-26,625,2005-01-26,7.79166666666667,40.8333333333333,49.7083333333333,9.41666666666667,-1122852.5,-2762927.5,3577,6.624899867932935,40.48389948544141,51.26072224987867
2005-01-27,626,2005-01-27,7.91666666666667,37.25,53.25,9.29166666666667,-1122852.5,-2762927.5,3577,7.469402888132423,39.388426717755195,51.5599917368416
2005-02-03,627,2005-02-03,7.75,37.875,52.8333333333333,9.5,-1122852.5,-2762927.5,3577,8.094630214985045,38.719457013568864,51.636985176838124
2005-02-11,628,2005-02-11,8.375,42.0416666666667,48.3333333333333,9.29166666666667,-1122852.5,-2762927.5,3577,8.781855528371246,38.070104173426664,51.62808515013625
2005-02-12,629,2005-02-12,8.54166666666667,37.8333333333333,52.0416666666667,9.25,-1122852.5,-2762927.5,3577,8.985897616314231,38.730551826908275,50.822879906463626
2005-02-19,630,2005-02-19,8.29166666666667,38.5416666666667,51.5833333333333,9.08333333333333,-1122852.5,-2762927.5,3577,7.745863012115725,40.439470617096156,50.37389674308427
2005-02-20,631,2005-02-20,7.45833333333333,40.9583333333333,50.1666666666667,9.20833333333333,-1122852.5,-2762927.5,3577,6.754887527332338,42.103379592537394,49.72477934861095
2005-02-27,632,2005-02-27,6.66666666666667,42.9166666666667,48.9166666666667,9.16666666666667,-1122852.5,-2762927.5,3577,5.846679765022545,43.24652424458279,49.503327812530955
2005-02-28,633,2005-02-28,4.33333333333333,45.8333333333333,48.6666666666667,8.83333333333333,-1122830.0,-2762875.0,3577,4.736668903850859,43.17437683574809,50.69244841844705
2005-03-07,634,2005-03-07,3.125,46.9583333333333,48.5833333333333,10.875,-1122852.5,-2762927.5,3577,4.866255132895272,43.9386885044714,49.78686844630374
2005-03-08,635,2005-03-08,3.125,41.7916666666667,53.5416666666667,7.20833333333333,-1122852.5,-2762927.5,3577,4.823703515266261,44.56531497397704,49.19930430765609
2005-03-16,636,2005-03-16,7.20833333333333,40.7083333333333,50.5833333333333,9.91666666666667,-1122852.5,-2762927.5,3577,5.329489164085889,43.21648895479518,49.99122987434934
2005-03-23,637,2005-03-23,7.25,40.5833333333333,50.625,9.79166666666667,-1122852.5,-2762927.5,3577,5.514265044877711,41.56296996550164,51.40935018893758
2005-03-24,638,2005-03-24,5.45833333333333,43.875,49.1666666666667,9.25,-1122852.5,-2762927.5,3577,5.925391307947045,40.316975153187954,52.241878572508696
2005-03-31,639,2005-03-31,7.29166666666667,43.0,48.2083333333333,9.66666666666667,-1122852.5,-2762927.5,3577,5.679853190912306,39.79584253940021,52.99367843333974
2005-04-01,640,2005-04-01,1.58333333333333,35.25,61.75,6.08333333333333,-1122842.5,-2762892.5,3577,5.794710187698568,39.75309234787212,52.9724015610078
2005-04-08,641,2005-04-08,7.46666666666667,37.4,53.6666666666667,9.66666666666667,-1122855.0,-2762955.0,3577,5.667132781670799,40.12142317244373,52.76765343992028
2005-04-09,642,2005-04-09,4.875,41.9583333333333,51.6666666666667,8.25,-1122852.5,-2762927.5,3577,6.0520277099459845,39.65518727781864,52.870161593870506
2005-04-16,643,2005-04-16,8.33333333333333,41.5,48.8333333333333,9.66666666666667,-1122852.5,-2762927.5,3577,6.523188525937265,39.72826816059887,52.38875185022765
2005-04-17,644,2005-04-17,6.36842105263158,40.0526315789474,52.1578947368421,9.42105263157895,-1122851.84210526,-2762912.36842105,3577,6.89415247725394,39.515152702107045,52.244256341119964
2005-04-24,645,2005-04-24,9.4,39.2,50.2,10.6,-1122855.0,-2762985.0,3577,7.509290736420134,40.117924788800345,51.044089520813195
2005-04-25,646,2005-04-25,4.375,40.2916666666667,54.0,10.2083333333333,-1122852.5,-2762927.5,3577,7.443795591187342,40.495491787550286,50.719069162050815
2005-05-10,647,2005-05-10,7.4,38.5,52.7,9.85,-1122855.0,-2762940.0,3577,6.579590473617518,40.25711673584628,51.796346599186336
2005-05-11,648,2005-05-11,5.75,41.375,51.4583333333333,9.33333333333333,-1122852.5,-2762927.5,3577,6.435295788887788,40.62145711004482,51.50020904763903
2005-05-18,649,2005-05-18,8.54166666666667,40.2916666666667,49.5416666666667,9.54166666666667,-1122852.5,-2762927.5,3577,5.658461914490074,41.12414130461829,51.70910851409509
2005-05-27,650,2005-05-27,5.33333333333333,44.375,48.875,10.0416666666667,-1122852.5,-2762927.5,3577,5.7662280511831945,40.97865271711,51.698324190873905
2005-06-03,651,2005-06-03,2.91666666666667,39.9583333333333,55.5,12.9583333333333,-1122852.5,-2762927.5,3577,5.8261268157177675,40.5420874682261,52.076567130922236
2005-06-11,652,2005-06-11,7.75,38.5833333333333,52.125,9.91666666666667,-1122852.5,-2762927.5,3577,6.6655866836971445,39.36022736293046,52.46240753569691
2005-06-12,653,2005-06-12,6.66666666666667,37.5416666666667,54.25,8.33333333333333,-1122852.5,-2762927.5,3577,7.134322205141574,38.880800443101144,52.49261097518827
2005-06-19,654,2005-06-19,7.91666666666667,38.2916666666667,52.4166666666667,10.0,-1122852.5,-2762927.5,3577,7.483017240756061,38.16010215274353,52.86087596613123
2005-06-20,655,2005-06-20,9.375,38.6666666666667,50.5,9.95833333333333,-1122852.5,-2762927.5,3577,7.6464437780989805,38.33737542127065,52.55523356931242
2005-06-28,656,2005-06-28,7.70833333333333,38.6666666666667,52.25,9.58333333333333,-1122852.5,-2762927.5,3577,8.130114854184846,38.41774015457655,52.003568670743576
2005-07-05,657,2005-07-05,7.83333333333333,38.1666666666667,52.375,9.70833333333333,-1122852.5,-2762927.5,3577,7.936267293077254,38.791442046080235,51.843049752097755
2005-07-14,658,2005-07-14,6.0,40.875,51.6666666666667,11.2916666666667,-1122852.5,-2762927.5,3577,7.370967293799012,38.265168113614415,52.91951492778877
2005-07-21,659,2005-07-21,6.95833333333333,35.625,56.0416666666667,9.33333333333333,-1122852.5,-2762927.5,3577,8.042901628813738,37.89774892289806,52.60715123369137
2005-07-29,660,2005-07-29,11.6,37.65,49.45,9.75,-1122855.0,-2762940.0,3577,8.962862911081373,36.947395303349545,52.624349953444266
2005-07-30,661,2005-07-30,9.54166666666667,35.0,53.8333333333333,9.20833333333333,-1122852.5,-2762927.5,3577,9.998557803017317,36.208508010887925,52.326026152749264
2005-08-06,662,2005-08-06,10.0833333333333,36.1666666666667,52.25,9.33333333333333,-1122852.5,-2762927.5,3577,11.276016623397418,35.248302429341365,51.99154798432799
2005-08-07,663,2005-08-07,12.1333333333333,35.8666666666667,50.5333333333333,9.6,-1122855.0,-2762955.0,3577,12.09632225828216,34.99194788933221,51.42203528715565
2005-08-14,664,2005-08-14,14.9090909090909,34.9545454545455,48.5909090909091,9.04545454545454,-1122856.36363636,-2762933.18181818,3577,12.616175534979245,35.162029068365996,50.70206185982359
2005-08-15,665,2005-08-15,11.75,33.375,53.375,9.20833333333333,-1122852.5,-2762927.5,3577,13.153407137328124,35.73234365141988,49.587143572552954
2005-08-22,666,2005-08-22,12.0416666666667,36.8333333333333,49.625,9.58333333333333,-1122852.5,-2762927.5,3577,13.409800358843246,35.513592788015714,49.55576687890802
2005-08-23,667,2005-08-23,14.7083333333333,36.0,47.7916666666667,9.41666666666667,-1122852.5,-2762927.5,3577,13.630540455577567,35.984255914664516,48.86826180331093
2005-08-30,668,2005-08-30,13.125,38.1666666666667,47.1666666666667,9.5,-1122852.5,-2762927.5,3577,13.205371604881666,35.94360776970954,49.32064253330175
2005-08-31,669,2005-08-31,13.7083333333333,34.625,50.0833333333333,9.33333333333333,-1122852.5,-2762927.5,3577,12.66632814732974,36.435817385148994,49.373762449236324
2005-09-07,670,2005-09-07,12.9583333333333,35.4583333333333,50.0416666666667,9.45833333333333,-1122852.5,-2762927.5,3577,12.569811307728386,36.362064607886346,49.55135315955348
2005-09-08,671,2005-09-08,9.8695652173913,36.1304347826087,52.5652173913044,8.69565217391304,-1122849.7826087,-2762925.0,3577,12.436807645397112,36.05037545013788,49.99077071019052
2005-09-15,672,2005-09-15,12.7916666666667,37.2916666666667,48.4166666666667,9.29166666666667,-1122852.5,-2762927.5,3577,12.005328963447376,35.90460630251789,50.57624093947207
2005-09-16,673,2005-09-16,12.4166666666667,35.4166666666667,50.6666666666667,9.04166666666667,-1122852.5,-2762927.5,3577,11.703306648704697,36.07644610627314,50.7135863250507
2005-09-23,674,2005-09-23,11.75,36.5,50.1666666666667,9.29166666666667,-1122852.5,-2762927.5,3577,12.041632583325502,35.72050865520181,50.75478413988897
2005-09-24,675,2005-09-24,12.5833333333333,34.375,51.5833333333333,7.91666666666667,-1122852.5,-2762927.5,3577,12.031193864463713,35.95813710899324,50.53005020957556
2005-10-01,676,2005-10-01,10.75,37.125,50.625,9.16666666666667,-1122852.5,-2762927.5,3577,11.767968822802839,35.79803174009466,50.92864097919535
2005-10-02,677,2005-10-02,11.6666666666667,35.9166666666667,50.9583333333333,8.75,-1122852.5,-2762927.5,3577,10.900911692066336,36.09607352085614,51.482906715029856
2005-10-09,678,2005-10-09,10.0833333333333,35.0416666666667,53.375,8.95833333333333,-1122852.5,-2762927.5,3577,9.924269683068168,36.42281061021264,52.134908917072345
2005-10-10,679,2005-10-10,10.625,37.4166666666667,50.4166666666667,8.91666666666667,-1122852.5,-2762927.5,3577,9.77344443482068,37.02050271709163,51.67029848375825
2005-10-17,680,2005-10-17,7.58333333333333,39.0,51.75,9.25,-1122862.5,-2762962.5,3577,9.468990632688907,37.18049030432377,51.810360691931905
2005-10-18,681,2005-10-18,8.66666666666667,36.125,53.6666666666667,8.875,-1122852.5,-2762927.5,3577,9.335479407072434,37.44517002604678,51.669611992746695
2005-10-25,682,2005-10-25,10.125,37.2083333333333,51.2083333333333,8.79166666666667,-1122852.5,-2762927.5,3577,9.398732201749361,36.82882919453576,52.215938859893924
2005-10-26,683,2005-10-26,10.8333333333333,37.0,50.625,9.0,-1122852.5,-2762927.5,3577,9.095569291388358,36.87361078033901,52.464302467390624
2005-11-02,684,2005-11-02,8.875,37.75,51.7916666666667,9.125,-1122852.5,-2762927.5,3577,9.138257124710861,37.239860500690845,52.067516977338926
2005-11-03,685,2005-11-03,7.70833333333333,36.5833333333333,54.1666666666667,8.75,-1122852.5,-2762927.5,3577,8.925261786715552,37.89222812790358,51.64183030590928
2005-11-10,686,2005-11-10,8.70833333333333,38.5416666666667,51.125,9.08333333333333,-1122852.5,-2762927.5,3577,8.454267610613092,39.576652449711546,50.424594239602186
2005-11-18,687,2005-11-18,7.83333333333333,39.625,51.0,9.20833333333333,-1122852.5,-2762927.5,3577,8.048087103813451,40.33542102891345,50.07219650833453
2005-11-19,688,2005-11-19,8.125,44.0,46.4583333333333,9.45833333333333,-1122852.5,-2762927.5,3577,7.5357004966126855,40.58694014962759,50.333370705654204
2005-11-26,689,2005-11-26,9.20833333333333,40.9583333333333,48.375,9.04166666666667,-1122852.5,-2762927.5,3577,8.680336304561017,39.845316061641384,50.03392531100761
2005-11-27,690,2005-11-27,7.95833333333333,38.9166666666667,51.625,9.75,-1122852.5,-2762927.5,3577,9.84153359540209,39.73248165662434,49.0452645909229
2005-12-04,691,2005-12-04,9.5,38.7916666666667,50.25,9.29166666666667,-1122852.5,-2762927.5,3577,9.37742056704764,39.53928360081021,49.66502163985942
2005-12-13,692,2005-12-13,11.625,36.25,50.7916666666667,9.04166666666667,-1122852.5,-2762927.5,3577,10.358809629074486,40.06675178739515,48.14370894028396
2006-01-05,693,2006-01-05,10.5,42.75,45.375,10.0416666666667,-1122852.5,-2762927.5,3577,10.569580097351412,41.04391658517812,46.90117731254646
2006-01-14,694,2006-01-14,14.1428571428571,41.8095238095238,42.7142857142857,8.57142857142857,-1122847.85714286,-2762919.28571429,3577,10.913454130255374,42.435732567209605,45.14596653726851
2006-01-22,695,2006-01-22,6.0,48.0,44.0,5.5,-1122900.0,-2762880.0,3577,11.607873364856385,43.05773826161497,43.802273481286676
2006-02-07,696,2006-02-07,12.5416666666667,41.4166666666667,44.5,7.875,-1122852.5,-2762927.5,3577,12.683996210645404,43.275435332784326,42.514453530173014
2006-02-14,697,2006-02-14,19.6666666666667,44.1666666666667,34.9583333333333,9.95833333333333,-1122852.5,-2762927.5,3577,14.011960899178199,43.07496377820908,41.3796986428942
2006-02-15,698,2006-02-15,10.3846153846154,39.7692307692308,48.2307692307692,11.3076923076923,-1122845.76923077,-2762895.0,3577,16.403049960465633,43.29847994056247,38.80681595710752
2006-02-22,699,2006-02-22,21.7894736842105,42.0526315789474,34.7894736842105,10.0,-1122851.84210526,-2762912.36842105,3577,18.87305005715436,42.82528987381793,36.86701026262056
2006-02-23,700,2006-02-23,20.0833333333333,42.375,36.0416666666667,9.75,-1122852.5,-2762927.5,3577,20.343656745915837,43.17905637769999,35.05967986703321
2006-03-02,701,2006-03-02,22.25,48.25,28.1666666666667,11.25,-1122852.5,-2762927.5,3577,21.499792340181884,43.57982437169187,33.51749956746104
2006-03-03,702,2006-03-03,23.6666666666667,42.25,32.5416666666667,10.2083333333333,-1122852.5,-2762927.5,3577,23.250647706326035,42.51642900807792,32.77168067430925
2006-03-10,703,2006-03-10,23.875,42.0,32.8333333333333,9.66666666666667,-1122852.5,-2762927.5,3577,24.935640907702904,40.78709323227771,32.87949106603747
2006-03-11,704,2006-03-11,22.375,37.5833333333333,38.5833333333333,8.875,-1122852.5,-2762927.5,3577,25.695717859617396,40.454522224008585,32.5431243231219
2006-03-19,705,2006-03-19,26.25,40.9583333333333,31.5,10.0,-1122852.5,-2762927.5,3577,24.657240938135896,40.428632458730675,33.62857661999654
2006-03-26,706,2006-03-26,29.9285714285714,38.9285714285714,30.0,9.14285714285714,-1122850.71428571,-2762897.14285714,3577,25.224506754444302,41.81571154796451,31.691200277638405
2006-04-04,707,2006-04-04,26.4285714285714,40.1428571428571,32.1428571428571,9.71428571428571,-1122850.71428571,-2762897.14285714,3577,24.271816805481883,43.235889626363004,31.22153659033996
2006-04-11,708,2006-04-11,15.4583333333333,53.0833333333333,30.25,16.25,-1122852.5,-2762927.5,3577,24.188812915666862,44.86336171567696,29.67763472337332
2006-04-12,709,2006-04-12,25.875,46.2083333333333,26.5,11.5416666666667,-1122852.5,-2762927.5,3577,24.393902150477444,45.33969229943783,28.921474165664897
2006-04-19,710,2006-04-19,26.625,43.125,28.75,10.5,-1122852.5,-2762927.5,3577,25.068051659379183,44.85726863435171,28.661571014120916
2006-04-20,711,2006-04-20,26.375,41.6666666666667,30.5416666666667,10.1666666666667,-1122852.5,-2762927.5,3577,25.31617801702564,43.60234682757251,29.622923644978044
2006-04-28,712,2006-04-28,25.7916666666667,40.25,32.625,10.125,-1122852.5,-2762927.5,3577,26.999952833540142,42.75368426722278,28.786971542385203
2006-05-06,713,2006-05-06,30.6,43.2,24.6,11.4,-1122855.0,-2762985.0,3577,28.3197874622755,41.34848984863848,28.85293710417119
2006-05-13,714,2006-05-13,26.0416666666667,42.5416666666667,29.875,10.5,-1122852.5,-2762927.5,3577,28.150112271625094,40.78446192609671,29.600829639911915
2006-05-14,715,2006-05-14,26.7083333333333,40.5833333333333,31.375,10.0833333333333,-1122852.5,-2762927.5,3577,26.415347810080696,41.712801388491755,30.42095610787108
2006-05-21,716,2006-05-21,25.4583333333333,43.25,29.9166666666667,10.5,-1122852.5,-2762927.5,3577,26.084453729960657,41.553005044484905,30.87021711518156
2006-05-22,717,2006-05-22,28.5,40.1666666666667,29.6666666666667,11.0,-1122865.0,-2762980.0,3577,25.771394884781117,41.37572347672349,31.356416029785972
2006-05-30,718,2006-05-30,22.125,39.75,36.625,8.54166666666667,-1122852.5,-2762927.5,3577,24.758348127616866,41.311237884915926,32.45066844919302
2006-06-06,719,2006-06-06,24.75,42.2916666666667,31.625,10.5,-1122852.5,-2762927.5,3577,24.391312505859943,41.406136562090126,32.733689298312896
2006-06-07,720,2006-06-07,24.5,42.7083333333333,31.125,10.3333333333333,-1122852.5,-2762927.5,3577,24.939765600752583,42.10988547056029,31.45879249748749
2006-06-14,721,2006-06-14,26.0,43.25,29.3333333333333,10.5,-1122852.5,-2762927.5,3577,24.594776353673602,42.88258387638552,31.01817532312425
2006-06-15,722,2006-06-15,25.0833333333333,42.5833333333333,31.0,10.0416666666667,-1122852.5,-2762927.5,3577,25.29690901633247,43.226060317385105,30.006096328847264
2006-06-22,723,2006-06-22,23.125,43.875,31.4166666666667,10.2916666666667,-1122852.5,-2762927.5,3577,25.519799086358724,43.971550766048814,29.06817911190542
2006-06-23,724,2006-06-23,28.3333333333333,44.0,26.1666666666667,11.5,-1122865.0,-2762980.0,3577,25.307424386754953,44.03615669675382,29.190153499746664
2006-06-30,725,2006-06-30,24.0,44.4583333333333,30.0833333333333,10.5,-1122852.5,-2762927.5,3577,24.53112513561063,44.08107991079467,29.9322259268035
2006-07-01,726,2006-07-01,23.75,43.9583333333333,30.875,10.3333333333333,-1122852.5,-2762927.5,3577,24.048599233580163,44.046007527038086,30.452360590900945
2006-07-08,727,2006-07-08,25.0416666666667,43.0,30.625,10.25,-1122852.5,-2762927.5,3577,23.876808691820614,43.712350343148756,30.933533056206464
2006-07-09,728,2006-07-09,20.1111111111111,44.6666666666667,33.6666666666667,9.77777777777778,-1122848.33333333,-2762881.66666667,3577,23.646244536333896,43.161280283177845,31.741750380677537
2006-07-16,729,2006-07-16,24.2916666666667,41.8333333333333,32.2916666666667,9.95833333333333,-1122852.5,-2762927.5,3577,23.353876644507853,42.40498820064748,32.79129771157147
2006-07-17,730,2006-07-17,25.4166666666667,41.7083333333333,31.5,9.83333333333333,-1122852.5,-2762927.5,3577,23.18713600640502,42.071437463459034,33.24660362856463
2006-07-24,731,2006-07-24,21.75,41.125,35.6666666666667,9.91666666666667,-1122852.5,-2762927.5,3577,22.794338959970247,41.94006329067621,33.81787781361581
2006-08-02,732,2006-08-02,23.1666666666667,41.8333333333333,33.5833333333333,9.54166666666667,-1122852.5,-2762927.5,3577,22.043752300327974,41.011482712327975,35.478204586945424
2006-08-09,733,2006-08-09,19.5416666666667,41.2916666666667,37.6666666666667,9.54166666666667,-1122852.5,-2762927.5,3577,21.069369871611315,41.11682796047507,36.3563916733367
2006-08-10,734,2006-08-10,20.75,41.5416666666667,36.25,9.625,-1122852.5,-2762927.5,3577,20.117488591556793,40.682984585068304,37.780929081233026
2006-08-18,735,2006-08-18,18.0833333333333,41.375,39.2083333333333,9.33333333333333,-1122852.5,-2762927.5,3577,18.67160290689423,41.268197875389866,38.668020704779636
2006-08-25,736,2006-08-25,17.375,40.125,41.1666666666667,9.45833333333333,-1122852.5,-2762927.5,3577,18.109662654164588,42.11400982917382,38.40701790469019
2006-08-26,737,2006-08-26,20.375,41.625,36.375,9.875,-1122866.25,-2762973.75,3577,17.843185065705622,43.10309092351792,37.72345056903317
2006-09-02,738,2006-09-02,15.0,47.5,36.5,9.5,-1122810.0,-2762865.0,3577,16.94390439281828,44.029234954924966,37.695588596124765
2006-09-03,739,2006-09-03,17.4166666666667,41.4583333333333,39.7916666666667,9.08333333333333,-1122852.5,-2762927.5,3577,16.58482178296174,44.519035917636074,37.56835141122505
2006-09-10,740,2006-09-10,15.7916666666667,48.4166666666667,34.3333333333333,11.6666666666667,-1122852.5,-2762927.5,3577,16.255157252445862,44.02658461249136,38.338275888192754
2006-09-11,741,2006-09-11,16.125,42.1666666666667,40.2083333333333,9.75,-1122852.5,-2762927.5,3577,15.907208245828173,43.290012232343244,39.364540258497215
2006-09-19,742,2006-09-19,15.6666666666667,40.5416666666667,42.375,9.0,-1122852.5,-2762927.5,3577,15.742159027760398,42.16335418966369,40.61650591410046
2006-09-26,743,2006-09-26,14.4583333333333,40.75,43.2916666666667,9.29166666666667,-1122852.5,-2762927.5,3577,15.829442616204968,40.34886823702012,42.30346150237159
2006-09-27,744,2006-09-27,17.0,39.4166666666667,42.0833333333333,9.25,-1122862.5,-2762962.5,3577,15.245442637855227,40.07180281018693,43.18936777875761
2006-10-05,745,2006-10-05,14.4166666666667,40.9583333333333,43.0416666666667,8.95833333333333,-1122852.5,-2762927.5,3577,13.95847117278798,40.79390619699609,43.82119227521051
2006-10-12,746,2006-10-12,12.7916666666667,42.875,43.0,9.375,-1122852.5,-2762927.5,3577,13.281764417211363,41.800741698955264,43.4827574386333
2006-10-13,747,2006-10-13,14.375,41.6666666666667,42.625,9.04166666666667,-1122852.5,-2762927.5,3577,12.712939408370953,43.93264449687941,41.93625646798395
2006-10-21,748,2006-10-21,9.91666666666667,44.375,44.3333333333333,8.20833333333333,-1122852.5,-2762927.5,3577,12.898537350160808,44.47095809246848,41.22494082284487
2006-10-28,749,2006-10-28,11.4583333333333,48.3333333333333,38.7916666666667,8.83333333333333,-1122852.5,-2762927.5,3577,13.501630979957127,44.24154019354596,40.83783386375656
2006-11-05,750,2006-11-05,16.9,42.8,38.6,10.15,-1122855.0,-2762940.0,3577,14.02603505885028,44.175258719601956,40.35998217468202
2006-11-06,751,2006-11-06,15.0833333333333,44.3333333333333,39.3333333333333,9.20833333333333,-1122852.5,-2762927.5,3577,14.563220319410075,43.97891272813215,40.02984025777543
2006-11-13,752,2006-11-13,15.2083333333333,40.6666666666667,42.75,10.0833333333333,-1122852.5,-2762927.5,3577,14.372640130764907,42.94599994947649,41.23735449276628
2006-11-22,753,2006-11-22,13.7916666666667,42.2083333333333,42.4583333333333,10.0833333333333,-1122852.5,-2762927.5,3577,13.701669589438435,43.02766982758598,41.85141393693398
2006-11-29,754,2006-11-29,11.25,44.9583333333333,42.375,11.2916666666667,-1122852.5,-2762927.5,3577,12.690842697032748,43.711327372311544,42.194160586569126
2006-12-07,755,2006-12-07,10.125,46.625,41.9583333333333,11.125,-1122852.5,-2762927.5,3577,11.141456659953452,44.56521177480262,42.84270533387539
2006-12-08,756,2006-12-08,11.0,42.8333333333333,44.6666666666667,10.0833333333333,-1122852.5,-2762927.5,3577,10.232055612085048,45.4896840831286,42.8136174354141
2006-12-15,757,2006-12-15,10.75,44.5,43.125,10.375,-1122852.5,-2762927.5,3577,9.945858321243843,45.12809515157741,43.4140344052616
2006-12-23,758,2006-12-23,9.91666666666667,50.0833333333333,38.5833333333333,13.125,-1122852.5,-2762927.5,3577,9.83940440364443,44.97391530262037,43.70776780090975
2006-12-31,759,2006-12-31,10.4166666666667,41.125,46.9166666666667,10.2916666666667,-1122852.5,-2762927.5,3577,10.537019997544752,43.960125826739926,44.02458965855132
2007-01-01,760,2007-01-01,11.1666666666667,40.7083333333333,46.625,9.45833333333333,-1122852.5,-2762927.5,3577,11.530463602443321,43.222742820057654,43.78166177497533
2007-01-08,761,2007-01-08,11.25,44.0,43.5,10.5,-1122840.0,-2762865.0,3577,12.44781405384936,42.4995142045489,43.58919037281893
2007-01-09,762,2007-01-09,13.625,42.375,42.375,10.125,-1122852.5,-2762927.5,3577,13.567231014597414,41.74835340994361,43.208460841884175
2007-01-17,763,2007-01-17,16.0,42.7391304347826,39.8695652173913,10.0869565217391,-1122849.7826087,-2762925.0,3577,14.324674164842307,41.13548500002993,43.03739165890225
2007-01-25,764,2007-01-25,14.875,40.5,43.0833333333333,10.0833333333333,-1122852.5,-2762927.5,3577,14.73511189532641,42.05694059159576,41.7450189689998
2007-02-01,765,2007-02-01,13.625,42.125,42.7083333333333,10.2916666666667,-1122852.5,-2762927.5,3577,13.984143952021117,43.36830691854273,41.20475179797823
2007-02-02,766,2007-02-02,12.75,43.0,42.6666666666667,10.0416666666667,-1122852.5,-2762927.5,3577,12.715013314856614,43.98411367314668,41.81596647955895
2007-02-10,767,2007-02-10,12.0,45.9583333333333,40.75,10.0,-1122852.5,-2762927.5,3577,11.72819971565926,44.30178130748205,42.44356567737276
2007-02-25,768,2007-02-25,9.875,46.9166666666667,41.8333333333333,10.5416666666667,-1122852.5,-2762927.5,3577,10.90988023843897,44.929850878912006,42.61169153455499
2007-02-26,769,2007-02-26,10.7083333333333,45.375,42.25,9.70833333333333,-1122852.5,-2762927.5,3577,10.466489135218207,45.38818142753054,42.5208004462383
2007-03-06,770,2007-03-06,9.0,43.0,46.0,10.0,-1122915.0,-2762985.0,3577,10.763333080746317,45.20231136812437,42.41092054510118
2007-03-14,771,2007-03-14,12.8333333333333,44.9583333333333,40.625,10.0833333333333,-1122852.5,-2762927.5,3577,10.717499476785786,44.10479858118517,43.53795636767121
2007-03-29,772,2007-03-29,11.8,42.2,44.5,10.2,-1122843.0,-2762886.0,3577,10.84067779485573,44.58147177898833,42.93420150540251
2007-03-30,773,2007-03-30,8.70833333333333,47.4583333333333,42.3333333333333,11.3333333333333,-1122852.5,-2762927.5,3577,9.99478320956499,44.654912425029586,43.763006343495164
2007-04-06,774,2007-04-06,9.45833333333333,44.1666666666667,44.875,10.5,-1122852.5,-2762927.5,3577,9.20050282534665,44.64305227795272,44.69664133595356
2007-04-07,775,2007-04-07,9.85,42.5,46.25,10.15,-1122855.0,-2762940.0,3577,8.261151743461237,44.39885767435766,45.97916670766392
2007-04-14,776,2007-04-14,7.125,45.9583333333333,45.4166666666667,10.75,-1122852.5,-2762927.5,3577,9.139703668128984,43.17251172225197,46.3268876493547
2007-04-15,777,2007-04-15,9.375,45.1666666666667,44.1666666666667,10.0833333333333,-1122852.5,-2762927.5,3577,9.53634725111503,42.10408842259465,46.95926716120218
2007-05-08,778,2007-05-08,9.36363636363636,36.1363636363636,53.3181818181818,13.0909090909091,-1122848.18181818,-2762931.81818182,3577,11.504043006433623,42.19958393936795,44.96470361891869
2007-05-09,779,2007-05-09,16.8,42.8,39.0,11.0,-1122855.0,-2762955.0,3577,13.717717093861957,42.317593622245326,42.639113372782774
2007-05-17,780,2007-05-17,15.9583333333333,43.625,38.9583333333333,10.875,-1122852.5,-2762927.5,3577,15.683989284472437,43.543251147944886,39.42433779982445
2007-05-24,781,2007-05-24,18.2083333333333,44.4583333333333,35.9166666666667,10.9583333333333,-1122852.5,-2762927.5,3577,17.199190562226256,44.32174966884408,37.10816477358281
2007-05-25,782,2007-05-25,13.6666666666667,48.6666666666667,36.5,10.8333333333333,-1122830.0,-2762875.0,3577,18.388280579067292,45.318995503973255,34.94497968491253
2007-06-01,783,2007-06-01,23.0,45.9,29.8,12.6,-1122855.0,-2762970.0,3577,18.399504391374695,46.78367215858778,33.49581844883201
2007-06-02,784,2007-06-02,17.2083333333333,43.875,37.3333333333333,10.9166666666667,-1122852.5,-2762927.5,3577,18.102327393965552,46.52897388988028,34.07709718042025
2007-06-09,785,2007-06-09,17.0833333333333,46.4166666666667,35.3333333333333,13.5,-1122852.5,-2762927.5,3577,17.849939920757677,44.77176293777794,36.06272958207402
2007-06-10,786,2007-06-10,18.0,45.2916666666667,35.5,11.0416666666667,-1122852.5,-2762927.5,3577,18.56091186934561,44.82844941435606,35.26717851291625
2007-06-17,787,2007-06-17,19.625,45.2916666666667,33.75,11.7083333333333,-1122852.5,-2762927.5,3577,18.734580563912104,45.06471688785258,34.788378546113265
2007-06-25,788,2007-06-25,17.2083333333333,44.125,37.0833333333333,11.375,-1122852.5,-2762927.5,3577,18.788798018284353,44.87938127403401,34.92679137167779
2007-06-26,789,2007-06-26,20.0833333333333,43.9583333333333,34.4166666666667,11.2083333333333,-1122852.5,-2762927.5,3577,19.090691687051056,48.01293146996763,31.508825153170292
2007-07-03,790,2007-07-03,20.3333333333333,50.0,28.3333333333333,14.6666666666667,-1122885.0,-2762985.0,3577,19.297392378679206,47.516281597380896,31.774667005088368
2007-07-04,791,2007-07-04,18.1666666666667,49.4583333333333,31.1666666666667,13.5416666666667,-1122852.5,-2762927.5,3577,18.349068311241695,46.145193015114415,34.09045833043207
2007-07-11,792,2007-07-11,16.875,44.375,37.2916666666667,11.5416666666667,-1122852.5,-2762927.5,3577,17.44671293347094,45.015410462649946,36.21432136381898
2007-07-12,793,2007-07-12,17.2083333333333,44.5416666666667,37.125,11.25,-1122852.5,-2762927.5,3577,16.73964953326609,43.48144639328962,38.534350822673716
2007-07-20,794,2007-07-20,16.5833333333333,44.1666666666667,37.75,11.1666666666667,-1122852.5,-2762927.5,3577,16.462429343176915,41.95476443963342,40.35319484766815
2007-07-27,795,2007-07-27,12.4583333333333,26.4583333333333,59.9166666666667,7.70833333333333,-1122852.5,-2762927.5,3577,15.707589954870636,40.51410255501368,42.523320598613935
2007-07-28,796,2007-07-28,19.625,49.9583333333333,29.2916666666667,13.125,-1122852.5,-2762927.5,3577,15.99703646860511,40.39487145549799,42.327495592795586
2007-08-04,797,2007-08-04,15.6842105263158,43.5263157894737,39.4736842105263,10.7368421052632,-1122851.84210526,-2762912.36842105,3577,16.398823054872445,41.60622481133048,40.679578971852976
2007-08-05,798,2007-08-05,16.7083333333333,41.0833333333333,40.75,10.6666666666667,-1122852.5,-2762927.5,3577,16.66565003523313,42.029402467179104,39.915716375019954
2007-08-12,799,2007-08-12,16.0,41.8333333333333,40.625,11.0,-1122852.5,-2762927.5,3577,16.431833579285804,42.90671952322926,39.17286801579545
2007-08-13,800,2007-08-13,15.4347826086957,42.4782608695652,40.6521739130435,10.7391304347826,-1122849.7826087,-2762925.0,3577,16.327916506661833,43.294463489629706,38.87525404772259
2007-08-20,801,2007-08-20,18.2,42.5333333333333,37.6666666666667,11.2,-1122855.0,-2762955.0,3577,15.941696165236133,41.88883318247767,40.59492472178546
2007-08-21,802,2007-08-21,14.7083333333333,38.9583333333333,44.75,10.5416666666667,-1122852.5,-2762927.5,3577,15.339865586669028,38.795091011159634,44.33460821453605
2007-08-28,803,2007-08-28,14.7916666666667,39.8333333333333,43.9166666666667,10.875,-1122852.5,-2762927.5,3577,15.780743609739993,39.30723003472076,43.46223147360641
2007-08-29,804,2007-08-29,14.75,41.0833333333333,42.8333333333333,10.25,-1122852.5,-2762927.5,3577,15.672930260056244,38.33971971869021,44.55482927562427
2007-09-05,805,2007-09-05,17.1,32.65,48.85,8.05,-1122855.0,-2762940.0,3577,15.547463721048006,37.923075896592906,45.12761907293807
2007-09-06,806,2007-09-06,14.875,37.5416666666667,46.0833333333333,9.375,-1122852.5,-2762927.5,3577,14.875815419378938,38.31876933919368,45.43769832827235
2007-09-13,807,2007-09-13,15.2083333333333,41.5,42.0833333333333,10.2916666666667,-1122852.5,-2762927.5,3577,15.248244178531966,38.46332151941349,44.87519168025629
2007-09-14,808,2007-09-14,14.4583333333333,40.9583333333333,43.0833333333333,10.125,-1122852.5,-2762927.5,3577,14.363589454918557,39.624599213989576,44.58283860102077
2007-09-22,809,2007-09-22,12.9583333333333,40.3333333333333,45.1666666666667,10.0,-1122852.5,-2762927.5,3577,13.35289156148087,40.6354959282143,44.602255561769
2007-09-29,810,2007-09-29,11.625,40.7916666666667,46.3333333333333,10.25,-1122852.5,-2762927.5,3577,12.136998502012151,42.16499104609929,44.31190202985204
2007-09-30,811,2007-09-30,13.0,41.5238095238095,43.9523809523809,10.0,-1122856.42857143,-2762936.42857143,3577,11.49059622008365,43.09255334448188,44.04472423860309
2007-10-07,812,2007-10-07,12.2083333333333,43.25,43.125,10.0833333333333,-1122852.5,-2762927.5,3577,11.406722534429804,43.24048809806678,43.94897452907632
2007-10-16,813,2007-10-16,6.0,48.0,45.0,9.0,-1122795.0,-2762925.0,3577,11.152673951433892,44.2583864793551,43.206629670632495
2007-11-01,814,2007-11-01,16.0,42.2,40.2,10.4,-1122855.0,-2762985.0,3577,11.46436071668098,44.40628280387679,42.7396140752888
2007-11-08,815,2007-11-08,9.70833333333333,44.4166666666667,44.3333333333333,10.0833333333333,-1122852.5,-2762927.5,3577,11.643643203590797,43.730211562987186,43.21800175384526
2007-11-17,816,2007-11-17,13.375,43.0,42.25,9.79166666666667,-1122852.5,-2762927.5,3577,11.39646707546903,43.55719089756576,43.67675045893502
2007-12-03,817,2007-12-03,10.2857142857143,44.0,44.4285714285714,9.71428571428571,-1122833.57142857,-2762877.85714286,3577,11.299229736393826,42.74619685595687,44.65165667430689
2007-12-26,818,2007-12-26,10.6363636363636,40.6363636363636,47.5454545454545,9.54545454545454,-1122841.36363636,-2762889.54545455,3577,11.110331782860381,42.56242643335754,45.0129338103888
2008-01-04,819,2008-01-04,10.6666666666667,42.0416666666667,45.8333333333333,9.625,-1122852.5,-2762927.5,3577,10.044648017803006,43.48248593350784,45.17895967113074
2008-01-11,820,2008-01-11,8.66666666666667,47.0,43.3333333333333,9.66666666666667,-1122825.0,-2762865.0,3577,8.838818970220697,44.607126195280756,45.27760781270479
2008-01-19,821,2008-01-19,9.66666666666667,45.875,43.0416666666667,9.375,-1122852.5,-2762927.5,3577,9.537324599594498,44.72525920042918,44.40571008818451
2008-01-27,822,2008-01-27,10.375,42.5,45.5833333333333,9.79166666666667,-1122852.5,-2762927.5,3577,9.72760972257731,45.37663881389781,43.524722900795894
2008-01-28,823,2008-01-28,8.75,48.875,40.9583333333333,9.45833333333333,-1122852.5,-2762927.5,3577,10.82365712203012,45.890967574865726,41.92004871316203
2008-02-05,824,2008-02-05,12.0,44.6666666666667,42.1111111111111,9.11111111111111,-1122848.33333333,-2762910.0,3577,11.969977133288037,45.885735828718225,40.788082025060596
2008-02-12,825,2008-02-12,16.0,42.8947368421053,39.7894736842105,9.8421052631579,-1122851.84210526,-2762912.36842105,3577,13.771062013320012,45.01728799823695,39.89757367991248
2008-02-13,826,2008-02-13,15.7083333333333,45.9583333333333,37.0833333333333,9.66666666666667,-1122852.5,-2762927.5,3577,15.497136764162308,44.41695448106712,38.75142900659672
2008-02-20,827,2008-02-20,16.2916666666667,45.7083333333333,36.5833333333333,9.04166666666667,-1122852.5,-2762927.5,3577,18.42198990379829,43.53570531906202,36.744705265760516
2008-02-21,828,2008-02-21,18.625,43.25,36.875,9.91666666666667,-1122852.5,-2762927.5,3577,19.63798108495957,43.354732443694516,35.69170452598302
2008-02-28,829,2008-02-28,21.4583333333333,41.5416666666667,35.5833333333333,10.0833333333333,-1122852.5,-2762927.5,3577,20.301776396974596,44.19976783983374,34.13283527481728
2008-02-29,830,2008-02-29,21.0,44.2083333333333,33.4583333333333,9.75,-1122852.5,-2762927.5,3577,19.461075689013956,45.47953047033758,33.69309423624953
2008-03-07,831,2008-03-07,20.375,45.4166666666667,32.75,9.91666666666667,-1122852.5,-2762927.5,3577,18.504146008787217,45.76638310632249,34.39142754616006
2008-03-16,832,2008-03-16,18.6666666666667,47.125,33.0416666666667,9.625,-1122852.5,-2762927.5,3577,17.6029873255283,45.584589755737426,35.463344921869854
2008-03-23,833,2008-03-23,9.625,50.625,38.375,6.25,-1122888.75,-2762958.75,3577,17.989135029868876,44.761516706902725,35.92285871208262
2008-03-24,834,2008-03-24,20.9166666666667,41.4583333333333,36.1666666666667,9.95833333333333,-1122852.5,-2762927.5,3577,17.601143642081226,43.85945401799399,37.196865640012284
2008-04-08,835,2008-04-08,16.1666666666667,38.1666666666667,44.4583333333333,6.33333333333333,-1122852.5,-2762927.5,3577,17.41699460036743,42.42818888107077,38.802149625123306
2008-04-09,836,2008-04-09,20.9583333333333,41.7916666666667,35.7916666666667,10.0416666666667,-1122852.5,-2762927.5,3577,17.469642891731684,41.27647417760049,39.87258913889816
2008-04-16,837,2008-04-16,19.5833333333333,40.3333333333333,38.625,10.2083333333333,-1122852.5,-2762927.5,3577,16.9403238999311,40.97743826882045,40.64903475029966
2008-04-17,838,2008-04-17,16.375,42.5,39.75,9.0,-1122852.5,-2762927.5,3577,16.58984206006118,41.321530141407464,40.57000171491582
2008-05-02,839,2008-05-02,7.68421052631579,45.5263157894737,45.1578947368421,12.1578947368421,-1122851.84210526,-2762912.36842105,3577,15.325403149072844,42.401860794676686,40.72906513398003
2008-05-11,840,2008-05-11,17.0,41.2222222222222,40.2777777777778,10.1666666666667,-1122860.0,-2762945.0,3577,13.539029095935984,43.60820975006814,41.33257655837291
2008-05-18,841,2008-05-18,14.875,43.2916666666667,40.2916666666667,10.0,-1122852.5,-2762927.5,3577,14.239439129387307,43.15160341396049,41.10355464560898
2008-05-27,842,2008-05-27,14.5416666666667,42.7083333333333,41.1666666666667,9.58333333333333,-1122852.5,-2762927.5,3577,14.454217682266687,43.13611355782781,40.99846579062604
2008-06-03,843,2008-06-03,15.5833333333333,43.4583333333333,39.7083333333333,9.91666666666667,-1122852.5,-2762927.5,3577,14.7205897925853,43.98547873603839,39.93685672229154
2008-06-19,844,2008-06-19,12.0833333333333,43.625,43.1666666666667,9.04166666666667,-1122852.5,-2762927.5,3577,14.219854265823287,43.334866032879745,41.12113933673121
2008-07-05,845,2008-07-05,14.875,43.3333333333333,40.5,10.2916666666667,-1122852.5,-2762927.5,3577,12.600665269495856,43.121619967935004,42.98262892123256
2008-07-14,846,2008-07-14,11.8333333333333,43.6666666666667,42.9444444444444,9.83333333333333,-1122848.33333333,-2762910.0,3577,10.04342614367719,42.56152153116646,46.062931214036425
2008-08-15,847,2008-08-15,6.8,43.6,48.4,8.8,-1122831.0,-2762871.0,3577,9.50472504791247,41.92063823688586,47.21783706488881
2008-08-22,848,2008-08-22,7.1,38.85,52.5,10.8,-1122855.0,-2762940.0,3577,8.932339126300635,41.91085686758437,47.75015554620103
2008-08-23,849,2008-08-23,10.8333333333333,37.7916666666667,49.9583333333333,9.375,-1122852.5,-2762927.5,3577,9.452154269877315,40.775286890605884,48.32734233430104
2008-08-30,850,2008-08-30,9.29166666666667,44.625,44.75,11.0833333333333,-1122852.5,-2762927.5,3577,10.254312251214735,40.45823052076318,47.85777875374683
2008-08-31,851,2008-08-31,11.7916666666667,40.4166666666667,46.2916666666667,9.95833333333333,-1122852.5,-2762927.5,3577,10.8468884057103,40.49852997878709,47.22975386326075
2008-09-07,852,2008-09-07,13.1428571428571,41.7142857142857,43.7142857142857,10.0,-1122867.85714286,-2762976.42857143,3577,11.01697994987303,39.730408961517576,47.76716639053387
2008-09-08,853,2008-09-08,10.4583333333333,36.7083333333333,51.2916666666667,9.375,-1122852.5,-2762927.5,3577,10.880658350935349,40.473624337472785,47.10785254476501
2008-09-15,854,2008-09-15,9.70833333333333,37.6666666666667,51.0833333333333,9.375,-1122852.5,-2762927.5,3577,9.934036680552216,39.61512339569023,48.91621600792696
2008-09-16,855,2008-09-16,7.0,42.8,48.6,8.8,-1122831.0,-2762871.0,3577,9.2240191439094,37.54915314303298,51.634008844604836
2008-09-24,856,2008-09-24,8.91666666666667,35.625,53.8333333333333,9.08333333333333,-1122852.5,-2762927.5,3577,8.966926004850356,36.69344200690401,52.7750379135749
2008-10-01,857,2008-10-01,9.125,36.0,53.3333333333333,9.16666666666667,-1122852.5,-2762927.5,3577,8.747248881148503,36.937831002840966,52.789342365572836
2008-10-02,858,2008-10-02,12.375,39.0,47.25,9.08333333333333,-1122852.5,-2762927.5,3577,9.417071061032507,36.35380305967999,52.72419518045663
2008-10-17,859,2008-10-17,7.20833333333333,29.125,62.125,10.375,-1122852.5,-2762927.5,3577,9.595055357437822,36.900552105267955,52.03525318849617
2008-10-18,860,2008-10-18,9.95833333333333,41.625,46.9583333333333,8.95833333333333,-1122852.5,-2762927.5,3577,9.803493075550431,37.288483729886835,51.480180345962125
2008-10-25,861,2008-10-25,10.0,41.0416666666667,47.625,9.25,-1122852.5,-2762927.5,3577,9.984816009582318,37.951331305427814,50.62290354123964
2008-10-26,862,2008-10-26,9.95833333333333,36.0416666666667,52.4166666666667,9.0,-1122852.5,-2762927.5,3577,9.750699120279707,38.480521155825016,50.288156631802394
2008-11-02,863,2008-11-02,9.29166666666667,38.8333333333333,50.4166666666667,9.83333333333333,-1122852.5,-2762927.5,3577,9.660862615195537,38.78324655220362,50.06034265011847
2008-11-03,864,2008-11-03,8.70833333333333,40.6666666666667,49.1666666666667,9.20833333333333,-1122852.5,-2762927.5,3577,9.432023858493032,39.054773142228626,50.01998762330835
2008-11-11,865,2008-11-11,12.0,35.9166666666667,50.5416666666667,8.625,-1122852.5,-2762927.5,3577,9.213615976385494,38.77033763449594,50.50759830983537
2008-11-18,866,2008-11-18,7.375,37.625,53.3333333333333,9.54166666666667,-1122852.5,-2762927.5,3577,8.413130471178754,37.64614049520608,52.401100189792075
2008-11-19,867,2008-11-19,7.875,41.0,49.7916666666667,9.0,-1122852.5,-2762927.5,3577,8.559179855231212,39.2438910418728,50.66739465384221
2008-11-26,868,2008-11-26,8.875,41.75,47.9166666666667,9.91666666666667,-1122852.5,-2762927.5,3577,9.520412508027198,39.93605169339868,49.06904151059766
2008-11-27,869,2008-11-27,10.1666666666667,35.7916666666667,52.4166666666667,9.08333333333333,-1122852.5,-2762927.5,3577,10.530435637632223,40.05416783937859,47.941844017688254
2008-12-04,870,2008-12-04,11.7916666666667,41.0,45.7083333333333,10.0,-1122852.5,-2762927.5,3577,11.699077882899683,40.561142804557804,46.29112090179511
2008-12-05,871,2008-12-05,14.125,43.1666666666667,41.4166666666667,9.875,-1122852.5,-2762927.5,3577,12.3534382284364,40.875281452287744,45.34544480286838
2008-12-12,872,2008-12-12,15.0,41.1666666666667,42.4583333333333,9.75,-1122852.5,-2762927.5,3577,15.006978573539811,39.906953856251306,43.65084128976666
2008-12-13,873,2008-12-13,14.5416666666667,37.2083333333333,46.7916666666667,9.29166666666667,-1122852.5,-2762927.5,3577,15.441089869880134,39.57836461783239,43.54250741517893
2008-12-20,874,2008-12-20,12.3333333333333,39.9583333333333,46.125,11.3333333333333,-1122852.5,-2762927.5,3577,14.329476895651217,39.665749240433705,44.57449374670071
2008-12-29,875,2008-12-29,15.5,39.5,43.6666666666667,8.29166666666667,-1122852.5,-2762927.5,3577,13.45388746959752,39.5716048914906,45.53785298807839
2009-01-05,876,2009-01-05,14.625,39.5,44.4583333333333,9.70833333333333,-1122852.5,-2762927.5,3577,12.562564499482118,39.66957951748379,46.334050495421295
2009-01-06,877,2009-01-06,14.7083333333333,39.7083333333333,44.125,9.29166666666667,-1122852.5,-2762927.5,3577,11.903664833616617,41.32888241788551,45.384229289795265
2009-01-14,878,2009-01-14,2.0,43.375,53.2916666666667,19.75,-1122852.5,-2762927.5,3577,12.414177798463868,40.73839550541726,45.49678404669985
2009-01-21,879,2009-01-21,14.4166666666667,41.5833333333333,42.625,9.41666666666667,-1122852.5,-2762927.5,3577,12.64583017601405,41.003193401020084,44.983555788889625
2009-01-22,880,2009-01-22,17.8,42.3,38.7,10.1,-1122855.0,-2762970.0,3577,11.938905547495093,41.572658533410824,45.136787979815296
2009-02-06,881,2009-02-06,11.5,42.3333333333333,44.75,9.45833333333333,-1122852.5,-2762927.5,3577,12.114293085653493,43.49823821688496,43.02948122568223
2009-02-14,882,2009-02-14,13.2083333333333,39.375,45.9583333333333,9.33333333333333,-1122852.5,-2762927.5,3577,12.624211572739087,44.261130896960196,41.75673681323212
2009-02-23,883,2009-02-23,12.4583333333333,42.1666666666667,43.9166666666667,9.70833333333333,-1122852.5,-2762927.5,3577,13.039679489754928,44.421973408421884,41.179409599682074
2009-03-02,884,2009-03-02,8.91666666666667,55.625,34.25,11.2083333333333,-1122852.5,-2762927.5,3577,13.729414419427831,42.5961959866695,42.320614756753926
2009-03-10,885,2009-03-10,15.5833333333333,41.2083333333333,41.9583333333333,9.79166666666667,-1122852.5,-2762927.5,3577,14.130682037258858,44.74658496817271,39.748057257494025
2009-03-18,886,2009-03-18,20.5416666666667,39.6666666666667,38.2083333333333,9.875,-1122852.5,-2762927.5,3577,16.54203665271529,43.07890110404948,38.94524670375479
2009-03-19,887,2009-03-19,15.875,35.0416666666667,47.7083333333333,9.20833333333333,-1122852.5,-2762927.5,3577,19.40512995775864,39.18859082093791,40.030072997172255
2009-03-26,888,2009-03-26,22.0833333333333,40.7083333333333,35.8333333333333,10.1666666666667,-1122852.5,-2762927.5,3577,21.02623743645102,36.84544364303876,40.683196576379316
2009-03-27,889,2009-03-27,21.75,40.0,36.625,9.95833333333333,-1122852.5,-2762927.5,3577,21.048385566958274,35.87883543184865,41.557934067989756
2009-04-03,890,2009-04-03,19.5714285714286,42.8571428571429,36.0,9.85714285714286,-1122833.57142857,-2762877.85714286,3577,19.04319042670151,37.27469627894768,42.126228647507176
2009-04-12,891,2009-04-12,18.0,18.3333333333333,62.3333333333333,6.0,-1122885.0,-2762985.0,3577,18.008172168386192,41.47619717742937,38.99217887375199
2009-04-19,892,2009-04-19,18.9583333333333,50.5,29.125,13.2083333333333,-1122852.5,-2762927.5,3577,17.179345680117095,41.77104822421534,39.55291934587008
2009-04-20,893,2009-04-20,11.0,54.0,33.0,8.0,-1122795.0,-2762865.0,3577,16.46839447961492,42.951881323004926,39.069248089366084
2009-04-27,894,2009-04-27,12.9583333333333,41.25,44.625,8.83333333333333,-1122852.5,-2762927.5,3577,14.696927427575371,43.03901787066778,40.82324976364614
2009-05-05,895,2009-05-05,19.875,41.4583333333333,37.3333333333333,10.25,-1122852.5,-2762927.5,3577,14.266640093650333,43.1868263315567,41.15122377621763
2009-05-06,896,2009-05-06,18.75,39.4583333333333,40.4166666666667,10.0,-1122852.5,-2762927.5,3577,13.763697473834739,42.214840757791094,42.60691849429604
2009-05-13,897,2009-05-13,6.5,35.5,56.5,16.5,-1122870.0,-2762895.0,3577,12.857839013409862,40.05345763626898,45.67488806342614
2009-05-22,898,2009-05-22,14.2916666666667,46.625,37.6666666666667,10.5416666666667,-1122852.5,-2762927.5,3577,14.76373819678555,38.932474903831306,44.89525799277451
2009-05-29,899,2009-05-29,13.2916666666667,37.5,47.875,8.125,-1122852.5,-2762927.5,3577,16.408014070550344,42.13696262457241,40.026182924396764
2009-05-30,900,2009-05-30,18.0416666666667,42.5833333333333,37.75,9.91666666666667,-1122852.5,-2762927.5,3577,16.095469417061466,42.764666190356394,39.64135194010763
2009-06-06,901,2009-06-06,17.375,43.6666666666667,37.5,10.4583333333333,-1122852.5,-2762927.5,3577,15.782935588660804,41.494474694545886,41.305412466784006
2009-06-15,902,2009-06-15,19.625,44.3333333333333,34.75,10.75,-1122852.5,-2762927.5,3577,15.996083379981929,40.715430982839756,41.89638289985962
2009-06-22,903,2009-06-22,19.1666666666667,43.125,36.3333333333333,10.4583333333333,-1122852.5,-2762927.5,3577,15.155073254916195,40.042096963917615,43.431922566591005
2009-07-01,904,2009-07-01,2.14285714285714,26.6666666666667,69.8571428571429,23.2380952380952,-1122859.28571429,-2762920.71428571,3577,12.966234101294084,39.538757424200455,46.1235816556955
2009-07-08,905,2009-07-08,10.875,41.5416666666667,46.1666666666667,8.08333333333333,-1122852.5,-2762927.5,3577,12.082576736986706,40.21109192664321,46.35561020506148
2009-07-09,906,2009-07-09,15.375,45.75,37.5833333333333,10.5,-1122852.5,-2762927.5,3577,11.688356792844221,40.61234186349681,46.35592503471067
2009-07-17,907,2009-07-17,15.75,43.1666666666667,39.625,10.5833333333333,-1122852.5,-2762927.5,3577,12.747308419133148,41.42664378964071,44.443010163204754
2009-08-01,908,2009-08-01,12.7916666666667,42.0,43.8333333333333,9.79166666666667,-1122852.5,-2762927.5,3577,13.310208496352029,42.237018915031186,43.06657223065248
2009-08-10,909,2009-08-10,12.7916666666667,39.875,45.9583333333333,10.0,-1122852.5,-2762927.5,3577,14.29374534134384,42.180951813917645,42.125615870191616
2009-08-17,910,2009-08-17,13.75,40.7083333333333,44.1666666666667,9.79166666666667,-1122852.5,-2762927.5,3577,14.520640994710044,40.89963790079277,43.14371812397482
2009-08-18,911,2009-08-18,14.9583333333333,40.625,42.9166666666667,9.79166666666667,-1122852.5,-2762927.5,3577,12.93897201869145,38.0239288575145,47.593896557511734
2009-08-26,912,2009-08-26,11.7916666666667,34.9583333333333,51.75,6.79166666666667,-1122852.5,-2762927.5,3577,13.392805465945873,38.63069038803754,46.469318091602176
2009-09-02,913,2009-09-02,11.875,41.1666666666667,45.4583333333333,9.66666666666667,-1122852.5,-2762927.5,3577,13.533887938684675,39.33177903107654,45.61894336313159
2009-09-03,914,2009-09-03,16.3333333333333,38.1333333333333,44.0,9.8,-1122855.0,-2762955.0,3577,13.337104072396198,39.74815937415963,45.403838035023206
2009-09-10,915,2009-09-10,13.0,41.2083333333333,44.375,9.70833333333333,-1122852.5,-2762927.5,3577,12.992499115949194,39.914063232942716,45.658343977996594
2009-09-11,916,2009-09-11,11.9166666666667,41.1666666666667,45.5,9.25,-1122852.5,-2762927.5,3577,11.997591417868275,40.2246647830953,46.436873498012076
2009-09-18,917,2009-09-18,11.1666666666667,41.125,46.2916666666667,9.375,-1122852.5,-2762927.5,3577,12.013586568228742,40.09944467296809,46.59268747247927
2009-09-19,918,2009-09-19,10.5,37.5,51.0,9.0,-1122900.0,-2762985.0,3577,11.97648159373987,39.58604862629039,47.14640029732205
2009-09-26,919,2009-09-26,12.9583333333333,39.125,46.625,9.16666666666667,-1122852.5,-2762927.5,3577,11.363152843027311,39.51783397200764,47.83219850324399
2009-09-27,920,2009-09-27,11.375,39.2083333333333,48.0833333333333,9.125,-1122852.5,-2762927.5,3577,11.564903620629444,39.22793576392061,47.88785118389667
2009-10-04,921,2009-10-04,10.5,40.4166666666667,47.5416666666667,9.66666666666667,-1122852.5,-2762927.5,3577,11.57841603700563,38.98380657010105,48.04493403912191
2009-10-05,922,2009-10-05,14.6,38.6666666666667,45.2,9.6,-1122855.0,-2762955.0,3577,11.012874818678121,39.750119075964534,47.78528744216886
2009-10-12,923,2009-10-12,7.16666666666667,42.8333333333333,48.6666666666667,9.0,-1122830.0,-2762875.0,3577,10.25072888927225,41.119759755202544,47.12297390431362
2009-10-13,924,2009-10-13,9.625,41.4166666666667,47.5,9.125,-1122852.5,-2762927.5,3577,9.088474348147916,42.539212979996115,46.84323919114242
2009-10-20,925,2009-10-20,9.33333333333333,38.4166666666667,50.625,8.0,-1122852.5,-2762927.5,3577,8.330259910367026,42.86890727950461,47.311113937654866
2009-10-29,926,2009-10-29,6.0,48.75,43.75,10.625,-1122852.5,-2762927.5,3577,8.267006213599405,43.11056925529968,47.12090811664412
2009-11-05,927,2009-11-05,9.91666666666667,43.7916666666667,44.875,9.58333333333333,-1122852.5,-2762927.5,3577,7.978727979965182,43.58652673435305,46.99605100780869
2009-11-21,928,2009-11-21,7.29166666666667,43.125,48.0833333333333,9.625,-1122852.5,-2762927.5,3577,8.15920547460674,43.16486338738017,47.22140913781074
2009-11-30,929,2009-11-30,8.75,40.0,49.7916666666667,9.25,-1122852.5,-2762927.5,3577,8.941203533307469,42.43497189084792,47.14708498415223
2009-12-15,930,2009-12-15,10.4166666666667,40.6666666666667,47.4583333333333,9.5,-1122852.5,-2762927.5,3577,8.944616142370233,41.79953199534618,47.73357383070291
2009-12-16,931,2009-12-16,8.29166666666667,43.5833333333333,46.625,9.0,-1122852.5,-2762927.5,3577,9.491869456651328,40.913972121783345,48.008280290393856
2009-12-31,932,2009-12-31,8.58333333333333,41.625,48.2083333333333,9.33333333333333,-1122852.5,-2762927.5,3577,9.273377680110048,40.42980471540238,48.64909664638039
2010-01-09,933,2010-01-09,10.5,38.0,49.5,8.5,-1122900.0,-2762985.0,3577,8.740351057609818,41.46459402310175,48.15372112406996
2010-01-16,934,2010-01-16,9.16666666666667,43.0833333333333,46.25,9.91666666666667,-1122852.5,-2762927.5,3577,9.288074541556128,41.269957854317,47.8636859786169
2010-01-17,935,2010-01-17,8.5,41.0,49.0,9.20833333333333,-1122852.5,-2762927.5,3577,8.937448129784254,41.54409509478547,48.013383417401
2010-01-24,936,2010-01-24,8.16666666666667,42.9166666666667,47.625,9.04166666666667,-1122852.5,-2762927.5,3577,9.426868197969501,42.240276364496054,46.88325174187705
2010-01-25,937,2010-01-25,9.33333333333333,41.7083333333333,47.5833333333333,9.08333333333333,-1122852.5,-2762927.5,3577,9.70056294703755,43.04996662263822,45.87980248670695
2010-02-01,938,2010-02-01,11.9,41.6,45.2,10.0,-1122855.0,-2762970.0,3577,9.999087222191719,41.408520968189706,47.25622521107155
2010-02-02,939,2010-02-02,10.125,41.9166666666667,46.5416666666667,8.91666666666667,-1122852.5,-2762927.5,3577,9.697493157198501,40.17661792970792,48.772662552135316
2010-02-26,940,2010-02-26,7.41666666666667,42.7916666666667,48.2916666666667,9.20833333333333,-1122852.5,-2762927.5,3577,9.273061789177687,39.770057084292645,49.576127220674536
2010-03-14,941,2010-03-14,10.875,37.9166666666667,49.8333333333333,8.95833333333333,-1122852.5,-2762927.5,3577,8.573678044469883,40.39180053691836,49.668489208228635
2010-03-21,942,2010-03-21,6.3,34.4,58.1,10.6,-1122885.0,-2762955.0,3577,7.736421564734922,40.75725112520171,50.14363633037534
2010-03-30,943,2010-03-30,7.94117647058824,40.0,50.5882352941176,9.0,-1122846.17647059,-2762907.35294118,3577,7.19742836232439,41.52805880908977,49.89308685455728
2010-04-15,944,2010-04-15,5.125,53.4166666666667,40.1666666666667,10.0,-1122852.5,-2762927.5,3577,7.902240326296693,42.18782249741372,48.527925278441614
2010-04-22,945,2010-04-22,10.1111111111111,40.4444444444444,48.0555555555556,9.61111111111111,-1122848.33333333,-2762910.0,3577,8.587759078674752,42.24790925448188,47.77474707145275
2010-04-30,946,2010-04-30,9.16666666666667,38.1666666666667,51.0416666666667,9.5,-1122852.5,-2762927.5,3577,8.62558439557036,41.205834542128684,48.71353818432404
2010-05-01,947,2010-05-01,8.875,39.3333333333333,50.375,9.41666666666667,-1122852.5,-2762927.5,3577,8.628404978435565,39.81087650738756,50.057562215595176
2010-05-08,948,2010-05-08,10.0416666666667,38.4583333333333,49.9583333333333,9.33333333333333,-1122852.5,-2762927.5,3577,8.98956252776006,37.92217423099207,51.56353797914218
2010-05-09,949,2010-05-09,8.33333333333333,36.4583333333333,53.8333333333333,9.29166666666667,-1122852.5,-2762927.5,3577,8.287063881603716,36.372616676403794,53.8023316603185
2010-05-16,950,2010-05-16,4.58333333333333,34.875,58.7916666666667,9.41666666666667,-1122852.5,-2762927.5,3577,8.049640033976843,36.53646972222276,53.84139653825608
2010-05-17,951,2010-05-17,9.125,38.0833333333333,51.2083333333333,9.25,-1122852.5,-2762927.5,3577,7.472426094716001,38.002395351460876,52.92704582138776
2010-05-24,952,2010-05-24,9.58333333333333,41.0416666666667,47.9166666666667,9.75,-1122852.5,-2762927.5,3577,8.200151370815778,37.60929460116205,52.60707906643654
2010-05-25,953,2010-05-25,8.08333333333333,38.0416666666667,52.25,9.5,-1122852.5,-2762927.5,3577,8.848759986142563,38.39526276096912,51.20466633468966
2010-06-01,954,2010-06-01,8.79166666666667,37.0416666666667,52.6666666666667,9.45833333333333,-1122852.5,-2762927.5,3577,9.79286554518606,39.421206889080274,49.363102325943274
2010-06-02,955,2010-06-02,11.125,39.0833333333333,48.4166666666667,9.45833333333333,-1122852.5,-2762927.5,3577,10.48183279568572,40.08188998823077,48.1165889064424
2010-06-10,956,2010-06-10,10.25,40.625,47.875,10.2916666666667,-1122852.5,-2762927.5,3577,10.420936261878978,40.090791819114,48.24506736812516
2010-07-27,957,2010-07-27,12.0,41.6666666666667,45.3333333333333,10.0,-1122885.0,-2762985.0,3577,10.344927002820192,39.3005098616495,49.080131813483604
2010-07-28,958,2010-07-28,9.08333333333333,40.875,48.7083333333333,9.33333333333333,-1122852.5,-2762927.5,3577,10.036386472143484,39.14698523869764,49.52168432701747
2010-08-05,959,2010-08-05,9.45833333333333,37.0833333333333,52.125,9.25,-1122852.5,-2762927.5,3577,10.209731857408348,39.96956366646171,48.48455788277044
2010-08-12,960,2010-08-12,8.375,38.375,51.625,9.45833333333333,-1122852.5,-2762927.5,3577,9.066119381133504,40.018464378752526,49.505907663021006
2010-08-21,961,2010-08-21,9.625,38.25,50.625,9.5,-1122852.5,-2762927.5,3577,8.373966848423802,39.12030951504051,51.038326998071696
2010-08-28,962,2010-08-28,8.625,40.0416666666667,49.9166666666667,9.875,-1122852.5,-2762927.5,3577,7.961584210422031,38.181110427234756,52.370262090842516
2010-08-29,963,2010-08-29,5.5,42.7083333333333,50.4583333333333,9.45833333333333,-1122852.5,-2762927.5,3577,6.86829901264783,38.2165616890792,53.42085584693147
2010-09-06,964,2010-09-06,8.8,38.0666666666667,51.6666666666667,9.66666666666667,-1122855.0,-2762955.0,3577,6.255222486490902,38.929618188822914,53.38940084682321
2010-09-13,965,2010-09-13,1.85714285714286,32.7142857142857,63.9285714285714,18.3571428571429,-1122859.28571429,-2762957.14285714,3577,5.721393544535106,38.821232173393554,54.01719371958501
2010-09-22,966,2010-09-22,9.04166666666667,37.125,52.3333333333333,9.20833333333333,-1122852.5,-2762927.5,3577,6.009784719923145,37.7713357334044,54.78203040508721
2010-10-07,967,2010-10-07,4.33333333333333,42.7916666666667,51.4583333333333,9.125,-1122852.5,-2762927.5,3577,6.463890083084169,37.87081816531715,54.19447992666994
2010-10-16,968,2010-10-16,6.125,42.0833333333333,50.3333333333333,8.95833333333333,-1122852.5,-2762927.5,3577,6.829832190512291,39.46024512122993,52.24681742405418
2010-10-31,969,2010-10-31,10.1666666666667,36.875,51.625,9.16666666666667,-1122852.5,-2762927.5,3577,7.463853638620332,40.11900748889314,50.978560010673135
2010-11-09,970,2010-11-09,7.83333333333333,37.5,53.0416666666667,8.91666666666667,-1122852.5,-2762927.5,3577,7.723062541172849,41.12303370003993,49.724502406770526
2010-11-17,971,2010-11-17,6.91666666666667,44.5416666666667,47.25,8.70833333333333,-1122852.5,-2762927.5,3577,7.562205338520004,42.72617153227969,48.2927437629378
2010-11-24,972,2010-11-24,5.66666666666667,47.2083333333333,45.6666666666667,9.04166666666667,-1122852.5,-2762927.5,3577,6.965080842788784,43.64754891650523,47.982521090873064
2010-11-25,973,2010-11-25,7.125,42.25,49.25,9.0,-1122852.5,-2762927.5,3577,7.412381864780137,43.86642459706819,47.307450676251676
2010-12-02,974,2010-12-02,8.57142857142857,40.4285714285714,49.5714285714286,9.14285714285714,-1122867.85714286,-2762976.42857143,3577,6.023814163132146,45.18016761359739,47.411915226149645
2010-12-03,975,2010-12-03,4.375,52.375,41.8333333333333,8.54166666666667,-1122852.5,-2762927.5,3577,5.991137732235907,46.73379780693324,45.87760781529447
2010-12-10,976,2010-12-10,6.33333333333333,45.0416666666667,47.2916666666667,8.75,-1122852.5,-2762927.5,3577,6.910157953500576,42.465670294611314,49.168286692660146
2010-12-11,977,2010-12-11,8.54166666666667,37.2916666666667,52.625,9.0,-1122852.5,-2762927.5,3577,6.875910080630412,41.64241151005236,49.960931225629636
2010-12-18,978,2010-12-18,4.04166666666667,44.4583333333333,50.0,8.375,-1122852.5,-2762927.5,3577,5.941381116302827,44.72181714054112,47.869716325978516
2010-12-19,979,2010-12-19,5.83333333333333,50.4166666666667,42.3333333333333,8.25,-1122852.5,-2762927.5,3577,5.950898173033507,47.49870305132754,45.122668868792154
2010-12-27,980,2010-12-27,11.25,41.0,46.125,9.75,-1122866.25,-2762973.75,3577,6.560303731355386,49.17692098922015,42.877984889201386
2011-01-03,981,2011-01-03,3.85714285714286,45.7142857142857,49.1904761904762,7.19047619047619,-1122847.85714286,-2762919.28571429,3577,7.151167717730124,51.03062082395685,40.49171146190665
2011-01-04,982,2011-01-04,4.0,77.0,18.0,10.0,-1122795.0,-2762955.0,3577,7.674331473478942,53.71677728875068,37.325806932999484
2011-01-11,983,2011-01-11,10.0416666666667,46.0,42.7083333333333,9.625,-1122852.5,-2762927.5,3577,8.22119057413053,52.424728135633615,38.12846106421386
2011-01-12,984,2011-01-12,13.5,40.0,45.0,9.0,-1122900.0,-2762985.0,3577,9.556687120927185,49.12331528120268,40.02347214188718
2011-01-20,985,2011-01-20,6.45833333333333,48.75,43.4583333333333,9.41666666666667,-1122852.5,-2762927.5,3577,9.036131180479678,46.51268739000241,43.13735207000814
2011-01-27,986,2011-01-27,8.20833333333333,47.3333333333333,43.2083333333333,9.33333333333333,-1122852.5,-2762927.5,3577,8.609678333361256,46.07800657374271,43.92027386957069
2011-01-28,987,2011-01-28,8.45833333333333,43.0,47.0833333333333,9.25,-1122852.5,-2762927.5,3577,6.905613091757568,43.58210597451431,48.075026624555036
2011-02-04,988,2011-02-04,5.5,40.9583333333333,52.1666666666667,10.75,-1122852.5,-2762927.5,3577,5.042696596488413,44.03510524562496,49.532897185366565
2011-02-05,989,2011-02-05,6.58333333333333,49.125,42.7916666666667,9.41666666666667,-1122852.5,-2762927.5,3577,5.34558793459642,47.00044443000397,46.370628468531756
2011-02-13,990,2011-02-13,0.5,48.75,49.75,13.5,-1122840.0,-2762865.0,3577,6.71831749261989,44.04843938310773,48.001488088787426
2011-02-21,991,2011-02-21,9.83333333333333,43.7916666666667,44.9583333333333,8.16666666666667,-1122852.5,-2762927.5,3577,8.558612522198342,41.66607637131924,48.55387449588806
2011-02-28,992,2011-02-28,11.2222222222222,31.5555555555556,56.3333333333333,9.66666666666667,-1122848.33333333,-2762945.0,3577,11.072728464578745,41.01869208440509,46.79453900541012
2011-03-08,993,2011-03-08,20.3333333333333,43.9583333333333,34.5,10.4583333333333,-1122852.5,-2762927.5,3577,13.87847337716956,39.74048794576629,45.27144113742788
2011-03-09,994,2011-03-09,13.6363636363636,36.4545454545455,48.7272727272727,11.2727272727273,-1122814.09090909,-2762930.45454545,3577,15.806154948342261,38.88927655278751,44.12128594502687
2011-03-17,995,2011-03-17,13.4,38.4,46.8,6.2,-1122831.0,-2762871.0,3577,18.73310188419673,37.05483178905791,42.876833835545405
2011-03-25,996,2011-03-25,21.3333333333333,41.0416666666667,36.3333333333333,10.0416666666667,-1122852.5,-2762927.5,3577,19.113618010188453,37.80842569101223,41.60608811161947
2011-04-01,997,2011-04-01,21.0,40.5416666666667,37.0416666666667,9.5,-1122852.5,-2762927.5,3577,18.371503131759315,39.65201022590666,40.44622230116278
2011-04-02,998,2011-04-02,15.875,37.625,44.5,13.75,-1122866.25,-2762973.75,3577,18.882528161550102,41.35393188682046,38.17768119392936
2011-04-18,999,2011-04-18,21.8,40.4,36.35,9.8,-1122849.0,-2762916.0,3577,18.545516944353174,42.106472294469114,37.82859663555693
2011-04-25,1000,2011-04-25,20.7083333333333,41.7916666666667,36.0,10.25,-1122852.5,-2762927.5,3577,19.583477401508517,45.97464437007092,32.98467913235222
2011-05-03,1001,2011-05-03,9.6,55.7333333333333,33.5333333333333,6.0,-1122877.0,-2762923.0,3577,18.638399448845572,46.73023101768533,33.23383309156806
2011-05-11,1002,2011-05-11,24.8,46.8,27.0,11.6,-1122855.0,-2762985.0,3577,18.193746681592252,46.523552840341544,33.9054915672512
2011-05-20,1003,2011-05-20,18.4444444444444,43.3333333333333,36.8888888888889,9.44444444444444,-1122848.33333333,-2762881.66666667,3577,17.9260456176064,45.42858289800335,35.3228281866
2011-05-27,1004,2011-05-27,17.2857142857143,43.2857142857143,38.0,9.71428571428571,-1122833.57142857,-2762877.85714286,3577,17.69454593393957,42.98004789327677,37.969074707536535
2011-05-28,1005,2011-05-28,19.6666666666667,41.875,37.0,10.0,-1122852.5,-2762927.5,3577,17.484300529189557,40.23542994672424,40.837329595063444
2011-06-05,1006,2011-06-05,13.375,31.4166666666667,53.6666666666667,9.75,-1122852.5,-2762927.5,3577,18.128816840191853,39.00140037980012,41.407654840853006
2011-06-13,1007,2011-06-13,19.3333333333333,41.5833333333333,37.7916666666667,9.79166666666667,-1122852.5,-2762927.5,3577,19.346920777877656,37.96285927694028,41.280164108331334
2011-06-20,1008,2011-06-20,18.9166666666667,41.9583333333333,37.7916666666667,10.0833333333333,-1122852.5,-2762927.5,3577,19.150942839407485,39.87358513518906,39.620629370623455
2011-07-07,1009,2011-07-07,23.7916666666667,41.3333333333333,33.3333333333333,10.0,-1122852.5,-2762927.5,3577,20.902529917619688,41.412240623147724,36.33181932446095
2011-07-23,1010,2011-07-23,19.4166666666667,43.4583333333333,35.8333333333333,10.2083333333333,-1122852.5,-2762927.5,3577,19.424196031004282,43.24763342951549,35.89543596238104
2011-07-30,1011,2011-07-30,19.375,42.125,37.0833333333333,10.2916666666667,-1122852.5,-2762927.5,3577,18.168648353707574,44.537790537629064,35.793176586050464
2011-08-08,1012,2011-08-08,18.25,42.125,38.2083333333333,10.2916666666667,-1122852.5,-2762927.5,3577,16.879070470562183,44.317157422984266,37.22639978835444
2011-08-24,1013,2011-08-24,10.0,50.0,38.0,10.0,-1122915.0,-2762985.0,3577,15.91534268240892,42.67674942920762,39.73410478229012
2011-08-31,1014,2011-08-31,15.5416666666667,41.375,41.4583333333333,9.79166666666667,-1122852.5,-2762927.5,3577,15.65431880188449,42.38451283114167,40.32043680749693
2011-09-08,1015,2011-09-08,14.125,38.1666666666667,46.0416666666667,9.45833333333333,-1122852.5,-2762927.5,3577,14.783599459578998,41.61779205802538,42.03063234087536
2011-09-09,1016,2011-09-09,21.6,38.8,38.4,10.2,-1122855.0,-2762985.0,3577,15.027628891664445,40.15209796856175,43.34248315368736
2011-09-16,1017,2011-09-16,14.9583333333333,40.1666666666667,43.3333333333333,9.66666666666667,-1122852.5,-2762927.5,3577,14.795156095870848,40.3090824769109,43.581455892696724
2011-10-02,1018,2011-10-02,14.375,40.9583333333333,43.4583333333333,9.41666666666667,-1122852.5,-2762927.5,3577,15.862360142706478,37.38856421536733,45.47360601350063
2011-10-19,1019,2011-10-19,9.47368421052632,39.1578947368421,50.3684210526316,9.0,-1122866.05263158,-2762925.0,3577,16.076743418438916,37.13227802016557,45.53138031648838
2011-11-11,1020,2011-11-11,16.2916666666667,38.25,44.0,9.33333333333333,-1122852.5,-2762927.5,3577,15.070688965586513,39.84317010998832,43.76000266638361
2011-11-12,1021,2011-11-12,19.375,38.1666666666667,41.0416666666667,9.25,-1122852.5,-2762927.5,3577,14.704497966590456,41.58908204390717,42.37781144632801
2011-11-19,1022,2011-11-19,15.5416666666667,42.3333333333333,40.7083333333333,9.91666666666667,-1122852.5,-2762927.5,3577,13.916169865654522,43.772076906032396,40.96352006311474
2011-11-28,1023,2011-11-28,14.75,39.9583333333333,43.7916666666667,9.625,-1122852.5,-2762927.5,3577,14.035146416234436,45.35655551470826,39.25540456094294
2011-12-05,1024,2011-12-05,8.0,63.0,28.0,8.0,-1122795.0,-2762865.0,3577,13.286741977264677,46.70499150786052,38.64798972684984
2011-12-14,1025,2011-12-14,12.875,44.0416666666667,41.7083333333333,10.125,-1122852.5,-2762927.5,3577,12.53051607970354,46.123994541923935,40.000285101346414
2011-12-21,1026,2011-12-21,14.2083333333333,40.0,44.4166666666667,9.70833333333333,-1122852.5,-2762927.5,3577,13.807617542685529,46.591732740393695,38.32592383852605
2012-02-16,1027,2012-02-16,16.625,43.0833333333333,38.8333333333333,9.95833333333333,-1122852.5,-2762927.5,3577,16.235279555323558,44.86560533594246,37.55364499982643
2012-03-03,1028,2012-03-03,19.2083333333333,41.0416666666667,38.3333333333333,10.0833333333333,-1122852.5,-2762927.5,3577,18.75181577967674,42.02992537986616,37.769460700610324
2012-04-04,1029,2012-04-04,20.0952380952381,44.2857142857143,34.2857142857143,10.5238095238095,-1122847.85714286,-2762919.28571429,3577,20.174204407560527,40.12155481392703,38.166156171507296
2012-04-11,1030,2012-04-11,22.0,41.3684210526316,34.9473684210526,10.0,-1122851.84210526,-2762912.36842105,3577,21.0507027801888,39.105248527741466,38.239543195379085
2012-04-27,1031,2012-04-27,24.1666666666667,44.125,30.2083333333333,10.75,-1122852.5,-2762927.5,3577,20.816713085672827,41.27561837162818,36.2988952074974
2012-05-06,1032,2012-05-06,14.0,29.0,55.0,7.0,-1122795.0,-2762865.0,3577,20.86236817282589,40.55002694417489,36.96224532132435
2012-05-22,1033,2012-05-22,22.0833333333333,44.0833333333333,32.4166666666667,10.5833333333333,-1122852.5,-2762927.5,3577,20.622172025002946,40.81565137032464,37.005225074114406
2012-05-29,1034,2012-05-29,20.75,45.375,32.5416666666667,10.7916666666667,-1122852.5,-2762927.5,3577,20.173609374666125,41.91268665038264,36.44933552709141
2012-06-23,1035,2012-06-23,21.0833333333333,43.0416666666667,34.4166666666667,10.5,-1122852.5,-2762927.5,3577,19.045723864130146,42.04776570230592,37.54807491488912
2012-07-09,1036,2012-07-09,18.5416666666667,44.3333333333333,35.8333333333333,10.25,-1122852.5,-2762927.5,3577,19.209959118833353,44.919488888934474,34.5741092922435
2012-07-25,1037,2012-07-25,16.8461538461538,42.8461538461538,39.1538461538462,9.53846153846154,-1122845.76923077,-2762895.0,3577,17.847766964714758,45.35585936386545,35.49085742484677
2012-08-01,1038,2012-08-01,15.625,43.75,39.2916666666667,10.2916666666667,-1122852.5,-2762927.5,3577,15.825525183316344,44.19796378702006,38.65073864572575
2012-08-26,1039,2012-08-26,12.7916666666667,42.9166666666667,42.7916666666667,9.83333333333333,-1122852.5,-2762927.5,3577,12.467953852924605,41.483939801955756,44.67070109377137
2012-09-02,1040,2012-09-02,12.5,43.125,42.9166666666667,9.75,-1122852.5,-2762927.5,3577,10.791065319135866,41.02440911671664,46.80144678691255
2012-09-11,1041,2012-09-11,11.625,43.6666666666667,43.2916666666667,9.83333333333333,-1122852.5,-2762927.5,3577,10.070493182691013,39.580136532113244,48.946542799893464
2012-10-13,1042,2012-10-13,1.1,27.3,70.3,22.5,-1122861.0,-2762913.0,3577,9.003040503592867,38.72971279930098,50.81291748062245
2012-10-20,1043,2012-10-20,12.5,42.3,43.8,9.15,-1122849.0,-2762916.0,3577,8.067347384296658,38.62956963057006,51.844493638448746
2012-11-14,1044,2012-11-14,9.66666666666667,42.125,46.75,9.54166666666667,-1122852.5,-2762927.5,3577,8.040043805522487,38.71096202558472,51.80433382406293
2012-11-30,1045,2012-11-30,10.9166666666667,38.25,49.1666666666667,9.91666666666667,-1122862.5,-2762962.5,3577,9.597430304472224,40.003510034850805,48.94894527556335
2012-12-23,1046,2012-12-23,10.0416666666667,41.125,47.4583333333333,10.2083333333333,-1122852.5,-2762927.5,3577,11.395645247423742,41.22885770060077,45.91410833747609
2013-01-08,1047,2013-01-08,7.75,44.0,46.75,10.25,-1122840.0,-2762865.0,3577,13.486068291871234,42.3996916653974,42.63544043674986
2013-02-02,1048,2013-02-02,18.9583333333333,40.2916666666667,39.4166666666667,10.0416666666667,-1122852.5,-2762927.5,3577,15.339088671903719,42.720430910672206,40.48411382218828
2013-02-09,1049,2013-02-09,19.875,42.4583333333333,36.2083333333333,10.3333333333333,-1122852.5,-2762927.5,3577,16.76265091976915,41.00254840618005,40.7589315998698
2013-03-06,1050,2013-03-06,19.5,43.2083333333333,35.7916666666667,10.5833333333333,-1122852.5,-2762927.5,3577,19.471351404011028,42.03189341617505,37.0543121738887
2013-03-13,1051,2013-03-13,17.0,39.7916666666667,41.6666666666667,10.5416666666667,-1122852.5,-2762927.5,3577,20.757808496969474,42.230500407738674,35.558960647190645
2013-03-22,1052,2013-03-22,21.75,42.4583333333333,34.2916666666667,10.1666666666667,-1122852.5,-2762927.5,3577,21.307655321971012,41.7868756630304,35.40996052450633
2013-03-29,1053,2013-03-29,22.375,41.7916666666667,34.4583333333333,10.2916666666667,-1122852.5,-2762927.5,3577,20.917622882790035,42.2774668571819,35.33642840646958
2013-04-03,1054,2013-04-03,21.2083333333333,42.8333333333333,34.4166666666667,11.5833333333333,-1122852.5,-2762927.5,3577,19.841283458540545,42.255408935743176,36.393279063552285
2013-04-14,1055,2013-04-14,18.25,44.0,36.5,10.25,-1122840.0,-2762865.0,3577,20.0329331659023,42.24336764885669,36.254592724091964
2013-04-15,1056,2013-04-15,19.4583333333333,40.75,38.0,10.375,-1122852.5,-2762927.5,3577,19.773489023873054,42.33710020628891,36.453265387857456
2013-04-22,1057,2013-04-22,18.25,41.75,38.625,10.375,-1122852.5,-2762927.5,3577,18.29794740862578,41.51948399896694,38.76138709071566
2013-04-23,1058,2013-04-23,18.1666666666667,43.0833333333333,37.375,10.375,-1122852.5,-2762927.5,3577,17.651621082732994,42.9483550505158,37.915380285343645
2013-05-01,1059,2013-05-01,16.9583333333333,41.2083333333333,40.3333333333333,10.4166666666667,-1122852.5,-2762927.5,3577,17.168291718598756,44.04679479446622,37.30768328677988
2013-05-16,1060,2013-05-16,17.4666666666667,45.4,35.9333333333333,11.0666666666667,-1122855.0,-2762955.0,3577,16.739001736135464,43.2329915440532,38.58720979742074
2013-05-24,1061,2013-05-24,14.4583333333333,41.7916666666667,42.0416666666667,10.5833333333333,-1122852.5,-2762927.5,3577,15.543694953135358,42.522881272487936,40.48221979258527
2013-06-09,1062,2013-06-09,13.4166666666667,45.9166666666667,39.0416666666667,10.5833333333333,-1122852.5,-2762927.5,3577,13.839685340457265,41.90787373100991,42.792550715531945
2013-06-10,1063,2013-06-10,16.7142857142857,45.8571428571429,36.0,11.7142857142857,-1122867.85714286,-2762976.42857143,3577,12.636649083628612,41.84471114540152,44.003580397923685
2013-07-03,1064,2013-07-03,7.91666666666667,29.0416666666667,61.9166666666667,7.54166666666667,-1122852.5,-2762927.5,3577,11.817654481739398,41.685857486160884,45.016564189158096
2013-07-04,1065,2013-07-04,12.5833333333333,42.0,43.7083333333333,10.875,-1122852.5,-2762927.5,3577,11.56978936955544,42.326100834144086,44.62446975108848
2013-07-11,1066,2013-07-11,9.54166666666667,49.0416666666667,39.7916666666667,12.5416666666667,-1122852.5,-2762927.5,3577,11.699056619333506,42.13837143248281,44.66686783288284
2013-07-12,1067,2013-07-12,13.375,44.2916666666667,40.9166666666667,10.5,-1122852.5,-2762927.5,3577,12.200156267878898,42.32732064116883,43.97243481492052
2013-07-19,1068,2013-07-19,14.0,42.6666666666667,41.9166666666667,10.4583333333333,-1122852.5,-2762927.5,3577,12.475541099765227,42.209961220403855,43.78752400849272
2013-07-20,1069,2013-07-20,13.0,38.0416666666667,47.375,8.625,-1122852.5,-2762927.5,3577,12.912970285646361,42.43678290233385,43.13808366555403
2013-07-27,1070,2013-07-27,11.9583333333333,42.0416666666667,44.4166666666667,10.6666666666667,-1122852.5,-2762927.5,3577,12.812944666270909,41.26944598228813,44.41457175434843
2013-07-28,1071,2013-07-28,11.7083333333333,37.4583333333333,49.4166666666667,9.58333333333333,-1122852.5,-2762927.5,3577,11.55778341884979,39.333375422301444,47.65461700321673
2013-08-04,1072,2013-08-04,11.0833333333333,43.625,43.9166666666667,10.4166666666667,-1122852.5,-2762927.5,3577,11.208252145169961,40.72687026595088,46.61392657908992
2013-08-05,1073,2013-08-05,10.4166666666667,42.2916666666667,45.9166666666667,10.25,-1122852.5,-2762927.5,3577,10.292170935358243,42.56219902387999,45.713086191407555
2013-08-12,1074,2013-08-12,9.79166666666667,41.5416666666667,47.0416666666667,10.2916666666667,-1122852.5,-2762927.5,3577,10.203445805998458,43.13816137422306,45.267634713061405
2013-08-13,1075,2013-08-13,9.33333333333333,43.7619047619048,45.5238095238095,10.1428571428571,-1122847.85714286,-2762919.28571429,3577,10.124011308607324,43.51403640218781,44.968760341818644
2013-08-20,1076,2013-08-20,12.0,46.4,40.4,11.6,-1122855.0,-2762985.0,3577,10.21386555480831,43.026126642528894,45.306976812310594
2013-08-21,1077,2013-08-21,9.58333333333333,41.2916666666667,47.5833333333333,10.0416666666667,-1122852.5,-2762927.5,3577,10.012963945237995,42.86104001776738,45.61424952755539
2013-08-28,1078,2013-08-28,9.08333333333333,40.5833333333333,48.6666666666667,10.0,-1122852.5,-2762927.5,3577,9.816509342049674,42.171420555702184,46.48132285670289
2013-08-29,1079,2013-08-29,10.2916666666667,41.625,46.5833333333333,10.0,-1122852.5,-2762927.5,3577,9.570572057799732,42.538407885537765,46.37782088052291
2013-09-06,1080,2013-09-06,9.20833333333333,43.1666666666667,45.9583333333333,9.58333333333333,-1122852.5,-2762927.5,3577,9.292522750725702,41.70761423818078,47.41752429716116
2013-09-13,1081,2013-09-13,9.08333333333333,41.4166666666667,47.9583333333333,9.95833333333333,-1122852.5,-2762927.5,3577,9.029572336846535,41.240500675788645,48.089079212833624
2013-09-14,1082,2013-09-14,7.88888888888889,42.5555555555556,48.1111111111111,9.44444444444444,-1122861.66666667,-2762971.66666667,3577,9.003324805568045,41.29935295182358,48.13411115887175
2013-09-21,1083,2013-09-21,10.0,41.0833333333333,47.4166666666667,9.79166666666667,-1122852.5,-2762927.5,3577,9.136897674048011,41.57027557065637,47.820199795037844
2013-09-22,1084,2013-09-22,9.25,39.6666666666667,49.4583333333333,9.58333333333333,-1122852.5,-2762927.5,3577,9.012416376192117,41.08295986778346,48.47434363881008
2013-09-29,1085,2013-09-29,9.04166666666667,39.3333333333333,50.0,9.625,-1122852.5,-2762927.5,3577,9.15428246503961,40.722565317373466,48.6971810868797
2013-09-30,1086,2013-09-30,9.0,44.0,46.0,9.0,-1122795.0,-2762865.0,3577,9.093267155959296,41.030442854353126,48.42410169808827
2013-10-08,1087,2013-10-08,8.95833333333333,40.75,48.9166666666667,9.5,-1122852.5,-2762927.5,3577,9.004288539116914,41.14435706192057,48.34855070109765
2013-10-15,1088,2013-10-15,8.625,41.25,48.375,9.625,-1122852.5,-2762927.5,3577,8.919140800718417,41.631151957771124,47.952582805903816
2013-10-16,1089,2013-10-16,9.66666666666667,41.0,47.7083333333333,9.20833333333333,-1122852.5,-2762927.5,3577,8.815926591467075,41.74524147162842,47.920662928395714
2013-10-24,1090,2013-10-24,8.41666666666667,41.9166666666667,48.0,9.20833333333333,-1122852.5,-2762927.5,3577,9.072818564303283,41.67248244530903,47.691172862218366
2013-10-31,1091,2013-10-31,8.29166666666667,42.3333333333333,47.9166666666667,9.95833333333333,-1122852.5,-2762927.5,3577,9.156871766003533,41.52379354391118,47.731593741648524
2013-11-01,1092,2013-11-01,10.4166666666667,40.4583333333333,47.75,9.33333333333333,-1122852.5,-2762927.5,3577,8.85905915549747,41.5869543253382,47.9573807255624
2013-11-08,1093,2013-11-08,8.41666666666667,43.0,47.0,9.75,-1122852.5,-2762927.5,3577,8.8804197608364,41.28267643089008,48.286923473835756
2013-11-09,1094,2013-11-09,8.75,39.1666666666667,50.3333333333333,9.25,-1122852.5,-2762927.5,3577,8.63879296657806,41.021923509920484,48.799716923935634
2013-11-24,1095,2013-11-24,8.25,43.2916666666667,46.9583333333333,9.95833333333333,-1122852.5,-2762927.5,3577,8.423867154516056,41.28643363859467,48.73121215728847
2013-11-25,1096,2013-11-25,7.66666666666667,40.75,50.0416666666667,9.16666666666667,-1122852.5,-2762927.5,3577,8.229728218117081,41.92127905633474,48.32421951113179
2013-12-02,1097,2013-12-02,7.79166666666667,41.1666666666667,49.4166666666667,9.95833333333333,-1122852.5,-2762927.5,3577,7.7129571848646075,42.719993120756214,48.02821750275959
2013-12-03,1098,2013-12-03,9.20833333333333,42.6666666666667,46.75,9.33333333333333,-1122852.5,-2762927.5,3577,7.553402017455703,43.29930912588253,47.60414382253955
2013-12-11,1099,2013-12-11,6.20833333333333,47.6666666666667,44.7083333333333,11.625,-1122852.5,-2762927.5,3577,7.901733404395671,44.02378728234017,46.521291887247415
2013-12-18,1100,2013-12-18,8.33333333333333,42.3333333333333,47.5833333333333,10.25,-1122852.5,-2762927.5,3577,8.05417882366405,43.012984534126346,47.32928161954498
2013-12-27,1101,2013-12-27,7.58333333333333,42.5,48.25,9.66666666666667,-1122852.5,-2762927.5,3577,8.120275326566226,42.01399545939984,48.22159459704267
2014-01-03,1102,2014-01-03,8.75,41.0833333333333,48.375,10.2916666666667,-1122852.5,-2762927.5,3577,8.020197545123496,41.97836362022584,48.38485003431467
2014-01-04,1103,2014-01-04,9.95833333333333,41.2083333333333,47.375,9.70833333333333,-1122852.5,-2762927.5,3577,8.402563699275243,41.799542502049434,48.233052475350874
2014-01-11,1104,2014-01-11,9.17647058823529,40.8235294117647,48.5294117647059,9.94117647058824,-1122846.17647059,-2762907.35294118,3577,9.513486308809046,41.87768366671854,47.020646308701586
2014-01-12,1105,2014-01-12,9.75,39.8333333333333,48.9166666666667,9.66666666666667,-1122852.5,-2762927.5,3577,11.56894530528485,42.74830375112014,44.1850468174387
2014-01-28,1106,2014-01-28,12.5833333333333,51.125,34.875,12.0833333333333,-1122852.5,-2762927.5,3577,13.77258177080406,44.10068441088997,40.71854162652134
2014-02-04,1107,2014-02-04,17.4583333333333,42.7083333333333,38.375,10.5833333333333,-1122852.5,-2762927.5,3577,16.94596073506763,43.54330077740461,38.09197602160518
2014-02-20,1108,2014-02-20,21.0,42.375,35.0833333333333,10.625,-1122852.5,-2762927.5,3577,19.677785995644086,44.44156601456519,34.46247994856566
2014-02-21,1109,2014-02-21,21.8333333333333,42.5833333333333,34.0833333333333,10.3333333333333,-1122852.5,-2762927.5,3577,21.68124981161899,44.126414531252216,32.77676680448907
2014-02-28,1110,2014-02-28,22.75,43.75,32.5,10.25,-1122840.0,-2762865.0,3577,22.04066900742951,42.72570844895374,33.72677686545329
2014-03-01,1111,2014-03-01,21.5416666666667,41.25,35.4583333333333,10.3333333333333,-1122852.5,-2762927.5,3577,21.549305124848264,40.99607328414309,35.927032464889045
2014-03-08,1112,2014-03-08,20.7916666666667,41.8333333333333,35.6666666666667,10.2916666666667,-1122852.5,-2762927.5,3577,20.392439217126586,40.308203793104866,37.764239630333066
2014-03-09,1113,2014-03-09,17.0,44.5,37.0714285714286,11.0,-1122850.71428571,-2762897.14285714,3577,19.06544938549299,41.50927078596735,37.88645758265937
2014-03-16,1114,2014-03-16,17.3333333333333,33.3333333333333,47.6666666666667,8.0,-1122885.0,-2762985.0,3577,18.134829180105115,41.42041214718613,38.92186013160666
2014-03-24,1115,2014-03-24,18.0416666666667,42.5833333333333,37.75,10.375,-1122852.5,-2762927.5,3577,17.523273037589313,41.88415261208751,39.06766414699269
2014-03-25,1116,2014-03-25,19.9,46.4,32.8,10.9,-1122855.0,-2762970.0,3577,17.0109719485855,42.99823533019483,38.529244645957164
2014-04-01,1117,2014-04-01,15.25,46.0,37.0,9.75,-1122840.0,-2762865.0,3577,16.933911032205714,43.84063214906212,37.82485380975528
2014-04-02,1118,2014-04-02,15.875,42.75,39.875,10.0416666666667,-1122852.5,-2762927.5,3577,16.3510260379431,44.03692076756434,38.14828038318179
2014-04-09,1119,2014-04-09,16.125,42.4583333333333,40.0,10.1666666666667,-1122852.5,-2762927.5,3577,16.059237589033955,44.52038634739207,37.960210712914005
2014-04-10,1120,2014-04-10,15.375,44.375,38.7083333333333,10.0416666666667,-1122852.5,-2762927.5,3577,14.725694970661818,43.59194198473732,40.23569206850338
2014-04-17,1121,2014-04-17,15.0,43.75,39.875,10.1666666666667,-1122852.5,-2762927.5,3577,15.361499130382285,43.21672620464543,39.866410833742314
2014-04-18,1122,2014-04-18,14.7916666666667,41.25,42.3333333333333,9.83333333333333,-1122852.5,-2762927.5,3577,15.422600619192742,43.43111274689572,39.59974777543843
2014-04-26,1123,2014-04-26,13.4583333333333,43.9583333333333,41.2083333333333,9.45833333333333,-1122852.5,-2762927.5,3577,14.572841116569581,42.64838038637711,41.345990567733594
2014-05-03,1124,2014-05-03,15.5,43.0,40.0,9.75,-1122855.0,-2762940.0,3577,12.878181673845368,41.06215224403466,44.58859432620374
2014-05-11,1125,2014-05-11,11.9583333333333,40.4166666666667,45.9583333333333,10.2916666666667,-1122852.5,-2762927.5,3577,11.949273636578333,41.07424206340001,45.55267217302139
2014-05-12,1126,2014-05-12,13.8333333333333,43.75,41.0,10.25,-1122852.5,-2762927.5,3577,10.712156393656322,40.59804282404294,47.243692581920804
2014-05-19,1127,2014-05-19,1.75,30.5,66.75,23.25,-1122840.0,-2762925.0,3577,9.49114778410301,40.05895703882722,48.93895281704147
2014-05-20,1128,2014-05-20,10.0,42.7083333333333,45.5833333333333,10.5416666666667,-1122852.5,-2762927.5,3577,8.648472645656824,39.8966359070085,49.92646074723853
2014-05-28,1129,2014-05-28,11.75,45.5,41.0,12.0,-1122866.25,-2762973.75,3577,8.314017644564533,39.98841932881231,50.15253672820472
2014-06-05,1130,2014-06-05,8.91666666666667,43.625,45.9166666666667,10.5,-1122852.5,-2762927.5,3577,8.116185516527974,41.09797667791965,49.27871482411017
2014-06-12,1131,2014-06-12,5.90909090909091,33.2727272727273,59.1363636363636,6.59090909090909,-1122846.81818182,-2762929.09090909,3577,8.583822022616907,42.088888949453604,47.81812448577959
2014-06-13,1132,2014-06-13,9.41666666666667,44.7916666666667,44.5416666666667,10.375,-1122852.5,-2762927.5,3577,8.801753523150545,42.94318672356327,46.72381785805992
2014-06-20,1133,2014-06-20,8.70833333333333,45.9583333333333,44.0416666666667,10.5833333333333,-1122852.5,-2762927.5,3577,8.971161652042477,44.31904202207084,45.23029048821439
2014-06-21,1134,2014-06-21,8.08333333333333,44.125,46.25,10.5,-1122852.5,-2762927.5,3577,7.398809647745688,43.38282969393911,47.77363818144987
2014-06-28,1135,2014-06-28,7.875,45.5416666666667,44.9583333333333,10.625,-1122852.5,-2762927.5,3577,7.953721432685942,45.13775291773435,45.40122073759574
2014-06-29,1136,2014-06-29,9.1875,44.9375,44.25,10.75,-1122858.75,-2762951.25,3577,8.507492646535287,46.21321903273916,43.77051453922643
2014-07-06,1137,2014-07-06,7.52631578947368,46.1052631578947,44.8947368421053,10.0,-1122851.84210526,-2762912.36842105,3577,8.709147660089407,46.06076941023089,43.728369337190415
2014-07-07,1138,2014-07-07,7.375,45.2083333333333,46.0416666666667,10.375,-1122852.5,-2762927.5,3577,8.421094744969158,44.73798723816385,45.32248374621822
2014-07-15,1139,2014-07-15,8.66666666666667,43.3333333333333,46.5,10.4166666666667,-1122852.5,-2762927.5,3577,8.499818561074829,45.23535909190886,44.82748280044744
2014-07-22,1140,2014-07-22,11.1,49.1,38.5,12.4,-1122855.0,-2762970.0,3577,8.010422580107305,45.496225571852214,45.086007462467265
2014-07-23,1141,2014-07-23,6.375,42.375,49.75,10.5833333333333,-1122852.5,-2762927.5,3577,7.116326469276766,45.23688343525332,46.21090509891353
2014-07-30,1142,2014-07-30,5.66666666666667,44.5416666666667,48.1666666666667,10.4583333333333,-1122852.5,-2762927.5,3577,6.5362977077770985,44.53911664620629,47.43477428550862
2014-07-31,1143,2014-07-31,4.73684210526316,44.9473684210526,48.8947368421053,9.94736842105263,-1122851.84210526,-2762912.36842105,3577,6.111687111838961,43.84707875023132,48.505585698038125
2014-08-07,1144,2014-08-07,6.21052631578947,44.3684210526316,48.0,9.89473684210526,-1122851.84210526,-2762912.36842105,3577,5.583449865814194,43.38703405930231,49.49981827958928
2014-08-08,1145,2014-08-08,5.375,42.2083333333333,50.7083333333333,10.0,-1122852.5,-2762927.5,3577,5.563925290395048,42.672503305986424,50.24941257617303
2014-08-15,1146,2014-08-15,6.41666666666667,40.2916666666667,51.75,10.125,-1122852.5,-2762927.5,3577,5.5156135483648825,42.110823814439,50.82069274350981
2014-08-16,1147,2014-08-16,7.125,42.2916666666667,49.0833333333333,10.0,-1122852.5,-2762927.5,3577,6.070558287238983,42.58375621309237,49.794095615690736
2014-08-23,1148,2014-08-23,4.84210526315789,44.5263157894737,49.1578947368421,9.89473684210526,-1122851.84210526,-2762912.36842105,3577,6.0109469857709215,42.300923758490356,50.11608865306991
2014-08-24,1149,2014-08-24,5.91666666666667,41.9583333333333,50.5416666666667,9.83333333333333,-1122852.5,-2762927.5,3577,6.287139473691411,42.66581132190729,49.46721748187524
2014-08-31,1150,2014-08-31,6.04166666666667,42.375,49.8333333333333,10.0416666666667,-1122852.5,-2762927.5,3577,6.485640825687926,42.88007485697086,49.03109129477146
2014-09-01,1151,2014-09-01,6.14285714285714,43.8571428571429,48.3571428571429,10.2142857142857,-1122859.28571429,-2762957.14285714,3577,6.751948251356562,43.3060041433164,48.34172655462875
2014-09-08,1152,2014-09-08,9.4,43.4,45.8,9.73333333333333,-1122855.0,-2762955.0,3577,6.824801674344403,42.96375246609247,48.60477968340204
2014-09-09,1153,2014-09-09,6.08333333333333,41.9166666666667,50.375,9.625,-1122852.5,-2762927.5,3577,6.801263080246095,43.31346367362912,48.30965438205632
2014-09-16,1154,2014-09-16,6.875,42.875,48.625,8.41666666666667,-1122852.5,-2762927.5,3577,6.926405800488194,42.44965467832278,49.09627366142438
2014-09-17,1155,2014-09-17,5.54166666666667,43.7083333333333,49.2083333333333,9.625,-1122852.5,-2762927.5,3577,6.703522361619779,42.775420600793055,49.042423281995546
2014-09-24,1156,2014-09-24,6.25,44.0,48.5,9.25,-1122840.0,-2762865.0,3577,6.42787449908097,43.338835828767415,48.792562184969746
2014-09-25,1157,2014-09-25,6.5,41.7916666666667,50.125,9.5,-1122852.5,-2762927.5,3577,5.794439770754696,44.185144654100895,48.564062253528675
2014-10-02,1158,2014-10-02,6.29166666666667,44.8333333333333,47.375,9.45833333333333,-1122852.5,-2762927.5,3577,5.5178878139396215,44.68914650879928,48.229812756895335
2014-10-11,1159,2014-10-11,6.625,41.625,50.2916666666667,9.375,-1122852.5,-2762927.5,3577,6.113933151470938,43.78338998462184,48.52106111122414
2014-10-19,1160,2014-10-19,4.0,52.2666666666667,42.1333333333333,10.8,-1122847.0,-2762901.0,3577,5.490708465939843,44.21167124928077,48.73321894822716
2014-10-27,1161,2014-10-27,4.75,41.1666666666667,52.4166666666667,9.91666666666667,-1122852.5,-2762927.5,3577,5.62094329818704,43.96943085293824,48.87639553428299
2014-11-03,1162,2014-11-03,6.45833333333333,40.9166666666667,50.9166666666667,10.2083333333333,-1122852.5,-2762927.5,3577,5.782116232579764,44.29126794257714,48.470375341885145
2014-11-04,1163,2014-11-04,7.75,42.6666666666667,48.2916666666667,10.0833333333333,-1122852.5,-2762927.5,3577,6.091368255067034,44.766943969336694,47.79367291634381
2014-11-11,1164,2014-11-11,5.5,46.5,47.25,8.25,-1122870.0,-2762985.0,3577,6.17981193213299,44.89155336406991,47.62858581046725
2014-11-12,1165,2014-11-12,4.25,50.4166666666667,43.875,11.5416666666667,-1122852.5,-2762927.5,3577,6.247448887540834,45.12426497650283,47.322280557412824
2014-11-20,1166,2014-11-20,9.66666666666667,39.7916666666667,49.0,9.91666666666667,-1122852.5,-2762927.5,3577,6.451129237118987,44.88112519574699,47.373085763558564
2014-11-27,1167,2014-11-27,4.66666666666667,48.125,45.9166666666667,12.0416666666667,-1122852.5,-2762927.5,3577,6.489905605229715,44.835501057243604,47.33976523991298
2014-11-28,1168,2014-11-28,5.625,41.4166666666667,51.5,10.2083333333333,-1122852.5,-2762927.5,3577,6.351440999659866,42.594825968658625,49.61497326202469
2014-12-05,1169,2014-12-05,6.75,40.3333333333333,51.4166666666667,10.4166666666667,-1122852.5,-2762927.5,3577,6.496947325119729,41.18027741092142,50.80594946848059
2014-12-06,1170,2014-12-06,7.95833333333333,40.4166666666667,50.1666666666667,10.1666666666667,-1122852.5,-2762927.5,3577,6.632970873294959,40.562117964588694,51.34070792467859
2014-12-13,1171,2014-12-13,6.75,40.25,51.75,9.75,-1122840.0,-2762865.0,3577,6.461152366724155,40.5836517713392,51.51941659990426
2014-12-14,1172,2014-12-14,5.25,40.25,52.75,10.0,-1122852.5,-2762927.5,3577,6.278589057999882,40.822719334323125,51.37402935041486
2014-12-21,1173,2014-12-21,5.25,42.8333333333333,50.3333333333333,11.0416666666667,-1122852.5,-2762927.5,3577,6.603182034682594,40.33851043177064,51.483082191278825
2014-12-22,1174,2014-12-22,7.95833333333333,41.7083333333333,48.9583333333333,10.0,-1122852.5,-2762927.5,3577,5.941248637842175,42.14894689932758,50.34760440796839
2014-12-30,1175,2014-12-30,6.08333333333333,39.625,52.6666666666667,10.1666666666667,-1122852.5,-2762927.5,3577,6.53152987363416,40.44398828724849,51.43465435492529
2015-01-06,1176,2015-01-06,6.08333333333333,40.0833333333333,52.0,10.3333333333333,-1122852.5,-2762927.5,3577,6.79492772449327,39.99640516861281,51.61420738703248
2015-01-07,1177,2015-01-07,5.875,42.1666666666667,50.5833333333333,10.125,-1122852.5,-2762927.5,3577,6.179118841615878,40.979856172554136,51.30644400408991
2015-01-14,1178,2015-01-14,6.625,42.2916666666667,49.625,10.3333333333333,-1122852.5,-2762927.5,3577,5.018154052779342,42.28322870030321,51.21964108754527
2015-01-15,1179,2015-01-15,6.16666666666667,41.0833333333333,51.25,10.0416666666667,-1122852.5,-2762927.5,3577,5.096302026417771,44.25537432394764,49.12941948469566
2015-01-22,1180,2015-01-22,5.83333333333333,40.75,51.8333333333333,10.25,-1122852.5,-2762927.5,3577,5.757451221581863,45.81040261541044,46.919965944645256
2015-01-23,1181,2015-01-23,1.08333333333333,57.375,40.1666666666667,9.58333333333333,-1122852.5,-2762927.5,3577,6.217473221199681,46.07552659305678,46.23238463778753
2015-01-31,1182,2015-01-31,8.0,45.0,45.5,10.7083333333333,-1122852.5,-2762927.5,3577,7.953028327925294,45.806533216111674,44.73525399834412
2015-02-07,1183,2015-02-07,13.625,41.2916666666667,43.375,10.6666666666667,-1122852.5,-2762927.5,3577,9.185538118932536,43.89791386305722,45.384418016662366
2015-02-08,1184,2015-02-08,13.6315789473684,42.3157894736842,42.5789473684211,10.3684210526316,-1122858.15789474,-2762942.36842105,3577,10.779054346879022,42.37422446788363,45.33850616820448
2015-02-15,1185,2015-02-15,8.33333333333333,38.6666666666667,51.6666666666667,6.33333333333333,-1122915.0,-2762955.0,3577,13.099424542106298,41.64513542374664,43.77534623189422
2015-02-16,1186,2015-02-16,14.0833333333333,41.7916666666667,42.6666666666667,10.3333333333333,-1122852.5,-2762927.5,3577,15.253015879072741,40.76906668367687,42.51216336348912
2015-03-11,1187,2015-03-11,19.7916666666667,42.25,36.375,10.75,-1122852.5,-2762927.5,3577,17.124827605719616,41.241796339822606,40.19421447461829
2015-03-12,1188,2015-03-12,13.5833333333333,41.125,43.9166666666667,10.0416666666667,-1122852.5,-2762927.5,3577,17.86791312809458,43.52099658800166,37.22746791120443
2015-03-19,1189,2015-03-19,24.0,49.2,25.4,12.6,-1122855.0,-2762985.0,3577,19.100121478377545,43.398462505116434,36.07088624806843
2015-03-20,1190,2015-03-20,21.0416666666667,42.2083333333333,35.4166666666667,10.7083333333333,-1122852.5,-2762927.5,3577,20.352510356947594,43.39266041925487,34.80829404965273
2015-04-12,1191,2015-04-12,18.2083333333333,39.3333333333333,40.9166666666667,10.1666666666667,-1122852.5,-2762927.5,3577,20.208640661383285,43.46113508456021,34.889486864225034
2015-04-13,1192,2015-04-13,18.25,44.1666666666667,36.1666666666667,10.5,-1122852.5,-2762927.5,3577,18.700934385529113,42.17753144687498,37.65159904594328
2015-04-28,1193,2015-04-28,16.625,41.5,40.2916666666667,11.125,-1122852.5,-2762927.5,3577,17.771455144440097,41.55457486269559,39.17253404489662
2015-04-29,1194,2015-04-29,18.5,42.9583333333333,36.9583333333333,10.5416666666667,-1122852.5,-2762927.5,3577,17.059528964325168,42.08255518990185,39.3361891720192
2015-05-06,1195,2015-05-06,16.8333333333333,43.0416666666667,38.8333333333333,10.5416666666667,-1122852.5,-2762927.5,3577,15.340008804402775,42.81255638066146,40.308867731849304
2015-05-14,1196,2015-05-14,13.125,42.0416666666667,43.0833333333333,10.7083333333333,-1122852.5,-2762927.5,3577,15.226349888499303,44.316243225292354,38.90351328237742
2015-05-15,1197,2015-05-15,14.4583333333333,43.5416666666667,40.5,10.4166666666667,-1122852.5,-2762927.5,3577,14.179586409460448,44.906424329018265,39.38697796011447
2015-05-31,1198,2015-05-31,14.4,49.6,34.6,13.8,-1122855.0,-2762985.0,3577,13.501982614906286,45.42026618891268,39.56109336998838
2015-06-07,1199,2015-06-07,13.0,46.6666666666667,38.7083333333333,11.6666666666667,-1122852.5,-2762927.5,3577,13.126637294591983,45.9676383987461,39.42151269782259
2015-06-15,1200,2015-06-15,12.0416666666667,42.125,44.2916666666667,10.0,-1122852.5,-2762927.5,3577,13.261651403290289,45.686279922341214,39.59199340390698
2015-06-16,1201,2015-06-16,14.875,46.125,37.7083333333333,10.75,-1122852.5,-2762927.5,3577,14.205761472787223,45.072205142631844,39.280349939012794
2015-06-23,1202,2015-06-23,14.3333333333333,45.25,39.0,11.2083333333333,-1122852.5,-2762927.5,3577,14.769248811042274,43.99329566201973,39.76776036140766
2015-06-24,1203,2015-06-24,16.375,41.8333333333333,40.2083333333333,10.3333333333333,-1122852.5,-2762927.5,3577,15.173859757371432,42.85692408725824,40.415873007275636
2015-07-01,1204,2015-07-01,15.1666666666667,42.4166666666667,40.875,11.0833333333333,-1122852.5,-2762927.5,3577,16.01039118260241,42.449253790578716,39.99892470789706
2015-07-09,1205,2015-07-09,17.4166666666667,43.0416666666667,37.9166666666667,11.0416666666667,-1122852.5,-2762927.5,3577,16.93861814140199,43.1107758340666,38.37627826249543
2015-07-10,1206,2015-07-10,15.9583333333333,41.8333333333333,40.4583333333333,10.8333333333333,-1122852.5,-2762927.5,3577,16.413429965285097,42.420350805019396,39.505311509949564
2015-07-17,1207,2015-07-17,15.8333333333333,43.3333333333333,39.25,11.1666666666667,-1122852.5,-2762927.5,3577,16.120937524805086,42.42847990502155,39.826137897184566
2015-07-18,1208,2015-07-18,17.5416666666667,43.4166666666667,37.7083333333333,10.9583333333333,-1122852.5,-2762927.5,3577,16.276104700250876,42.99276703687826,39.197620104347976
2015-07-26,1209,2015-07-26,16.0833333333333,43.0,39.3333333333333,11.5833333333333,-1122852.5,-2762927.5,3577,16.070971984669274,43.212113995389274,39.25288488600594
2015-08-02,1210,2015-08-02,14.6666666666667,42.1666666666667,41.4583333333333,10.875,-1122852.5,-2762927.5,3577,16.175023634773538,43.014011272518786,39.37082692848355
2015-08-03,1211,2015-08-03,13.75,41.75,43.25,10.0,-1122840.0,-2762865.0,3577,15.359070882675402,42.87732739396186,40.29656411699151
2015-08-10,1212,2015-08-10,19.8,46.2,32.8,11.4,-1122855.0,-2762985.0,3577,15.666357790813658,42.4391777984594,40.39798400773029
2015-08-11,1213,2015-08-11,13.875,39.5,44.875,9.875,-1122813.75,-2762936.25,3577,15.149327581600849,41.93555283724937,41.36607922520617
2015-08-26,1214,2015-08-26,13.3333333333333,42.5,42.5,10.6666666666667,-1122852.5,-2762927.5,3577,14.314550903171039,41.87733010023406,42.26799941543892
2015-08-27,1215,2015-08-27,13.8333333333333,41.25,43.25,10.4583333333333,-1122852.5,-2762927.5,3577,13.714979937501095,41.73505055315577,43.01331576060036
2015-09-03,1216,2015-09-03,12.4166666666667,41.2916666666667,44.7916666666667,10.4166666666667,-1122852.5,-2762927.5,3577,12.810133365085,41.660654232242436,43.925646979433
2015-09-04,1217,2015-09-04,14.7083333333333,42.0416666666667,41.875,10.375,-1122852.5,-2762927.5,3577,11.671325604218595,42.036000995901844,44.67292320681747
2015-09-11,1218,2015-09-11,7.125,43.3333333333333,47.875,13.9166666666667,-1122852.5,-2762927.5,3577,10.963041344618656,42.50937452639604,44.970662206723624
2015-09-12,1219,2015-09-12,12.0416666666667,42.4583333333333,43.9166666666667,10.0,-1122852.5,-2762927.5,3577,10.9294348582258,42.93613468574128,44.553512019449656
2015-09-19,1220,2015-09-19,11.75,42.1666666666667,44.2916666666667,10.2083333333333,-1122852.5,-2762927.5,3577,10.411571658474138,42.099158710220536,45.87082602639194
2015-09-20,1221,2015-09-20,9.625,43.1666666666667,45.625,11.875,-1122852.5,-2762927.5,3577,10.8412960878115,42.00910570337189,45.499482199939806
2015-09-27,1222,2015-09-27,10.25,42.0,46.25,9.75,-1122840.0,-2762865.0,3577,10.873213860441336,42.062523003306204,45.394716094012715
2015-09-28,1223,2015-09-28,11.75,39.6666666666667,46.8333333333333,9.95833333333333,-1122852.5,-2762927.5,3577,10.948368839621075,41.85282931721936,45.54224580887987
2015-10-05,1224,2015-10-05,11.125,41.5,45.7083333333333,10.25,-1122852.5,-2762927.5,3577,11.066019506807324,41.70179317585817,45.626770804008544
2015-10-06,1225,2015-10-06,11.875,43.5,43.25,10.0416666666667,-1122852.5,-2762927.5,3577,10.375294983652568,41.99330738919895,46.09334744202475
2015-10-21,1226,2015-10-21,9.375,43.9583333333333,44.9166666666667,9.16666666666667,-1122852.5,-2762927.5,3577,10.547378704884876,42.67911010557431,45.34958539911422
2015-10-29,1227,2015-10-29,7.66666666666667,41.6666666666667,49.3333333333333,8.0,-1122825.0,-2762865.0,3577,9.907745891877546,42.62652272907053,46.02476058512522
2015-11-07,1228,2015-11-07,12.0416666666667,40.375,46.25,9.70833333333333,-1122852.5,-2762927.5,3577,9.459074671457167,42.562578572092335,46.52768444145459
2015-11-14,1229,2015-11-14,9.20833333333333,44.0833333333333,45.4166666666667,10.1666666666667,-1122852.5,-2762927.5,3577,9.443920630451734,42.20101196532453,46.87069251697036
2015-11-15,1230,2015-11-15,9.33333333333333,43.3333333333333,45.7916666666667,9.83333333333333,-1122852.5,-2762927.5,3577,9.603733212090917,41.70344580599374,47.15437838734349
2015-12-01,1231,2015-12-01,8.66666666666667,40.6666666666667,48.8333333333333,10.0416666666667,-1122852.5,-2762927.5,3577,9.358079485013072,41.673975405393314,47.40600034639575
2015-12-08,1232,2015-12-08,9.29166666666667,39.2083333333333,49.6666666666667,10.2916666666667,-1122852.5,-2762927.5,3577,9.468789466466069,42.30242770644615,46.69802965351804
2015-12-16,1233,2015-12-16,11.4,44.8,42.6,11.4,-1122855.0,-2762985.0,3577,9.188021679041977,42.78114251588845,46.48776692862687
2015-12-17,1234,2015-12-17,7.79166666666667,42.6666666666667,48.125,10.25,-1122852.5,-2762927.5,3577,8.922610542191254,42.837965568996346,46.72941158428076
2015-12-24,1235,2015-12-24,8.25,42.5416666666667,47.75,10.5833333333333,-1122852.5,-2762927.5,3577,9.541624268403037,42.32020069712939,46.64580130910703
2015-12-25,1236,2015-12-25,9.29166666666667,42.4166666666667,46.7083333333333,10.0833333333333,-1122852.5,-2762927.5,3577,9.434158205054636,40.86713918176158,48.18821129849822
2016-01-01,1237,2016-01-01,10.6666666666667,41.5416666666667,46.1666666666667,10.2083333333333,-1122852.5,-2762927.5,3577,9.301113360322505,39.09883756593702,49.907146001565785
2016-01-02,1238,2016-01-02,7.83333333333333,38.5,51.8333333333333,9.5,-1122852.5,-2762927.5,3577,8.378917599427187,40.527586474407066,49.35221336969825
2016-01-09,1239,2016-01-09,8.625,39.6666666666667,50.0,9.66666666666667,-1122852.5,-2762927.5,3577,7.391602076972493,43.07198773877698,47.860798386333016
2016-01-10,1240,2016-01-10,7.75,41.7083333333333,48.9583333333333,9.54166666666667,-1122852.5,-2762927.5,3577,6.60921521718637,46.433340910888155,45.4495226136025
2016-01-18,1241,2016-01-18,4.83333333333333,49.5416666666667,44.0416666666667,12.625,-1122852.5,-2762927.5,3577,6.477719262161017,49.09236326108658,43.02052075890441
2016-01-26,1242,2016-01-26,6.54166666666667,59.4166666666667,32.8333333333333,11.0,-1122852.5,-2762927.5,3577,7.879357098009171,49.63089245634944,41.133620378583274
2016-02-02,1243,2016-02-02,8.0,55.3333333333333,36.0,6.0,-1122885.0,-2762985.0,3577,10.115620061051992,48.575486948544714,39.97341809376815
2016-02-03,1244,2016-02-03,14.0416666666667,37.5416666666667,46.625,10.25,-1122852.5,-2762927.5,3577,12.457381627658412,47.485566549026956,38.71986746483073
2016-02-10,1245,2016-02-10,16.5833333333333,42.0833333333333,39.6666666666667,10.625,-1122852.5,-2762927.5,3577,14.55300865285168,45.37725703088802,38.64678097959255
2016-02-11,1246,2016-02-11,18.375,41.5416666666667,38.5,10.4166666666667,-1122852.5,-2762927.5,3577,16.276990553303907,42.86369499952451,39.32514866453909
2016-02-19,1247,2016-02-19,15.1666666666667,41.2083333333333,42.1666666666667,10.1666666666667,-1122852.5,-2762927.5,3577,16.870690712793447,41.30934583991241,40.183963353462005
2016-02-26,1248,2016-02-26,14.0833333333333,49.375,35.125,13.75,-1122852.5,-2762927.5,3577,15.923304249927247,41.87173623589405,40.54930196222162
2016-03-05,1249,2016-03-05,15.3333333333333,46.3333333333333,36.6666666666667,11.0,-1122885.0,-2762985.0,3577,15.875304906649273,44.48281427034631,38.087810409399154
2016-03-06,1250,2016-03-06,16.0,38.125,44.125,9.29166666666667,-1122852.5,-2762927.5,3577,14.719692459241333,45.256409354312794,38.57158630842264
2016-03-13,1251,2016-03-13,13.25,42.5833333333333,42.7083333333333,10.375,-1122852.5,-2762927.5,3577,13.598402758230442,43.98978382298157,40.90170459055295
2016-03-14,1252,2016-03-14,13.125,46.625,38.9583333333333,9.95833333333333,-1122852.5,-2762927.5,3577,12.407861359484887,43.90948422062315,42.188342101648466
2016-03-21,1253,2016-03-21,12.375,45.4583333333333,40.8333333333333,10.5,-1122852.5,-2762927.5,3577,11.247789877819166,43.19781405384474,44.06647957305191
2016-03-22,1254,2016-03-22,11.4166666666667,43.9166666666667,43.0833333333333,10.2083333333333,-1122852.5,-2762927.5,3577,9.762438928459163,43.32865779730457,45.4742326816562
2016-03-29,1255,2016-03-29,2.95833333333333,39.7083333333333,55.75,17.5416666666667,-1122852.5,-2762927.5,3577,9.534872119623037,43.631269530256816,45.467245989298
2016-03-30,1256,2016-03-30,11.4166666666667,44.125,43.125,10.0416666666667,-1122852.5,-2762927.5,3577,9.59812852266271,42.72774271651343,46.27948212777242
2016-04-07,1257,2016-04-07,11.1666666666667,42.9166666666667,44.5833333333333,10.375,-1122852.5,-2762927.5,3577,9.920633159408782,42.03293082046324,46.636262602199906
2016-04-14,1258,2016-04-14,10.625,42.625,45.4166666666667,10.5416666666667,-1122852.5,-2762927.5,3577,9.653964327724509,43.09160009236765,45.885199939372654
2016-04-15,1259,2016-04-15,10.75,44.5,43.5,9.75,-1122840.0,-2762865.0,3577,9.806582736147842,44.60691037547956,44.2110982412774
2016-04-23,1260,2016-04-23,9.91666666666667,42.2083333333333,46.2916666666667,10.0,-1122852.5,-2762927.5,3577,9.270794994477821,45.34215217186674,43.93760238728623
2016-05-01,1261,2016-05-01,5.0,49.0,44.3333333333333,8.0,-1122905.0,-2762915.0,3577,8.71763118202616,45.62805628323521,44.11299768342454
2016-05-08,1262,2016-05-08,8.75,48.3333333333333,41.5416666666667,12.2083333333333,-1122852.5,-2762927.5,3577,7.550913998281284,45.62154589475887,45.247228777407784
2016-05-09,1263,2016-05-09,8.0,43.5833333333333,46.75,11.0833333333333,-1122852.5,-2762927.5,3577,8.442020827468479,45.81088300243961,44.169421651613206
2016-05-16,1264,2016-05-16,10.3333333333333,43.125,44.7916666666667,10.75,-1122852.5,-2762927.5,3577,8.992667806907939,45.404769894701175,44.006099035117224
2016-05-17,1265,2016-05-17,8.58333333333333,44.375,45.5833333333333,9.83333333333333,-1122852.5,-2762927.5,3577,9.71909527520836,44.75798711092158,43.89897396204789
2016-05-24,1266,2016-05-24,12.375,46.0833333333333,40.125,10.75,-1122852.5,-2762927.5,3577,10.867321404084475,43.01140513252872,44.58674864866147
2016-05-25,1267,2016-05-25,9.66666666666667,44.25,44.4583333333333,10.5833333333333,-1122852.5,-2762927.5,3577,11.212877164113873,43.083020307859044,44.15495121492913
2016-06-01,1268,2016-06-01,11.0833333333333,42.5833333333333,44.625,10.875,-1122852.5,-2762927.5,3577,10.359066372222717,44.81739339091609,43.29528856076196
2016-06-17,1269,2016-06-17,8.79166666666667,44.2083333333333,45.4583333333333,11.0416666666667,-1122852.5,-2762927.5,3577,9.438543267876227,45.892806368031685,43.14865732821744
2016-06-18,1270,2016-06-18,10.4166666666667,44.4583333333333,43.7916666666667,10.9583333333333,-1122852.5,-2762927.5,3577,8.297639409093282,46.07138063174524,44.07359436228747
2016-06-26,1271,2016-06-26,7.79166666666667,47.9166666666667,42.9166666666667,14.125,-1122852.5,-2762927.5,3577,7.585906095966886,46.38154015746202,44.47003795996941
2016-07-03,1272,2016-07-03,4.33333333333333,54.0,39.6666666666667,15.3333333333333,-1122805.0,-2762875.0,3577,6.88877131640187,46.41647361925307,45.153350003962466
2016-07-11,1273,2016-07-11,7.0,40.4166666666667,51.2083333333333,9.83333333333333,-1122852.5,-2762927.5,3577,7.989692711827748,45.53280452776677,44.9046454061867
2016-07-12,1274,2016-07-12,9.0,42.0833333333333,47.25,11.7916666666667,-1122852.5,-2762927.5,3577,8.503630915007356,44.43704399315192,45.47362918298772
2016-07-27,1275,2016-07-27,10.75,43.7916666666667,44.0416666666667,11.2916666666667,-1122852.5,-2762927.5,3577,8.994557686893808,43.14530515923062,46.25891355805526
2016-07-28,1276,2016-07-28,10.0416666666667,43.25,45.125,11.0416666666667,-1122852.5,-2762927.5,3577,9.609512005021418,42.44032940742834,46.419215974936606
2016-08-04,1277,2016-08-04,10.875,41.0833333333333,46.4166666666667,10.9166666666667,-1122852.5,-2762927.5,3577,10.255559584892438,41.881916329278496,46.39957204817193
2016-08-05,1278,2016-08-05,11.0416666666667,42.6666666666667,44.875,9.875,-1122852.5,-2762927.5,3577,10.721029177219542,41.95780723403936,45.90297022378381
2016-08-12,1279,2016-08-12,6.45833333333333,44.7916666666667,47.5,14.625,-1122852.5,-2762927.5,3577,11.080654123996132,42.73090274018427,44.7382647022673
2016-08-20,1280,2016-08-20,13.2916666666667,40.2083333333333,44.9583333333333,10.75,-1122852.5,-2762927.5,3577,12.080479118403014,41.91264244011295,44.58758759299887
2016-08-21,1281,2016-08-21,15.3333333333333,41.2083333333333,42.125,10.5,-1122852.5,-2762927.5,3577,13.155478035894019,41.66262800666202,43.694930972014205
2016-09-05,1282,2016-09-05,13.5833333333333,40.5833333333333,44.2083333333333,10.6666666666667,-1122852.5,-2762927.5,3577,13.975722033382471,42.196667496583785,42.37524176029733
2016-09-06,1283,2016-09-06,15.65,43.15,39.75,10.6,-1122855.0,-2762940.0,3577,14.549486710397835,41.47552068673738,42.46104862628995
2016-09-13,1284,2016-09-13,13.125,43.375,41.875,10.5416666666667,-1122852.5,-2762927.5,3577,14.440823753128072,41.31419908779971,42.72165901693128
2016-09-14,1285,2016-09-14,13.0833333333333,40.1666666666667,45.25,10.4583333333333,-1122852.5,-2762927.5,3577,13.51197886220902,41.68328949171978,43.29307392812939
2016-09-21,1286,2016-09-21,12.2083333333333,40.5833333333333,45.7916666666667,10.4166666666667,-1122852.5,-2762927.5,3577,12.055571492489175,41.80511683877931,44.63818946790417
2016-09-22,1287,2016-09-22,11.875,42.0833333333333,44.6666666666667,10.4583333333333,-1122852.5,-2762927.5,3577,11.303202602349508,40.87253909660418,46.26820148375185
2016-09-30,1288,2016-09-30,11.2083333333333,38.5833333333333,48.375,10.25,-1122852.5,-2762927.5,3577,10.60746606334682,40.773874912491095,47.0771359703178
2016-10-08,1289,2016-10-08,8.58333333333333,45.75,44.3333333333333,10.1666666666667,-1122852.5,-2762927.5,3577,9.958726644870664,40.90931101921201,47.58995918941028
2016-10-16,1290,2016-10-16,10.2916666666667,38.75,49.25,9.75,-1122852.5,-2762927.5,3577,9.93288264882544,42.128338637620274,46.45413410118597
2016-10-23,1291,2016-10-23,9.875,40.5416666666667,48.125,10.1666666666667,-1122852.5,-2762927.5,3577,9.894112595349515,42.23311196027285,46.41752094653876
2016-10-24,1292,2016-10-24,9.125,43.4166666666667,46.0833333333333,9.54166666666667,-1122852.5,-2762927.5,3577,9.952166641406645,42.203675839118475,46.42123846225317
2016-10-31,1293,2016-10-31,11.1,45.2,42.5,10.8,-1122855.0,-2762970.0,3577,9.549545707129422,42.2552532348909,46.770678624773794
2016-11-08,1294,2016-11-08,9.875,41.6666666666667,46.9583333333333,10.3333333333333,-1122852.5,-2762927.5,3577,9.707777645469694,42.389095166952615,46.46418970605582
2016-11-09,1295,2016-11-09,9.45833333333333,41.8333333333333,47.1666666666667,9.70833333333333,-1122852.5,-2762927.5,3577,9.498210252078799,42.9093056066676,46.11744048004968
2016-11-17,1296,2016-11-17,8.54166666666667,39.7083333333333,50.0833333333333,9.66666666666667,-1122852.5,-2762927.5,3577,9.277291851593871,43.5439200891922,45.64999061825006
2016-11-24,1297,2016-11-24,8.16666666666667,46.7083333333333,43.5416666666667,11.5416666666667,-1122852.5,-2762927.5,3577,9.513685617786367,42.47292465016287,46.391944871427114
2016-11-25,1298,2016-11-25,10.0,42.8333333333333,45.6666666666667,9.16666666666667,-1122830.0,-2762875.0,3577,9.478756846866887,42.86561410724855,46.05693906196316
2016-12-02,1299,2016-12-02,11.625,44.2916666666667,42.625,10.5833333333333,-1122852.5,-2762927.5,3577,9.423472038795706,43.23220806540592,45.796834744196346
2016-12-03,1300,2016-12-03,7.58333333333333,42.9583333333333,47.7916666666667,8.125,-1122852.5,-2762927.5,3577,9.139592218925216,43.79678242293686,45.53251766292884
2016-12-10,1301,2016-12-10,10.125,39.875,48.2916666666667,9.75,-1122852.5,-2762927.5,3577,8.468661820634239,44.834464104000745,45.19242045363663
2016-12-11,1302,2016-12-11,7.83333333333333,45.75,45.25,9.70833333333333,-1122852.5,-2762927.5,3577,8.819204789017713,42.90862452820016,46.769701660561566
2016-12-18,1303,2016-12-18,7.5,46.4583333333333,44.5416666666667,11.0833333333333,-1122852.5,-2762927.5,3577,9.220481337546524,41.70491305649351,47.55486695965862
2016-12-19,1304,2016-12-19,8.66666666666667,40.6666666666667,48.9583333333333,9.75,-1122852.5,-2762927.5,3577,9.219012347300444,42.24226579663256,47.019081924260654
2016-12-26,1305,2016-12-26,9.125,44.2916666666667,45.0416666666667,10.1666666666667,-1122852.5,-2762927.5,3577,8.781040102826715,43.463211259837905,46.235436647968434
2016-12-27,1306,2016-12-27,11.875,40.625,46.2083333333333,9.41666666666667,-1122852.5,-2762927.5,3577,8.412295650684484,45.19408919253448,44.90079167477876
2017-01-04,1307,2017-01-04,9.91666666666667,40.0416666666667,48.3333333333333,9.54166666666667,-1122852.5,-2762927.5,3577,7.432371366625439,47.514519749315596,43.55685648596999
2017-01-11,1308,2017-01-11,3.0625,62.0625,33.5,7.1875,-1122858.75,-2762951.25,3577,7.546621568277388,49.754119476412,41.24167987881947
2017-01-12,1309,2017-01-12,5.625,52.0833333333333,40.9166666666667,9.45833333333333,-1122852.5,-2762927.5,3577,7.948717735585448,52.31583163898111,38.37605641757843
2017-01-19,1310,2017-01-19,10.0,52.0416666666667,36.625,10.2083333333333,-1122852.5,-2762927.5,3577,9.657864442454562,53.40966603650372,35.60614679041156
2017-02-04,1311,2017-02-04,14.2857142857143,49.4285714285714,35.0,9.85714285714286,-1122833.57142857,-2762877.85714286,3577,12.367652258234472,52.21130864649375,34.061311564908536
2017-02-13,1312,2017-02-13,14.9230769230769,51.8461538461538,31.7692307692308,12.3076923076923,-1122845.76923077,-2762895.0,3577,15.2613943718797,50.16426742761132,33.18812108943194
2017-02-20,1313,2017-02-20,19.2083333333333,45.7916666666667,33.6666666666667,11.0,-1122852.5,-2762927.5,3577,18.11725533833205,45.81957757055311,34.63351039291222
2017-02-21,1314,2017-02-21,18.5,44.9166666666667,35.0833333333333,10.75,-1122852.5,-2762927.5,3577,19.13212959938084,43.54434411642323,35.82223810363904
2017-02-28,1315,2017-02-28,19.25,42.7916666666667,36.375,9.25,-1122852.5,-2762927.5,3577,18.098284371218668,44.36032951726503,36.03603227763203
2017-03-09,1316,2017-03-09,16.1666666666667,41.9583333333333,40.2083333333333,10.25,-1122852.5,-2762927.5,3577,16.87761262314475,43.566991137775304,38.03194289238017
2017-03-16,1317,2017-03-16,15.3333333333333,43.5,39.7916666666667,10.375,-1122852.5,-2762927.5,3577,15.634441033283668,44.36719390694378,38.4906322045762
2017-03-17,1318,2017-03-17,15.0,45.3125,38.25,10.125,-1122845.625,-2762904.375,3577,14.345124838767811,44.548991205545164,39.6166423671864
2017-03-25,1319,2017-03-25,13.125,50.9166666666667,34.5416666666667,11.5833333333333,-1122852.5,-2762927.5,3577,15.05829010894373,45.11497803361027,38.32225143412856
2017-04-01,1320,2017-04-01,15.4166666666667,41.75,41.25,10.5416666666667,-1122852.5,-2762927.5,3577,15.984438081062716,45.34147413202055,37.22706159056835
2017-04-02,1321,2017-04-02,16.7916666666667,44.0833333333333,37.625,10.375,-1122852.5,-2762927.5,3577,15.890043074353073,44.8683029024843,37.77948502395959
2017-04-09,1322,2017-04-09,17.375,44.4583333333333,36.75,10.4166666666667,-1122852.5,-2762927.5,3577,16.38040404546597,44.247366393715886,37.90095352884015
2017-04-10,1323,2017-04-10,18.8333333333333,41.4583333333333,38.2083333333333,10.4583333333333,-1122852.5,-2762927.5,3577,16.74888938392844,44.13230007390786,37.66189925982419
2017-04-17,1324,2017-04-17,19.0416666666667,47.625,31.9583333333333,12.125,-1122852.5,-2762927.5,3577,17.288306141468787,44.176744064141715,37.116903071394816
2017-04-18,1325,2017-04-18,9.52631578947368,44.6842105263158,44.4736842105263,10.3684210526316,-1122861.31578947,-2762915.52631579,3577,17.914560427349024,44.1175844584712,36.530021435568344
2017-05-03,1326,2017-05-03,19.6666666666667,42.375,36.3333333333333,10.7916666666667,-1122852.5,-2762927.5,3577,18.631067224554762,45.03789967839319,34.94395875564897
2017-05-04,1327,2017-05-04,24.25,47.25,27.25,12.0,-1122870.0,-2762985.0,3577,19.435302815697522,44.4850657937401,34.65934634318504
2017-05-12,1328,2017-05-12,19.9166666666667,43.5833333333333,35.0416666666667,10.9166666666667,-1122852.5,-2762927.5,3577,20.19088200919415,44.57413295790502,33.815129523125115
2017-05-19,1329,2017-05-19,20.5416666666667,42.125,35.8333333333333,10.75,-1122852.5,-2762927.5,3577,20.89088652914316,44.46099948608654,33.22317020874451
2017-05-20,1330,2017-05-20,20.5416666666667,45.6666666666667,32.4583333333333,10.9166666666667,-1122852.5,-2762927.5,3577,21.12860080688103,44.33283120116416,33.14327012403753
2017-05-27,1331,2017-05-27,19.7083333333333,47.2916666666667,31.75,11.25,-1122852.5,-2762927.5,3577,20.826916090804147,44.73919998039421,33.064551316909096
2017-06-04,1332,2017-06-04,18.875,42.375,37.0416666666667,11.2083333333333,-1122852.5,-2762927.5,3577,19.155636179851186,44.87941948469633,34.595667083440965
2017-06-05,1333,2017-06-05,20.6666666666667,45.375,32.7916666666667,11.125,-1122852.5,-2762927.5,3577,19.08489536778726,45.163686159035464,34.34173824111393
2017-06-12,1334,2017-06-12,19.2916666666667,44.875,34.375,10.875,-1122852.5,-2762927.5,3577,19.088051783095366,45.18786760194756,34.25066226342807
2017-06-13,1335,2017-06-13,17.9583333333333,45.1666666666667,35.4166666666667,10.875,-1122852.5,-2762927.5,3577,18.423724237575975,44.660327675413896,35.345973556881624
2017-06-20,1336,2017-06-20,18.25,44.5416666666667,35.4166666666667,10.9583333333333,-1122852.5,-2762927.5,3577,18.161427839443704,44.187151341943505,36.02158535478433
2017-06-28,1337,2017-06-28,16.2857142857143,45.5,36.5714285714286,10.0714285714286,-1122850.71428571,-2762897.14285714,3577,17.933121316245575,44.030059465811405,36.394762229509126
2017-06-29,1338,2017-06-29,18.5833333333333,41.8333333333333,37.875,10.5,-1122852.5,-2762927.5,3577,17.526508450267443,44.00370308225689,36.83660624720446
2017-07-06,1339,2017-07-06,17.7916666666667,42.4166666666667,38.125,10.875,-1122852.5,-2762927.5,3577,16.918025344106415,43.806230663035265,37.6633946548751
2017-07-14,1340,2017-07-14,16.5416666666667,46.3333333333333,35.8333333333333,10.6666666666667,-1122852.5,-2762927.5,3577,16.89352456109171,43.77699841437577,37.80841745972759
2017-07-15,1341,2017-07-15,16.25,43.0,39.25,10.4583333333333,-1122852.5,-2762927.5,3577,16.24451541750063,44.087979744706885,38.21608216344487
2017-07-22,1342,2017-07-22,14.9166666666667,44.2916666666667,39.2916666666667,10.4166666666667,-1122852.5,-2762927.5,3577,15.297017997480133,44.130394244551724,39.131752921994746
2017-07-30,1343,2017-07-30,14.25,45.2083333333333,39.0833333333333,10.3333333333333,-1122852.5,-2762927.5,3577,14.43452548483295,44.36629095877658,39.70918116970155
2017-07-31,1344,2017-07-31,14.4166666666667,42.9583333333333,41.125,9.875,-1122852.5,-2762927.5,3577,13.717214544998894,43.408294105269036,41.34956813052172
2017-08-07,1345,2017-08-07,14.2916666666667,42.0833333333333,42.0,10.25,-1122852.5,-2762927.5,3577,14.005800056494571,42.4070041155891,42.007800120409954
2017-08-08,1346,2017-08-08,11.2857142857143,44.8571428571429,42.3571428571429,9.35714285714286,-1122850.71428571,-2762897.14285714,3577,13.602555597135618,42.710936509304744,42.09668582191175
2017-08-16,1347,2017-08-16,13.9583333333333,41.0416666666667,43.25,10.0416666666667,-1122852.5,-2762927.5,3577,13.000102451725894,44.01996932375532,41.467187997754564
2017-08-31,1348,2017-08-31,13.75,44.2083333333333,40.6666666666667,10.0416666666667,-1122852.5,-2762927.5,3577,12.287453516553832,44.71721866883739,41.47778936748905
2017-09-01,1349,2017-09-01,12.5,43.6666666666667,42.375,10.0,-1122852.5,-2762927.5,3577,11.571113226297246,45.6625627983919,41.29899589573895
2017-09-08,1350,2017-09-08,10.2083333333333,51.7916666666667,36.5833333333333,12.875,-1122852.5,-2762927.5,3577,11.107194147440154,46.28665529516232,41.17735257517923
2017-09-16,1351,2017-09-16,7.70833333333333,46.4583333333333,44.4583333333333,13.375,-1122852.5,-2762927.5,3577,10.588101398084328,45.60069200664495,42.35956497062675
2017-09-17,1352,2017-09-17,12.0,42.7916666666667,43.7083333333333,10.1666666666667,-1122852.5,-2762927.5,3577,10.433480348339469,44.93176289653948,43.18568789311176
2017-09-24,1353,2017-09-24,11.0416666666667,41.9166666666667,45.4166666666667,10.0833333333333,-1122852.5,-2762927.5,3577,10.450197892920794,44.004373979986624,44.082007904369725
2017-10-02,1354,2017-10-02,11.375,43.2916666666667,44.0416666666667,9.83333333333333,-1122852.5,-2762927.5,3577,10.767727886147334,42.57698892953679,45.149456580564376
2017-10-03,1355,2017-10-03,10.5833333333333,41.7916666666667,45.9583333333333,9.5,-1122852.5,-2762927.5,3577,11.076261844449053,41.793819055035755,45.633251423492275
2017-10-10,1356,2017-10-10,10.5416666666667,41.7916666666667,46.2083333333333,10.1666666666667,-1122852.5,-2762927.5,3577,11.115630886140075,41.73188421485014,45.63283736386769
2017-10-11,1357,2017-10-11,12.1666666666667,44.1666666666667,42.3333333333333,10.1666666666667,-1122865.0,-2762980.0,3577,11.19503741871997,42.05066051079356,45.2622251329614
2017-10-19,1358,2017-10-19,9.75,40.5,48.0416666666667,9.75,-1122852.5,-2762927.5,3577,10.720349181260907,42.020275390238155,45.75234363159376
2017-10-26,1359,2017-10-26,9.79166666666667,42.625,46.125,10.375,-1122852.5,-2762927.5,3577,10.63180807840093,42.111478562710666,45.73934450481755
2017-10-27,1360,2017-10-27,11.9166666666667,42.0833333333333,44.5,9.75,-1122852.5,-2762927.5,3577,10.119009215756943,42.89001439736093,45.48019189272381
2017-11-03,1361,2017-11-03,9.83333333333333,43.2916666666667,45.4166666666667,10.0833333333333,-1122852.5,-2762927.5,3577,9.519023288371717,44.19130727373101,44.869769678199525
2017-11-04,1362,2017-11-04,8.91666666666667,43.125,46.5416666666667,10.0416666666667,-1122852.5,-2762927.5,3577,8.924255053510686,44.51802377188709,45.12121753374951
2017-11-11,1363,2017-11-11,6.125,48.6666666666667,43.625,8.95833333333333,-1122852.5,-2762927.5,3577,8.328016410832506,44.448082425823465,45.76540139426454
2017-11-12,1364,2017-11-12,9.0,43.875,45.875,9.875,-1122840.0,-2762880.0,3577,7.940118318213109,44.05562381374418,46.4767422979428
2017-11-19,1365,2017-11-19,8.0,43.8333333333333,46.625,10.125,-1122852.5,-2762927.5,3577,7.628134765130527,43.32921664248417,47.48207816434662
2017-11-20,1366,2017-11-20,7.75,40.5416666666667,50.0416666666667,10.0416666666667,-1122852.5,-2762927.5,3577,7.613258387638053,42.82827034935528,47.96708090670222
2017-11-27,1367,2017-11-27,7.91666666666667,39.75,50.4166666666667,9.5,-1122852.5,-2762927.5,3577,8.310228986698338,42.273475556944476,47.84301547265229
2017-12-13,1368,2017-12-13,7.33333333333333,44.125,47.0833333333333,10.9166666666667,-1122852.5,-2762927.5,3577,7.919494720964124,42.07317669430044,48.429059588495086
2017-12-14,1369,2017-12-14,8.66666666666667,44.125,45.875,10.3333333333333,-1122852.5,-2762927.5,3577,7.426918927304813,42.13366052161862,48.89790318040362
2017-12-21,1370,2017-12-21,8.375,44.3125,46.0,11.0,-1122858.75,-2762951.25,3577,7.629062114355094,44.07443285557953,46.80217331687221
2017-12-22,1371,2017-12-22,7.29166666666667,42.1666666666667,48.7916666666667,10.125,-1122852.5,-2762927.5,3577,7.953298765217085,45.03291954432923,45.628722928251705
2018-01-06,1372,2018-01-06,8.625,44.1666666666667,45.9583333333333,10.75,-1122852.5,-2762927.5,3577,9.714865371984665,44.15833044663655,44.776058693621664
2018-01-07,1373,2018-01-07,8.20833333333333,44.5833333333333,45.625,10.2083333333333,-1122852.5,-2762927.5,3577,11.022167615664422,43.204327780056644,44.375200985798074
2018-01-22,1374,2018-01-22,15.4166666666667,45.2916666666667,38.125,10.5416666666667,-1122852.5,-2762927.5,3577,11.855620085107486,42.52452348562396,44.12265276003007
2018-01-23,1375,2018-01-23,14.875,44.2916666666667,39.375,10.3333333333333,-1122852.5,-2762927.5,3577,12.945720301368535,43.28229710175659,42.309412594623
2018-02-07,1376,2018-02-07,13.0,37.25,48.25,14.0,-1122840.0,-2762865.0,3577,14.434025597723153,44.37554847113009,39.740314252305225
2018-02-08,1377,2018-02-08,18.0416666666667,43.625,36.6666666666667,10.7916666666667,-1122852.5,-2762927.5,3577,15.90463247622455,45.67439051745645,36.96696453700545
2018-02-15,1378,2018-02-15,10.4666666666667,53.6,34.4,10.2666666666667,-1122847.0,-2762941.0,3577,17.54868276717862,46.78439238779098,34.21450074692598
2018-02-16,1379,2018-02-16,20.5416666666667,47.625,30.625,11.0833333333333,-1122852.5,-2762927.5,3577,18.773568923333933,47.920137911616834,31.878292630996846
2018-02-23,1380,2018-02-23,23.2222222222222,49.5555555555556,26.0,12.4444444444444,-1122861.66666667,-2762971.66666667,3577,19.816546027069386,48.262229342717504,30.493759336634035
2018-02-24,1381,2018-02-24,21.125,46.0416666666667,31.2083333333333,11.1666666666667,-1122852.5,-2762927.5,3577,20.85481842718374,47.92684856422533,29.84709923718765
2018-03-03,1382,2018-03-03,20.5,45.9166666666667,32.25,11.2083333333333,-1122852.5,-2762927.5,3577,20.613221401918018,47.223527547436944,30.791059559630803
2018-03-12,1383,2018-03-12,18.75,45.4166666666667,34.4166666666667,10.4583333333333,-1122852.5,-2762927.5,3577,19.246221382673617,45.442841609707926,33.916964176169635
2018-03-19,1384,2018-03-19,15.6666666666667,45.0416666666667,37.7083333333333,10.5416666666667,-1122852.5,-2762927.5,3577,17.63471551667883,44.826389039230676,36.07876424400654
2018-03-20,1385,2018-03-20,16.875,45.625,36.2916666666667,10.375,-1122852.5,-2762927.5,3577,14.850210547963759,45.63663448581667,38.04653972132205
2018-03-27,1386,2018-03-27,13.6666666666667,46.9166666666667,37.9166666666667,10.4166666666667,-1122852.5,-2762927.5,3577,14.633264654160318,45.144570360608846,38.789411792939475
2018-03-28,1387,2018-03-28,13.8333333333333,45.5,39.1666666666667,10.25,-1122852.5,-2762927.5,3577,13.997552627968506,45.36212677369961,39.20288450948117
2018-04-04,1388,2018-04-04,12.6666666666667,42.4444444444444,43.3333333333333,8.0,-1122835.0,-2762885.0,3577,13.066822367517027,44.96958395995277,40.4495981146715
2018-04-05,1389,2018-04-05,13.2916666666667,46.0833333333333,39.1666666666667,10.0833333333333,-1122852.5,-2762927.5,3577,12.325156783359295,45.21985746338951,40.9546690017419
2018-04-12,1390,2018-04-12,12.6666666666667,46.5833333333333,39.375,10.2916666666667,-1122852.5,-2762927.5,3577,11.601314706963144,45.59085253373841,41.31698172379342
2018-04-13,1391,2018-04-13,12.0,43.7083333333333,42.7083333333333,10.4166666666667,-1122852.5,-2762927.5,3577,11.421480222562124,45.58128882976767,41.52178380352815
2018-04-20,1392,2018-04-20,7.0,47.6521739130435,43.8260869565217,10.2608695652174,-1122855.0,-2762925.0,3577,11.184985422212868,45.81719493096518,41.564266744601085
2018-04-21,1393,2018-04-21,12.1666666666667,45.9166666666667,40.5416666666667,9.95833333333333,-1122852.5,-2762927.5,3577,10.769715885843134,46.3294485416389,41.49474245557708
2018-04-28,1394,2018-04-28,11.875,47.2916666666667,39.625,10.25,-1122852.5,-2762927.5,3577,10.601110001769296,46.481792082929836,41.54754236343953
2018-04-29,1395,2018-04-29,11.5,44.25,42.75,9.95833333333333,-1122852.5,-2762927.5,3577,10.364901768865458,45.70472253282826,42.54585894024645
2018-05-06,1396,2018-05-06,10.5416666666667,45.4583333333333,42.5416666666667,10.0,-1122852.5,-2762927.5,3577,10.604190135892535,46.74637998549825,41.19001071469343
2018-05-07,1397,2018-05-07,7.83333333333333,48.125,42.625,9.58333333333333,-1122852.5,-2762927.5,3577,11.292291587509007,46.03872941413281,41.194131820953245
2018-05-14,1398,2018-05-14,11.6153846153846,45.8461538461538,41.1538461538462,10.9230769230769,-1122861.92307692,-2762959.61538462,3577,10.40934736058419,44.941698584981665,43.13818956315621
2018-05-15,1399,2018-05-15,9.75,44.4166666666667,44.125,9.70833333333333,-1122852.5,-2762927.5,3577,9.038018383932721,45.018929739450414,44.45948285503108
2018-05-22,1400,2018-05-22,9.91666666666667,45.0833333333333,43.4166666666667,10.0,-1122852.5,-2762927.5,3577,8.511864762607713,45.39961326677724,44.673276304937914
2018-05-23,1401,2018-05-23,8.95833333333333,47.2916666666667,42.5,9.625,-1122852.5,-2762927.5,3577,7.842452258061403,46.353865592316424,44.46802495496869
2018-05-30,1402,2018-05-30,5.14285714285714,40.0,53.8571428571429,9.14285714285714,-1122850.71428571,-2762907.85714286,3577,7.180068042978057,46.711275095209636,44.755499498978836
2018-05-31,1403,2018-05-31,2.66666666666667,53.4166666666667,42.4166666666667,6.25,-1122830.0,-2762950.0,3577,6.570115622142733,47.60357693591356,44.48196823004285
2018-06-08,1404,2018-06-08,10.8636363636364,50.5454545454545,37.2727272727273,8.63636363636364,-1122848.18181818,-2762922.27272727,3577,6.540970346380298,48.425481650812145,43.67164086499207
2018-06-15,1405,2018-06-15,7.33333333333333,47.5833333333333,43.5833333333333,10.4166666666667,-1122852.5,-2762927.5,3577,7.442681415590527,48.57993975017594,42.61518433953064
2018-06-16,1406,2018-06-16,7.75,46.375,44.375,10.25,-1122852.5,-2762927.5,3577,8.304223452688301,48.25036624881105,42.02243260538438
2018-06-23,1407,2018-06-23,8.29166666666667,46.375,43.875,9.75,-1122852.5,-2762927.5,3577,8.87717191805154,47.411558045100065,42.25916170328709
2018-06-24,1408,2018-06-24,9.54545454545454,48.4545454545455,40.8181818181818,11.1818181818182,-1122860.45454545,-2762965.90909091,3577,9.066529199760323,46.90688283711084,42.62961401811734
2018-07-01,1409,2018-07-01,9.5,46.2083333333333,42.875,10.2916666666667,-1122852.5,-2762927.5,3577,8.490200354574258,45.78665784913342,44.35375567062913
2018-07-02,1410,2018-07-02,7.20833333333333,46.75,44.7083333333333,9.95833333333333,-1122852.5,-2762927.5,3577,7.863158993646135,46.93653176965872,43.81805618154527
2018-07-09,1411,2018-07-09,7.45833333333333,45.9583333333333,45.0,10.0416666666667,-1122852.5,-2762927.5,3577,7.875308843046197,47.220925289170395,43.545400912056394
2018-07-10,1412,2018-07-10,6.75,47.0,44.9166666666667,9.66666666666667,-1122852.5,-2762927.5,3577,7.489093723612726,46.91173132851996,44.195685119827125
2018-07-17,1413,2018-07-17,8.33333333333333,48.4583333333333,41.875,10.25,-1122852.5,-2762927.5,3577,7.065303246803737,46.66864170400623,44.80499848448096
2018-07-18,1414,2018-07-18,6.45833333333333,45.2083333333333,46.7916666666667,9.75,-1122852.5,-2762927.5,3577,7.153695504700625,46.123101099100374,45.27864137925381
2018-07-25,1415,2018-07-25,6.75,47.0833333333333,44.8333333333333,9.95833333333333,-1122852.5,-2762927.5,3577,6.573192029847395,46.121167918761635,45.84388869643602
2018-08-03,1416,2018-08-03,6.625,44.4166666666667,47.3333333333333,9.79166666666667,-1122852.5,-2762927.5,3577,6.256080091218477,45.73244260898376,46.525231476462906
2018-08-10,1417,2018-08-10,7.04166666666667,44.625,46.75,9.95833333333333,-1122852.5,-2762927.5,3577,5.901812583700248,45.485227878409944,47.11590976102654
2018-08-11,1418,2018-08-11,4.0,46.2,48.4,8.9,-1122843.0,-2762886.0,3577,5.9510811685725375,45.125306685052266,47.337340368602625
2018-08-19,1419,2018-08-19,6.25,44.8333333333333,47.4583333333333,9.45833333333333,-1122852.5,-2762927.5,3577,5.9431734416245625,45.04369869036378,47.48191591689333
2018-08-26,1420,2018-08-26,4.375,46.6666666666667,47.1666666666667,11.5416666666667,-1122852.5,-2762927.5,3577,6.273112207708786,45.03322541750661,47.19080854645164
2018-09-03,1421,2018-09-03,10.0833333333333,43.0833333333333,45.5,10.4166666666667,-1122862.5,-2762962.5,3577,6.396964748356973,44.522542859610496,47.563787863316364
2018-09-04,1422,2018-09-04,5.875,44.125,48.3333333333333,9.45833333333333,-1122852.5,-2762927.5,3577,6.7165249611059945,44.389901249414734,47.36510148777242
2018-09-11,1423,2018-09-11,6.16666666666667,43.9583333333333,48.375,9.54166666666667,-1122852.5,-2762927.5,3577,6.80255554558858,43.639699541937595,47.94960375021578
2018-09-12,1424,2018-09-12,5.85714285714286,44.2857142857143,48.5714285714286,8.85714285714286,-1122833.57142857,-2762877.85714286,3577,6.518891866646309,43.872519585670915,48.007062236002426
2018-09-19,1425,2018-09-19,7.0,44.0,47.0,9.0,-1122915.0,-2762985.0,3577,6.3441202760078745,44.239062665913636,47.80953270155342
2018-09-20,1426,2018-09-20,6.0,44.5,47.875,9.41666666666667,-1122852.5,-2762927.5,3577,6.113003379488536,44.934971504237225,47.373745501137805
2018-09-27,1427,2018-09-27,5.83333333333333,45.8333333333333,46.8333333333333,9.45833333333333,-1122852.5,-2762927.5,3577,5.521637289438322,46.00890234635676,46.91604164668479
2018-09-28,1428,2018-09-28,5.375,46.3333333333333,46.9166666666667,9.45833333333333,-1122852.5,-2762927.5,3577,5.88824604188293,46.68163106242901,46.008604269820296
2018-10-05,1429,2018-10-05,6.3,48.65,43.8,9.85,-1122849.0,-2762916.0,3577,5.668371901575387,46.98850950390493,45.983164951656526
2018-10-06,1430,2018-10-06,6.33333333333333,45.2083333333333,46.9583333333333,9.45833333333333,-1122852.5,-2762927.5,3577,5.631552528997508,46.65021846058299,46.407023446103196
2018-10-13,1431,2018-10-13,3.3,48.0,47.6,14.7,-1122858.0,-2762928.0,3577,5.923335204526271,46.17232238864675,46.60229107836771
2018-10-14,1432,2018-10-14,7.54166666666667,44.7083333333333,46.2916666666667,9.625,-1122852.5,-2762927.5,3577,6.499017152586649,45.21200562684273,46.894802067176954
2018-10-21,1433,2018-10-21,7.91666666666667,43.6666666666667,47.0,9.33333333333333,-1122852.5,-2762927.5,3577,6.619755872295602,44.40423330762889,47.52049573569259
2018-10-22,1434,2018-10-22,6.0,42.6666666666667,49.6666666666667,9.08333333333333,-1122852.5,-2762927.5,3577,6.86767952624291,44.02894190880476,47.60412933971587
2018-10-29,1435,2018-10-29,6.70833333333333,45.0,46.7916666666667,9.95833333333333,-1122852.5,-2762927.5,3577,6.780505412386214,43.7538005864936,47.94138677537479
2018-11-06,1436,2018-11-06,7.33333333333333,44.8333333333333,46.4166666666667,10.125,-1122852.5,-2762927.5,3577,6.546262889306062,44.1403182842577,47.80371544482084
2018-11-07,1437,2018-11-07,5.16666666666667,43.5833333333333,49.7083333333333,9.625,-1122852.5,-2762927.5,3577,5.999120304695529,44.400635573868925,48.06539204389811
2018-11-14,1438,2018-11-14,5.0,45.4583333333333,47.9583333333333,10.125,-1122852.5,-2762927.5,3577,5.069153879726549,44.9493041193943,48.47144944949778
2018-11-22,1439,2018-11-22,5.91304347826087,44.4782608695652,48.2173913043478,10.2608695652174,-1122855.0,-2762930.2173913,3577,4.935880296173675,44.987006285761154,48.52974914661495
2018-11-23,1440,2018-11-23,3.625,44.4166666666667,50.375,9.66666666666667,-1122852.5,-2762927.5,3577,4.719749800833359,44.705827678394684,49.05592879883774
2018-12-01,1441,2018-12-01,4.83333333333333,45.75,47.875,9.75,-1122852.5,-2762927.5,3577,4.659236890895906,44.06737621197186,49.76579960846952
2018-12-16,1442,2018-12-16,4.58333333333333,43.5,50.2916666666667,10.25,-1122852.5,-2762927.5,3577,4.568923768159186,44.244801133709586,49.70539820478506
2018-12-17,1443,2018-12-17,4.66666666666667,43.5333333333333,50.4666666666667,9.33333333333333,-1122847.0,-2762901.0,3577,4.755634772190797,44.257255052564105,49.56476355339528
2018-12-24,1444,2018-12-24,5.20833333333333,44.2916666666667,49.1666666666667,10.125,-1122852.5,-2762927.5,3577,4.429837543664448,44.10710193247563,50.03273373325797
2018-12-25,1445,2018-12-25,4.29166666666667,43.5416666666667,50.8333333333333,9.75,-1122852.5,-2762927.5,3577,4.207150294882476,44.72758873890365,49.63907002072798
2019-01-01,1446,2019-01-01,4.20833333333333,45.5416666666667,48.625,10.2916666666667,-1122852.5,-2762927.5,3577,4.490922528850614,44.375889507761656,49.67366429463853
2019-01-02,1447,2019-01-02,3.20833333333333,46.1666666666667,49.125,9.875,-1122852.5,-2762927.5,3577,4.479154447437624,44.17084519171887,49.84378491500248
2019-01-09,1448,2019-01-09,5.54545454545455,42.4545454545455,50.5454545454545,9.45454545454546,-1122841.36363636,-2762889.54545455,3577,4.628549029776175,44.34297683856903,49.48159087956053
2019-01-10,1449,2019-01-10,3.79166666666667,43.9583333333333,50.5416666666667,10.0,-1122852.5,-2762927.5,3577,4.521536472017784,43.78904072167914,50.15157464848876
2019-01-18,1450,2019-01-18,6.25,43.625,48.7083333333333,9.79166666666667,-1122852.5,-2762927.5,3577,4.556748917654514,43.638479924703354,50.29705036027109
2019-02-02,1451,2019-02-02,5.25,41.0416666666667,52.125,10.0833333333333,-1122852.5,-2762927.5,3577,4.718297134289401,43.4441892916125,50.34534245873706
2019-02-03,1452,2019-02-03,2.8125,46.4375,49.4375,9.5,-1122845.625,-2762904.375,3577,4.822212667973314,43.20701350343648,50.452114248923145
2019-02-11,1453,2019-02-11,4.5,42.9583333333333,50.9583333333333,9.66666666666667,-1122852.5,-2762927.5,3577,4.944438878758296,42.879624539963636,50.64207041982778
2019-02-18,1454,2019-02-18,5.25,41.3333333333333,51.875,10.3333333333333,-1122852.5,-2762927.5,3577,4.8860574673428605,42.625239059610934,50.91585123532934
2019-02-19,1455,2019-02-19,6.2,43.4,48.6,9.8,-1122855.0,-2762985.0,3577,4.998434857858024,41.92568859821094,51.47956085962139
2019-02-27,1456,2019-02-27,5.16666666666667,40.25,53.0416666666667,9.54166666666667,-1122852.5,-2762927.5,3577,4.815876109299917,42.27253231919387,51.269727878444186
2019-03-06,1457,2019-03-06,4.75,41.5416666666667,52.125,10.0416666666667,-1122852.5,-2762927.5,3577,5.266955896210279,41.88695965996175,51.27491055141697
2019-03-07,1458,2019-03-07,4.26315789473684,41.6315789473684,52.6315789473684,9.52631578947368,-1122851.84210526,-2762912.36842105,3577,5.238862833083216,41.02203491393087,52.17646084676524
2019-03-15,1459,2019-03-15,4.33333333333333,43.5416666666667,50.375,9.625,-1122852.5,-2762927.5,3577,4.675789603327628,41.5134172793169,52.27395491899606
2019-03-30,1460,2019-03-30,5.11764705882353,41.1764705882353,52.3529411764706,9.58823529411765,-1122846.17647059,-2762907.35294118,3577,4.309996722645245,41.41423379064189,52.67797845822297
2019-03-31,1461,2019-03-31,5.16666666666667,41.0833333333333,52.125,9.83333333333333,-1122852.5,-2762927.5,3577,4.116361601939062,41.72896437072959,52.54511680325266
2019-04-07,1462,2019-04-07,4.45833333333333,37.7916666666667,56.125,9.29166666666667,-1122852.5,-2762927.5,3577,4.135619741103936,41.79836347510938,52.39197767066153
2019-04-08,1463,2019-04-08,2.0,44.0,52.0,8.5,-1122900.0,-2762985.0,3577,3.891013804924984,41.06447313624713,53.33315591191679
2019-04-16,1464,2019-04-16,3.54166666666667,44.3333333333333,50.5416666666667,10.375,-1122852.5,-2762927.5,3577,3.8297538011861487,41.20592077976394,53.25352606860309
2019-04-23,1465,2019-04-23,4.95833333333333,39.5416666666667,53.875,10.2083333333333,-1122852.5,-2762927.5,3577,4.025232074139255,41.44430368105334,52.888394753580144
2019-04-24,1466,2019-04-24,5.0,40.5416666666667,52.9583333333333,10.0833333333333,-1122852.5,-2762927.5,3577,4.726701438547391,41.622175607122045,52.027279328446205
2019-05-09,1467,2019-05-09,4.375,38.7916666666667,55.0416666666667,9.75,-1122852.5,-2762927.5,3577,5.01136099376782,40.707360253411366,52.712721473868214
2019-05-10,1468,2019-05-10,4.5,42.4583333333333,51.625,9.95833333333333,-1122852.5,-2762927.5,3577,4.824434208721412,40.11467827837198,53.52752729725614
2019-05-17,1469,2019-05-17,5.58333333333333,42.2916666666667,50.75,9.91666666666667,-1122852.5,-2762927.5,3577,4.060589822973116,39.84275386635473,54.6025298231099
2019-05-18,1470,2019-05-18,3.875,37.7083333333333,56.75,9.58333333333333,-1122852.5,-2762927.5,3577,3.2865238476688665,40.12395177061761,55.032726947966395
2019-05-25,1471,2019-05-25,2.0,38.7916666666667,57.4583333333333,7.58333333333333,-1122852.5,-2762927.5,3577,2.7140561966409313,40.21402913391478,55.48643977280918
2019-05-26,1472,2019-05-26,0.133333333333333,40.4666666666667,58.0,15.2,-1122831.0,-2762929.0,3577,2.6061973630081208,40.44777039265601,55.350004871281406
2019-06-02,1473,2019-06-02,3.66666666666667,43.375,51.4583333333333,10.25,-1122852.5,-2762927.5,3577,2.7985045140613733,40.40715051202065,55.168294038254814
2019-06-03,1474,2019-06-03,3.91666666666667,39.9166666666667,54.3333333333333,9.875,-1122852.5,-2762927.5,3577,3.1623925609989008,41.15526965294154,54.02019420207466
2019-06-10,1475,2019-06-10,4.5,40.0416666666667,53.6666666666667,10.4583333333333,-1122852.5,-2762927.5,3577,3.321772139109105,41.88729278976332,53.17788506642201
2019-06-11,1476,2019-06-11,2.91666666666667,44.3333333333333,51.3333333333333,13.1666666666667,-1122852.5,-2762927.5,3577,3.9418530386016757,42.5267866808051,51.935535697524834
2019-06-18,1477,2019-06-18,4.95833333333333,42.375,51.1666666666667,10.3333333333333,-1122852.5,-2762927.5,3577,4.222083540813561,42.32322955681457,51.84298840993113
2019-06-19,1478,2019-06-19,3.33333333333333,40.2916666666667,54.625,10.0833333333333,-1122852.5,-2762927.5,3577,4.222074880742982,42.15830699227904,52.036972186732214
2019-06-27,1479,2019-06-27,3.29166666666667,44.9166666666667,50.3333333333333,10.4583333333333,-1122852.5,-2762927.5,3577,4.066451608246666,41.708575995721475,52.65158912294349
2019-07-12,1480,2019-07-12,4.375,38.5833333333333,55.4166666666667,9.79166666666667,-1122852.5,-2762927.5,3577,4.376345017211236,41.14194216515584,52.89459521385976
2019-07-13,1481,2019-07-13,6.66666666666667,42.6666666666667,49.0,10.6666666666667,-1122885.0,-2762985.0,3577,4.277077742331512,40.16958202764913,53.96198162338492
2019-07-20,1482,2019-07-20,3.375,38.2916666666667,56.7916666666667,8.125,-1122852.5,-2762927.5,3577,4.546307912036134,40.5343889464,53.305965778952164
2019-07-21,1483,2019-07-21,3.95833333333333,39.7083333333333,54.7083333333333,9.875,-1122852.5,-2762927.5,3577,4.496080522429293,40.60345838259488,53.26082484728545
2019-07-28,1484,2019-07-28,3.75,40.2916666666667,54.25,9.875,-1122852.5,-2762927.5,3577,4.178336492779266,40.35455763892704,53.85206637822269
2019-08-05,1485,2019-08-05,3.91666666666667,41.9166666666667,52.8333333333333,10.0416666666667,-1122852.5,-2762927.5,3577,3.4385491398711463,40.02798665192065,54.97433163147781
2019-08-06,1486,2019-08-06,3.66666666666667,41.375,53.2916666666667,9.79166666666667,-1122852.5,-2762927.5,3577,3.046683260204141,39.687261116855424,55.76440324492728
2019-08-13,1487,2019-08-13,4.08333333333333,38.7916666666667,55.375,9.70833333333333,-1122852.5,-2762927.5,3577,2.9939351546730304,38.720687538103356,56.8149511120553
2019-08-14,1488,2019-08-14,0.608695652173913,34.1304347826087,64.0434782608696,6.0,-1122855.0,-2762925.0,3577,3.0634565383012817,38.92423739830281,56.563443522413415
2019-08-21,1489,2019-08-21,2.42857142857143,40.7142857142857,55.7142857142857,9.0,-1122833.57142857,-2762877.85714286,3577,2.7016325140732187,38.17741785628886,57.6291123120523
2019-08-22,1490,2019-08-22,4.58333333333333,37.6666666666667,56.0,9.58333333333333,-1122852.5,-2762927.5,3577,2.984868939334099,38.36936868936564,57.137544757697086
2019-08-29,1491,2019-08-29,3.83333333333333,39.125,55.2916666666667,9.625,-1122852.5,-2762927.5,3577,3.233177370257919,38.84968933004764,56.31316050126624
2019-08-30,1492,2019-08-30,2.875,41.5833333333333,54.0416666666667,9.33333333333333,-1122852.5,-2762927.5,3577,3.8719386852205124,39.578000991240465,54.93379128386383
2019-09-07,1493,2019-09-07,3.875,39.0416666666667,55.3333333333333,9.45833333333333,-1122852.5,-2762927.5,3577,4.631793751408755,39.892933870986866,53.81303154151993
2019-09-14,1494,2019-09-14,5.29166666666667,37.7083333333333,55.3333333333333,9.625,-1122852.5,-2762927.5,3577,4.9989075569731725,39.539322480358436,53.78506163149996
2019-09-15,1495,2019-09-15,5.8,41.4,51.4,10.6,-1122855.0,-2762985.0,3577,4.882826637399203,39.205093033671105,54.335367087250205
2019-09-23,1496,2019-09-23,4.625,38.4166666666667,55.1666666666667,9.25,-1122852.5,-2762927.5,3577,5.050632417117731,39.899068166090075,53.56113056189655
2019-10-01,1497,2019-10-01,6.16666666666667,39.5,53.125,9.33333333333333,-1122852.5,-2762927.5,3577,5.289244553175651,39.643241175743,53.564711475307185
2019-10-09,1498,2019-10-09,4.08333333333333,39.75,54.5,9.16666666666667,-1122852.5,-2762927.5,3577,5.103947007584015,39.4588538396529,53.90149981596544
2019-10-16,1499,2019-10-16,4.08333333333333,40.5416666666667,53.8333333333333,9.45833333333333,-1122852.5,-2762927.5,3577,4.810436467556491,39.755052609922835,53.89321952556441
2019-10-17,1500,2019-10-17,5.70833333333333,40.375,52.4583333333333,9.25,-1122852.5,-2762927.5,3577,4.773252830759855,39.45106320407591,54.19953325827128
2019-10-25,1501,2019-10-25,4.875,37.625,55.7916666666667,9.375,-1122852.5,-2762927.5,3577,4.836267834332125,38.9839896945102,54.57127959758722
2019-11-01,1502,2019-11-01,4.95833333333333,37.6666666666667,55.625,9.58333333333333,-1122852.5,-2762927.5,3577,4.768188854488448,39.394445466808016,54.210320639105106
2019-11-02,1503,2019-11-02,4.58333333333333,40.125,53.7083333333333,9.29166666666667,-1122852.5,-2762927.5,3577,4.882287990646391,38.939932487527294,54.518472110956225
2019-11-09,1504,2019-11-09,5.20833333333333,40.1666666666667,53.1666666666667,9.45833333333333,-1122852.5,-2762927.5,3577,5.094051072765479,38.54168831683735,54.73441548131132
2019-11-10,1505,2019-11-10,4.95833333333333,37.0833333333333,56.25,9.20833333333333,-1122852.5,-2762927.5,3577,5.331466907704499,38.11180060908592,54.931253473040925
2019-11-17,1506,2019-11-17,5.0,38.7083333333333,54.5833333333333,9.5,-1122852.5,-2762927.5,3577,5.170170386887879,38.47981572090903,54.77720705506264
2019-11-18,1507,2019-11-18,5.95833333333333,38.5833333333333,53.9583333333333,9.04166666666667,-1122852.5,-2762927.5,3577,5.545957912056153,38.526611675212706,54.37017471691581
2019-11-25,1508,2019-11-25,6.5,35.5,56.5,9.0,-1122900.0,-2762985.0,3577,5.769949735506149,36.62821775746923,56.044163653675405
2019-12-03,1509,2019-12-03,4.79166666666667,39.625,54.0416666666667,9.91666666666667,-1122852.5,-2762927.5,3577,5.870336191155748,37.93051917122557,54.670580838142335
2019-12-04,1510,2019-12-04,5.625,40.7083333333333,52.2916666666667,9.5,-1122852.5,-2762927.5,3577,5.762696024305072,40.44400993742493,52.335099626887484
2019-12-12,1511,2019-12-12,3.875,41.25,53.25,8.66666666666667,-1122852.5,-2762927.5,3577,4.552394329096435,42.66729575190096,51.33587001233296
2020-01-05,1512,2020-01-05,6.91666666666667,40.0833333333333,51.5416666666667,9.125,-1122852.5,-2762927.5,3577,3.6172411180145705,44.75310573420654,50.170958453303925
2020-01-12,1513,2020-01-12,2.20833333333333,48.375,48.1666666666667,9.625,-1122852.5,-2762927.5,3577,3.1714838309260793,46.53744529229337,48.86085521804608
2020-01-13,1514,2020-01-13,2.0,57.5454545454545,39.0,7.81818181818182,-1122849.54545455,-2762931.81818182,3577,3.0071806418551166,46.75487735830407,48.819652225991696
2020-01-20,1515,2020-01-20,2.0,38.3333333333333,58.1666666666667,6.125,-1122852.5,-2762927.5,3577,3.6816359594991868,45.34629227606314,49.54390294946831
2020-01-21,1516,2020-01-21,3.45833333333333,42.9166666666667,52.125,9.25,-1122852.5,-2762927.5,3577,4.660605519350954,44.7237354656722,49.22242759819426
2020-01-28,1517,2020-01-28,10.0,44.0,44.8,10.6,-1122855.0,-2762985.0,3577,5.485071000550054,42.962281210199066,50.153129232301325
2020-01-29,1518,2020-01-29,6.41666666666667,39.7083333333333,52.4166666666667,9.25,-1122852.5,-2762927.5,3577,7.08329003297937,40.920051310912044,50.57365299818106
2020-02-05,1519,2020-02-05,7.83333333333333,40.4583333333333,50.1666666666667,9.83333333333333,-1122852.5,-2762927.5,3577,8.890249843034882,40.10221589555353,49.60477602891723
2020-02-13,1520,2020-02-13,10.5833333333333,43.2083333333333,44.9583333333333,9.875,-1122852.5,-2762927.5,3577,9.857395399576582,41.29863261093291,47.46148583957472
2020-02-14,1521,2020-02-14,9.04166666666667,43.4583333333333,46.125,9.91666666666667,-1122852.5,-2762927.5,3577,11.12217284779037,42.78450496870907,44.672305635534244
2020-02-21,1522,2020-02-21,12.2083333333333,38.3333333333333,47.8333333333333,7.66666666666667,-1122852.5,-2762927.5,3577,12.397461155973222,42.24761938267498,43.91962967372527
2020-02-29,1523,2020-02-29,16.8888888888889,45.6666666666667,36.2222222222222,9.77777777777778,-1122848.33333333,-2762881.66666667,3577,13.642754777040652,43.511645861871564,41.417644876617004
2020-03-01,1524,2020-03-01,12.625,45.9166666666667,40.0,9.45833333333333,-1122852.5,-2762927.5,3577,15.289019159372906,44.35261629494714,38.99593762789774
2020-03-08,1525,2020-03-08,16.25,42.9166666666667,39.4166666666667,10.1666666666667,-1122852.5,-2762927.5,3577,15.420076698325172,45.11340620163476,38.139001993872455
2020-03-09,1526,2020-03-09,15.9583333333333,45.2083333333333,37.5416666666667,10.0,-1122852.5,-2762927.5,3577,15.036440683497267,45.671607288473524,37.99023430988808
2020-03-16,1527,2020-03-16,13.7916666666667,47.2083333333333,37.8333333333333,10.25,-1122852.5,-2762927.5,3577,14.538393108437383,45.62139692092569,38.55404579939608
2020-03-17,1528,2020-03-17,13.1666666666667,45.0833333333333,40.4583333333333,10.1666666666667,-1122852.5,-2762927.5,3577,13.414190556603426,44.80635437832909,40.46686053883592
2020-03-24,1529,2020-03-24,12.75,44.1666666666667,41.7916666666667,10.125,-1122852.5,-2762927.5,3577,12.403513110554613,43.94255383418812,42.3176327886017
2020-04-01,1530,2020-04-01,9.90476190476191,44.4285714285714,44.1904761904762,9.61904761904762,-1122847.85714286,-2762919.28571429,3577,11.427422422776768,44.032071901260366,43.195882419947175
2020-04-02,1531,2020-04-02,11.0,40.125,47.375,9.16666666666667,-1122852.5,-2762927.5,3577,9.550989902768674,43.69432463820357,45.376830986344345
2020-04-09,1532,2020-04-09,10.0416666666667,43.6666666666667,44.9166666666667,10.2083333333333,-1122852.5,-2762927.5,3577,8.45176533992198,42.97573272959629,47.1275391275321
2020-04-26,1533,2020-04-26,6.41666666666667,45.625,46.6666666666667,8.75,-1122852.5,-2762927.5,3577,7.761555008457877,43.22928606480592,47.53890240305941
2020-05-03,1534,2020-05-03,6.25,44.5,47.75,11.0,-1122870.0,-2762985.0,3577,7.262033116521201,43.62094136512989,47.624719192049554
2020-05-04,1535,2020-05-04,6.75,41.0833333333333,50.5,9.875,-1122852.5,-2762927.5,3577,7.1267072710560555,43.364816169376255,47.97761384641474
2020-05-11,1536,2020-05-11,7.125,42.9166666666667,48.4166666666667,9.625,-1122852.5,-2762927.5,3577,7.26193788151884,42.67283503389678,48.45216316190826
2020-05-12,1537,2020-05-12,9.0,43.0,46.25,9.25,-1122840.0,-2762865.0,3577,7.108729505787265,42.300899435955046,48.958600481039
2020-05-19,1538,2020-05-19,8.0,43.4166666666667,47.1666666666667,9.91666666666667,-1122852.5,-2762927.5,3577,7.601296149669624,43.014357675341984,47.79068738278549
2020-05-20,1539,2020-05-20,5.83333333333333,40.7916666666667,51.7083333333333,9.58333333333333,-1122852.5,-2762927.5,3577,7.218949915341351,42.87272025994634,48.36390545559966
2020-05-27,1540,2020-05-27,6.125,42.5416666666667,49.8333333333333,10.3333333333333,-1122852.5,-2762927.5,3577,6.179176423252763,42.627690544294765,49.74084251885027
2020-05-28,1541,2020-05-28,5.70833333333333,44.9583333333333,47.9583333333333,10.25,-1122852.5,-2762927.5,3577,5.252327035372419,43.06248342897989,50.32088788852068
2020-06-04,1542,2020-06-04,4.71428571428571,46.0,48.2142857142857,9.64285714285714,-1122850.71428571,-2762897.14285714,3577,4.6682719118268725,42.896330640233224,51.05988755937513
2020-06-05,1543,2020-06-05,4.875,41.5,52.0833333333333,9.83333333333333,-1122852.5,-2762927.5,3577,4.333523551200248,43.872669742867785,50.48571025039175
2020-06-12,1544,2020-06-12,2.0,37.0833333333333,59.5416666666667,18.1666666666667,-1122852.5,-2762927.5,3577,4.321073836872761,44.64246592685151,49.74091539208914
2020-06-13,1545,2020-06-13,5.625,51.1666666666667,42.0416666666667,12.0416666666667,-1122852.5,-2762927.5,3577,4.248371838373224,44.78442334911246,49.64267359821202
2020-06-20,1546,2020-06-20,4.73913043478261,47.304347826087,46.4782608695652,10.0869565217391,-1122855.0,-2762930.2173913,3577,4.082907933139522,44.567936449508764,49.95632656816122
2020-06-21,1547,2020-06-21,4.125,42.4166666666667,51.9583333333333,9.75,-1122852.5,-2762927.5,3577,3.937774798674063,45.01886589315251,49.61128805908655
2020-06-29,1548,2020-06-29,3.16666666666667,46.4166666666667,49.2916666666667,10.2083333333333,-1122852.5,-2762927.5,3577,3.94323676166732,44.82323407511191,49.74093433599354
2020-07-07,1549,2020-07-07,3.70833333333333,40.9166666666667,53.5,9.625,-1122852.5,-2762927.5,3577,3.6932042471813498,44.485967822497074,50.31115750695359
2020-07-14,1550,2020-07-14,3.70833333333333,43.5,51.2083333333333,9.625,-1122852.5,-2762927.5,3577,3.4867384040551537,43.609875351455884,51.37121941637258
2020-07-15,1551,2020-07-15,3.29166666666667,45.0416666666667,50.2916666666667,9.75,-1122852.5,-2762927.5,3577,3.5029878812347675,41.85209242679342,53.06339383458659
2020-07-23,1552,2020-07-23,3.75,42.375,52.2083333333333,9.54166666666667,-1122852.5,-2762927.5,3577,4.029059125689969,42.47808872712332,51.89438428152485
2020-07-30,1553,2020-07-30,4.66666666666667,40.2916666666667,53.4583333333333,9.54166666666667,-1122852.5,-2762927.5,3577,4.157186987866808,42.255672189337986,52.01478695284284
2020-08-07,1554,2020-08-07,3.5,44.0,51.0833333333333,9.45833333333333,-1122852.5,-2762927.5,3577,4.195543491595496,42.32153939970645,51.92559465817203
2020-08-08,1555,2020-08-08,5.20833333333333,39.6666666666667,53.4166666666667,8.54166666666667,-1122852.5,-2762927.5,3577,4.0022732685265385,41.68421593885367,52.753115279964994
2020-08-15,1556,2020-08-15,4.20833333333333,39.9583333333333,54.0416666666667,9.625,-1122852.5,-2762927.5,3577,3.9337721102421086,40.831311206846905,53.621437824293594
2020-08-23,1557,2020-08-23,2.20833333333333,46.3333333333333,50.2916666666667,9.25,-1122852.5,-2762927.5,3577,3.750448339070067,41.204835025649295,53.49910873439486
2020-08-24,1558,2020-08-24,3.70833333333333,40.0416666666667,54.7083333333333,9.29166666666667,-1122852.5,-2762927.5,3577,3.543167745566595,41.95280983206054,53.01676625747042
2020-08-31,1559,2020-08-31,3.91666666666667,39.7916666666667,54.4583333333333,9.375,-1122852.5,-2762927.5,3577,3.4117259159823714,42.596041986902506,52.53590591554203
2020-09-01,1560,2020-09-01,3.5,39.5,55.7,8.9,-1122843.0,-2762886.0,3577,3.4108824611915494,41.965403920119016,53.160982051995774
2020-09-08,1561,2020-09-08,4.0,48.2,46.6,10.6,-1122855.0,-2762985.0,3577,3.4975418028818384,42.36570269255395,52.67231934731147
2020-09-09,1562,2020-09-09,3.375,42.125,52.9166666666667,9.16666666666667,-1122852.5,-2762927.5,3577,4.274543181276289,41.02690936513853,53.17819448352709
2020-09-16,1563,2020-09-16,4.04166666666667,40.375,53.875,9.20833333333333,-1122852.5,-2762927.5,3577,4.415652363743641,41.15914519141121,52.830196371799076
2020-09-25,1564,2020-09-25,4.33333333333333,39.5833333333333,54.5,9.04166666666667,-1122852.5,-2762927.5,3577,4.2096833316540305,42.60705780847491,51.61898478085958
2020-10-02,1565,2020-10-02,5.125,40.0,53.1666666666667,9.20833333333333,-1122852.5,-2762927.5,3577,4.22064691040937,42.99297440007189,51.18515612129737
2020-10-03,1566,2020-10-03,5.0,47.6,46.0,10.0,-1122855.0,-2762985.0,3577,4.205296229323061,43.94146497487138,50.25924025607957
2020-10-11,1567,2020-10-11,3.79166666666667,42.5416666666667,52.0416666666667,9.16666666666667,-1122852.5,-2762927.5,3577,4.015637775648619,44.45463272761033,50.00770423545287
2020-10-18,1568,2020-10-18,2.0,50.8333333333333,45.6666666666667,12.0,-1122860.0,-2762875.0,3577,4.560690223985412,44.832141637912954,49.13289994991039
2020-10-26,1569,2020-10-26,5.41666666666667,41.7083333333333,51.5833333333333,9.20833333333333,-1122852.5,-2762927.5,3577,4.781130790956434,43.45947813123094,50.28018680627636
2020-10-27,1570,2020-10-27,5.43478260869565,39.695652173913,53.2608695652174,8.39130434782609,-1122855.0,-2762925.0,3577,4.517104928094966,42.10793295970683,51.87787844249918
2020-11-11,1571,2020-11-11,5.29166666666667,39.875,53.2916666666667,9.04166666666667,-1122852.5,-2762927.5,3577,4.694785376824653,39.773013460711084,53.969896477409605
2020-11-12,1572,2020-11-12,5.125,36.8333333333333,56.375,8.79166666666667,-1122852.5,-2762927.5,3577,4.854463272402377,38.48943919072228,55.08221418057046
2020-11-19,1573,2020-11-19,4.95833333333333,40.125,53.4583333333333,9.20833333333333,-1122852.5,-2762927.5,3577,4.618342604359547,38.55237966591542,55.28074633782851
2020-11-20,1574,2020-11-20,0.714285714285714,41.2857142857143,56.4285714285714,6.0,-1122833.57142857,-2762877.85714286,3577,3.7916041422564217,39.571256854818714,55.101081799468346
2020-11-28,1575,2020-11-28,4.20833333333333,39.5833333333333,54.5833333333333,9.125,-1122852.5,-2762927.5,3577,3.2631871874699128,41.10784443715583,54.12885524982575
2020-12-05,1576,2020-12-05,5.75,38.7916666666667,53.9583333333333,8.83333333333333,-1122852.5,-2762927.5,3577,3.0077029075375608,41.338402186491315,54.11850744601651
2020-12-13,1577,2020-12-13,1.08333333333333,45.5833333333333,52.0416666666667,10.3333333333333,-1122852.5,-2762927.5,3577,2.8086684034317444,41.38250336058978,54.20156171955738
2020-12-14,1578,2020-12-14,2.20833333333333,41.2916666666667,54.625,9.70833333333333,-1122852.5,-2762927.5,3577,2.5254051933614705,41.57812337300879,54.17415206052168
2020-12-21,1579,2020-12-21,3.125,41.8333333333333,53.25,10.875,-1122852.5,-2762927.5,3577,2.8178420885880664,41.23122640023691,54.148328765496615
2020-12-22,1580,2020-12-22,4.0,37.0,57.0,9.0,-1122795.0,-2762865.0,3577,3.68846581134519,41.73020507669567,52.74719927736034
2020-12-30,1581,2020-12-30,2.0,44.0833333333333,52.0,7.58333333333333,-1122852.5,-2762927.5,3577,3.5613581352908366,41.63638317418486,52.949204326871744
2021-01-06,1582,2021-01-06,5.54166666666667,41.4583333333333,51.4166666666667,10.3333333333333,-1122852.5,-2762927.5,3577,4.6980692782778934,41.26687858737315,52.247562556563366
2021-01-07,1583,2021-01-07,5.66666666666667,43.0,49.5333333333333,9.93333333333333,-1122855.0,-2762955.0,3577,5.400285573894948,41.313925048338035,51.61063178755233
2021-01-14,1584,2021-01-14,7.75,40.75,50.125,9.70833333333333,-1122852.5,-2762927.5,3577,5.329000367648781,41.80142975882019,51.31803690094754
2021-01-23,1585,2021-01-23,5.07142857142857,42.0,51.2857142857143,8.35714285714286,-1122850.71428571,-2762897.14285714,3577,6.270451897453247,42.053572773296594,50.16106064930864
2021-01-30,1586,2021-01-30,5.30434782608696,39.8695652173913,53.3913043478261,8.39130434782609,-1122855.0,-2762930.2173913,3577,7.990428946697101,41.65343480048739,48.89617529013083
2021-02-08,1587,2021-02-08,12.5,43.7083333333333,42.375,9.375,-1122852.5,-2762927.5,3577,10.37697545645297,41.84648703138116,46.32203927336832
2021-02-15,1588,2021-02-15,10.3333333333333,42.8333333333333,45.25,8.58333333333333,-1122852.5,-2762927.5,3577,13.246214603360286,42.94384191322908,42.33325643373806
2021-02-23,1589,2021-02-23,17.375,42.875,38.3333333333333,10.125,-1122852.5,-2762927.5,3577,16.327695238532076,43.70132338271744,38.47643010172722
2021-02-24,1590,2021-02-24,20.5416666666667,45.1666666666667,32.8333333333333,10.4583333333333,-1122852.5,-2762927.5,3577,18.445768947028135,44.425314578626015,35.62238664888219
2021-03-04,1591,2021-03-04,19.2083333333333,42.5,36.7916666666667,8.54166666666667,-1122852.5,-2762927.5,3577,19.20736563655916,44.409310195563485,34.89490851948264
2021-03-19,1592,2021-03-19,18.6,48.0,31.8,11.4,-1122855.0,-2762985.0,3577,18.087140975188472,44.1642617321142,36.2607114617728
2021-03-20,1593,2021-03-20,16.25,40.875,41.3333333333333,9.79166666666667,-1122852.5,-2762927.5,3577,16.15568355568449,43.33082481523752,39.041482051841
2021-04-04,1594,2021-04-04,12.4583333333333,43.4583333333333,42.75,9.54166666666667,-1122852.5,-2762927.5,3577,14.517274134532004,42.611190795781965,41.37645417017862
2021-04-05,1595,2021-04-05,12.0833333333333,40.6666666666667,45.8333333333333,9.25,-1122852.5,-2762927.5,3577,12.342871138147904,41.87140065815912,44.2781623691
2021-04-12,1596,2021-04-12,10.9583333333333,41.0416666666667,46.3333333333333,9.33333333333333,-1122852.5,-2762927.5,3577,11.21435388656581,40.449040897177284,46.78163992869173
2021-04-21,1597,2021-04-21,11.2083333333333,40.6666666666667,46.625,9.33333333333333,-1122852.5,-2762927.5,3577,10.028750712650126,40.3386322140132,48.068083129453626
2021-04-28,1598,2021-04-28,10.4166666666667,40.1666666666667,47.7083333333333,9.33333333333333,-1122852.5,-2762927.5,3577,9.161729524344242,39.9057892571765,49.35649541376357
2021-05-14,1599,2021-05-14,9.20833333333333,40.4583333333333,48.8333333333333,9.33333333333333,-1122852.5,-2762927.5,3577,9.143394531164066,40.93394621373887,48.40472027971303
2021-05-22,1600,2021-05-22,7.16666666666667,41.25,50.1666666666667,8.75,-1122852.5,-2762927.5,3577,9.000917426225689,41.6962525348686,47.86821357176678
2021-05-23,1601,2021-05-23,7.625,40.6666666666667,50.2083333333333,9.33333333333333,-1122852.5,-2762927.5,3577,8.880735492576282,42.15209609791023,47.592501280961656
2021-05-31,1602,2021-05-31,9.25,46.8333333333333,42.875,9.875,-1122852.5,-2762927.5,3577,8.820148375874622,43.27208949460625,46.584125368948115
2021-06-07,1603,2021-06-07,11.5416666666667,41.1666666666667,45.875,9.41666666666667,-1122852.5,-2762927.5,3577,8.747449789631151,43.8954648292818,46.02372769129047
2021-06-23,1604,2021-06-23,8.875,46.125,43.7083333333333,9.66666666666667,-1122852.5,-2762927.5,3577,8.758261346495335,43.67940148086554,46.20319412269187
2021-06-24,1605,2021-06-24,6.45833333333333,41.375,50.5,9.29166666666667,-1122852.5,-2762927.5,3577,8.089160839159636,43.436619108439245,47.06439935193102
2021-07-01,1606,2021-07-01,7.875,40.875,49.7916666666667,9.25,-1122852.5,-2762927.5,3577,8.138691932421368,41.25766506454744,49.06021094487854
2021-07-02,1607,2021-07-02,6.58333333333333,45.3333333333333,46.75,9.83333333333333,-1122852.5,-2762927.5,3577,7.422836064862819,40.40504052190755,50.62255894259782
2021-07-10,1608,2021-07-10,7.66666666666667,35.375,55.2916666666667,7.25,-1122852.5,-2762927.5,3577,6.788743892845043,40.156715704310315,51.53091374568933
2021-07-17,1609,2021-07-17,6.75,40.4166666666667,51.3333333333333,9.33333333333333,-1122852.5,-2762927.5,3577,6.2544262309592105,40.46664495087756,51.83549244637691
2021-07-26,1610,2021-07-26,6.66666666666667,40.5833333333333,51.2916666666667,9.04166666666667,-1122852.5,-2762927.5,3577,5.979038282759599,40.50733276714236,52.11960484162773
2021-08-02,1611,2021-08-02,7.66666666666667,39.4583333333333,51.4583333333333,9.41666666666667,-1122852.5,-2762927.5,3577,6.228244770989409,42.114345324900526,50.38182054364808
2021-08-10,1612,2021-08-10,0.954545454545455,49.5909090909091,48.6818181818182,12.0454545454545,-1122853.63636364,-2762933.18181818,3577,5.78845727403198,42.26766424774519,50.644640236386124
2021-08-11,1613,2021-08-11,7.0,37.625,53.6666666666667,9.0,-1122852.5,-2762927.5,3577,5.778751926372793,41.326854436016575,51.50257710906395
2021-08-18,1614,2021-08-18,6.91666666666667,39.9166666666667,51.75,9.125,-1122852.5,-2762927.5,3577,5.961325466831521,40.644062652324244,51.91431733789737
2021-08-26,1615,2021-08-26,8.20833333333333,41.4166666666667,48.9166666666667,9.25,-1122852.5,-2762927.5,3577,6.064837493041417,38.6396957133249,53.68024454973374
2021-08-27,1616,2021-08-27,6.66666666666667,36.7083333333333,54.7916666666667,8.79166666666667,-1122852.5,-2762927.5,3577,6.460437857837185,37.48201862636287,54.33068017849123
2021-09-03,1617,2021-09-03,2.79166666666667,32.4583333333333,62.625,15.125,-1122852.5,-2762927.5,3577,7.117446953882789,36.774187757541384,54.369991008800966
2021-09-04,1618,2021-09-04,9.5,38.25,50.75,8.91666666666667,-1122852.5,-2762927.5,3577,7.663499903846603,37.03957832672449,53.61714013691451
2021-09-11,1619,2021-09-11,7.45833333333333,42.0,49.25,9.25,-1122852.5,-2762927.5,3577,7.123886226739421,38.674326482686865,52.64880982495799
2021-09-19,1620,2021-09-19,7.41666666666667,37.25,53.6666666666667,8.95833333333333,-1122852.5,-2762927.5,3577,7.720174658069814,38.73183361576394,52.0045292960192
2021-09-20,1621,2021-09-20,10.1764705882353,39.0,49.3529411764706,9.05882352941176,-1122860.29411765,-2762947.94117647,3577,8.140890872535241,39.57225541368632,50.834099806495416
2021-09-27,1622,2021-09-27,6.95454545454545,41.2727272727273,50.4545454545455,8.95454545454546,-1122848.18181818,-2762922.27272727,3577,8.104533028848056,39.75849621810188,50.68818331439057
2021-09-28,1623,2021-09-28,6.58333333333333,39.2083333333333,52.5,8.66666666666667,-1122852.5,-2762927.5,3577,7.753561680753368,39.74485783706271,50.95849476896632
2021-10-05,1624,2021-10-05,7.16666666666667,38.5,52.7916666666667,8.91666666666667,-1122852.5,-2762927.5,3577,7.142455194264114,39.649089347648015,51.638942930706065
2021-10-13,1625,2021-10-13,9.04166666666667,38.9166666666667,50.5416666666667,8.875,-1122852.5,-2762927.5,3577,7.724821578038913,39.20691090033313,51.54991717841936
2021-10-14,1626,2021-10-14,6.75,39.4583333333333,52.25,8.54166666666667,-1122852.5,-2762927.5,3577,7.673497572303978,38.66117195028805,52.16187990333749
2021-10-21,1627,2021-10-21,6.70833333333333,40.0416666666667,51.6666666666667,8.91666666666667,-1122852.5,-2762927.5,3577,7.156821137973113,39.46144513615076,51.89485610620455
2021-10-22,1628,2021-10-22,8.95833333333333,40.5,49.2083333333333,8.91666666666667,-1122852.5,-2762927.5,3577,7.474370846257198,38.419552126730466,52.597481439018
2021-10-29,1629,2021-10-29,6.54545454545455,34.3636363636364,57.7272727272727,7.0,-1122841.36363636,-2762889.54545455,3577,6.663249301124747,38.33066658924517,53.47001778593999
2021-10-30,1630,2021-10-30,6.5,36.875,54.7916666666667,8.45833333333333,-1122852.5,-2762927.5,3577,6.378227188421844,38.331770584227584,53.720484740881986
2021-11-07,1631,2021-11-07,4.58333333333333,44.0416666666667,49.8333333333333,7.83333333333333,-1122852.5,-2762927.5,3577,6.363612745261104,38.40303205800102,53.674639426144196
2021-11-15,1632,2021-11-15,6.58333333333333,38.9166666666667,52.9583333333333,8.75,-1122852.5,-2762927.5,3577,6.692232244722097,38.8478704427141,52.905747596986515
2021-11-20,1633,2021-11-20,9.16666666666667,30.5416666666667,58.5,6.95833333333333,-1122852.5,-2762927.5,3577,6.698646683552802,39.565653257984835,52.16971843944748
2021-11-23,1634,2021-11-23,4.70833333333333,49.2916666666667,44.7916666666667,11.625,-1122852.5,-2762927.5,3577,7.076490073393039,40.36688118382564,50.97000638679444
2021-11-30,1635,2021-11-30,10.0,38.2916666666667,50.2083333333333,9.125,-1122852.5,-2762927.5,3577,7.865540677072007,40.650785360144624,49.94433017961684
2021-12-01,1636,2021-12-01,6.75,39.3333333333333,52.1666666666667,9.0,-1122852.5,-2762927.5,3577,7.797977693100368,39.98066368615308,50.648577042145334
2021-12-08,1637,2021-12-08,8.08333333333333,41.0,49.25,9.54166666666667,-1122852.5,-2762927.5,3577,8.177326672294491,39.93290249481603,50.27592157583668
2021-12-09,1638,2021-12-09,8.20833333333333,39.875,50.2916666666667,8.79166666666667,-1122852.5,-2762927.5,3577,8.675786803494484,40.47671794149518,49.258275779940256
2021-12-16,1639,2021-12-16,9.45833333333333,39.25,49.75,9.54166666666667,-1122852.5,-2762927.5,3577,8.78302383076571,40.42933491606915,49.199275725624915
2021-12-17,1640,2021-12-17,8.91666666666667,38.9166666666667,50.6666666666667,8.95833333333333,-1122852.5,-2762927.5,3577,9.379167231658899,38.079666382170075,50.89996949033586
2021-12-24,1641,2021-12-24,9.0,40.1666666666667,49.125,9.41666666666667,-1122852.5,-2762927.5,3577,9.151881922595066,39.50204337783185,49.77199724396311
2021-12-25,1642,2021-12-25,11.4583333333333,40.5,46.6666666666667,9.0,-1122852.5,-2762927.5,3577,9.527710136801097,39.646673963150064,49.26671578787108
2022-01-02,1643,2022-01-02,7.16666666666667,39.9166666666667,51.1666666666667,8.83333333333333,-1122852.5,-2762927.5,3577,9.074724112179979,40.67473202208623,48.68682307589029
2022-01-09,1644,2022-01-09,7.16666666666667,38.25,52.9166666666667,9.20833333333333,-1122852.5,-2762927.5,3577,8.284570156635885,41.15783657572601,48.99430581367279
2022-01-10,1645,2022-01-10,11.0,38.4166666666667,49.0833333333333,8.79166666666667,-1122852.5,-2762927.5,3577,7.5213471689344455,41.230930894909605,49.690466810082185
2022-01-17,1646,2022-01-17,5.78947368421053,51.5789473684211,41.3684210526316,12.0526315789474,-1122845.52631579,-2762939.21052632,3577,7.282804290380196,40.651931442621176,50.51929771384776
2022-01-25,1647,2022-01-25,8.04166666666667,36.6666666666667,53.625,9.08333333333333,-1122852.5,-2762927.5,3577,7.615609330921053,39.99529578698366,50.86647913624911
2022-01-26,1648,2022-01-26,7.41666666666667,36.25,54.7083333333333,8.625,-1122852.5,-2762927.5,3577,8.807806208509641,38.73891468234626,50.91766509113393
2022-02-03,1649,2022-02-03,9.75,36.9166666666667,51.7916666666667,8.83333333333333,-1122852.5,-2762927.5,3577,11.444243009175306,39.15035843385837,47.93019090517151
2022-02-18,1650,2022-02-18,14.625,39.7083333333333,44.2083333333333,9.33333333333333,-1122852.5,-2762927.5,3577,13.227289582123024,38.5416976700934,46.70211707389189
2022-02-19,1651,2022-02-19,15.4583333333333,37.9583333333333,45.0833333333333,9.04166666666667,-1122852.5,-2762927.5,3577,14.668209763999476,38.09611519868402,45.692199204026316
2022-02-26,1652,2022-02-26,16.5416666666667,40.2083333333333,41.75,9.41666666666667,-1122852.5,-2762927.5,3577,15.614116750663204,38.24361324542028,44.57475677735316
2022-03-07,1653,2022-03-07,16.4583333333333,39.3333333333333,42.5833333333333,9.16666666666667,-1122852.5,-2762927.5,3577,15.360204905623814,39.27563941136759,43.790966929159
2022-03-14,1654,2022-03-14,14.5833333333333,41.25,42.5833333333333,9.41666666666667,-1122852.5,-2762927.5,3577,14.912268974573248,37.81520582100512,45.637062756637974
2022-03-22,1655,2022-03-22,9.625,30.375,58.125,5.58333333333333,-1122852.5,-2762927.5,3577,13.676763767706,37.63800273513334,47.02759856242125
2022-03-23,1656,2022-03-23,13.6666666666667,40.5416666666667,44.2916666666667,8.95833333333333,-1122852.5,-2762927.5,3577,12.703679447485605,37.95360186768289,47.68802366363573
2022-04-07,1657,2022-04-07,14.1666666666667,37.7916666666667,46.375,9.29166666666667,-1122852.5,-2762927.5,3577,12.422069287779514,38.4769876666104,47.49585669747498
2022-04-08,1658,2022-04-08,13.25,39.7083333333333,45.5833333333333,9.29166666666667,-1122852.5,-2762927.5,3577,12.125478108061444,39.20768473012468,47.110372599529626
2022-04-15,1659,2022-04-15,10.625,41.5833333333333,46.2083333333333,9.25,-1122852.5,-2762927.5,3577,11.878039143517256,40.34267899282774,46.26302528739916
2022-04-16,1660,2022-04-16,10.9583333333333,41.4583333333333,46.0833333333333,8.54166666666667,-1122852.5,-2762927.5,3577,11.875635973931416,40.61748197622201,46.01607074555301
2022-04-23,1661,2022-04-23,11.7916666666667,38.0833333333333,48.625,9.25,-1122852.5,-2762927.5,3577,11.29954913507376,39.75621991526967,47.43200942503637
2022-04-24,1662,2022-04-24,10.625,39.1666666666667,48.7083333333333,9.04166666666667,-1122852.5,-2762927.5,3577,10.306019831560086,38.25557762670192,49.857178296412314
2022-05-02,1663,2022-05-02,9.375,40.3333333333333,48.625,8.625,-1122852.5,-2762927.5,3577,9.912039843539912,39.48483044302887,49.00764341436984
2022-05-09,1664,2022-05-09,9.70833333333333,37.75,50.9166666666667,8.95833333333333,-1122852.5,-2762927.5,3577,9.193686086873571,40.085784313719515,49.07160435023479
2022-05-10,1665,2022-05-10,9.0,39.5,49.8333333333333,8.66666666666667,-1122852.5,-2762927.5,3577,7.949759863458368,41.738726572698674,48.66542899823908
2022-05-25,1666,2022-05-25,5.54166666666667,44.7916666666667,47.9166666666667,11.0416666666667,-1122852.5,-2762927.5,3577,6.701108489033182,43.6090826098501,48.03488835724961
2022-06-02,1667,2022-06-02,6.375,49.2916666666667,42.7916666666667,10.3333333333333,-1122852.5,-2762927.5,3577,5.7905525846693635,44.89740883470864,47.67005491927381
2022-06-03,1668,2022-06-03,5.33333333333333,44.8333333333333,48.25,10.9166666666667,-1122852.5,-2762927.5,3577,5.828153528617056,45.27034394912977,47.292350451399116
2022-06-11,1669,2022-06-11,5.875,41.9166666666667,50.5833333333333,9.79166666666667,-1122852.5,-2762927.5,3577,6.503357581529981,45.15029552490179,46.774677592782055
2022-06-19,1670,2022-06-19,7.33333333333333,45.375,45.75,10.4583333333333,-1122852.5,-2762927.5,3577,7.752171332278532,43.97445640014642,46.674099893907155
2022-06-26,1671,2022-06-26,9.95833333333333,41.75,46.625,10.125,-1122852.5,-2762927.5,3577,9.169343169728787,42.385819675674014,46.84357386678667
2022-06-27,1672,2022-06-27,10.375,41.4583333333333,46.5833333333333,9.79166666666667,-1122852.5,-2762927.5,3577,10.57857841332914,40.864072073431274,46.92501010340864
2022-07-04,1673,2022-07-04,12.8333333333333,40.9583333333333,44.625,10.625,-1122852.5,-2762927.5,3577,11.097911118807282,40.57367735463102,46.71222495254303
2022-07-05,1674,2022-07-05,10.75,39.9583333333333,47.5833333333333,9.54166666666667,-1122852.5,-2762927.5,3577,11.441467845877895,40.90031266462542,46.03574083294757
2022-07-12,1675,2022-07-12,10.625,40.375,47.3333333333333,9.79166666666667,-1122852.5,-2762927.5,3577,11.198234428108913,40.96610033412824,46.24392622340847
2022-07-13,1676,2022-07-13,10.7083333333333,41.9583333333333,45.9166666666667,9.79166666666667,-1122852.5,-2762927.5,3577,11.16276602654144,40.81127541188848,46.44166540373276
2022-07-20,1677,2022-07-20,11.7916666666667,40.0833333333333,46.5,9.75,-1122852.5,-2762927.5,3577,11.160550491818167,41.24199484725181,46.019993937943724
2022-07-21,1678,2022-07-21,10.5,43.3333333333333,44.6666666666667,9.5,-1122852.5,-2762927.5,3577,11.550866187474359,41.11291378899121,45.79059408083492
2022-08-05,1679,2022-08-05,13.0833333333333,40.3333333333333,44.8333333333333,9.91666666666667,-1122852.5,-2762927.5,3577,11.969624371005665,40.81494735241262,45.65181719500259
2022-08-06,1680,2022-08-06,12.9583333333333,39.8333333333333,45.8333333333333,9.5,-1122852.5,-2762927.5,3577,13.038941725253538,41.077178996122214,44.29947206514723
2022-08-13,1681,2022-08-13,13.75,38.8333333333333,45.625,9.70833333333333,-1122852.5,-2762927.5,3577,13.617708950086783,39.85443719581296,44.87845061452884
2022-08-14,1682,2022-08-14,12.7916666666667,41.25,44.4166666666667,9.79166666666667,-1122852.5,-2762927.5,3577,14.059281477707165,39.050151143327426,45.20037128483081
2022-08-21,1683,2022-08-21,14.875,39.25,44.2083333333333,9.66666666666667,-1122852.5,-2762927.5,3577,14.106083628981647,38.97668048512128,45.239391256647934
2022-08-22,1684,2022-08-22,14.5416666666667,38.875,44.6666666666667,9.58333333333333,-1122852.5,-2762927.5,3577,14.054965444433671,39.102032614259244,45.173361630734746
2022-08-29,1685,2022-08-29,14.75,39.0,44.75,9.75,-1122852.5,-2762927.5,3577,13.694950308136452,39.74957111470518,44.928852578294
2022-08-30,1686,2022-08-30,12.0869565217391,35.9130434782609,50.304347826087,9.34782608695652,-1122855.0,-2762925.0,3577,13.680611184479105,40.21707820043134,44.471168279598174
2022-09-06,1687,2022-09-06,13.4583333333333,45.875,39.2083333333333,11.8333333333333,-1122852.5,-2762927.5,3577,13.684415693112658,40.327517162465384,44.383532444351644
2022-09-07,1688,2022-09-07,13.7916666666667,40.75,43.9166666666667,10.0833333333333,-1122852.5,-2762927.5,3577,14.013433189279116,40.223162645218835,44.149138691651295
2022-09-14,1689,2022-09-14,15.125,39.1666666666667,44.0416666666667,9.91666666666667,-1122852.5,-2762927.5,3577,14.318196722286647,40.25079787959454,43.86707497643713
2022-09-15,1690,2022-09-15,15.0,39.375,43.9166666666667,9.66666666666667,-1122852.5,-2762927.5,3577,15.163851829955359,40.097442345417264,43.15839429896869
2022-09-22,1691,2022-09-22,16.0833333333333,39.2916666666667,42.9583333333333,9.91666666666667,-1122852.5,-2762927.5,3577,15.816769693264837,39.5372747401057,43.014659993385564
2022-09-23,1692,2022-09-23,16.4166666666667,37.875,44.25,9.625,-1122852.5,-2762927.5,3577,16.40570293102354,39.25314351148333,42.706418704679244
2022-10-08,1693,2022-10-08,16.5833333333333,40.9166666666667,41.0,10.3333333333333,-1122852.5,-2762927.5,3577,16.70441782832166,38.96904158119757,42.69913455772287
2022-10-09,1694,2022-10-09,16.7916666666667,40.5,41.0,9.75,-1122852.5,-2762927.5,3577,17.201362878604908,40.19281466726688,41.0284898280193
2022-10-16,1695,2022-10-16,18.1666666666667,40.0833333333333,40.0,10.2916666666667,-1122852.5,-2762927.5,3577,17.799893733714626,40.110517836131045,40.52718360070696
2022-10-17,1696,2022-10-17,17.7916666666667,38.9166666666667,41.7916666666667,9.95833333333333,-1122852.5,-2762927.5,3577,18.313316843112887,40.32749951286501,39.80185487886133
2022-10-24,1697,2022-10-24,19.1666666666667,41.7916666666667,37.625,10.375,-1122852.5,-2762927.5,3577,18.70555399192892,40.48049319101346,39.266820382913586
2022-10-25,1698,2022-10-25,18.9583333333333,39.75,39.875,9.75,-1122852.5,-2762927.5,3577,18.64779132116316,40.174601456329206,39.64509497210142
2022-11-01,1699,2022-11-01,18.7083333333333,41.3333333333333,38.3333333333333,10.2916666666667,-1122852.5,-2762927.5,3577,19.181783000278593,41.24556261591249,38.130578528792626
2022-11-02,1700,2022-11-02,18.5416666666667,40.375,39.5833333333333,9.75,-1122852.5,-2762927.5,3577,18.587215931640397,41.96059397258461,38.02228705246712
2022-11-09,1701,2022-11-09,17.0416666666667,42.4166666666667,39.125,10.2083333333333,-1122852.5,-2762927.5,3577,17.408471172787454,41.44566978428587,39.687942475475225
2022-11-10,1702,2022-11-10,17.125,40.4583333333333,40.9583333333333,9.70833333333333,-1122852.5,-2762927.5,3577,16.132275361375108,40.296906911451956,42.041452871167934
2022-11-17,1703,2022-11-17,15.3333333333333,41.7916666666667,41.4166666666667,9.41666666666667,-1122852.5,-2762927.5,3577,14.914465565392124,39.15154762677397,44.39058812703659
2022-11-18,1704,2022-11-18,15.0833333333333,40.9583333333333,42.4583333333333,9.58333333333333,-1122852.5,-2762927.5,3577,13.907876695026317,39.122425433178094,45.41088606954801
2022-11-25,1705,2022-11-25,8.54166666666667,31.3333333333333,58.25,13.7083333333333,-1122852.5,-2762927.5,3577,13.256815295125996,38.970021722337876,46.2044805040092
2022-11-26,1706,2022-11-26,15.125,39.6666666666667,43.7083333333333,9.54166666666667,-1122852.5,-2762927.5,3577,13.147359219725658,39.58587903324154,45.687882937489114
2022-12-03,1707,2022-12-03,14.375,43.125,40.9166666666667,10.0833333333333,-1122852.5,-2762927.5,3577,13.365699445031813,40.4486881797193,44.62740768003259
2022-12-04,1708,2022-12-04,13.7916666666667,43.875,41.0,9.375,-1122852.5,-2762927.5,3577,13.693118671831805,41.525807912411636,43.25738812270674
2022-12-11,1709,2022-12-11,13.4583333333333,42.6666666666667,42.2916666666667,9.875,-1122852.5,-2762927.5,3577,14.044575007034215,42.28897121969247,42.1534546464824
2022-12-12,1710,2022-12-12,14.75,39.9166666666667,43.8333333333333,8.125,-1122852.5,-2762927.5,3577,14.117622702372921,42.35424920795808,42.00723566938109
2022-12-27,1711,2022-12-27,13.5416666666667,42.0416666666667,42.8333333333333,9.70833333333333,-1122852.5,-2762927.5,3577,13.503626404553192,42.82920175798793,42.163800724552914
2023-01-04,1712,2023-01-04,12.7916666666667,40.3333333333333,45.25,9.375,-1122852.5,-2762927.5,3577,13.503679627903633,38.79563496358583,46.06660045320345
2023-01-05,1713,2023-01-05,12.9583333333333,40.0,45.4583333333333,9.41666666666667,-1122852.5,-2762927.5,3577,13.588225371118089,38.81715794524812,45.965772875208714
2023-01-12,1714,2023-01-12,12.6666666666667,40.5,45.2083333333333,9.625,-1122852.5,-2762927.5,3577,12.706128623696388,40.359336097333156,45.320127627783386
2023-01-13,1715,2023-01-13,12.7916666666667,40.0,45.6666666666667,9.33333333333333,-1122852.5,-2762927.5,3577,11.650921575842435,42.62716534567148,44.165091288290434
2023-01-20,1716,2023-01-20,11.8333333333333,42.8333333333333,43.75,9.58333333333333,-1122852.5,-2762927.5,3577,10.846741171625084,43.94511046756503,43.67438136671005
2023-01-21,1717,2023-01-21,11.5833333333333,40.125,46.5416666666667,9.08333333333333,-1122852.5,-2762927.5,3577,10.079441266651031,45.17527683978565,43.2279317364105
2023-01-29,1718,2023-01-29,3.0,63.5454545454545,32.4545454545455,18.3636363636364,-1122835.90909091,-2762930.45454545,3577,9.439480006720729,46.12278946550158,42.92736306801006
2023-02-05,1719,2023-02-05,11.0416666666667,41.1666666666667,46.0833333333333,9.5,-1122852.5,-2762927.5,3577,9.031045357864251,46.57937791625871,42.87543881700227
2023-02-06,1720,2023-02-06,10.6666666666667,42.4583333333333,45.2916666666667,9.16666666666667,-1122852.5,-2762927.5,3577,8.972055106343035,46.32337633198699,43.17606522376254
2023-02-13,1721,2023-02-13,9.79166666666667,42.6666666666667,45.9583333333333,8.95833333333333,-1122852.5,-2762927.5,3577,9.394156858649893,45.11972342100045,43.93429131354821
2023-02-14,1722,2023-02-14,9.70833333333333,45.3333333333333,43.4166666666667,9.45833333333333,-1122852.5,-2762927.5,3577,10.442728041509,42.71996245999715,45.256308896498446
