time,Unnamed: 0,time_ymd,pv,npv,bs,ue,x,y,spatial_ref,pv_filter,npv_filter,bs_filter
1987-09-16,1,1987-09-16,10.2,44.4,43.75,7.1,539730.0,-2002095.0,3577,10.121345029239793,43.65212418300655,44.65825593395254
1987-10-18,2,1987-10-18,10.4,42.35,45.95,7.05,539730.0,-2002095.0,3577,9.860203204088672,45.43045051353877,43.233681630546954
1987-11-03,3,1987-11-03,10.4,48.75,39.4,6.8,539730.0,-2002095.0,3577,10.979582534768312,46.17821500395032,41.442523021354276
1987-11-19,4,1987-11-19,11.6,51.4,35.7,7.6,539730.0,-2002095.0,3577,12.81033825135995,46.25538497450263,39.59393506390409
1987-12-05,5,1987-12-05,16.45,34.55,47.55,7.35,539730.0,-2002095.0,3577,14.807732910364523,45.96265172735761,37.9322894339922
1987-12-21,6,1987-12-21,13.95,52.6,32.1,7.35,539730.0,-2002095.0,3577,16.55143639470269,45.541430546577594,36.637174525680706
1988-01-06,7,1988-01-06,19.45,48.6,30.75,8.0,539730.0,-2002095.0,3577,17.74552591371482,45.17386069812538,35.82339545129791
1988-01-22,8,1988-01-22,21.25,34.45,43.15,7.9,539730.0,-2002095.0,3577,18.218486003158205,44.982805429857535,35.54097404143313
1988-02-07,9,1988-02-07,16.55,54.65,27.75,6.45,539730.0,-2002095.0,3577,17.64470761436442,44.70170495138868,36.407653337369254
1988-02-23,10,1988-02-23,17.5,40.05,40.95,7.55,539730.0,-2002095.0,3577,16.442860854313505,46.16621381713571,36.115348892588074
1988-03-10,11,1988-03-10,12.35,47.15,39.1,7.2,539730.0,-2002095.0,3577,15.035767174000222,46.43358483620948,37.21553508410537
1988-04-11,12,1988-04-11,12.2,48.9,37.55,8.1,539730.0,-2002095.0,3577,14.044288683450674,45.53571304855454,39.03130507263051
1988-04-27,13,1988-04-27,14.9,43.9,39.8,8.4,539730.0,-2002095.0,3577,12.73831323475096,46.094854835560014,39.74078135486211
1988-05-13,14,1988-05-13,14.15,47.55,37.0,8.0,539730.0,-2002095.0,3577,12.618073567297689,46.65282751303725,39.31048409793952
1988-05-29,15,1988-05-29,11.4,46.65,40.45,7.9,539730.0,-2002095.0,3577,12.270460499251236,45.889479096747785,40.41441035743838
1988-06-14,16,1988-06-14,11.05,42.95,44.5,7.9,539730.0,-2002095.0,3577,11.29889800601706,47.49759250037178,39.76792851111142
1988-06-30,17,1988-06-30,10.4,49.6,38.6,7.8,539730.0,-2002095.0,3577,10.476433782933766,46.697498322104344,41.368875706330826
1988-08-01,18,1988-08-01,8.75,47.65,42.2,7.45,539730.0,-2002095.0,3577,9.052158522590606,47.55413734871229,41.96338522158329
1988-09-02,19,1988-09-02,8.45,54.45,35.65,7.1,539730.0,-2002095.0,3577,7.791678754680686,49.72035874341633,41.108127476232795
1988-09-18,20,1988-09-18,6.45,42.85,49.25,7.05,539730.0,-2002095.0,3577,6.974799194612393,50.325094719514446,41.34036242394758
1988-10-04,21,1988-10-04,7.2,52.0,39.6,7.25,539730.0,-2002095.0,3577,6.41176254086375,50.90184351251702,41.33930156530158
1988-10-20,22,1988-10-20,6.15,53.5,39.1,7.3,539730.0,-2002095.0,3577,6.1008898222511405,51.82534153152574,40.72175626230745
1988-11-05,23,1988-11-05,5.65,54.8,38.1,7.0,539730.0,-2002095.0,3577,6.473998138083859,52.8242958280031,39.36816016799949
1988-11-21,24,1988-11-21,6.35,53.8,38.45,6.3,539730.0,-2002095.0,3577,7.33896057502759,53.8475957478973,37.44657277706254
1989-01-08,25,1989-01-08,9.15,47.1,42.3,7.95,539730.0,-2002095.0,3577,8.388253696766377,53.67402303577972,36.57942583731511
1989-01-24,26,1989-01-24,10.05,57.55,31.15,6.8,539730.0,-2002095.0,3577,9.412737881312328,53.181055013090415,36.033095542223286
1989-02-09,27,1989-02-09,9.7,55.8,33.2,6.9,539730.0,-2002095.0,3577,9.863268310635258,51.15716404337931,37.60299638441491
1989-02-25,28,1989-02-25,10.1,47.6,40.85,7.0,539730.0,-2002095.0,3577,9.926451103075006,50.33465976746959,38.397110783947156
1989-04-14,29,1989-04-14,9.2,46.7,42.65,8.8,539730.0,-2002095.0,3577,9.0060014289103,50.25714564072947,39.36814501287597
1989-04-30,30,1989-04-30,7.5,50.45,40.9,8.0,539730.0,-2002095.0,3577,7.6440602740900925,50.04616250621695,40.89657277706202
1989-05-16,31,1989-05-16,5.9,50.7,41.8,8.05,539730.0,-2002095.0,3577,6.0899348329679786,50.017944748742224,42.49690294225263
1989-06-01,32,1989-06-01,4.65,51.45,42.55,6.25,539730.0,-2002095.0,3577,4.8720149819213745,49.93331853903864,43.79625560197661
1989-06-17,33,1989-06-17,3.7,50.3,44.6,7.95,539730.0,-2002095.0,3577,3.691066054687794,50.984443265704996,43.97471475891871
1989-07-03,34,1989-07-03,2.6,52.35,43.65,7.9,539730.0,-2002095.0,3577,2.7123308579960876,50.603401242712565,45.354803091638416
1989-07-19,35,1989-07-19,2.85,46.85,49.15,7.75,539730.0,-2002095.0,3577,2.4514971097010774,49.771973846579414,46.425378336826505
1989-08-04,36,1989-08-04,1.55,50.2,46.95,7.5,539730.0,-2002095.0,3577,1.9230108900384657,48.36492671414549,48.36620515706481
1989-08-20,37,1989-08-20,1.9,46.6,50.0,7.35,539730.0,-2002095.0,3577,1.628351988568463,45.92888350039367,51.140511810163616
1989-09-05,38,1989-09-05,1.25,47.0,50.5,7.3,539730.0,-2002095.0,3577,1.5908841932059359,46.844890558351054,50.23494879732519
1989-09-21,39,1989-09-21,1.9,49.95,46.7,7.05,539730.0,-2002095.0,3577,1.2540063651516875,49.905991686324796,47.502789625228345
1989-10-07,40,1989-10-07,1.55,51.35,45.8,7.3,539730.0,-2002095.0,3577,1.0825293901143669,55.09770399877936,42.46904999025108
1989-11-08,41,1989-11-08,0.45,51.3,47.05,5.9,539730.0,-2002095.0,3577,1.3494901383444255,57.75295091904135,39.51248457424337
1989-11-24,42,1989-11-24,4.35,65.1,29.15,9.55,539730.0,-2002095.0,3577,3.1076630799536376,58.854514061780804,36.69722877740905
1989-12-10,43,1989-12-10,3.5,73.5,21.5,6.0,539685.0,-2002095.0,3577,5.268151507934004,60.03095325726007,33.35062352507674
1989-12-26,44,1989-12-26,5.85,52.4,40.35,6.85,539730.0,-2002095.0,3577,8.016838424731965,58.43015220073171,32.16892441922921
1990-02-28,45,1990-02-28,11.75,50.0,36.95,7.65,539730.0,-2002095.0,3577,10.255117019202173,55.6112754118863,32.74679469137184
1990-03-16,46,1990-03-16,13.45,43.6,41.55,7.8,539730.0,-2002095.0,3577,11.490182727487511,52.45988005801463,34.648799497710726
1990-04-01,47,1990-04-01,13.45,59.6,25.7,10.5,539730.0,-2002095.0,3577,11.397248262571637,49.114869341177794,38.073564052041334
1990-05-03,48,1990-05-03,8.3,49.15,40.9,7.85,539730.0,-2002095.0,3577,10.409976401306116,46.47206585982981,41.7062179306699
1990-07-06,49,1990-07-06,8.5,42.75,47.35,7.6,539730.0,-2002095.0,3577,8.779200675484194,46.13074758058589,43.66138582778797
1990-07-22,50,1990-07-22,4.9,47.55,46.15,7.75,539730.0,-2002095.0,3577,6.359101734178184,47.36845569290682,44.81604386325078
1990-08-07,51,1990-08-07,5.2,44.9,48.45,7.45,539730.0,-2002095.0,3577,4.852166100152992,45.63475394573784,48.05750070362355
1990-08-23,52,1990-08-23,5.45,43.2,49.85,7.3,539730.0,-2002095.0,3577,4.667776959881525,44.53535040809917,49.367289830904745
1990-09-08,53,1990-09-08,4.5,45.35,48.85,7.05,539730.0,-2002095.0,3577,4.554663448006419,44.44738898871361,49.58963822554413
1990-09-24,54,1990-09-24,2.9,48.05,47.55,7.05,539730.0,-2002095.0,3577,3.9372253133857136,46.95589209551356,47.68487518672565
1990-10-10,55,1990-10-10,4.95,48.9,44.65,6.95,539730.0,-2002095.0,3577,2.98719608564765,46.363932971046786,49.14424430058371
1990-10-26,56,1990-10-26,4.75,42.05,51.8,6.95,539730.0,-2002095.0,3577,2.9673006559999022,46.63391283638264,48.90182186234087
1990-11-11,57,1990-11-11,2.25,49.3,46.95,6.8,539730.0,-2002095.0,3577,3.8534770183371236,47.738230964075214,46.911923834672244
1990-11-27,58,1990-11-27,2.9,50.15,45.35,6.85,539730.0,-2002095.0,3577,5.97781939422717,48.57892680074617,43.976483578334594
1990-12-29,59,1990-12-29,8.35,46.6,43.5,7.55,539730.0,-2002095.0,3577,9.095841001102801,49.434630539731515,40.03269176643191
1991-01-30,60,1991-01-30,14.85,48.7,35.2,8.55,539730.0,-2002095.0,3577,12.67286908138112,50.397649873338935,35.51313840957273
1991-02-15,61,1991-02-15,17.6,56.15,25.0,10.15,539730.0,-2002095.0,3577,16.18956353244037,50.68340838727079,31.721296196059257
1991-03-03,62,1991-03-03,19.05,48.05,31.4,8.95,539730.0,-2002095.0,3577,18.845222888563725,50.10590941565425,29.66572668816808
1991-03-19,63,1991-03-19,18.85,49.6,30.15,8.55,539730.0,-2002095.0,3577,20.021078611787694,47.953248608969,30.643438914022568
1991-04-04,64,1991-04-04,20.1,46.4,31.95,8.6,539730.0,-2002095.0,3577,19.43593171534058,47.61015068522097,31.530362207447283
1991-04-20,65,1991-04-20,18.25,45.5,34.85,8.75,539730.0,-2002095.0,3577,18.03135919807477,46.919223191662,33.570394466209876
1991-05-06,66,1991-05-06,16.15,45.95,36.6,8.15,539730.0,-2002095.0,3577,16.748852540645707,46.9605815237324,34.81914849855506
1991-05-22,67,1991-05-22,14.7,48.6,35.15,8.45,539730.0,-2002095.0,3577,15.81402173677479,48.30647989780395,34.446053172828215
1991-06-07,68,1991-06-07,15.95,49.45,33.1,8.3,539730.0,-2002095.0,3577,15.046147351098663,49.574250362633045,34.00618762042403
1991-06-23,69,1991-06-23,14.05,52.75,31.85,8.4,539730.0,-2002095.0,3577,14.361626144750934,49.23028643182706,35.031961072977516
1991-07-09,70,1991-07-09,14.05,47.55,37.1,8.3,539730.0,-2002095.0,3577,13.596554374416119,48.44642014331693,36.56809305245292
1991-07-25,71,1991-07-25,13.5,49.5,35.7,7.9,539730.0,-2002095.0,3577,13.399087445060673,47.18755872609657,38.01398168394505
1991-08-10,72,1991-08-10,12.7,43.85,41.95,7.85,539730.0,-2002095.0,3577,12.809724176750127,47.08982008702667,38.67350559656484
1991-08-26,73,1991-08-26,11.7,44.55,42.35,7.65,539730.0,-2002095.0,3577,11.672010651885067,48.14812617722115,38.76532832492006
1991-09-11,74,1991-09-11,10.65,50.25,37.45,7.6,539730.0,-2002095.0,3577,10.612440191385975,49.49741929895989,38.44948797332124
1991-09-27,75,1991-09-27,11.2,51.6,35.85,7.55,539730.0,-2002095.0,3577,10.6280521336233,50.9475362099125,36.943328498121744
1991-11-14,76,1991-11-14,11.5,56.1,31.05,7.8,539730.0,-2002095.0,3577,11.079077269478091,51.88329688886189,35.59103357941835
1991-11-30,77,1991-11-30,9.55,53.45,35.5,8.5,539730.0,-2002095.0,3577,12.323677715471542,51.21531533481233,35.03739959730149
1992-01-17,78,1992-01-17,12.85,47.6,38.3,7.9,539730.0,-2002095.0,3577,13.540456602219285,50.548836303008315,34.538836086508944
1992-02-18,79,1992-02-18,16.55,46.35,35.5,8.3,539730.0,-2002095.0,3577,14.447925913094032,49.5645738162692,34.620889172741585
1992-03-05,80,1992-03-05,16.45,49.6,32.6,8.75,539730.0,-2002095.0,3577,14.692818636469692,49.57445712181814,34.36629175777269
1992-03-21,81,1992-03-21,13.0,49.6,36.25,7.8,539730.0,-2002095.0,3577,13.687883478748306,50.500597544862444,34.43113728376372
1992-04-06,82,1992-04-06,11.7,53.6,33.2,8.35,539730.0,-2002095.0,3577,12.06852497347673,51.73128125743452,34.84763363570893
1992-04-22,83,1992-04-22,8.5,55.75,34.45,8.05,539730.0,-2002095.0,3577,9.498372989238444,52.38540236852147,36.74396284829172
1992-05-08,84,1992-05-08,7.3,53.85,37.3,7.9,539730.0,-2002095.0,3577,6.278057546168064,53.53170993092793,38.77641105024426
1992-06-25,85,1992-06-25,4.55,51.25,42.85,8.05,539730.0,-2002095.0,3577,4.610322804130164,53.81064322673426,40.13947801423982
1992-07-11,86,1992-07-11,3.05,51.75,43.8,8.1,539730.0,-2002095.0,3577,3.888399835458078,54.630931607084435,39.991243586129244
1992-07-27,87,1992-07-27,4.2,54.5,39.75,8.05,539730.0,-2002095.0,3577,4.312118686266647,54.63030050444094,39.601874905274556
1992-08-28,88,1992-08-28,2.85,56.85,38.8,7.7,539730.0,-2002095.0,3577,4.174539392495423,55.246712420697975,39.18004070232587
1992-09-13,89,1992-09-13,6.05,62.1,30.5,8.9,539730.0,-2002095.0,3577,4.11372621186801,55.98992292536347,38.493712788753484
1992-09-29,90,1992-09-29,7.9,52.0,38.75,7.75,539730.0,-2002095.0,3577,4.901599948038843,57.02203446707239,36.68949533438149
1992-11-16,91,1992-11-16,4.8,55.35,38.55,7.65,539730.0,-2002095.0,3577,6.66598216025361,56.80690207624343,35.12940959968299
1992-12-02,92,1992-12-02,7.5,52.8,38.3,7.7,539730.0,-2002095.0,3577,8.839115373788978,54.932058498768555,34.83700556409014
1993-01-19,93,1993-01-19,7.0,58.95,32.55,8.25,539730.0,-2002095.0,3577,11.337934356663315,53.24326679511642,34.01311459437886
1993-03-08,94,1993-03-08,17.2,50.4,30.9,9.5,539730.0,-2002095.0,3577,14.258550737186379,51.64559960162903,32.67655394140975
1993-03-24,95,1993-03-24,20.05,51.0,27.6,8.8,539730.0,-2002095.0,3577,16.376877611550086,49.70586611530141,32.49330035289303
1993-04-09,96,1993-04-09,17.5,44.4,36.75,9.3,539730.0,-2002095.0,3577,18.07956764597361,48.26528394205691,32.24165602199176
1993-04-25,97,1993-04-25,17.6,46.4,34.6,9.25,539730.0,-2002095.0,3577,18.610632401651298,46.216439274200454,33.80457320613021
1993-05-11,98,1993-05-11,17.6,48.2,32.9,9.1,539730.0,-2002095.0,3577,17.828970101103664,46.092558145478364,34.75218469961828
1993-05-27,99,1993-05-27,16.9,42.95,38.8,8.1,539730.0,-2002095.0,3577,17.51023945094891,44.099274817492265,37.09813218022626
1993-06-12,100,1993-06-12,15.0,45.0909090909091,38.5454545454545,6.90909090909091,539720.454545455,-2002084.09090909,3577,16.459612678340868,44.8146339447145,37.41723491818625
1993-06-28,101,1993-06-28,17.0,48.15,33.65,8.9,539730.0,-2002095.0,3577,16.390260668121996,45.42210817608394,36.91293981840854
1993-07-30,102,1993-07-30,16.4,45.3,37.1,8.65,539730.0,-2002095.0,3577,15.02944532247713,46.893202238227595,36.79397062267324
1993-08-15,103,1993-08-15,15.75,44.3,38.55,8.5,539730.0,-2002095.0,3577,13.477636450235057,47.619121731062265,37.6120219493369
1993-08-31,104,1993-08-31,12.8,46.55,39.35,8.35,539730.0,-2002095.0,3577,12.680730260449728,49.84234991014432,36.13897356512916
1993-11-03,105,1993-11-03,7.8,61.55,29.25,8.25,539730.0,-2002095.0,3577,12.33210504665429,50.941657104497786,35.35441988351677
1993-12-05,106,1993-12-05,11.75,48.05,38.95,8.15,539730.0,-2002095.0,3577,12.227232674444469,51.215058780221405,35.17703674034418
1994-01-22,107,1994-01-22,11.85,50.15,36.4,8.45,539730.0,-2002095.0,3577,12.244782307473978,51.92000692804871,34.472405767601856
1994-03-11,108,1994-03-11,17.0,51.5,30.3,9.45,539730.0,-2002095.0,3577,12.427102773385744,52.25090281235012,33.984958539907026
1994-03-27,109,1994-03-27,12.55,52.85,33.2,8.8,539730.0,-2002095.0,3577,12.084150988328748,51.658432743719146,34.958766156438955
1994-04-12,110,1994-04-12,9.9,48.35,40.6,8.6,539730.0,-2002095.0,3577,11.495648314532046,51.14324297992265,36.06696940829529
1994-04-28,111,1994-04-28,8.8,56.0,33.95,8.5,539730.0,-2002095.0,3577,9.87615666067531,52.08852540647428,36.75311762540315
1994-05-14,112,1994-05-14,7.5,52.7,38.4,8.35,539730.0,-2002095.0,3577,7.838921604709909,54.21426097121882,36.66646495918394
1994-05-30,113,1994-05-30,6.65,52.1,39.9,8.4,539730.0,-2002095.0,3577,6.825469267573511,53.36909653812881,38.49298967286008
1994-06-15,114,1994-06-15,7.1,53.8,37.85,8.45,539730.0,-2002095.0,3577,5.928930048279007,52.61026651366423,40.08039251769303
1994-07-01,115,1994-07-01,6.55,54.1,37.9,8.15,539730.0,-2002095.0,3577,5.938440970793024,52.099789993280666,40.57960120374375
1994-07-17,116,1994-07-17,4.3,53.0,41.35,8.3,539730.0,-2002095.0,3577,5.553539803848571,52.607792981004934,40.44605858537143
1994-08-02,117,1994-08-02,5.8,49.4,43.4,8.0,539730.0,-2002095.0,3577,5.757759423238438,52.62451016474998,40.25018186147615
1994-08-18,118,1994-08-18,4.55,52.3,41.7,7.95,539730.0,-2002095.0,3577,4.945675377253584,54.675934746360014,39.04622637423911
1994-09-03,119,1994-09-03,4.05,57.55,37.2,7.55,539730.0,-2002095.0,3577,3.816009222974595,55.78058736927872,39.085598302620326
1994-10-05,120,1994-10-05,5.6,60.95,32.15,8.3,539730.0,-2002095.0,3577,2.926552858905362,58.114890991352894,37.640241182960025
1994-10-21,121,1994-10-21,4.05,58.7,35.95,7.7,539730.0,-2002095.0,3577,3.414408192426257,59.258702288414796,36.01009547727276
1994-11-06,122,1994-11-06,3.0,55.65,40.0,7.9,539730.0,-2002095.0,3577,5.483920413950555,58.10831583276536,35.05828444001295
1994-11-22,123,1994-11-22,2.9,59.6,36.2,7.95,539730.0,-2002095.0,3577,7.96221394704248,56.03285306024407,34.67012492151293
1995-01-09,124,1995-01-09,13.9,52.75,31.85,8.55,539730.0,-2002095.0,3577,11.635664335662597,52.712368745797406,34.32463248824965
1995-01-25,125,1995-01-25,16.95,52.85,28.9,8.15,539730.0,-2002095.0,3577,14.6380058022451,51.25830933771345,32.78441728549598
1995-03-30,126,1995-03-30,19.6,43.45,35.8,9.9,539730.0,-2002095.0,3577,16.69072506440678,51.22629305678076,30.830817943661636
1995-04-15,127,1995-04-15,16.8,52.2,29.8,9.55,539730.0,-2002095.0,3577,17.294670809064506,52.35109766393814,29.16288185498276
1995-05-17,128,1995-05-17,13.95,57.25,27.65,8.8,539730.0,-2002095.0,3577,16.735555002270768,52.706394379606316,29.378590140505256
1995-06-02,129,1995-06-02,15.45,54.4,28.85,9.2,539730.0,-2002095.0,3577,14.576609149362394,52.96996362769565,31.248634956370225
1995-07-03,130,1995-07-03,10.15,58.55,30.1,10.65,539730.0,-2002095.0,3577,12.36486284613035,55.073545649388805,31.31564766502379
1995-07-19,131,1995-07-19,11.65,52.35,34.8,8.65,539730.0,-2002095.0,3577,10.697470176880344,55.25663253154688,32.705687501348244
1995-08-20,132,1995-08-20,10.55,55.1,32.9,8.3,539730.0,-2002095.0,3577,9.303703262680198,59.28947368420168,30.06162614474858
1995-09-21,133,1995-09-21,9.5,56.95,32.05,7.8,539730.0,-2002095.0,3577,7.5893643508183235,61.58964580310409,29.490822490198884
1995-10-23,134,1995-10-23,4.15,66.4,28.2,7.7,539730.0,-2002095.0,3577,6.05529779817615,63.67238519992986,28.931508584290636
1995-11-08,135,1995-11-08,6.45,67.6,24.65,7.85,539730.0,-2002095.0,3577,5.738631492345806,63.07975925002846,29.836597458264826
1995-11-24,136,1995-11-24,4.4,60.9,33.4,8.45,539730.0,-2002095.0,3577,7.135606962695679,58.81703868885653,32.699443590460376
1995-12-26,137,1995-12-26,9.65,61.45,27.7,9.55,539730.0,-2002095.0,3577,8.9015880404412,52.2270692156063,37.55905735131181
1996-02-12,138,1996-02-12,9.85,29.35,59.25,7.4,539730.0,-2002095.0,3577,11.591416787545086,43.55802896792959,43.52974192989022
1996-04-01,139,1996-04-01,17.7,35.05,45.85,8.15,539730.0,-2002095.0,3577,14.048782177572646,35.55701357465532,49.02792223255887
1996-04-17,140,1996-04-17,17.2,30.85,50.7,7.8,539730.0,-2002095.0,3577,16.112128428844287,30.431935092766455,52.083451687623466
1996-05-03,141,1996-05-03,15.8,30.4,52.5,7.75,539730.0,-2002095.0,3577,16.73602697611736,29.407269046738335,52.507620862102186
1996-05-19,142,1996-05-19,14.7,31.9,52.0,7.75,539730.0,-2002095.0,3577,16.7623893134704,30.842474398661736,51.04240620060291
1996-06-04,143,1996-06-04,15.8,33.55,49.2,7.65,539730.0,-2002095.0,3577,16.016232219790197,33.05125354521145,49.58278161466275
1996-06-20,144,1996-06-20,15.8,34.35,48.6,7.65,539730.0,-2002095.0,3577,14.794617766132582,34.98324925847623,48.867039771366834
1996-07-06,145,1996-07-06,14.8,37.1,46.75,7.6,539730.0,-2002095.0,3577,13.193102253781397,34.136110329294084,51.26421117581342
1996-07-22,146,1996-07-22,12.0,33.15,53.35,7.6,539730.0,-2002095.0,3577,13.482008703368916,35.469637792542706,49.654830154358336
1996-08-23,147,1996-08-23,12.4,33.25,52.95,7.35,539730.0,-2002095.0,3577,12.392712550605435,34.35194743336645,51.8587791465423
1996-09-08,148,1996-09-08,11.6,33.3,53.75,6.95,539730.0,-2002095.0,3577,11.522890731557741,32.5756641191577,54.528387711351705
1996-09-24,149,1996-09-24,10.45,35.95,52.2,7.3,539730.0,-2002095.0,3577,11.814968571158754,33.15083930516872,53.63911356960091
1996-10-26,150,1996-10-26,15.4,37.9,45.35,7.5,539730.0,-2002095.0,3577,12.680970577408308,36.55743250556946,49.3716858992327
1996-11-11,151,1996-11-11,14.7,34.15,49.8,7.15,539730.0,-2002095.0,3577,14.337779557901253,41.22282578102396,43.061623979729
1996-11-27,152,1996-11-27,11.9,39.55,47.1,6.45,539730.0,-2002095.0,3577,17.008247273879412,45.631527347774394,36.015492144588926
1997-01-14,153,1997-01-14,23.45,55.1,20.2,12.15,539730.0,-2002095.0,3577,19.78017601593158,48.13630518088003,30.733366169429683
1997-01-30,154,1997-01-30,22.5,58.85,17.15,7.2,539730.0,-2002095.0,3577,22.590162159818234,49.43080170602651,26.644728182030697
1997-02-15,155,1997-02-15,22.6666666666667,47.5833333333333,28.5833333333333,14.0833333333333,539727.5,-2002087.5,3577,24.512649837259183,48.1525096162795,26.017876911526265
1997-03-19,156,1997-03-19,28.45,40.4,29.8,9.1,539730.0,-2002095.0,3577,25.28332596195996,46.64386310283446,26.77397602397201
1997-04-04,157,1997-04-04,27.15,40.6,31.0,8.75,539730.0,-2002095.0,3577,26.83541845151352,44.13259526850199,27.654851340605717
1997-04-20,158,1997-04-20,24.05,42.45,31.95,8.65,539730.0,-2002095.0,3577,26.193016220102095,41.81953407788696,30.595987036694535
1997-05-06,159,1997-05-06,24.8,43.3,30.6,8.7,539730.0,-2002095.0,3577,25.431750911623272,41.43192411303248,31.727180250085723
1997-05-22,160,1997-05-22,24.5,43.55,30.5,8.45,539730.0,-2002095.0,3577,25.484776523782003,43.9075124565771,29.215732719288724
1997-06-07,161,1997-06-07,25.4,49.7,23.4,10.0,539730.0,-2002095.0,3577,23.83267393081278,46.787511301900594,27.976325428952826
1997-07-09,162,1997-07-09,24.45,43.2,30.9,8.25,539730.0,-2002095.0,3577,22.473020477970678,44.62262427973835,31.55263544504558
1997-08-26,163,1997-08-26,15.7142857142857,46.7142857142857,36.6428571428571,8.71428571428571,539721.428571429,-2002101.42857143,3577,19.215364975578815,44.60773004085031,34.801338599475805
1997-09-11,164,1997-09-11,20.45,44.1,33.85,7.85,539730.0,-2002095.0,3577,15.387825951136339,45.96662176831769,37.27493187926066
1997-10-13,165,1997-10-13,11.15,46.35,41.1,8.05,539730.0,-2002095.0,3577,12.193119419278585,47.37446021470082,39.0396550817545
1997-10-29,166,1997-10-29,10.2,44.75,43.6,7.7,539730.0,-2002095.0,3577,11.501193852585324,49.49069568201956,37.64478833859076
1997-11-14,167,1997-11-14,11.05,47.7,39.85,7.75,539730.0,-2002095.0,3577,12.935508299747855,49.2034995963715,36.4436917571538
1997-11-30,168,1997-11-30,9.9,66.9,21.75,9.4,539730.0,-2002095.0,3577,16.094344819265018,49.973863752339255,32.49751734333293
1998-02-02,169,1998-02-02,27.05,42.65,29.1,9.2,539730.0,-2002095.0,3577,20.117363286864926,49.22669776043654,29.240304587049447
1998-02-18,170,1998-02-18,25.3,44.45,28.8,9.0,539730.0,-2002095.0,3577,23.103311239840295,49.06789155116596,26.4756268499263
1998-03-22,171,1998-03-22,26.4,46.5,25.65,9.5,539730.0,-2002095.0,3577,25.831779211496713,48.16916798371187,24.629387949508107
1998-04-07,172,1998-04-07,23.1,43.7,31.75,8.85,539730.0,-2002095.0,3577,25.0039175994247,48.322032302056044,25.348759444885687
1998-04-23,173,1998-04-23,22.7,57.9,18.3,11.45,539730.0,-2002095.0,3577,23.362601485198617,46.66732880122275,28.646822836601835
1998-05-09,174,1998-05-09,21.0,46.35,31.3,9.4,539730.0,-2002095.0,3577,20.606181125373094,47.714054212034696,30.392106345662178
1998-05-25,175,1998-05-25,16.95,49.85,31.95,9.25,539730.0,-2002095.0,3577,17.727764186275472,50.587611769028356,30.425070904323324
1998-06-10,176,1998-06-10,16.75,47.65,34.35,9.0,539730.0,-2002095.0,3577,16.95837645326556,49.98805992768094,31.808789971633516
1998-06-26,177,1998-06-26,15.0,49.3,34.35,7.65,539730.0,-2002095.0,3577,15.42608629760102,51.01943969342588,32.24714758924803
1998-07-12,178,1998-07-12,17.05,48.95,32.65,8.9,539730.0,-2002095.0,3577,14.624326138255839,51.98827751195395,32.042729870743656
1998-08-13,179,1998-08-13,11.5,63.15,24.1,6.85,539730.0,-2002095.0,3577,13.492538266684857,53.28038710514694,31.82388988719783
1998-08-29,180,1998-08-29,12.65,51.85,33.95,8.15,539730.0,-2002095.0,3577,11.913323518584896,55.88802095736245,30.77848946718456
1998-09-14,181,1998-09-14,11.5,55.35,31.65,7.85,539730.0,-2002095.0,3577,11.042996167917117,55.65337309748244,31.858368875701572
1998-09-30,182,1998-09-30,10.4,55.55,32.65,8.25,539730.0,-2002095.0,3577,10.340208707699421,56.230507263625796,31.973377860524785
1998-10-16,183,1998-10-16,10.25,55.0,33.35,8.6,539730.0,-2002095.0,3577,10.345570373896999,55.90647340274988,32.28507869838657
1998-11-01,184,1998-11-01,8.95,56.85,32.65,8.6,539730.0,-2002095.0,3577,10.622916711769612,55.46308103660216,32.45762735715811
1998-11-17,185,1998-11-17,13.15,54.15,31.4,8.95,539730.0,-2002095.0,3577,12.717247613066146,54.71195089739164,31.168881118876463
1998-12-03,186,1998-12-03,18.65,54.3,25.65,7.05,539730.0,-2002095.0,3577,15.453646972220515,54.75607179197692,28.429811210457117
1998-12-19,187,1998-12-19,15.9,55.45,27.2,8.85,539730.0,-2002095.0,3577,19.2973467708733,52.34245491349973,27.034847041499347
1999-01-20,188,1999-01-20,21.55,49.25,28.0,9.85,539730.0,-2002095.0,3577,23.014238238538205,50.993174781866855,24.69976509558184
1999-02-21,189,1999-02-21,26.85,48.75,23.2,10.5,539730.0,-2002095.0,3577,26.043362055896864,49.588552469195214,23.11042347744789
1999-04-10,190,1999-04-10,31.6,47.6,19.55,10.3,539730.0,-2002095.0,3577,27.937971161960796,48.41525254930104,22.415557816792855
1999-05-12,191,1999-05-12,27.6,48.25,22.8,10.4,539730.0,-2002095.0,3577,28.207277706809094,47.59362402302868,22.924682283657184
1999-05-28,192,1999-05-28,27.0,48.3,23.5,10.35,539730.0,-2002095.0,3577,27.985415358630995,47.56552101148914,23.137538158432534
1999-06-29,193,1999-06-29,26.0,49.25,23.3,10.15,539730.0,-2002095.0,3577,26.64427136330763,48.24759791291578,23.74926389399719
1999-07-15,194,1999-07-15,24.4,47.45,26.85,9.9,539730.0,-2002095.0,3577,24.37649115589928,49.22748056895928,24.99830262616267
1999-07-23,195,1999-07-23,22.9,49.45,26.2,9.85,539730.0,-2002095.0,3577,23.132066076335065,50.125280911031936,25.36173223061389
1999-07-31,196,1999-07-31,21.9,51.5,25.1,9.45,539730.0,-2002095.0,3577,22.12782588927769,50.4449381887387,26.056683409465894
1999-08-08,197,1999-08-08,22.05,53.95,22.8,9.55,539730.0,-2002095.0,3577,21.39710753642322,51.56209811859196,25.7176719565226
1999-08-16,198,1999-08-16,19.7,51.6,27.45,9.25,539730.0,-2002095.0,3577,20.33486652665915,54.29085063542457,24.061680270190607
1999-08-24,199,1999-08-24,20.75,55.25,22.65,9.25,539730.0,-2002095.0,3577,19.267604840976574,55.288089155418355,24.149482560779262
1999-09-09,200,1999-09-09,17.25,57.15,24.35,9.1,539730.0,-2002095.0,3577,17.616615427913104,57.879876160982064,23.20192361817402
1999-09-25,201,1999-09-25,15.3,58.0,25.4,8.7,539730.0,-2002095.0,3577,16.569628049966134,58.29625451946562,23.86909762064204
1999-10-19,202,1999-10-19,16.95,66.0,15.8,10.05,539730.0,-2002095.0,3577,15.415141050897258,60.51149624368534,22.834541774012045
1999-10-27,203,1999-10-27,15.35,59.6,23.65,9.95,539730.0,-2002095.0,3577,15.137800125568761,62.526457598120075,21.107183528542603
1999-11-12,204,1999-11-12,14.15,57.15,27.65,9.65,539730.0,-2002095.0,3577,16.28415531836341,63.78782394075559,18.738804693755448
1999-11-28,205,1999-11-28,17.55,69.6,11.75,11.55,539730.0,-2002095.0,3577,17.557131909964546,63.07051057952022,18.160601065869656
1999-12-14,206,1999-12-14,21.65,56.9,20.25,12.7,539730.0,-2002095.0,3577,20.014617743342143,60.43169836517474,18.32593936127148
1999-12-22,207,1999-12-22,20.15,68.3,10.2,8.6,539730.0,-2002095.0,3577,21.717806985255265,58.05225480889433,18.96414274986584
1999-12-30,208,1999-12-30,26.65,50.4,21.55,10.2,539730.0,-2002095.0,3577,23.86067359395991,56.19160645447894,18.66590837872944
2000-01-15,209,2000-01-15,25.8,51.45,21.5,10.3,539730.0,-2002095.0,3577,26.72223268013972,55.775815043673745,16.21487657689957
2000-01-31,210,2000-01-31,25.55,50.1,23.05,10.15,539730.0,-2002095.0,3577,28.086757441674216,53.408398274359,17.194186528801847
2000-03-19,211,2000-03-19,30.75,54.15,13.95,10.95,539730.0,-2002095.0,3577,28.88156521659431,51.53314562249754,18.325269060413785
2000-04-04,212,2000-04-04,28.8421052631579,59.3684210526316,10.4736842105263,9.1578947368421,539732.368421053,-2002091.84210526,3577,29.975842961010393,51.07472000053932,17.70949724871572
2000-05-06,213,2000-05-06,33.7,49.05,16.15,12.9,539730.0,-2002095.0,3577,30.762955807427346,49.389228239571196,18.63660725782005
2000-05-22,214,2000-05-22,29.0,46.3,23.35,10.75,539730.0,-2002095.0,3577,30.303836183365632,50.307826709701224,18.198839151720577
2000-06-07,215,2000-06-07,26.3,43.5,29.0,8.4,539736.0,-2002131.0,3577,30.240346300265198,48.546338328439596,20.049300357452807
2000-06-23,216,2000-06-23,31.2,51.85,15.9,12.7,539730.0,-2002095.0,3577,27.935284432037633,49.6507200962561,21.29684539836576
2000-07-25,217,2000-07-25,26.85,52.5,19.5,11.65,539730.0,-2002095.0,3577,24.447286948016554,51.17884663811876,23.217021140824098
2000-08-10,218,2000-08-10,22.1,56.15,20.7,10.8,539730.0,-2002095.0,3577,22.985780790820534,53.383785442185484,22.473813313943573
2000-08-26,219,2000-08-26,20.15,57.6,21.0,10.95,539730.0,-2002095.0,3577,20.766068020293368,57.35677354256423,20.63066536689334
2000-09-11,220,2000-09-11,19.65,56.7,22.35,10.15,539730.0,-2002095.0,3577,18.918147177896675,59.33282491501419,20.469424538306924
2000-09-27,221,2000-09-27,17.15,64.05,17.45,10.3,539730.0,-2002095.0,3577,21.567712009349655,62.614857433578734,14.545769555519698
2000-11-30,222,2000-11-30,26.9,58.85,12.9,13.2,539730.0,-2002095.0,3577,26.1057243066492,65.1119130095813,7.594334148822172
2001-01-01,223,2001-01-01,30.25,68.25,0.55,15.1,539730.0,-2002095.0,3577,30.091213275883703,66.45031717507504,2.3754378748183242
2001-01-17,224,2001-01-17,24.8,71.35,2.65,14.35,539730.0,-2002095.0,3577,30.526491155898363,65.17706055553379,3.2396025027599165
2001-03-06,225,2001-03-06,37.9,61.25,0.15,15.0,539730.0,-2002095.0,3577,27.419632379999797,62.125143432409686,9.395097317541738
2001-03-22,226,2001-03-22,35.25,61.4,2.25,14.25,539730.0,-2002095.0,3577,22.80794886227982,57.03764749181854,19.003366602434973
2001-04-23,227,2001-04-23,2.85,44.95,50.75,15.7,539730.0,-2002095.0,3577,16.64525969386402,51.91069518715802,30.177663512953117
2001-05-09,228,2001-05-09,3.75,44.75,49.95,14.85,539730.0,-2002095.0,3577,10.930567884126628,47.750542336912915,39.89131719672919
2001-05-25,229,2001-05-25,8.0,46.05,44.35,13.9,539730.0,-2002095.0,3577,8.251820779838123,44.41590313710393,45.803482430874965
2001-06-10,230,2001-06-10,11.75,45.05,41.8,13.8,539730.0,-2002095.0,3577,7.825130442311936,43.789376258409966,46.823434150981335
2001-06-26,231,2001-06-26,14.05,45.1,39.3,13.5,539730.0,-2002095.0,3577,9.004641797829304,44.33116109895633,45.08501699538178
2001-07-12,232,2001-07-12,10.55,46.65,41.3,13.25,539730.0,-2002095.0,3577,13.274528567405838,44.218152590437,41.00846305396777
2001-07-28,233,2001-07-28,16.0,41.85,40.6,12.95,539730.0,-2002095.0,3577,15.85777782588691,44.1412522461992,38.533356426849124
2001-08-13,234,2001-08-13,14.4,43.65,40.6,12.85,539730.0,-2002095.0,3577,14.36063348416075,42.90665851176046,41.282177574741056
2001-08-29,235,2001-08-29,13.5,41.95,43.0,12.05,539730.0,-2002095.0,3577,14.0402920608782,42.8896652882657,41.64478338997841
2001-09-14,236,2001-09-14,13.25,44.5,40.9,12.4,539730.0,-2002095.0,3577,13.928306162359807,44.76442118252595,39.89785013747266
2001-09-30,237,2001-09-30,15.5,44.4,38.75,12.05,539730.0,-2002095.0,3577,14.49331983805451,46.79177185043359,37.35206650933647
2001-10-16,238,2001-10-16,14.55,48.25,35.85,12.2,539730.0,-2002095.0,3577,14.512088376018095,47.45781571369098,36.64414579228273
2001-11-17,239,2001-11-17,15.45,51.1,32.05,11.7,539730.0,-2002095.0,3577,14.927115402654971,47.78214834700189,35.89301998310749
2001-12-03,240,2001-12-03,17.1,48.25,33.25,11.05,539730.0,-2002095.0,3577,17.45714131069908,47.062586330071554,34.11553400159701
2001-12-19,241,2001-12-19,19.85,47.1,31.65,11.0,539730.0,-2002095.0,3577,20.650605122428672,45.92762995517727,32.07768841065575
2002-01-20,242,2002-01-20,23.2666666666667,38.0,37.4,8.53333333333333,539739.0,-2002095.0,3577,24.403978941591404,44.06074823009149,30.16445149277515
2002-02-05,243,2002-02-05,25.65,41.0,31.95,10.45,539730.0,-2002095.0,3577,27.79727424278093,42.82946047759649,28.03479075104043
2002-03-09,244,2002-03-09,34.8,47.05,17.0,13.3,539730.0,-2002095.0,3577,30.4692058715233,41.749898244164456,26.451527419944522
2002-03-25,245,2002-03-25,33.2,41.65,23.8,10.95,539730.0,-2002095.0,3577,31.434703789497853,41.65003247525845,25.584153153344378
2002-04-10,246,2002-04-10,30.25,40.75,27.4,10.25,539730.0,-2002095.0,3577,30.943305765437366,41.97543246226829,25.69665721275244
2002-04-26,247,2002-04-26,28.0,42.15,28.55,10.2,539730.0,-2002095.0,3577,29.43988287254101,41.91104916754445,27.216187836926807
2002-05-12,248,2002-05-12,25.9,41.9,30.85,10.05,539730.0,-2002095.0,3577,27.47560530284578,41.80055099698437,29.269757951022925
2002-05-28,249,2002-05-28,25.8,39.95,32.65,9.9,539730.0,-2002095.0,3577,25.2495453462908,41.187980904538215,32.087490528043006
2002-06-13,250,2002-06-13,24.35,41.8,32.35,9.75,539730.0,-2002095.0,3577,24.037634501717598,40.83008183766087,33.65014072614189
2002-06-29,251,2002-06-29,24.1,41.9,32.5,9.55,539730.0,-2002095.0,3577,23.797944315742615,41.54958756413244,33.17866591612226
2002-07-15,252,2002-07-15,23.4,42.75,32.55,9.55,539730.0,-2002095.0,3577,23.25223213318841,42.09622420922101,33.20639113208277
2002-07-31,253,2002-07-31,21.5,43.65,33.4,9.35,539730.0,-2002095.0,3577,22.425228950612592,43.762478079189805,32.388873974318045
2002-08-16,254,2002-08-16,20.4,43.8,34.3,9.05,539730.0,-2002095.0,3577,20.63849617874077,45.37376756369886,32.63592630279449
2002-09-01,255,2002-09-01,20.3,46.35,32.05,8.65,539730.0,-2002095.0,3577,17.673149451165383,48.358337482943256,32.64354932992216
2002-10-03,256,2002-10-03,15.15,55.15,28.4,8.6,539730.0,-2002095.0,3577,14.878727619127872,51.39431574616565,32.366498516958075
2002-10-19,257,2002-10-19,15.55,53.35,29.9,8.5,539730.0,-2002095.0,3577,14.188571954359311,54.38523782718017,30.04036025893162
2002-12-06,258,2002-12-06,12.4,54.9,31.15,8.2,539730.0,-2002095.0,3577,15.781958907962744,56.05956071791148,26.769156076118016
2002-12-22,259,2002-12-22,14.05,55.9,28.65,9.2,539730.0,-2002095.0,3577,18.86465933447076,56.20055316199987,23.569134425942046
2003-01-23,260,2003-01-23,22.3,60.1,16.15,10.45,539730.0,-2002095.0,3577,22.394801792631267,54.659626750949855,21.58292667084914
2003-02-08,261,2003-02-08,31.35,49.8,17.5,10.25,539730.0,-2002095.0,3577,25.744296261010682,52.90127194785847,19.9873498018979
2003-03-12,262,2003-03-12,32.95,49.9,15.95,11.6,539730.0,-2002095.0,3577,28.404759791288054,50.78587650738594,19.47754551949307
2003-04-13,263,2003-04-13,26.15,48.05,24.55,9.7,539730.0,-2002095.0,3577,28.95713048560913,49.512331940497916,20.209609430813842
2003-04-29,264,2003-04-29,24.3,49.25,25.05,10.4,539730.0,-2002095.0,3577,27.38575959643662,49.10667258437422,22.212220442093283
2003-05-15,265,2003-05-15,23.65,50.55,24.4,10.4,539730.0,-2002095.0,3577,24.3525680080825,48.655804391073026,25.63493128615674
2003-05-31,266,2003-05-31,23.35,52.0,23.25,10.25,539730.0,-2002095.0,3577,21.819904535454,51.397290989825656,25.3902749954433
2003-07-10,267,2003-07-10,21.4,48.95,28.35,9.95,539730.0,-2002095.0,3577,20.496104687514844,53.16348538548618,24.961289229797615
2003-07-18,268,2003-07-18,18.0,55.25,25.35,9.8,539730.0,-2002095.0,3577,19.886628744893844,52.81272641944771,25.93718999387889
2003-08-03,269,2003-08-03,18.6,54.8,25.3,9.75,539730.0,-2002095.0,3577,19.116536086383896,52.773329402332614,26.80210127697434
2003-08-11,270,2003-08-11,20.95,51.15,26.5,9.3,539730.0,-2002095.0,3577,17.957694409030278,51.474251063079635,29.291599540502467
2003-08-19,271,2003-08-19,16.8333333333333,57.3333333333333,24.75,9.83333333333333,539730.0,-2002065.0,3577,17.169572990595732,51.63904157215167,29.94374534892208
2003-08-27,272,2003-08-27,13.8823529411765,42.2941176470588,42.6470588235294,9.82352941176471,539725.588235294,-2002098.52941176,3577,16.167486751999903,54.23582640951389,28.360276240328005
2003-09-12,273,2003-09-12,14.85,58.55,25.2,8.95,539730.0,-2002095.0,3577,14.98913969839806,56.810274982703206,26.98360476711012
2003-09-20,274,2003-09-20,15.5833333333333,60.6666666666667,22.6666666666667,8.83333333333333,539730.0,-2002125.0,3577,13.663981800689822,58.967589033157985,26.20171982527492
2003-09-28,275,2003-09-28,13.25,63.65,21.85,8.85,539730.0,-2002095.0,3577,12.39121566377345,63.59948795739824,22.83983780515265
2003-10-06,276,2003-10-06,10.15,72.75,15.95,11.4,539730.0,-2002095.0,3577,11.696947038572496,65.23944679659193,21.843378245772094
2003-10-14,277,2003-10-14,9.75,65.7,23.3,8.9,539730.0,-2002095.0,3577,11.497519165710852,68.09503185758771,19.179442181078365
2003-10-22,278,2003-10-22,11.5,61.15,26.2,8.8,539730.0,-2002095.0,3577,10.036306528715333,69.14732373571488,19.533670097933708
2003-11-07,279,2003-11-07,11.125,71.5625,15.9375,7.6875,539730.0,-2002080.0,3577,9.700408944238315,67.71397381452599,21.213952535805582
2003-11-15,280,2003-11-15,10.05,72.75,15.65,8.8,539730.0,-2002095.0,3577,9.853345854350579,70.10686193320595,18.66822593041354
2003-11-23,281,2003-11-23,9.85,65.8,23.05,9.35,539730.0,-2002095.0,3577,11.218511261698435,71.60937777391815,15.857174627915295
2003-12-01,282,2003-12-01,11.1,81.05,6.7,10.95,539730.0,-2002095.0,3577,12.300743503141035,72.94374535422207,13.523689172023065
2003-12-09,283,2003-12-09,13.3,64.25,21.0,9.4,539730.0,-2002095.0,3577,13.835307649005259,73.91960721166274,11.1059345839902
2003-12-17,284,2003-12-17,20.3333333333333,78.5,0.444444444444444,10.1111111111111,539733.333333333,-2002088.33333333,3577,16.085340485105867,71.70803410984227,11.107158660910873
2003-12-25,285,2003-12-25,16.5833333333333,73.0833333333333,9.41666666666667,11.9166666666667,539730.0,-2002065.0,3577,19.329123095683656,69.19529036493947,10.408868633944477
2004-01-02,286,2004-01-02,23.3,61.55,13.8,11.55,539730.0,-2002095.0,3577,22.404914048796137,68.00297175733465,8.489403772181142
2004-01-18,287,2004-01-18,22.15,64.6,12.15,18.65,539730.0,-2002095.0,3577,25.0242658785965,65.31860616163046,8.503486520358313
2004-01-26,288,2004-01-26,29.25,62.2,7.2,12.0,539730.0,-2002095.0,3577,26.96077457114206,62.036619469272736,9.857157548332546
2004-02-11,289,2004-02-11,29.25,60.9,8.7,12.65,539730.0,-2002095.0,3577,28.50612375240432,60.195268353928086,10.118326152689967
2004-02-27,290,2004-02-27,30.35,61.95,6.65,13.75,539730.0,-2002095.0,3577,29.763950652026708,57.03022797634949,11.965137562813794
2004-03-06,291,2004-03-06,28.5,54.3,16.0,12.7,539730.0,-2002095.0,3577,30.586215693486665,56.61829367741834,11.598746815618147
2004-03-22,292,2004-03-22,29.8,51.55,17.45,12.9,539730.0,-2002095.0,3577,29.80413518369729,55.690423044439484,13.275429214746115
2004-03-30,293,2004-03-30,29.3,55.55,13.8,12.55,539730.0,-2002095.0,3577,28.83527571499277,54.028725454104375,15.848285306022877
2004-04-07,294,2004-04-07,28.95,54.6,14.95,12.05,539730.0,-2002095.0,3577,27.837510013202447,53.81149516117752,17.016233302298872
2004-04-23,295,2004-04-23,26.3,56.95,15.55,11.6,539730.0,-2002095.0,3577,26.57737231808042,54.957773495845785,17.13611790685838
2004-05-01,296,2004-05-01,24.3,55.05,19.4,11.85,539730.0,-2002095.0,3577,24.879530119000087,56.80675413337103,17.015260126867492
2004-05-09,297,2004-05-09,24.2,57.5,17.0,11.7,539730.0,-2002095.0,3577,24.026689255013842,58.60195392841577,16.130839593840278
2004-05-17,298,2004-05-17,24.05,56.35,18.4,11.75,539730.0,-2002095.0,3577,23.846719998264426,58.30920998505266,16.653569031585118
2004-05-25,299,2004-05-25,24.8,61.3,12.7,11.45,539730.0,-2002095.0,3577,24.769848160092135,57.09874140306723,16.950405940805886
2004-06-02,300,2004-06-02,21.6,59.8,17.6,9.8,539733.0,-2002119.0,3577,25.51316114225949,56.781939422797805,16.507246314054996
2004-06-10,301,2004-06-10,30.1,52.15,16.3,12.3,539730.0,-2002095.0,3577,26.775837320570155,55.36968867045438,16.623556474482783
2004-06-18,302,2004-06-18,29.0833333333333,52.0833333333333,17.75,12.25,539730.0,-2002125.0,3577,26.942411973986886,54.535741554618845,17.321082941823384
2004-06-26,303,2004-06-26,26.2,52.05,20.45,11.85,539730.0,-2002095.0,3577,26.884864361640524,53.51395570373098,18.380925112036916
2004-07-04,304,2004-07-04,24.95,55.8,17.95,11.8,539730.0,-2002095.0,3577,26.264819545775367,53.21357141309906,19.297596830411287
2004-07-12,305,2004-07-12,23.9,56.0,19.0,11.4,539730.0,-2002095.0,3577,25.12048034524439,53.16011424075644,20.487532745888817
2004-07-20,306,2004-07-20,25.65,50.9,22.2,11.75,539730.0,-2002095.0,3577,23.51001320660412,53.9035040810502,21.3299519366051
2004-07-28,307,2004-07-28,20.85,56.15,21.75,11.0,539730.0,-2002095.0,3577,22.382892030566705,54.60327891921503,21.726625386993657
2004-08-05,308,2004-08-05,24.0,52.55,22.0,11.45,539730.0,-2002095.0,3577,22.424454235132,54.24055222382585,21.97894736841777
2004-08-13,309,2004-08-13,20.0,54.7,24.0,11.15,539730.0,-2002095.0,3577,21.85985191278982,54.45038429062383,22.3200827036707
2004-08-21,310,2004-08-21,21.15,55.4,21.95,10.85,539730.0,-2002095.0,3577,20.899076619971332,54.80449132909614,22.89744311415796
2004-08-29,311,2004-08-29,20.75,57.35,20.55,10.15,539730.0,-2002095.0,3577,19.28072484790463,55.46604278074037,23.888076165317173
2004-09-06,312,2004-09-06,20.45,58.55,19.7,10.65,539730.0,-2002095.0,3577,19.047734309031775,58.98450821623315,20.64016107730969
2004-09-14,313,2004-09-14,15.45,57.8,25.5,10.4,539730.0,-2002095.0,3577,18.924426811575685,62.36043213751261,17.42173894216977
2004-09-22,314,2004-09-22,16.45,62.85,19.4,10.15,539730.0,-2002095.0,3577,17.219961462683344,64.60485396955019,16.932082313968326
2004-09-30,315,2004-09-30,15.6,63.9,19.3,9.65,539730.0,-2002095.0,3577,15.25382125614096,64.09410032690809,19.406059884385158
2004-10-08,316,2004-10-08,14.65,66.1,17.95,9.7,539730.0,-2002095.0,3577,12.091968867044457,58.45983242762554,28.146185238905495
2004-10-16,317,2004-10-16,13.55,60.95,24.1,9.75,539730.0,-2002095.0,3577,8.980200913636104,51.55318907098322,38.10683604320806
2004-10-24,318,2004-10-24,0.0,34.9,63.9,13.7,539730.0,-2002095.0,3577,5.609582368095461,44.25771287535332,48.788325142342615
2004-11-01,319,2004-11-01,0.4,31.4,66.75,10.75,539730.0,-2002095.0,3577,2.9977408040871056,37.225469267568975,58.45970577409332
2004-11-09,320,2004-11-09,2.0,29.5,67.0,9.75,539730.0,-2002155.0,3577,0.23057221416350998,31.483559938508794,66.98463270474653
2004-11-17,321,2004-11-17,0.0,27.7,71.05,9.55,539730.0,-2002095.0,3577,0.0,29.569237264279288,70.23112537616133
2004-11-25,322,2004-11-25,0.0,43.5,55.5,8.25,539730.0,-2002035.0,3577,0.0,30.701698456337827,69.16292515532969
2004-12-03,323,2004-12-03,0.3,31.05,67.25,9.05,539730.0,-2002095.0,3577,0.7268711164994888,34.423390850630284,63.48423109397393
2004-12-11,324,2004-12-11,2.2,32.9,63.3,8.5,539730.0,-2002095.0,3577,2.8651562060226503,37.49097512394165,58.23145987138926
2004-12-19,325,2004-12-19,1.7,36.9,59.85,9.1,539730.0,-2002095.0,3577,4.241484985601999,36.871168460017444,57.43128450496013
2005-01-12,326,2005-01-12,9.2,39.95,49.4,9.7,539730.0,-2002095.0,3577,7.022744592867381,36.66313083201079,54.81780294008577
2005-01-20,327,2005-01-20,12.25,36.55,49.85,8.15,539730.0,-2002095.0,3577,10.712926237847237,36.33740825737186,51.479503777948096
2005-01-28,328,2005-01-28,14.6,36.05,47.9,8.25,539730.0,-2002095.0,3577,14.549473900710119,35.658473879056785,48.370167139354955
2005-02-05,329,2005-02-05,13.8,33.25,51.5,8.35,539730.0,-2002095.0,3577,17.74397800341808,36.551332568354965,44.358474961564305
2005-02-13,330,2005-02-13,20.95,34.9,42.85,8.85,539730.0,-2002095.0,3577,19.877562839634173,35.60391435189664,43.15923704777549
2005-02-21,331,2005-02-21,22.4,38.3,38.05,9.1,539730.0,-2002095.0,3577,20.742553421807287,35.18429279698103,42.67543137975937
2005-03-01,332,2005-03-01,22.2,35.05,41.25,8.75,539730.0,-2002095.0,3577,20.080583039248765,35.507073112640555,43.006184372896215
2005-03-09,333,2005-03-09,18.65,34.15,45.65,8.6,539730.0,-2002095.0,3577,19.273344302753188,35.77848188962206,43.526534456249315
2005-03-25,334,2005-03-25,15.45,37.1,46.15,8.15,539730.0,-2002095.0,3577,17.84323431985704,34.754368644765925,45.97581314453692
2005-04-02,335,2005-04-02,15.85,33.35,49.3,7.75,539730.0,-2002095.0,3577,16.025485505204472,34.17594015890718,48.38294182596864
2005-04-18,336,2005-04-18,14.25,31.35,53.05,7.7,539730.0,-2002095.0,3577,14.237968996945199,32.5094643746298,51.844894888385596
2005-04-26,337,2005-04-26,13.9,33.3,51.45,7.6,539730.0,-2002095.0,3577,13.418327956870844,31.293263186756967,53.91381569925656
2005-05-04,338,2005-05-04,14.25,29.9,54.4,7.4,539730.0,-2002095.0,3577,12.822188183331779,31.790085301690464,54.03015761327649
2005-05-12,339,2005-05-12,12.55,30.55,55.6,7.45,539730.0,-2002095.0,3577,12.825756132410561,30.725799432760795,55.06404230443656
2005-05-20,340,2005-05-20,11.25,32.1666666666667,55.1666666666667,7.66666666666667,539730.0,-2002065.0,3577,12.502577814340656,30.594114760364064,55.43618177487319
2005-05-28,341,2005-05-28,11.7,27.65,59.1,7.15,539730.0,-2002095.0,3577,11.953418202023228,30.692515173160743,55.867005491919755
2005-06-05,342,2005-06-05,11.7,33.55,53.35,7.1,539730.0,-2002095.0,3577,11.82202147697327,29.47185910064727,57.25552512502122
2005-06-13,343,2005-06-13,13.2,29.7,55.6,7.2,539730.0,-2002095.0,3577,11.552333167346918,29.23646358800721,57.81917339625454
2005-06-29,344,2005-06-29,11.95,22.75,63.85,7.1,539730.0,-2002095.0,3577,11.430958308975171,28.027145712900044,59.21247519249731
2005-07-15,345,2005-07-15,9.2,31.7,57.8,6.85,539730.0,-2002095.0,3577,11.235221589554273,27.08978436423853,60.349837623667604
2005-07-23,346,2005-07-23,10.8333333333333,23.9166666666667,64.3333333333333,6.25,539730.0,-2002065.0,3577,10.682242886111258,26.065994428684046,61.96959124465937
2005-07-31,347,2005-07-31,11.2666666666667,26.4666666666667,60.9333333333333,5.8,539725.0,-2002111.0,3577,10.3305415430787,26.04518030988232,62.318300172470416
2005-08-08,348,2005-08-08,9.65,28.6,60.1,6.8,539730.0,-2002095.0,3577,10.085201021886824,26.016550477382516,62.54132260926991
2005-08-16,349,2005-08-16,9.9,22.45,66.25,6.7,539730.0,-2002095.0,3577,9.788801807066601,27.844573022432648,60.944519618659115
2005-08-24,350,2005-08-24,9.35,32.4,56.75,6.8,539730.0,-2002095.0,3577,9.809474478048866,29.19399532355753,59.525514011263624
2005-09-01,351,2005-09-01,9.7,27.7,61.3,6.8,539730.0,-2002095.0,3577,9.351222272737903,28.92513537373786,60.19454704221607
2005-09-09,352,2005-09-09,9.3,34.4,54.65,6.8,539730.0,-2002095.0,3577,8.49632560421907,31.413984209799942,58.563817503437235
2005-09-17,353,2005-09-17,7.35,31.6,59.6,7.2,539730.0,-2002095.0,3577,8.005071553831964,33.71564802585971,56.82590154942247
2005-09-25,354,2005-09-25,8.25,34.85,55.4,6.9,539730.0,-2002095.0,3577,8.260873921399007,33.53072328427865,56.73237639552582
2005-10-03,355,2005-10-03,8.5,32.8,57.3,6.8,539730.0,-2002095.0,3577,8.153018756268317,35.879976112633294,54.485993418338225
2005-10-11,356,2005-10-11,7.65,37.9,52.9,6.55,539730.0,-2002095.0,3577,9.169722228234797,37.272716447633485,52.163427439425845
2005-10-27,357,2005-10-27,10.2777777777778,46.8888888888889,41.6666666666667,9.11111111111111,539725.0,-2002096.66666667,3577,10.004649495669677,40.30229660260018,48.378488023836844
2005-11-04,358,2005-11-04,12.5,35.85,50.35,7.65,539730.0,-2002095.0,3577,11.062148996512672,43.30003355776703,44.41922210915355
2005-11-12,359,2005-11-12,13.5,40.8,44.4,8.1,539724.0,-2002131.0,3577,12.395925075954187,46.75553631094728,39.65685011582252
2005-11-20,360,2005-11-20,12.3,60.9,25.8,7.5,539724.0,-2002131.0,3577,14.410204930945813,47.18186857861075,37.21419241232927
2005-12-14,361,2005-12-14,18.0,39.65,41.15,8.55,539730.0,-2002095.0,3577,16.72030714383406,46.50896497722428,35.495497845802134
2006-01-23,362,2006-01-23,15.85,49.85,32.9,7.8,539730.0,-2002095.0,3577,19.34667056369554,45.15949432403866,34.16011387992302
2006-02-08,363,2006-02-08,23.6,43.8,31.2,8.5,539730.0,-2002095.0,3577,21.775225823364984,44.08281577383086,32.77480641133401
2006-02-16,364,2006-02-16,25.85,36.7,35.95,8.2,539730.0,-2002095.0,3577,24.165256518503682,42.66538930624981,31.806910736317747
2006-03-04,365,2006-03-04,26.75,38.15,33.65,8.7,539730.0,-2002095.0,3577,26.203754522654272,40.190864134948455,32.218503195943285
2006-03-20,366,2006-03-20,25.55,45.95,27.3,10.9,539730.0,-2002095.0,3577,27.532028761618527,39.889842501328076,31.229422398758473
2006-04-13,367,2006-04-13,28.3,42.75,27.85,9.9,539730.0,-2002095.0,3577,27.65056936779798,41.67183343881865,29.385371708054443
2006-04-21,368,2006-04-21,26.6,38.65,33.35,9.4,539730.0,-2002095.0,3577,27.31155208841015,40.916920822751536,30.486092436060567
2006-05-15,369,2006-05-15,27.55,40.25,30.7,9.5,539730.0,-2002095.0,3577,26.500349936892146,41.77065898042326,30.38311709688509
2006-05-23,370,2006-05-23,27.15,42.45,29.1,9.7,539730.0,-2002095.0,3577,26.633456940978917,40.754133528093924,31.23647446615928
2006-05-31,371,2006-05-31,25.35,39.55,33.75,9.6,539730.0,-2002095.0,3577,26.564673056860862,39.165127232986976,32.82819550236196
2006-06-08,372,2006-06-08,24.7058823529412,39.9411764705882,33.7647058823529,9.0,539727.352941177,-2002105.58823529,3577,25.915558389885245,39.32980006698231,33.27830200212693
2006-06-16,373,2006-06-16,26.8,38.7,33.05,9.15,539730.0,-2002095.0,3577,25.388066072514114,40.26111112525554,32.86650440707953
2006-06-24,374,2006-06-24,27.375,37.75,33.375,9.0,539730.0,-2002140.0,3577,25.638892217776572,39.94147575243318,32.9563709783156
2006-07-02,375,2006-07-02,24.35,40.85,33.45,9.2,539730.0,-2002095.0,3577,25.740220606610944,39.222868872979724,33.54627223614445
2006-07-10,376,2006-07-10,24.35,41.8,32.2,9.4,539730.0,-2002095.0,3577,25.966766139768502,38.90459459002031,33.62986397552542
2006-07-18,377,2006-07-18,25.3,40.05,33.25,9.3,539730.0,-2002095.0,3577,25.671440039485162,38.93414786236343,33.9385649122602
2006-07-26,378,2006-07-26,27.9090909090909,34.8181818181818,35.8181818181818,8.81818181818182,539725.909090909,-2002127.72727273,3577,24.950574253560124,38.953456033869415,34.6751610043685
2006-08-03,379,2006-08-03,24.8,38.25,35.6,9.1,539730.0,-2002095.0,3577,24.50480824658328,39.367491490143344,34.71121717349365
2006-08-11,380,2006-08-11,22.65,40.85,35.0,9.0,539730.0,-2002095.0,3577,23.955693602762917,39.72991109649678,34.91787901093599
2006-08-19,381,2006-08-19,22.55,41.4,34.75,8.8,539730.0,-2002095.0,3577,22.946731069377513,39.72571981915604,35.91740669265462
2006-08-27,382,2006-08-27,22.5,42.45,33.7,8.75,539730.0,-2002095.0,3577,23.27073437398167,41.91711554698544,33.431604927575165
2006-09-04,383,2006-09-04,23.45,41.85,33.25,8.45,539730.0,-2002095.0,3577,23.10834506050879,42.35258178353521,33.16064972179028
2006-09-12,384,2006-09-12,22.55,41.05,34.95,8.35,539730.0,-2002095.0,3577,22.861559029202674,43.085640520463805,32.68985905734643
2006-09-20,385,2006-09-20,20.7,41.55,36.4,8.3,539730.0,-2002095.0,3577,21.695766307992166,41.798750784812654,35.13175539630123
2006-09-28,386,2006-09-28,22.45,42.3,33.95,8.35,539730.0,-2002095.0,3577,19.025939076400626,40.985121998738165,38.61695641818904
2006-10-06,387,2006-10-06,18.85,42.55,37.35,8.3,539730.0,-2002095.0,3577,15.414440667689139,39.08507761587673,44.111316547223275
2006-10-22,388,2006-10-22,5.5,30.7,62.25,8.4,539730.0,-2002095.0,3577,12.37232674446112,36.104088635816986,50.12360951741008
2006-10-30,389,2006-10-30,10.0,39.5,49.0,8.0,539700.0,-2002155.0,3577,8.965503691353744,33.36328779579054,56.265879321908066
2006-11-07,390,2006-11-07,5.65,26.6,66.4,7.95,539730.0,-2002095.0,3577,6.24873238216798,31.80783952888741,60.49932992702987
2006-11-15,391,2006-11-15,7.2,32.9,58.5,7.25,539730.0,-2002095.0,3577,4.949386217496932,30.938411743051084,62.67409772888713
2006-11-23,392,2006-11-23,7.1,27.8,63.65,7.5,539730.0,-2002095.0,3577,5.7835296282656055,32.061565524254235,60.75345969818747
2006-12-01,393,2006-12-01,8.35,34.45,55.8,7.75,539730.0,-2002095.0,3577,9.062577670006656,32.79732512069483,56.76721189026843
2006-12-09,394,2006-12-09,7.5,38.0,53.2,8.35,539730.0,-2002095.0,3577,12.904247764617352,33.98500400527756,51.74121868842458
2007-01-26,395,2007-01-26,18.05,36.2,44.3,8.5,539730.0,-2002095.0,3577,16.27207235488726,34.85296066162419,47.48379267790324
2007-02-11,396,2007-02-11,22.25,33.4,43.1,9.35,539730.0,-2002095.0,3577,20.302539565694428,36.91886271622562,41.4157494208516
2007-02-19,397,2007-02-19,24.2,36.7,37.6,7.8,539730.0,-2002095.0,3577,22.359287925693252,37.274187577123186,38.98778605295051
2007-02-27,398,2007-02-27,23.7,33.9,40.95,8.05,539730.0,-2002095.0,3577,23.235582064990357,38.414377882174,36.946784948791816
2007-03-15,399,2007-03-15,21.35,44.2,33.1,9.15,539730.0,-2002095.0,3577,22.357082570351185,38.122829883163114,38.0798613477064
2007-03-23,400,2007-03-23,19.8,39.0,39.85,8.25,539730.0,-2002095.0,3577,20.88096915305338,36.997437644637586,40.6447937592736
2007-03-31,401,2007-03-31,17.05,36.15,45.25,8.15,539730.0,-2002095.0,3577,18.3177315514831,36.753545045465586,43.478042106168246
2007-04-08,402,2007-04-08,16.75,35.9,45.7,7.85,539730.0,-2002095.0,3577,16.635202959006893,37.18095502346209,44.734720444938624
2007-04-16,403,2007-04-16,17.05,33.05,48.6,7.45,539730.0,-2002095.0,3577,15.255444563581438,35.959014335829885,47.333760316586876
2007-04-24,404,2007-04-24,15.5,33.75,49.25,7.25,539730.0,-2002110.0,3577,14.705304122305343,35.821750280022584,47.97310808792901
2007-05-02,405,2007-05-02,14.2,37.95,46.45,7.3,539730.0,-2002095.0,3577,14.326353392409581,35.81538005744737,48.35668158628981
2007-05-10,406,2007-05-10,10.6315789473684,45.1052631578947,42.8421052631579,9.63157894736842,539727.631578947,-2002091.84210526,3577,14.198985860153686,37.55870935321245,46.742854587152635
2007-06-03,407,2007-06-03,15.5,33.15,49.6,7.65,539730.0,-2002095.0,3577,14.282159969733193,37.13013032266184,47.1078680159594
2007-06-11,408,2007-06-11,16.3,30.6,51.6,7.45,539730.0,-2002095.0,3577,14.50152400149739,37.13118001437472,46.88699342859471
2007-06-27,409,2007-06-27,15.55,41.5,41.6,9.05,539730.0,-2002095.0,3577,15.088012563177326,35.724865512517006,47.745326562518386
2007-07-05,410,2007-07-05,14.15,33.9,50.6,7.75,539730.0,-2002095.0,3577,15.671119519227002,34.21956378312393,48.6738390662548
2007-07-13,411,2007-07-13,16.05,34.0,48.5,7.7,539730.0,-2002095.0,3577,15.80933128302128,33.24158115796042,49.53822959669539
2007-07-21,412,2007-07-21,15.4,31.55,51.7,7.65,539730.0,-2002095.0,3577,15.715073078024943,33.94695933038265,48.94255631663244
2007-07-29,413,2007-07-29,15.75,36.3,46.4,7.65,539730.0,-2002095.0,3577,14.884312925136843,34.50123398679996,49.131654446247076
2007-08-06,414,2007-08-06,15.05,30.1,53.3,7.65,539730.0,-2002095.0,3577,15.08575511175906,34.05438323286111,49.29772827790668
2007-08-14,415,2007-08-14,14.6666666666667,39.0,44.6666666666667,7.33333333333333,539715.0,-2002155.0,3577,15.150938019666414,34.35529795281604,48.90130560872865
2007-08-22,416,2007-08-22,14.75,35.1,48.85,8.45,539730.0,-2002095.0,3577,14.854767214207726,36.80821802036422,46.775561744749815
2007-08-30,417,2007-08-30,14.55,36.65,46.95,7.6,539730.0,-2002095.0,3577,14.965827206846644,35.10678856746444,48.406120427552835
2007-09-07,418,2007-09-07,13.75,34.3,50.45,7.5,539730.0,-2002095.0,3577,14.009135858978965,36.481284118352974,48.036322604117295
2007-09-15,419,2007-09-15,15.7142857142857,40.2857142857143,42.8571428571429,7.42857142857143,539723.571428571,-2002142.14285714,3577,13.562126109182902,36.8579322380351,48.1574096955604
2007-09-23,420,2007-09-23,12.0,36.35,50.15,7.4,539730.0,-2002095.0,3577,12.486337501505908,39.51419455157256,46.60079989669077
2007-10-01,421,2007-10-01,11.85,39.25,47.6,7.1,539730.0,-2002095.0,3577,11.874005200164413,40.77831966794206,45.95159084980379
2007-10-17,422,2007-10-17,11.45,39.5,47.55,7.25,539730.0,-2002095.0,3577,12.052867411224742,43.76927260045801,42.812015229346294
2007-11-02,423,2007-11-02,9.0,57.125,32.5,6.375,539730.0,-2002080.0,3577,12.207958450216687,44.12413414757957,42.34003326394334
2007-11-18,424,2007-11-18,17.25,36.5,44.875,7.5,539730.0,-2002140.0,3577,12.931906792895573,44.91650462539884,40.78510135374851
2007-12-04,425,2007-12-04,11.35,48.7,38.65,8.4,539730.0,-2002095.0,3577,14.227862343114932,41.67717653862542,42.71039446761437
2008-01-05,426,2008-01-05,18.05,36.8,43.8,7.8,539730.0,-2002095.0,3577,14.819245868117848,42.31900738579673,41.48311047240909
2008-01-13,427,2008-01-13,14.0,44.25,40.45,7.5,539730.0,-2002095.0,3577,14.870858075218369,42.595878347652175,41.080133355239795
2008-01-21,428,2008-01-21,13.2727272727273,39.0,46.0909090909091,8.72727272727273,539734.090909091,-2002062.27272727,3577,14.584292403344552,45.10827307366881,38.8803806593011
2008-01-29,429,2008-01-29,16.65,49.4,32.45,8.25,539730.0,-2002095.0,3577,14.649761060777735,48.20580332978993,35.712874917084335
2008-02-06,430,2008-02-06,13.4,47.7,37.4,8.35,539730.0,-2002095.0,3577,14.887307682464485,50.84845038861307,32.8236467163522
2008-02-14,431,2008-02-14,12.95,67.75,18.1,6.5,539730.0,-2002095.0,3577,15.988796919374323,49.81641841130261,32.79153886501413
2008-02-22,432,2008-02-22,18.95,40.05,39.65,8.15,539730.0,-2002095.0,3577,15.948804910257635,48.865842516609206,33.83160601008393
2008-03-01,433,2008-03-01,16.15,47.05,35.6,8.35,539730.0,-2002095.0,3577,16.26654722985749,46.15367403493649,36.28314533762908
2008-03-09,434,2008-03-09,17.25,38.05,43.1,7.85,539730.0,-2002095.0,3577,14.839186819370358,45.24588754897676,38.63780662061818
2008-04-10,435,2008-04-10,12.05,41.5,45.15,7.7,539730.0,-2002095.0,3577,13.157914221998945,43.75087683213964,41.703684860025376
2008-04-18,436,2008-04-18,10.65,49.3,38.9,7.5,539730.0,-2002095.0,3577,11.916199744526137,42.9847333780706,43.72911623979082
2008-04-26,437,2008-04-26,9.25,46.25,43.0,7.25,539730.0,-2002155.0,3577,9.848277728462016,44.50401935525109,44.25006386801391
2008-05-04,438,2008-05-04,8.2,51.55,38.8,7.5,539730.0,-2002095.0,3577,8.343305765440741,49.26146485093117,40.98353395829564
2008-05-12,439,2008-05-12,8.25,44.65,45.5,7.4,539730.0,-2002095.0,3577,8.240751044619781,49.175251683293865,41.11865703954873
2008-05-28,440,2008-05-28,9.6,43.8,45.2,6.65,539730.0,-2002095.0,3577,7.719657277705659,48.71538678039498,42.09002468119486
2008-06-13,441,2008-06-13,7.35,50.65,40.8,5.95,539730.0,-2002095.0,3577,7.425594838596825,48.32030570048424,42.69200458983103
2008-06-29,442,2008-06-29,5.0,57.5,35.5,7.5,539700.0,-2002155.0,3577,6.820121673990624,46.911588256937286,44.6943417263784
2008-07-31,443,2008-07-31,7.3,42.75,48.5,6.7,539730.0,-2002095.0,3577,6.10323020632527,47.88995323561171,44.45135205351259
2008-08-08,444,2008-08-08,5.6,39.95,52.95,6.8,539730.0,-2002095.0,3577,5.404958972914821,46.93899521530399,46.11186862672241
2008-08-16,445,2008-08-16,3.6,48.2,46.7,6.9,539730.0,-2002095.0,3577,5.042382385415687,46.84453549545729,46.62046049924611
2008-09-01,446,2008-09-01,5.6,53.0,39.8,6.4,539721.0,-2002149.0,3577,4.467015443412039,47.459005276938555,46.650911814266415
2008-09-09,447,2008-09-09,4.95,40.2,53.65,6.95,539730.0,-2002095.0,3577,4.64493129487357,45.35232898923764,48.638970944316455
2008-09-17,448,2008-09-17,3.2,53.55,41.95,6.9,539730.0,-2002095.0,3577,4.246609468419164,45.55592935660691,48.84120866097487
2008-09-25,449,2008-09-25,4.95,39.4,54.25,6.5,539730.0,-2002095.0,3577,4.030306797299072,46.93638789952392,47.586714065352865
2008-10-03,450,2008-10-03,3.75,51.0,43.75,6.55,539730.0,-2002095.0,3577,4.101055911948724,46.31824923534974,48.122598568118505
2008-10-11,451,2008-10-11,3.2,43.05,52.2,6.65,539730.0,-2002095.0,3577,3.8108735061959065,46.812006202533965,47.931109993144545
2008-10-27,452,2008-10-27,6.25,39.05,53.05,6.65,539730.0,-2002095.0,3577,4.1459336902232495,46.406091460347966,47.92178547105321
2008-11-12,453,2008-11-12,2.73684210526316,63.0526315789474,32.8421052631579,6.21052631578947,539732.368421053,-2002098.15789474,3577,5.155892072059862,47.22283128740695,46.07293425980208
2008-11-28,454,2008-11-28,6.75,47.4,44.5,7.25,539730.0,-2002095.0,3577,5.608299464435455,48.829283086908376,44.09960688171985
2008-12-06,455,2008-12-06,6.58333333333333,45.8333333333333,46.1666666666667,7.58333333333333,539730.0,-2002065.0,3577,7.135288834690136,52.03143893394916,39.48483161602606
2008-12-22,456,2008-12-22,10.1176470588235,50.5294117647059,38.0,7.47058823529412,539732.647058823,-2002084.41176471,3577,9.313095638748184,54.79090646338723,34.626949935201814
2008-12-30,457,2008-12-30,12.55,55.0,30.95,6.35,539730.0,-2002095.0,3577,11.924004388482274,58.59274861523456,28.302067521466817
2009-01-07,458,2009-01-07,12.4,72.0,14.9,9.2,539700.0,-2002095.0,3577,15.035704486796847,59.56574134392545,24.2461762727391
2009-01-23,459,2009-01-23,17.5,60.6,20.75,10.1,539730.0,-2002095.0,3577,17.99430900795352,60.1693338373184,20.653885361739157
2009-02-16,460,2009-02-16,24.1,55.65,19.0,11.8,539730.0,-2002095.0,3577,20.322514673130343,61.50241551509262,16.961550817106186
2009-02-24,461,2009-02-24,20.5882352941176,59.9411764705882,18.0588235294118,12.6470588235294,539722.058823529,-2002100.29411765,3577,22.449738414923544,55.84946927350937,20.439427454713062
2009-03-04,462,2009-03-04,24.55,47.5,26.7,9.6,539730.0,-2002095.0,3577,23.611752571874696,51.067906132185506,23.9833465498427
2009-03-12,463,2009-03-12,23.35,49.55,25.55,9.6,539730.0,-2002095.0,3577,24.025749297745335,48.2476043018404,26.359411543955055
2009-03-20,464,2009-03-20,23.15,47.55,28.0,9.4,539730.0,-2002095.0,3577,24.072131319778425,46.96388031017632,27.573154481646085
2009-03-28,465,2009-03-28,24.8888888888889,43.1111111111111,30.7777777777778,9.22222222222222,539725.0,-2002135.0,3577,23.44498731200257,48.260802964000995,26.99301023345421
2009-04-05,466,2009-04-05,22.2,46.9,29.65,8.25,539730.0,-2002095.0,3577,23.173394161835432,48.302637309869205,27.232139368549433
2009-04-13,467,2009-04-13,23.0,59.5,16.15,11.75,539730.0,-2002095.0,3577,22.98116031360999,48.322087913293586,27.411208253892198
2009-04-21,468,2009-04-21,22.35,46.15,30.25,9.55,539730.0,-2002095.0,3577,22.271463822198065,49.09214738901676,27.360739180886256
2009-04-29,469,2009-04-29,23.05,44.45,31.1,9.5,539730.0,-2002095.0,3577,21.837948068440163,48.093569175914936,28.79887238663898
2009-05-07,470,2009-05-07,19.75,47.95,31.1,8.25,539730.0,-2002095.0,3577,21.21174161235764,47.47983105644935,30.010007072386486
2009-05-15,471,2009-05-15,20.9,46.1,31.7,9.3,539730.0,-2002095.0,3577,20.60628240008737,46.704935638829596,31.370350203627247
2009-05-23,472,2009-05-23,20.45,45.95,32.3,9.3,539730.0,-2002095.0,3577,20.317153795633732,46.24355654664561,32.12818492136897
2009-05-31,473,2009-05-31,20.25,49.1,29.35,9.3,539730.0,-2002095.0,3577,19.876275736644285,46.51517677368375,32.28818333368935
2009-06-08,474,2009-06-08,18.6,46.15,33.8,8.95,539730.0,-2002095.0,3577,19.56734828638561,48.045663469650094,31.045908116646512
2009-06-16,475,2009-06-16,20.1,47.8,30.75,9.35,539730.0,-2002095.0,3577,19.255369243756462,47.30884950961644,32.06515728852711
2009-07-02,476,2009-07-02,18.5,48.1,32.0,8.75,539730.0,-2002095.0,3577,18.850596462358354,46.715558899298046,33.034915239554266
2009-07-10,477,2009-07-10,19.0,45.15,34.6,8.75,539730.0,-2002095.0,3577,18.393402108724437,46.4898265820797,33.71416462793668
2009-07-18,478,2009-07-18,17.5,44.5,36.45,8.65,539730.0,-2002095.0,3577,17.732638723502948,45.64227413452737,35.1824774296858
2009-07-26,479,2009-07-26,16.85,48.2,33.5,8.55,539730.0,-2002095.0,3577,17.357868756627774,45.85471324340608,35.344519257826676
2009-08-03,480,2009-08-03,17.65,44.9,36.0,8.45,539730.0,-2002095.0,3577,17.378956750161585,45.75203836410583,35.459127353549306
2009-08-11,481,2009-08-11,16.75,46.45,35.45,8.5,539730.0,-2002095.0,3577,17.252720825783264,46.902862514155814,34.45084808551786
2009-08-19,482,2009-08-19,17.0,48.85,32.7,8.35,539730.0,-2002095.0,3577,16.804686541526138,49.04276992356755,32.78945347737428
2009-08-27,483,2009-08-27,15.2,50.15,33.35,8.3,539730.0,-2002095.0,3577,15.917816291033727,51.00428998245574,31.72455599095992
2009-09-04,484,2009-09-04,18.0,53.6,27.2,8.1,539724.0,-2002131.0,3577,15.511978441233087,52.126020625393636,31.010179311567867
2009-09-12,485,2009-09-12,13.1,52.35,33.1,8.05,539730.0,-2002095.0,3577,13.824639704978193,53.98899954533822,30.785284014226782
2009-09-28,486,2009-09-28,10.65,60.25,27.55,10.85,539730.0,-2002095.0,3577,11.804550403155446,55.370015897407,31.378814683763558
2009-10-06,487,2009-10-06,11.1111111111111,51.3333333333333,36.1111111111111,7.88888888888889,539735.0,-2002055.0,3577,10.669714667855487,55.51401374682278,32.36705478903137
2009-10-22,488,2009-10-22,12.75,54.15,31.65,8.15,539730.0,-2002095.0,3577,10.821034847503817,55.43165286724829,32.310546264875796
2009-10-30,489,2009-10-30,11.25,56.4,30.95,8.0,539730.0,-2002095.0,3577,12.431554668240116,54.66122592576883,31.489816581762334
2009-11-15,490,2009-11-15,10.65,56.55,31.45,7.95,539730.0,-2002095.0,3577,15.24657171173971,54.30766699759697,29.080883839238624
2010-01-18,491,2010-01-18,21.5,49.95,27.25,8.8,539730.0,-2002095.0,3577,19.301187409079255,52.799228480489944,26.58988153229243
2010-02-03,492,2010-02-03,25.35,53.2,20.25,10.4,539730.0,-2002095.0,3577,22.882460367286658,51.54422295969515,24.26725024201443
2010-02-11,493,2010-02-11,26.1428571428571,51.5714285714286,20.8571428571429,9.85714285714286,539736.428571429,-2002047.85714286,3577,25.863535707494677,52.075930003940805,20.788392120432373
2010-02-19,494,2010-02-19,27.05,50.8,20.9,10.05,539730.0,-2002095.0,3577,27.812902680390767,51.77478543127924,19.141544626681103
2010-03-15,495,2010-03-15,28.5833333333333,52.25,17.9166666666667,11.0,539730.0,-2002125.0,3577,28.655230579529686,51.822511080243274,18.258306193288
2010-03-23,496,2010-03-23,28.25,49.5,21.05,10.0,539730.0,-2002095.0,3577,28.223940301180654,52.57849410650483,17.94592590072199
2010-04-08,497,2010-04-08,26.8,59.35,12.65,12.75,539730.0,-2002095.0,3577,26.836087287321664,53.633749222905294,18.33731346053054
2010-04-16,498,2010-04-16,25.9,53.6,19.35,11.65,539730.0,-2002095.0,3577,26.849105899256685,53.25008319852725,18.775172763250453
2010-04-24,499,2010-04-24,26.25,49.75,22.7,11.35,539730.0,-2002095.0,3577,26.215439514042412,53.79756636551498,18.880850882860443
2010-05-02,500,2010-05-02,26.55,52.45,20.05,11.2,539730.0,-2002095.0,3577,25.446943768302194,53.907175796331835,19.49663602650927
2010-05-18,501,2010-05-18,24.55,57.0,17.3,12.05,539730.0,-2002095.0,3577,24.729136240432858,53.131692146854476,20.93291007238063
2010-05-26,502,2010-05-26,23.35,52.15,23.3,12.5,539730.0,-2002095.0,3577,24.18419444332396,52.51668316203134,21.991833553440173
2010-06-03,503,2010-06-03,24.9,50.8,22.75,11.6,539730.0,-2002095.0,3577,23.377591139507153,51.848320564876275,23.39598172724758
2010-06-19,504,2010-06-19,20.2857142857143,55.1428571428571,23.0,11.2857142857143,539736.428571429,-2002047.85714286,3577,22.237212477921233,53.73642379291731,22.574689861218996
2010-07-21,505,2010-07-21,22.65,50.1,25.8,10.65,539730.0,-2002095.0,3577,21.66880928668531,51.26007931696019,25.55652915195877
2010-08-06,506,2010-08-06,20.3,51.85,26.35,10.5,539730.0,-2002095.0,3577,20.748577738048322,52.18179173766629,25.527494641577512
2010-08-22,507,2010-08-22,19.4,57.3,21.9,10.05,539730.0,-2002095.0,3577,19.135827407883376,55.595805355626766,23.79824687695849
2010-09-07,508,2010-09-07,17.85,56.9,23.9,9.8,539730.0,-2002095.0,3577,17.301673172026625,59.24992646671328,22.0726368832373
2010-09-23,509,2010-09-23,17.25,59.5,21.75,9.5,539730.0,-2002095.0,3577,15.986443355403814,61.08935901558827,21.619547403058103
2010-10-25,510,2010-10-25,15.85,59.45,23.45,9.7,539730.0,-2002095.0,3577,15.650924075921736,63.22051307824357,19.86503225875994
2010-11-02,511,2010-11-02,12.05,82.1,4.75,6.9,539730.0,-2002095.0,3577,15.420984046910537,65.64760665030582,17.70301424581346
2010-11-10,512,2010-11-10,17.625,55.875,25.375,10.75,539730.0,-2002050.0,3577,17.941397302385333,64.20885438090362,16.65963108099082
2010-11-26,513,2010-11-26,22.25,58.15,18.4,8.7,539730.0,-2002095.0,3577,20.864688562208666,63.20772207667548,14.747497239600296
2010-12-28,514,2010-12-28,23.95,63.7,11.05,11.6,539730.0,-2002095.0,3577,24.02208480373756,62.05555327024988,12.781716967241373
2011-01-05,515,2011-01-05,26.35,65.65,6.95,12.0,539730.0,-2002095.0,3577,26.426078178783207,60.97479865334991,11.476040290976655
2011-01-29,516,2011-01-29,28.85,57.55,12.45,12.05,539730.0,-2002095.0,3577,27.742774253606022,60.886299227079604,10.269519799084827
2011-02-14,517,2011-02-14,31.125,56.75,11.125,12.5,539730.0,-2002140.0,3577,28.12203879711199,60.989635519270365,9.833644735036458
2011-03-18,518,2011-03-18,22.85,69.9,6.25,12.0,539730.0,-2002095.0,3577,27.001991635811134,63.316310882090896,8.666191144595421
2011-04-19,519,2011-04-19,25.7,59.95,13.4,13.3,539730.0,-2002095.0,3577,26.09065091255104,61.18227796151211,11.735466671674168
2011-04-27,520,2011-04-27,25.05,62.35,11.5,13.05,539730.0,-2002095.0,3577,25.12273647404851,61.18786437564434,12.677746346106314
2011-05-05,521,2011-05-05,25.85,58.9,14.25,12.85,539730.0,-2002095.0,3577,24.27354763399292,61.28773407129804,13.373396302091267
2011-05-21,522,2011-05-21,24.95,58.8,15.1,12.65,539730.0,-2002095.0,3577,23.90250330164833,60.78958199876068,14.213989144769211
2011-05-29,523,2011-05-29,22.05,62.95,13.95,12.65,539730.0,-2002095.0,3577,24.184871939202687,59.78799083814582,14.914072805720552
2011-06-06,524,2011-06-06,24.8333333333333,59.1666666666667,14.8888888888889,13.5555555555556,539733.333333333,-2002088.33333333,3577,24.7821395065166,59.48836256318522,14.645492026435932
2011-06-14,525,2011-06-14,24.5,61.3,13.0,12.45,539730.0,-2002095.0,3577,24.306825218121887,60.75081309147056,13.84838827171528
2011-06-22,526,2011-06-22,25.0,57.4705882352941,16.4705882352941,12.1764705882353,539727.352941177,-2002105.58823529,3577,24.68598259325444,60.0151587530937,14.205772679937365
2011-07-08,527,2011-07-08,25.0,61.6666666666667,12.3333333333333,12.6666666666667,539745.0,-2002035.0,3577,24.64165205279388,60.20426124290641,14.028460246524066
2011-07-16,528,2011-07-16,25.45,61.05,12.4,11.45,539730.0,-2002095.0,3577,25.019189633891777,59.62308042530245,14.219527270517668
2011-07-24,529,2011-07-24,24.2,57.85,16.65,12.05,539730.0,-2002095.0,3577,24.683149667666104,59.706819996603464,14.4022936663873
2011-08-01,530,2011-08-01,23.35,59.8,15.5,11.75,539730.0,-2002095.0,3577,24.360785396230675,59.60064018721843,14.827508657592034
2011-08-09,531,2011-08-09,24.85,58.7,15.3,11.85,539730.0,-2002095.0,3577,24.178823962411677,58.84062942156217,15.692963671426089
2011-08-17,532,2011-08-17,23.75,60.45,14.45,11.85,539730.0,-2002095.0,3577,24.018361514642756,58.56751645730921,16.066472918810714
2011-08-25,533,2011-08-25,24.7,57.6,16.4,11.4,539730.0,-2002095.0,3577,23.567772269007136,58.762011411756774,16.30852681586366
2011-09-02,534,2011-09-02,21.55,59.65,17.4,11.05,539730.0,-2002095.0,3577,22.273622627798865,58.14036494979899,18.23646527191146
2011-09-10,535,2011-09-10,23.7,58.05,17.0,10.7,539730.0,-2002095.0,3577,23.09343819235115,60.7527723050852,14.847849776640125
2011-09-18,536,2011-09-18,20.05,63.95,14.45,10.8,539730.0,-2002095.0,3577,22.40042145676486,63.835507371875536,12.509556027046415
2011-09-26,537,2011-09-26,20.95,64.85,13.2,11.15,539730.0,-2002095.0,3577,20.411174858849826,66.69001854697453,11.692735163012053
2011-10-04,538,2011-10-04,18.1,66.2,14.55,10.95,539730.0,-2002095.0,3577,17.772719334326588,67.1596852064244,13.916719709596887
2011-10-12,539,2011-10-12,19.35,66.3,13.25,11.55,539730.0,-2002095.0,3577,15.591915824111641,65.284643529835,17.961094632918577
2011-10-20,540,2011-10-20,17.7777777777778,73.3333333333333,7.72222222222222,9.0,539733.333333333,-2002088.33333333,3577,13.686778357519351,59.44706676191855,25.616718145971287
2011-11-13,541,2011-11-13,2.15,44.35,52.1,11.2,539730.0,-2002095.0,3577,13.064075862216335,52.936726998483785,32.67841874327454
2011-11-29,542,2011-11-29,15.2,42.65,40.7,9.55,539730.0,-2002095.0,3577,14.829218717297003,46.08517720668735,37.71154098738674
2011-12-15,543,2011-12-15,19.8,37.85,40.95,11.95,539730.0,-2002095.0,3577,18.378992954067606,40.39948400412192,39.844226860165186
2012-01-16,544,2012-01-16,23.6,37.6,37.35,9.55,539730.0,-2002095.0,3577,21.65989882150549,36.99483968043788,40.00830176015337
2012-02-17,545,2012-02-17,23.65,37.0,38.05,8.95,539730.0,-2002095.0,3577,24.283641487507822,36.616440061481036,37.750394754878286
2012-04-05,546,2012-04-05,30.0,43.0,26.0,10.0,539685.0,-2002155.0,3577,26.24402683659257,37.62593943723412,34.8322315799044
2012-04-21,547,2012-04-21,26.0,36.4166666666667,36.1666666666667,9.0,539730.0,-2002125.0,3577,26.095164072249958,39.351161531960614,33.20912627104082
2012-05-07,548,2012-05-07,21.35,38.4,38.85,9.5,539730.0,-2002095.0,3577,23.185037563052678,38.678770919477216,36.75613566000015
2012-05-23,549,2012-05-23,16.85,41.15,40.3,14.4,539730.0,-2002095.0,3577,22.130286431831117,38.864219835885855,37.6018521725896
2012-06-08,550,2012-06-08,24.5,36.3333333333333,37.9166666666667,8.91666666666667,539730.0,-2002125.0,3577,20.5123005477464,38.66724761306226,39.41087849198716
2012-06-24,551,2012-06-24,20.7,36.1,41.9,8.9,539730.0,-2002095.0,3577,19.424759141784108,39.009631080987475,40.15906925890846
2012-07-26,552,2012-07-26,18.45,42.7,37.3,9.05,539730.0,-2002095.0,3577,18.806958366707878,39.537447227688986,40.303536556316914
2012-08-11,553,2012-08-11,18.0,42.5,38.5,10.0,539760.0,-2002035.0,3577,19.07300980752708,40.10813505379468,39.545177784026365
2012-08-27,554,2012-08-27,17.9,37.65,43.0,8.7,539730.0,-2002095.0,3577,18.15291736127378,40.38993591547168,40.15625148844363
2012-09-12,555,2012-09-12,15.65,42.25,40.75,8.35,539730.0,-2002095.0,3577,16.051816449801667,41.27835090605372,41.33639178158684
2012-09-28,556,2012-09-28,17.2,41.6,39.85,8.85,539730.0,-2002095.0,3577,14.07160904111158,43.108034741310036,41.43362777572685
2012-10-14,557,2012-10-14,14.0,41.35,43.3,8.45,539730.0,-2002095.0,3577,13.990301442621334,42.44977339481349,42.17290985587569
2012-10-30,558,2012-10-30,12.65,43.9,42.0,8.4,539730.0,-2002095.0,3577,13.964224286203624,42.774795706523065,41.88372315678191
2012-11-15,559,2012-11-15,12.95,46.95,38.65,9.0,539730.0,-2002095.0,3577,15.543315868855341,43.04621699249539,39.99154271940052
2012-12-01,560,2012-12-01,17.05,42.0,39.7,9.0,539730.0,-2002095.0,3577,18.248977389996334,43.49517020646402,36.92846817784346
2013-01-02,561,2013-01-02,23.2,42.75,32.75,9.8,539730.0,-2002095.0,3577,21.003403528013393,43.64433932080338,34.06689122710285
2013-02-03,562,2013-02-03,24.45,39.2,35.05,9.55,539730.0,-2002095.0,3577,23.090263554811187,44.6370777313435,31.01829187324079
2013-02-19,563,2013-02-19,24.6,51.4,22.8,10.9,539730.0,-2002095.0,3577,24.178610708173665,45.37079066443712,29.209711186641798
2013-03-07,564,2013-03-07,24.7777777777778,44.9444444444444,28.9444444444444,9.66666666666667,539726.666666667,-2002101.66666667,3577,23.314855388845718,46.9017566712543,28.53295457551996
2013-04-08,565,2013-04-08,19.0,52.0,28.0,10.0,539685.0,-2002155.0,3577,21.04591082292007,49.335163675326584,28.349942627028163
2013-04-09,566,2013-04-09,17.15,47.4,33.9,9.25,539730.0,-2002095.0,3577,18.241181522293353,50.435870734005604,29.99184510019974
2013-04-16,567,2013-04-16,16.5,50.25,31.75,9.3,539730.0,-2002095.0,3577,15.89243717238836,50.30471426577486,32.424663640448266
2013-04-24,568,2013-04-24,14.45,51.35,32.9,8.9,539730.0,-2002095.0,3577,14.822319708153406,49.58814322072095,34.094298065190806
2013-05-02,569,2013-05-02,13.9,51.5,33.1,8.85,539730.0,-2002095.0,3577,13.813553912545654,49.169974633202585,35.45767318336448
2013-05-26,570,2013-05-26,13.35,47.0,38.05,8.9,539730.0,-2002095.0,3577,13.302729125018157,49.82185056085241,35.296939506996154
2013-06-03,571,2013-06-03,13.35,46.3,38.6,8.8,539730.0,-2002095.0,3577,12.84356971717461,49.77187563897347,35.82135573404388
2013-06-11,572,2013-06-11,12.375,53.875,32.25,8.5,539730.0,-2002140.0,3577,11.779896187402166,50.87538068226163,35.81706358656288
2013-06-19,573,2013-06-19,11.45,51.55,35.45,8.35,539730.0,-2002095.0,3577,11.169557145639068,51.27084285682591,36.059422930005766
2013-06-27,574,2013-06-27,8.66666666666667,53.7777777777778,36.3333333333333,8.88888888888889,539735.0,-2002055.0,3577,10.585670469879416,52.3427848896811,35.57463037477986
2013-07-05,575,2013-07-05,11.05,50.3,37.1,8.3,539730.0,-2002095.0,3577,10.171395245619731,52.51089135322097,35.85383934949962
2013-07-13,576,2013-07-13,9.7,53.6,35.2,8.6,539736.0,-2002059.0,3577,10.154167117710493,52.28518140785161,36.08723691168972
2013-07-21,577,2013-07-21,10.75,50.5,37.2,8.15,539730.0,-2002095.0,3577,10.336933216420835,50.76899188701836,37.41770989587768
2013-07-29,578,2013-07-29,10.95,50.2,37.45,8.15,539730.0,-2002095.0,3577,10.520168221869437,49.78257923706096,38.213772450454044
2013-08-06,579,2013-08-06,9.75,49.35,39.2,8.05,539730.0,-2002095.0,3577,10.483406763513557,49.911913602386015,38.154825515036535
2013-08-14,580,2013-08-14,11.0,48.4285714285714,39.4285714285714,7.85714285714286,539723.571428571,-2002142.14285714,3577,10.189781838387127,49.73985129077265,38.6430092095669
2013-08-22,581,2013-08-22,9.35,52.1,37.15,8.15,539730.0,-2002095.0,3577,9.254124358612142,50.50711411910348,38.878340312932025
2013-08-30,582,2013-08-30,8.55,50.25,39.85,7.95,539730.0,-2002095.0,3577,9.253862391477108,51.40877883725413,37.980233079608205
2013-09-07,583,2013-09-07,8.2,54.2,36.15,8.05,539730.0,-2002095.0,3577,8.519868366925918,52.6203990282085,37.487588185802394
2013-09-15,584,2013-09-15,8.15,53.0,37.45,7.95,539730.0,-2002095.0,3577,8.003419645368915,54.8258592027086,35.786196620711394
2013-09-23,585,2013-09-23,7.45,54.75,36.4,7.95,539730.0,-2002095.0,3577,7.490602740911219,53.91589687401576,37.146194130940906
2013-10-01,586,2013-10-01,6.95,56.25,35.4,7.95,539730.0,-2002095.0,3577,6.3328638853397194,54.09133312507117,38.07777957336212
2013-10-09,587,2013-10-09,7.25,55.1,36.1,7.7,539730.0,-2002095.0,3577,5.296380812169492,55.737334517898944,37.51247668739368
2013-10-17,588,2013-10-17,2.5,55.625,40.375,7.875,539730.0,-2002050.0,3577,5.222923206823353,57.478711922743585,35.846650717698
2013-10-25,589,2013-10-25,6.5,57.3,34.8,7.85,539730.0,-2002095.0,3577,5.776083050075995,58.2262199874342,34.57169510055991
2013-11-02,590,2013-11-02,5.2,52.4,40.9,7.9,539730.0,-2002095.0,3577,6.421601102714696,58.96808727906918,33.221203641554716
2013-12-04,591,2013-12-04,7.25,73.25,18.375,11.125,539730.0,-2002140.0,3577,7.944970664009729,58.709654354924226,31.97003723829872
2013-12-12,592,2013-12-12,13.35,55.15,30.05,8.35,539730.0,-2002095.0,3577,10.182334538524973,57.299817597254865,31.162607980250378
2013-12-20,593,2013-12-20,14.6666666666667,49.4166666666667,34.5,8.33333333333333,539730.0,-2002125.0,3577,13.50787597335384,55.027735138949836,30.08050780488411
2013-12-28,594,2013-12-28,12.1,52.7,33.8,8.4,539730.0,-2002095.0,3577,16.490530676751135,53.154453131999375,28.93691362816317
2014-01-29,595,2014-01-29,17.6,51.65,29.3,9.75,539730.0,-2002095.0,3577,18.513633580039485,49.819777668144845,30.163758223196442
2014-03-18,596,2014-03-18,23.55,48.2,26.7,9.35,539730.0,-2002095.0,3577,20.655027274064437,48.74297384761053,29.16331601834262
2014-03-26,597,2014-03-26,22.6,47.8,28.25,10.15,539730.0,-2002095.0,3577,21.41962743138894,48.063253928726624,29.118558067315323
2014-04-03,598,2014-04-03,22.15,50.95,25.4,10.1,539730.0,-2002095.0,3577,21.5784953436624,49.86780046578062,27.196298979654046
2014-04-11,599,2014-04-11,18.5,49.25,31.0,9.75,539730.0,-2002035.0,3577,21.387737443152204,48.87318125630088,28.371211296439245
2014-04-19,600,2014-04-19,21.25,45.05,32.35,10.05,539730.0,-2002095.0,3577,20.27614979685409,48.72311217003272,29.60831070572232
2014-04-27,601,2014-04-27,19.8571428571429,55.4285714285714,23.6428571428571,10.7857142857143,539734.285714286,-2002073.57142857,3577,19.061630855447973,48.5390602728944,30.963464613495695
2014-05-05,602,2014-05-05,18.0,42.0,38.0,9.0,539685.0,-2002050.0,3577,19.147464728647876,48.05445996013269,31.3224812041924
2014-05-13,603,2014-05-13,19.95,48.9,29.7,10.2,539730.0,-2002095.0,3577,20.4047123750237,47.09604437000732,31.030835132950042
2014-05-21,604,2014-05-21,21.0,48.05,29.6,10.0,539730.0,-2002095.0,3577,21.210984181331106,46.72753904822747,30.648067382719866
2014-05-29,605,2014-05-29,22.4615384615385,45.6923076923077,30.3846153846154,9.69230769230769,539726.538461538,-2002120.38461538,3577,21.879323462911533,46.374584548571434,30.303667617207985
2014-06-06,606,2014-06-06,23.45,43.75,31.55,8.8,539730.0,-2002095.0,3577,21.95391864624688,46.24328630406768,30.418018020317604
2014-06-14,607,2014-06-14,22.1,48.3,28.35,9.95,539730.0,-2002095.0,3577,22.310162806944426,45.213680603742915,31.1255524898965
2014-06-22,608,2014-06-22,21.45,45.6,31.55,9.85,539730.0,-2002095.0,3577,21.79003871812549,46.11906841669192,30.769085374016473
2014-06-30,609,2014-06-30,19.25,46.25,32.875,9.875,539730.0,-2002050.0,3577,20.932954732808714,45.714863262474914,31.933734513873823
2014-07-08,610,2014-07-08,21.25,44.75,32.5,9.7,539730.0,-2002095.0,3577,20.150342683430882,46.8809953085663,31.53553031274041
2014-07-16,611,2014-07-16,20.1,48.0,30.8,9.75,539730.0,-2002095.0,3577,19.922145845207883,47.58181709930224,31.031686476573483
2014-07-24,612,2014-07-24,19.9,45.9,32.6,9.45,539730.0,-2002095.0,3577,19.706068183619422,47.49518500075066,31.310360150680552
2014-08-01,613,2014-08-01,18.5,52.75,27.25,9.25,539730.0,-2002155.0,3577,19.429361608460873,47.58179003658169,31.52138875056361
2014-08-09,614,2014-08-09,19.55,45.8,33.1,9.55,539730.0,-2002095.0,3577,18.952182217504465,47.65774318559984,31.92076017377398
2014-08-17,615,2014-08-17,18.6,46.2,33.7,9.3,539730.0,-2002095.0,3577,18.4234128616454,47.138581696933784,32.9568587758941
2014-08-25,616,2014-08-25,18.55,46.6,33.45,9.15,539730.0,-2002095.0,3577,17.649119920324708,47.18500508778442,33.69008151290929
2014-09-02,617,2014-09-02,15.2222222222222,47.0,36.3333333333333,9.0,539735.0,-2002055.0,3577,17.192616447877032,47.505835083382166,33.819747847606564
2014-09-10,618,2014-09-10,17.2,49.5,31.8,9.0,539730.0,-2002095.0,3577,16.537386607198375,48.236419926815195,33.768828075943766
2014-09-18,619,2014-09-18,16.5,48.2,33.8,8.9,539730.0,-2002095.0,3577,16.011411086331293,49.19935482473447,33.25379744094417
2014-09-26,620,2014-09-26,15.35,52.7,30.5,8.8,539730.0,-2002095.0,3577,15.368438613327955,51.28950868532145,31.821910700234113
2014-10-04,621,2014-10-04,14.75,52.55,31.1,8.75,539730.0,-2002095.0,3577,15.120175438594227,52.42333239515118,30.96910411569391
2014-10-12,622,2014-10-12,14.9,51.8,31.65,8.6,539730.0,-2002095.0,3577,15.066311964606921,52.56009006472617,30.90566476866324
2014-10-20,623,2014-10-20,14.3333333333333,53.5833333333333,30.8333333333333,8.41666666666667,539730.0,-2002125.0,3577,14.358269525450034,54.045034892859626,30.175793659380474
2014-10-28,624,2014-10-28,14.0,57.0,27.65,8.6,539730.0,-2002095.0,3577,13.6731281618258,56.044602611002894,28.900238151936612
2014-11-05,625,2014-11-05,13.45,56.25,29.1,8.65,539730.0,-2002095.0,3577,12.948290718567415,57.17546710254833,28.484556929134712
2014-11-13,626,2014-11-13,13.85,55.95,28.6,8.8,539730.0,-2002095.0,3577,12.48100124849164,58.23675694789375,27.88583573289039
2014-11-21,627,2014-11-21,12.7,57.95,27.85,8.8,539730.0,-2002095.0,3577,13.584734460583823,57.60518196972444,27.42863885340256
2014-11-29,628,2014-11-29,13.05,63.65,22.0,10.9,539730.0,-2002095.0,3577,15.861728983088843,55.19726991274155,27.49572950269134
2014-12-07,629,2014-12-07,19.4,49.85,29.25,7.55,539730.0,-2002095.0,3577,18.865309200600503,53.408187375052464,26.266310521260156
2014-12-15,630,2014-12-15,20.4,48.85,29.3,9.8,539730.0,-2002095.0,3577,21.92945290003786,52.220437766559996,24.422377622373972
2015-01-24,631,2015-01-24,28.75,51.55,18.45,9.85,539730.0,-2002095.0,3577,24.738781961069286,51.84537010975865,22.01141722054706
2015-02-01,632,2015-02-01,29.25,46.25,23.05,10.75,539730.0,-2002095.0,3577,27.081494511676222,51.17995626663593,20.38116001645109
2015-02-09,633,2015-02-09,25.5,57.5,15.5,10.5,539700.0,-2002155.0,3577,28.493819957128395,51.25076100369452,18.907914221998084
2015-02-25,634,2015-02-25,27.05,57.1,14.75,11.45,539730.0,-2002095.0,3577,28.58949208685624,52.306949706632295,17.818915759160774
2015-03-05,635,2015-03-05,28.15,49.0,21.5,10.9,539730.0,-2002095.0,3577,28.169625884946758,53.16073415747543,17.450076858123786
2015-03-13,636,2015-03-13,28.85,50.1,19.9,10.75,539730.0,-2002095.0,3577,27.699154560605532,51.969912749781145,19.118166663055444
2015-03-21,637,2015-03-21,27.85,49.55,21.4,10.4,539730.0,-2002095.0,3577,26.889381670956602,50.5310593431261,21.332269587993956
2015-03-29,638,2015-03-29,25.55,52.4,20.8,9.9,539730.0,-2002095.0,3577,26.37420489726597,49.746025027596545,22.608473879058735
2015-04-14,639,2015-04-14,24.9,49.45,24.3,9.85,539730.0,-2002095.0,3577,25.061534131499428,48.69831778128264,24.880780055853737
2015-04-22,640,2015-04-22,23.9,48.2,26.4,9.7,539730.0,-2002095.0,3577,23.171618783689624,49.87671740023936,25.533456017662726
2015-04-30,641,2015-04-30,21.4,50.2,26.9,9.8,539730.0,-2002095.0,3577,22.097515281412903,50.39407615087976,26.08006054832291
2015-05-08,642,2015-05-08,21.2,49.4,27.95,9.75,539730.0,-2002095.0,3577,21.354773863903795,50.248632791349735,26.911224533975933
2015-05-16,643,2015-05-16,20.0,53.15,25.55,9.65,539730.0,-2002095.0,3577,20.716089328624932,50.69928662667843,27.152142284955566
2015-05-24,644,2015-05-24,21.2,50.15,27.15,9.4,539730.0,-2002095.0,3577,20.426235322981498,51.16174052984434,26.998207726222265
2015-06-09,645,2015-06-09,20.5,52.95,25.2,10.2,539730.0,-2002095.0,3577,19.898578665913156,52.39046417977525,26.34643962847903
2015-06-25,646,2015-06-25,19.85,51.5,27.2,9.7,539730.0,-2002095.0,3577,19.752105479656713,52.654700253299204,26.21708198921429
2015-07-03,647,2015-07-03,17.4166666666667,53.9166666666667,27.3333333333333,9.83333333333333,539730.0,-2002065.0,3577,18.694985458295367,53.40767895674219,26.514749543538144
2015-07-11,648,2015-07-11,17.85,54.4,26.5,9.65,539730.0,-2002095.0,3577,17.480430405505203,54.66775206217115,26.46064972179127
2015-07-27,649,2015-07-27,17.5,56.25,24.65,7.75,539730.0,-2002095.0,3577,16.108032215460156,55.907580809275245,26.57840611400585
2015-08-04,650,2015-08-04,14.0,57.65,27.05,9.15,539730.0,-2002095.0,3577,14.824703572998574,57.878669885317585,25.878689009644894
2015-08-12,651,2015-08-12,14.0,56.95,27.5,8.9,539730.0,-2002095.0,3577,13.710356361902303,58.60260451621805,26.25858754248455
2015-08-20,652,2015-08-20,11.0,61.75,26.0,9.0,539730.0,-2002155.0,3577,13.091503388250658,58.59872588710722,26.908972915625245
2015-08-28,653,2015-08-28,14.6,58.8,25.1,8.85,539730.0,-2002095.0,3577,12.485177928364916,58.6281459510474,27.514712738238043
2015-09-05,654,2015-09-05,11.1,59.35,28.2,8.9,539730.0,-2002095.0,3577,12.086170949791434,59.81074498256267,26.774208144792375
2015-09-13,655,2015-09-13,12.3,59.25,27.2,8.7,539730.0,-2002095.0,3577,11.549075410109925,60.484202821391015,26.647047425344297
2015-09-21,656,2015-09-21,11.2,57.95,29.6,8.6,539730.0,-2002095.0,3577,11.429315230388006,61.40145578332604,25.82303005680875
2015-09-29,657,2015-09-29,11.9,64.35,22.35,7.85,539730.0,-2002095.0,3577,10.581832445462261,61.39749959564194,26.689748959832386
2015-10-07,658,2015-10-07,8.9,68.0,21.7,8.35,539730.0,-2002095.0,3577,10.915275791407833,63.36944922374681,24.33720018219745
2015-10-15,659,2015-10-15,10.45,62.65,25.45,7.9,539730.0,-2002095.0,3577,10.481952858649528,66.05330967519927,22.121032445969945
2015-10-23,660,2015-10-23,9.35,59.7,29.55,8.35,539730.0,-2002095.0,3577,10.584273184471929,64.93003949245922,23.03834080688589
2015-10-31,661,2015-10-31,11.95,64.4,22.3,8.65,539730.0,-2002095.0,3577,9.565414861953224,62.22784025904567,26.74028654220387
2015-11-08,662,2015-11-08,7.76470588235294,61.7647058823529,28.9411764705882,8.70588235294118,539732.647058823,-2002084.41176471,3577,8.4029460371462,58.23440699104552,31.83556478729924
2015-11-16,663,2015-11-16,8.95,60.45,29.0,8.7,539730.0,-2002095.0,3577,6.148131165258269,52.51711981334215,39.76022274634866
2015-11-24,664,2015-11-24,0.6,38.5333333333333,59.2666666666667,10.5333333333333,539727.0,-2002113.0,3577,3.4344312307610725,47.38957350849739,47.53678488086811
2015-12-02,665,2015-12-02,4.5,35.9,57.7,9.6,539730.0,-2002095.0,3577,2.0402542579738583,42.23670146401257,54.10765516277365
2015-12-10,666,2015-12-10,1.2,44.45,53.05,6.6,539730.0,-2002095.0,3577,3.115859985336849,37.86044563703805,57.4183565902839
2016-01-03,667,2016-01-03,4.9,35.65,57.65,8.2,539730.0,-2002095.0,3577,6.562639564040884,34.659976953169746,57.18013592064821
2016-01-11,668,2016-01-11,9.16666666666667,32.6666666666667,56.8333333333333,7.83333333333333,539730.0,-2002125.0,3577,12.074270378439042,34.89859435167602,51.50759708935955
2016-01-27,669,2016-01-27,19.9166666666667,37.25,41.3333333333333,8.83333333333333,539730.0,-2002125.0,3577,17.93925885927076,35.9041729441512,44.68212756707807
2016-02-12,670,2016-02-12,27.9,35.55,35.15,9.05,539730.0,-2002095.0,3577,23.4763713582564,37.52821631412402,37.5557059039975
2016-02-20,671,2016-02-20,26.7,38.0,33.6,8.3,539730.0,-2002095.0,3577,26.941098770506514,36.07661768915099,35.56974484063735
2016-02-28,672,2016-02-28,28.25,35.75,34.75,8.75,539730.0,-2002155.0,3577,29.08268454970807,36.63812343486718,32.881171924046264
2016-03-07,673,2016-03-07,27.2,40.6,31.0,9.75,539730.0,-2002095.0,3577,28.577673977205315,37.592871318562295,32.469212005739664
2016-03-23,674,2016-03-23,26.75,34.4,37.25,9.1,539730.0,-2002095.0,3577,27.013747020089735,37.397315257835984,34.13466614224618
2016-03-31,675,2016-03-31,25.0,37.7,35.9,9.05,539730.0,-2002095.0,3577,24.795481608171404,37.39915167391389,36.34059372000006
2016-04-08,676,2016-04-08,23.95,35.95,38.6,8.55,539730.0,-2002095.0,3577,23.187682132105913,37.99610296823353,37.26592478728145
2016-04-16,677,2016-04-16,20.8888888888889,42.5555555555556,34.8888888888889,8.33333333333333,539725.0,-2002135.0,3577,21.58206126518498,38.6327764426778,38.190962735229476
2016-04-24,678,2016-04-24,19.75,36.5,41.95,8.3,539730.0,-2002095.0,3577,19.343835112253277,38.98646647469595,39.988172508599966
2016-05-02,679,2016-05-02,17.7,42.15,38.55,8.25,539730.0,-2002095.0,3577,17.516355986632007,39.988171786927424,40.837835126683515
2016-05-18,680,2016-05-18,15.6,39.25,43.65,8.25,539730.0,-2002095.0,3577,16.028901421933085,41.11343814423695,41.24234004728745
2016-05-26,681,2016-05-26,14.8,41.05,42.4,8.35,539730.0,-2002095.0,3577,14.805372130447315,41.08439419197319,42.44382500883415
2016-06-03,682,2016-06-03,13.6,41.9,42.95,8.25,539730.0,-2002095.0,3577,13.90323958806723,41.695403306697386,42.783759841802976
2016-06-11,683,2016-06-11,13.6,41.2,43.45,7.85,539730.0,-2002095.0,3577,13.408754850238914,41.88077452302832,43.06388305536268
2016-06-19,684,2016-06-19,13.65,44.95,39.9,7.35,539730.0,-2002095.0,3577,13.0127642223598,42.02686931231196,43.29929023504228
2016-06-27,685,2016-06-27,12.7,38.1,47.45,8.0,539730.0,-2002095.0,3577,12.901245967652708,40.848280975983855,44.61881400332746
2016-07-05,686,2016-07-05,11.75,41.4166666666667,45.0833333333333,7.91666666666667,539730.0,-2002125.0,3577,12.569728723287216,40.50362387869524,45.307845302265775
2016-07-21,687,2016-07-21,12.95,39.9,45.8,8.0,539730.0,-2002095.0,3577,12.128985256228024,39.18904284569335,47.09707939118999
2016-07-29,688,2016-07-29,12.05,37.1,49.1,7.8,539730.0,-2002095.0,3577,11.967275758295642,38.14860031608688,48.30472082096746
2016-08-06,689,2016-08-06,11.45,37.2,50.05,7.65,539730.0,-2002095.0,3577,11.932348611139398,37.24579842241825,49.3150369496271
2016-08-14,690,2016-08-14,11.0,38.9,48.45,7.8,539730.0,-2002095.0,3577,11.215183268741963,38.01917772629278,49.23324276342116
2016-08-30,691,2016-08-30,10.6,38.3,49.4,7.8,539730.0,-2002095.0,3577,10.672571932709655,38.88357942366649,48.93684264651026
2016-09-07,692,2016-09-07,11.1,37.35,50.25,7.6,539730.0,-2002095.0,3577,9.794134967198518,39.5837468516976,49.046003197002065
2016-09-15,693,2016-09-15,9.85,41.1,47.45,6.4,539730.0,-2002095.0,3577,9.2144520340327,40.17163935135471,49.02809164518958
2016-09-23,694,2016-09-23,7.4,42.3,48.7,8.3,539730.0,-2002095.0,3577,9.26461874039135,39.607966182418465,49.542315269862044
2016-10-01,695,2016-10-01,7.25,41.85,49.1,8.05,539730.0,-2002095.0,3577,9.170219641038702,39.22810409404251,50.033264954851916
2016-10-09,696,2016-10-09,11.5,34.5,52.625,7.875,539730.0,-2002140.0,3577,8.91560869470953,39.24792591309033,50.26685953364769
2016-10-17,697,2016-10-17,8.55,40.2,49.55,8.1,539730.0,-2002095.0,3577,9.47844129554514,39.56589880706937,49.35861839398253
2016-10-25,698,2016-10-25,10.375,36.75,51.5,7.75,539730.0,-2002140.0,3577,8.73744343891272,40.252084911986024,49.42780315658835
2016-11-02,699,2016-11-02,8.1,43.95,46.25,8.05,539730.0,-2002095.0,3577,7.875950081908654,41.30415899888967,49.25506740420865
2016-11-10,700,2016-11-10,7.05,45.8,45.65,7.35,539730.0,-2002095.0,3577,7.447660698433577,42.919958215153045,48.053643183434765
2016-11-18,701,2016-11-18,9.0,42.1,47.05,8.25,539730.0,-2002095.0,3577,8.309249496632157,43.64879192014762,46.45327080040008
2016-11-26,702,2016-11-26,10.3,43.3,45.15,7.7,539730.0,-2002095.0,3577,11.155030598914385,43.48468466517352,43.789129085562166
2016-12-04,703,2016-12-04,9.7,43.5,45.15,8.1,539730.0,-2002095.0,3577,15.717327177464156,42.144324406237615,40.654269956044075
2017-01-21,704,2017-01-21,24.6,41.1,32.75,9.35,539730.0,-2002095.0,3577,20.535278962520486,42.39960921430877,35.573409253280104
2017-01-29,705,2017-01-29,27.8666666666667,41.0,29.8666666666667,9.26666666666667,539733.0,-2002077.0,3577,25.69622547215043,42.451777479480114,30.444797101758507
2017-03-02,706,2017-03-02,30.35,42.0,26.2,9.6,539730.0,-2002095.0,3577,29.42816579704686,43.45222022558834,25.73310311978659
2017-03-10,707,2017-03-10,30.4,45.95,22.3,10.2,539730.0,-2002095.0,3577,31.487401762319664,43.764516443302476,23.330804953556893
2017-03-18,708,2017-03-18,30.05,45.9,22.5,10.2,539730.0,-2002095.0,3577,31.42334285940628,43.720083786176325,23.375179876879173
2017-03-26,709,2017-03-26,29.8,45.8,22.9,10.6,539730.0,-2002095.0,3577,29.352535235657786,44.022257463891755,25.175582930997127
2017-04-03,710,2017-04-03,27.25,40.75,30.7,9.45,539730.0,-2002095.0,3577,25.97482950485658,44.62854142760597,27.866220312191373
2017-04-11,711,2017-04-11,23.25,42.85,32.1,9.4,539730.0,-2002095.0,3577,23.818742196912012,44.80689991122758,29.820123478168558
2017-04-27,712,2017-04-27,20.75,45.75,31.9,8.1,539730.0,-2002095.0,3577,21.08559938513184,45.81320552511818,31.57748489899721
2017-05-05,713,2017-05-05,17.9,49.0,31.8,8.6,539730.0,-2002095.0,3577,18.8488482106101,45.82963476151646,33.75390677433517
2017-05-13,714,2017-05-13,17.6,47.95,32.85,8.45,539730.0,-2002095.0,3577,16.955854207709258,47.15065275281289,34.33624889042332
2017-06-06,715,2017-06-06,16.1,48.4,33.8,8.35,539730.0,-2002095.0,3577,16.146376842968856,48.14137889973084,34.14954209876301
2017-06-14,716,2017-06-14,16.25,46.7,35.65,8.35,539730.0,-2002095.0,3577,15.82518456775186,48.9642414860608,33.69085171793647
2017-06-22,717,2017-06-22,14.85,48.6,34.95,8.2,539730.0,-2002095.0,3577,15.663903743313167,49.1685736863682,33.64960488427478
2017-06-30,718,2017-06-30,15.95,46.85,35.6,8.1,539730.0,-2002095.0,3577,15.293205092119216,49.43728376885533,33.73441512047819
2017-07-08,719,2017-07-08,15.0,56.0,27.75,8.0,539730.0,-2002155.0,3577,14.961897854465278,49.825718244596246,33.74401264369801
2017-07-16,720,2017-07-16,15.4,47.9,35.15,8.1,539730.0,-2002095.0,3577,14.535457576477075,49.87398947800679,34.175130442307996
2017-07-24,721,2017-07-24,12.65,50.15,35.75,9.5,539730.0,-2002095.0,3577,14.155813072374425,49.64890233604662,34.78090995691095
2017-08-01,722,2017-08-01,14.0,47.9,36.6,7.8,539730.0,-2002095.0,3577,13.676772608194714,49.08225768039276,35.7975957479
2017-08-09,723,2017-08-09,13.1,47.3,38.4,7.75,539730.0,-2002095.0,3577,13.154077810732193,48.405311870784516,36.9955931065783
2017-08-17,724,2017-08-17,13.35,49.0,36.05,7.75,539730.0,-2002095.0,3577,12.586039966223844,48.35171562183223,37.56208837601465
2017-08-25,725,2017-08-25,12.25,48.6,37.5,7.5,539730.0,-2002095.0,3577,12.550960185323634,47.67200616720028,38.21265019809341
2017-09-02,726,2017-09-02,11.8,50.45,36.25,7.45,539730.0,-2002095.0,3577,12.230446643138315,49.62703117315379,36.564441750194796
2017-09-10,727,2017-09-10,11.8,49.05,37.5,7.35,539730.0,-2002095.0,3577,11.959042196192112,50.64355675283711,35.813346251266594
2017-09-18,728,2017-09-18,11.35,51.75,35.4,7.45,539730.0,-2002095.0,3577,11.431148108855378,51.72186868857922,35.313194700031524
2017-09-26,729,2017-09-26,11.85,52.0,34.55,7.6,539730.0,-2002095.0,3577,10.869731970813936,52.810158108137834,34.802819935477274
2017-10-04,730,2017-10-04,10.7,54.05,33.8,7.45,539730.0,-2002095.0,3577,10.061050250058035,54.290504077957266,34.18624347787923
2017-10-12,731,2017-10-12,9.0,59.7142857142857,30.0,9.0,539736.428571429,-2002047.85714286,3577,10.085115503689849,54.90492634299862,33.52641105024505
2017-10-28,732,2017-10-28,10.6,50.0,37.95,7.55,539730.0,-2002095.0,3577,10.384462750869869,54.787475218271986,33.34808179436164
2017-11-05,733,2017-11-05,10.15,54.2,34.0,7.85,539730.0,-2002095.0,3577,11.236884323105555,54.28201937380693,33.058627595309964
2017-11-21,734,2017-11-21,11.4,56.5,30.55,8.5,539730.0,-2002095.0,3577,12.35794209660124,52.64505711006473,33.56921534347504
2017-11-29,735,2017-11-29,15.0,50.5,33.25,8.6,539730.0,-2002095.0,3577,13.549169715731157,51.397551210391825,33.602997466924336
2017-12-07,736,2017-12-07,16.0,48.3,34.3,8.65,539730.0,-2002095.0,3577,14.089779222323557,51.203707438065116,33.26154955724892
2017-12-15,737,2017-12-15,13.0,52.8,32.9,8.7,539730.0,-2002095.0,3577,14.049385405613958,51.75651871347692,32.793711976872714
2017-12-23,738,2017-12-23,13.9,51.4,33.25,8.55,539730.0,-2002095.0,3577,13.759559906036179,52.767105649760296,32.14704177401065
2017-12-31,739,2017-12-31,12.35,52.55,33.5,8.2,539730.0,-2002095.0,3577,13.515150793476948,52.139548377311485,33.01519517633575
2018-01-08,740,2018-01-08,12.0,56.4,30.4,8.86666666666667,539735.0,-2002109.0,3577,12.361438600097745,53.177324687688255,33.11619406135165
2018-01-16,741,2018-01-16,11.4375,53.75,33.6875,8.0,539730.0,-2002110.0,3577,11.676019452681793,53.68584294961201,33.26038044772068
2018-02-01,742,2018-02-01,13.65,49.1,35.8,8.8,539730.0,-2002095.0,3577,11.219344625960595,51.710024031688135,35.688450288096654
2018-02-09,743,2018-02-09,11.2,50.8,36.55,8.5,539730.0,-2002095.0,3577,11.11220575090378,50.89428435340988,36.582387426809206
2018-02-17,744,2018-02-17,8.85,50.9,38.65,8.25,539730.0,-2002095.0,3577,10.690255990138294,50.410240533452814,37.45187502125797
2018-02-25,745,2018-02-25,8.85,52.0,37.75,8.35,539730.0,-2002095.0,3577,10.464266035820199,49.67584814565497,38.37170983041153
2018-03-13,746,2018-03-13,12.2,46.25,40.0,8.9,539730.0,-2002095.0,3577,9.905507456937865,50.322807378372616,38.273765514665364
2018-03-21,747,2018-03-21,9.2,50.45,39.05,8.4,539730.0,-2002095.0,3577,9.424267064203736,50.921326506303416,38.21693677838617
2018-03-29,748,2018-03-29,10.35,56.0,32.2,10.4,539730.0,-2002095.0,3577,8.964212451633713,50.41643464893485,39.252890955787564
2018-04-06,749,2018-04-06,6.85714285714286,46.0,45.7142857142857,8.85714285714286,539736.428571429,-2002047.85714286,3577,8.553106181742674,50.319604234767,39.75857981027665
2018-04-14,750,2018-04-14,7.35,50.85,40.5,8.35,539730.0,-2002095.0,3577,7.577871818582761,49.46004026932081,41.58198798105297
2018-04-22,751,2018-04-22,6.75,49.05,42.75,8.4,539730.0,-2002095.0,3577,6.513190833932895,47.858272532413984,44.15985717068648
2018-04-30,752,2018-04-30,6.45,43.5,48.55,7.55,539730.0,-2002095.0,3577,5.7948845272366025,46.407985667576256,46.27072014671943
2018-05-08,753,2018-05-08,5.2,47.35,45.9,8.05,539730.0,-2002095.0,3577,5.542057014192409,44.43718093051794,48.442022837836035
2018-05-16,754,2018-05-16,4.85,45.75,47.65,7.85,539730.0,-2002095.0,3577,5.0432770016353805,44.795075667359995,48.541056157457575
2018-05-24,755,2018-05-24,5.05,39.5,53.85,5.5,539730.0,-2002095.0,3577,5.03222025652291,45.60955855289539,47.75222873101417
2018-06-01,756,2018-06-01,4.7,48.2,45.5,7.7,539730.0,-2002095.0,3577,4.507057338945211,45.84983654116097,48.10397914778001
2018-06-09,757,2018-06-09,4.3,48.7,45.7,7.6,539730.0,-2002095.0,3577,4.418172075601756,46.72274892289674,47.417928511110276
2018-06-17,758,2018-06-17,4.45,47.3,46.8,7.55,539730.0,-2002095.0,3577,4.396563034488074,47.237733010016974,46.96987269695546
2018-07-03,759,2018-07-03,4.6,49.0,45.0,7.75,539730.0,-2002095.0,3577,4.396403905691175,47.078295698102906,47.19172855008063
2018-07-11,760,2018-07-11,4.15,43.45,51.25,7.45,539730.0,-2002095.0,3577,4.375635973932534,47.25587802289883,46.98022472882451
2018-07-19,761,2018-07-19,3.6,46.7,48.1,7.45,539730.0,-2002095.0,3577,4.362443980167786,46.02056442009315,48.150866007050766
2018-07-27,762,2018-07-27,5.15,44.4,48.9,7.35,539730.0,-2002095.0,3577,4.049078784991493,44.695789040674,49.72537400679073
2018-08-04,763,2018-08-04,3.8,47.15,47.45,7.4,539730.0,-2002095.0,3577,3.7508633007853405,44.888086990402265,49.79833943145893
2018-08-12,764,2018-08-12,3.55,43.55,51.35,7.35,539730.0,-2002095.0,3577,3.608090129684018,44.720303535467124,50.0839398991027
2018-08-20,765,2018-08-20,3.3,44.05,50.85,7.25,539730.0,-2002095.0,3577,3.4796731905859835,44.73885340664857,50.1674478771927
2018-08-28,766,2018-08-28,2.55,44.3,51.85,7.25,539730.0,-2002095.0,3577,3.368706834960202,45.04091558595529,49.9810409404762
2018-09-05,767,2018-09-05,3.1,47.5,47.75,7.3,539730.0,-2002095.0,3577,3.1774762389308724,44.77094546319883,50.49249442507202
2018-09-13,768,2018-09-13,4.625,44.25,49.5,7.0,539730.0,-2002140.0,3577,3.10558953430424,45.68605620385124,49.595315984317864
2018-09-21,769,2018-09-21,3.0,45.9,49.35,7.25,539730.0,-2002095.0,3577,3.168701422416119,46.51828573902182,48.67016984562697
2018-09-29,770,2018-09-29,2.3,48.05,48.15,7.25,539730.0,-2002095.0,3577,3.2992168048664663,47.411052415070095,47.63813516204445
2018-10-07,771,2018-10-07,3.0,47.95,47.4,7.25,539730.0,-2002095.0,3577,3.0306436597453734,48.08578882417173,47.26793013487354
2018-10-15,772,2018-10-15,2.9,49.75,45.75,6.8,539730.0,-2002095.0,3577,2.561532507739555,49.79366299334596,46.060999372138
2018-10-23,773,2018-10-23,3.1,51.35,43.9,7.4,539730.0,-2002095.0,3577,2.284084955292044,50.975008118808546,45.30242427850109
2018-10-31,774,2018-10-31,2.625,49.75,46.375,7.0,539730.0,-2002140.0,3577,2.589903981467062,51.78613306197672,44.20364859597945
2018-11-08,775,2018-11-08,2.95,51.6,44.15,7.3,539730.0,-2002095.0,3577,3.3426789928332923,51.190938318639645,44.07746162505566
2018-11-16,776,2018-11-16,2.0,53.25,43.35,8.2,539730.0,-2002095.0,3577,4.3171382796763345,49.62076468422476,44.65409621337747
2018-11-24,777,2018-11-24,6.25,48.5,43.75,7.85,539730.0,-2002095.0,3577,5.1244695706762355,48.082918010774605,45.34844064603449
2018-12-02,778,2018-12-02,7.1,42.95,48.45,7.65,539730.0,-2002095.0,3577,6.011720864274145,46.10341098529264,46.335241615962246
2018-12-10,779,2018-12-10,6.65,45.5,46.05,7.3,539730.0,-2002095.0,3577,6.149309900624772,44.979595791198975,47.26452131459165
2018-12-18,780,2018-12-18,6.0,44.1,48.45,7.25,539730.0,-2002095.0,3577,5.987481867976329,45.46139124033182,46.918024854395554
2018-12-26,781,2018-12-26,5.35,46.05,46.85,7.3,539730.0,-2002095.0,3577,5.369730347051526,46.665523176506916,46.31660839160148
2019-01-03,782,2019-01-03,3.35,50.3,44.75,7.35,539730.0,-2002095.0,3577,4.666707441164949,48.493617527975616,45.24246465608019
2019-01-11,783,2019-01-11,4.8,48.85,44.85,7.35,539730.0,-2002095.0,3577,4.265424668210409,50.00511593668741,44.16004026932161
2019-01-19,784,2019-01-19,3.8,52.85,41.9,7.45,539730.0,-2002095.0,3577,4.816307995409442,50.071134902241965,43.58636580137477
2019-01-27,785,2019-01-27,6.65,49.95,41.7,7.85,539730.0,-2002095.0,3577,5.574992393950333,48.64014347229361,44.27591725529797
2019-02-12,786,2019-02-12,5.85,44.65,47.95,7.85,539730.0,-2002095.0,3577,6.098980675507386,47.682850553382785,44.681308548052726
2019-02-20,787,2019-02-20,7.25,44.6,46.9,7.8,539730.0,-2002095.0,3577,6.621395900822973,45.590660170847265,46.257086786434606
2019-02-28,788,2019-02-28,7.5,44.3,46.4,7.7,539730.0,-2002095.0,3577,6.9780332751806755,43.87863104794175,47.55134823624418
2019-03-08,789,2019-03-08,6.95,43.45,48.1,7.5,539730.0,-2002095.0,3577,7.284898090339397,43.21773536874732,47.909020489036145
2019-03-16,790,2019-03-16,7.3,42.65,48.35,7.65,539730.0,-2002095.0,3577,8.187034449987433,42.42724765864102,47.78806004162958
2019-04-01,791,2019-04-01,8.45,42.8,47.2,7.65,539730.0,-2002095.0,3577,9.541655535523569,40.99340815236343,47.910082732592215
2019-04-09,792,2019-04-09,11.2631578947368,37.6315789473684,49.5789473684211,7.31578947368421,539732.368421053,-2002091.84210526,3577,10.673974997813655,39.72953575797769,48.040232991828965
2019-04-17,793,2019-04-17,11.55,41.2,45.75,7.75,539730.0,-2002095.0,3577,11.129550672061,38.91725090879759,48.46628642411376
2019-04-25,794,2019-04-25,12.75,37.75,48.1,7.6,539730.0,-2002095.0,3577,11.392568151817391,38.536626681619104,48.62256026396011
2019-05-11,795,2019-05-11,11.8,34.75,51.9,7.4,539730.0,-2002095.0,3577,11.07326636650182,38.43582334174195,49.00303446505758
2019-05-27,796,2019-05-27,9.15384615384615,38.6923076923077,50.7692307692308,7.38461538461539,539733.461538462,-2002069.61538462,3577,10.111855180828739,39.03569983055305,49.326157173436755
2019-06-04,797,2019-06-04,6.6,45.35,46.3,12.85,539730.0,-2002095.0,3577,9.200612647400611,39.33272246673284,49.86739901528643
2019-06-12,798,2019-06-12,10.0,37.85,50.6,7.0,539730.0,-2002095.0,3577,8.52765083839962,39.43950490165541,50.362650009638635
2019-06-20,799,2019-06-20,9.15,36.5,52.5,6.85,539730.0,-2002095.0,3577,8.432176838464667,38.53432207292764,51.31959890111002
2019-06-28,800,2019-06-28,8.15,38.95,51.25,6.95,539730.0,-2002095.0,3577,8.56075072819408,37.68893934119616,51.99686347231414
2019-07-06,801,2019-07-06,8.6,37.5,52.1,6.85,539730.0,-2002095.0,3577,8.772411263419716,36.79817147605357,52.73340447358474
2019-07-14,802,2019-07-14,9.25,34.3,54.85,6.75,539730.0,-2002095.0,3577,8.707669575005735,36.66397302387466,52.943114161372506
2019-07-22,803,2019-07-22,7.85,37.55,52.9,6.8,539730.0,-2002095.0,3577,8.250306349995519,37.01811253761165,53.119410465687366
2019-07-30,804,2019-07-30,7.9,37.4,53.2,6.9,539730.0,-2002095.0,3577,7.354480504015008,38.83153023446561,52.1968076814748
2019-08-07,805,2019-08-07,6.85,40.35,51.2,6.8,539730.0,-2002095.0,3577,7.263956786246722,38.15541470912417,53.02780856913191
2019-08-15,806,2019-08-15,6.4,41.1,51.05,6.85,539730.0,-2002095.0,3577,6.728975513649432,38.50600142890589,53.20703305981149
2019-08-23,807,2019-08-23,6.75,36.6,54.85,6.7,539730.0,-2002095.0,3577,6.25847387906118,38.8202255948328,53.391318279235996
2019-08-31,808,2019-08-31,5.95,35.8,56.9,6.6,539730.0,-2002095.0,3577,6.2630918616977365,38.07108510683794,54.11378683235459
2019-09-08,809,2019-09-08,5.9,39.7,52.75,6.7,539730.0,-2002095.0,3577,6.352491935308324,36.90547857714489,55.19915131307495
2019-09-16,810,2019-09-16,7.3,33.85,57.45,6.5,539730.0,-2002095.0,3577,6.092020827468833,36.9233226525741,55.39487107319097
2019-09-24,811,2019-09-24,4.8,42.55,50.9,5.85,539730.0,-2002095.0,3577,5.9788640152408306,37.33688757062812,55.107485548498985
2019-10-02,812,2019-10-02,6.8,34.15,57.5,6.5,539730.0,-2002095.0,3577,5.785857022233866,38.905455844459325,53.68083093376409
2019-10-10,813,2019-10-10,5.6,38.6,54.1,6.7,539730.0,-2002095.0,3577,5.630625257095003,39.06905756781334,53.6757290696839
2019-10-18,814,2019-10-18,4.2,41.95,52.25,6.65,539730.0,-2002095.0,3577,5.254496741647659,39.749415445229936,53.321623113720406
2019-10-26,815,2019-10-26,5.05,41.75,51.5,6.6,539730.0,-2002095.0,3577,4.9161521141389946,39.971420684572614,53.49894996643424
2019-11-03,816,2019-11-03,5.8,38.85,53.85,6.5,539730.0,-2002095.0,3577,4.65171036393877,40.399915564305815,53.321832037923144
2019-11-11,817,2019-11-11,4.35,38.95,54.95,6.65,539730.0,-2002095.0,3577,4.570446426637694,39.773219814235546,54.069281647137345
2019-11-19,818,2019-11-19,4.1,37.5,57.0,6.4,539730.0,-2002095.0,3577,4.596467773711669,40.5064690727169,53.32169131177622
2019-11-27,819,2019-11-27,4.3,44.6,49.4,6.9,539730.0,-2002095.0,3577,5.120058888479176,37.736952521157406,55.586877828046
2019-12-05,820,2019-12-05,5.95,34.55,58.05,6.8,539730.0,-2002095.0,3577,5.253496503495717,36.78604970879963,56.36289268006692
2019-12-13,821,2019-12-13,5.1,40.5,52.7,6.85,539730.0,-2002095.0,3577,5.47041611639053,39.0046309727366,53.98678364977868
2019-12-21,822,2019-12-21,6.3,38.9,53.4,6.75,539730.0,-2002095.0,3577,5.09296261014451,42.70558682802627,50.65194526834637
2019-12-29,823,2019-12-29,6.3,41.5,50.6,7.25,539730.0,-2002095.0,3577,5.327422113489428,45.28622724024524,47.88509493601657
2020-01-14,824,2020-01-14,5.05,43.65,49.7,7.2,539730.0,-2002095.0,3577,5.7729978999320215,47.41563575742434,45.28961441035068
2020-01-30,825,2020-01-30,6.25,60.9,31.5,10.45,539730.0,-2002095.0,3577,7.420833964795706,47.79222217410357,43.293470306776534
2020-02-07,826,2020-02-07,8.95,50.7,39.05,8.5,539730.0,-2002095.0,3577,10.173494771480868,45.723128883493565,42.651465716939214
2020-02-15,827,2020-02-15,11.3,36.1,50.8,7.4,539730.0,-2002095.0,3577,13.196725410810128,41.89490463096649,43.510064084515776
2020-03-10,828,2020-03-10,19.2,33.35,46.2,7.65,539730.0,-2002095.0,3577,15.276566931518207,39.878689731315355,43.3871333001299
2020-03-18,829,2020-03-18,17.15,37.85,43.4,7.65,539730.0,-2002095.0,3577,16.835171794147605,36.78876031089104,44.90520470241161
2020-03-26,830,2020-03-26,18.85,34.45,45.4,7.45,539730.0,-2002095.0,3577,16.901874905277953,38.61266535321686,42.86608608109515
2020-04-03,831,2020-04-03,14.55,40.25,43.6,7.45,539730.0,-2002095.0,3577,16.198137002314148,38.4804520556785,43.648432527218574
2020-04-11,832,2020-04-11,12.0,48.0,38.0,10.0,539685.0,-2002035.0,3577,14.828335750934158,39.36838099979926,44.146152763638426
2020-04-19,833,2020-04-19,12.7,38.75,46.8,7.3,539730.0,-2002095.0,3577,12.96845569291196,38.210085734693024,47.189213882086094
2020-04-27,834,2020-04-27,13.8,33.6,51.15,7.0,539730.0,-2002095.0,3577,11.477606139988326,35.62087401761792,51.32082313970091
2020-05-05,835,2020-05-05,11.05,35.95,51.4,6.85,539730.0,-2002095.0,3577,10.90245513000768,33.830159778297144,53.77883045746019
2020-05-13,836,2020-05-13,11.5,15.0,72.5,4.5,539775.0,-2002140.0,3577,10.193695468616545,33.35113879927624,55.013883175639656
2020-05-29,837,2020-05-29,7.2,45.45,45.75,6.75,539730.0,-2002095.0,3577,9.807314512111809,33.642112840714624,55.13444759573967
2020-06-06,838,2020-06-06,8.6,40.45,49.45,6.85,539730.0,-2002095.0,3577,9.213304033426496,35.395162268067196,53.95621035310633
2020-06-14,839,2020-06-14,10.1,36.15,52.2,6.8,539730.0,-2002095.0,3577,8.609595358200883,38.239393578551955,51.59771157634164
2020-06-22,840,2020-06-22,8.85,37.85,51.5,6.75,539730.0,-2002095.0,3577,8.738510251357242,38.25612266989404,51.408347225522206
2020-06-30,841,2020-06-30,9.15,36.75,52.65,6.6,539730.0,-2002095.0,3577,8.904007447659367,37.799224923677485,51.62975491999488
2020-07-08,842,2020-07-08,8.4,35.4,54.5,6.65,539730.0,-2002095.0,3577,8.978714629022885,35.98989261511944,53.35479984411076
2020-07-16,843,2020-07-16,9.05,33.85,55.55,6.5,539730.0,-2002095.0,3577,8.900789148930235,33.19788369524716,56.20601658402676
2020-07-24,844,2020-07-24,7.8,35.45,54.8,6.6,539730.0,-2002095.0,3577,8.328372556235088,34.90266297169801,55.04969148497737
2020-08-01,845,2020-08-01,9.2,32.05,57.15,6.4,539730.0,-2002095.0,3577,8.286405854206475,34.55834722552473,55.43252073003566
2020-08-09,846,2020-08-09,7.25,38.05,52.85,6.7,539730.0,-2002095.0,3577,8.064498040657826,34.80146788195804,55.448256078278746
2020-08-17,847,2020-08-17,8.35,34.2,55.95,6.5,539730.0,-2002095.0,3577,7.526385070037195,35.87458052782594,54.905920240741764
2020-08-25,848,2020-08-25,6.45,39.55,52.15,6.45,539730.0,-2002095.0,3577,6.915014397366305,38.37718720907002,53.096117040845954
2020-09-02,849,2020-09-02,7.5,35.35,55.9,6.35,539730.0,-2002095.0,3577,6.971413828688329,38.60276436669049,52.80965778286971
2020-09-10,850,2020-09-10,6.3,40.1,51.75,6.45,539730.0,-2002095.0,3577,6.817001883564333,38.868631059337325,52.72949620038615
2020-09-18,851,2020-09-18,5.55,42.45,50.5,6.15,539730.0,-2002095.0,3577,6.894438069669237,38.807081772710646,52.66719240511023
2020-09-26,852,2020-09-26,7.4,39.4,51.4,6.85,539730.0,-2002095.0,3577,6.421702858544004,38.91406251127032,53.0216866209047
2020-10-04,853,2020-10-04,7.45,38.15,52.9,6.55,539730.0,-2002095.0,3577,6.23370282967713,39.57563272640081,52.51532940742683
2020-10-12,854,2020-10-12,7.3,32.2,58.7,6.0,539730.0,-2002095.0,3577,6.144045118966803,41.12432289072542,51.089975968296514
2020-10-20,855,2020-10-20,3.16666666666667,48.1666666666667,47.1666666666667,5.33333333333333,539745.0,-2002050.0,3577,6.345666356346522,40.523130687675724,51.49276523269562
2020-10-28,856,2020-10-28,6.85,41.35,50.05,6.55,539730.0,-2002095.0,3577,6.119526654974659,40.840205460168406,51.451762324355265
2020-11-05,857,2020-11-05,5.15,44.0,49.35,6.6,539730.0,-2002095.0,3577,6.3573713930304505,41.94536666541388,50.096963267515875
2020-11-21,858,2020-11-21,10.35,39.85,48.3,7.4,539730.0,-2002095.0,3577,6.830327993611521,41.22864183850059,50.35866689365797
2020-11-29,859,2020-11-29,6.3,40.4,51.7,6.7,539730.0,-2002095.0,3577,7.675600808796956,40.60416687168122,50.18264620264996
2020-12-07,860,2020-12-07,9.18181818181818,34.2727272727273,54.9090909090909,6.0,539725.909090909,-2002127.72727273,3577,8.680747679001373,41.26931156374672,48.4988378775669
2020-12-15,861,2020-12-15,8.65,52.45,37.35,8.85,539730.0,-2002095.0,3577,10.607321384402539,42.609984995765295,45.22759269063124
2021-01-08,862,2021-01-08,15.5833333333333,36.75,46.25,7.5,539730.0,-2002065.0,3577,13.472062677914867,44.51856728972585,40.48474380951964
2021-01-24,863,2021-01-24,13.8,44.4,40.2,7.8,539739.0,-2002041.0,3577,17.112592874333906,44.34061878171826,37.00592427555004
2021-02-01,864,2021-02-01,19.4,53.9,25.25,10.0,539730.0,-2002095.0,3577,19.73888534066257,45.017531230372796,33.69266383770525
2021-02-17,865,2021-02-17,23.95,43.6,30.6,6.95,539730.0,-2002095.0,3577,21.941835538039683,44.00259477364082,32.496725410807244
2021-02-25,866,2021-02-25,25.4,36.75,36.65,8.4,539730.0,-2002095.0,3577,21.797012275646786,43.054164411433526,33.55480958669312
2021-03-05,867,2021-03-05,20.45,37.8,39.95,7.95,539730.0,-2002095.0,3577,20.76268754465039,41.83247093463187,35.80965164865559
2021-03-13,868,2021-03-13,15.125,47.25,36.0,8.125,539730.0,-2002050.0,3577,18.5501784335348,41.855496979794125,38.016196496995775
2021-04-06,869,2021-04-06,14.8,44.45,39.2,8.0,539730.0,-2002095.0,3577,15.958158327737987,41.19925956395929,41.306719132254756
2021-04-14,870,2021-04-14,14.35,39.6,44.65,7.6,539730.0,-2002095.0,3577,13.078397453937296,42.06104050747385,43.3380101322761
2021-04-22,871,2021-04-22,11.1,45.4,41.95,7.5,539730.0,-2002095.0,3577,10.822977873518052,45.09327112515294,42.6111433458119
2021-04-30,872,2021-04-30,10.85,43.45,44.3,7.4,539730.0,-2002095.0,3577,9.463862066724428,46.74351901967303,42.32093247309333
2021-05-24,873,2021-05-24,7.75,47.2,43.5,7.2,539730.0,-2002095.0,3577,8.277735499793085,47.90733724479139,42.36543765831058
2021-06-01,874,2021-06-01,6.55,53.1,38.9,7.2,539730.0,-2002095.0,3577,7.257977007511526,48.853470523277466,42.367243283026426
2021-06-09,875,2021-06-09,7.4,46.85,44.2,6.95,539730.0,-2002095.0,3577,6.791355625797336,49.79122301846016,41.85340016020505
2021-06-16,876,2021-06-16,5.05,55.05,38.35,7.1,539730.0,-2002095.0,3577,7.271544090583252,48.61764272878098,42.53040767281618
2021-07-02,877,2021-07-02,9.35,43.05,45.85,7.0,539730.0,-2002095.0,3577,8.109558552900994,46.45704099821053,43.81884106604814
2021-07-11,878,2021-07-11,8.9,42.55,46.9,6.95,539730.0,-2002095.0,3577,8.77546493753793,45.03749269305871,44.52181688280095
2021-07-18,879,2021-07-18,11.05,42.1,45.35,7.25,539730.0,-2002095.0,3577,9.506472320247989,42.89764662581359,45.96888977894483
2021-07-27,880,2021-07-27,8.85,43.65,45.8,6.9,539730.0,-2002095.0,3577,9.478461321958358,42.35458695071065,46.52897334862584
2021-08-03,881,2021-08-03,8.3,43.15,46.95,6.8,539730.0,-2002095.0,3577,9.001025263207492,42.50199187990393,46.87833352223474
2021-08-12,882,2021-08-12,8.1,44.2,46.0,6.85,539730.0,-2002095.0,3577,8.37936324283859,42.824707818127024,47.2324573077553
2021-08-19,883,2021-08-19,7.75,43.0833333333333,47.75,7.0,539730.0,-2002065.0,3577,7.416303474342796,44.49993044349508,46.54178980734468
2021-08-28,884,2021-08-28,7.05,42.6,48.85,6.6,539730.0,-2002095.0,3577,6.930235044502812,43.148548100954685,48.34496442365871
2021-09-13,885,2021-09-13,5.8,46.2,46.25,6.85,539730.0,-2002095.0,3577,6.059448773771306,43.978345811894144,48.38890937872186
2021-09-20,886,2021-09-20,6.2,43.6,48.85,6.5,539730.0,-2002095.0,3577,5.59672986820053,45.7219125680904,47.14218747014438
2021-09-29,887,2021-09-29,6.0,47.05,45.4,6.8,539730.0,-2002095.0,3577,5.408117797335711,47.26032012969022,45.810624250992575
2021-10-06,888,2021-10-06,5.23529411764706,45.1176470588235,47.8823529411765,6.58823529411765,539732.647058823,-2002084.41176471,3577,5.733124960996987,47.691257213003865,45.07537878256564
2021-10-15,889,2021-10-15,6.3,47.7,44.6,7.1,539730.0,-2002095.0,3577,7.152914177425949,46.97606449884021,44.37710761283219
2021-10-31,890,2021-10-31,9.05,54.0,35.65,8.8,539730.0,-2002095.0,3577,9.641394182214086,44.53681185868646,44.33102139164126
2021-11-16,891,2021-11-16,13.3,38.55,46.65,7.65,539730.0,-2002095.0,3577,12.890353318142324,42.27681622692828,43.32483459901316
2021-12-02,892,2021-12-02,15.8,36.0,46.55,7.6,539730.0,-2002095.0,3577,15.793263038179639,40.46845219067343,42.1525679656285
2021-12-09,893,2021-12-09,18.0,37.4,42.9,7.55,539730.0,-2002095.0,3577,18.306944103062293,38.76355129117253,41.31651755637662
2022-02-20,894,2022-02-20,21.6,38.65,38.1,8.55,539730.0,-2002095.0,3577,19.596714776751917,38.52375737538156,40.20112517239944
2022-03-08,895,2022-03-08,19.95,40.95,37.4,8.35,539730.0,-2002095.0,3577,19.70749325342001,38.77602032823635,39.81402600312951
2022-03-24,896,2022-03-24,18.0,44.55,35.85,8.05,539730.0,-2002095.0,3577,18.857075277660698,40.892187533822295,38.58944878650185
2022-04-09,897,2022-04-09,15.9,40.7,41.65,7.7,539730.0,-2002095.0,3577,17.45006928056203,43.74578362813003,37.18879062113801
2022-04-17,898,2022-04-17,16.75,43.25,38.55,7.5,539730.0,-2002095.0,3577,15.872236896228333,44.51299660091565,38.05564528350337
2022-05-03,899,2022-05-03,14.3,44.75,39.4,7.95,539730.0,-2002095.0,3577,14.386611530881826,44.90340773776635,39.155384398877
2022-05-11,900,2022-05-11,13.9,45.55,39.0,7.65,539730.0,-2002095.0,3577,13.13749052804584,45.24046959232042,40.06158176188537
2022-05-19,901,2022-05-19,11.85,47.9,38.6,7.7,539730.0,-2002095.0,3577,12.414413604969024,45.476154495652345,40.540761869703175
2022-05-27,902,2022-05-27,11.55,44.3,42.65,7.6,539730.0,-2002095.0,3577,11.533609733917608,44.783557773489164,42.0802799367752
2022-06-12,903,2022-06-12,11.25,43.2,43.95,7.6,539730.0,-2002095.0,3577,11.013709974234644,44.23095542228009,43.14585940374769
2022-07-06,904,2022-07-06,11.25,42.1,44.85,7.65,539730.0,-2002095.0,3577,11.064921301606955,43.36752148779365,43.94805581414832
2022-07-14,905,2022-07-14,11.0,43.85,43.65,7.6,539730.0,-2002095.0,3577,11.908579964924936,42.389527809645315,44.08544458636679
2022-07-22,906,2022-07-22,12.85,41.0,44.55,7.65,539730.0,-2002095.0,3577,12.896288077245902,41.49562774685994,43.998030916445394
2022-07-30,907,2022-07-30,13.85,40.5,44.05,7.6,539730.0,-2002095.0,3577,14.02411396652673,40.906085864593685,43.46790253089914
2022-08-07,908,2022-08-07,15.5,44.75,38.2,7.6,539730.0,-2002095.0,3577,14.64937972244255,41.474817597257214,42.280059104975386
2022-08-15,909,2022-08-15,15.25,40.05,43.0,7.65,539730.0,-2002095.0,3577,15.126316871980245,42.63283465759609,40.66022321331312
2022-08-23,910,2022-08-23,14.65,39.65,44.05,7.55,539730.0,-2002095.0,3577,14.480066682541299,42.435452163928794,41.445494598274784
2022-08-31,911,2022-08-31,13.6,45.7,39.2,7.6,539730.0,-2002095.0,3577,13.316641408125488,43.711599082025984,41.27628006667638
2022-09-08,912,2022-09-08,12.45,46.6,39.2,7.5,539730.0,-2002095.0,3577,12.33096083482896,45.16977418865289,40.82938470197922
2022-09-16,913,2022-09-16,11.9,47.25,39.15,7.45,539730.0,-2002095.0,3577,12.599754270495422,45.445710017529855,40.30191279308324
2022-09-24,914,2022-09-24,12.15,43.35,42.75,7.35,539730.0,-2002095.0,3577,12.971755179802777,46.0913572495547,39.27987399596719
2022-10-10,915,2022-10-10,12.2,42.95,43.2,7.65,539730.0,-2002095.0,3577,13.873456029059302,47.19657380259575,37.30415529557061
2022-10-26,916,2022-10-26,18.0,52.9,27.7,9.6,539730.0,-2002095.0,3577,15.691277200880524,44.94994017713731,37.71807345334564
2022-11-03,917,2022-11-03,18.7,40.3,39.4,8.4,539730.0,-2002095.0,3577,17.053927512927732,43.49528914949481,37.836210660769126
2022-11-11,918,2022-11-11,17.95,44.05,36.25,8.35,539730.0,-2002095.0,3577,18.137143441532125,43.73983433056431,36.530046399741124
2022-11-19,919,2022-11-19,16.4,45.75,36.2,8.3,539730.0,-2002095.0,3577,19.042279262204723,43.76620549891038,35.60418446633493
2022-12-05,920,2022-12-05,22.35,40.1,36.1,8.45,539730.0,-2002095.0,3577,20.752794494490356,44.53806372664322,33.14874692278557
2022-12-13,921,2022-12-13,22.35,41.25,34.75,8.15,539730.0,-2002095.0,3577,22.672954802832997,45.647945945613756,30.149632318010624
2022-12-21,922,2022-12-21,20.8947368421053,55.5263157894737,22.2105263157895,7.10526315789474,539732.368421053,-2002098.15789474,3577,24.74638534342379,46.80311601792373,26.9480230953936
2023-01-14,923,2023-01-14,28.45,46.3,23.7,10.4,539730.0,-2002095.0,3577,26.886822776557153,47.5848277964499,24.03727947816676
2023-01-22,924,2023-01-22,30.4,44.55,23.6,9.7,539730.0,-2002095.0,3577,28.978115266633644,47.448325124850676,22.06293946941661
2023-01-30,925,2023-01-30,32.05,47.45,18.85,10.8,539730.0,-2002095.0,3577,30.874222482159944,45.72284183756601,21.8227188520838
2023-02-15,926,2023-02-15,31.15,41.2,25.95,10.4,539730.0,-2002095.0,3577,32.399215595748856,41.61160175981741,24.26651118896313
