time,Unnamed: 0,time_ymd,pv,npv,bs,ue,x,y,spatial_ref,pv_filter,npv_filter,bs_filter
1987-09-06,1,1987-09-06,11.9,25.95,60.6,7.5,-1236349.5,-2501365.5,3577,12.854708462332292,25.503573271413845,60.109124527003765
1987-09-22,2,1987-09-22,13.0,25.5,60.05,7.5,-1236349.5,-2501365.5,3577,13.018535308860386,24.960583443903882,60.46448351270332
1987-10-08,3,1987-10-08,14.9,24.25,59.15,7.8,-1236349.5,-2501365.5,3577,12.751676277798571,24.701420122704953,60.96410700582527
1987-10-15,4,1987-10-15,14.15,24.45,59.8,7.6,-1236349.5,-2501365.5,3577,12.295250286349358,24.70100987763526,61.39698180216756
1987-10-24,5,1987-10-24,9.55,17.05,71.7,5.9,-1236349.5,-2501365.5,3577,11.839056673460695,24.930264794544982,61.60627155781954
1987-10-31,6,1987-10-31,12.65,30.25,55.45,7.85,-1236349.5,-2501365.5,3577,11.521575199825966,25.356082475316224,61.48931678916198
1987-11-09,7,1987-11-09,4.55,32.8,61.25,5.6,-1236349.5,-2501365.5,3577,11.429966047883994,25.941346037863074,60.99763487286705
1987-11-16,8,1987-11-16,13.625,30.25,54.5,8.0625,-1236361.875,-2501356.875,3577,11.600069821817314,26.644924116127562,60.13692004588938
1987-11-25,9,1987-11-25,13.8,23.35,61.25,7.85,-1236349.5,-2501365.5,3577,12.646655588991159,26.72984043819558,59.020264565147386
1987-12-02,10,1987-12-02,15.6,22.3,60.4,7.75,-1236349.5,-2501365.5,3577,13.300431921018168,28.327674338041625,56.80115287188742
1987-12-11,11,1987-12-11,14.25,25.35,58.85,7.3,-1236349.5,-2501365.5,3577,13.924167550713456,28.835009417822448,55.71933577257822
1987-12-18,12,1987-12-18,12.8,33.15,52.5,8.0,-1236349.5,-2501365.5,3577,13.832283119355356,28.183661694338596,56.48691463334582
1987-12-27,13,1987-12-27,11.6,33.55,53.5,7.85,-1236349.5,-2501365.5,3577,13.519930611182463,29.849477148234293,55.148185715205344
1988-01-03,14,1988-01-03,13.05,31.65,53.95,7.8,-1236349.5,-2501365.5,3577,13.265242806726896,29.432254432869225,55.83733464676903
1988-01-12,15,1988-01-12,13.65,28.55,56.3,7.9,-1236349.5,-2501365.5,3577,13.827162852625182,28.676872199004137,55.98483296888033
1988-01-19,16,1988-01-19,16.85,18.4,63.0,7.2,-1236349.5,-2501365.5,3577,14.320196367098251,26.54836541167414,57.55222130809506
1988-01-28,17,1988-01-28,13.05,27.35,57.95,7.9,-1236349.5,-2501365.5,3577,14.521955443934697,25.644818030263117,58.20420229924004
1988-02-13,18,1988-02-13,14.55,27.2,56.6,7.75,-1236349.5,-2501365.5,3577,13.669439693431459,25.174505834718794,59.5005683171229
1988-02-29,19,1988-02-29,14.75,24.05,59.6,7.65,-1236349.5,-2501365.5,3577,12.673365952930624,26.486737101903422,59.17981770550546
1988-04-01,20,1988-04-01,8.65,32.25,57.45,8.1,-1236349.5,-2501365.5,3577,12.457842776416765,26.185644850501617,59.716262530030704
1988-05-03,21,1988-05-03,14.25,24.15,60.0,7.6,-1236349.5,-2501365.5,3577,12.868621316761809,26.270995258607428,59.23523674467062
1988-05-19,22,1988-05-19,11.35,27.0,60.1,7.55,-1236349.5,-2501365.5,3577,13.664125657622066,26.15129143302127,58.555808742332495
1988-06-20,23,1988-06-20,15.6,21.5,61.15,7.0,-1236349.5,-2501365.5,3577,15.133077139576427,26.016249539929866,57.20139968389887
1988-07-06,24,1988-07-06,19.15,27.1,52.15,7.75,-1236349.5,-2501365.5,3577,15.789059083329168,26.21959232717355,56.42282036847757
1988-07-22,25,1988-07-22,17.55,24.7,56.15,7.7,-1236349.5,-2501365.5,3577,16.889223624670016,26.815894477035982,54.78251964752694
1988-08-07,26,1988-08-07,14.9,34.95,48.7,8.6,-1236349.5,-2501365.5,3577,17.69492303362008,27.2138777630997,53.573698283133
1988-08-23,27,1988-08-23,17.2,26.65,54.7,8.1,-1236349.5,-2501365.5,3577,17.646825001621124,28.123688540557403,52.69778626945022
1988-09-08,28,1988-09-08,18.0,26.15,54.4,8.0,-1236349.5,-2501365.5,3577,18.097493992073332,28.791651691956993,51.53767671955756
1988-09-24,29,1988-09-24,17.55,25.1,55.8,7.95,-1236349.5,-2501365.5,3577,17.43478317348026,29.445949251982007,51.51976336356371
1988-10-01,30,1988-10-01,20.0,34.0,44.0,9.0,-1236405.0,-2501325.0,3577,17.514597631468078,28.76545930848907,52.0793782069246
1988-10-10,31,1988-10-10,17.2,27.25,53.9,7.8,-1236349.5,-2501365.5,3577,17.685307107750283,28.73117841909982,51.94788694277082
1988-10-17,32,1988-10-17,16.1,31.45,51.05,7.9,-1236349.5,-2501365.5,3577,17.385075450862328,28.919053237779565,52.08720907574618
1988-10-26,33,1988-10-26,15.95,31.55,50.95,8.15,-1236349.5,-2501365.5,3577,16.749860356359402,30.398243088176628,51.33982441706132
1988-11-11,34,1988-11-11,16.45,24.45,57.75,7.0,-1236349.5,-2501365.5,3577,16.372164368137152,30.818471930541627,51.36700404857532
1988-12-29,35,1988-12-29,18.7,30.4,49.4,8.35,-1236349.5,-2501365.5,3577,16.703495420985185,29.912380653397854,52.002940093953995
1989-01-14,36,1989-01-14,16.7,33.1,48.8,8.45,-1236349.5,-2501365.5,3577,17.23001580462623,29.483817575608832,51.89879083763757
1989-02-15,37,1989-02-15,16.95,32.45,49.2,8.1,-1236349.5,-2501365.5,3577,18.34956374894181,30.53599991339473,49.65930957586562
1989-03-03,38,1989-03-03,17.15,29.2,52.2,8.5,-1236349.5,-2501365.5,3577,18.166506094521957,30.46538786290653,49.86332460108805
1989-03-19,39,1989-03-19,18.55,27.75,52.05,8.15,-1236349.5,-2501365.5,3577,17.23865963757347,30.65660871635646,50.579359804274844
1989-03-26,40,1989-03-26,18.55,26.75,53.2,7.75,-1236349.5,-2501365.5,3577,15.764317261683326,30.25857779990455,52.3770269977622
1989-04-04,41,1989-04-04,13.5,36.0,48.8,10.6,-1236349.5,-2501365.5,3577,14.09152179090049,28.4743564485008,55.78285955529704
1989-05-22,42,1989-05-22,12.45,28.45,57.45,7.85,-1236349.5,-2501365.5,3577,13.114782740477374,28.017736907051606,57.20580441229741
1989-06-23,43,1989-06-23,9.15,25.35,63.8,8.4,-1236349.5,-2501365.5,3577,12.322696962478405,28.172088592517817,57.867780207400045
1989-07-09,44,1989-07-09,12.9,26.5,59.05,8.1,-1236349.5,-2501365.5,3577,12.179705124594946,27.794619931148286,58.376735802888064
1989-08-10,45,1989-08-10,13.6,27.75,56.9,8.2,-1236349.5,-2501365.5,3577,12.755361666195672,27.703047262331047,57.92552988805993
1989-09-11,46,1989-09-11,15.15,27.5,55.9,8.4,-1236349.5,-2501365.5,3577,14.117945831256415,27.630968412388434,56.63947693172854
1989-09-18,47,1989-09-18,16.0,31.85,50.65,8.4,-1236349.5,-2501365.5,3577,15.109923358373113,28.98327307367122,54.34872480459904
1989-09-27,48,1989-09-27,13.8,29.9,54.55,8.5,-1236349.5,-2501365.5,3577,15.157941284719204,31.16198770269512,52.15437550065254
1989-10-13,49,1989-10-13,14.6,29.65,54.25,8.15,-1236349.5,-2501365.5,3577,14.967954491326868,31.639429301344077,51.9220517872143
1989-11-21,50,1989-11-21,15.15,33.85,49.75,8.55,-1236349.5,-2501365.5,3577,14.389555954878883,31.793441079040047,52.36431617916903
1989-11-30,51,1989-11-30,14.2,31.35,52.9,8.2,-1236349.5,-2501365.5,3577,14.384642447333796,32.088541644109604,52.09928013162529
1989-12-16,52,1989-12-16,13.05,34.0,51.65,8.45,-1236349.5,-2501365.5,3577,14.108441403795332,31.934768018354582,52.51764056376275
1990-02-02,53,1990-02-02,14.85,28.6,55.05,8.55,-1236349.5,-2501365.5,3577,14.069800168869275,31.371526770438493,53.128222087502074
1990-02-18,54,1990-02-18,14.45,31.8,52.25,8.55,-1236349.5,-2501365.5,3577,14.018343111994268,31.458524756972068,53.04938946501621
1990-03-06,55,1990-03-06,13.4,31.4,53.65,8.4,-1236349.5,-2501365.5,3577,13.524124791615032,30.53342354239731,54.458026802910304
1990-03-22,56,1990-03-22,12.65,30.2,55.75,8.4,-1236349.5,-2501365.5,3577,13.015156206021134,30.00260559873115,55.49921301607779
1990-04-07,57,1990-04-07,12.05,28.65,57.8,7.95,-1236349.5,-2501365.5,3577,12.23923986230305,29.75189330792601,56.542647600069486
1990-04-23,58,1990-04-23,12.6,29.9,56.05,8.1,-1236349.5,-2501365.5,3577,11.557623027125944,29.028759011881604,57.958439238771135
1990-05-09,59,1990-05-09,10.7,29.15,58.75,7.65,-1236349.5,-2501365.5,3577,10.475593756087546,29.086326831059328,59.0075288488513
1990-05-25,60,1990-05-25,10.05,26.1,62.45,7.65,-1236349.5,-2501365.5,3577,11.3919223191652,26.945848578661888,60.2073881227042
1990-07-12,61,1990-07-12,10.75,28.9,58.65,8.25,-1236349.5,-2501365.5,3577,11.82588711597823,27.211694342804826,59.46935742275411
1990-07-28,62,1990-07-28,11.65,25.75,61.25,7.75,-1236349.5,-2501365.5,3577,11.431704518390115,27.214044469458358,59.82005780596218
1990-08-13,63,1990-08-13,12.65,26.95,58.85,7.85,-1236349.5,-2501365.5,3577,10.950203511656984,27.034577496802555,60.430176015925504
1990-08-29,64,1990-08-29,11.5,26.25,60.5,8.1,-1236349.5,-2501365.5,3577,10.492830544067367,26.389182489333344,61.478058628668634
1990-09-14,65,1990-09-14,13.05,25.1,60.25,7.85,-1236349.5,-2501365.5,3577,10.212197709409805,26.47594124141716,61.67702916277846
1990-09-30,66,1990-09-30,2.9,34.05,61.4,6.35,-1236349.5,-2501365.5,3577,9.919697330531763,26.656805732962738,61.800296607408114
1990-10-16,67,1990-10-16,10.55,20.6,67.25,6.9,-1236349.5,-2501365.5,3577,10.600578059709605,26.86954794431173,60.953789863378276
1990-11-01,68,1990-11-01,13.65,27.35,57.4,8.1,-1236349.5,-2501365.5,3577,11.27031219554271,28.508715278525262,58.66405745955952
1990-11-17,69,1990-11-17,12.5,29.25,56.85,8.0,-1236349.5,-2501365.5,3577,11.881043105499534,29.516508259537904,57.09229145466683
1990-12-03,70,1990-12-03,13.05,32.8,52.65,8.65,-1236349.5,-2501365.5,3577,12.290631968648707,30.17667301738058,55.982435211838606
1990-12-19,71,1990-12-19,12.9,30.45,55.0,8.15,-1236349.5,-2501365.5,3577,12.283277403709006,30.238459373439373,55.86990733723645
1991-01-04,72,1991-01-04,11.5,31.5,55.45,8.4,-1236349.5,-2501365.5,3577,11.813715386778636,30.272208750996796,56.291845461032096
1991-01-20,73,1991-01-20,7.6,30.3,60.3,7.95,-1236349.5,-2501365.5,3577,10.186585911506992,31.13837818527756,57.05749926027711
1991-02-05,74,1991-02-05,11.5,24.75,62.1,7.95,-1236349.5,-2501365.5,3577,11.33830589774693,27.500492180673827,59.552485921362475
1991-03-09,75,1991-03-09,11.9,27.8,58.75,7.8,-1236349.5,-2501365.5,3577,11.861486140276938,26.55473272856777,59.99706351439201
1991-03-25,76,1991-03-25,12.3,28.9,57.4,7.95,-1236349.5,-2501365.5,3577,11.770362712621015,26.75298555932831,59.94572878101394
1991-04-10,77,1991-04-10,12.1,27.5,58.9,7.65,-1236349.5,-2501365.5,3577,11.268139840893575,27.65869543253031,59.53088878784584
1991-04-26,78,1991-04-26,12.35,24.95,61.05,7.6,-1236349.5,-2501365.5,3577,10.160405435636115,28.482469852125043,59.769388454673646
1991-05-12,79,1991-05-12,10.05,25.3,62.9,7.85,-1236349.5,-2501365.5,3577,9.090377579075913,29.547555695074507,59.689784364233645
1991-05-28,80,1991-05-28,2.55555555555556,40.1666666666667,55.6111111111111,12.1666666666667,-1236346.66666667,-2501371.66666667,3577,8.483834053801829,29.278121053348883,60.48327138976389
1991-06-29,81,1991-06-29,9.7,26.2,62.3,8.0,-1236349.5,-2501365.5,3577,9.024377016171334,28.00964298858618,61.16158500940868
1991-07-15,82,1991-07-15,10.15,25.05,62.9,7.85,-1236349.5,-2501365.5,3577,10.018771063816008,27.344324406239828,60.86139629203735
1991-07-31,83,1991-07-31,12.9,25.85,59.55,7.65,-1236349.5,-2501365.5,3577,11.1996365175915,26.466773113363587,60.60188512896586
1991-09-01,84,1991-09-01,14.85,24.3,59.15,7.8,-1236349.5,-2501365.5,3577,12.687663368621223,25.48108532334158,60.131635598654476
1991-09-17,85,1991-09-17,12.75,24.05,61.7,7.85,-1236349.5,-2501365.5,3577,13.708152013103525,24.75066790793975,59.87874530009858
1991-10-19,86,1991-10-19,11.65,28.45,58.2,7.9,-1236349.5,-2501365.5,3577,13.462797659854473,25.355998903053937,59.58604369485832
1991-11-04,87,1991-11-04,12.95,27.7,57.85,7.85,-1236349.5,-2501365.5,3577,12.830280297615843,28.234286301929142,57.398511189524285
1991-11-20,88,1991-11-20,12.8,26.85,58.65,7.85,-1236349.5,-2501365.5,3577,12.544366624086113,27.469259996964865,58.479313256394306
1991-12-06,89,1991-12-06,13.65,28.35,56.6,7.9,-1236349.5,-2501365.5,3577,12.90784385892552,28.288308904713347,57.28022689384062
1991-12-22,90,1991-12-22,11.5,28.4,58.7,7.85,-1236349.5,-2501365.5,3577,12.949712052651293,28.546999285539915,57.01020697567834
1992-01-23,91,1992-01-23,13.0,28.65,56.85,7.85,-1236349.5,-2501365.5,3577,12.48232804347169,28.26981857151713,57.75401502521383
1992-02-08,92,1992-02-08,13.2,26.9,58.25,7.9,-1236349.5,-2501365.5,3577,11.606284947811499,27.375000442840424,59.479645094553184
1992-02-24,93,1992-02-24,9.05,24.6,64.8,6.95,-1236349.5,-2501365.5,3577,10.198344351959491,26.410334219674482,61.796368970170604
1992-03-11,94,1992-03-11,12.05,31.5,54.8,8.0,-1236349.5,-2501365.5,3577,9.459027729938224,25.326378181342022,63.587984348881136
1992-03-27,95,1992-03-27,4.63636363636364,19.6363636363636,74.1818181818182,4.0,-1236355.90909091,-2501335.90909091,3577,9.143234123038557,24.048599036760365,65.11906416127228
1992-07-17,96,1992-07-17,10.35,23.95,63.85,7.7,-1236349.5,-2501365.5,3577,9.45599995276184,23.774222906276766,65.10020479097751
1992-08-18,97,1992-08-18,10.65,22.6,65.1,7.8,-1236349.5,-2501365.5,3577,9.938933020257174,24.035126919235342,64.4026908216933
1992-09-03,98,1992-09-03,10.1,25.95,62.5,8.35,-1236349.5,-2501365.5,3577,10.847248164161826,24.789562351520367,62.76716701535635
1992-10-05,99,1992-10-05,13.75,27.2,57.35,7.9,-1236349.5,-2501365.5,3577,11.228574985384451,26.16591396219488,61.01922210915107
1992-10-21,100,1992-10-21,11.0,26.65,60.8,8.2,-1236349.5,-2501365.5,3577,11.105207949943132,27.863353828829545,59.44008421917751
1992-11-06,101,1992-11-06,11.15,30.45,56.95,8.0,-1236349.5,-2501365.5,3577,11.921550585635492,29.495687284846966,56.99946307561554
1992-11-22,102,1992-11-22,10.7,28.5,59.15,8.1,-1236349.5,-2501365.5,3577,11.636095174173931,28.936583385650266,57.838138950823804
1992-12-08,103,1992-12-08,11.6,30.05,56.6,8.05,-1236349.5,-2501365.5,3577,13.074700686308638,29.94420533026897,55.37325986705964
1993-01-09,104,1993-01-09,13.5,29.85,55.05,7.9,-1236349.5,-2501365.5,3577,13.633141007597175,28.96250514191258,55.7949717465114
1993-02-26,105,1993-02-26,16.65,26.75,55.05,7.9,-1236349.5,-2501365.5,3577,13.65242914979553,28.24135075450443,56.521664249055185
1993-03-30,106,1993-03-30,15.5,26.95,56.1,7.8,-1236349.5,-2501365.5,3577,13.941808655738459,27.200676568009968,57.24516335057275
1993-04-15,107,1993-04-15,11.85,28.85,57.6,7.8,-1236349.5,-2501365.5,3577,13.880537573879153,26.49655762194066,58.041888761384726
1993-05-17,108,1993-05-17,14.25,26.55,57.65,7.95,-1236349.5,-2501365.5,3577,13.809099569159427,26.477693823200703,58.14211825325508
1993-06-02,109,1993-06-02,10.05,20.75,67.5,8.65,-1236349.5,-2501365.5,3577,14.116362120849178,26.246563034484808,58.06064322673362
1993-06-18,110,1993-06-18,16.45,30.6,51.45,8.45,-1236349.5,-2501365.5,3577,14.700405940806222,26.210687609600104,57.4858115568556
1993-07-20,111,1993-07-20,18.0,26.45,53.9,8.0,-1236349.5,-2501365.5,3577,15.76591612721408,26.447508064686772,56.14984736624764
1993-08-12,112,1993-08-12,17.0,27.65,53.85,8.0,-1236349.5,-2501365.5,3577,16.995612591740084,26.49656195197595,54.87225096883719
1993-08-28,113,1993-08-28,16.4,25.8,56.1,8.15,-1236349.5,-2501365.5,3577,17.139516984560863,27.046546796852354,54.22326960963922
1993-09-06,114,1993-09-06,17.5,26.9,54.05,7.9,-1236349.5,-2501365.5,3577,17.308968585591387,28.475254930823432,52.67746974387054
1993-09-22,115,1993-09-22,15.25,29.05,54.05,7.95,-1236349.5,-2501365.5,3577,16.638516746408996,29.039361103288652,52.84579770074337
1993-09-29,116,1993-09-29,16.05,31.5,51.1,7.95,-1236349.5,-2501365.5,3577,15.107482300978496,29.721130572209724,53.74358938274544
1993-10-08,117,1993-10-08,14.6,30.9,53.35,7.9,-1236349.5,-2501365.5,3577,14.326373162439133,31.913338673705418,52.40446318386712
1993-10-15,118,1993-10-15,14.15,33.3,51.2,7.95,-1236349.5,-2501365.5,3577,13.476859208900539,32.65113555174987,52.52830760569913
1993-10-24,119,1993-10-24,14.35,32.95,51.25,7.9,-1236349.5,-2501365.5,3577,13.41551668145895,32.91990625473106,52.319785013740045
1993-10-31,120,1993-10-31,8.7,30.45,59.35,6.45,-1236349.5,-2501365.5,3577,12.70850635432489,32.42863235834887,53.43632466603805
1993-11-16,121,1993-11-16,14.95,33.9,49.8,8.25,-1236349.5,-2501365.5,3577,13.739446621487911,30.464231743484156,54.34967524734515
1993-11-25,122,1993-11-25,14.35,29.35,54.8,8.0,-1236349.5,-2501365.5,3577,14.160275173740548,28.947735391539116,55.397877200190905
1993-12-11,123,1993-12-11,15.25,27.5,55.7,7.95,-1236349.5,-2501365.5,3577,14.040834397798243,29.02102556885405,55.446393080595314
1993-12-27,124,1993-12-27,14.5,28.75,55.3,7.4,-1236349.5,-2501365.5,3577,12.977410205891239,30.173434150983823,55.406012253991584
1994-01-19,125,1994-01-19,10.95,29.2,58.4,6.2,-1236349.5,-2501365.5,3577,13.384866526660193,31.3095185000711,53.84353850483077
1994-01-28,126,1994-01-28,16.1,31.15,51.4,7.95,-1236349.5,-2501365.5,3577,12.840932906101266,32.52533503647568,53.12996600921504
1994-02-04,127,1994-02-04,5.2,40.4,52.7,10.9,-1236381.0,-2501370.0,3577,11.277857282035164,33.36543982332957,53.82701076012965
1994-02-13,128,1994-02-13,12.05,35.0,51.5,7.9,-1236349.5,-2501365.5,3577,11.250548831971301,33.18518370174221,54.0170127086455
1994-04-02,129,1994-04-02,14.6,28.55,55.3,7.85,-1236349.5,-2501365.5,3577,10.612565762409377,32.173724263347935,55.662095953573704
1994-04-18,130,1994-04-18,13.8,27.3,57.15,7.85,-1236349.5,-2501365.5,3577,10.589132693929873,30.735886249968345,57.10763385220736
1994-05-04,131,1994-05-04,3.15,31.35,64.05,7.05,-1236349.5,-2501365.5,3577,10.476063564916489,29.262383900924426,58.71327480568088
1994-05-20,132,1994-05-20,11.85,27.1,59.6,7.6,-1236349.5,-2501365.5,3577,10.351707116411452,27.76460737404595,60.35836779318849
1994-06-05,133,1994-06-05,12.15,27.65,58.65,7.6,-1236349.5,-2501365.5,3577,10.618660287079752,27.47684838381022,60.37662105695259
1994-06-21,134,1994-06-21,9.0,31.25,58.25,8.2,-1236349.5,-2501365.5,3577,10.017540972957434,28.011416138037337,60.4105144081834
1994-07-23,135,1994-07-23,13.15,24.95,60.2,7.55,-1236349.5,-2501365.5,3577,11.076387235054312,26.996963562749,60.35860269760296
1994-07-30,136,1994-07-30,10.55,25.75,62.2,7.7,-1236349.5,-2501365.5,3577,12.316943428087098,26.00908116650762,60.09632813006528
1994-08-08,137,1994-08-08,12.2,26.15,60.0,7.7,-1236349.5,-2501365.5,3577,12.363929723525402,26.63614063954223,59.399037649647966
1994-08-15,138,1994-08-15,12.15,27.15,59.1,7.7,-1236349.5,-2501365.5,3577,11.858164281537125,26.43666565632115,60.136245642893
1994-08-24,139,1994-08-24,13.55,25.55,59.45,7.65,-1236349.5,-2501365.5,3577,12.894108986986318,26.87423629002175,58.686143887063906
1994-08-31,140,1994-08-31,12.05,30.0,56.4,7.9,-1236349.5,-2501365.5,3577,12.694019138754086,29.05928251314814,56.74431899369132
1994-09-16,141,1994-09-16,12.15,32.8,53.6,7.85,-1236349.5,-2501365.5,3577,11.651496027190882,31.003954404723764,55.86840373248208
1994-09-25,142,1994-09-25,11.55,30.15,56.7,7.7,-1236349.5,-2501365.5,3577,12.32610686526911,32.20155123513776,53.944080841750804
1994-10-02,143,1994-10-02,14.2,29.0,55.35,7.7,-1236349.5,-2501365.5,3577,12.084550434084232,33.12386390698589,53.254433956128786
1994-10-11,144,1994-10-11,9.2,41.4,47.9,10.2,-1236349.5,-2501365.5,3577,11.515275281991828,33.70516464958686,53.219341185122715
1994-10-18,145,1994-10-18,10.4,31.45,56.6,7.05,-1236349.5,-2501365.5,3577,11.39008205416704,33.03120656432856,54.07291887678077
1994-10-27,146,1994-10-27,14.95,28.5,54.85,7.45,-1236349.5,-2501365.5,3577,12.97346554374224,30.913883175643264,54.62847322954866
1994-11-03,147,1994-11-03,14.35,33.1,51.1,8.2,-1236349.5,-2501365.5,3577,12.588095650477669,30.666141289046926,55.26558487950851
1994-11-12,148,1994-11-12,6.75,28.65,63.4,7.7,-1236349.5,-2501365.5,3577,12.148174890123538,30.510133365082364,55.89664314013325
1994-11-19,149,1994-11-19,13.6,29.75,55.2,7.9,-1236349.5,-2501365.5,3577,11.032738314315612,30.26825759379487,57.246310809924545
1994-11-28,150,1994-11-28,14.8,28.6,55.1,8.0,-1236349.5,-2501365.5,3577,9.629401066970196,31.198339940877617,57.710594641190646
1994-12-05,151,1994-12-05,7.7,34.9,55.65,8.8,-1236349.5,-2501365.5,3577,8.986121345417036,32.47140737608291,57.05502519697624
1994-12-21,152,1994-12-21,0.7,37.55,60.4,17.25,-1236349.5,-2501365.5,3577,8.32869495283321,35.01578762704627,55.06765552785491
1994-12-30,153,1994-12-30,13.65,27.95,56.85,8.45,-1236349.5,-2501365.5,3577,10.07580541840089,28.54914494537998,59.80259209920491
1995-01-06,154,1995-01-06,9.5,31.95,56.85,8.95,-1236349.5,-2501365.5,3577,11.039174466034954,27.820716353392946,59.57256445065608
1995-01-15,155,1995-01-15,13.95,30.8,53.7,8.0,-1236349.5,-2501365.5,3577,10.64624057421203,31.61675882849149,56.15869808573395
1995-01-22,156,1995-01-22,14.65,29.3,54.5,7.9,-1236349.5,-2501365.5,3577,12.280602588085728,35.02436319826071,51.108774880184114
1995-01-31,157,1995-01-31,8.23529411764706,35.9411764705882,54.2352941176471,10.5882352941176,-1236355.58823529,-2501356.76470588,3577,12.482958254637321,42.27322599090316,43.680647098296745
1995-02-07,158,1995-02-07,15.25,31.65,51.75,7.9,-1236349.5,-2501365.5,3577,11.21422531211109,47.9366420958318,39.22865623721895
1995-02-23,159,1995-02-23,4.2,93.7,0.0,3.7,-1236349.5,-2501365.5,3577,9.749427480185451,50.655102373488525,38.02139591422397
1995-03-04,160,1995-03-04,12.75,39.65,46.25,9.0,-1236349.5,-2501365.5,3577,11.18096599266529,46.555954244255425,40.66897497875765
1995-03-20,161,1995-03-20,15.2,30.85,52.55,7.95,-1236349.5,-2501365.5,3577,12.61481986416236,44.23526998406142,41.5269314186025
1995-05-07,162,1995-05-07,9.15,43.8,45.3,11.0,-1236349.5,-2501365.5,3577,13.806800384097535,38.203693201711545,46.40372777831563
1995-05-14,163,1995-05-14,17.1,15.45,65.75,6.15,-1236349.5,-2501365.5,3577,14.606713146621725,30.708076025226788,53.15497597466389
1995-05-23,164,1995-05-23,16.75,31.0,51.0,8.2,-1236349.5,-2501365.5,3577,14.29715841433894,25.082047418976828,59.132545309353084
1995-05-30,165,1995-05-30,16.4,29.8,52.15,8.0,-1236349.5,-2501365.5,3577,14.760701873247474,23.177543418151856,60.64620701643107
1995-06-15,166,1995-06-15,10.2,38.65,49.85,9.4,-1236349.5,-2501365.5,3577,13.687034346092585,28.965328898014416,55.89121009203038
1995-06-24,167,1995-06-24,10.3529411764706,10.1176470588235,78.2352941176471,4.82352941176471,-1236339.70588235,-2501367.35294118,3577,14.234829466652148,26.681667267348942,57.71654417335581
1995-07-10,168,1995-07-10,18.2,28.9,51.4,8.1,-1236349.5,-2501365.5,3577,14.680165827614008,26.791557004273812,57.13675123819053
1995-07-17,169,1995-07-17,15.7,30.25,52.55,8.5,-1236349.5,-2501365.5,3577,14.976883215125376,28.020183440667317,55.51585022152396
1995-07-26,170,1995-07-26,17.6,29.2,51.75,8.45,-1236349.5,-2501365.5,3577,16.58512944894959,26.414164946322714,55.43867326444354
1995-08-02,171,1995-08-02,16.15,26.8,55.35,8.25,-1236349.5,-2501365.5,3577,17.81209843698195,27.611269744638406,52.9711235677374
1995-08-11,172,1995-08-11,18.0,27.95,52.5,8.25,-1236349.5,-2501365.5,3577,18.315173780869458,28.543298633614896,51.50998595284841
1995-08-18,173,1995-08-18,18.0,27.5,52.7,8.3,-1236349.5,-2501365.5,3577,17.874836827711594,28.65829373685438,51.84298336883612
1995-08-27,174,1995-08-27,17.95,27.8,52.75,8.0,-1236349.5,-2501365.5,3577,17.139111234783414,26.52105919030491,54.75995920851231
1995-09-03,175,1995-09-03,16.75,28.95,52.8,8.35,-1236349.5,-2501365.5,3577,16.529488622829803,28.554334004484534,53.39438719174763
1995-09-12,176,1995-09-12,16.65,27.75,54.15,7.9,-1236349.5,-2501365.5,3577,16.227175662312558,30.667253145886335,51.646827527469966
1995-10-14,177,1995-10-14,14.8,32.7,51.1,7.9,-1236349.5,-2501365.5,3577,16.27764511030522,31.848851818970896,50.43797332697508
1995-10-21,178,1995-10-21,14.8,31.65,51.9,8.0,-1236349.5,-2501365.5,3577,16.017301016834228,32.567991657460475,49.89008927088677
1995-11-15,179,1995-11-15,13.3,38.15,47.3,8.7,-1236349.5,-2501365.5,3577,14.45235698254058,32.92015968207427,51.087108763262115
1996-01-02,180,1996-01-02,16.25,30.95,51.15,8.25,-1236349.5,-2501365.5,3577,12.37533611898752,32.47583804224186,53.61531100477667
1996-01-18,181,1996-01-18,14.9,30.35,53.05,8.15,-1236349.5,-2501365.5,3577,10.320320133940882,31.596952737660096,56.578034452638995
1996-02-03,182,1996-02-03,5.33333333333333,27.7777777777778,65.3333333333333,14.8888888888889,-1236325.0,-2501378.33333333,3577,9.175006314633425,30.403513943911882,58.965486732041384
1996-02-19,183,1996-02-19,5.35,31.95,61.4,5.45,-1236349.5,-2501365.5,3577,8.76471778994868,30.190730476948882,59.64738357616723
1996-03-06,184,1996-03-06,6.33333333333333,29.2,63.4666666666667,6.0,-1236351.0,-2501383.0,3577,10.211082003650137,29.15482221596337,59.267604480134324
1996-03-22,185,1996-03-22,15.55,29.65,53.25,7.8,-1236349.5,-2501365.5,3577,11.501642526718207,28.663176417661298,58.449580347404435
1996-04-07,186,1996-04-07,15.4,29.95,53.05,8.3,-1236349.5,-2501365.5,3577,13.028594470542986,29.617194930967592,55.95205784926311
1996-04-23,187,1996-04-23,16.35,29.5,52.8,8.05,-1236349.5,-2501365.5,3577,14.576330222922472,29.633314569842646,54.28948847848966
1996-05-09,188,1996-05-09,13.7,28.95,55.7,8.25,-1236349.5,-2501365.5,3577,14.897204240545667,29.787684417401326,53.71837811310694
1996-05-25,189,1996-05-25,13.7,24.9,59.75,7.8,-1236349.5,-2501365.5,3577,13.33907856848834,29.934983076774273,55.090329948680846
1996-06-10,190,1996-06-10,6.85,37.2,54.35,10.8,-1236349.5,-2501365.5,3577,12.176502341825602,30.04830912121485,56.152294557858916
1996-07-12,191,1996-07-12,14.7,29.85,53.85,8.2,-1236349.5,-2501365.5,3577,11.464860681112837,29.41832254432434,57.52162744375508
1996-07-28,192,1996-07-28,12.05,27.5,58.9,8.2,-1236349.5,-2501365.5,3577,12.094912208532692,29.65363073458606,56.677098443343844
1996-08-29,193,1996-08-29,13.05,28.45,56.9,8.35,-1236349.5,-2501365.5,3577,12.683680096990894,29.441441685245334,56.323404923241704
1996-09-14,194,1996-09-14,13.2,28.85,56.45,8.3,-1236349.5,-2501365.5,3577,12.945013964361875,28.68290285565399,56.84490138343779
1996-09-30,195,1996-09-30,13.95,28.6,55.9,8.0,-1236349.5,-2501365.5,3577,12.683475502823454,28.778888912940342,56.96626361253993
1996-11-17,196,1996-11-17,12.3,32.75,53.5,8.5,-1236349.5,-2501365.5,3577,14.017301738507076,30.645716512584997,53.83841932060942
1996-12-03,197,1996-12-03,13.4,32.85,52.3,8.4,-1236349.5,-2501365.5,3577,13.872276949055063,33.91294031045846,50.77242092272293
1997-01-04,198,1997-01-04,13.75,30.85,53.65,8.65,-1236349.5,-2501365.5,3577,14.802953084065422,35.399093940110326,48.34079542747551
1997-01-20,199,1997-01-20,14.85,38.45,45.35,9.2,-1236349.5,-2501365.5,3577,14.94950804894291,35.95818032234607,47.597696814858296
1997-02-21,200,1997-02-21,18.8,41.4,38.5,9.65,-1236349.5,-2501365.5,3577,14.893385575862943,35.82617407922248,47.744278744046454
1997-03-09,201,1997-03-09,16.55,35.4,46.65,8.65,-1236349.5,-2501365.5,3577,14.578820911706433,35.44762851839441,48.376681086989095
1997-03-25,202,1997-03-25,7.18181818181818,29.2727272727273,61.4545454545455,18.5454545454545,-1236353.18181818,-2501393.18181818,3577,14.392676926223892,34.791008288075986,49.20963511579158
1997-04-10,203,1997-04-10,16.4,33.45,48.45,8.55,-1236349.5,-2501365.5,3577,13.708781508385426,33.31809659520955,51.35637971653247
1997-04-26,204,1997-04-26,13.15,33.05,52.35,8.3,-1236349.5,-2501365.5,3577,13.701199124543544,33.284551614999785,51.384695293440785
1997-05-28,205,1997-05-28,13.15,35.4,49.9,8.55,-1236349.5,-2501365.5,3577,12.969415386188006,33.15944794017757,52.21357397175644
1997-06-13,206,1997-06-13,14.15,34.9,49.35,8.5,-1236349.5,-2501365.5,3577,12.371574400829518,34.24843577474645,51.77309857324563
1997-06-29,207,1997-06-29,12.65,32.3,53.6,8.5,-1236349.5,-2501365.5,3577,12.174511247264846,34.69110069496548,51.60640628720353
1997-08-16,208,1997-08-16,10.1,34.1,54.0,8.65,-1236349.5,-2501365.5,3577,11.229464807636504,33.97673796790936,53.27070298122133
1997-09-01,209,1997-09-01,10.35,38.4,49.75,9.55,-1236349.5,-2501365.5,3577,10.039908852755651,32.772832276078155,55.631838749477495
1997-09-17,210,1997-09-17,7.25,26.25,65.0,6.55,-1236349.5,-2501365.5,3577,10.688918357183013,32.20942215678576,55.56667604840148
1997-10-03,211,1997-10-03,13.35,32.7,52.55,8.45,-1236349.5,-2501365.5,3577,10.93955270735293,31.67882829244585,55.87782047672853
1997-10-19,212,1997-10-19,12.35,32.2,54.0,8.5,-1236349.5,-2501365.5,3577,11.490851717939783,32.451112819064626,54.57928835869197
1997-11-04,213,1997-11-04,12.25,34.55,51.55,8.9,-1236349.5,-2501365.5,3577,12.343512524625229,33.53942064127322,52.627344172847145
1997-11-11,214,1997-11-11,13.2,34.0,51.4,8.35,-1236349.5,-2501365.5,3577,12.989212799582376,34.77297624975124,50.74422373291584
1997-11-27,215,1997-11-27,11.75,36.1,50.5,8.9,-1236349.5,-2501365.5,3577,12.585902487603391,36.536375543955224,49.34079217994889
1997-12-06,216,1997-12-06,12.0,38.7,47.9,9.45,-1236349.5,-2501365.5,3577,12.18021606875914,37.92635367727681,48.35592240576038
1997-12-13,217,1997-12-13,12.15,39.15,47.15,9.15,-1236349.5,-2501365.5,3577,11.695802030784803,37.977547684507954,48.79069150662849
1997-12-29,218,1997-12-29,12.65,35.7,50.0,8.9,-1236349.5,-2501365.5,3577,11.912078014862615,36.85391512511705,49.6819740630812
1998-01-07,219,1998-01-07,10.95,36.35,51.25,8.95,-1236349.5,-2501365.5,3577,12.022450614399279,35.680456076425976,50.75485288704344
1998-01-23,220,1998-01-23,10.75,35.45,52.2,8.65,-1236349.5,-2501365.5,3577,11.607002130994204,34.8671747756835,51.94951936607507
1998-02-08,221,1998-02-08,14.4,33.8,50.2,8.45,-1236349.5,-2501365.5,3577,12.644834731829746,34.74859242923739,51.035650263042015
1998-02-24,222,1998-02-24,11.8,32.8,53.85,8.6,-1236349.5,-2501365.5,3577,12.620901544274275,34.261056435819114,51.53095000973488
1998-03-12,223,1998-03-12,11.4,30.65,56.35,7.75,-1236349.5,-2501365.5,3577,11.834809617625194,34.3869154065697,52.213424191899364
1998-03-19,224,1998-03-19,12.4,42.25,43.9,9.65,-1236349.5,-2501365.5,3577,11.28032370106506,34.10473458429605,53.06912251834059
1998-03-28,225,1998-03-28,10.8571428571429,32.4285714285714,55.0,9.0,-1236323.57142857,-2501376.42857143,3577,10.381930144157705,36.20575322509765,51.99895754399621
1998-04-04,226,1998-04-04,12.75,31.4,54.45,8.45,-1236349.5,-2501365.5,3577,10.88449136003154,28.08194993860208,59.365206001420034
1998-04-29,227,1998-04-29,3.3,27.85,67.35,6.05,-1236349.5,-2501365.5,3577,10.659006937333526,27.58998864911765,60.079393362046915
1998-05-06,228,1998-05-06,12.1,33.8,52.6,8.3,-1236349.5,-2501365.5,3577,10.15696857322093,31.2123164760889,57.1195912446601
1998-05-31,229,1998-05-31,13.5,29.75,55.25,8.05,-1236349.5,-2501365.5,3577,9.093259681493613,36.689386774211016,52.91499599470944
1998-06-16,230,1998-06-16,9.55,32.8,56.0,8.65,-1236349.5,-2501365.5,3577,8.339122332774334,42.960437240771384,47.53795059429024
1998-07-18,231,1998-07-18,9.75,34.35,54.35,8.8,-1236349.5,-2501365.5,3577,8.423979116857113,48.29057320387868,42.23502132541749
1998-08-03,232,1998-08-03,0.5,100.5,0.0,9.5,-1236345.0,-2501340.0,3577,9.338365659107302,47.89263646569432,41.73995864815675
1998-08-10,233,1998-08-10,11.3,29.85,57.15,8.55,-1236349.5,-2501365.5,3577,10.328463486975876,45.52472125397141,43.115256879337124
1998-08-19,234,1998-08-19,13.6,30.85,53.85,8.5,-1236349.5,-2501365.5,3577,10.69423022797476,40.64454523803762,47.48676957716495
1998-09-04,235,1998-09-04,14.5,29.4,54.55,8.3,-1236349.5,-2501365.5,3577,12.485350408103958,35.766161856713794,50.391565091247955
1998-09-20,236,1998-09-20,15.2,26.0,57.5,6.9,-1236349.5,-2501365.5,3577,13.926749875509403,30.445665634670377,54.092753685934454
1998-10-06,237,1998-10-06,13.1,32.55,52.8,8.45,-1236349.5,-2501365.5,3577,14.475079564396289,27.738778713542374,56.097803589590875
1998-10-13,238,1998-10-13,11.15,39.3,47.95,9.45,-1236349.5,-2501365.5,3577,14.546015285022403,29.01037368204117,54.790878780653884
1998-10-22,239,1998-10-22,14.75,32.95,50.7,8.4,-1236349.5,-2501365.5,3577,13.76982723158988,37.238974647637804,47.59511139015072
1998-10-29,240,1998-10-29,14.65,35.05,48.95,8.85,-1236349.5,-2501365.5,3577,14.150221914306488,34.96488233128578,49.390274740731755
1998-11-07,241,1998-11-07,16.1,32.35,50.05,8.4,-1236349.5,-2501365.5,3577,14.62400679815322,35.40526424039827,48.511905432022026
1998-11-14,242,1998-11-14,14.8,34.35,49.35,8.75,-1236349.5,-2501365.5,3577,15.063193617525734,34.5983394314612,48.9277544436914
1998-11-23,243,1998-11-23,14.6,35.4,48.7,8.7,-1236349.5,-2501365.5,3577,14.884322024722277,34.63434150987813,49.11734179132826
1998-11-30,244,1998-11-30,14.0,37.45,47.15,8.95,-1236349.5,-2501365.5,3577,14.34071532182773,34.97317218384807,49.29081058259888
1998-12-09,245,1998-12-09,13.55,35.2,50.05,8.9,-1236349.5,-2501365.5,3577,14.21166836259503,36.04628266469833,48.33811405312231
1998-12-25,246,1998-12-25,16.7,33.15,48.5,8.65,-1236349.5,-2501365.5,3577,14.82755959210846,35.63856870682964,48.08884691159515
1999-01-10,247,1999-01-10,14.05,36.25,48.2,8.9,-1236349.5,-2501365.5,3577,15.20074981777541,34.73206896302352,48.59787828270075
1999-01-17,248,1999-01-17,16.4,37.5,44.65,9.1,-1236349.5,-2501365.5,3577,18.03495721684307,34.84489897786592,45.66830919337976
1999-02-27,249,1999-02-27,20.35,30.3,47.9,8.25,-1236349.5,-2501365.5,3577,19.534325633084322,34.759134570274895,44.25307216003149
1999-03-15,250,1999-03-15,20.05,37.0,41.55,9.2,-1236349.5,-2501365.5,3577,19.861928525547846,34.69055763637289,43.96267509579546
1999-05-02,251,1999-05-02,19.75,31.95,46.7,9.2,-1236349.5,-2501365.5,3577,19.41013312452651,34.25922922965754,44.8169538923342
1999-05-18,252,1999-05-18,21.6,35.8,41.25,9.5,-1236349.5,-2501365.5,3577,18.82236210641502,33.24998123650877,46.38104094047674
1999-05-25,253,1999-05-25,20.75,37.15,40.55,9.25,-1236349.5,-2501365.5,3577,18.16898936976065,33.06019073804956,47.20434410789743
1999-06-03,254,1999-06-03,7.44444444444444,26.9444444444444,63.6666666666667,19.8333333333333,-1236351.66666667,-2501373.33333333,3577,17.347160338798616,33.794439994125334,47.29945405471015
1999-06-26,255,1999-06-26,19.3,34.3,44.9,9.55,-1236349.5,-2501365.5,3577,17.19463292125574,33.94742038147103,47.30931607091892
1999-07-05,256,1999-07-05,20.8,33.7,44.2,9.25,-1236349.5,-2501365.5,3577,17.939397547753998,33.961341084091416,46.57178332502714
1999-07-12,257,1999-07-12,19.85,36.8,41.85,9.4,-1236349.5,-2501365.5,3577,18.650798650950662,34.12406826059566,45.72180461436745
1999-07-13,258,1999-07-13,18.5,36.15,43.95,9.45,-1236349.5,-2501365.5,3577,19.51560039547364,33.80259729949628,45.16122561648203
1999-07-21,259,1999-07-21,19.85,31.2,47.15,9.35,-1236349.5,-2501365.5,3577,19.867041214716266,33.65625076677206,44.95505748121175
1999-08-06,260,1999-08-06,18.45,31.5,48.55,9.05,-1236349.5,-2501365.5,3577,19.357024159188448,33.20030610943428,45.88119754341979
1999-08-14,261,1999-08-14,18.95,33.7,45.8,9.2,-1236349.5,-2501365.5,3577,17.59095203042309,31.79772312310537,48.993770161719496
1999-08-22,262,1999-08-22,17.0,29.8,51.6,9.05,-1236349.5,-2501365.5,3577,17.887917036521173,32.28079412846732,48.270760354189676
1999-08-30,263,1999-08-30,17.55,35.45,45.45,9.2,-1236349.5,-2501365.5,3577,17.831693693300934,32.88211045919533,47.781533481990735
1999-09-07,264,1999-09-07,17.1,32.1,49.4,8.2,-1236349.5,-2501365.5,3577,17.717317976138858,33.919806663919246,46.9056766762579
1999-09-14,265,1999-09-14,19.4,35.8,43.4,9.0,-1236349.5,-2501365.5,3577,17.679639091555956,34.42430448807643,46.48064690726535
1999-09-15,266,1999-09-15,17.55,34.5,46.5,9.1,-1236349.5,-2501365.5,3577,17.845506505875356,34.236537920278934,46.47913139491392
1999-09-23,267,1999-09-23,17.4,34.85,46.35,8.9,-1236349.5,-2501365.5,3577,17.607702050269076,34.5253307064401,46.426035419681725
1999-09-30,268,1999-09-30,17.65,33.25,47.6,8.85,-1236349.5,-2501365.5,3577,18.428084608886806,34.60276148000089,45.53522808460208
1999-10-01,269,1999-10-01,17.95,33.85,46.8,8.9,-1236349.5,-2501365.5,3577,18.07898417371831,34.275088224463914,46.21891575915653
1999-10-17,270,1999-10-17,17.35,35.1,46.0,8.7,-1236349.5,-2501365.5,3577,17.206032821664923,34.48307280953825,46.83146744895271
1999-10-25,271,1999-10-25,16.95,35.95,45.65,9.0,-1236349.5,-2501365.5,3577,16.145005304290816,34.7670040485778,47.599981597342904
1999-11-02,272,1999-11-02,16.65,35.85,46.1,8.95,-1236349.5,-2501365.5,3577,15.192059797785083,35.92402628330884,47.40047846889244
1999-11-10,273,1999-11-10,15.15,34.95,48.5,8.8,-1236349.5,-2501365.5,3577,14.407086102749584,37.0150284699765,47.10626989109257
1999-11-17,274,1999-11-17,8.1,38.15,52.05,9.1,-1236349.5,-2501365.5,3577,13.956946459111556,38.049762930562196,46.51638268851197
1999-11-26,275,1999-11-26,15.15,38.9,44.4,8.95,-1236349.5,-2501365.5,3577,13.064881248780226,40.75365021974319,44.737446145179405
1999-12-03,276,1999-12-03,15.3,41.1,42.45,9.5,-1236349.5,-2501365.5,3577,13.929919461341528,36.03443244061901,48.565291519618626
1999-12-04,277,1999-12-04,14.3,38.25,45.95,9.1,-1236349.5,-2501365.5,3577,13.259392929050389,35.735837287260864,49.50868038843007
1999-12-12,278,1999-12-12,14.25,38.6,45.65,8.55,-1236349.5,-2501365.5,3577,14.258835437006681,38.373796874708034,45.97101157950674
1999-12-20,279,1999-12-20,11.75,38.0,48.8,9.15,-1236349.5,-2501365.5,3577,13.86113143821915,42.65955905251529,42.11534073213605
2000-01-05,280,2000-01-05,13.35,38.95,46.4,8.2,-1236349.5,-2501365.5,3577,13.094143627268604,47.53376045244828,38.038492098512606
2000-02-06,281,2000-02-06,16.35,40.5,41.65,10.1,-1236349.5,-2501365.5,3577,11.82806711782419,51.474823623367584,35.342102230374856
2000-03-25,282,2000-03-25,8.0,89.5384615384615,1.53846153846154,5.15384615384615,-1236345.0,-2501389.61538462,3577,14.502454275394916,54.58853030625067,29.612628206073357
2000-04-10,283,2000-04-10,20.55,46.5,31.65,11.85,-1236349.5,-2501365.5,3577,16.07391979862817,54.183129143820324,28.46647201083171
2000-04-17,284,2000-04-17,9.5,44.5,44.25,12.75,-1236300.0,-2501400.0,3577,17.092827809307252,50.63311601785357,30.937358483879976
2000-04-26,285,2000-04-26,23.3,40.95,34.6,10.25,-1236349.5,-2501365.5,3577,17.342642130557085,44.81619631292442,36.407739981901315
2000-05-12,286,2000-05-12,21.1,37.6,39.8,9.25,-1236349.5,-2501365.5,3577,17.325586292473062,38.677713676498335,42.48031990194903
2000-06-13,287,2000-06-13,20.0,37.7,40.8,9.6,-1236349.5,-2501365.5,3577,17.67592158533723,33.87156235736782,46.8884198684388
2000-06-29,288,2000-06-29,6.57894736842105,29.9473684210526,61.6315789473684,18.1578947368421,-1236346.57894737,-2501367.63157895,3577,17.464478441549325,32.65961131095888,48.26284955063768
2000-07-15,289,2000-07-15,19.3,38.7,40.5,9.5,-1236349.5,-2501365.5,3577,17.474149518394913,36.68355139238572,44.26142126570828
2000-07-31,290,2000-07-31,19.05,36.6,42.7,9.5,-1236349.5,-2501365.5,3577,18.198694608305708,35.79683394655973,44.38163073686282
2000-08-07,291,2000-08-07,20.85,38.9,38.8,9.65,-1236349.5,-2501365.5,3577,17.026189078964766,37.880401576582976,43.478257354501466
2000-09-01,292,2000-09-01,17.85,36.2,44.35,9.3,-1236349.5,-2501365.5,3577,17.95170113412472,39.11710113252629,41.41225052444085
2000-09-17,293,2000-09-17,16.75,38.85,42.8,9.7,-1236349.5,-2501365.5,3577,17.582950087224795,40.00660176550895,40.920288437318334
2000-09-24,294,2000-09-24,17.25,41.2,40.1,10.1,-1236349.5,-2501365.5,3577,16.26536427561115,39.84616848850408,42.39310082942332
2000-10-03,295,2000-10-03,9.45,45.85,43.3,7.0,-1236349.5,-2501365.5,3577,14.579549072401711,40.05716848736455,43.885618585416495
2000-10-19,296,2000-10-19,16.45,36.25,45.95,8.95,-1236349.5,-2501365.5,3577,14.681945917857036,40.41972655826541,43.46746303231721
2000-11-04,297,2000-11-04,16.2,36.55,45.65,9.0,-1236349.5,-2501365.5,3577,14.136248890426343,40.08979735434245,44.36287319490991
2000-11-20,298,2000-11-20,14.0,42.1,42.5,9.95,-1236349.5,-2501365.5,3577,13.887902963907079,40.18495096234434,44.544558228142904
2000-12-06,299,2000-12-06,14.6,40.65,43.4,9.6,-1236349.5,-2501365.5,3577,13.791427612632981,39.99662581999446,44.808109073582244
2000-12-22,300,2000-12-22,14.4,43.2,41.2,11.3,-1236349.5,-2501365.5,3577,13.859952586111508,40.32534261403627,44.42121284287803
2001-01-23,301,2001-01-23,9.75,34.85,53.8,11.2,-1236349.5,-2501365.5,3577,14.59997834982137,40.030377362569524,43.98292558833697
2001-02-24,302,2001-02-24,15.85,43.3,39.5,11.05,-1236349.5,-2501365.5,3577,14.734978025068703,40.01432916927675,43.86411375002051
2001-03-12,303,2001-03-12,17.7,38.95,41.9,9.8,-1236349.5,-2501365.5,3577,16.161649959944757,38.19461451860262,44.22898742124087
2001-03-28,304,2001-03-28,18.15,36.45,44.0,9.45,-1236349.5,-2501365.5,3577,16.883651951760882,37.24209768559058,44.39727099525197
2001-04-04,305,2001-04-04,16.85,35.7,46.05,9.25,-1236349.5,-2501365.5,3577,17.370855614970665,37.21497434453535,43.95126437029805
2001-04-13,306,2001-04-13,17.85,36.1,44.45,9.45,-1236349.5,-2501365.5,3577,17.360052176922647,37.2053172833303,43.97711251596043
2001-04-29,307,2001-04-29,14.25,39.85,44.45,10.1,-1236349.5,-2501365.5,3577,16.4714921301584,37.19698088288864,44.87246747060318
2001-05-15,308,2001-05-15,15.95,35.8,46.75,9.6,-1236349.5,-2501365.5,3577,14.987541405960222,36.6434930394628,46.861787438560626
2001-06-16,309,2001-06-16,15.0,38.65,44.95,9.9,-1236349.5,-2501365.5,3577,14.657239819002335,37.34956158392133,46.4858624347719
2001-07-02,310,2001-07-02,15.15,36.5,46.9,9.65,-1236349.5,-2501365.5,3577,14.312820151982102,37.37398406546455,46.82653445624882
2001-08-19,311,2001-08-19,12.55,36.1,49.7,9.65,-1236349.5,-2501365.5,3577,14.280489943490906,36.91008356967558,47.355517547460934
2001-09-04,312,2001-09-04,14.4,35.8,48.35,9.4,-1236349.5,-2501365.5,3577,13.849965359715611,37.085055965700576,47.6483177812828
2001-09-20,313,2001-09-20,15.2,37.85,45.55,9.7,-1236349.5,-2501365.5,3577,14.726116607848155,35.579980081832346,48.1995128710227
2001-10-22,314,2001-10-22,14.6,36.2,47.8,9.45,-1236349.5,-2501365.5,3577,15.68617203229972,34.98031782458504,47.824093398854046
2001-11-07,315,2001-11-07,13.95,36.2,48.4,9.4,-1236349.5,-2501365.5,3577,14.768750135311393,35.446049925301594,48.24022819285256
2001-11-23,316,2001-11-23,14.95,34.25,49.1,9.2,-1236349.5,-2501365.5,3577,13.158036545495879,37.01051765571337,48.272908051693406
2001-12-25,317,2001-12-25,13.45,36.65,48.25,9.5,-1236349.5,-2501365.5,3577,11.58390634133495,38.63200653834752,48.25956613045675
2002-01-10,318,2002-01-10,13.55,36.0,48.8,9.35,-1236349.5,-2501365.5,3577,10.367190240098909,40.11055987355697,48.027584489806415
2002-01-26,319,2002-01-26,3.6,50.2,45.1,13.55,-1236349.5,-2501365.5,3577,10.44071748684596,40.90033774274649,47.2326852713779
2002-02-11,320,2002-02-11,5.0,42.5,51.0,21.0,-1236390.0,-2501370.0,3577,10.546872632010375,40.97558509601241,47.0683225443217
2002-03-15,321,2002-03-15,18.1,36.5,44.15,9.35,-1236349.5,-2501365.5,3577,11.073439563530787,39.84627183960954,47.71333217865013
2002-04-16,322,2002-04-16,14.5,37.05,47.1,9.45,-1236349.5,-2501365.5,3577,11.905522960010344,38.33020740868466,48.381980558134316
2002-05-02,323,2002-05-02,13.55,34.7,50.1,9.35,-1236349.5,-2501365.5,3577,13.090465262289932,36.25336660243239,49.22263525947001
2002-06-03,324,2002-06-03,11.65,34.75,52.1,9.3,-1236349.5,-2501365.5,3577,13.971768169908497,34.58793002662455,49.96715018726656
2002-06-19,325,2002-06-19,10.8,35.4,52.35,9.45,-1236349.5,-2501365.5,3577,14.094090584336158,33.76821321093262,50.64523479615602
2002-07-05,326,2002-07-05,15.15,35.15,48.45,9.45,-1236349.5,-2501365.5,3577,13.011956309941983,34.45429214747585,51.09122843100408
2002-07-21,327,2002-07-21,13.95,34.2,50.25,9.35,-1236349.5,-2501365.5,3577,13.033628136567366,33.61142479810708,51.91502738746545
2002-08-06,328,2002-08-06,14.65,31.8,52.2,8.9,-1236349.5,-2501365.5,3577,14.205603065662864,32.980993310090554,51.41443417263082
2002-08-22,329,2002-08-22,14.0,32.6,51.95,9.15,-1236349.5,-2501365.5,3577,14.678379051287074,32.833181060420735,51.09722985991572
2002-09-07,330,2002-09-07,13.85,32.85,51.9,8.8,-1236349.5,-2501365.5,3577,14.458932862800673,33.32900690640131,50.787784970439915
2002-09-23,331,2002-09-23,14.75,32.7,51.15,8.8,-1236349.5,-2501365.5,3577,14.496513239080732,33.49080408754831,50.5988070752701
2002-10-25,332,2002-10-25,13.3,36.2,49.05,9.3,-1236349.5,-2501365.5,3577,13.540695836669046,34.36139340535112,50.63338240705905
2002-11-10,333,2002-11-10,13.0,36.45,49.05,9.2,-1236349.5,-2501365.5,3577,12.535868929829904,35.60064409274404,50.3571099179383
2002-11-26,334,2002-11-26,13.4,35.5,49.6,9.65,-1236349.5,-2501365.5,3577,11.476363419860157,36.55707744267569,50.41323583536452
2002-12-12,335,2002-12-12,9.65,37.0,51.75,9.85,-1236349.5,-2501365.5,3577,11.061563359239724,37.29457230075868,50.1091818398245
2003-01-13,336,2003-01-13,11.75,35.15,51.5,9.55,-1236349.5,-2501365.5,3577,10.821966269023477,37.74564506700166,49.91576241095619
2003-01-29,337,2003-01-29,7.15,41.65,49.55,10.55,-1236349.5,-2501365.5,3577,12.596517569116308,37.96103509493035,47.894165277439846
2003-02-14,338,2003-02-14,15.35,37.05,46.35,9.65,-1236349.5,-2501365.5,3577,13.404703500831527,37.601145294328525,47.461069735211254
2003-03-18,339,2003-03-18,16.1,35.85,46.6,9.4,-1236349.5,-2501365.5,3577,13.491279308924351,36.53551061940608,48.47761913008867
2003-04-19,340,2003-04-19,14.35,35.65,48.35,9.55,-1236349.5,-2501365.5,3577,13.1918822663385,34.72865076099851,50.57219251336143
2003-05-05,341,2003-05-05,13.35,32.6,52.4,9.4,-1236349.5,-2501365.5,3577,12.571044280794727,32.995976314702034,52.90154195648762
2003-05-13,342,2003-05-13,11.9,31.65,54.85,8.95,-1236349.5,-2501365.5,3577,11.217412463695617,31.334532031431376,55.875465401463245
2003-05-21,343,2003-05-21,2.6,28.35,67.8,4.75,-1236349.5,-2501365.5,3577,10.461085199628528,29.437570633696268,58.5070313587254
2003-06-30,344,2003-06-30,13.65,29.3,55.3,9.15,-1236349.5,-2501365.5,3577,10.131763283154958,30.25386239147397,58.01714307363595
2003-07-16,345,2003-07-16,12.7,31.9,53.65,9.4,-1236349.5,-2501365.5,3577,11.59775626849757,29.937172270449533,56.94105894105044
2003-07-24,346,2003-07-24,13.15,30.8,54.6,9.3,-1236349.5,-2501365.5,3577,12.732487842393066,31.320873656782283,54.35173031302251
2003-08-01,347,2003-08-01,13.65,29.35,55.45,9.15,-1236349.5,-2501365.5,3577,13.896557931230785,31.423564052042327,53.036847981731704
2003-08-09,348,2003-08-09,15.0714285714286,33.0,50.3571428571429,9.64285714285714,-1236351.42857143,-2501346.42857143,3577,14.134856010860098,31.27293403190768,52.969500777852005
2003-08-17,349,2003-08-17,13.35,34.4,50.6,9.45,-1236349.5,-2501365.5,3577,13.68081861378871,30.56992970908923,54.168175787053144
2003-08-25,350,2003-08-25,11.55,25.3,61.5,7.65,-1236349.5,-2501365.5,3577,12.45147685132019,29.282184069795797,56.77783284825781
2003-09-02,351,2003-09-02,12.0,32.1,54.25,9.2,-1236349.5,-2501365.5,3577,12.702703694652257,29.21781593019547,56.590375877983526
2003-09-26,352,2003-09-26,13.3333333333333,23.6666666666667,62.0,8.0,-1236315.0,-2501415.0,3577,12.261552121767004,29.540808056747924,56.76886101513736
2003-10-04,353,2003-10-04,10.95,35.0,52.6,8.8,-1236349.5,-2501365.5,3577,12.057535653199476,31.467823507756897,55.04794369716147
2003-10-12,354,2003-10-12,14.15,31.6,52.7,8.9,-1236349.5,-2501365.5,3577,12.011195976364451,33.10542012166905,53.443984962398034
2003-10-20,355,2003-10-20,11.6,36.65,50.35,8.7,-1236349.5,-2501365.5,3577,12.150117581075511,35.79381743127338,50.62964713304514
2003-11-05,356,2003-11-05,10.95,39.0,48.5,9.1,-1236349.5,-2501365.5,3577,12.224937755740875,37.487793630512485,48.85607828703074
2003-11-13,357,2003-11-13,12.0833333333333,36.75,49.75,9.66666666666667,-1236360.0,-2501340.0,3577,12.165009345657678,37.00813288877751,49.39760657298619
2003-11-21,358,2003-11-21,12.4,39.6,46.45,8.8,-1236349.5,-2501365.5,3577,11.882724602537063,37.21436994377615,49.47509038947928
2003-11-29,359,2003-11-29,12.0,32.0,55.0,8.0,-1236345.0,-2501415.0,3577,11.562310290327133,36.852186667815836,50.23099331008797
2003-12-07,360,2003-12-07,12.15,39.15,47.3,8.9,-1236349.5,-2501365.5,3577,10.999919172672945,37.720293792888775,49.936000995900656
2003-12-15,361,2003-12-15,11.35,34.8,52.3,9.35,-1236349.5,-2501365.5,3577,12.067601593451183,36.940124272007296,49.60154257506458
2003-12-23,362,2003-12-23,9.9,39.3,49.35,9.1,-1236349.5,-2501365.5,3577,11.813975188896027,38.06552209399938,48.70274957240174
2004-01-08,363,2004-01-08,11.15,41.55,45.85,9.05,-1236349.5,-2501365.5,3577,12.181945196184865,37.149667669785956,49.17951135551019
2004-01-15,364,2004-01-15,13.7,36.95,48.0,9.2,-1236349.5,-2501365.5,3577,12.06551934609625,37.10540896350058,49.33284731462132
2004-01-16,365,2004-01-16,13.45,33.25,51.75,9.1,-1236349.5,-2501365.5,3577,10.966043696716024,37.64349387216174,49.902229718357056
2004-01-24,366,2004-01-24,11.85,36.75,49.75,9.45,-1236349.5,-2501365.5,3577,10.088370690988853,37.49869732553145,50.98076015434148
2004-01-31,367,2004-01-31,5.25,39.75,53.75,6.5,-1236360.0,-2501310.0,3577,9.996961980623263,37.695122548320064,50.87177608054438
2004-02-01,368,2004-02-01,12.1,33.85,52.6,8.9,-1236349.5,-2501365.5,3577,10.341993848017548,37.80521619366017,50.41725693929037
2004-02-17,369,2004-02-17,6.92307692307692,47.3846153846154,44.3846153846154,10.0769230769231,-1236345.0,-2501389.61538462,3577,11.03968802095572,37.86496568446467,49.680760570691234
2004-02-25,370,2004-02-25,13.95,34.2,50.3,9.2,-1236349.5,-2501365.5,3577,12.54382328792715,38.26000846021708,47.79545412909786
2004-03-12,371,2004-03-12,18.75,34.9,44.9,9.3,-1236349.5,-2501365.5,3577,14.324756477147762,37.737591534442295,46.502588611667164
2004-03-20,372,2004-03-20,16.05,35.25,47.35,9.4,-1236349.5,-2501365.5,3577,16.35241732546799,36.0987233057434,46.12501311500384
2004-04-05,373,2004-04-05,14.65,38.4,45.45,9.6,-1236349.5,-2501365.5,3577,16.703835162215615,35.585329590623154,46.240889355933646
2004-04-13,374,2004-04-13,15.85,33.35,49.3,8.65,-1236349.5,-2501365.5,3577,16.828130573877047,34.81298977278452,46.8462931567053
2004-04-20,375,2004-04-20,16.85,37.9,43.7,9.45,-1236349.5,-2501365.5,3577,16.995944921948574,33.47631903699514,47.95998289635344
2004-04-21,376,2004-04-21,16.35,31.1,51.0,7.95,-1236349.5,-2501365.5,3577,15.452237906569966,34.48546082400056,48.500106085857354
2004-04-29,377,2004-04-29,16.25,32.65,49.65,8.9,-1236349.5,-2501365.5,3577,14.653394747665008,34.18394422914036,49.58780770312538
2004-05-06,378,2004-05-06,12.0,37.0,49.0,9.5,-1236360.0,-2501310.0,3577,13.873171101342404,35.458863582232894,49.10663253154779
2004-05-07,379,2004-05-07,15.85,33.25,49.55,9.15,-1236349.5,-2501365.5,3577,12.382434490172574,36.39604451275734,49.67434562340941
2004-05-15,380,2004-05-15,7.1,39.3,52.3,15.4,-1236360.0,-2501367.0,3577,11.291842213512348,37.20672021476419,49.954413388461646
2004-05-23,381,2004-05-23,10.9,40.9,46.65,10.7,-1236349.5,-2501365.5,3577,11.218614821709114,37.14566455216055,50.10939617657135
2004-06-08,382,2004-06-08,13.0833333333333,36.0,49.25,9.75,-1236360.0,-2501340.0,3577,11.772167976500574,36.72634826473288,50.0145532486015
2004-06-16,383,2004-06-16,12.9,33.5,52.05,9.35,-1236349.5,-2501365.5,3577,12.624859815105598,35.0201985321128,50.88293857844181
2004-07-02,384,2004-07-02,13.5,30.95,54.1,9.4,-1236349.5,-2501365.5,3577,13.638555716727048,33.863769512216464,51.003087315154
2004-07-18,385,2004-07-18,15.35,34.7,48.55,9.0,-1236349.5,-2501365.5,3577,14.352704828708873,33.03017096422176,51.073043365295796
2004-07-26,386,2004-07-26,14.7,33.2,50.65,9.4,-1236349.5,-2501365.5,3577,15.182613344685377,32.09163028233756,51.233287146282585
2004-08-03,387,2004-08-03,14.0,31.95,52.5,9.2,-1236349.5,-2501365.5,3577,14.468850384118667,32.47995590580244,51.59701539581482
2004-08-10,388,2004-08-10,15.15,34.15,49.05,9.3,-1236349.5,-2501365.5,3577,15.492612323023415,33.57264897125077,49.43479705505921
2004-08-11,389,2004-08-11,15.65,32.35,50.55,9.3,-1236349.5,-2501365.5,3577,15.484688068359038,31.62769839379274,50.794193613699775
2004-08-19,390,2004-08-19,15.55,32.05,51.0,8.9,-1236349.5,-2501365.5,3577,15.828012696340329,34.58471425374934,48.770345180217696
2004-08-26,391,2004-08-26,15.3,33.05,50.05,9.05,-1236349.5,-2501365.5,3577,15.303057769036181,33.89978133321281,50.024798557836064
2004-08-27,392,2004-08-27,15.8888888888889,32.5555555555556,50.0,9.22222222222222,-1236351.66666667,-2501328.33333333,3577,14.514489918303084,31.80417439457213,52.19219065399309
2004-09-11,393,2004-09-11,15.3,31.35,51.7,9.1,-1236349.5,-2501365.5,3577,13.48020467057782,28.963296455861794,55.108009419092056
2004-09-12,394,2004-09-12,8.88235294117647,28.0,61.7647058823529,6.82352941176471,-1236355.58823529,-2501356.76470588,3577,12.750675209569682,26.455835083385313,57.34675119998428
2004-09-20,395,2004-09-20,15.35,34.65,48.5,9.3,-1236349.5,-2501365.5,3577,13.406412810563056,24.49718247008903,57.957681418918426
2004-09-27,396,2004-09-27,9.4,0.0,77.2,14.8,-1236351.0,-2501388.0,3577,13.669226014680174,24.50252621475166,57.45112459930395
2004-10-06,397,2004-10-06,16.2,34.1,48.1,9.1,-1236349.5,-2501365.5,3577,13.422740666118735,26.645267993096827,55.80093898087965
2004-10-22,398,2004-10-22,15.75,34.4,48.4,8.75,-1236349.5,-2501365.5,3577,13.862880546069148,29.7003390658145,52.961765215290356
2004-11-07,399,2004-11-07,14.95,34.2,49.0,9.15,-1236349.5,-2501365.5,3577,13.567081904313532,33.711742334028315,50.19700813663823
2004-11-15,400,2004-11-15,12.25,37.3,49.15,8.8,-1236349.5,-2501365.5,3577,12.841014540001876,37.260341206775266,48.3608790226274
2004-11-23,401,2004-11-23,7.35,41.9,49.15,11.9,-1236349.5,-2501365.5,3577,12.106450606394166,39.31486825867043,47.77036402860675
2004-12-01,402,2004-12-01,13.6,35.55,49.35,9.25,-1236349.5,-2501365.5,3577,12.013083201626298,39.990524800271146,47.18778821796692
2004-12-25,403,2004-12-25,14.25,35.95,48.2,9.2,-1236349.5,-2501365.5,3577,11.639334504503044,36.03769496756574,50.256392987809626
2005-01-02,404,2005-01-02,9.8,39.3,49.35,10.3,-1236349.5,-2501365.5,3577,12.696191386011467,37.34300467333966,48.47981306618353
2005-01-10,405,2005-01-10,15.95,35.1,47.5,8.95,-1236349.5,-2501365.5,3577,13.349656767379226,36.59946427411051,48.597577035959866
2005-01-17,406,2005-01-17,13.9,36.75,48.0,9.3,-1236349.5,-2501365.5,3577,13.877768709616483,36.647428886897096,48.02232643516756
2005-01-18,407,2005-01-18,11.55,37.05,50.05,9.3,-1236349.5,-2501365.5,3577,13.626801487983668,36.22859079774173,48.746725101516574
2005-01-26,408,2005-01-26,15.3,35.55,47.65,8.85,-1236349.5,-2501365.5,3577,13.906939616109373,36.51500531201997,48.14814427058289
2005-02-02,409,2005-02-02,13.25,36.8,48.5,8.75,-1236349.5,-2501365.5,3577,14.221925056365667,35.41104116471234,48.920961391542306
2005-02-03,410,2005-02-03,13.8571428571429,34.2142857142857,50.4285714285714,9.0,-1236351.42857143,-2501346.42857143,3577,14.032467339160299,34.43335627220561,50.067067607307806
2005-02-18,411,2005-02-18,15.0625,35.25,48.25,8.75,-1236346.875,-2501379.375,3577,13.660849637976089,34.36158296037813,50.4823775295836
2005-02-19,412,2005-02-19,14.125,30.5625,53.75,8.4375,-1236350.625,-2501379.375,3577,14.005216803318433,34.04656910426526,50.45397574560907
2005-02-27,413,2005-02-27,14.45,37.25,46.85,9.0,-1236349.5,-2501365.5,3577,13.831199991956442,34.1559950498367,50.54559820983214
2005-03-15,414,2005-03-15,9.55,31.9,57.15,6.9,-1236349.5,-2501365.5,3577,13.309730865108135,34.613734717289915,50.61903560834693
2005-03-22,415,2005-03-22,16.8,36.7,45.0,8.95,-1236349.5,-2501365.5,3577,14.375274068035075,35.31100327690358,48.829191706119396
2005-03-31,416,2005-03-31,14.8,37.15,46.5,9.2,-1236349.5,-2501365.5,3577,14.618707760549043,35.35703556368435,48.546668747380856
2005-04-08,417,2005-04-08,13.85,33.25,51.5,8.95,-1236349.5,-2501365.5,3577,14.65184318049242,34.72979894126479,49.10928048457819
2005-04-16,418,2005-04-16,15.45,34.05,48.95,8.75,-1236349.5,-2501365.5,3577,14.64645097890417,33.97327928854465,49.858482093386314
2005-04-23,419,2005-04-23,15.25,34.6,48.55,8.9,-1236349.5,-2501365.5,3577,14.84509384714499,33.31948670296606,50.290499074765826
2005-04-24,420,2005-04-24,16.0,31.5,51.0,8.95,-1236349.5,-2501365.5,3577,14.635046095770553,33.24754111304334,50.60622951988067
2005-05-02,421,2005-05-02,9.55,30.45,58.55,7.95,-1236349.5,-2501365.5,3577,14.038525597510937,32.67721070588002,51.801948452195674
2005-05-09,422,2005-05-09,15.55,35.0,47.85,8.95,-1236349.5,-2501365.5,3577,14.206003148188243,32.59463438582421,51.71291916969528
2005-05-10,423,2005-05-10,16.3529411764706,33.4117647058824,48.8823529411765,9.05882352941176,-1236355.58823529,-2501356.76470588,3577,14.1509242078243,31.849495614560983,52.497883058474386
2005-05-18,424,2005-05-18,15.0,32.3,51.2,8.5,-1236349.5,-2501365.5,3577,14.33755395032726,31.169415177787876,52.99931744634104
2005-05-25,425,2005-05-25,12.4,28.55,57.55,8.45,-1236349.5,-2501365.5,3577,15.033851324415462,31.297203561322,52.15984535405538
2005-05-26,426,2005-05-26,15.45,31.05,51.8,8.8,-1236349.5,-2501365.5,3577,15.449010459579998,31.609267931117152,51.36910487981474
2005-06-03,427,2005-06-03,15.45,29.65,53.3,8.45,-1236349.5,-2501365.5,3577,15.452202141327493,31.39831255977208,51.51260390492001
2005-06-10,428,2005-06-10,17.2,33.45,47.8,8.7,-1236349.5,-2501365.5,3577,14.936660498486713,31.32618690724214,52.09898091345136
2005-06-18,429,2005-06-18,15.0,34.85,48.55,9.75,-1236349.5,-2501365.5,3577,15.702176051955167,32.314606509857555,50.352825639113874
2005-06-19,430,2005-06-19,15.1,31.05,52.1,8.95,-1236349.5,-2501365.5,3577,15.750521341704562,31.836712040458877,50.78400571381965
2005-06-26,431,2005-06-26,14.35,29.6,54.35,8.55,-1236349.5,-2501365.5,3577,15.463697448060461,31.68715618746105,51.27550050567861
2005-06-27,432,2005-06-27,16.0,29.55,53.1,8.55,-1236349.5,-2501365.5,3577,15.194986283064509,29.706014573657196,53.52109252975326
2005-07-04,433,2005-07-04,16.55,30.5,51.55,8.65,-1236349.5,-2501365.5,3577,15.391344723385771,28.77023116202253,54.31543100861174
2005-07-05,434,2005-07-05,14.8,29.15,54.35,8.6,-1236349.5,-2501365.5,3577,15.404107247694466,28.377774656590304,54.75964321599999
2005-07-21,435,2005-07-21,13.9,26.0,58.65,8.45,-1236349.5,-2501365.5,3577,15.231454540721987,28.992117643779675,54.406395880563664
2005-07-29,436,2005-07-29,16.8571428571429,31.2857142857143,50.7142857142857,8.85714285714286,-1236357.85714286,-2501320.71428571,3577,15.066731019842965,29.609098322907414,53.99340246349091
2005-08-06,437,2005-08-06,15.1,26.3,57.05,8.45,-1236349.5,-2501365.5,3577,14.768044739814533,29.911219148721514,53.972889048659525
2005-08-14,438,2005-08-14,14.0,36.0,49.0,9.0,-1236315.0,-2501295.0,3577,15.561439143625863,30.218985894814566,52.8664190844589
2005-08-22,439,2005-08-22,15.0,29.0,54.4,8.8,-1236349.5,-2501365.5,3577,15.574304697303651,30.407380190375108,52.639324525402984
2005-09-07,440,2005-09-07,16.15,28.55,53.9,8.6,-1236349.5,-2501365.5,3577,16.23806583145259,29.476002844355754,52.82383641671689
2005-09-15,441,2005-09-15,17.5294117647059,29.0588235294118,51.7058823529412,8.29411764705882,-1236348.52941176,-2501376.17647059,3577,15.653462985415414,29.103779412913994,53.65039379090001
2005-09-23,442,2005-09-23,14.9,29.45,54.05,8.4,-1236349.5,-2501365.5,3577,14.869150170699246,28.832664111599723,54.622683643230616
2005-10-09,443,2005-10-09,15.8,28.0,54.55,8.5,-1236349.5,-2501365.5,3577,14.202814099525611,29.183980286029698,54.90974155560015
2005-10-16,444,2005-10-16,9.27272727272727,28.6363636363636,60.2727272727273,13.0909090909091,-1236377.72727273,-2501374.09090909,3577,13.460687179575586,29.506584322280805,55.30941346694068
2005-10-25,445,2005-10-25,16.3,31.0,51.05,8.3,-1236349.5,-2501365.5,3577,13.06574114698206,31.029844247236667,54.23280373290572
2005-11-01,446,2005-11-01,9.05,36.35,52.9,11.1,-1236349.5,-2501365.5,3577,12.730536043977631,32.06465311149025,53.53072823931943
2005-11-02,447,2005-11-02,16.2857142857143,29.0,53.1428571428571,8.42857142857143,-1236340.71428571,-2501406.42857143,3577,14.017948198752107,31.924053566005057,52.453044553857275
2005-11-10,448,2005-11-10,15.0,31.8,51.7,8.6,-1236349.5,-2501365.5,3577,15.084620214378365,32.81231865510126,50.548999851518616
2005-11-17,449,2005-11-17,15.65,34.05,48.7,8.85,-1236349.5,-2501365.5,3577,15.42132669977039,32.338643947141136,50.694168087955404
2005-11-18,450,2005-11-18,14.1,32.7,51.6,8.7,-1236349.5,-2501365.5,3577,14.813472226120894,32.18461851318003,51.45056834028941
2005-11-26,451,2005-11-26,14.3,33.75,50.55,8.6,-1236349.5,-2501365.5,3577,12.920795932985502,33.755464135763916,51.75925326036297
2005-12-04,452,2005-12-04,15.3,31.4,51.75,8.65,-1236349.5,-2501365.5,3577,12.46700627558165,35.43133851144752,50.585090287301306
2005-12-20,453,2005-12-20,6.46153846153846,41.5384615384615,50.3846153846154,10.7692307692308,-1236345.0,-2501389.61538462,3577,10.97333959424802,37.0440970020636,50.5095441791309
2006-01-05,454,2006-01-05,11.2105263157895,35.0,52.2105263157895,8.52631578947368,-1236351.31578947,-2501369.21052632,3577,11.894632014678887,40.37424374862447,46.309286638449564
2006-02-05,455,2006-02-05,11.8571428571429,46.8571428571429,40.1428571428571,10.2857142857143,-1236392.14285714,-2501376.42857143,3577,12.570441313676248,41.747445451660454,44.286327326919974
2006-02-14,456,2006-02-14,16.2,41.35,41.1,9.45,-1236349.5,-2501365.5,3577,14.037573247309382,41.41815950778776,43.11839738268381
2006-02-22,457,2006-02-22,17.4,37.3,43.9,9.35,-1236349.5,-2501365.5,3577,15.369211693219192,40.15388946014091,43.0271231970482
2006-03-02,458,2006-03-02,14.9,43.65,39.85,9.9,-1236349.5,-2501365.5,3577,16.670815478248343,38.77041633050818,43.10138942918033
2006-03-09,459,2006-03-09,19.05,39.35,40.05,9.25,-1236349.5,-2501365.5,3577,17.814093845698647,36.75563762861975,43.97387392629525
2006-03-10,460,2006-03-10,14.875,22.125,61.5,5.75,-1236333.75,-2501403.75,3577,17.62920373173898,36.486863678112094,44.420311617657106
2006-04-03,461,2006-04-03,19.5,42.15,36.95,10.2,-1236349.5,-2501365.5,3577,17.953604221260818,35.1990700475942,45.4107018449952
2006-04-19,462,2006-04-19,17.95,40.35,40.45,10.4,-1236349.5,-2501365.5,3577,18.865319046275985,37.32606294633601,42.39560671525982
2006-04-26,463,2006-04-26,20.35,36.15,42.15,9.35,-1236349.5,-2501365.5,3577,19.601734720385043,37.00192957197048,42.01265019809284
2006-05-05,464,2006-05-05,20.3,34.8,43.5,8.95,-1236349.5,-2501365.5,3577,19.929213124333987,35.7814062872059,42.90799324513854
2006-05-12,465,2006-05-12,18.65,36.85,42.9,9.3,-1236349.5,-2501365.5,3577,19.319732512067084,35.143006451747326,44.14171231244876
2006-05-13,466,2006-05-13,19.8,32.3,46.5,8.95,-1236349.5,-2501365.5,3577,18.954490246592677,32.92934681417161,46.733716902285764
2006-05-21,467,2006-05-21,19.45,33.25,45.9,8.95,-1236349.5,-2501365.5,3577,18.097098335098725,30.405350299850404,50.03891510965066
2006-05-28,468,2006-05-28,14.3,22.7,61.85,7.3,-1236349.5,-2501365.5,3577,17.766436813957384,31.41525687933887,49.37840719651126
2006-06-06,469,2006-06-06,18.5,34.6,45.3,8.85,-1236349.5,-2501365.5,3577,17.398158652490416,31.736931953490682,49.47324687695466
2006-06-13,470,2006-06-13,17.1,35.05,46.45,9.1,-1236349.5,-2501365.5,3577,17.43823394097901,31.88146717832774,49.29728127908507
2006-06-14,471,2006-06-14,19.1,32.75,46.6,9.2,-1236349.5,-2501365.5,3577,17.275054666692952,32.08589491003872,49.22062287556908
2006-06-22,472,2006-06-22,17.6,33.6,47.3,9.2,-1236349.5,-2501365.5,3577,17.73024881465019,33.00085761760965,47.81929626100738
2006-06-29,473,2006-06-29,17.0,30.0,52.0,8.0,-1236315.0,-2501415.0,3577,18.161364448242544,32.391024107466635,47.965688259102144
2006-06-30,474,2006-06-30,18.55,32.15,47.55,9.05,-1236349.5,-2501365.5,3577,18.625582119116487,32.93199273636088,46.942107969422935
2006-07-08,475,2006-07-08,17.8,32.15,48.4,8.8,-1236349.5,-2501365.5,3577,18.55765200015515,32.308192235732484,47.61811056362339
2006-07-16,476,2006-07-16,19.6,33.75,45.1,9.1,-1236349.5,-2501365.5,3577,18.638822443716307,33.42318191050846,46.3524824792694
2006-07-23,477,2006-07-23,20.1875,34.9375,43.375,9.4375,-1236354.375,-2501373.75,3577,18.421826195564567,33.64995346803486,46.330309960475134
2006-07-24,478,2006-07-24,16.35,32.45,49.5,8.85,-1236349.5,-2501365.5,3577,18.081118546811986,33.635748182335306,46.68115113350712
2006-07-31,479,2006-07-31,18.85,36.5,43.2,9.0,-1236349.5,-2501365.5,3577,17.878296589585123,31.961809216093272,48.59965671734204
2006-08-01,480,2006-08-01,15.7,26.6,56.1,7.65,-1236349.5,-2501365.5,3577,17.45218451872034,30.675608990804278,50.39812041445326
2006-08-09,481,2006-08-09,16.55,31.0,51.0,8.8,-1236349.5,-2501365.5,3577,17.730286575105,30.18698896031581,50.62395168571338
2006-08-17,482,2006-08-17,18.5294117647059,30.6470588235294,49.3529411764706,8.47058823529412,-1236348.52941176,-2501376.17647059,3577,15.74722217092452,31.963317548864126,50.70996045021421
2006-08-25,483,2006-08-25,16.55,31.6,50.35,8.8,-1236349.5,-2501365.5,3577,15.60192349082118,33.43764469003452,49.40427005155824
2006-09-01,484,2006-09-01,17.25,32.45,48.75,8.6,-1236349.5,-2501365.5,3577,16.278247542384157,34.2779315134823,47.93517902148128
2006-09-10,485,2006-09-10,13.35,42.65,42.45,11.3,-1236349.5,-2501365.5,3577,16.910122348965206,34.52754456433598,47.079910673912025
2006-09-17,486,2006-09-17,15.8,34.6,48.0,9.4,-1236349.5,-2501365.5,3577,17.85174277552448,34.86646031076397,45.87078881780436
2006-09-26,487,2006-09-26,15.75,34.15,48.55,9.3,-1236349.5,-2501365.5,3577,17.99484439253793,33.420243742775625,47.184881936486605
2006-10-03,488,2006-10-03,29.5,24.0,46.0,7.5,-1236360.0,-2501400.0,3577,18.413324219030805,32.62372668307347,47.627330928034056
2006-10-12,489,2006-10-12,15.05,34.3,48.9,9.1,-1236349.5,-2501365.5,3577,18.50504964894599,32.255009659794496,47.92969124300588
2006-10-28,490,2006-10-28,14.85,35.85,47.85,9.25,-1236349.5,-2501365.5,3577,17.466875230030517,32.802902206148076,48.44393145553412
2006-11-05,491,2006-11-05,15.15,35.05,48.45,8.4,-1236349.5,-2501365.5,3577,16.514935374220833,34.66963887505165,47.46686765246427
2006-11-13,492,2006-11-13,15.5,34.95,48.15,9.3,-1236349.5,-2501365.5,3577,15.21101386110685,37.182744809364635,46.15929875077792
2006-11-21,493,2006-11-21,15.5,38.2,45.05,10.1,-1236349.5,-2501365.5,3577,13.836331743986262,37.60905193876768,47.04970555759327
2006-11-29,494,2006-11-29,13.0,38.9,46.5,10.2,-1236349.5,-2501365.5,3577,13.306259315819126,36.99972829028003,48.220330598187175
2006-12-07,495,2006-12-07,13.8,35.75,48.95,10.0,-1236349.5,-2501365.5,3577,13.703479531127625,35.34076288853579,49.58230002559074
2006-12-31,496,2006-12-31,14.25,34.5,49.6,9.4,-1236349.5,-2501365.5,3577,12.369844323963552,34.24643790919914,51.92694708314038
2007-01-08,497,2007-01-08,9.76923076923077,32.0,57.0,6.84615384615385,-1236345.0,-2501389.61538462,3577,12.231535583336704,35.43119854102752,50.83277709359629
2007-01-16,498,2007-01-16,10.0,35.05,53.65,9.55,-1236349.5,-2501365.5,3577,11.730896866394811,35.68653600996903,51.08362979216341
2007-02-01,499,2007-02-01,14.4,35.95,48.05,9.3,-1236349.5,-2501365.5,3577,11.863044929306486,35.83148986325468,50.79645217284233
2007-02-17,500,2007-02-17,11.7,38.35,48.25,9.8,-1236349.5,-2501365.5,3577,12.269403360810903,35.94374087030626,50.29206966771323
2007-03-05,501,2007-03-05,14.95,37.45,46.1,9.65,-1236349.5,-2501365.5,3577,12.731425113556222,36.35175200868521,49.454133082353714
2007-03-13,502,2007-03-13,11.4117647058824,40.8823529411765,46.2352941176471,11.0588235294118,-1236355.58823529,-2501356.76470588,3577,13.628528376276865,35.4848031043753,49.47682259462618
2007-03-29,503,2007-03-29,12.125,24.25,62.5,7.75,-1236333.75,-2501403.75,3577,14.166288351056778,35.90160045745014,48.51737433027002
2007-04-06,504,2007-04-06,17.4,36.55,44.55,9.6,-1236349.5,-2501365.5,3577,14.241249221546683,34.83680307126336,49.54555318110397
2007-05-07,505,2007-05-07,14.3,36.0,48.45,9.4,-1236349.5,-2501365.5,3577,14.696545204929462,34.30289322769232,49.6190646996346
2007-05-08,506,2007-05-08,15.25,36.8,46.5,9.35,-1236349.5,-2501365.5,3577,15.67009859108059,33.15553945234746,49.72772037650188
2007-05-16,507,2007-05-16,15.2,32.2,50.8,9.3,-1236349.5,-2501365.5,3577,15.953540947583711,32.654913561420734,49.843205567242364
2007-05-24,508,2007-05-24,15.15,34.35,48.9,9.15,-1236349.5,-2501365.5,3577,15.50720087072663,32.13472824472723,50.76736737968136
2007-06-01,509,2007-06-01,16.35,23.65,58.6,7.3,-1236349.5,-2501365.5,3577,14.384657034262634,32.05659682835212,51.93665903880864
2007-06-08,510,2007-06-08,14.35,34.1,49.95,9.25,-1236349.5,-2501365.5,3577,13.84099458260902,30.456268899426142,54.09688062591516
2007-06-09,511,2007-06-09,13.05,31.1,54.15,8.4,-1236349.5,-2501365.5,3577,13.820036398032341,31.991293169576505,52.585535267296876
2007-06-16,512,2007-06-16,11.2307692307692,35.9230769230769,51.2307692307692,9.61538461538461,-1236358.84615385,-2501343.46153846,3577,13.37713564228985,33.08566128495271,51.9941295546481
2007-06-17,513,2007-06-17,12.3636363636364,33.1818181818182,53.0,9.36363636363636,-1236355.90909091,-2501335.90909091,3577,13.219009884439076,33.8060546535187,51.41711746219193
2007-06-24,514,2007-06-24,16.55,34.25,47.55,9.15,-1236349.5,-2501365.5,3577,13.09634517769376,33.73049721825008,51.598097365831975
2007-06-25,515,2007-06-25,13.55,32.75,52.2,9.05,-1236349.5,-2501365.5,3577,13.292281916350944,34.02657885504928,51.084154574772526
2007-07-02,516,2007-07-02,12.4,33.95,52.1,8.85,-1236349.5,-2501365.5,3577,13.751702472818632,33.05028518070906,51.591417344132715
2007-07-11,517,2007-07-11,12.95,30.7,54.65,9.35,-1236349.5,-2501365.5,3577,13.60420889071743,33.45074435409792,51.32717938607922
2007-07-18,518,2007-07-18,12.65,33.4,52.25,9.4,-1236349.5,-2501365.5,3577,12.995912921469067,32.68846843232863,52.70347020042338
2007-07-27,519,2007-07-27,13.35,35.0,50.1,9.25,-1236349.5,-2501365.5,3577,12.276654842629863,32.54515548814394,53.57620941873033
2007-08-03,520,2007-08-03,13.05,32.95,52.3,9.3,-1236349.5,-2501365.5,3577,11.851307214862551,31.698987341478947,54.864030966581026
2007-08-04,521,2007-08-04,11.3333333333333,29.0,58.3333333333333,8.0,-1236315.0,-2501415.0,3577,12.067877595218135,31.2416508373444,55.112613981523786
2007-08-11,522,2007-08-11,10.6842105263158,29.8947368421053,57.8947368421053,8.78947368421053,-1236351.31578947,-2501369.21052632,3577,12.002202278736249,30.99017458018136,55.480342152543415
2007-08-12,523,2007-08-12,12.25,30.45,55.6,9.3,-1236349.5,-2501365.5,3577,12.29657995580901,31.106996482411425,55.055404111930024
2007-08-19,524,2007-08-19,13.25,32.4,52.7,9.2,-1236349.5,-2501365.5,3577,12.790123094545168,30.696241016596545,54.91108473840259
2007-08-20,525,2007-08-20,13.3,31.55,53.65,9.25,-1236349.5,-2501365.5,3577,13.288457436320858,31.531449843943097,53.55914907968859
2007-08-27,526,2007-08-27,14.65,33.1,50.7,9.15,-1236349.5,-2501365.5,3577,13.584691274179226,32.11540233434002,52.687554794879496
2007-08-28,527,2007-08-28,13.65,31.95,52.7,9.0,-1236349.5,-2501365.5,3577,13.741923192768464,32.213949379603676,52.41024214772006
2007-09-04,528,2007-09-04,13.3,31.1,53.85,9.35,-1236349.5,-2501365.5,3577,13.738017880764728,32.674558934624116,52.005170119102374
2007-09-05,529,2007-09-05,12.65,32.4,53.5,9.3,-1236349.5,-2501365.5,3577,13.55420460669973,32.76274189798632,52.11300278260963
2007-09-12,530,2007-09-12,13.35,35.05,50.15,9.25,-1236349.5,-2501365.5,3577,13.36617268180536,33.31816125050921,51.719566346958004
2007-09-13,531,2007-09-13,13.5,32.05,52.75,9.05,-1236349.5,-2501365.5,3577,13.104593626186094,33.740502608841226,51.57665732099946
2007-09-20,532,2007-09-20,14.45,35.95,48.0,9.45,-1236349.5,-2501365.5,3577,13.106468531466572,33.92730682629557,51.397113490217265
2007-09-21,533,2007-09-21,12.5,34.5,51.55,9.2,-1236349.5,-2501365.5,3577,13.046461819911885,34.06172735932289,51.346861265661644
2007-09-29,534,2007-09-29,11.4,30.85,56.1,8.95,-1236349.5,-2501365.5,3577,12.43939321771953,34.05448014317474,51.97944856999808
2007-10-06,535,2007-10-06,12.4,36.0,50.05,9.45,-1236349.5,-2501365.5,3577,12.322198467165665,33.61590692588642,52.540902054593886
2007-10-07,536,2007-10-07,12.875,31.875,53.875,8.375,-1236333.75,-2501403.75,3577,12.090370542768117,33.00985137153374,53.397283444102094
2007-10-23,537,2007-10-23,12.5,34.35,51.6,9.2,-1236349.5,-2501365.5,3577,12.15833766336681,33.208371221137156,53.131293706285774
2007-11-08,538,2007-11-08,11.0,33.4,54.2,8.6,-1236345.0,-2501415.0,3577,12.754351685464336,32.773283682257116,52.91238173590324
2007-11-24,539,2007-11-24,13.3,33.6,51.4,8.95,-1236349.5,-2501365.5,3577,12.80738216891277,34.416272813868304,51.20919537118462
2007-12-26,540,2007-12-26,14.4666666666667,32.8666666666667,51.0,9.13333333333333,-1236351.0,-2501383.0,3577,12.497938001109517,35.591440783153736,50.37006808979741
2008-01-19,541,2008-01-19,11.25,37.0,50.25,8.7,-1236349.5,-2501365.5,3577,13.057728571735916,35.723913161136934,49.65835209681217
2008-01-26,542,2008-01-26,13.55,39.45,45.55,9.35,-1236349.5,-2501365.5,3577,12.789578687564399,37.64582151593974,48.053511658612834
2008-02-12,543,2008-02-12,12.25,37.25,49.0,9.66666666666667,-1236347.5,-2501392.5,3577,12.850210187127773,37.470028758645455,48.22232945072781
2008-03-07,544,2008-03-07,10.65,41.0,47.05,8.8,-1236349.5,-2501365.5,3577,12.203059440557617,38.26005894259966,48.096692664913036
2008-03-15,545,2008-03-15,14.9,32.75,50.85,8.9,-1236349.5,-2501365.5,3577,11.33977462166147,38.41508850758099,48.84859848414726
2008-03-23,546,2008-03-23,11.85,38.4,48.25,8.25,-1236349.5,-2501365.5,3577,11.08786336212641,38.17378949838191,49.3489851271541
2008-04-08,547,2008-04-08,7.15,41.15,50.4,8.8,-1236349.5,-2501365.5,3577,11.87892761263327,37.29092189365209,49.39047893936713
2008-04-16,548,2008-04-16,14.3,32.5,51.65,9.2,-1236349.5,-2501365.5,3577,11.953854543287742,36.610086046955416,49.9575764167884
2008-04-24,549,2008-04-24,9.9,41.0,47.7,9.15,-1236349.5,-2501365.5,3577,12.35306891250979,35.103903610078405,51.049396376419
2008-05-18,550,2008-05-18,15.0,30.9230769230769,52.6153846153846,9.07692307692308,-1236354.23076923,-2501343.46153846,3577,12.54259293338053,33.751395083239885,52.19659956915369
2008-06-03,551,2008-06-03,14.8125,31.5625,51.9375,8.9375,-1236352.5,-2501353.125,3577,12.66181098313262,32.514647239514375,53.30427659681745
2008-06-26,552,2008-06-26,13.0,30.25,55.05,9.15,-1236349.5,-2501365.5,3577,13.226519301130327,30.977175515326337,54.21773512242213
2008-07-12,553,2008-07-12,8.75,31.0,58.95,7.85,-1236349.5,-2501365.5,3577,13.082847377079169,31.0869310034568,54.25777450265478
2008-07-21,554,2008-07-21,14.5,30.85,53.1,8.9,-1236349.5,-2501365.5,3577,12.790201671391712,30.79355228789671,54.85332775890936
2008-07-28,555,2008-07-28,14.0,33.6363636363636,50.6363636363636,9.18181818181818,-1236353.18181818,-2501335.90909091,3577,13.56781241204413,30.348222552681467,54.47417391139297
2008-08-06,556,2008-08-06,14.05,29.0,55.3,8.85,-1236349.5,-2501365.5,3577,13.922942691980861,31.116059977872798,53.367807147108905
2008-08-13,557,2008-08-13,15.0625,31.375,52.0,8.75,-1236350.625,-2501353.125,3577,14.74240376496348,30.23626625977004,53.40433820330292
2008-08-22,558,2008-08-22,14.85,28.5,55.1,8.5,-1236349.5,-2501365.5,3577,15.140295849658912,31.20785431497391,51.97938216792281
2008-08-30,559,2008-08-30,14.85,29.55,53.75,8.7,-1236349.5,-2501365.5,3577,14.515077182876873,30.692665461468927,53.117898742116815
2008-09-07,560,2008-09-07,14.5,33.2,50.7,9.25,-1236349.5,-2501365.5,3577,14.278358212992302,29.6385670830673,54.4089231202153
2008-09-15,561,2008-09-15,13.8,29.15,55.5,9.25,-1236349.5,-2501365.5,3577,14.464331063671008,28.998613306194116,54.882689060157645
2008-09-23,562,2008-09-23,13.15,30.1,54.95,8.7,-1236349.5,-2501365.5,3577,14.370922459890902,28.98800038969884,55.032689060157615
2008-10-01,563,2008-10-01,15.15,28.45,54.85,8.8,-1236349.5,-2501365.5,3577,13.919007772411266,28.411086514100845,56.08595715429243
2008-10-08,564,2008-10-08,14.2,21.15,63.15,7.0,-1236349.5,-2501365.5,3577,13.876722000907234,28.908182142930144,55.67369720062386
2008-10-24,565,2008-10-24,16.05,33.1,49.3,9.75,-1236349.5,-2501365.5,3577,14.061526244651077,29.349443049206464,55.084241377809
2008-10-25,566,2008-10-25,10.5,33.375,54.875,8.75,-1236333.75,-2501403.75,3577,13.965540187364727,29.700644633999325,54.82021206347012
2008-11-02,567,2008-11-02,14.55,30.15,53.55,9.15,-1236349.5,-2501365.5,3577,14.273033313433661,30.661669986355808,53.55823085582347
2008-11-09,568,2008-11-09,13.6,30.15,54.6,9.2,-1236349.5,-2501365.5,3577,13.76363064180196,30.819387733005414,53.885132823824456
2008-11-10,569,2008-11-10,15.9,31.6,51.15,8.75,-1236349.5,-2501365.5,3577,13.243360664101719,31.386078395284237,53.7860112797339
2008-11-18,570,2008-11-18,12.8,28.8,56.8,8.85,-1236349.5,-2501365.5,3577,12.852436751148808,32.98015049370237,52.6220999588568
2008-11-25,571,2008-11-25,12.05,30.75,55.55,9.55,-1236349.5,-2501365.5,3577,13.849380281540626,29.216968224674023,55.34906695470884
2008-11-26,572,2008-11-26,13.4285714285714,35.0,50.0,9.57142857142857,-1236357.85714286,-2501320.71428571,3577,13.768053725267666,30.00685322060201,54.61507238890324
2008-12-04,573,2008-12-04,10.35,32.3,55.85,9.55,-1236349.5,-2501365.5,3577,12.796568423239524,32.405814470116596,53.261001614476626
2008-12-11,574,2008-12-11,15.75,33.65,49.1,9.05,-1236349.5,-2501365.5,3577,12.18895264059406,34.90146773920959,51.402527194160385
2008-12-12,575,2008-12-12,13.6153846153846,30.8461538461538,54.0,8.84615384615385,-1236345.0,-2501389.61538462,3577,11.182954042859482,37.65160721630747,49.68719995174361
2008-12-20,576,2008-12-20,11.9,31.0,55.45,8.8,-1236349.5,-2501365.5,3577,10.921108565165031,39.770277412507696,47.90738441124722
2008-12-28,577,2008-12-28,3.0,64.0,32.0,9.0,-1236285.0,-2501415.0,3577,10.557384851393744,39.97751065318935,48.08145615993194
2009-01-04,578,2009-01-04,13.1428571428571,35.4285714285714,50.1428571428571,9.14285714285714,-1236332.14285714,-2501406.42857143,3577,10.935790632323878,39.546214323893565,48.141424983677844
2009-01-05,579,2009-01-05,11.45,32.6,54.3,9.15,-1236349.5,-2501365.5,3577,11.488954639071988,38.435620392937814,48.68586846589214
2009-01-12,580,2009-01-12,13.7,34.55,50.25,9.1,-1236349.5,-2501365.5,3577,12.005204571563809,36.314040558745184,50.28589606986688
2009-01-13,581,2009-01-13,14.5,32.25,52.0,8.9,-1236349.5,-2501365.5,3577,12.70618174395074,34.14869526757562,51.67312625454268
2009-01-20,582,2009-01-20,11.9,33.1,53.4,8.95,-1236349.5,-2501365.5,3577,12.210130117558633,32.17963317641629,54.07117657883103
2009-01-21,583,2009-01-21,11.65,36.2,50.6,9.3,-1236349.5,-2501365.5,3577,12.898402216976145,31.682306973207815,53.833185931707305
2009-02-06,584,2009-02-06,9.85,34.65,53.9,8.8,-1236349.5,-2501365.5,3577,11.806558920953444,35.665895056950106,50.98250611616723
2009-02-22,585,2009-02-22,12.0,34.25,52.15,8.85,-1236349.5,-2501365.5,3577,11.956837486557063,35.32141052960959,51.12057957521589
2009-03-10,586,2009-03-10,12.15,32.85,53.25,9.4,-1236349.5,-2501365.5,3577,12.420327814598405,34.96497902252024,50.94249055896902
2009-03-25,587,2009-03-25,15.75,33.1875,49.625,8.9375,-1236346.875,-2501379.375,3577,12.39998484487463,33.4563442362541,52.47218021915381
2009-03-26,588,2009-03-26,14.45,33.15,50.7,8.85,-1236349.5,-2501365.5,3577,11.873865350334164,30.13037358667712,56.40507874477621
2009-04-03,589,2009-04-03,3.85714285714286,33.1428571428571,61.3571428571429,14.8571428571429,-1236338.57142857,-2501363.57142857,3577,10.96480330814532,28.149218892558324,59.339887357215964
2009-04-27,590,2009-04-27,14.2,22.7,61.5,7.05,-1236349.5,-2501365.5,3577,10.61635670830558,25.847370238117136,62.06003338765571
2009-05-05,591,2009-05-05,11.3333333333333,20.3333333333333,67.0,7.33333333333333,-1236315.0,-2501415.0,3577,10.43993411129477,26.119886782460263,61.92427595623265
2009-05-13,592,2009-05-13,6.65,25.3,66.7,7.6,-1236349.5,-2501365.5,3577,11.296487258869458,26.919364652371456,60.27644746893071
2009-05-21,593,2009-05-21,14.75,30.2,53.6,8.65,-1236349.5,-2501365.5,3577,12.429941111518188,28.0541789479828,58.01258756722286
2009-06-06,594,2009-06-06,15.1428571428571,34.7142857142857,48.4285714285714,9.42857142857143,-1236357.85714286,-2501320.71428571,3577,13.628468177846932,29.421465621577315,55.49769495209841
2009-06-22,595,2009-06-22,14.6,28.65,55.15,8.6,-1236349.5,-2501365.5,3577,14.144816947756002,30.776514352515942,53.62010667350423
2009-07-07,596,2009-07-07,12.75,35.95,49.8,8.9,-1236349.5,-2501365.5,3577,13.347089855446988,30.448752692091794,54.7674317942038
2009-07-31,597,2009-07-31,13.5,21.0,64.5,7.0,-1236300.0,-2501415.0,3577,13.758482436034555,29.22196755772171,55.54044546783654
2009-08-01,598,2009-08-01,11.65,28.7,58.05,8.5,-1236349.5,-2501365.5,3577,12.835336954065685,28.210547811317596,57.45409301739711
2009-08-09,599,2009-08-09,12.8,29.05,56.6,8.5,-1236349.5,-2501365.5,3577,12.102819110712044,28.472377828565524,57.89279451198091
2009-08-16,600,2009-08-16,13.85,30.1,54.35,8.55,-1236349.5,-2501365.5,3577,12.834931013257275,29.5401587576466,56.03869288605294
2009-08-17,601,2009-08-17,12.3,30.45,55.55,8.6,-1236349.5,-2501365.5,3577,13.593680932068999,30.936470650088307,53.83196545455803
2009-08-24,602,2009-08-24,14.1666666666667,35.5833333333333,48.5,8.91666666666667,-1236355.0,-2501340.0,3577,14.532512791643756,31.50900033918138,52.36381281256659
2009-08-25,603,2009-08-25,15.0,28.8,54.9,8.25,-1236349.5,-2501365.5,3577,14.739029855591127,31.965167031106517,51.69573058519653
2009-09-01,604,2009-09-01,16.4,31.4,50.7333333333333,8.66666666666667,-1236351.0,-2501349.0,3577,14.984008097163755,30.937357379458014,52.591140026116676
2009-09-02,605,2009-09-02,14.45,30.25,53.8,8.45,-1236349.5,-2501365.5,3577,14.825444009033125,30.88380061630374,52.81682110458411
2009-09-17,606,2009-09-17,14.65,30.85,53.05,8.65,-1236349.5,-2501365.5,3577,14.52460650804087,31.03669488405867,53.00140726146125
2009-09-18,607,2009-09-18,13.3,31.1,54.05,8.45,-1236349.5,-2501365.5,3577,13.956381389506237,31.18251531749518,53.44284281249426
2009-09-25,608,2009-09-25,12.45,31.95,54.0,8.75,-1236349.5,-2501365.5,3577,13.563961837953618,31.949799014190525,53.07229968173448
2009-10-03,609,2009-10-03,15.25,34.25,49.5,9.25,-1236360.0,-2501310.0,3577,13.34848340513776,31.96860832665308,53.233535040802636
2009-10-04,610,2009-10-04,12.9,30.05,55.4,8.6,-1236349.5,-2501365.5,3577,13.424642230832177,32.464267466275004,52.61996182351433
2009-10-11,611,2009-10-11,13.15,34.25,51.15,8.75,-1236349.5,-2501365.5,3577,14.43963714304056,32.58644590702927,51.43752408581361
2009-10-12,612,2009-10-12,14.3,30.55,53.55,8.55,-1236349.5,-2501365.5,3577,14.164045106230205,32.283914237278566,51.98921693858087
2009-10-19,613,2009-10-19,14.05,33.2,51.0,8.85,-1236349.5,-2501365.5,3577,12.764704672488232,32.218436144073294,53.446688860212106
2009-10-20,614,2009-10-20,11.3,31.7,55.35,8.7,-1236349.5,-2501365.5,3577,11.167601720805298,32.978706032625716,54.28822096678688
2009-10-28,615,2009-10-28,12.25,37.8,48.55,9.6,-1236349.5,-2501365.5,3577,9.862540482644636,33.48130921163566,55.1111874102868
2009-11-05,616,2009-11-05,8.25,27.6,62.9,6.8,-1236349.5,-2501365.5,3577,9.243476738157565,34.358580474337494,54.95455315945297
2009-11-12,617,2009-11-12,3.5,37.5,57.4,14.1,-1236349.5,-2501365.5,3577,8.894707168626804,34.365396841361466,55.24920308246745
2009-11-13,618,2009-11-13,11.55,36.0,50.9,9.55,-1236349.5,-2501365.5,3577,10.515534049358287,34.38158154220059,53.58207491151282
2009-11-20,619,2009-11-20,15.1764705882353,34.5882352941176,48.6470588235294,9.29411764705882,-1236352.05882353,-2501356.76470588,3577,12.121667369234306,34.08686152673987,52.19648534855367
2009-11-21,620,2009-11-21,13.35,31.15,53.85,8.8,-1236349.5,-2501365.5,3577,13.72857449188741,33.76651464315547,50.865102796940484
2009-11-28,621,2009-11-28,14.7,34.95,48.75,8.95,-1236349.5,-2501365.5,3577,14.664187185513079,33.596986884445435,50.126167565353754
2009-11-29,622,2009-11-29,15.9,31.8,50.55,8.85,-1236349.5,-2501365.5,3577,14.696676904863109,33.710859426036045,50.03365018471948
2009-12-06,623,2009-12-06,14.5,34.4,49.7,9.05,-1236349.5,-2501365.5,3577,13.866799072351544,32.857326228674445,51.75305993404838
2009-12-07,624,2009-12-07,8.5,35.35,54.75,10.85,-1236349.5,-2501365.5,3577,12.328388650593602,33.99921280913078,52.140814387298576
2009-12-15,625,2009-12-15,14.4375,32.6875,51.4375,9.125,-1236352.5,-2501353.125,3577,12.999663483027504,34.93755027297804,50.55703683267352
2010-01-24,626,2010-01-24,12.15,36.0,50.2,8.8,-1236349.5,-2501365.5,3577,13.145890080141896,35.555631258646805,49.78135981892068
2010-02-01,627,2010-02-01,13.3,33.7,51.3,8.95,-1236349.5,-2501365.5,3577,12.766677130916708,35.015816536399534,50.65874342375133
2010-02-16,628,2010-02-16,15.1,36.05,47.35,9.25,-1236349.5,-2501365.5,3577,12.815310783360513,34.01806911424683,51.599116845010485
2010-02-17,629,2010-02-17,12.1,34.35,52.1,9.2,-1236349.5,-2501365.5,3577,12.330396823129991,32.403793578356,53.688362808728414
2010-03-05,630,2010-03-05,13.35,31.2,53.9,8.55,-1236349.5,-2501365.5,3577,12.908740643677499,31.29128233502589,54.28814532286489
2010-03-21,631,2010-03-21,7.18181818181818,27.5454545454545,63.6363636363636,6.45454545454545,-1236347.72727273,-2501395.90909091,3577,11.902795136187672,30.663303246144135,55.937536879099014
2010-04-05,632,2010-04-05,13.4,27.6,57.55,8.35,-1236349.5,-2501365.5,3577,11.862614401498782,30.04356263986056,56.58370649543811
2010-04-06,633,2010-04-06,13.1,30.75,54.7,8.65,-1236349.5,-2501365.5,3577,11.204680472916905,29.201318421933948,58.003788288820424
2010-04-21,634,2010-04-21,12.15,31.75,54.4,8.85,-1236349.5,-2501365.5,3577,11.16614512703566,28.31188555322666,58.83947033826537
2010-04-30,635,2010-04-30,13.35,28.8,56.15,8.5,-1236349.5,-2501365.5,3577,11.055063976269755,27.824082844396024,59.40469917078937
2010-05-07,636,2010-05-07,4.1,26.9,67.15,12.95,-1236349.5,-2501365.5,3577,11.363200112579218,27.449433036000148,59.5178624780703
2010-05-15,637,2010-05-15,14.45,23.35,60.55,7.65,-1236349.5,-2501365.5,3577,11.413231505335064,27.12027241334112,59.82701509016405
2010-05-16,638,2010-05-16,11.5,24.65,62.2,8.4,-1236349.5,-2501365.5,3577,11.546010954987558,26.34077269479352,60.48456883672698
2010-05-23,639,2010-05-23,13.45,29.9,55.25,8.5,-1236349.5,-2501365.5,3577,12.272218493578887,26.213665320743445,59.95923380024651
2010-05-24,640,2010-05-24,12.75,27.6875,58.25,8.3125,-1236350.625,-2501379.375,3577,13.083338024202941,27.021160070575537,58.43659312822527
2010-05-31,641,2010-05-31,14.6,28.7,55.2,8.4,-1236349.5,-2501365.5,3577,13.658491199201237,27.796456677992772,57.12182770788729
2010-06-01,642,2010-06-01,10.4,26.2,61.65,8.2,-1236349.5,-2501365.5,3577,13.078014245814146,28.20019701660147,57.29474874969375
2010-06-09,643,2010-06-09,14.55,26.25,57.85,8.05,-1236349.5,-2501365.5,3577,12.175795185998176,27.66550629353562,58.70333421043428
2010-06-25,644,2010-06-25,10.65,29.7,58.45,8.45,-1236349.5,-2501365.5,3577,12.476020597642929,27.68551155619389,58.379521431167866
2010-07-02,645,2010-07-02,14.25,28.55,55.7,8.3,-1236349.5,-2501365.5,3577,11.48038369108691,28.32194888642727,58.72158181184453
2010-07-10,646,2010-07-10,9.9,28.1,60.35,8.5,-1236349.5,-2501365.5,3577,12.522179041172302,29.338596799468434,56.676745177327085
2010-07-27,647,2010-07-27,11.45,29.75,57.35,8.45,-1236349.5,-2501365.5,3577,12.3561973673893,29.926252969992152,56.28109455753168
2010-08-03,648,2010-08-03,15.1538461538462,30.3076923076923,53.1538461538462,8.53846153846154,-1236358.84615385,-2501343.46153846,3577,12.461708928189069,30.107548960730057,55.97147811451197
2010-08-12,649,2010-08-12,9.5,34.0,55.0,9.0,-1236330.0,-2501295.0,3577,11.656136689921198,30.57125546830847,56.254357786074365
2010-08-28,650,2010-08-28,13.5,28.05,56.95,8.15,-1236349.5,-2501365.5,3577,11.598268130509044,31.28489598667494,55.65705308841565
2010-09-04,651,2010-09-04,13.65,31.0,53.9,8.65,-1236349.5,-2501365.5,3577,10.771483389010081,32.12328173965787,55.61253655803846
2010-09-13,652,2010-09-13,3.5,32.75,62.2,14.0,-1236349.5,-2501365.5,3577,10.207232175701844,32.81897391223369,55.38804157323905
2010-10-06,653,2010-10-06,13.6842105263158,32.9473684210526,51.6315789473684,8.94736842105263,-1236352.89473684,-2501362.89473684,3577,10.094653486733113,31.927374094139132,56.30989113729463
2010-10-07,654,2010-10-07,9.6,35.1,53.65,8.7,-1236349.5,-2501365.5,3577,10.821868985664825,31.88755640440229,55.59460485198615
2010-10-15,655,2010-10-15,12.45,29.4,56.5,8.55,-1236349.5,-2501365.5,3577,11.899593062142209,31.435317947079987,54.958736757775306
2010-10-22,656,2010-10-22,11.0,30.0,57.0,9.0,-1236315.0,-2501295.0,3577,12.075612386633884,30.375910247479766,55.844599990192094
2010-10-31,657,2010-10-31,14.0,29.5,55.0833333333333,8.41666666666667,-1236360.0,-2501340.0,3577,12.64302929838426,29.737230654708284,55.955793720149046
2010-11-07,658,2010-11-07,14.375,28.0625,56.0,8.25,-1236346.875,-2501379.375,3577,11.907601348462368,30.716578978699616,55.7884258726362
2010-11-15,659,2010-11-15,8.5,36.25,53.7,8.5,-1236349.5,-2501365.5,3577,10.6619429495045,31.93096384021237,55.89679001948819
2010-11-16,660,2010-11-16,9.75,29.2,59.55,8.0,-1236349.5,-2501365.5,3577,10.518306990384612,33.14492170422096,54.91080856571318
2010-11-24,661,2010-11-24,9.6,36.1,52.9,8.1,-1236349.5,-2501365.5,3577,10.18342408365476,34.68513038818247,53.755059646228084
2010-12-01,662,2010-12-01,10.55,39.9,48.2,9.05,-1236349.5,-2501365.5,3577,10.578549546427222,35.234937701612004,52.76785706552721
2010-12-02,663,2010-12-02,11.2,32.6,54.85,8.8,-1236349.5,-2501365.5,3577,10.731909653812075,35.90758992039415,51.87775877372626
2010-12-09,664,2010-12-09,13.8,33.55,51.2,8.8,-1236349.5,-2501365.5,3577,11.760517655717138,36.310581523734,50.49619281646392
2010-12-10,665,2010-12-10,9.95,37.6,50.9,8.55,-1236349.5,-2501365.5,3577,12.595136829113276,36.06642192945834,49.9040918833414
2010-12-25,666,2010-12-25,13.5,38.6666666666667,46.1666666666667,9.83333333333333,-1236350.0,-2501315.0,3577,11.750769663771003,36.86881580750999,49.9380411641947
2010-12-26,667,2010-12-26,9.2,37.3,52.15,8.65,-1236349.5,-2501365.5,3577,10.674316395677028,37.449312606892164,50.413992509031424
2011-01-11,668,2011-01-11,10.4,38.95,49.5,8.8,-1236349.5,-2501365.5,3577,8.948479075103126,39.73418671111577,49.86518326873619
2011-01-18,669,2011-01-18,10.55,39.1,48.9,8.85,-1236349.5,-2501365.5,3577,8.538317564786878,41.14886083987637,48.85505603786607
2011-01-19,670,2011-01-19,6.35,40.75,51.25,8.6,-1236349.5,-2501365.5,3577,8.443649642409989,41.57753866360056,48.54864794647351
2011-01-27,671,2011-01-27,6.5,44.95,47.05,10.05,-1236349.5,-2501365.5,3577,9.98985689233218,40.83134729047431,47.781211976870466
2011-02-03,672,2011-02-03,12.25,41.15,45.2,9.15,-1236349.5,-2501365.5,3577,11.351517677367374,40.164217310031745,47.08415712254018
2011-02-27,673,2011-02-27,14.5,36.65,47.55,9.25,-1236349.5,-2501365.5,3577,13.241430499323261,37.928105898224075,47.40369568511275
2011-03-24,674,2011-03-24,17.6,34.15,46.85,8.95,-1236349.5,-2501365.5,3577,13.99759141786797,36.043193184519076,48.5157429257976
2011-04-24,675,2011-04-24,12.75,35.1,50.85,8.65,-1236349.5,-2501365.5,3577,15.235578817465093,33.74706098854202,49.552592608622355
2011-04-25,676,2011-04-25,16.6666666666667,29.6666666666667,52.0,8.0,-1236315.0,-2501415.0,3577,15.504674994765566,32.444723491158285,50.53745047521382
2011-05-10,677,2011-05-10,10.8,35.7,51.75,8.55,-1236349.5,-2501365.5,3577,14.09841087704655,32.67123774058271,51.62737881312961
2011-05-11,678,2011-05-11,14.05,31.3,53.05,8.55,-1236349.5,-2501365.5,3577,13.251264370302644,33.46532507739438,51.685480309156794
2011-05-18,679,2011-05-18,13.85,36.6,48.05,9.4,-1236349.5,-2501365.5,3577,12.76845695583895,34.04222939083112,51.653817737981846
2011-05-27,680,2011-05-27,14.2,30.9,53.55,8.7,-1236349.5,-2501365.5,3577,12.271412024506164,33.94765745090315,52.31410941998395
2011-06-11,681,2011-06-11,9.2,37.55,51.8,8.65,-1236349.5,-2501365.5,3577,11.915385156637242,33.58252289505658,53.07513071293238
2011-06-12,682,2011-06-12,11.7,32.25,54.55,8.85,-1236349.5,-2501365.5,3577,11.531499022131975,33.527249633746166,53.54486160123905
2011-06-19,683,2011-06-19,13.5,31.1,54.2,8.8,-1236349.5,-2501365.5,3577,11.987109942925017,32.90080780138636,53.680146642465964
2011-06-20,684,2011-06-20,9.15,33.9,55.35,8.55,-1236349.5,-2501365.5,3577,11.574119045991573,33.07466596275342,53.89045277179742
2011-06-28,685,2011-06-28,12.8,31.95,53.65,8.55,-1236349.5,-2501365.5,3577,11.83429242226993,33.04860631152113,53.63485951116431
2011-07-21,686,2011-07-21,13.375,34.75,50.4375,9.4375,-1236350.625,-2501353.125,3577,12.149867475937338,33.47641837799709,52.902190602316644
2011-07-30,687,2011-07-30,13.4,34.4,50.8,9.4,-1236345.0,-2501313.0,3577,12.356101727515684,35.9851474793312,50.20914343157877
2011-08-06,688,2011-08-06,10.8461538461538,32.4615384615385,55.2307692307692,9.15384615384615,-1236347.30769231,-2501389.61538462,3577,12.669861871872353,30.755029335984503,55.057396782775555
2011-08-15,689,2011-08-15,11.7,33.8,53.0,8.95,-1236349.5,-2501365.5,3577,13.715240266994579,29.247649373722652,55.49060167921269
2011-08-22,690,2011-08-22,14.4,33.65,50.4,9.1,-1236349.5,-2501365.5,3577,13.802046861426355,32.52958737337,52.16968276396878
2011-09-07,691,2011-09-07,14.7,31.7,52.1,8.8,-1236349.5,-2501365.5,3577,12.704093870469784,38.02260818918113,47.77743354984813
2011-09-23,692,2011-09-23,13.75,34.15,50.45,8.85,-1236349.5,-2501365.5,3577,12.715864030531211,42.58489305623268,43.22873112727409
2011-10-09,693,2011-10-09,13.0909090909091,32.8181818181818,52.6363636363636,8.27272727272727,-1236345.0,-2501395.90909091,3577,11.91933278622302,46.952678910854566,39.72112659552933
2011-11-02,694,2011-11-02,8.27272727272727,90.7272727272727,0.0,3.0,-1236347.72727273,-2501355.0,3577,11.784028369602183,48.480248586194044,38.37940936068705
2011-11-03,695,2011-11-03,8.75,41.5,48.4,10.7,-1236349.5,-2501365.5,3577,11.243277177366405,47.50001544331681,39.94171094174015
2011-11-11,696,2011-11-11,13.9,31.85,52.75,8.9,-1236349.5,-2501365.5,3577,11.158505960685545,44.86849765769725,42.6393965870823
2011-11-19,697,2011-11-19,14.35,33.95,50.3,8.8,-1236349.5,-2501365.5,3577,11.867438282233858,40.595680979582866,46.14977356585871
2011-12-05,698,2011-12-05,10.8181818181818,37.6363636363636,50.1818181818182,9.72727272727273,-1236355.90909091,-2501335.90909091,3577,13.191043300913261,34.89907696440386,50.46597398519668
2011-12-21,699,2011-12-21,16.0,32.7142857142857,49.7857142857143,8.71428571428571,-1236349.28571429,-2501387.14285714,3577,13.738293630094278,31.58502472056038,53.18647247066802
2012-01-06,700,2012-01-06,11.15,37.65,49.7,9.2,-1236349.5,-2501365.5,3577,14.773441559845207,31.064185786064048,52.672927086977765
2012-02-07,701,2012-02-07,16.25,35.15,47.0,8.95,-1236349.5,-2501365.5,3577,14.924308304977338,37.206104710088724,46.4007132678679
2012-02-14,702,2012-02-14,17.125,33.125,48.375,8.625,-1236341.25,-2501403.75,3577,15.660062357660637,36.15280965164326,46.64341692878148
2012-02-23,703,2012-02-23,16.5,34.5,47.55,8.8,-1236349.5,-2501365.5,3577,17.517034436149462,36.371584684659744,44.609970292858364
2012-03-26,704,2012-03-26,16.05,38.8,43.6,9.15,-1236349.5,-2501365.5,3577,18.343958054326823,35.4861254844174,44.678509880205986
2012-04-11,705,2012-04-11,21.1428571428571,32.7857142857143,44.4285714285714,8.92857142857143,-1236349.28571429,-2501387.14285714,3577,17.765917647880922,34.45813451254113,46.28830099208663
2012-04-18,706,2012-04-18,15.45,37.2,45.85,9.25,-1236349.5,-2501365.5,3577,16.94703075561954,32.90438794950687,48.630489247587235
2012-04-27,707,2012-04-27,18.45,32.05,48.15,8.9,-1236349.5,-2501365.5,3577,15.688851318957319,30.92849909378085,51.89371166758161
2012-05-13,708,2012-05-13,14.3333333333333,24.0,60.3333333333333,7.33333333333333,-1236315.0,-2501415.0,3577,15.019730785208406,29.245320469000312,54.213905959873074
2012-05-29,709,2012-05-29,10.0,26.0,62.0,8.0,-1236345.0,-2501415.0,3577,14.115784138460043,28.913438689788862,55.408165866632814
2012-06-14,710,2012-06-14,13.85,34.65,50.1,9.4,-1236349.5,-2501365.5,3577,13.467088020336778,29.929316387941945,54.97540536088476
2012-06-30,711,2012-06-30,16.0,30.45,51.95,8.9,-1236349.5,-2501365.5,3577,13.471646825824376,31.98872771964399,52.87547283726835
2012-07-16,712,2012-07-16,15.65,31.75,50.95,8.6,-1236349.5,-2501365.5,3577,14.042729406813997,33.18760759363978,51.075730925413694
2012-08-01,713,2012-08-01,12.0,40.0,46.0,10.0,-1236315.0,-2501295.0,3577,14.422323052828164,34.52741366852842,49.37966266387475
2012-08-08,714,2012-08-08,14.75,34.0625,49.6875,8.875,-1236346.875,-2501379.375,3577,15.12172898678984,34.812054205282514,48.446808664522905
2012-08-17,715,2012-08-17,15.45,31.9,51.2,8.75,-1236349.5,-2501365.5,3577,14.906262840911722,34.34820161282198,49.18805130230628
2012-09-02,716,2012-09-02,14.65,33.2,50.6,8.8,-1236349.5,-2501365.5,3577,14.183493183800659,34.81990206347865,49.35562543750661
2012-09-18,717,2012-09-18,14.55,33.8,49.95,9.05,-1236349.5,-2501365.5,3577,14.890307891413059,34.941357302756586,48.56311696525606
2012-09-25,718,2012-09-25,15.8461538461538,37.2307692307692,45.3846153846154,9.46153846153846,-1236358.84615385,-2501343.46153846,3577,14.918467406212237,34.46293482158352,49.040618111142464
2012-10-04,719,2012-10-04,12.95,37.75,47.7,9.6,-1236349.5,-2501365.5,3577,14.801974246280174,34.770577139573504,48.8984866734764
2012-10-20,720,2012-10-20,14.9444444444444,34.0555555555556,49.3888888888889,9.0,-1236351.66666667,-2501373.33333333,3577,14.455420297463835,35.51165070011886,48.51119299318147
2012-11-05,721,2012-11-05,14.8461538461538,33.1538461538462,50.3846153846154,9.38461538461539,-1236354.23076923,-2501343.46153846,3577,13.886298769102101,35.289213236746086,49.373164252387056
2012-11-12,722,2012-11-12,15.0,33.0,51.0,9.0,-1236315.0,-2501415.0,3577,13.856838180472678,35.297377441954225,49.403645750923445
2012-11-28,723,2012-11-28,10.65,39.4,48.55,10.0,-1236349.5,-2501365.5,3577,13.874948448032402,35.56431238848581,49.11582205561411
2012-12-23,724,2012-12-23,16.0769230769231,35.6153846153846,46.6923076923077,9.69230769230769,-1236345.0,-2501389.61538462,3577,13.883661967008873,36.069232979959835,48.592842056534835
2013-01-08,725,2013-01-08,12.8,36.55,49.0,9.7,-1236349.5,-2501365.5,3577,13.736511056756129,37.323923260470494,47.47323755725607
2013-01-15,726,2013-01-15,13.55,38.75,46.25,9.65,-1236349.5,-2501365.5,3577,14.087099154028962,38.027191084114214,46.44463017225586
2013-01-31,727,2013-01-31,17.8,36.75,44.05,9.55,-1236349.5,-2501365.5,3577,14.831185425203497,37.44241321813574,46.29021717020268
2013-02-09,728,2013-02-09,13.0,36.5,49.25,9.25,-1236333.75,-2501403.75,3577,15.478585085534007,36.68691418271163,46.38645090812
2013-03-04,729,2013-03-04,15.1,37.2,46.25,9.5,-1236349.5,-2501365.5,3577,16.20843721091017,35.80085245854853,46.58038490094445
2013-03-20,730,2013-03-20,17.3529411764706,35.7058823529412,45.4705882352941,9.05882352941176,-1236350.29411765,-2501376.17647059,3577,16.30448241432336,35.78221711815241,46.475222837618006
2013-03-29,731,2013-03-29,18.65,32.75,47.15,8.9,-1236349.5,-2501365.5,3577,16.71847256731364,34.538267960408135,47.21593357470452
2013-04-03,732,2013-04-03,14.25,33.95,49.95,9.1,-1236349.5,-2501365.5,3577,15.831909303587873,33.764071914239885,48.84192582139402
2013-04-05,733,2013-04-05,16.6,35.2,46.65,9.1,-1236349.5,-2501365.5,3577,16.05593274266318,33.92284284645825,48.37356676892469
2013-04-14,734,2013-04-14,15.45,33.1,50.0,9.1,-1236349.5,-2501365.5,3577,15.394096315265024,34.356436151714206,48.57376437984891
2013-04-21,735,2013-04-21,13.25,33.5,51.65,9.0,-1236349.5,-2501365.5,3577,15.054541379215873,31.930921291415515,51.43330408436178
2013-04-22,736,2013-04-22,14.05,31.75,52.45,8.85,-1236349.5,-2501365.5,3577,13.75083399875582,32.21315522029846,52.53928065802167
2013-04-29,737,2013-04-29,14.2,35.75,48.6,9.6,-1236349.5,-2501365.5,3577,13.475641577506256,33.53344088376368,51.489651470357664
2013-04-30,738,2013-04-30,14.1,33.75,50.5,9.35,-1236349.5,-2501365.5,3577,11.658015977828477,35.17709519582059,51.66855095368254
2013-05-07,739,2013-05-07,6.66666666666667,31.5,60.8333333333333,6.66666666666667,-1236350.0,-2501315.0,3577,9.638915831329252,38.097353265923424,50.75955674871324
2013-05-16,740,2013-05-16,11.85,36.75,49.85,10.05,-1236349.5,-2501365.5,3577,8.211522223904899,39.63816348769316,50.63001147458594
2013-06-08,741,2013-06-08,2.0,55.5,40.5,10.0,-1236300.0,-2501415.0,3577,7.050624607589499,39.426297386817815,51.94155751368597
2013-06-09,742,2013-06-09,11.0,33.35,53.9,9.55,-1236349.5,-2501365.5,3577,7.054673912257997,37.84785338499944,53.43309157302167
2013-07-11,743,2013-07-11,3.0,33.6666666666667,62.0,14.6666666666667,-1236305.0,-2501405.0,3577,8.276716317736751,34.99821782963676,54.939277750105454
2013-07-18,744,2013-07-18,14.15,30.95,53.0,9.35,-1236349.5,-2501365.5,3577,9.841881183830177,31.934066552637642,56.37490419796079
2013-07-27,745,2013-07-27,10.65,23.85,63.45,7.5,-1236349.5,-2501365.5,3577,11.685579539138164,29.049547511307882,57.43508230674556
2013-08-03,746,2013-08-03,14.05,29.75,54.5,8.85,-1236349.5,-2501365.5,3577,12.924422301123158,26.94127840683166,58.384806627831956
2013-08-04,747,2013-08-04,14.55,29.15,54.55,8.6,-1236349.5,-2501365.5,3577,14.262284310115,27.038607677148526,56.96555673427886
2013-08-12,748,2013-08-12,12.4,29.95,55.85,8.7,-1236349.5,-2501365.5,3577,14.032503951155107,30.14348600315642,54.09818463269667
2013-08-20,749,2013-08-20,13.9,31.0,53.65,8.75,-1236349.5,-2501365.5,3577,14.491140567376792,30.504775126829387,53.32916892188541
2013-08-27,750,2013-08-27,15.8,31.75,50.9,8.7,-1236349.5,-2501365.5,3577,13.756345125460712,32.38906287210757,52.280383857620635
2013-08-28,751,2013-08-28,13.65,30.0,54.5,8.8,-1236349.5,-2501365.5,3577,14.237932191645228,32.73545541145671,51.426932819494795
2013-09-05,752,2013-09-05,13.3333333333333,34.25,50.9166666666667,9.08333333333333,-1236360.0,-2501340.0,3577,14.033505632652133,32.467090108029524,51.832184791464975
2013-09-12,753,2013-09-12,14.875,35.625,47.75,9.25,-1236360.0,-2501325.0,3577,14.39079272120852,32.632552664049335,51.31379873995208
2013-09-13,754,2013-09-13,14.2,30.75,53.4,8.8,-1236349.5,-2501365.5,3577,14.641835177204502,32.08183387819131,51.57802723591428
2013-09-21,755,2013-09-21,15.2,31.25,51.95,8.7,-1236349.5,-2501365.5,3577,14.879201036319552,31.531155686414134,51.88042679713732
2013-09-29,756,2013-09-29,14.75,29.15,54.2,8.8,-1236349.5,-2501365.5,3577,14.861491372402465,31.452256489635694,51.98410227542578
2013-10-06,757,2013-10-06,16.3,34.45,47.6,9.35,-1236349.5,-2501365.5,3577,16.035492758013582,33.0238828508903,49.28235835371322
2013-10-07,758,2013-10-07,15.0,31.5,52.0,8.75,-1236349.5,-2501365.5,3577,15.60131290278116,33.09196507826044,49.68333008579944
2013-10-22,759,2013-10-22,15.35,34.65,48.2,9.7,-1236349.5,-2501365.5,3577,15.365810041349539,34.1118491415654,48.86888761392676
2013-10-23,760,2013-10-23,14.5,35.85,48.05,9.45,-1236349.5,-2501365.5,3577,14.185681114548963,34.13915163783075,49.957560241608505
2013-10-30,761,2013-10-30,13.2,35.4,49.7,9.9,-1236349.5,-2501365.5,3577,12.513451254625856,32.5721145727289,53.137830435810116
2013-10-31,762,2013-10-31,14.2,31.05,53.1,9.35,-1236349.5,-2501365.5,3577,11.230864491543928,31.767457619774852,55.21809088743248
2013-11-07,763,2013-11-07,5.25,23.8,68.75,16.1,-1236349.5,-2501365.5,3577,10.813738119464057,30.50178180951719,56.856767845149434
2013-11-08,764,2013-11-08,13.0,35.0,50.0,9.0,-1236345.0,-2501415.0,3577,11.024637900797245,30.24509840004744,56.89904414470128
2013-11-15,765,2013-11-15,8.4,28.45,61.75,7.55,-1236349.5,-2501365.5,3577,11.407735608043499,30.609579120565257,56.18143930372193
2013-11-23,766,2013-11-23,15.15,33.75,49.35,9.65,-1236349.5,-2501365.5,3577,12.119328195022977,32.67087834765365,53.45870445343331
2013-12-01,767,2013-12-01,14.8,35.95,47.6,9.5,-1236349.5,-2501365.5,3577,12.771205265321003,33.62768516312906,51.883996189561195
2013-12-02,768,2013-12-02,13.5,32.05,52.5,9.4,-1236349.5,-2501365.5,3577,13.706667171835402,35.21019182055808,49.3876626469432
2013-12-10,769,2013-12-10,11.15,38.05,49.2,9.95,-1236349.5,-2501365.5,3577,13.964369393029518,36.285962367429974,48.14300135255909
2013-12-17,770,2013-12-17,13.15,37.15,48.2,9.75,-1236349.5,-2501365.5,3577,12.612699765606472,36.89872434880846,48.85889058797731
2013-12-18,771,2013-12-18,13.95,34.5,49.9,9.55,-1236349.5,-2501365.5,3577,13.791046968346524,36.52736553815525,48.07881404890627
2013-12-26,772,2013-12-26,14.65,34.8,48.85,9.35,-1236349.5,-2501365.5,3577,13.996374165184196,35.66685255431668,48.79871791072789
2014-01-02,773,2014-01-02,14.75,43.25,40.75,11.75,-1236360.0,-2501310.0,3577,14.86231034730079,36.324526516333044,47.24691080468442
2014-01-03,774,2014-01-03,13.05,32.95,52.4,9.55,-1236349.5,-2501365.5,3577,15.062463892631097,36.798481012220016,46.53393499932645
2014-01-10,775,2014-01-10,17.6,32.6,47.75,9.65,-1236349.5,-2501365.5,3577,15.253773159905311,36.63833853797219,46.37583040658673
2014-01-11,776,2014-01-11,18.4210526315789,34.8421052631579,45.1052631578947,9.26315789473684,-1236351.31578947,-2501369.21052632,3577,15.034094939171807,36.87943752706978,46.266314232396795
2014-01-27,777,2014-01-27,9.55,46.15,42.5,12.4,-1236349.5,-2501365.5,3577,15.466616553990704,36.78750647074964,45.87675480544418
2014-02-04,778,2014-02-04,16.15,34.6,47.35,9.35,-1236349.5,-2501365.5,3577,15.592991023485961,36.31107683017012,46.25982287943035
2014-02-20,779,2014-02-20,17.55,33.0,47.55,9.25,-1236349.5,-2501365.5,3577,16.531620203352336,35.597677368394955,46.07524884799258
2014-02-27,780,2014-02-27,17.8,34.6,45.8,9.5,-1236349.5,-2501365.5,3577,16.950520619712655,36.04556941203547,45.335957105698434
2014-02-28,781,2014-02-28,16.05,35.45,47.05,9.35,-1236349.5,-2501365.5,3577,16.699143815953043,34.87436864431905,46.80482934666642
2014-03-07,782,2014-03-07,17.8235294117647,36.1176470588235,44.6470588235294,9.23529411764706,-1236352.05882353,-2501356.76470588,3577,16.804904746929385,34.36345035309047,47.181796729368486
2014-03-08,783,2014-03-08,15.65,33.8,48.9,9.25,-1236349.5,-2501365.5,3577,16.377072315675623,34.95805586308039,47.03144926414503
2014-03-15,784,2014-03-15,16.85,35.8,45.45,9.55,-1236349.5,-2501365.5,3577,14.910354642623405,36.35462454136105,47.13697289779266
2014-03-23,785,2014-03-23,11.05,38.35,49.1,13.6,-1236349.5,-2501365.5,3577,14.796780682436818,36.076540187179475,47.517613628396916
2014-03-24,786,2014-03-24,15.5,33.4,49.35,9.35,-1236349.5,-2501365.5,3577,14.871623579058,35.41657986676089,48.08714846994742
2014-03-31,787,2014-03-31,16.95,35.2,46.3,9.55,-1236349.5,-2501365.5,3577,15.487751618397358,34.80438708374444,48.122685861859395
2014-04-01,788,2014-04-01,15.85,34.9,47.95,9.35,-1236349.5,-2501365.5,3577,16.015590252872656,34.22755398363225,48.240314382107044
2014-04-09,789,2014-04-09,15.9,32.75,49.9,9.35,-1236349.5,-2501365.5,3577,16.260593793803054,32.866727926783014,49.36162156122701
2014-04-16,790,2014-04-16,17.2,32.65,48.3,9.2,-1236349.5,-2501365.5,3577,16.522681890624177,32.00818095633348,49.930896654540646
2014-04-17,791,2014-04-17,17.1538461538462,29.7692307692308,51.6153846153846,8.69230769230769,-1236345.0,-2501389.61538462,3577,17.037276108028514,31.949595079243206,49.436602392004026
2014-04-24,792,2014-04-24,16.5,33.25,48.7,8.8,-1236349.5,-2501365.5,3577,16.881183165486448,32.08211628808911,49.444899468230965
2014-04-25,793,2014-04-25,14.9,31.55,51.8,9.4,-1236349.5,-2501365.5,3577,17.012302379684943,31.791365305920564,49.5359970613975
2014-05-03,794,2014-05-03,17.25,31.6875,49.4375,8.6875,-1236352.5,-2501353.125,3577,16.710919682839084,32.48241966118653,49.14113369066494
2014-05-10,795,2014-05-10,19.4615384615385,35.8461538461538,43.1538461538462,9.07692307692308,-1236358.84615385,-2501343.46153846,3577,15.905597986198142,32.731565187010986,49.67753683860052
2014-05-11,796,2014-05-11,14.55,30.65,53.0,9.1,-1236349.5,-2501365.5,3577,15.29154843727133,32.92550882077657,50.049934133494176
2014-05-27,797,2014-05-27,12.7,32.0,53.5,9.2,-1236349.5,-2501365.5,3577,14.583285813969514,32.68384715724366,51.03191795997952
2014-06-04,798,2014-06-04,12.45,33.15,52.75,9.4,-1236349.5,-2501365.5,3577,13.166651733594286,32.55433155496077,52.67071715792351
2014-06-11,799,2014-06-11,13.9,32.3,52.2,8.6,-1236349.5,-2501365.5,3577,12.807285700722705,31.74255652360977,53.851856356900115
2014-06-12,800,2014-06-12,13.15,29.85,55.4,8.95,-1236349.5,-2501365.5,3577,13.230440231355137,29.923010473684734,55.22939261261846
2014-06-20,801,2014-06-20,12.65,31.6,54.45,8.8,-1236349.5,-2501365.5,3577,12.905419122433145,29.346662521208625,56.171862493892085
2014-06-27,802,2014-06-27,11.0,28.5,59.0,8.0,-1236300.0,-2501415.0,3577,12.13828855910122,30.23800227714993,56.100658914784844
2014-06-28,803,2014-06-28,12.95,29.85,55.2,9.1,-1236349.5,-2501365.5,3577,10.804076570936111,30.955206432577366,56.68507334135207
2014-07-06,804,2014-07-06,13.9230769230769,27.8461538461538,56.6153846153846,8.69230769230769,-1236345.0,-2501389.61538462,3577,9.713332539492075,32.692265835295,56.03402000475465
2014-07-13,805,2014-07-13,4.4,37.3,56.95,8.85,-1236349.5,-2501365.5,3577,9.181025146956134,33.78050346096994,55.37879298600071
2014-07-22,806,2014-07-22,4.3,38.75,55.45,15.45,-1236349.5,-2501365.5,3577,9.25346870059758,33.885832688911684,55.16826339492817
2014-07-29,807,2014-07-29,13.55,31.95,52.65,8.8,-1236349.5,-2501365.5,3577,9.702028073338237,32.42945243511262,56.13816832428461
2014-07-30,808,2014-07-30,12.5,28.5,57.05,8.7,-1236349.5,-2501365.5,3577,10.140819076135482,30.01770842874229,58.06658644997859
2014-08-07,809,2014-08-07,10.9444444444444,26.6111111111111,60.6666666666667,8.22222222222222,-1236351.66666667,-2501373.33333333,3577,11.018973661818517,27.27929552222131,59.91984587710354
2014-08-15,810,2014-08-15,11.3,22.5,64.25,8.0,-1236349.5,-2501365.5,3577,11.925408917705889,24.70715024139578,61.5705581956651
2014-08-23,811,2014-08-23,11.05,24.35,63.25,7.95,-1236349.5,-2501365.5,3577,11.959449129300275,23.57854566743533,62.72106372728501
2014-08-31,812,2014-08-31,11.3,23.35,63.4,7.8,-1236349.5,-2501365.5,3577,11.504740065574257,23.633196696660654,63.19535892383246
2014-09-08,813,2014-09-08,11.0,26.25,61.2,7.75,-1236349.5,-2501365.5,3577,11.143004918196752,24.379388039717213,62.84143058952492
2014-09-15,814,2014-09-15,12.6875,26.9375,58.9375,8.0,-1236350.625,-2501353.125,3577,11.509006022355699,25.773034254183656,61.0351569096447
2014-09-16,815,2014-09-16,10.35,23.95,63.7,7.6,-1236349.5,-2501365.5,3577,11.653316295845517,26.202367657278604,60.41087533466661
2014-09-23,816,2014-09-23,12.85,27.0,58.35,8.1,-1236349.5,-2501365.5,3577,11.543551134106682,26.467014512830993,60.259717681690105
2014-09-24,817,2014-09-24,12.75,24.45,61.15,7.5,-1236349.5,-2501365.5,3577,11.27523463378558,26.68265198423468,60.29242920391401
2014-10-02,818,2014-10-02,7.3,32.65,58.3,9.75,-1236349.5,-2501365.5,3577,11.26208106908403,27.355252603429626,59.634563694810204
2014-10-09,819,2014-10-09,13.25,27.65,57.35,8.15,-1236349.5,-2501365.5,3577,11.680063705642457,29.127879202836148,57.429589566771384
2014-10-10,820,2014-10-10,13.25,25.05,60.1,7.55,-1236349.5,-2501365.5,3577,11.954216371861644,30.614211175816507,55.719524129113324
2014-10-18,821,2014-10-18,10.85,35.6,51.85,9.35,-1236349.5,-2501365.5,3577,12.250185109006809,33.53076057069364,52.59817272509985
2014-10-25,822,2014-10-25,13.45,34.35,50.35,9.45,-1236349.5,-2501365.5,3577,13.592593474634787,31.836601788299816,52.94041438436933
2014-10-26,823,2014-10-26,14.85,34.5,49.1,9.25,-1236349.5,-2501365.5,3577,13.877067862476006,32.03638068587281,52.446169813151144
2014-11-02,824,2014-11-02,12.8,35.2,50.65,9.15,-1236349.5,-2501365.5,3577,13.53588597934371,33.74186359305824,51.1103658338489
2014-11-03,825,2014-11-03,12.25,30.1,55.9,8.6,-1236349.5,-2501365.5,3577,12.3629941652756,36.29379262377946,49.72424251444406
2014-11-18,826,2014-11-18,14.15,36.25,48.05,9.1,-1236349.5,-2501365.5,3577,11.718091969947805,38.22554937322168,48.42189915347086
2014-11-19,827,2014-11-19,12.15,30.8,55.1,8.7,-1236349.5,-2501365.5,3577,11.583484433521402,38.33084527700828,48.43143199678853
2014-11-27,828,2014-11-27,4.5625,58.8125,35.0625,9.3125,-1236350.625,-2501379.375,3577,11.102723321568414,39.30305565177269,47.93859982895644
2014-12-04,829,2014-12-04,14.9,37.15,46.5,9.7,-1236349.5,-2501365.5,3577,11.126592099848951,39.15796753555456,48.054160352024695
2014-12-05,830,2014-12-05,11.8,31.45,54.95,9.15,-1236349.5,-2501365.5,3577,11.618178570653614,37.21499815972944,49.53234428109849
2014-12-12,831,2014-12-12,13.4,33.2,51.8,9.2,-1236349.5,-2501365.5,3577,11.988332449282671,35.59751861914643,50.80849850613023
2014-12-13,832,2014-12-13,14.4,29.05,55.0,8.05,-1236349.5,-2501365.5,3577,13.186966323148564,32.029739494247096,53.17988238540849
2014-12-21,833,2014-12-21,10.15,38.3,50.0,9.95,-1236349.5,-2501365.5,3577,15.7005294370209,31.530582046947305,51.144323774772786
2014-12-28,834,2014-12-28,15.5,31.5,51.2,9.25,-1236349.5,-2501365.5,3577,15.357914221998612,32.52959470869202,50.48132888782289
2014-12-29,835,2014-12-29,16.3,31.55,50.55,8.75,-1236349.5,-2501365.5,3577,13.694543343651203,34.99562585247047,49.71547256921901
2015-01-05,836,2015-01-05,14.75,37.75,46.0,9.875,-1236360.0,-2501325.0,3577,12.629207531372824,33.87778403226813,51.88157209147146
2015-01-06,837,2015-01-06,13.65,31.3,53.45,9.0,-1236349.5,-2501365.5,3577,10.58521184697497,33.759544480282464,54.013420944372626
2015-01-13,838,2015-01-13,6.15,40.6,51.55,13.45,-1236349.5,-2501365.5,3577,9.040323453634798,34.06250838943828,55.320564420091756
2015-01-21,839,2015-01-21,0.0833333333333333,26.8333333333333,71.6666666666667,24.5,-1236355.0,-2501340.0,3577,7.916875590868219,33.56715271312292,56.964796452249246
2015-01-22,840,2015-01-22,13.3,30.05,54.8,8.85,-1236349.5,-2501365.5,3577,8.227224736047038,35.0318549871129,55.17274314951509
2015-01-29,841,2015-01-29,10.2,42.65,45.65,10.95,-1236349.5,-2501365.5,3577,10.267173461212174,34.77934843793457,53.32577994759861
2015-02-06,842,2015-02-06,13.15,35.1,50.35,9.1,-1236349.5,-2501365.5,3577,12.632581295022845,34.849070818832224,50.85499841508846
2015-02-07,843,2015-02-07,13.7,32.0,52.55,8.95,-1236349.5,-2501365.5,3577,13.497709008858456,34.35271680569453,50.43339944963388
2015-02-14,844,2015-02-14,14.8,33.35,49.85,9.05,-1236349.5,-2501365.5,3577,13.273420369816337,32.53613726711002,52.465421920296194
2015-02-15,845,2015-02-15,14.05,34.1,50.15,8.9,-1236349.5,-2501365.5,3577,11.8611576543626,32.04599853388967,54.34601409148109
2015-02-22,846,2015-02-22,7.66666666666667,26.0,64.6666666666667,7.66666666666667,-1236330.0,-2501405.0,3577,10.564856822940504,29.286916132208255,58.474356587279495
2015-02-23,847,2015-02-23,9.23076923076923,29.6153846153846,59.5384615384615,8.0,-1236335.76923077,-2501355.0,3577,12.348617094977483,28.796408776977223,57.20521877502446
2015-03-03,848,2015-03-03,10.125,28.625,59.75,6.375,-1236371.25,-2501340.0,3577,12.587836139804967,30.530855706565596,55.34162296383426
2015-03-10,849,2015-03-10,17.65,34.15,46.8,8.8,-1236349.5,-2501365.5,3577,13.266894229448807,31.600844565051556,53.64583331250784
2015-03-18,850,2015-03-18,16.55,33.75,48.05,9.15,-1236349.5,-2501365.5,3577,13.72570392217722,33.47275258677473,51.32577611718307
2015-03-19,851,2015-03-19,14.4,32.3,51.95,8.6,-1236349.5,-2501365.5,3577,13.619325988370154,35.42002179173,49.45665318248528
2015-04-03,852,2015-04-03,12.15,38.55,47.6,9.55,-1236349.5,-2501365.5,3577,13.048977875738252,36.63006647436322,48.817249167432394
2015-04-04,853,2015-04-04,5.85,35.85,56.8,9.75,-1236349.5,-2501365.5,3577,11.693528942675801,34.75497250427071,51.92593835472317
2015-04-11,854,2015-04-11,13.5,33.8,51.05,9.25,-1236349.5,-2501365.5,3577,10.951816449802427,32.68163090778701,54.72565545908381
2015-04-12,855,2015-04-12,11.65,31.3,55.5,8.2,-1236349.5,-2501365.5,3577,11.225081188160008,30.98175918508273,56.06870250491704
2015-04-28,856,2015-04-28,12.35,27.05,58.7,8.3,-1236349.5,-2501365.5,3577,12.172916350933109,29.73176946891673,56.383600352167775
2015-05-06,857,2015-05-06,13.95,26.25,58.0,8.25,-1236349.5,-2501365.5,3577,12.211380415248563,27.718440537786243,58.35804087552441
2015-05-14,858,2015-05-14,11.55,25.25,61.45,8.15,-1236349.5,-2501365.5,3577,11.856759494373831,26.871548111327378,59.62617258901197
2015-06-07,859,2015-06-07,11.4166666666667,32.5,54.8333333333333,9.0,-1236360.0,-2501340.0,3577,11.541343125397134,26.735627221072143,60.07177796402905
2015-06-15,860,2015-06-15,10.85,28.4,58.8,8.2,-1236349.5,-2501365.5,3577,11.161314691498788,26.89031231925567,60.3267484837054
2015-06-23,861,2015-06-23,9.0,22.8,67.0,6.8,-1236345.0,-2501415.0,3577,12.085387522692223,27.40986567611545,58.95040130147608
2015-07-01,862,2015-07-01,13.8,27.05,57.25,8.15,-1236349.5,-2501365.5,3577,12.621308052111123,27.97109021009532,57.82725221114449
2015-07-16,863,2015-07-16,16.4,30.45,51.5,8.4,-1236349.5,-2501365.5,3577,14.148384484450489,27.782391963037966,56.36020161468235
2015-07-17,864,2015-07-17,16.1,26.9,55.25,8.1,-1236349.5,-2501365.5,3577,15.574357840299792,29.656487166080254,53.019632070707736
2015-08-01,865,2015-08-01,14.5714285714286,32.9285714285714,50.9285714285714,8.28571428571429,-1236349.28571429,-2501387.14285714,3577,16.25089951328099,30.41816689501993,51.59415829267999
2015-08-02,866,2015-08-02,15.65,29.65,52.9,8.45,-1236349.5,-2501365.5,3577,16.237187013190784,30.476820290128416,51.52442361559238
2015-08-09,867,2015-08-09,17.35,30.25,50.25,8.75,-1236349.5,-2501365.5,3577,16.20930509119121,29.81679365525668,52.195107137436786
2015-08-10,868,2015-08-10,17.5,29.95,51.1,8.55,-1236349.5,-2501365.5,3577,15.964024829657115,27.744594646835072,54.545910358982695
2015-08-17,869,2015-08-17,14.0833333333333,29.8333333333333,54.5833333333333,10.0833333333333,-1236355.0,-2501340.0,3577,16.80877538354067,27.90503544442755,53.561841280486526
2015-08-18,870,2015-08-18,17.15,18.2,62.7,6.85,-1236349.5,-2501365.5,3577,17.584857711944863,28.464728769678075,52.276513424648016
2015-08-25,871,2015-08-25,18.45,31.1,48.65,8.75,-1236349.5,-2501365.5,3577,17.99865320437806,28.268480204002294,52.09059091062956
2015-09-02,872,2015-09-02,20.5,33.625,44.625,9.125,-1236360.0,-2501325.0,3577,18.264933776231345,29.337565917050696,50.8231967980344
2015-09-03,873,2015-09-03,17.75,28.3,52.15,8.55,-1236349.5,-2501365.5,3577,18.71284783327846,29.113070134195826,50.61889341308088
2015-09-11,874,2015-09-11,19.1428571428571,33.8571428571429,45.7142857142857,9.42857142857143,-1236357.85714286,-2501320.71428571,3577,18.95479180262177,28.97452686631822,50.47224973168491
2015-09-19,875,2015-09-19,17.1333333333333,23.4666666666667,57.5333333333333,6.86666666666667,-1236353.0,-2501369.0,3577,18.938760568633885,29.272394865192368,50.257416293709085
2015-09-27,876,2015-09-27,18.95,27.2,52.45,8.15,-1236349.5,-2501365.5,3577,18.019813777551008,29.08852965919096,51.33365883341895
2015-10-04,877,2015-10-04,18.75,30.45,49.25,8.35,-1236349.5,-2501365.5,3577,17.81227978677402,28.50965373635227,52.079749894060996
2015-10-05,878,2015-10-05,17.6,28.3,52.35,8.25,-1236349.5,-2501365.5,3577,17.808790951048348,29.792183306884738,50.74809607316589
2015-10-12,879,2015-10-12,17.15,34.45,46.7,9.15,-1236349.5,-2501365.5,3577,17.78792171450575,31.364016246906296,49.20984688685192
2015-10-20,880,2015-10-20,17.6,33.15,47.75,8.65,-1236349.5,-2501365.5,3577,17.600677998469493,31.818483219562047,48.87640440054572
2015-10-21,881,2015-10-21,16.6,30.0,51.6,8.5,-1236349.5,-2501365.5,3577,17.618029893220758,32.690986052126675,48.01246204774899
2015-11-05,882,2015-11-05,19.05,32.45,46.85,8.65,-1236349.5,-2501365.5,3577,16.941446015282494,32.13406763514643,49.18542726622486
2015-11-06,883,2015-11-06,16.45,30.9,50.75,8.4,-1236349.5,-2501365.5,3577,16.89251472211746,32.555600900642474,48.87936521681921
2015-11-21,884,2015-11-21,16.3125,34.5,47.75,8.9375,-1236346.875,-2501379.375,3577,16.673646052087832,32.53248608975677,49.16397410638162
2015-11-22,885,2015-11-22,16.8,30.5,51.0,8.35,-1236349.5,-2501365.5,3577,16.39825310138533,31.839489921838105,50.13471822294603
2015-11-29,886,2015-11-29,15.0,34.4,49.05,9.55,-1236349.5,-2501365.5,3577,16.424932343196144,32.00866981315419,49.97681590854219
2015-11-30,887,2015-11-30,16.1,31.5,50.8,9.0,-1236349.5,-2501365.5,3577,16.188337861826152,31.391898864804393,50.86904999024982
2015-12-07,888,2015-12-07,18.3,29.6,50.65,8.55,-1236349.5,-2501365.5,3577,16.388582869656275,31.082667109287847,50.939931224598524
2015-12-08,889,2015-12-08,15.3,28.8,54.15,8.85,-1236349.5,-2501365.5,3577,16.233401621595796,30.804244156251936,51.30375630560622
2015-12-15,890,2015-12-15,16.3,32.0,50.0,9.3,-1236349.5,-2501365.5,3577,15.878266470369361,30.59826437751677,51.85621035310663
2015-12-16,891,2015-12-16,15.3,32.75,50.4,8.9,-1236349.5,-2501365.5,3577,15.266310791889005,31.44349652754756,51.65427987903996
2015-12-24,892,2015-12-24,14.0,31.3,52.95,9.0,-1236349.5,-2501365.5,3577,14.924987551146307,31.718068515587003,51.7323605187305
2015-12-31,893,2015-12-31,15.8,32.9,49.65,9.3,-1236349.5,-2501365.5,3577,14.886975253846089,31.786306263391303,51.74211175820311
2016-01-01,894,2016-01-01,12.3333333333333,30.5555555555556,55.6666666666667,7.77777777777778,-1236341.66666667,-2501401.66666667,3577,14.465461834345113,32.74455197364926,51.223372087141534
2016-01-08,895,2016-01-08,16.4,35.55,46.75,9.25,-1236349.5,-2501365.5,3577,14.112649115588173,34.2436391781542,50.135623200321604
2016-01-09,896,2016-01-09,13.25,34.45,50.45,9.15,-1236349.5,-2501365.5,3577,13.50426724977606,35.5003727438659,49.44712052652491
2016-01-17,897,2016-01-17,15.15,34.1,49.25,8.85,-1236349.5,-2501365.5,3577,13.355853486037246,36.90013880168128,48.12246277973114
2016-01-25,898,2016-01-25,11.9,39.4,47.0,10.15,-1236349.5,-2501365.5,3577,13.699574574030734,37.30861532687601,47.330953257261974
2016-02-01,899,2016-02-01,11.05,42.95,44.35,10.1,-1236349.5,-2501365.5,3577,14.130163025826551,36.51730354268508,47.64168849725413
2016-02-09,900,2016-02-09,17.1,31.85,49.35,8.45,-1236349.5,-2501365.5,3577,15.047386102027819,35.56776529283738,47.64549423743758
2016-02-10,901,2016-02-10,16.65,31.65,49.75,8.8,-1236349.5,-2501365.5,3577,15.508192426765962,34.000545945277715,48.75429214747372
2016-02-17,902,2016-02-17,17.05,33.4,48.0,9.0,-1236349.5,-2501365.5,3577,16.597159496847418,33.58338673709689,48.167746649628
2016-02-18,903,2016-02-18,17.1,32.05,49.4,8.65,-1236349.5,-2501365.5,3577,16.841267401326803,32.983535040805656,48.58460780704637
2016-02-26,904,2016-02-26,15.15,34.35,48.8,9.1,-1236349.5,-2501365.5,3577,16.907778186723032,32.669645009268606,48.91347579148706
2016-03-04,905,2016-03-04,16.85,35.65,45.95,9.25,-1236349.5,-2501365.5,3577,16.479721362226645,33.8925285241024,48.144166359948635
2016-03-05,906,2016-03-05,15.9,34.0,48.8,8.9,-1236349.5,-2501365.5,3577,15.968177488144143,34.861371755174595,47.66548528869798
2016-03-12,907,2016-03-12,16.95,35.1,46.6,8.9,-1236349.5,-2501365.5,3577,16.2912601846014,34.845328613589665,47.32839925811355
2016-03-13,908,2016-03-13,15.6,32.3,50.25,8.95,-1236349.5,-2501365.5,3577,16.183793760416723,34.812489986788194,47.397341358324994
2016-03-20,909,2016-03-20,16.7,35.0,46.5,9.25,-1236349.5,-2501365.5,3577,16.20224728831297,34.073584619709564,48.09219944141827
2016-03-21,910,2016-03-21,16.5833333333333,36.4166666666667,45.4166666666667,9.66666666666667,-1236360.0,-2501340.0,3577,16.200765694571317,35.08290249481677,47.02492981733766
2016-03-29,911,2016-03-29,15.0,32.9,50.4,8.8,-1236349.5,-2501365.5,3577,16.493750676565544,33.831396003372376,47.90722141634739
2016-04-05,912,2016-04-05,16.7,33.85,47.85,9.0,-1236349.5,-2501365.5,3577,16.190037671304594,32.48727510878729,49.540417631896304
2016-04-14,913,2016-04-14,15.55,29.35,53.2,8.5,-1236349.5,-2501365.5,3577,15.73238531334271,31.157526168357425,51.40976711626099
2016-04-21,914,2016-04-21,16.35,32.0,49.9,8.75,-1236349.5,-2501365.5,3577,14.985963726673564,29.779123662710546,53.579929203915015
2016-04-22,915,2016-04-22,14.9,30.8,52.6,8.3,-1236349.5,-2501365.5,3577,14.329462539522325,28.48400325164605,55.48123218370067
2016-04-29,916,2016-04-29,13.3,18.55,66.6,6.45,-1236349.5,-2501365.5,3577,13.991128737101882,29.500274441756098,54.841588545605106
2016-05-08,917,2016-05-08,10.65,37.55,50.25,9.35,-1236349.5,-2501365.5,3577,13.845054635764637,29.68704004972911,54.8589263677417
2016-05-15,918,2016-05-15,15.95,29.85,52.6,8.35,-1236349.5,-2501365.5,3577,13.491070281625532,29.346906756809492,55.512422510401834
2016-05-16,919,2016-05-16,13.45,29.6,55.05,8.4,-1236349.5,-2501365.5,3577,13.850531047897384,30.34132786717473,54.17615774317751
2016-05-24,920,2016-05-24,15.6428571428571,32.7142857142857,50.0,8.71428571428571,-1236351.42857143,-2501346.42857143,3577,13.82176337594086,31.001230657882374,53.48637121391741
2016-05-31,921,2016-05-31,13.3333333333333,30.8666666666667,54.2666666666667,8.0,-1236349.0,-2501383.0,3577,14.294101306328255,32.032298300250176,51.901956815106956
2016-06-01,922,2016-06-01,13.75,25.45,58.8,7.9,-1236349.5,-2501365.5,3577,14.341482356650477,32.071442180106125,51.73316482278558
2016-06-08,923,2016-06-08,13.4,37.4,47.35,10.4,-1236349.5,-2501365.5,3577,14.382332992083157,31.209121064689157,52.55474138863447
2016-06-09,924,2016-06-09,15.2,35.8,47.4,10.2,-1236345.0,-2501313.0,3577,13.885567125157106,33.23867542340001,51.09992857563576
2016-06-17,925,2016-06-17,13.35,29.6,54.9,8.75,-1236349.5,-2501365.5,3577,13.863948681074643,32.814361044159455,51.59072022495036
2016-07-10,926,2016-07-10,15.75,31.95,50.6,9.35,-1236349.5,-2501365.5,3577,13.761090985137379,32.416935059108326,52.0778632039891
2016-07-11,927,2016-07-11,12.7,31.65,54.25,9.15,-1236349.5,-2501365.5,3577,14.29198914058471,32.08166802540754,51.9578722800827
2016-07-18,928,2016-07-18,13.95,32.4,52.2,8.85,-1236349.5,-2501365.5,3577,14.223893644142834,30.74133267023902,53.401186174953466
2016-07-19,929,2016-07-19,12.8,30.55,54.85,8.15,-1236349.5,-2501365.5,3577,14.527268715620206,29.753676263633572,54.062964507711484
2016-07-26,930,2016-07-26,16.6,27.6,53.8,9.05,-1236349.5,-2501365.5,3577,14.610898316760265,30.35384780944334,53.35421872790408
2016-07-27,931,2016-07-27,16.5882352941176,31.1176470588235,50.7058823529412,8.94117647058824,-1236355.58823529,-2501356.76470588,3577,15.107225682710574,30.15771026459885,53.06366941198602
2016-08-03,932,2016-08-03,14.1,29.85,54.55,8.5,-1236349.5,-2501365.5,3577,15.107123608496316,29.484496881733413,53.67279782682368
2016-08-04,933,2016-08-04,13.85,29.5,54.8,8.55,-1236349.5,-2501365.5,3577,15.164779811335542,29.552857886963828,53.54139876695078
2016-08-11,934,2016-08-11,16.0,31.3,51.05,9.2,-1236349.5,-2501365.5,3577,15.044046710890207,29.82049221038941,53.428059456470706
2016-08-20,935,2016-08-20,14.35,28.2,55.7,8.8,-1236349.5,-2501365.5,3577,15.062538508657182,30.436117652148436,52.85882416617376
2016-08-27,936,2016-08-27,16.0,30.7,51.7,8.85,-1236349.5,-2501365.5,3577,14.830780119532232,30.829935062201447,52.65668608389548
2016-09-05,937,2016-09-05,14.3,30.75,53.05,8.75,-1236349.5,-2501365.5,3577,15.320524303594318,30.316805503725032,52.60563719652353
2016-09-12,938,2016-09-12,16.45,31.3,50.6,9.1,-1236349.5,-2501365.5,3577,15.90435849890174,30.393659809499376,51.96544561793284
2016-09-20,939,2016-09-20,16.25,31.05,51.2,8.5,-1236349.5,-2501365.5,3577,15.819532789189868,30.177519539279736,52.31295763059688
2016-09-21,940,2016-09-21,14.35,29.7,54.15,8.65,-1236349.5,-2501365.5,3577,15.791769685420576,29.94709887635137,52.52503518152888
2016-09-28,941,2016-09-28,16.35,28.35,53.25,8.65,-1236349.5,-2501365.5,3577,16.011261339277524,30.52328368225745,51.76259499014144
2016-09-29,942,2016-09-29,17.2,28.95,52.35,8.25,-1236349.5,-2501365.5,3577,15.66749009504193,29.86005758946489,52.800174283912526
2016-10-06,943,2016-10-06,15.0,33.25,50.3,8.65,-1236349.5,-2501365.5,3577,15.50485180453989,30.47246963562297,52.37849812725191
2016-10-07,944,2016-10-07,13.55,30.8,53.9,8.5,-1236349.5,-2501365.5,3577,14.80657082855004,30.649348329684308,52.85683063066175
2016-10-14,945,2016-10-14,15.9,31.45,50.85,9.05,-1236349.5,-2501365.5,3577,14.816497729681556,31.440184892502177,52.08353563126216
2016-10-15,946,2016-10-15,14.45,31.85,52.3,8.4,-1236349.5,-2501365.5,3577,14.436936677168127,32.379252635904145,51.57471013365261
2016-10-23,947,2016-10-23,13.65,29.7,54.85,8.4,-1236349.5,-2501365.5,3577,14.440882126596266,33.01029898893182,50.93146764577189
2016-10-30,948,2016-10-30,15.0909090909091,37.0,46.1818181818182,9.45454545454546,-1236377.72727273,-2501374.09090909,3577,14.714384967689835,33.172956764592676,50.458002003617885
2016-10-31,949,2016-10-31,14.6,31.65,52.2,8.25,-1236349.5,-2501365.5,3577,15.16759086677239,33.473614929956675,49.750998269946656
2016-11-07,950,2016-11-07,16.2,36.5,45.9,9.25,-1236349.5,-2501365.5,3577,15.101242031256664,33.84139730238296,49.47979792511843
2016-11-08,951,2016-11-08,13.65,32.15,52.5,8.9,-1236349.5,-2501365.5,3577,14.314528285297325,32.94404620147162,51.03223481649401
2016-11-15,952,2016-11-15,15.8,31.75,50.6,9.1,-1236349.5,-2501365.5,3577,14.385970685658936,32.63670679165547,51.242440840885195
2016-11-24,953,2016-11-24,12.5,32.4,53.35,8.75,-1236349.5,-2501365.5,3577,13.886458897137938,32.963425274411065,51.44095347376312
2016-12-01,954,2016-12-01,13.9,33.65,50.8,9.35,-1236349.5,-2501365.5,3577,13.142351714331177,33.733372664482175,51.41562258689973
2016-12-10,955,2016-12-10,11.8,33.4,53.0,9.1,-1236349.5,-2501365.5,3577,13.721965414410821,34.06944675822283,50.552494613086694
2016-12-17,956,2016-12-17,13.5,36.1,48.7,9.6,-1236349.5,-2501365.5,3577,13.640114586405534,35.97926197966396,48.76452929097222
2016-12-18,957,2016-12-18,15.6666666666667,40.0,43.3333333333333,10.0,-1236355.0,-2501305.0,3577,13.373095135811084,35.75592445683161,49.339430317380405
2016-12-26,958,2016-12-26,10.05,36.15,52.05,8.65,-1236349.5,-2501365.5,3577,11.817885609581747,36.80445930962735,49.900739438979485
2017-01-03,959,2017-01-03,12.5,35.45,50.55,9.0,-1236349.5,-2501365.5,3577,9.85432325536464,38.72081106118331,49.978598971495195
2017-01-11,960,2017-01-11,10.55,38.4,49.5,9.45,-1236349.5,-2501365.5,3577,8.045914820608097,40.99953269802748,49.58281789769967
2017-01-19,961,2017-01-19,2.5,47.0,49.125,5.625,-1236333.75,-2501403.75,3577,7.412393871403682,42.86310758655728,48.38146958548303
2017-01-26,962,2017-01-26,7.89473684210526,35.7368421052632,55.2631578947368,6.05263157894737,-1236348.15789474,-2501367.63157895,3577,8.827919497805745,43.30407963390044,46.34737796421558
2017-01-27,963,2017-01-27,8.6,57.7,32.2,10.15,-1236349.5,-2501365.5,3577,10.645299613751662,43.42902154875598,44.42960207734678
2017-02-12,964,2017-02-12,15.3,37.55,45.6,9.25,-1236349.5,-2501365.5,3577,13.790738624254569,42.22194351734213,42.54826746361469
2017-02-19,965,2017-02-19,18.95,37.65,41.85,9.75,-1236349.5,-2501365.5,3577,15.138297433920066,40.03945487007461,43.36053195938893
2017-03-07,966,2017-03-07,17.2,35.25,45.75,9.3,-1236349.5,-2501365.5,3577,15.769208435362177,38.240086118318956,44.559544204905805
2017-03-08,967,2017-03-08,16.1,35.65,46.95,9.1,-1236349.5,-2501365.5,3577,15.932725495131457,35.26161448403874,47.40905710442236
2017-03-15,968,2017-03-15,9.5,38.0,52.0,6.0,-1236300.0,-2501415.0,3577,14.701196950893308,34.84802919456138,49.14669988955144
2017-03-16,969,2017-03-16,16.0,34.9,47.25,9.15,-1236349.5,-2501365.5,3577,14.034145803680946,34.64009525317464,50.077358036557
2017-04-01,970,2017-04-01,9.5,37.5,51.75,14.0,-1236330.0,-2501310.0,3577,13.725645175256137,37.15425263590342,47.80759379938233
2017-04-09,971,2017-04-09,18.6666666666667,32.9444444444444,46.8888888888889,8.77777777777778,-1236351.66666667,-2501373.33333333,3577,13.959951142766403,36.04323299678797,48.56118400003123
2017-04-16,972,2017-04-16,18.4,34.15,46.05,8.25,-1236349.5,-2501365.5,3577,15.10172606031514,36.607710169082395,46.75421095931234
2017-04-24,973,2017-04-24,12.05,45.75,40.6,11.9,-1236349.5,-2501365.5,3577,15.763554174971748,36.1288342462437,46.530139702677076
2017-05-03,974,2017-05-03,15.35,32.55,50.3,9.1,-1236349.5,-2501365.5,3577,16.34499933955783,38.034016576812746,43.96957710644078
2017-05-10,975,2017-05-10,16.2,34.65,47.55,9.45,-1236349.5,-2501365.5,3577,16.28819520848548,37.97369395310004,44.12033148387681
2017-05-11,976,2017-05-11,15.6363636363636,38.0,44.8181818181818,9.63636363636364,-1236355.90909091,-2501335.90909091,3577,16.502878013718487,36.60204864794101,45.16834517859736
2017-05-18,977,2017-05-18,19.375,38.875,40.25,9.875,-1236360.0,-2501325.0,3577,15.425178701428845,34.88321552028461,48.024333158156544
2017-05-19,978,2017-05-19,14.3,32.7,51.1,8.85,-1236349.5,-2501365.5,3577,15.736959787091113,32.75825575352949,49.90578413986056
2017-05-26,979,2017-05-26,15.6,34.85,47.65,9.25,-1236349.5,-2501365.5,3577,15.053717236884129,31.67869406135187,51.79494192831443
2017-05-27,980,2017-05-27,12.4444444444444,19.8888888888889,66.7777777777778,7.44444444444444,-1236348.33333333,-2501335.0,3577,13.849622505115782,32.25226142106466,52.42016292959782
2017-06-03,981,2017-06-03,12.1,36.05,50.3,12.2,-1236349.5,-2501365.5,3577,13.297260711422805,30.360824546965524,54.863242330416796
2017-06-12,982,2017-06-12,14.45,33.45,50.7,8.9,-1236349.5,-2501365.5,3577,13.355356434069604,31.2480274885027,53.92500775797184
2017-06-19,983,2017-06-19,15.15,34.2,49.1,9.0,-1236349.5,-2501365.5,3577,13.776669529299044,32.82037016990087,51.83489370965376
2017-06-20,984,2017-06-20,13.5,33.0,51.65,9.0,-1236349.5,-2501365.5,3577,14.972858075874413,34.65566927911611,48.71199022854641
2017-06-27,985,2017-06-27,15.7,33.7,48.65,9.25,-1236349.5,-2501365.5,3577,15.45158948378532,35.587209797421195,47.16852533430776
2017-06-28,986,2017-06-28,15.25,33.95,49.3,8.85,-1236349.5,-2501365.5,3577,15.574506135417122,35.534296645901236,47.0382413681879
2017-07-05,987,2017-07-05,17.0,40.0,41.0,10.0,-1236315.0,-2501295.0,3577,15.522979136444306,33.65895054377524,49.01863069849953
2017-07-06,988,2017-07-06,14.7,30.7,52.75,8.95,-1236349.5,-2501365.5,3577,15.487982528305292,34.24113317023022,48.45359122301122
2017-07-13,989,2017-07-13,15.25,33.9,49.35,9.25,-1236349.5,-2501365.5,3577,15.022270995256367,32.85962675095311,50.3522629846858
2017-07-22,990,2017-07-22,13.65,30.15,54.3,8.6,-1236349.5,-2501365.5,3577,14.950239775701938,31.55661088137397,51.779254259664484
2017-08-07,991,2017-08-07,14.6,29.7,53.95,8.6,-1236349.5,-2501365.5,3577,14.27326311459225,30.160783952884707,53.884768018351295
2017-08-14,992,2017-08-14,16.4,32.0,49.95,8.75,-1236349.5,-2501365.5,3577,14.269415336982862,30.228287038034843,53.86356978933574
2017-08-15,993,2017-08-15,12.125,29.5,56.875,7.375,-1236333.75,-2501403.75,3577,13.905062713342371,29.672892896572673,54.81510550851837
2017-08-23,994,2017-08-23,13.85,28.45,56.1,8.2,-1236349.5,-2501365.5,3577,14.328713005258853,30.804343025391056,53.22613013920268
2017-08-30,995,2017-08-30,16.65,33.75,48.0,9.05,-1236349.5,-2501365.5,3577,14.642204853967371,31.350094178262868,52.34993396695401
2017-09-08,996,2017-09-08,12.65,32.5,53.1,7.45,-1236349.5,-2501365.5,3577,15.236093911246432,32.63441187295189,50.48462963764067
2017-09-15,997,2017-09-15,17.15,33.2,47.9,9.0,-1236349.5,-2501365.5,3577,15.915437117060119,33.44042953949575,48.98770865356821
2017-09-24,998,2017-09-24,15.6,30.55,52.15,8.6,-1236349.5,-2501365.5,3577,16.419540908005942,34.03819957132142,47.901444608016405
2017-10-09,999,2017-10-09,18.8333333333333,40.5,39.1666666666667,9.83333333333333,-1236350.0,-2501315.0,3577,16.715487814556514,34.73759444888957,46.882550679447704
2017-10-10,1000,2017-10-10,15.3,32.35,50.65,8.85,-1236349.5,-2501365.5,3577,16.40393221329508,34.41105566259851,47.506326722805696
2017-10-18,1001,2017-10-18,16.05,33.0,49.4,8.6,-1236349.5,-2501365.5,3577,16.04536036718459,33.915139968385674,48.3256857693318
2017-10-26,1002,2017-10-26,15.2,34.05,48.95,9.15,-1236349.5,-2501365.5,3577,15.262808605221183,33.65258503106297,49.349789632444796
2017-11-11,1003,2017-11-11,13.75,32.75,51.5,9.75,-1236349.5,-2501365.5,3577,14.165036047541673,33.09822468552624,50.94471843944767
2017-11-18,1004,2017-11-18,15.4,33.55,49.25,9.55,-1236349.5,-2501365.5,3577,14.717138279674781,32.305465587039706,51.217729329486374
2017-11-27,1005,2017-11-27,13.75,31.65,53.05,9.15,-1236349.5,-2501365.5,3577,14.218187591560083,32.51947325120214,51.543590104418314
2017-12-13,1006,2017-12-13,12.6,33.8,51.95,9.4,-1236349.5,-2501365.5,3577,13.818914676652547,34.12041178635096,50.42997142175956
2017-12-21,1007,2017-12-21,14.8,34.0,49.6,9.2,-1236349.5,-2501365.5,3577,13.46452943341287,34.11791227347993,50.7926064647351
2018-01-05,1008,2018-01-05,15.6,36.0,46.8,9.75,-1236349.5,-2501365.5,3577,13.48756197362807,35.64864902898426,49.26506527527462
2018-01-06,1009,2018-01-06,12.15,36.5,49.9,9.2,-1236349.5,-2501365.5,3577,12.976073140955698,37.55696735985529,47.8899310858158
2018-01-14,1010,2018-01-14,8.35,40.15,49.65,9.8,-1236349.5,-2501365.5,3577,12.85874384010653,37.94477822724457,47.61748484903286
2018-01-21,1011,2018-01-21,16.05,35.85,46.55,9.4,-1236349.5,-2501365.5,3577,13.325511818496253,37.45721858517202,47.62036948523496
2018-02-06,1012,2018-02-06,14.8,38.95,44.6,9.25,-1236349.5,-2501365.5,3577,12.873491690493818,37.47256564582749,48.07675145763258
2018-02-07,1013,2018-02-07,11.15,40.65,46.9,9.65,-1236349.5,-2501365.5,3577,12.450030643324808,38.0002916112171,47.92899491553217
2018-02-14,1014,2018-02-14,12.6923076923077,33.6153846153846,52.0769230769231,8.38461538461539,-1236347.30769231,-2501389.61538462,3577,12.887541405960535,38.860828335745126,46.631377600720484
2018-02-15,1015,2018-02-15,14.9,35.75,47.45,9.4,-1236349.5,-2501365.5,3577,13.221590971541367,39.60551471628517,45.55096767961056
2018-02-22,1016,2018-02-22,11.25,44.25,42.8,11.5,-1236349.5,-2501365.5,3577,13.331082242356747,39.5121302607788,45.51412723974559
2018-02-23,1017,2018-02-23,11.95,44.2,42.35,11.0,-1236349.5,-2501365.5,3577,13.80625398654485,39.4869919078243,44.99475624398744
2018-03-10,1018,2018-03-10,17.7,36.5,44.05,9.6,-1236349.5,-2501365.5,3577,15.277298678092802,38.31294043291355,44.730835621371504
2018-03-18,1019,2018-03-18,16.9,35.85,45.75,9.35,-1236349.5,-2501365.5,3577,16.190750750724796,37.07854914721753,45.08629468397366
2018-03-19,1020,2018-03-19,15.4,32.8,50.0,9.15,-1236349.5,-2501365.5,3577,16.19541678499732,35.69330812148527,46.51088488091071
2018-03-26,1021,2018-03-26,17.3,34.45,46.6,9.55,-1236349.5,-2501365.5,3577,16.414162080859683,34.48593222475424,47.4985367664499
2018-04-03,1022,2018-04-03,15.9,36.15,46.45,9.4,-1236349.5,-2501365.5,3577,16.52702152154646,33.574957686635415,48.25879417431237
2018-04-04,1023,2018-04-04,15.1,33.15,50.2,9.25,-1236349.5,-2501365.5,3577,16.001170107132026,33.8312421597656,48.52029109722794
2018-04-11,1024,2018-04-11,16.05,35.0,47.15,9.5,-1236349.5,-2501365.5,3577,15.657629840563217,34.12410199524968,48.53640540846153
2018-04-12,1025,2018-04-12,15.1764705882353,35.7647058823529,47.3529411764706,9.52941176470588,-1236355.58823529,-2501356.76470588,3577,15.954319082845203,34.443403000199886,47.899761593343946
2018-04-19,1026,2018-04-19,17.4,32.85,48.15,9.05,-1236349.5,-2501365.5,3577,15.67555871251685,34.69380365581813,47.99876369001494
2018-04-20,1027,2018-04-20,15.3,30.15,52.75,9.0,-1236349.5,-2501365.5,3577,14.82914393928559,34.287031416947976,49.24211627926972
2018-04-27,1028,2018-04-27,14.4,39.0,45.0,10.1,-1236349.5,-2501365.5,3577,15.360561253228774,35.481106336746635,47.497663818600074
2018-04-28,1029,2018-04-28,14.1333333333333,37.4,46.9333333333333,9.93333333333333,-1236351.0,-2501349.0,3577,15.21666628460245,35.8036334090187,47.35957005720457
2018-05-05,1030,2018-05-05,14.85,34.25,49.5,9.2,-1236349.5,-2501365.5,3577,14.697345815719135,34.27167310016006,49.42060148010056
2018-05-06,1031,2018-05-06,14.2,30.6,53.4,9.1,-1236349.5,-2501365.5,3577,14.271364936888206,32.797840822439824,51.311143245746756
2018-05-13,1032,2018-05-13,15.65,33.5,48.9,9.45,-1236349.5,-2501365.5,3577,14.026874702357844,31.023455893563597,53.30373906526049
2018-05-14,1033,2018-05-14,16.3,31.3,50.9,8.95,-1236349.5,-2501365.5,3577,13.990540834428266,29.06285558176113,55.2601682739534
2018-05-21,1034,2018-05-21,8.58333333333333,21.75,68.25,6.66666666666667,-1236342.5,-2501392.5,3577,13.814720169296894,28.51316010858521,55.970333259692666
2018-05-22,1035,2018-05-22,14.15,29.5,54.5,8.85,-1236349.5,-2501365.5,3577,13.502582111819141,29.62580990786512,55.22996515731555
2018-05-29,1036,2018-05-29,14.95,34.0,49.35,9.45,-1236349.5,-2501365.5,3577,13.31012108308634,30.67018963600711,54.38021565365547
2018-06-14,1037,2018-06-14,14.15,31.7,52.4,9.45,-1236349.5,-2501365.5,3577,13.456787563637437,31.507160236966506,53.38289224218034
2018-06-15,1038,2018-06-15,13.0714285714286,33.1428571428571,52.2857142857143,9.5,-1236351.42857143,-2501346.42857143,3577,13.786274211365846,32.06350451731266,52.441565701684965
2018-06-22,1039,2018-06-22,13.9473684210526,32.6842105263158,51.7894736842105,9.0,-1236351.31578947,-2501362.89473684,3577,14.010873825536876,32.41803783636442,51.83792146422136
2018-06-23,1040,2018-06-23,12.9,29.0,56.2,8.9,-1236349.5,-2501365.5,3577,13.91534137742989,31.85409462895543,52.55441399889856
2018-06-30,1041,2018-06-30,14.55,31.4,52.15,9.15,-1236349.5,-2501365.5,3577,13.301294192199807,30.36873189544236,54.6534869725272
2018-07-01,1042,2018-07-01,13.95,29.9,54.7,8.6,-1236349.5,-2501365.5,3577,13.59292976047701,30.06781352914193,54.651851757489666
2018-07-08,1043,2018-07-08,13.0833333333333,30.0833333333333,55.25,8.33333333333333,-1236342.5,-2501392.5,3577,13.31145868416322,30.200531522679526,54.795165385364136
2018-07-09,1044,2018-07-09,13.1,30.05,55.15,8.8,-1236349.5,-2501365.5,3577,14.798194228776989,29.734670641395866,53.8110312613817
2018-07-16,1045,2018-07-16,15.3,30.85,52.15,9.15,-1236349.5,-2501365.5,3577,14.756239377371275,29.552143074454115,54.123313178584546
2018-07-17,1046,2018-07-17,14.5,28.55,55.25,8.25,-1236349.5,-2501365.5,3577,14.299866243688449,29.49936128180758,54.59158611470815
2018-07-25,1047,2018-07-25,13.4,28.6,56.5,8.6,-1236349.5,-2501365.5,3577,13.149566996469055,29.20361124942732,55.92042369394475
2018-08-01,1048,2018-08-01,15.05,30.05,53.1,8.95,-1236349.5,-2501365.5,3577,12.556598973779762,29.683487410417964,55.98724155101027
2018-08-02,1049,2018-08-02,13.9,28.55,55.95,8.35,-1236349.5,-2501365.5,3577,11.786328274407012,29.783167348642777,56.6675572105828
2018-08-10,1050,2018-08-10,2.2,31.35,64.4,16.55,-1236349.5,-2501365.5,3577,11.46756478815131,30.021981424144116,56.71711554698323
2018-08-17,1051,2018-08-17,15.2,30.95,51.8,9.15,-1236349.5,-2501365.5,3577,11.882447119442247,30.281511831816903,56.03074974560206
2018-08-18,1052,2018-08-18,13.85,29.45,55.2,8.8,-1236349.5,-2501365.5,3577,12.810481932925839,29.949893914130925,55.44225573187593
2018-08-25,1053,2018-08-25,15.7,29.9,52.8,8.65,-1236349.5,-2501365.5,3577,13.623853081900581,29.649049557249462,54.96253869968219
2018-08-26,1054,2018-08-26,13.35,28.25,56.5,8.6,-1236349.5,-2501365.5,3577,14.336836692716902,29.210236203420692,54.71709173178944
2018-09-02,1055,2018-09-02,15.45,29.65,53.15,8.8,-1236349.5,-2501365.5,3577,15.102806945374349,29.399047392231854,53.77571824459565
2018-09-03,1056,2018-09-03,13.75,28.75,55.8,8.3,-1236349.5,-2501365.5,3577,14.956186898754325,28.709879697181908,54.6064297415609
2018-09-11,1057,2018-09-11,13.2,29.0,56.0,8.5,-1236349.5,-2501365.5,3577,13.984323863269143,29.517618157551826,54.70911386514284
2018-09-18,1058,2018-09-18,14.3,31.7,52.25,8.75,-1236349.5,-2501365.5,3577,13.995755276712936,29.50597240736119,54.718269243648066
2018-09-19,1059,2018-09-19,14.55,28.4,55.3,8.25,-1236349.5,-2501365.5,3577,13.532689395226072,29.929231191920213,54.85332845688063
2018-09-26,1060,2018-09-26,13.95,31.2,53.25,8.55,-1236349.5,-2501365.5,3577,12.720463420306718,30.88589307149217,54.71659075357948
2018-09-27,1061,2018-09-27,12.1,29.65,56.5,8.45,-1236349.5,-2501365.5,3577,12.405389077856862,31.708853074363933,54.265716715601435
2018-10-04,1062,2018-10-04,11.3,35.85,51.4,6.9,-1236349.5,-2501365.5,3577,12.556561656964643,33.11872949626681,52.73777796783676
2018-10-05,1063,2018-10-05,9.88888888888889,30.1111111111111,58.4444444444444,7.44444444444444,-1236341.66666667,-2501401.66666667,3577,12.466488780990378,33.271079437876075,52.69462298569633
2018-10-12,1064,2018-10-12,15.7857142857143,37.7142857142857,44.8571428571429,9.71428571428571,-1236353.57142857,-2501346.42857143,3577,12.90340048139332,33.65283193824009,51.857072827141295
2018-10-13,1065,2018-10-13,12.8,33.2,52.4,9.2,-1236349.5,-2501365.5,3577,13.429991755483918,33.9382482683575,51.084438983252504
2018-10-21,1066,2018-10-21,16.6923076923077,32.5384615384615,49.3846153846154,8.84615384615385,-1236354.23076923,-2501343.46153846,3577,14.096092899186772,33.46469213620415,50.88384053166575
2018-10-29,1067,2018-10-29,11.55,32.8,53.75,8.85,-1236349.5,-2501365.5,3577,14.390058365859982,33.29847112084051,50.72625232986466
2018-11-06,1068,2018-11-06,13.75,31.0,53.8333333333333,8.25,-1236347.5,-2501392.5,3577,13.325493043114296,33.171480678560734,51.86620126320471
2018-11-13,1069,2018-11-13,13.95,36.95,47.5,9.75,-1236349.5,-2501365.5,3577,13.366142378167053,33.191554009743854,51.769771830659536
2018-11-14,1070,2018-11-14,11.75,32.3,54.3,9.1,-1236349.5,-2501365.5,3577,12.724640997644574,33.002546711043806,52.5586090459434
2018-11-21,1071,2018-11-21,12.75,33.45,51.75,9.4,-1236349.5,-2501365.5,3577,12.111504891867455,33.767547063552975,52.36426471043454
2018-11-22,1072,2018-11-22,10.35,33.8,54.15,8.75,-1236349.5,-2501365.5,3577,10.77663729459234,33.981226049487226,53.46859425403518
2018-11-30,1073,2018-11-30,11.15,33.5,53.65,8.95,-1236349.5,-2501365.5,3577,10.528013163305708,34.03919006689396,53.68399077701681
2018-12-07,1074,2018-12-07,13.3,33.35,51.6,9.35,-1236349.5,-2501365.5,3577,9.01699430600225,34.47180389269657,54.83635317210349
2018-12-08,1075,2018-12-08,3.0,37.0,58.35,13.1,-1236349.5,-2501365.5,3577,10.56952196410243,34.04333066313981,53.58234861113317
2018-12-16,1076,2018-12-16,10.75,33.65,53.8,9.15,-1236349.5,-2501365.5,3577,10.609127714389288,34.679719197206275,52.85886574724795
2018-12-23,1077,2018-12-23,12.8,35.35,50.15,9.85,-1236349.5,-2501365.5,3577,10.406601138797726,35.04030072094564,52.79552923855541
2018-12-24,1078,2018-12-24,12.65,33.3,52.3,9.1,-1236349.5,-2501365.5,3577,10.383782935329371,35.033155080208665,52.941841130997304
2019-01-01,1079,2019-01-01,10.15,35.25,52.7,9.2,-1236349.5,-2501365.5,3577,10.469287059687971,34.857723700442946,53.15625906600344
2019-01-08,1080,2019-01-08,13.55,33.25,51.3,9.35,-1236349.5,-2501365.5,3577,10.237593366384404,33.642956115087316,54.65630669639141
2019-01-09,1081,2019-01-09,0.0,38.0,62.0,5.0,-1236330.0,-2501415.0,3577,10.645683315650768,33.867657162234146,54.10071012577944
2019-02-01,1082,2019-02-01,15.85,31.75,50.85,9.2,-1236349.5,-2501365.5,3577,10.298365411676567,33.76575158587038,54.564642014324264
2019-02-02,1083,2019-02-02,12.55,29.75,55.7,9.0,-1236349.5,-2501365.5,3577,11.580967329882007,33.55415791638201,53.397203879703646
2019-02-09,1084,2019-02-09,13.35,34.2,50.6,9.3,-1236349.5,-2501365.5,3577,13.246205084902794,32.72627068493452,52.40048496394463
2019-02-10,1085,2019-02-10,13.35,33.0,52.15,8.8,-1236349.5,-2501365.5,3577,14.597209292253545,31.83782285825153,51.82730412002084
2019-02-17,1086,2019-02-17,18.1,36.2,44.1,9.5,-1236349.5,-2501365.5,3577,16.27487605273739,31.823375695507153,50.03965121564993
2019-02-18,1087,2019-02-18,13.5833333333333,26.0833333333333,58.25,7.83333333333333,-1236347.5,-2501392.5,3577,16.536009295139948,31.21058513209749,50.37100067114794
2019-02-25,1088,2019-02-25,15.9,32.7,49.65,9.55,-1236349.5,-2501365.5,3577,14.851065188679065,32.35262400138077,51.205293468134116
2019-02-26,1089,2019-02-26,16.6,29.15,52.7,8.5,-1236349.5,-2501365.5,3577,14.72671090519167,31.87063694818636,51.74365433327509
2019-03-05,1090,2019-03-05,14.1,35.4,49.0,9.15,-1236349.5,-2501365.5,3577,13.615750142528288,31.33086701739484,53.346106215757686
2019-03-06,1091,2019-03-06,13.4,31.85,52.8,9.05,-1236349.5,-2501365.5,3577,13.187855333518993,31.55164216587894,53.59042196193098
2019-03-21,1092,2019-03-21,7.95,30.35,60.2,7.7,-1236349.5,-2501365.5,3577,13.113966528825244,31.153247526462685,54.03040226027034
2019-04-06,1093,2019-04-06,15.8333333333333,33.0,49.5,9.33333333333333,-1236350.0,-2501315.0,3577,14.0855697965584,30.63407882107115,53.521391456832376
2019-04-07,1094,2019-04-07,14.9,24.35,58.5,8.15,-1236349.5,-2501365.5,3577,14.398298296128953,30.02843209421708,53.697581675282635
2019-04-22,1095,2019-04-22,17.4,31.1,49.95,8.4,-1236349.5,-2501365.5,3577,14.694944683796972,28.86883348848862,54.57832600834881
2019-04-23,1096,2019-04-23,14.95,30.05,53.1,8.55,-1236349.5,-2501365.5,3577,15.186448629705573,28.266746313069135,54.728111081142586
2019-04-30,1097,2019-04-30,13.8,28.6,55.55,8.4,-1236349.5,-2501365.5,3577,14.99557568803052,29.321255651183716,53.916707736387266
2019-05-01,1098,2019-05-01,13.95,30.65,53.95,8.55,-1236349.5,-2501365.5,3577,14.001727388848852,30.157559847971882,54.04355021560799
2019-05-08,1099,2019-05-08,11.7272727272727,29.6363636363636,56.8181818181818,7.18181818181818,-1236345.0,-2501395.90909091,3577,13.541673014102734,30.408295068282072,54.27626481314101
2019-05-09,1100,2019-05-09,14.1,25.85,58.4,8.0,-1236349.5,-2501365.5,3577,13.862777638908405,30.90641780116409,53.464277012031474
2019-05-17,1101,2019-05-17,16.0,39.0,43.0,10.0,-1236315.0,-2501295.0,3577,13.455261976974004,30.114710802843085,54.588574414600586
2019-05-25,1102,2019-05-25,11.95,29.05,57.15,7.7,-1236349.5,-2501365.5,3577,13.327787115781181,30.81889184555484,54.05086866411699
2019-06-10,1103,2019-06-10,13.6,28.05,56.45,8.6,-1236349.5,-2501365.5,3577,12.770522202254039,30.778358483617044,54.68877979604717
2019-06-18,1104,2019-06-18,14.3,28.45,55.7,8.0,-1236349.5,-2501365.5,3577,12.357276624302646,29.84163437181567,56.03707700966926
2019-06-25,1105,2019-06-25,7.65,32.5,58.2,11.8,-1236349.5,-2501365.5,3577,12.499315854422349,30.406249323427446,55.3862835307025
2019-06-26,1106,2019-06-26,13.15,29.25,55.75,8.7,-1236349.5,-2501365.5,3577,12.566157990614318,29.901174522067887,55.83273630393539
2019-07-04,1107,2019-07-04,14.5,30.35,53.65,8.7,-1236349.5,-2501365.5,3577,12.899032701043154,28.47240143756746,56.946179981001194
2019-07-12,1108,2019-07-12,14.0,26.5,57.7,8.2,-1236349.5,-2501365.5,3577,13.309546026726698,28.305481824672643,56.63560170478829
2019-07-19,1109,2019-07-19,14.45,28.3,55.15,8.45,-1236349.5,-2501365.5,3577,13.640158293716627,26.967985884080925,57.592788480860364
2019-07-27,1110,2019-07-27,13.55,28.9,56.0,8.2,-1236349.5,-2501365.5,3577,14.139770755558121,26.28159518499683,57.75141282864878
2019-07-28,1111,2019-07-28,11.75,18.95,67.55,6.45,-1236349.5,-2501365.5,3577,14.205476876062997,25.979626101448844,57.98202293062108
2019-08-04,1112,2019-08-04,14.0,27.6,56.45,8.3,-1236349.5,-2501365.5,3577,13.735827175918013,26.662964125653644,57.777650677487244
2019-08-05,1113,2019-08-05,15.8571428571429,31.0,51.2857142857143,9.0,-1236357.85714286,-2501320.71428571,3577,13.883301873866191,27.10707693326119,57.22947413176025
2019-08-12,1114,2019-08-12,14.65,29.1,54.55,8.05,-1236349.5,-2501365.5,3577,14.09859078273547,28.155051304546273,56.040257256848776
2019-08-13,1115,2019-08-13,12.4,26.3,59.6,8.05,-1236349.5,-2501365.5,3577,13.725141986039594,28.525457041588275,55.97881902289189
2019-08-20,1116,2019-08-20,14.0,28.45,55.8,8.8,-1236349.5,-2501365.5,3577,13.76380926485438,29.42935209936227,55.03267797581307
2019-08-28,1117,2019-08-28,13.6,30.1,54.75,8.35,-1236349.5,-2501365.5,3577,13.525444706447967,29.308831807416027,55.48060414361716
2019-08-29,1118,2019-08-29,12.4,28.7,57.05,8.2,-1236349.5,-2501365.5,3577,13.288801018684298,28.32355921259159,56.685395455019105
2019-09-05,1119,2019-09-05,14.7,29.4,54.0,8.7,-1236349.5,-2501365.5,3577,13.855767625197352,28.854524632165564,55.59315678856825
2019-09-06,1120,2019-09-06,13.3529411764706,28.0588235294118,56.9411764705882,7.76470588235294,-1236348.52941176,-2501376.17647059,3577,14.299493849801314,29.01013419288346,54.99855194886243
2019-09-13,1121,2019-09-13,16.25,29.7,52.75,8.4,-1236349.5,-2501365.5,3577,14.39844220612536,28.943831291632478,54.96484004976172
2019-09-14,1122,2019-09-14,12.95,27.3,57.85,8.15,-1236349.5,-2501365.5,3577,14.359026850037273,28.879189659362005,55.07681781885111
2019-09-21,1123,2019-09-21,14.7,30.45,53.05,8.65,-1236349.5,-2501365.5,3577,14.124302259384834,28.740994354393813,55.45009144014872
2019-09-22,1124,2019-09-22,13.8,28.1,56.55,8.0,-1236349.5,-2501365.5,3577,13.599638951467185,29.104731900766524,55.610495432441226
2019-09-30,1125,2019-09-30,12.1,29.2,56.8,8.1,-1236349.5,-2501365.5,3577,12.809603445177926,28.89079561850938,56.53377943308804
2019-10-07,1126,2019-10-07,13.75,30.45,54.15,8.3,-1236349.5,-2501365.5,3577,12.947051118611736,29.22271269069229,56.077405812172515
2019-10-08,1127,2019-10-08,12.4705882352941,27.9411764705882,57.9411764705882,7.64705882352941,-1236348.52941176,-2501376.17647059,3577,12.768473586146051,29.083205130323343,56.45235140018488
2019-10-16,1128,2019-10-16,11.9,28.5,57.8,8.1,-1236349.5,-2501365.5,3577,13.287153995156013,29.86475376744462,55.19072856663544
2019-10-23,1129,2019-10-23,14.3,31.85,52.15,9.1,-1236349.5,-2501365.5,3577,13.240186229721672,29.805692340799887,55.22617124269914
2019-10-24,1130,2019-10-24,14.05,28.85,55.5,8.2,-1236349.5,-2501365.5,3577,13.770009284103018,30.479912265839232,54.06128770154552
2019-10-31,1131,2019-10-31,14.85,32.25,51.4,8.7,-1236349.5,-2501365.5,3577,13.834441164369894,30.432820712337197,54.110584898611776
2019-11-01,1132,2019-11-01,11.75,29.45,56.85,8.25,-1236349.5,-2501365.5,3577,13.642809594337333,30.601622999105224,54.10995506950809
2019-11-08,1133,2019-11-08,14.7,31.95,51.7,8.75,-1236349.5,-2501365.5,3577,13.605438906383876,30.525766639111197,54.216044627373265
2019-11-09,1134,2019-11-09,12.5,27.4,58.65,7.95,-1236349.5,-2501365.5,3577,13.329230157929677,30.14128956091718,54.89821761737714
2019-11-16,1135,2019-11-16,13.9,32.05,52.6,8.6,-1236349.5,-2501365.5,3577,13.228749269304567,29.67947888024844,55.47793630517259
2019-11-17,1136,2019-11-17,11.95,28.25,57.9,8.1,-1236349.5,-2501365.5,3577,12.369743878410763,29.305985191274928,56.68691571585462
2019-11-24,1137,2019-11-24,13.45,30.5,54.3,8.65,-1236349.5,-2501365.5,3577,12.515324661047966,29.558227400125816,56.28037619678836
2019-11-25,1138,2019-11-25,12.9,29.35,56.3,8.2,-1236349.5,-2501365.5,3577,12.976316289091201,29.766439228782957,55.63950690889607
2019-12-02,1139,2019-12-02,12.25,30.4,55.85,8.4,-1236349.5,-2501365.5,3577,13.337956839538556,30.92755134838502,54.07205953131556
2019-12-03,1140,2019-12-03,11.95,30.75,55.45,8.55,-1236349.5,-2501365.5,3577,13.830392934046493,31.29664172454845,53.231099479222024
2019-12-10,1141,2019-12-10,12.9,34.8,50.6,9.3,-1236349.5,-2501365.5,3577,12.985211597164877,32.95842341749207,52.4637263784006
2019-12-18,1142,2019-12-18,18.2307692307692,36.6153846153846,43.8461538461538,9.61538461538461,-1236358.84615385,-2501343.46153846,3577,11.356293706292002,36.32802398839007,50.7862943557914
2019-12-27,1143,2019-12-27,8.2,34.4,55.85,8.45,-1236349.5,-2501365.5,3577,10.365584629705484,38.51359780966254,49.597026514797136
2020-01-04,1144,2020-01-04,8.45,42.75,47.1,9.65,-1236349.5,-2501365.5,3577,9.841581745235903,40.296297486741565,48.337724433216124
2020-01-12,1145,2020-01-12,6.9,38.6,53.15,9.15,-1236349.5,-2501365.5,3577,9.9786851514748,41.44650391284685,47.105065225313
2020-01-19,1146,2020-01-19,9.2,49.4,40.0,10.3,-1236349.5,-2501365.5,3577,10.769310291992655,41.174658718270095,46.55848653608139
2020-01-20,1147,2020-01-20,15.0,35.95,47.5,9.3,-1236349.5,-2501365.5,3577,11.663972607528859,39.950679066105344,46.900943864416256
2020-01-27,1148,2020-01-27,18.3,34.35,45.6,9.05,-1236349.5,-2501365.5,3577,14.470097497959113,36.562375962525294,47.33700339907063
2020-01-28,1149,2020-01-28,13.15,37.45,47.8,8.55,-1236349.5,-2501365.5,3577,17.06570774426556,34.85630669639437,46.449786204500626
2020-02-04,1150,2020-02-04,17.05,35.0,46.5,8.9,-1236349.5,-2501365.5,3577,16.702525493080273,33.963798739954655,47.60700383207411
2020-02-05,1151,2020-02-05,15.9,31.25,51.0,8.4,-1236349.5,-2501365.5,3577,16.54922726911644,36.10622731241387,45.643018359342804
2020-02-12,1152,2020-02-12,17.25,36.65,44.45,9.15,-1236349.5,-2501365.5,3577,15.981978934375931,38.31898070968707,44.1147031760743
2020-02-13,1153,2020-02-13,19.0,40.0,39.0,10.0,-1236355.0,-2501305.0,3577,15.828665735706725,40.75986778958307,41.90854045334844
2020-02-21,1154,2020-02-21,10.2666666666667,51.8666666666667,37.2,6.73333333333333,-1236345.0,-2501373.0,3577,16.683178534569244,40.953631456256915,40.95336010737876
2020-02-28,1155,2020-02-28,16.95,37.45,43.9,9.05,-1236349.5,-2501365.5,3577,16.94917350451154,40.99174370520508,40.703148476904005
2020-03-07,1156,2020-03-07,21.375,39.25,38.375,9.5,-1236360.0,-2501325.0,3577,17.086502017072224,39.293256691702844,42.250853558200184
2020-03-08,1157,2020-03-08,16.5,32.2,49.6,8.4,-1236349.5,-2501365.5,3577,17.44635970324564,37.06096545352959,44.08773030374539
2020-03-15,1158,2020-03-15,17.1,35.05,46.3,9.2,-1236349.5,-2501365.5,3577,17.145600684143005,34.89590811664594,46.45151334732683
2020-03-16,1159,2020-03-16,16.5833333333333,37.9166666666667,44.0,9.58333333333333,-1236360.0,-2501340.0,3577,16.890615550597538,34.357778547556705,47.14329223407466
2020-03-24,1160,2020-03-24,14.5,32.85,50.8,8.4,-1236349.5,-2501365.5,3577,16.201813382693306,34.59722733406427,47.45287784969738
2020-03-31,1161,2020-03-31,16.9,34.55,46.85,8.85,-1236349.5,-2501365.5,3577,14.006371105672415,36.53305873692325,47.7974945333233
2020-04-08,1162,2020-04-08,11.4,41.35,45.8,9.2,-1236349.5,-2501365.5,3577,12.917271789096482,36.88104923971245,48.47806837124998
2020-04-09,1163,2020-04-09,13.95,34.4,49.85,8.7,-1236349.5,-2501365.5,3577,13.64289495334183,36.17144449976726,48.56287481867252
2020-04-16,1164,2020-04-16,13.1,34.5,50.6,9.05,-1236349.5,-2501365.5,3577,13.015295849659232,34.80988222303492,50.51051224316723
2020-04-17,1165,2020-04-17,11.5,34.2,52.75,7.95,-1236349.5,-2501365.5,3577,12.95699445033617,34.31845641458131,51.112180389262534
2020-04-24,1166,2020-04-24,12.65,35.35,50.6,8.4,-1236349.5,-2501365.5,3577,12.685919351951348,33.90096092598438,51.76805066368412
2020-05-02,1167,2020-05-02,16.25,29.85,52.1,8.45,-1236349.5,-2501365.5,3577,13.747957191901692,31.658673516473904,52.95860400800949
2020-05-03,1168,2020-05-03,15.3,28.75,54.35,8.0,-1236349.5,-2501365.5,3577,14.188836827175917,30.995815305758533,53.198715745709585
2020-05-11,1169,2020-05-11,7.15,37.3,53.75,9.5,-1236349.5,-2501365.5,3577,13.242887119396464,31.6905615485982,53.42306661074805
2020-05-26,1170,2020-05-26,16.4,29.65,52.45,7.9,-1236349.5,-2501365.5,3577,12.985360720424772,31.898128769547338,53.433084660158315
2020-05-27,1171,2020-05-27,13.4,28.7,56.1,8.3,-1236349.5,-2501365.5,3577,11.453709700758665,31.245980872634178,55.618686381233076
2020-06-11,1172,2020-06-11,12.85,30.4,55.35,8.0,-1236349.5,-2501365.5,3577,10.722009113583198,31.19663900951116,56.36420883987258
2020-06-12,1173,2020-06-12,4.21052631578947,37.1578947368421,56.5789473684211,11.7368421052632,-1236348.15789474,-2501362.89473684,3577,10.838180975839325,31.539379819296073,55.948357303810155
2020-06-20,1174,2020-06-20,12.4,28.75,57.25,7.65,-1236349.5,-2501365.5,3577,11.17808315385579,29.7517473686445,57.430980648678045
2020-06-27,1175,2020-06-27,12.7,26.7,59.15,7.55,-1236349.5,-2501365.5,3577,11.379589738796373,28.569935710366508,58.42440394302309
2020-06-28,1176,2020-06-28,10.6,26.75,60.85,7.25,-1236349.5,-2501365.5,3577,11.319921896329369,29.29422057961905,57.75796204521604
2020-07-05,1177,2020-07-05,16.5,33.875,48.0,9.25,-1236390.0,-2501370.0,3577,12.458437608440757,29.14923598323753,56.78228217489285
2020-07-06,1178,2020-07-06,9.53846153846154,26.0,63.2307692307692,7.0,-1236345.0,-2501389.61538462,3577,12.456391456400251,29.216142781331573,56.71430853586722
2020-07-14,1179,2020-07-14,10.95,27.0,60.1,7.45,-1236349.5,-2501365.5,3577,12.359191612291102,29.84720073218427,56.155863898089706
2020-07-21,1180,2020-07-21,13.4,36.75,47.95,9.9,-1236349.5,-2501365.5,3577,11.340195980949444,30.644004652376907,56.242790085641914
2020-07-22,1181,2020-07-22,11.3846153846154,31.3846153846154,55.6923076923077,8.0,-1236345.0,-2501389.61538462,3577,12.0764077118819,30.268723023383586,55.8715322283989
2020-07-29,1182,2020-07-29,11.4545454545455,26.4545454545455,60.2727272727273,7.27272727272727,-1236345.0,-2501395.90909091,3577,12.470699105391665,29.874521902025627,55.896066601990405
2020-07-30,1183,2020-07-30,13.95,28.1,56.15,8.0,-1236349.5,-2501365.5,3577,13.05936860666689,29.91110736564295,55.21807902525539
2020-08-06,1184,2020-08-06,14.8,30.75,52.5,8.55,-1236349.5,-2501365.5,3577,14.35388342848347,30.42878167265176,53.45054926345453
2020-08-07,1185,2020-08-07,13.55,30.4,54.5,8.05,-1236349.5,-2501365.5,3577,14.41893497180039,29.49257230136545,54.394966220417615
2020-08-14,1186,2020-08-14,15.4,31.3,51.75,8.4,-1236349.5,-2501365.5,3577,14.503090007553187,28.856480175373218,54.9752353901474
2020-08-15,1187,2020-08-15,13.7,28.35,56.15,8.05,-1236349.5,-2501365.5,3577,14.54202911744966,29.467198113728593,54.33067487670152
2020-08-22,1188,2020-08-22,15.05,28.65,54.5,8.3,-1236349.5,-2501365.5,3577,13.771706522418915,28.46781631878848,56.091897393698964
2020-08-23,1189,2020-08-23,13.15,26.35,59.1,7.8,-1236349.5,-2501365.5,3577,13.622134529753351,27.701351026519546,56.99466570183746
2020-08-30,1190,2020-08-30,12.2307692307692,26.6153846153846,59.3846153846154,7.53846153846154,-1236347.30769231,-2501389.61538462,3577,13.041540434108137,27.176796303108027,58.024077762613985
2020-08-31,1191,2020-08-31,12.85,28.35,57.0,7.95,-1236349.5,-2501365.5,3577,13.076110223822003,27.918349301722117,57.2197633080496
2020-09-07,1192,2020-09-07,14.15,30.55,53.25,8.3,-1236349.5,-2501365.5,3577,12.850724614749836,29.09896695349939,56.36657787317819
2020-09-08,1193,2020-09-08,13.2222222222222,28.2222222222222,57.0555555555556,7.61111111111111,-1236351.66666667,-2501373.33333333,3577,13.472349828730279,31.624629897630644,53.19406984087067
2020-09-15,1194,2020-09-15,14.6,31.6,52.25,8.2,-1236349.5,-2501365.5,3577,15.169968457356035,27.87760747230442,55.22700762362953
2020-09-16,1195,2020-09-16,12.15,29.55,56.45,7.95,-1236349.5,-2501365.5,3577,15.23155074662348,28.28994310444233,54.80739789304105
2020-09-23,1196,2020-09-23,17.8333333333333,33.5,47.3333333333333,9.33333333333333,-1236395.0,-2501370.0,3577,14.11795292770313,31.058478449650273,53.21349046549489
2020-10-02,1197,2020-10-02,12.85,28.2,57.1,7.95,-1236349.5,-2501365.5,3577,12.318596058222688,33.67611299948258,52.3684427028002
2020-10-09,1198,2020-10-09,14.55,29.4,54.1,8.2,-1236349.5,-2501365.5,3577,10.969201014114827,36.31417392640951,51.08569969761156
2020-10-10,1199,2020-10-10,7.83333333333333,33.3333333333333,57.6666666666667,6.16666666666667,-1236345.0,-2501410.0,3577,10.227626642890653,38.91773140198374,49.19307326659533
2020-10-18,1200,2020-10-18,2.0,69.0,27.3333333333333,8.0,-1236315.0,-2501415.0,3577,10.063227869215888,40.24439746170508,48.123395902336085
2020-10-25,1201,2020-10-25,14.6,29.55,54.1,8.25,-1236349.5,-2501365.5,3577,10.816737917950878,40.1972570059078,47.41678862932024
2020-10-26,1202,2020-10-26,13.85,28.8,55.9,7.7,-1236349.5,-2501365.5,3577,11.745673933907474,37.971596078758765,48.73750035388983
2020-11-02,1203,2020-11-02,15.6923076923077,36.8461538461538,46.0,9.07692307692308,-1236358.84615385,-2501343.46153846,3577,13.96099154477131,33.740127686074054,50.79300010935356
2020-11-10,1204,2020-11-10,13.5,32.85,52.0,8.5,-1236349.5,-2501365.5,3577,14.176425039592726,31.583914002163628,52.6795274266022
2020-11-11,1205,2020-11-11,13.15,27.95,57.45,7.7,-1236349.5,-2501365.5,3577,14.438209091850664,27.070831660991942,56.87291735016535
2020-11-19,1206,2020-11-19,11.9,28.35,58.0,7.9,-1236349.5,-2501365.5,3577,12.093631517325832,28.13826785264802,58.22148041685159
2020-11-27,1207,2020-11-27,10.3846153846154,32.0769230769231,56.1538461538462,7.69230769230769,-1236345.0,-2501389.61538462,3577,8.982200723780714,35.76274079575522,53.68106150814327
2020-12-05,1208,2020-12-05,9.6,36.75,51.85,8.65,-1236349.5,-2501365.5,3577,8.764561325788884,36.29567196318263,53.34304904430329
2020-12-12,1209,2020-12-12,5.85,43.4,49.25,11.2,-1236349.5,-2501365.5,3577,9.418344943932965,39.550764251222745,49.47433663025923
2020-12-20,1210,2020-12-20,10.8,31.6,56.05,7.4,-1236349.5,-2501365.5,3577,9.851017724831447,42.61729099668449,45.987082338944965
2021-01-05,1211,2021-01-05,6.3,63.45,28.85,7.4,-1236349.5,-2501365.5,3577,9.483620559006136,43.70200380709373,45.19635602548716
2021-01-13,1212,2021-01-13,14.35,37.15,46.7,9.0,-1236349.5,-2501365.5,3577,9.334822148845737,43.53612125279081,45.52753007418265
2021-01-14,1213,2021-01-14,13.95,32.7,51.7,8.15,-1236349.5,-2501365.5,3577,9.119856752876233,42.955399962779516,46.24541319899372
2021-02-07,1214,2021-02-07,5.76923076923077,47.0769230769231,45.5384615384615,7.92307692307692,-1236368.07692308,-2501378.07692308,3577,9.434673971303575,41.713828361331295,47.17213842072411
2021-02-14,1215,2021-02-14,3.45454545454545,38.3636363636364,56.3636363636364,19.7272727272727,-1236336.81818182,-2501357.72727273,3577,9.794159458645213,39.807464011874714,48.72022376541664
2021-02-15,1216,2021-02-15,12.2,42.1,44.05,9.4,-1236349.5,-2501365.5,3577,10.854391693712206,38.94360976116549,48.56883328998367
2021-02-22,1217,2021-02-22,15.4,38.25,45.0,8.95,-1236349.5,-2501365.5,3577,12.625707833339803,36.40538913769227,49.38603807119708
2021-02-23,1218,2021-02-23,15.5,33.75,48.95,8.9,-1236349.5,-2501365.5,3577,14.441921130676043,36.71979935130678,47.33270169069003
2021-03-10,1219,2021-03-10,17.5555555555556,31.0,50.2222222222222,7.77777777777778,-1236345.0,-2501401.66666667,3577,17.08111051711655,32.410628654503306,49.029568719225594
2021-03-11,1220,2021-03-11,16.45,32.3,49.7,8.5,-1236349.5,-2501365.5,3577,18.382807594879168,30.30107926129145,49.82754118945324
2021-03-18,1221,2021-03-18,18.85,31.75,47.75,9.05,-1236349.5,-2501365.5,3577,18.145724450984915,30.417642728783694,49.938634018193106
2021-03-19,1222,2021-03-19,15.8666666666667,24.4,58.3333333333333,6.8,-1236351.0,-2501383.0,3577,17.176219325907176,29.298930481279044,51.941056552658694
2021-03-26,1223,2021-03-26,18.8,32.65,46.95,8.65,-1236349.5,-2501365.5,3577,16.98848174529036,30.287923531572254,51.09523010528439
2021-03-27,1224,2021-03-27,15.9,32.9,49.45,8.4,-1236349.5,-2501365.5,3577,16.740252729723917,30.92743943362676,50.715568281040575
2021-04-03,1225,2021-04-03,16.8,31.8,49.65,8.5,-1236349.5,-2501365.5,3577,16.09833389864109,32.49921626360769,49.75625822405265
2021-04-04,1226,2021-04-04,15.6,28.9,54.0,7.95,-1236349.5,-2501365.5,3577,16.19946054976773,30.87847719875122,51.25552296000446
2021-04-12,1227,2021-04-12,14.05,32.7,51.45,8.1,-1236349.5,-2501365.5,3577,15.817001883562988,31.789642555582077,50.696336790137266
2021-04-19,1228,2021-04-19,17.0,34.65,46.85,9.25,-1236349.5,-2501365.5,3577,15.568617708398662,31.103492173456566,51.587440010961714
2021-04-28,1229,2021-04-28,15.25,29.1,53.9,8.2,-1236349.5,-2501365.5,3577,14.316758679914436,30.92198106330772,53.01938304213054
2021-05-14,1230,2021-05-14,13.75,30.25,54.05,8.1,-1236349.5,-2501365.5,3577,13.719489488837283,32.51953495420502,52.06376193465199
2021-05-22,1231,2021-05-22,13.9,27.4,56.95,7.85,-1236349.5,-2501365.5,3577,12.58972807378192,33.63579098919155,52.16337764402002
2021-06-07,1232,2021-06-07,9.33333333333333,46.6666666666667,42.6666666666667,5.0,-1236315.0,-2501340.0,3577,12.241094560752174,34.035650984717115,52.13536953242057
2021-06-15,1233,2021-06-15,12.05,26.6,59.65,7.35,-1236349.5,-2501365.5,3577,12.191518543374308,34.048006018743976,52.18786399358376
2021-06-23,1234,2021-06-23,12.05,39.85,46.8,9.35,-1236349.5,-2501365.5,3577,12.3725475762609,34.17940959968313,51.87883803502224
2021-06-30,1235,2021-06-30,15.45,30.05,53.0,8.1,-1236349.5,-2501365.5,3577,13.262156934910372,33.45909920832022,51.676346821385536
2021-07-01,1236,2021-07-01,13.4,30.3,54.3,8.1,-1236349.5,-2501365.5,3577,13.938086990406887,32.04484184545625,52.34258373204959
2021-07-08,1237,2021-07-08,15.7,31.0,51.3,8.65,-1236349.5,-2501365.5,3577,14.814159215395392,30.502998910269895,52.895345933728116
2021-07-09,1238,2021-07-09,13.55,31.45,53.5,7.95,-1236349.5,-2501365.5,3577,15.293332106487718,29.621175676744006,53.2540330670282
2021-07-17,1239,2021-07-17,14.15,29.55,54.6,8.15,-1236349.5,-2501365.5,3577,14.684888176836447,30.589217129615037,52.96912143583178
2021-07-24,1240,2021-07-24,15.5,29.95,52.6,8.4,-1236349.5,-2501365.5,3577,13.907161878367232,29.777644659257852,54.573548265451876
2021-08-01,1241,2021-08-01,14.8,30.2,53.45,7.95,-1236349.5,-2501365.5,3577,14.364311849139423,29.587485115499263,54.38347009027312
2021-08-02,1242,2021-08-02,13.95,27.45,56.8,8.0,-1236349.5,-2501365.5,3577,14.178277295457839,28.451650555322768,55.71869628049137
2021-08-17,1243,2021-08-17,11.5,30.5833333333333,56.4166666666667,7.16666666666667,-1236342.5,-2501392.5,3577,13.649421940286773,28.51195856516637,56.10525549011554
2021-08-18,1244,2021-08-18,13.15,27.8,57.35,7.85,-1236349.5,-2501365.5,3577,12.932373508842165,29.203531955656068,56.07377541188624
2021-08-25,1245,2021-08-25,14.85,29.05,54.1,8.0,-1236349.5,-2501365.5,3577,12.409228387709504,30.235470566580595,55.658216241954065
2021-08-26,1246,2021-08-26,14.7,26.2,57.45,7.55,-1236349.5,-2501365.5,3577,12.31977094113133,30.09052434922728,55.90693283753595
2021-09-03,1247,2021-09-03,6.25,37.8125,54.1875,12.0625,-1236350.625,-2501364.375,3577,12.665391110435658,29.915709097399674,55.69410384506302
2021-09-10,1248,2021-09-10,15.25,29.05,54.0,7.95,-1236349.5,-2501365.5,3577,13.080541903914563,29.60409864902457,55.5882913139409
2021-09-11,1249,2021-09-11,13.25,27.4,57.9,7.4,-1236349.5,-2501365.5,3577,13.669712485654717,28.52547612345948,56.078306162353506
2021-09-18,1250,2021-09-18,16.35,25.55,56.5,7.5,-1236349.5,-2501365.5,3577,14.038358700121309,27.946137337890125,56.36605495896448
2021-09-19,1251,2021-09-19,13.3,24.85,59.7,7.45,-1236349.5,-2501365.5,3577,14.149556171380684,26.82016578622215,57.35435087357605
2021-09-26,1252,2021-09-26,14.8,29.8,53.75,7.95,-1236349.5,-2501365.5,3577,14.93034055727331,25.77689574357146,57.65505125678413
2021-09-27,1253,2021-09-27,14.3,26.5,57.8,7.35,-1236349.5,-2501365.5,3577,13.878468177846912,26.894261259891913,57.59356520671449
2021-10-04,1254,2021-10-04,13.8,25.9,58.85,7.1,-1236349.5,-2501365.5,3577,13.992506873928935,26.872696150594606,57.50181184913298
2021-10-05,1255,2021-10-05,12.8,28.05,57.45,7.4,-1236349.5,-2501365.5,3577,14.75808417588383,26.562314620360187,57.075612158730564
2021-10-13,1256,2021-10-13,14.45,26.6,57.2,7.25,-1236349.5,-2501365.5,3577,14.626696110904447,27.172555875492996,56.647845446598595
2021-10-20,1257,2021-10-20,16.95,29.15,52.45,7.85,-1236349.5,-2501365.5,3577,14.401947433369426,29.028536015064194,54.93867479269136
2021-10-21,1258,2021-10-21,12.5,30.6,54.9,7.55,-1236349.5,-2501365.5,3577,13.68460564203393,30.90273441728089,53.706819805573396
2021-10-29,1259,2021-10-29,19.3333333333333,24.6666666666667,54.6666666666667,7.33333333333333,-1236355.0,-2501305.0,3577,13.478745300105507,33.16713142378282,51.66092864822744
2021-11-06,1260,2021-11-06,4.65,46.4,47.2,11.65,-1236349.5,-2501365.5,3577,13.18594795297384,34.56063781419303,50.562469419118216
2021-11-13,1261,2021-11-13,14.1,34.25,49.85,8.45,-1236349.5,-2501365.5,3577,13.134822143798505,35.184622962171886,49.99202948753286
2021-11-29,1262,2021-11-29,13.85,34.65,49.7,8.65,-1236349.5,-2501365.5,3577,12.798673205018037,35.46343573866264,50.0239653019764
2021-11-30,1263,2021-11-30,15.2,30.45,52.9,7.9,-1236349.5,-2501365.5,3577,13.141790253088597,34.22860746064569,50.91191733961871
2021-12-15,1264,2021-12-15,13.9,34.95,49.25,8.6,-1236349.5,-2501365.5,3577,13.680665309920233,33.58267444629172,51.072727272719646
2021-12-16,1265,2021-12-16,12.55,33.4,52.4,8.1,-1236349.5,-2501365.5,3577,13.844527196227915,32.27593546803591,52.177890478966276
2021-12-23,1266,2021-12-23,12.55,32.5,53.4,8.25,-1236349.5,-2501365.5,3577,13.154088635820415,33.187628006663296,52.019026175055544
2021-12-24,1267,2021-12-24,11.45,34.55,52.3,8.45,-1236349.5,-2501365.5,3577,11.345296499164773,36.09977700317718,50.918645131950214
2021-12-31,1268,2021-12-31,13.6,34.25,50.55,8.5,-1236349.5,-2501365.5,3577,11.506761350103284,35.177638615249464,51.66966918529614
2022-01-01,1269,2022-01-01,10.6,38.6,49.15,8.4,-1236349.5,-2501365.5,3577,11.74812292970012,34.585923055267735,52.042814306428824
2022-01-09,1270,2022-01-09,10.7,33.9,53.65,8.35,-1236349.5,-2501365.5,3577,11.852101149622598,33.56394596115457,52.97966723678006
2022-01-17,1271,2022-01-17,11.25,35.95,51.35,8.05,-1236349.5,-2501365.5,3577,13.356993728663559,32.61377925479605,52.384665901685935
2022-01-24,1272,2022-01-24,18.5,22.25,57.6,7.05,-1236349.5,-2501365.5,3577,13.782055251248238,31.959263027988907,52.60333520967409
2022-01-25,1273,2022-01-25,12.05,31.7,54.5,8.1,-1236349.5,-2501365.5,3577,14.393811923775555,30.43058155791936,53.508859195220765
2022-02-17,1274,2022-02-17,14.35,36.35,47.7,8.75,-1236349.5,-2501365.5,3577,14.014745460392705,30.622059535701688,53.67703717714322
2022-02-26,1275,2022-02-26,13.9,31.9,52.4,8.25,-1236349.5,-2501365.5,3577,13.544409582593968,32.324527997661505,52.468041319923664
2022-03-05,1276,2022-03-05,15.4,32.75,50.25,8.75,-1236349.5,-2501365.5,3577,12.34886798064062,35.392189812789056,50.59692151582385
2022-03-14,1277,2022-03-14,5.66666666666667,37.0,55.6666666666667,5.5,-1236315.0,-2501400.0,3577,11.527416909849606,37.97889238836203,48.862233413203796
2022-03-21,1278,2022-03-21,14.25,35.8,48.45,8.5,-1236349.5,-2501365.5,3577,11.182750164938493,39.38964101727893,47.86468787851486
2022-03-30,1279,2022-03-30,9.75,45.85,42.85,10.1,-1236349.5,-2501365.5,3577,11.926693129257753,37.99669794926682,48.519888877613425
2022-04-06,1280,2022-04-06,14.2105263157895,37.6842105263158,46.5263157894737,9.1578947368421,-1236352.89473684,-2501362.89473684,3577,11.979614972500594,37.44332029384428,49.036820777932896
2022-04-07,1281,2022-04-07,12.55,34.05,51.75,8.25,-1236349.5,-2501365.5,3577,13.093989455222637,34.555758548111214,50.75272570023319
2022-04-14,1282,2022-04-14,13.25,30.45,54.75,8.4,-1236349.5,-2501365.5,3577,13.521192218240877,31.85548136887893,52.92883518631464
2022-04-15,1283,2022-04-15,12.4,27.6,58.2,7.5,-1236349.5,-2501365.5,3577,12.758335526836149,30.3985171908053,55.082029252038936
2022-04-23,1284,2022-04-23,12.55,30.0,55.6,8.1,-1236349.5,-2501365.5,3577,10.647067768469142,30.190121138430136,57.33536465163441
2022-05-09,1285,2022-05-09,10.45,30.8,56.85,7.85,-1236349.5,-2501365.5,3577,10.32123739874115,30.864433602892408,56.936087824501996
2022-05-25,1286,2022-05-25,8.7,32.3,56.9,8.55,-1236349.5,-2501365.5,3577,9.091791221649729,32.831489270053694,56.14596736975726
2022-06-02,1287,2022-06-02,5.8,40.55,51.95,9.55,-1236349.5,-2501365.5,3577,9.01471956285009,33.530562582176,55.49906357288614
2022-06-26,1288,2022-06-26,9.4,29.4,59.25,7.9,-1236349.5,-2501365.5,3577,9.509139176247572,32.381202998417244,56.16304856133738
2022-07-04,1289,2022-07-04,12.75,29.45,55.8,8.2,-1236349.5,-2501365.5,3577,9.947251955837245,30.888282160377344,57.242437593357835
2022-07-11,1290,2022-07-11,11.2,29.4,57.4,8.53333333333333,-1236365.0,-2501365.0,3577,10.257905307220838,29.255667061035115,58.562361168234766
2022-07-12,1291,2022-07-12,8.7,27.9,61.55,7.5,-1236349.5,-2501365.5,3577,10.439045329100225,28.514253775722832,59.14208253046378
2022-07-19,1292,2022-07-19,11.85,27.9,58.4,7.9,-1236349.5,-2501365.5,3577,10.086171013468721,28.995370619177976,59.03067180496639
2022-07-20,1293,2022-07-20,9.4,27.05,61.65,7.25,-1236349.5,-2501365.5,3577,9.969337428186787,28.668107379776735,59.46496460195262
2022-07-28,1294,2022-07-28,7.11764705882353,34.9411764705882,56.0,9.29411764705882,-1236345.0,-2501372.64705882,3577,10.13004242160893,28.87022419394051,59.08598800579342
2022-08-05,1295,2022-08-05,11.95,29.15,57.05,8.05,-1236349.5,-2501365.5,3577,10.805637196529771,29.101947688075185,58.17335188030913
2022-08-13,1296,2022-08-13,12.2,29.55,56.35,8.0,-1236349.5,-2501365.5,3577,11.521365540303902,31.07256865334164,55.50439065577555
2022-08-21,1297,2022-08-21,13.45,28.0,56.55,7.9,-1236349.5,-2501365.5,3577,12.592542915105229,31.790329248237445,53.73646322716727
2022-08-29,1298,2022-08-29,14.05,27.9,56.1,7.85,-1236349.5,-2501365.5,3577,12.764763000610664,32.28338686445106,53.09358721772789
2022-09-05,1299,2022-09-05,11.25,41.4,45.6,9.6,-1236349.5,-2501365.5,3577,13.220610331207517,33.22381984250911,51.71228972265352
2022-09-06,1300,2022-09-06,11.65,38.35,48.45,9.35,-1236349.5,-2501365.5,3577,13.00384354308764,33.3160067395676,51.82368637553622
2022-09-14,1301,2022-09-14,14.85,28.65,54.45,8.15,-1236349.5,-2501365.5,3577,12.933418193532816,34.14184055790721,51.053890536700244
2022-09-22,1302,2022-09-22,14.85,27.9,55.3,7.95,-1236349.5,-2501365.5,3577,13.925821082939743,33.37905237177184,50.87503518152913
2022-09-30,1303,2022-09-30,11.15,36.85,50.15,9.05,-1236349.5,-2501365.5,3577,14.721189027688379,32.449038732160815,51.02866916364606
2022-10-07,1304,2022-10-07,17.6,31.6,49.05,8.95,-1236349.5,-2501365.5,3577,15.376950139641341,30.802958496607147,52.018358267112106
2022-10-08,1305,2022-10-08,15.9,28.85,53.5,8.05,-1236349.5,-2501365.5,3577,15.790358093916108,29.84389898027223,52.58376236765544
2022-10-15,1306,2022-10-15,16.55,33.35,48.5,8.8,-1236349.5,-2501365.5,3577,15.715930199828781,31.23495745739861,51.29702634825708
2022-10-16,1307,2022-10-16,15.2,28.45,54.65,8.0,-1236349.5,-2501365.5,3577,15.360698434689947,30.890722899387015,52.046861806915956
2022-10-24,1308,2022-10-24,13.8,29.3,54.9,8.0,-1236349.5,-2501365.5,3577,15.42693931455311,29.817099309354912,53.0122355972122
2022-11-01,1309,2022-11-01,15.05,29.45,53.75,7.95,-1236349.5,-2501365.5,3577,15.146033687672293,29.18058087422976,53.87253350364
2022-11-08,1310,2022-11-08,15.4,32.0,50.85,8.75,-1236349.5,-2501365.5,3577,14.071155469914977,29.757829786308307,54.32596613911591
2022-11-09,1311,2022-11-09,14.05,30.15,54.0,8.05,-1236349.5,-2501365.5,3577,14.187255623631213,29.969206954032195,54.00047197383852
2022-11-17,1312,2022-11-17,13.55,27.1,57.55,7.95,-1236349.5,-2501365.5,3577,13.851009980729273,30.020876182636403,54.26861373919387
2022-11-24,1313,2022-11-24,14.85,32.1,51.0,8.7,-1236349.5,-2501365.5,3577,13.966153196646466,30.623954837727354,53.57237978738726
2022-11-25,1314,2022-11-25,11.9,30.65,55.6,7.9,-1236349.5,-2501365.5,3577,13.352198575416395,32.19954859381623,52.638019874854116
2022-12-03,1315,2022-12-03,12.9,34.2,51.25,8.8,-1236349.5,-2501365.5,3577,13.403280001730012,32.21378683235787,52.53720907574612
2022-12-10,1316,2022-12-10,15.7,33.15,49.35,8.85,-1236349.5,-2501365.5,3577,13.760583688755005,33.00157721534937,51.426740132924394
2022-12-11,1317,2022-12-11,12.85,31.95,53.3,8.3,-1236349.5,-2501365.5,3577,13.71241745870024,33.72526359089322,50.78182900689882
2022-12-18,1318,2022-12-18,13.9,36.05,48.4,8.6,-1236349.5,-2501365.5,3577,13.432791202603436,34.33571660537092,50.51208806672448
2022-12-19,1319,2022-12-19,12.95,33.55,51.65,8.7,-1236349.5,-2501365.5,3577,14.332061591656972,32.59459859025935,51.29475385295052
2022-12-26,1320,2022-12-26,16.4,25.75,55.95,7.45,-1236349.5,-2501365.5,3577,14.285637118297522,31.44570274925842,52.40004407356565
2022-12-27,1321,2022-12-27,11.45,39.4,47.55,8.9,-1236349.5,-2501365.5,3577,13.773584465068476,31.24654277610467,53.118986895449545
2023-01-04,1322,2023-01-04,14.05,28.1,55.95,7.9,-1236349.5,-2501365.5,3577,13.673102522201367,31.019872299306165,53.47010625928695
2023-01-11,1323,2023-01-11,16.35,29.25,52.45,8.9,-1236349.5,-2501365.5,3577,13.676942680519629,31.1970293846897,53.33562519413363
2023-01-12,1324,2023-01-12,14.3,27.45,56.2,8.2,-1236349.5,-2501365.5,3577,13.818499787352053,31.798215468250827,52.65305471839087
2023-01-20,1325,2023-01-20,8.71428571428571,40.5714285714286,49.4285714285714,9.0,-1236362.14285714,-2501363.57142857,3577,14.119258850638753,32.788932428571954,51.420869886416114
2023-01-27,1326,2023-01-27,17.75,34.65,46.05,9.0,-1236349.5,-2501365.5,3577,14.588795038933224,34.07998258682687,49.6985097885308
2023-02-05,1327,2023-02-05,15.6,30.55,52.05,8.35,-1236349.5,-2501365.5,3577,15.224773681402354,35.527468706780915,47.60637755102035
2023-02-20,1328,2023-02-20,15.55,38.8,43.95,9.25,-1236349.5,-2501365.5,3577,16.01295026782639,36.93279399479084,45.32584033613435
