time,Unnamed: 0,time_ymd,pv,npv,bs,ue,x,y,spatial_ref,pv_filter,npv_filter,bs_filter
1987-09-01,1,1987-09-01,37.0,44.4347826086956,17.3913043478261,10.7391304347826,-621140.217391304,-1588665.0,3577,37.06141472607344,44.22461337700609,17.436463334380303
1987-09-17,2,1987-09-17,34.8695652173913,48.9565217391304,14.7826086956522,10.3913043478261,-621140.217391304,-1588665.0,3577,30.452488317981608,51.885783565905435,16.451031404171154
1987-10-19,3,1987-10-19,21.8,56.9,20.1,12.7,-621156.0,-1588647.0,3577,30.21343724252592,53.45379035496147,15.133886005261722
1987-11-04,4,1987-11-04,35.0869565217391,53.1304347826087,10.5217391304348,10.8695652173913,-621140.217391304,-1588665.0,3577,33.9529146987082,51.20463004188944,13.620699479698022
1987-11-20,5,1987-11-20,41.695652173913,47.304347826087,9.91304347826087,12.0869565217391,-621140.217391304,-1588665.0,3577,39.66927630856154,47.039160057348894,12.029313978449142
1987-12-06,6,1987-12-06,46.0434782608696,40.695652173913,12.0434782608696,12.8695652173913,-621140.217391304,-1588665.0,3577,45.75058011715032,42.483098964943736,10.45974146140724
1988-01-23,7,1988-01-23,53.6521739130435,34.2608695652174,10.6086956521739,14.3913043478261,-621140.217391304,-1588665.0,3577,50.97458659257016,38.687026461222146,8.994163697387556
1988-02-08,8,1988-02-08,56.9565217391304,36.0,5.73913043478261,14.5652173913043,-621140.217391304,-1588665.0,3577,54.508758625939876,36.42638337567125,7.69693226412724
1988-03-11,9,1988-03-11,55.6521739130435,37.0,5.82608695652174,15.0,-621140.217391304,-1588665.0,3577,55.612899551644766,36.36021657706402,6.636838057620483
1988-04-12,10,1988-04-12,47.695652173913,42.1739130434783,8.82608695652174,11.304347826087,-621140.217391304,-1588665.0,3577,53.1443887919781,39.089096594609686,6.364810650379759
1988-04-28,11,1988-04-28,51.6521739130435,42.2608695652174,4.69565217391304,14.6086956521739,-621140.217391304,-1588665.0,3577,50.48563228398251,42.042548244588005,6.106227061401809
1988-05-14,12,1988-05-14,51.0869565217391,44.1304347826087,3.52173913043478,14.3478260869565,-621140.217391304,-1588665.0,3577,48.770908187242256,45.674224147093895,4.270830529007299
1988-05-30,13,1988-05-30,47.0,47.7826086956522,4.08695652173913,14.2608695652174,-621140.217391304,-1588665.0,3577,48.03656432407902,48.40227722203039,2.360320121391239
1988-06-15,14,1988-06-15,44.1304347826087,48.4782608695652,6.08695652173913,14.3913043478261,-621140.217391304,-1588665.0,3577,46.355965611982384,49.44327983228846,3.031717508497238
1988-07-01,15,1988-07-01,42.0434782608696,52.0869565217391,4.65217391304348,12.6521739130435,-621140.217391304,-1588665.0,3577,43.69002312802979,49.65626391376085,5.498339996252762
1988-07-17,16,1988-07-17,43.8260869565217,49.8695652173913,5.39130434782609,13.5652173913043,-621140.217391304,-1588665.0,3577,39.78169468167527,49.04271109156631,10.006631543176034
1988-08-02,17,1988-08-02,42.9130434782609,49.6521739130435,6.21739130434783,13.304347826087,-621140.217391304,-1588665.0,3577,35.05244049260215,48.18134470186516,15.616683625969234
1988-09-03,18,1988-09-03,26.695652173913,42.4347826086956,29.6521739130435,11.9130434782609,-621140.217391304,-1588665.0,3577,31.838474622693838,47.40789308953897,19.586792262788805
1988-09-19,19,1988-09-19,24.2173913043478,43.0,31.4347826086957,11.5652173913043,-621140.217391304,-1588665.0,3577,31.752158506898667,43.91442940331772,23.131952805122047
1988-10-21,20,1988-10-21,34.6086956521739,44.0434782608696,20.2173913043478,11.695652173913,-621140.217391304,-1588665.0,3577,33.12326725636232,41.09221582024846,24.557942555489028
1988-11-06,21,1988-11-06,36.3913043478261,42.1739130434783,20.3478260869565,11.5652173913043,-621140.217391304,-1588665.0,3577,36.24841035932162,39.09883211417156,23.3976271406577
1988-11-22,22,1988-11-22,42.5217391304348,38.3478260869565,17.8260869565217,11.8695652173913,-621140.217391304,-1588665.0,3577,40.81130302370775,38.36754688753041,19.598172411334108
1989-01-09,23,1989-01-09,49.0434782608696,34.5652173913044,15.0434782608696,13.3478260869565,-621140.217391304,-1588665.0,3577,46.15290390050771,37.95129651610443,14.698047813000526
1989-02-26,24,1989-02-26,52.2173913043478,31.3913043478261,15.1739130434783,13.0,-621140.217391304,-1588665.0,3577,49.70995070348211,38.64223930598371,10.438197688700914
1989-05-01,25,1989-05-01,43.7333333333333,49.1333333333333,6.06666666666667,9.2,-621143.0,-1588689.0,3577,49.60965384504823,39.51642404348772,9.64230639015797
1989-05-17,26,1989-05-17,49.8260869565217,41.2608695652174,7.69565217391304,13.9130434782609,-621140.217391304,-1588665.0,3577,49.69796309491352,40.99594765174984,8.059850500823867
1989-06-02,27,1989-06-02,48.7826086956522,42.4782608695652,7.43478260869565,13.8695652173913,-621140.217391304,-1588665.0,3577,48.39413675568557,43.45137135040915,6.902528081689795
1989-06-18,28,1989-06-18,46.3478260869565,45.0434782608696,7.21739130434783,14.1304347826087,-621140.217391304,-1588665.0,3577,44.99861187853516,46.54920222236798,7.189127155877999
1989-07-20,29,1989-07-20,43.304347826087,48.1739130434783,7.34782608695652,14.0869565217391,-621140.217391304,-1588665.0,3577,42.35429948970844,48.59921569881808,7.736319677091165
1989-08-05,30,1989-08-05,42.4782608695652,48.0869565217391,8.08695652173913,12.7826086956522,-621140.217391304,-1588665.0,3577,40.37094433362509,50.05721595673736,8.27363337967603
1989-09-06,31,1989-09-06,39.1739130434783,51.304347826087,8.30434782608696,11.695652173913,-621140.217391304,-1588665.0,3577,39.48579920998232,50.97878596477916,8.281295722269054
1989-09-22,32,1989-09-22,32.9130434782609,55.6086956521739,10.1739130434783,10.3913043478261,-621140.217391304,-1588665.0,3577,40.16808820469549,51.03404066655425,7.5887068914382985
1989-11-09,33,1989-11-09,46.0,49.9565217391304,2.95652173913043,14.9130434782609,-621140.217391304,-1588665.0,3577,45.045004127646486,49.67680616596282,4.137647115301643
1989-12-11,34,1989-12-11,51.7391304347826,43.8695652173913,3.26086956521739,14.5652173913043,-621140.217391304,-1588665.0,3577,49.970313842832965,46.526224482200824,2.383293782539633
1989-12-27,35,1989-12-27,53.3478260869565,43.7826086956522,1.82608695652174,14.7826086956522,-621140.217391304,-1588665.0,3577,54.12036274399175,42.8614012182396,1.9007367649173972
1990-03-17,36,1990-03-17,60.2608695652174,37.7391304347826,0.739130434782609,17.2173913043478,-621140.217391304,-1588665.0,3577,56.747880443438476,39.44541293089999,2.6498866959832874
1990-04-02,37,1990-04-02,59.5217391304348,37.9565217391304,1.39130434782609,16.1739130434783,-621140.217391304,-1588665.0,3577,56.344042697220175,38.14485422798707,4.284594307782879
1990-05-04,38,1990-05-04,52.4347826086956,44.4347826086956,1.95652173913043,14.6521739130435,-621140.217391304,-1588665.0,3577,53.550830549537636,39.15071945760674,6.012548373809837
1990-05-20,39,1990-05-20,43.6363636363636,33.2727272727273,21.5454545454545,8.45454545454546,-621124.090909091,-1588654.09090909,3577,48.14605123457912,41.05336691477612,9.450382373776975
1990-06-05,40,1990-06-05,46.3478260869565,48.6521739130435,3.73913043478261,14.5652173913043,-621140.217391304,-1588665.0,3577,46.20585004881721,46.44497547753136,6.075308470087221
1990-06-21,41,1990-06-21,42.8260869565217,51.5652173913044,4.30434782608696,14.1304347826087,-621140.217391304,-1588665.0,3577,44.37421457138359,51.41195433745972,3.038200238801846
1990-07-07,42,1990-07-07,39.695652173913,56.304347826087,3.0,13.6521739130435,-621140.217391304,-1588665.0,3577,41.781538937322615,55.05936204545256,2.0445731778955976
1990-07-23,43,1990-07-23,41.8695652173913,54.3478260869565,2.69565217391304,13.304347826087,-621140.217391304,-1588665.0,3577,37.36268752111508,56.294077170633614,5.261323277610012
1990-09-09,44,1990-09-09,35.3478260869565,60.1739130434783,3.56521739130435,12.0434782608696,-621140.217391304,-1588665.0,3577,32.29767204123968,56.63004837401624,10.003063970622037
1990-09-25,45,1990-09-25,33.8260869565217,62.2608695652174,2.95652173913043,11.8260869565217,-621140.217391304,-1588665.0,3577,26.309905332246245,55.563290525592095,17.013475822868877
1990-10-11,46,1990-10-11,12.6521739130435,39.3913043478261,46.4347826086956,14.8260869565217,-621140.217391304,-1588665.0,3577,21.888909179389152,51.90786532083373,25.001602113053465
1990-10-27,47,1990-10-27,14.7391304347826,48.695652173913,35.2173913043478,10.8260869565217,-621140.217391304,-1588665.0,3577,21.156106244001865,49.46047760288505,28.156202257826784
1990-11-12,48,1990-11-12,21.9130434782609,48.9565217391304,28.0434782608696,10.5652173913043,-621140.217391304,-1588665.0,3577,23.540766811593826,45.30734308092627,29.929288641089247
1990-11-28,49,1990-11-28,36.8260869565217,44.4347826086956,17.4782608695652,11.7826086956522,-621140.217391304,-1588665.0,3577,29.52597691714224,40.31715720004253,28.93294752090928
1990-12-14,50,1990-12-14,37.5652173913044,36.2608695652174,25.0434782608696,7.52173913043478,-621140.217391304,-1588665.0,3577,37.83653928518082,36.01998876072908,24.898703530951817
1990-12-30,51,1990-12-30,47.9565217391304,32.0869565217391,18.7826086956522,12.0,-621140.217391304,-1588665.0,3577,45.706953566012544,33.29738399976156,19.752455647728
1991-01-15,52,1991-01-15,50.4347826086956,27.1739130434783,21.0869565217391,12.8695652173913,-621140.217391304,-1588665.0,3577,52.68699398594961,30.63816342494036,15.384367819551974
1991-01-31,53,1991-01-31,54.5217391304348,25.8260869565217,18.1739130434783,12.6521739130435,-621140.217391304,-1588665.0,3577,55.1052490382062,27.49083209158178,16.025929380887288
1991-03-04,54,1991-03-04,55.4782608695652,30.4782608695652,12.4347826086957,13.5652173913043,-621140.217391304,-1588665.0,3577,55.41718007392237,28.496933676092155,14.65304933321945
1991-03-20,55,1991-03-20,54.3913043478261,34.4782608695652,9.8695652173913,14.2608695652174,-621140.217391304,-1588665.0,3577,54.26096275509923,30.88703126190886,13.414854091928408
1991-04-05,56,1991-04-05,55.2608695652174,30.7826086956522,12.5652173913043,12.6086956521739,-621140.217391304,-1588665.0,3577,53.22260993817609,33.18921595297462,12.12399903232942
1991-04-21,57,1991-04-21,51.5652173913044,35.5217391304348,11.4782608695652,13.6086956521739,-621140.217391304,-1588665.0,3577,50.087493069582784,34.863900401652636,13.635700011387822
1991-05-07,58,1991-05-07,43.4347826086956,40.0434782608696,15.1304347826087,12.0434782608696,-621140.217391304,-1588665.0,3577,48.607612202032186,39.371339119886215,10.638832697789232
1991-05-23,59,1991-05-23,43.3478260869565,39.8260869565217,15.3478260869565,12.0,-621140.217391304,-1588665.0,3577,45.859533655192436,43.08101966682561,9.712784052666823
1991-06-08,60,1991-06-08,46.1739130434783,43.1739130434783,9.43478260869565,12.9565217391304,-621140.217391304,-1588665.0,3577,42.703661797880756,44.28355141963311,11.701451597263551
1991-07-10,61,1991-07-10,41.3478260869565,46.1739130434783,11.1739130434783,12.2608695652174,-621140.217391304,-1588665.0,3577,39.1021041147514,44.85120963300399,14.762152102841789
1991-07-26,62,1991-07-26,33.9130434782609,52.0869565217391,12.8695652173913,11.5217391304348,-621140.217391304,-1588665.0,3577,33.98221014413804,45.7283815928249,19.084831039196217
1991-08-11,63,1991-08-11,31.9130434782609,49.9130434782609,16.8695652173913,11.5652173913043,-621140.217391304,-1588665.0,3577,28.428325208237503,45.6797891837533,24.710482544776887
1991-08-27,64,1991-08-27,18.8260869565217,31.6086956521739,48.4782608695652,10.2173913043478,-621140.217391304,-1588665.0,3577,24.3306584383409,45.438985566856026,29.040090478906983
1991-09-12,65,1991-09-12,22.0,42.1739130434783,34.5652173913044,9.78260869565217,-621140.217391304,-1588665.0,3577,21.34447501616384,45.073139943909894,32.333849486085875
1991-09-28,66,1991-09-28,19.9565217391304,53.7391304347826,25.0,9.08695652173913,-621140.217391304,-1588665.0,3577,21.35670077667335,44.972708540611364,32.36917504355438
1991-10-14,67,1991-10-14,21.3913043478261,49.4782608695652,27.8695652173913,9.30434782608696,-621140.217391304,-1588665.0,3577,24.137581223457275,45.45452756961029,29.090626697298877
1991-11-15,68,1991-11-15,32.7826086956522,41.9565217391304,23.8260869565217,10.7391304347826,-621140.217391304,-1588665.0,3577,28.211474216988904,46.304724350887845,24.15521199758286
1991-12-01,69,1991-12-01,37.1304347826087,43.5652173913044,17.9565217391304,11.4782608695652,-621140.217391304,-1588665.0,3577,32.84529536958713,46.25146585813548,19.62861475581601
1991-12-17,70,1991-12-17,33.695652173913,46.3913043478261,18.6521739130435,11.0,-621140.217391304,-1588665.0,3577,39.06971074422368,45.307889983209634,14.343626894035289
1992-01-18,71,1992-01-18,41.695652173913,43.7391304347826,13.4782608695652,12.0869565217391,-621140.217391304,-1588665.0,3577,42.7339306271804,41.46036558675594,14.553783274201061
1992-02-19,72,1992-02-19,45.304347826087,38.9565217391304,14.4782608695652,12.5652173913043,-621140.217391304,-1588665.0,3577,45.3781777517071,39.405406143184614,13.957002749570325
1992-03-06,73,1992-03-06,48.3478260869565,38.1304347826087,12.304347826087,12.1739130434783,-621140.217391304,-1588665.0,3577,46.14444715332435,38.584527466067,14.039668771124479
1992-03-22,74,1992-03-22,49.3478260869565,36.6521739130435,12.695652173913,12.7826086956522,-621140.217391304,-1588665.0,3577,46.62090917562021,37.219382179263555,14.960460188617873
1992-04-07,75,1992-04-07,47.5652173913044,39.1304347826087,11.9130434782609,12.695652173913,-621140.217391304,-1588665.0,3577,46.70266965501159,36.72146106685874,15.395191025152382
1992-04-23,76,1992-04-23,37.9565217391304,32.304347826087,28.7391304347826,9.78260869565217,-621140.217391304,-1588665.0,3577,46.18472307070352,37.20646078917163,15.388279912305077
1992-05-09,77,1992-05-09,44.695652173913,41.5652173913044,12.6521739130435,11.695652173913,-621140.217391304,-1588665.0,3577,43.31813145798229,39.71437016341527,15.78789886919952
1992-05-25,78,1992-05-25,44.304347826087,45.7391304347826,8.8695652173913,13.2173913043478,-621140.217391304,-1588665.0,3577,41.05474858967311,42.95804572328363,14.839442291452468
1992-06-10,79,1992-06-10,39.4347826086956,46.8695652173913,12.3913043478261,12.1739130434783,-621140.217391304,-1588665.0,3577,38.16814280079289,47.22407461967937,13.47085556790566
1992-06-26,80,1992-06-26,32.9565217391304,51.1304347826087,14.6521739130435,11.5652173913043,-621140.217391304,-1588665.0,3577,33.554699170793214,52.70114378822706,12.596652506194314
1992-07-12,81,1992-07-12,31.3913043478261,54.7826086956522,12.6086956521739,11.4782608695652,-621140.217391304,-1588665.0,3577,29.115606294360855,59.197996511488824,10.511328219497324
1992-09-14,82,1992-09-14,22.1304347826087,66.1739130434783,10.8695652173913,9.82608695652174,-621140.217391304,-1588665.0,3577,27.3536160971845,62.62161515963248,8.774831575745587
1992-09-30,83,1992-09-30,25.5217391304348,65.1304347826087,7.91304347826087,9.95652173913044,-621140.217391304,-1588665.0,3577,23.647504064111104,64.29040605375627,10.835127317155564
1992-10-16,84,1992-10-16,20.0869565217391,67.9130434782609,10.8260869565217,10.2608695652174,-621140.217391304,-1588665.0,3577,21.663794409921195,65.52416112625123,11.625060361631498
1992-11-17,85,1992-11-17,24.3913043478261,63.6086956521739,10.695652173913,10.9130434782609,-621140.217391304,-1588665.0,3577,24.046896164808842,63.326817885295426,11.490493219257129
1992-12-03,86,1992-12-03,34.9565217391304,56.5217391304348,7.39130434782609,11.8260869565217,-621140.217391304,-1588665.0,3577,28.04289464741326,58.572102147406355,12.258499341550394
1992-12-19,87,1992-12-19,30.0869565217391,47.695652173913,21.1304347826087,9.0,-621140.217391304,-1588665.0,3577,33.153885688946005,52.75961903219157,13.005321236844388
1993-01-20,88,1993-01-20,24.5217391304348,56.7391304347826,18.0,6.08695652173913,-621140.217391304,-1588665.0,3577,38.799007292338416,47.47046586472449,12.658745212249848
1993-03-09,89,1993-03-09,53.2608695652174,41.1739130434783,4.43478260869565,14.304347826087,-621140.217391304,-1588665.0,3577,43.24394948166008,44.40395840529784,11.320889502204281
1993-03-25,90,1993-03-25,56.6086956521739,38.7391304347826,3.43478260869565,14.3913043478261,-621140.217391304,-1588665.0,3577,46.83143549140965,42.90113964645562,9.17687441109031
1993-04-10,91,1993-04-10,41.2608695652174,44.5217391304348,13.0434782608696,10.9130434782609,-621140.217391304,-1588665.0,3577,48.117582108287,43.60155485918733,7.175329718066575
1993-04-26,92,1993-04-26,48.5217391304348,45.0869565217391,5.30434782608696,13.7391304347826,-621140.217391304,-1588665.0,3577,49.34158989481985,44.79864018064991,4.723094243217383
1993-05-12,93,1993-05-12,47.2608695652174,47.8695652173913,3.65217391304348,13.3478260869565,-621140.217391304,-1588665.0,3577,49.0947929442943,46.180299845523805,3.55970506811752
1993-05-28,94,1993-05-28,46.0,48.9130434782609,4.1304347826087,13.1739130434783,-621140.217391304,-1588665.0,3577,46.273274175003706,47.747376328066466,4.807921517168348
1993-06-13,95,1993-06-13,44.8695652173913,49.7826086956522,4.1304347826087,13.4782608695652,-621140.217391304,-1588665.0,3577,43.10645674152905,50.17736201071029,5.5925314421738985
1993-06-29,96,1993-06-29,45.6521739130435,48.3913043478261,4.78260869565217,13.6086956521739,-621140.217391304,-1588665.0,3577,43.863601064429076,49.56612952264388,5.435935715918749
1993-07-15,97,1993-07-15,42.695652173913,49.4782608695652,6.60869565217391,13.5217391304348,-621140.217391304,-1588665.0,3577,43.24633759025359,49.45267318493125,6.12463724187956
1993-07-31,98,1993-07-31,37.6521739130435,51.304347826087,9.82608695652174,11.8260869565217,-621140.217391304,-1588665.0,3577,40.753909974794986,50.430177710288646,7.617446088706224
1993-08-16,99,1993-08-16,41.304347826087,51.6086956521739,6.08695652173913,13.1739130434783,-621140.217391304,-1588665.0,3577,40.489193267353855,51.611069641079425,6.728775061254874
1993-09-01,100,1993-09-01,39.8260869565217,52.3478260869565,6.69565217391304,12.9130434782609,-621140.217391304,-1588665.0,3577,38.855550022726874,54.45778639182051,5.5841424694559425
1993-10-03,101,1993-10-03,40.4782608695652,55.2608695652174,3.04347826086957,12.6086956521739,-621140.217391304,-1588665.0,3577,38.218446515115986,56.46510885802005,4.281747865809685
1993-10-19,102,1993-10-19,37.6521739130435,59.2608695652174,2.0,11.8260869565217,-621140.217391304,-1588665.0,3577,38.46534606865166,57.6834555940675,2.8282387957979385
1993-11-04,103,1993-11-04,39.3478260869565,58.2608695652174,1.60869565217391,12.3913043478261,-621140.217391304,-1588665.0,3577,40.336398559033526,56.92256108408172,1.7275362946379351
1993-11-20,104,1993-11-20,41.8695652173913,56.4347826086956,0.782608695652174,14.2608695652174,-621140.217391304,-1588665.0,3577,43.19269880744534,54.45666246526922,1.338234117477421
1993-12-06,105,1993-12-06,42.8695652173913,52.5217391304348,3.47826086956522,14.0434782608696,-621140.217391304,-1588665.0,3577,46.40719557733267,51.145046769080054,1.4161832245017627
1994-01-23,106,1994-01-23,54.9130434782609,42.5652173913044,1.26086956521739,14.695652173913,-621140.217391304,-1588665.0,3577,50.23878167867187,47.25998002535188,1.4423837032530524
1994-02-08,107,1994-02-08,52.4782608695652,45.2608695652174,1.26086956521739,13.7826086956522,-621140.217391304,-1588665.0,3577,52.7872004156755,44.10770303864274,1.985061378249936
1994-03-28,108,1994-03-28,55.3478260869565,41.4782608695652,2.08695652173913,14.4782608695652,-621140.217391304,-1588665.0,3577,53.40936530153662,43.24079514508267,2.2034420015302456
1994-04-29,109,1994-04-29,51.5217391304348,44.9565217391304,2.39130434782609,14.2173913043478,-621140.217391304,-1588665.0,3577,51.49825904341222,44.80867739071405,2.5669616424761337
1994-05-15,110,1994-05-15,47.5217391304348,48.1304347826087,3.1304347826087,13.4782608695652,-621140.217391304,-1588665.0,3577,48.631565768992886,47.28275318704011,2.9870607249792447
1994-05-31,111,1994-05-31,44.9565217391304,49.1739130434783,4.78260869565217,13.8695652173913,-621140.217391304,-1588665.0,3577,44.53284849488249,50.31923043976404,4.021943865798426
1994-06-16,112,1994-06-16,41.5217391304348,53.1739130434783,4.26086956521739,14.1304347826087,-621140.217391304,-1588665.0,3577,43.49186753480086,50.463101980795344,4.882087491186236
1994-07-02,113,1994-07-02,40.2173913043478,53.8695652173913,4.78260869565217,13.7826086956522,-621140.217391304,-1588665.0,3577,43.00503601929798,50.540293802299985,5.268751170756035
1994-07-18,114,1994-07-18,41.695652173913,51.1304347826087,5.8695652173913,13.7826086956522,-621140.217391304,-1588665.0,3577,40.68660145883926,52.34968000097116,5.807457450342568
1994-08-03,115,1994-08-03,42.4782608695652,50.0869565217391,6.21739130434783,13.695652173913,-621140.217391304,-1588665.0,3577,39.414016324227134,54.09594977397864,5.354917674989316
1994-08-19,116,1994-08-19,40.3913043478261,52.9130434782609,5.69565217391304,13.1739130434783,-621140.217391304,-1588665.0,3577,35.792970658357675,57.62244471224386,5.536905207397166
1994-09-20,117,1994-09-20,40.3478260869565,56.3478260869565,2.39130434782609,12.2173913043478,-621140.217391304,-1588665.0,3577,36.48779353638143,59.01092140155001,3.5375766195888403
1994-10-22,118,1994-10-22,23.0,70.8636363636364,5.18181818181818,23.5454545454545,-621137.727272727,-1588665.0,3577,37.15097421086905,58.62668545125237,3.300011629481638
1994-11-07,119,1994-11-07,39.304347826087,57.6521739130435,2.17391304347826,13.4782608695652,-621140.217391304,-1588665.0,3577,41.07886406230121,55.600980958361994,2.41298361937345
1994-11-23,120,1994-11-23,48.0,50.4347826086956,0.695652173913043,14.0434782608696,-621140.217391304,-1588665.0,3577,44.931888373737294,51.37187096117544,2.730083827257886
1995-01-10,121,1995-01-10,50.0869565217391,44.1304347826087,4.82608695652174,11.9565217391304,-621140.217391304,-1588665.0,3577,48.68486764767198,46.48764818924675,3.808876349851566
1995-02-27,122,1995-02-27,64.9130434782609,33.3913043478261,0.347826086956522,17.695652173913,-621140.217391304,-1588665.0,3577,51.602417357717485,42.383697049160205,4.940359326180738
1995-03-31,123,1995-03-31,41.4545454545455,43.1818181818182,14.1818181818182,13.9545454545455,-621137.727272727,-1588662.27272727,3577,52.77138791407636,40.36510476759388,5.7523007591159425
1995-05-18,124,1995-05-18,55.7826086956522,42.3913043478261,0.869565217391304,17.7391304347826,-621140.217391304,-1588665.0,3577,51.7838288927432,41.03151127558548,6.014292796129661
1995-06-03,125,1995-06-03,39.0869565217391,50.1739130434783,9.60869565217391,15.7826086956522,-621140.217391304,-1588665.0,3577,46.37757445627629,44.49263671508141,7.937592553433459
1995-06-19,126,1995-06-19,50.304347826087,45.7391304347826,2.91304347826087,16.4782608695652,-621140.217391304,-1588665.0,3577,47.936355840581484,47.58214098337473,3.376135789221591
1995-08-06,127,1995-08-06,48.9565217391304,46.7826086956522,2.91304347826087,15.2173913043478,-621140.217391304,-1588665.0,3577,49.266817715861364,48.36198718497096,1.309429969680147
1995-08-22,128,1995-08-22,47.2608695652174,48.2173913043478,3.43478260869565,14.7391304347826,-621140.217391304,-1588665.0,3577,47.561319418224414,50.03540180373463,1.3435930068045452
1995-09-07,129,1995-09-07,46.4782608695652,49.9130434782609,2.60869565217391,14.0434782608696,-621140.217391304,-1588665.0,3577,45.532401371673075,49.77163676274523,3.603608802019892
1995-09-23,130,1995-09-23,47.304347826087,50.5217391304348,1.34782608695652,14.0,-621140.217391304,-1588665.0,3577,41.296332554234596,49.05359077588794,8.54105673569807
1995-10-09,131,1995-10-09,49.1304347826087,48.7826086956522,0.956521739130435,14.1304347826087,-621140.217391304,-1588665.0,3577,40.11858837083706,46.988685429518384,11.803305323023558
1995-10-25,132,1995-10-25,16.6521739130435,42.3913043478261,39.4782608695652,17.4782608695652,-621140.217391304,-1588665.0,3577,38.106615823261095,45.217204924561244,15.566051393751296
1995-11-26,133,1995-11-26,34.3478260869565,51.0434782608696,13.5652173913043,12.3478260869565,-621140.217391304,-1588665.0,3577,39.34137621699289,42.571365100097495,16.94367094743742
1996-03-17,134,1996-03-17,51.4347826086956,31.304347826087,16.1304347826087,11.0,-621140.217391304,-1588665.0,3577,40.26590276057972,41.37770803701,17.132249632179764
1996-04-18,135,1996-04-18,48.6086956521739,40.1739130434783,10.0,14.304347826087,-621140.217391304,-1588665.0,3577,41.56876707892371,41.592963504385494,15.585195797604298
1996-06-05,136,1996-06-05,41.8260869565217,46.2608695652174,10.7826086956522,13.2608695652174,-621140.217391304,-1588665.0,3577,43.037768262152696,43.239085722455215,12.476680406682586
1996-06-21,137,1996-06-21,41.2608695652174,46.4347826086956,10.9130434782609,13.2173913043478,-621140.217391304,-1588665.0,3577,43.29389549741573,44.815673221643095,10.674039649943294
1996-07-07,138,1996-07-07,38.2173913043478,48.5217391304348,11.9565217391304,13.3478260869565,-621140.217391304,-1588665.0,3577,43.25326752934129,47.69289507100073,7.834041043085495
1996-07-23,139,1996-07-23,38.2608695652174,50.4347826086956,10.0869565217391,13.6521739130435,-621140.217391304,-1588665.0,3577,39.21758521461799,49.941718666304,9.588945984690934
1996-08-08,140,1996-08-08,40.6086956521739,48.8695652173913,9.39130434782609,13.3478260869565,-621140.217391304,-1588665.0,3577,39.40700543230579,51.38275064549702,8.017058456416512
1996-08-24,141,1996-08-24,38.304347826087,50.0,10.5652173913043,12.4782608695652,-621140.217391304,-1588665.0,3577,36.96702583995072,50.81715296413688,10.99872075696382
1996-09-09,142,1996-09-09,36.6521739130435,51.0434782608696,11.0434782608696,12.1739130434783,-621140.217391304,-1588665.0,3577,32.64177241522292,51.36038413060125,14.753674646793993
1996-09-25,143,1996-09-25,35.8260869565217,54.695652173913,8.17391304347826,11.9565217391304,-621140.217391304,-1588665.0,3577,28.6297245626857,50.94557428033582,19.16333269637601
1996-10-11,144,1996-10-11,21.304347826087,44.1304347826087,33.1739130434783,12.6521739130435,-621140.217391304,-1588665.0,3577,29.499735020662115,47.355955257549994,21.827843444746918
1996-10-27,145,1996-10-27,22.8695652173913,46.695652173913,29.1304347826087,10.7826086956522,-621140.217391304,-1588665.0,3577,30.599263705733765,44.173759609612475,23.867909449545422
1996-11-12,146,1996-11-12,25.2173913043478,46.5652173913044,26.7391304347826,11.6086956521739,-621140.217391304,-1588665.0,3577,33.458587448352276,41.71473539247851,23.439701905306176
1997-03-20,147,1997-03-20,51.5652173913044,33.8260869565217,13.4347826086957,13.1304347826087,-621140.217391304,-1588665.0,3577,37.550804962967874,40.21355169261419,20.862944969954924
1997-04-05,148,1997-04-05,49.3913043478261,36.6086956521739,12.6086956521739,12.5217391304348,-621140.217391304,-1588665.0,3577,41.31683244739566,40.747444102532896,16.589121068725547
1997-04-21,149,1997-04-21,45.4347826086956,40.8260869565217,12.304347826087,12.695652173913,-621140.217391304,-1588665.0,3577,44.003083738169366,42.56849692237398,12.100244082204867
1997-05-07,150,1997-05-07,29.6521739130435,53.6521739130435,15.3478260869565,17.0,-621140.217391304,-1588665.0,3577,45.00438180744414,45.12326763288531,8.58970091693076
1997-05-23,151,1997-05-23,45.3913043478261,46.8260869565217,6.56521739130435,12.6521739130435,-621140.217391304,-1588665.0,3577,42.57202495982316,46.386379403333,9.74062900351623
1997-06-08,152,1997-06-08,41.1304347826087,47.8260869565217,9.82608695652174,12.7826086956522,-621140.217391304,-1588665.0,3577,39.671865219173895,48.326825415793806,10.666865911042532
1997-06-24,153,1997-06-24,40.0434782608696,47.6086956521739,11.0,12.5217391304348,-621140.217391304,-1588665.0,3577,37.314490463091715,49.48411771294326,11.868381988180987
1997-07-10,154,1997-07-10,39.0434782608696,46.1304347826087,13.4782608695652,11.8260869565217,-621140.217391304,-1588665.0,3577,38.363703196784044,48.01743403990632,12.30750686922262
1997-07-26,155,1997-07-26,37.0434782608696,48.8260869565217,12.7391304347826,12.0434782608696,-621140.217391304,-1588665.0,3577,37.39001192641773,48.31237345235813,12.962772050938094
1997-08-11,156,1997-08-11,32.9130434782609,50.6086956521739,15.0,10.0,-621140.217391304,-1588665.0,3577,35.94745125650499,49.612461841556566,13.125306514724393
1997-08-27,157,1997-08-27,34.0,52.9565217391304,12.0,12.0434782608696,-621140.217391304,-1588665.0,3577,33.608906506061274,52.05654273038067,13.07206778952444
1997-09-12,158,1997-09-12,35.7391304347826,52.4347826086956,10.7391304347826,11.7391304347826,-621140.217391304,-1588665.0,3577,34.28847730543275,53.766632748048835,10.762910800330108
1997-09-28,159,1997-09-28,36.1739130434783,53.2173913043478,9.26086956521739,11.6086956521739,-621140.217391304,-1588665.0,3577,34.90104363263083,55.113153235234094,8.86915386403745
1997-10-14,160,1997-10-14,35.2173913043478,58.1739130434783,5.56521739130435,12.0,-621140.217391304,-1588665.0,3577,36.85021090095247,55.10740276010687,6.953185729332223
1997-10-30,161,1997-10-30,41.0,51.4782608695652,6.47826086956522,12.6086956521739,-621140.217391304,-1588665.0,3577,40.44507209037497,52.93648685409909,5.484530007614396
1997-11-15,162,1997-11-15,41.9130434782609,52.0,4.8695652173913,12.9130434782609,-621140.217391304,-1588665.0,3577,44.2689384918421,50.00192968963255,4.520159608865354
1997-12-01,163,1997-12-01,48.2173913043478,48.5217391304348,2.04347826086957,14.3913043478261,-621140.217391304,-1588665.0,3577,48.055219245681855,46.40444129836355,4.252879708795078
1998-02-03,164,1998-02-03,53.3913043478261,39.8260869565217,5.43478260869565,14.5652173913043,-621140.217391304,-1588665.0,3577,50.84166378781315,42.74308394525818,5.110132564970942
1998-02-19,165,1998-02-19,55.6521739130435,39.4347826086956,3.52173913043478,14.5652173913043,-621140.217391304,-1588665.0,3577,55.14420429482199,40.76294657018232,2.810791577516148
1998-03-07,166,1998-03-07,56.3913043478261,38.8260869565217,3.43478260869565,15.2608695652174,-621140.217391304,-1588665.0,3577,57.44985583805565,40.54349567513583,0.7582418927147894
1998-04-08,167,1998-04-08,52.9130434782609,43.0869565217391,2.95652173913043,14.5652173913043,-621140.217391304,-1588665.0,3577,56.51585687161638,41.84180592592941,0.49216781334151594
1998-04-24,168,1998-04-24,54.3478260869565,43.0869565217391,1.47826086956522,14.9130434782609,-621140.217391304,-1588665.0,3577,53.07151523936302,42.94268915899717,2.8869644287596588
1998-05-26,169,1998-05-26,50.7826086956522,46.2608695652174,1.95652173913043,15.0,-621140.217391304,-1588665.0,3577,47.236783273254886,44.39185783928692,7.257787709664397
1998-06-11,170,1998-06-11,48.2608695652174,47.7391304347826,2.95652173913043,14.9130434782609,-621140.217391304,-1588665.0,3577,40.99888642787478,45.15582667432847,12.710952259476397
1998-07-13,171,1998-07-13,24.9565217391304,41.304347826087,32.3478260869565,17.4782608695652,-621140.217391304,-1588665.0,3577,34.91219535612606,44.19367871325752,19.66393748934846
1998-07-29,172,1998-07-29,27.2173913043478,42.4782608695652,28.9565217391304,14.1739130434783,-621140.217391304,-1588665.0,3577,29.47283891232837,43.40146675238233,25.838560282088512
1998-08-14,173,1998-08-14,28.0869565217391,43.1304347826087,27.3913043478261,13.1304347826087,-621140.217391304,-1588665.0,3577,26.21911955321173,43.31291188283407,29.122941938928964
1998-08-30,174,1998-08-30,28.4347826086957,43.4347826086956,26.8695652173913,12.5217391304348,-621140.217391304,-1588665.0,3577,26.005795658100276,43.23095655185466,29.446265674017358
1998-09-15,175,1998-09-15,29.4782608695652,44.304347826087,25.0,12.3478260869565,-621140.217391304,-1588665.0,3577,28.48072240049199,44.371472786192236,25.857763047286717
1998-10-01,176,1998-10-01,32.4347826086956,43.304347826087,22.9130434782609,11.695652173913,-621140.217391304,-1588665.0,3577,35.57925423613409,45.29043899967979,17.822756594594047
1998-10-17,177,1998-10-17,38.7391304347826,46.0,14.1304347826087,12.4347826086957,-621140.217391304,-1588665.0,3577,41.41075373676719,43.46674109306386,13.850326682334337
1998-11-18,178,1998-11-18,46.5217391304348,42.0,10.0434782608696,14.0434782608696,-621140.217391304,-1588665.0,3577,43.967813718109994,39.50178237430307,15.254300148630918
1998-12-04,179,1998-12-04,48.9565217391304,36.5652173913044,13.304347826087,13.1739130434783,-621140.217391304,-1588665.0,3577,46.52863800621886,36.26987227336666,15.963228587267139
1998-12-20,180,1998-12-20,49.8695652173913,36.9565217391304,11.7826086956522,13.6086956521739,-621140.217391304,-1588665.0,3577,47.77272774337612,34.304152974493796,16.71988813447711
1999-03-10,181,1999-03-10,51.4347826086956,25.3478260869565,22.0869565217391,11.8260869565217,-621140.217391304,-1588665.0,3577,47.6129927415359,34.17050925921057,17.07830398165315
1999-04-11,182,1999-04-11,33.1739130434783,32.3478260869565,33.695652173913,7.56521739130435,-621140.217391304,-1588665.0,3577,46.1971747460977,36.269355493067934,16.401687019398913
1999-05-29,183,1999-05-29,48.2173913043478,45.304347826087,5.17391304347826,13.7391304347826,-621140.217391304,-1588665.0,3577,44.50000705983349,39.55105723458882,14.832520824172917
1999-06-14,184,1999-06-14,46.0,48.0434782608696,4.8695652173913,14.0869565217391,-621140.217391304,-1588665.0,3577,43.77433456299404,44.02415124247823,11.09418015017525
1999-06-30,185,1999-06-30,45.3478260869565,48.0,5.43478260869565,13.6086956521739,-621140.217391304,-1588665.0,3577,43.65077135812786,47.82453755693048,7.3783518944363955
1999-07-16,186,1999-07-16,42.8695652173913,49.0,6.95652173913043,13.4782608695652,-621140.217391304,-1588665.0,3577,43.531269914625895,50.49740339078664,4.819012996694334
1999-07-24,187,1999-07-24,42.2173913043478,49.5652173913044,7.0,13.0869565217391,-621140.217391304,-1588665.0,3577,43.430958999265854,51.615794086105424,3.765971947018635
1999-08-01,188,1999-08-01,43.0,49.3913043478261,6.65217391304348,12.8260869565217,-621140.217391304,-1588665.0,3577,42.20729573293217,49.30106641237957,7.30414920924974
1999-08-09,189,1999-08-09,41.8260869565217,52.5652173913044,4.34782608695652,13.2608695652174,-621140.217391304,-1588665.0,3577,41.51875423001468,50.197905204224284,7.180929583270677
1999-08-17,190,1999-08-17,39.6521739130435,51.4782608695652,7.78260869565217,12.695652173913,-621140.217391304,-1588665.0,3577,43.38999121755236,52.37384018592016,3.1460935080529207
1999-08-25,191,1999-08-25,41.4782608695652,51.5217391304348,5.8695652173913,12.0434782608696,-621140.217391304,-1588665.0,3577,42.00869866436608,53.875547255267314,3.045114261159031
1999-09-02,192,1999-09-02,40.8260869565217,51.9130434782609,6.17391304347826,12.8260869565217,-621140.217391304,-1588665.0,3577,38.577149462457996,53.752871707635535,6.592698995713224
1999-09-10,193,1999-09-10,38.9130434782609,55.7391304347826,4.34782608695652,13.0869565217391,-621140.217391304,-1588665.0,3577,33.914799966484225,53.38737625276066,11.606642650657607
1999-09-18,194,1999-09-18,36.2173913043478,59.5217391304348,3.30434782608696,13.6086956521739,-621140.217391304,-1588665.0,3577,28.97435960189599,51.66691297663738,18.19772729625735
1999-09-26,195,1999-09-26,16.9130434782609,42.4347826086956,39.2173913043478,14.2608695652174,-621140.217391304,-1588665.0,3577,27.169948237247997,49.05835852126678,22.60444374577836
1999-10-12,196,1999-10-12,21.7391304347826,43.4782608695652,33.5217391304348,9.95652173913044,-621140.217391304,-1588665.0,3577,28.758697487728064,45.41606367786871,24.593313672459267
1999-11-13,197,1999-11-13,34.9130434782609,41.304347826087,22.6086956521739,11.9130434782609,-621140.217391304,-1588665.0,3577,33.93005675169658,41.206792131001876,23.59809083095848
1999-11-29,198,1999-11-29,43.8260869565217,41.7391304347826,13.0869565217391,13.5652173913043,-621140.217391304,-1588665.0,3577,42.385766609208915,37.360366245674975,18.98082547415956
2000-02-01,199,2000-02-01,53.3913043478261,33.5652173913044,11.7826086956522,14.4347826086957,-621140.217391304,-1588665.0,3577,51.00822706704296,35.29228773648761,12.426288209029657
2000-02-17,200,2000-02-17,63.695652173913,35.2173913043478,0.0,4.08695652173913,-621140.217391304,-1588665.0,3577,57.575279075472366,35.59279783347094,5.551943009204265
2000-04-05,201,2000-04-05,57.9565217391304,34.4782608695652,6.08695652173913,13.2173913043478,-621140.217391304,-1588665.0,3577,59.97340134625546,37.47834558764138,1.258548289777071
2000-04-21,202,2000-04-21,56.7826086956522,40.0,1.95652173913043,14.695652173913,-621140.217391304,-1588665.0,3577,57.31217389420867,38.40328819114084,2.9410776328257415
2000-05-07,203,2000-05-07,52.0,41.9130434782609,4.78260869565217,14.9565217391304,-621140.217391304,-1588665.0,3577,52.85692433827329,41.24660680549147,4.564278903220204
2000-06-08,204,2000-06-08,46.4347826086956,46.3478260869565,5.78260869565217,13.8260869565217,-621140.217391304,-1588665.0,3577,49.86530672180757,44.83840778953851,4.029696511591177
2000-06-24,205,2000-06-24,46.5652173913044,46.8695652173913,5.34782608695652,13.7826086956522,-621140.217391304,-1588665.0,3577,47.13703902773062,47.51644048506981,4.110582512116417
2000-07-10,206,2000-07-10,44.9130434782609,48.8260869565217,5.17391304347826,13.8695652173913,-621140.217391304,-1588665.0,3577,43.88990979406263,49.3613122642528,5.569885357608307
2000-07-26,207,2000-07-26,43.1739130434783,50.0434782608696,5.65217391304348,13.9130434782609,-621140.217391304,-1588665.0,3577,41.29271509214359,50.65108293240529,6.928114825004355
2000-08-11,208,2000-08-11,38.7391304347826,53.0,7.17391304347826,13.3478260869565,-621140.217391304,-1588665.0,3577,37.37140407041586,52.165580549473674,9.298598292270357
2000-08-27,209,2000-08-27,39.6521739130435,52.304347826087,6.8695652173913,13.7391304347826,-621140.217391304,-1588665.0,3577,33.88990508750402,52.799261446581596,12.142595592587059
2000-09-12,210,2000-09-12,25.3478260869565,50.3478260869565,22.9130434782609,13.304347826087,-621140.217391304,-1588665.0,3577,32.19860106913738,52.087951488535985,14.533780629114311
2000-09-28,211,2000-09-28,29.0,54.695652173913,15.1304347826087,13.6086956521739,-621140.217391304,-1588665.0,3577,34.59365125667362,51.77742424629736,12.31362341563998
2000-10-30,212,2000-10-30,39.1304347826087,47.6521739130435,11.9130434782609,13.0,-621140.217391304,-1588665.0,3577,37.69533768899309,49.196788411827356,11.758339999719812
2000-11-15,213,2000-11-15,40.695652173913,47.304347826087,10.695652173913,13.3913043478261,-621140.217391304,-1588665.0,3577,40.77397707498372,45.060057341748944,12.861442796986847
2001-01-02,214,2001-01-02,49.9130434782609,37.1739130434783,11.695652173913,13.7391304347826,-621140.217391304,-1588665.0,3577,45.097618626734935,39.66006121599186,14.012715304685978
2001-01-18,215,2001-01-18,53.8260869565217,40.0869565217391,4.73913043478261,15.9565217391304,-621140.217391304,-1588665.0,3577,47.8367776352912,35.88201605055362,15.139633878174008
2001-02-03,216,2001-02-03,46.2173913043478,35.1739130434783,17.3478260869565,13.7826086956522,-621140.217391304,-1588665.0,3577,49.064901420100554,34.306125766315766,15.533505518290738
2001-03-07,217,2001-03-07,35.75,27.0,36.75,13.25,-621082.5,-1588680.0,3577,46.95869276382527,35.39812162672259,16.588894819427345
2001-04-08,218,2001-04-08,50.4210526315789,38.2105263157895,10.2631578947368,12.0,-621130.263157895,-1588672.89473684,3577,45.052338521260445,39.42215887136694,14.516109626285552
2001-05-10,219,2001-05-10,49.2608695652174,45.8260869565217,3.69565217391304,15.304347826087,-621140.217391304,-1588665.0,3577,44.03961759347175,43.84222510703424,11.057776691358928
2001-05-26,220,2001-05-26,39.1304347826087,54.7826086956522,4.91304347826087,13.7391304347826,-621140.217391304,-1588665.0,3577,42.93263249102274,48.81391559393111,7.1512457670054745
2001-06-11,221,2001-06-11,43.9565217391304,52.0,2.91304347826087,14.4782608695652,-621140.217391304,-1588665.0,3577,43.3983152025839,51.358332169484186,4.100812052538664
2001-06-27,222,2001-06-27,41.695652173913,52.0434782608696,5.17391304347826,14.304347826087,-621140.217391304,-1588665.0,3577,42.28853176528612,52.50540647511902,3.942746640964623
2001-07-13,223,2001-07-13,42.695652173913,52.2173913043478,3.78260869565217,14.8260869565217,-621140.217391304,-1588665.0,3577,42.883451898181455,53.94523986685476,1.9592811210012524
2001-07-29,224,2001-07-29,41.7391304347826,51.5652173913044,5.52173913043478,14.2608695652174,-621140.217391304,-1588665.0,3577,42.81645583588782,53.831751375905284,2.2828357624051674
2001-08-14,225,2001-08-14,39.2608695652174,53.0434782608696,6.73913043478261,13.4347826086957,-621140.217391304,-1588665.0,3577,41.21227398540438,55.053559068534824,2.685474609272123
2001-08-30,226,2001-08-30,39.3478260869565,54.6086956521739,4.8695652173913,13.3478260869565,-621140.217391304,-1588665.0,3577,36.27918937973585,56.14458740881378,6.534152212035202
2001-09-15,227,2001-09-15,35.7826086956522,61.8260869565217,1.39130434782609,14.3913043478261,-621140.217391304,-1588665.0,3577,30.653353376999362,56.613061457311986,11.675940158910558
2001-10-01,228,2001-10-01,35.9130434782609,61.304347826087,2.1304347826087,13.4782608695652,-621140.217391304,-1588665.0,3577,27.228781179779943,54.53937555242434,17.164555460689662
2001-10-17,229,2001-10-17,9.34782608695652,42.6521739130435,46.4782608695652,16.0,-621140.217391304,-1588665.0,3577,25.74280908215105,50.818652474183985,22.29385784493811
2001-11-18,230,2001-11-18,19.695652173913,46.695652173913,32.304347826087,10.9130434782609,-621140.217391304,-1588665.0,3577,28.61331372893741,45.78628263645751,24.372852749615838
2001-12-20,231,2001-12-20,40.6521739130435,40.4782608695652,17.6086956521739,12.4782608695652,-621140.217391304,-1588665.0,3577,33.47274666374989,40.406860470254614,24.822766007713177
2002-01-05,232,2002-01-05,46.0434782608696,36.6521739130435,16.0434782608696,13.7391304347826,-621140.217391304,-1588665.0,3577,39.55781962013704,36.52615200117681,22.589147425461192
2002-01-21,233,2002-01-21,46.304347826087,34.695652173913,17.695652173913,12.7391304347826,-621140.217391304,-1588665.0,3577,45.782545627740035,34.8953053945598,17.934537396911896
2002-03-10,234,2002-03-10,50.5217391304348,35.8260869565217,12.1739130434783,13.5652173913043,-621140.217391304,-1588665.0,3577,49.55471893834326,36.44202129812027,12.624445684882623
2002-03-26,235,2002-03-26,49.3478260869565,38.0869565217391,11.3478260869565,13.6521739130435,-621140.217391304,-1588665.0,3577,49.99492726951935,39.03606731133404,9.650761945012755
2002-04-11,236,2002-04-11,40.8260869565217,41.8260869565217,15.8695652173913,20.7826086956522,-621140.217391304,-1588665.0,3577,44.946946713261184,41.42433122133673,12.299320278588858
2002-04-27,237,2002-04-27,43.9130434782609,45.2608695652174,9.56521739130435,13.2173913043478,-621140.217391304,-1588665.0,3577,42.796806504836184,43.4762690533254,12.414028561287438
2002-05-13,238,2002-05-13,40.3913043478261,46.6521739130435,11.6521739130435,12.7826086956522,-621140.217391304,-1588665.0,3577,41.14004746094588,45.827160052217145,11.8057226122897
2002-05-29,239,2002-05-29,37.695652173913,49.304347826087,11.9565217391304,13.304347826087,-621140.217391304,-1588665.0,3577,38.49354871806847,48.27331935798034,12.068503982218694
2002-06-14,240,2002-06-14,37.7826086956522,48.8260869565217,12.2608695652174,12.8260869565217,-621140.217391304,-1588665.0,3577,35.33690969146087,50.76557283071534,12.733201110369759
2002-07-16,241,2002-07-16,34.7391304347826,50.0,14.0,11.6086956521739,-621140.217391304,-1588665.0,3577,33.39423088688977,52.994536625030804,12.39769114987668
2002-08-01,242,2002-08-01,31.695652173913,52.1304347826087,14.9130434782609,10.9130434782609,-621140.217391304,-1588665.0,3577,30.289585229680295,55.01716529532372,13.473143426769091
2002-08-17,243,2002-08-17,21.0,67.0,11.0,13.0,-621075.0,-1588695.0,3577,27.518018006353493,56.704263178595134,14.542096179494733
2002-09-02,244,2002-09-02,27.9565217391304,56.0434782608696,14.4782608695652,9.95652173913044,-621140.217391304,-1588665.0,3577,25.373597045029513,58.7884147081798,14.637282639286106
2002-09-18,245,2002-09-18,26.7826086956522,57.7826086956522,14.2608695652174,9.95652173913044,-621140.217391304,-1588665.0,3577,25.01870775273618,59.9482077183731,13.890338326363981
2002-10-04,246,2002-10-04,27.7826086956522,57.4782608695652,13.8260869565217,11.2608695652174,-621140.217391304,-1588665.0,3577,26.524492115095903,60.1416073326234,12.337425765779013
2002-10-20,247,2002-10-20,26.0869565217391,59.1739130434783,13.9130434782609,11.0434782608696,-621140.217391304,-1588665.0,3577,29.907049791636126,58.79969033186961,10.374724783896742
2002-11-21,248,2002-11-21,36.5217391304348,58.0434782608696,4.47826086956522,14.0434782608696,-621140.217391304,-1588665.0,3577,35.204434615049905,55.812746682572794,8.056775705112097
2002-12-07,249,2002-12-07,37.8,55.5,5.7,13.6,-621135.0,-1588626.0,3577,40.83067074599309,51.9460815298502,6.222026842452624
2002-12-23,250,2002-12-23,51.125,46.125,1.75,16.125,-621176.25,-1588638.75,3577,45.795208274690594,48.73829043146191,4.34379750684034
2003-01-08,251,2003-01-08,49.3913043478261,43.6521739130435,5.69565217391304,17.3478260869565,-621140.217391304,-1588665.0,3577,51.949563913666395,43.368789458616746,3.376992875208819
2003-02-09,252,2003-02-09,56.4782608695652,38.3913043478261,3.47826086956522,15.1304347826087,-621140.217391304,-1588665.0,3577,56.490799616312785,39.6322971684334,2.487231102454852
2003-03-13,253,2003-03-13,59.4782608695652,35.9565217391304,3.1304347826087,16.1304347826087,-621140.217391304,-1588665.0,3577,58.81852951530024,37.73570652996995,2.0464356279065825
2003-03-29,254,2003-03-29,55.6521739130435,38.9565217391304,4.08695652173913,15.1739130434783,-621140.217391304,-1588665.0,3577,57.617685958534125,37.95722219293127,3.0792161600677708
2003-04-14,255,2003-04-14,57.304347826087,41.0434782608696,0.478260869565217,15.9130434782609,-621140.217391304,-1588665.0,3577,54.73211048272486,40.18752368575767,3.8241318985222263
2003-04-30,256,2003-04-30,52.9565217391304,42.4782608695652,3.47826086956522,14.9565217391304,-621140.217391304,-1588665.0,3577,49.94417243141089,43.33320609931887,5.566023154392219
2003-05-16,257,2003-05-16,44.3478260869565,46.9565217391304,7.56521739130435,15.3913043478261,-621140.217391304,-1588665.0,3577,46.00249271188481,45.887796901570496,7.021773252994436
2003-07-11,258,2003-07-11,38.3478260869565,48.3913043478261,12.2173913043478,13.7826086956522,-621140.217391304,-1588665.0,3577,41.60054671401472,48.20407362188848,9.15366353931299
2003-07-27,259,2003-07-27,36.1304347826087,49.5652173913044,13.2173913043478,13.5217391304348,-621140.217391304,-1588665.0,3577,38.67919874579008,50.0791271590093,10.1825538171599
2003-08-04,260,2003-08-04,39.25,51.9,7.7,14.0,-621141.0,-1588674.0,3577,37.01384505250556,50.75208109967078,11.127566887277148
2003-08-12,261,2003-08-12,38.7391304347826,50.1304347826087,9.95652173913044,11.6521739130435,-621140.217391304,-1588665.0,3577,35.79034322118321,50.18026078107441,12.827848621964334
2003-08-20,262,2003-08-20,37.1739130434783,51.6521739130435,10.0869565217391,13.695652173913,-621140.217391304,-1588665.0,3577,36.986225781212845,52.40712309630629,9.398756715083195
2003-08-28,263,2003-08-28,34.4347826086956,53.7391304347826,10.695652173913,12.9565217391304,-621140.217391304,-1588665.0,3577,37.32600200310639,54.242053208595124,7.236046696605569
2003-09-13,264,2003-09-13,34.4782608695652,54.7826086956522,9.26086956521739,11.9565217391304,-621140.217391304,-1588665.0,3577,35.81644627414045,55.68824263634309,7.327168524031058
2003-09-21,265,2003-09-21,35.2173913043478,53.5652173913044,9.95652173913044,11.4347826086957,-621140.217391304,-1588665.0,3577,33.00042570835587,57.212158409625985,8.617557445917978
2003-10-15,266,2003-10-15,32.2173913043478,61.695652173913,5.17391304347826,12.7826086956522,-621140.217391304,-1588665.0,3577,29.680198654484144,56.82424575020309,12.388327919218526
2003-10-23,267,2003-10-23,30.304347826087,63.7826086956522,5.04347826086957,12.7391304347826,-621140.217391304,-1588665.0,3577,27.918910126975668,55.1588521296004,15.75290104519915
2003-11-08,268,2003-11-08,19.8260869565217,42.5652173913044,36.1739130434783,10.695652173913,-621140.217391304,-1588665.0,3577,25.90117365919913,52.56098988057417,20.32070920957414
2003-11-16,269,2003-11-16,24.0,50.695652173913,24.0,10.6086956521739,-621140.217391304,-1588665.0,3577,25.11002169933012,50.619339407089285,22.990384916078092
2003-12-02,270,2003-12-02,27.1739130434783,48.0,23.4347826086957,12.2173913043478,-621140.217391304,-1588665.0,3577,25.353075425490555,47.67843102739414,25.649381443697187
2003-12-10,271,2003-12-10,31.0434782608696,40.4782608695652,27.2173913043478,11.2173913043478,-621140.217391304,-1588665.0,3577,29.441817929900775,44.416893052200706,24.742674250410506
2003-12-18,272,2003-12-18,35.0,46.25,17.0,18.5,-621180.0,-1588665.0,3577,34.038076280364926,40.61955826213531,23.941215482738365
2003-12-26,273,2003-12-26,34.8666666666667,41.3333333333333,22.8666666666667,14.6666666666667,-621143.0,-1588641.0,3577,40.12604808032935,37.86174377737277,20.708817489323213
2004-01-19,274,2004-01-19,47.0,33.5217391304348,18.1304347826087,12.8260869565217,-621140.217391304,-1588665.0,3577,45.08214139698188,34.32110584707998,19.342115774472553
2004-01-27,275,2004-01-27,49.2222222222222,25.1111111111111,24.4444444444444,9.88888888888889,-621141.666666667,-1588708.33333333,3577,47.5083902173345,29.847633928562292,21.349031761224012
2004-02-20,276,2004-02-20,54.2173913043478,29.2173913043478,15.0869565217391,12.2173913043478,-621140.217391304,-1588665.0,3577,50.256219170062764,28.984897354626487,19.433284667499006
2004-02-28,277,2004-02-28,45.7142857142857,27.5,25.5714285714286,15.2857142857143,-621139.285714286,-1588637.14285714,3577,51.59370808219141,29.20082115353585,17.869838511644957
2004-03-07,278,2004-03-07,55.4782608695652,32.4347826086956,10.7391304347826,13.7391304347826,-621140.217391304,-1588665.0,3577,51.674975335002614,30.444055107329582,16.516826653100928
2004-03-15,279,2004-03-15,45.2857142857143,34.6666666666667,18.4285714285714,19.2857142857143,-621145.0,-1588667.85714286,3577,50.26568092471233,34.00624850762313,14.289917512825586
2004-03-31,280,2004-03-31,51.0666666666667,39.3333333333333,8.26666666666667,14.6666666666667,-621135.0,-1588641.0,3577,48.51708427973689,37.022695189670394,13.055102899521462
2004-04-08,281,2004-04-08,50.5652173913044,38.1304347826087,10.0,13.6521739130435,-621140.217391304,-1588665.0,3577,47.738584682984616,39.39456374527801,11.45681820011976
2004-04-24,282,2004-04-24,43.8260869565217,39.8695652173913,15.0,10.8695652173913,-621140.217391304,-1588665.0,3577,46.72964797126167,41.090874105472906,10.819092694444414
2004-05-02,283,2004-05-02,44.8260869565217,42.1304347826087,11.4782608695652,12.7826086956522,-621140.217391304,-1588665.0,3577,45.47613319062364,43.23371490984253,9.94453569941373
2004-05-18,284,2004-05-18,43.7826086956522,45.5652173913044,9.39130434782609,13.2608695652174,-621140.217391304,-1588665.0,3577,43.40608953571018,44.517582767205965,10.801180781795672
2004-05-26,285,2004-05-26,44.3478260869565,46.304347826087,8.17391304347826,13.3478260869565,-621140.217391304,-1588665.0,3577,42.53011710324305,46.13175042303443,10.081703032462054
2004-06-11,286,2004-06-11,39.7826086956522,48.3478260869565,10.7391304347826,13.3913043478261,-621140.217391304,-1588665.0,3577,40.61896195964776,47.07946587445146,11.057291297564236
2004-06-19,287,2004-06-19,39.695652173913,47.3913043478261,11.6086956521739,13.1304347826087,-621140.217391304,-1588665.0,3577,40.021556045241,47.93048693128742,10.853601506850655
2004-06-27,288,2004-06-27,37.6086956521739,47.7391304347826,13.3913043478261,12.5217391304348,-621140.217391304,-1588665.0,3577,38.856667830750055,48.13264121797525,11.815627097359075
2004-07-05,289,2004-07-05,38.8695652173913,48.0,12.0,12.6086956521739,-621140.217391304,-1588665.0,3577,36.93917994778931,48.49925401021727,13.346719104019574
2004-07-13,290,2004-07-13,36.1739130434783,49.2173913043478,13.3478260869565,12.3913043478261,-621140.217391304,-1588665.0,3577,36.37555798622692,49.09741167433258,13.266870617602256
2004-07-29,291,2004-07-29,36.1304347826087,49.2608695652174,13.4347826086957,12.0869565217391,-621140.217391304,-1588665.0,3577,35.89387507094603,50.05037195943703,12.840228992973088
2004-08-06,292,2004-08-06,33.9565217391304,52.2173913043478,12.5217391304348,12.4347826086957,-621140.217391304,-1588665.0,3577,35.510047564491046,50.820813099039455,12.457438106379598
2004-08-14,293,2004-08-14,34.6086956521739,52.0434782608696,12.1304347826087,12.3913043478261,-621140.217391304,-1588665.0,3577,34.855666745417906,51.86800687533524,12.113364324460932
2004-08-30,294,2004-08-30,36.0434782608696,52.4782608695652,10.4347826086957,12.0434782608696,-621140.217391304,-1588665.0,3577,34.49557583350311,52.9587822999374,11.396564634717475
2004-09-07,295,2004-09-07,36.1,53.0,9.8,12.4,-621147.0,-1588704.0,3577,34.96765850920666,52.96742244607922,10.95256253370911
2004-09-15,296,2004-09-15,31.9130434782609,53.9130434782609,13.0869565217391,11.7826086956522,-621140.217391304,-1588665.0,3577,34.599313796979914,53.98500207558493,10.335844126258518
2004-10-01,297,2004-10-01,34.4782608695652,54.9565217391304,9.34782608695652,11.8260869565217,-621140.217391304,-1588665.0,3577,34.29969512247907,54.937928406220095,9.671135534271786
2004-10-09,298,2004-10-09,35.0,56.8333333333333,7.25,13.9166666666667,-621147.5,-1588697.5,3577,33.35080789448309,56.380685182803546,9.143267050621988
2004-10-17,299,2004-10-17,34.1304347826087,56.3478260869565,8.21739130434783,12.6521739130435,-621140.217391304,-1588665.0,3577,33.746487460575835,57.85007293150187,7.208870379854624
2004-10-25,300,2004-10-25,33.6086956521739,57.2608695652174,8.0,12.8260869565217,-621140.217391304,-1588665.0,3577,32.90120725955475,59.26845183352576,6.660980411430347
2004-11-02,301,2004-11-02,29.9130434782609,64.0,4.82608695652174,11.7826086956522,-621140.217391304,-1588665.0,3577,35.34102914180459,58.297643107097315,5.136765879159787
2004-11-10,302,2004-11-10,38.7857142857143,55.5,4.5,13.1428571428571,-621139.285714286,-1588692.85714286,3577,35.67678568325988,57.86681681855747,5.2761268669281005
2004-11-18,303,2004-11-18,35.2608695652174,58.0,5.60869565217391,14.1739130434783,-621140.217391304,-1588665.0,3577,35.303282315887344,56.82125616156634,6.76797219532896
2004-11-26,304,2004-11-26,41.0,52.5714285714286,5.42857142857143,14.0,-621130.714285714,-1588617.85714286,3577,36.33608425861828,54.90576105041322,7.694507990814923
2004-12-04,305,2004-12-04,34.3636363636364,51.4545454545455,13.1818181818182,11.2727272727273,-621145.909090909,-1588635.0,3577,38.770312520107886,51.999925226810845,8.209998028866957
2004-12-20,306,2004-12-20,46.8695652173913,47.2173913043478,4.65217391304348,14.695652173913,-621140.217391304,-1588665.0,3577,41.84607110848853,48.94781290980343,8.170027759779227
2005-01-05,307,2005-01-05,30.7857142857143,54.4285714285714,14.2142857142857,7.28571428571429,-621139.285714286,-1588637.14285714,3577,44.97851366684746,45.95619088628595,7.988805642403978
2005-02-14,308,2005-02-14,55.6428571428571,39.0714285714286,3.78571428571429,16.1428571428571,-621139.285714286,-1588692.85714286,3577,47.927991066917315,43.99953703951503,6.90091858483439
2005-02-22,309,2005-02-22,56.0869565217391,39.9565217391304,2.60869565217391,15.5217391304348,-621140.217391304,-1588665.0,3577,51.47040051077509,41.49873521282241,5.746438243408713
2005-03-02,310,2005-03-02,54.0434782608696,40.1739130434783,4.52173913043478,15.5652173913043,-621140.217391304,-1588665.0,3577,52.70900549174091,39.94852327642144,5.961268708407403
2005-03-10,311,2005-03-10,51.2173913043478,41.695652173913,5.73913043478261,13.7391304347826,-621140.217391304,-1588665.0,3577,54.87150842157426,40.06230766137287,3.677868369347152
2005-03-18,312,2005-03-18,52.0434782608696,39.9565217391304,6.47826086956522,15.4347826086957,-621140.217391304,-1588665.0,3577,55.01719528283522,41.51735505934642,2.0871251958878383
2005-03-26,313,2005-03-26,52.304347826087,44.1304347826087,2.26086956521739,14.0,-621140.217391304,-1588665.0,3577,53.003969221419936,43.44652802365169,2.219870638028869
2005-04-03,314,2005-04-03,50.2608695652174,44.8695652173913,3.60869565217391,14.3478260869565,-621140.217391304,-1588665.0,3577,47.98312119969772,46.68073874345891,4.137005162916511
2005-04-19,315,2005-04-19,48.2142857142857,48.5714285714286,2.14285714285714,14.8571428571429,-621139.285714286,-1588637.14285714,3577,45.38084462313157,47.3313245958888,6.082921811888471
2005-04-27,316,2005-04-27,45.5652173913044,52.1304347826087,1.21739130434783,14.2608695652174,-621140.217391304,-1588665.0,3577,40.81545494931612,47.8348404112231,10.163220127412991
2005-05-05,317,2005-05-05,28.4782608695652,44.3913043478261,25.7826086956522,15.6086956521739,-621140.217391304,-1588665.0,3577,35.81601236291776,47.89011626637107,15.10533228829545
2005-05-13,318,2005-05-13,27.695652173913,47.6086956521739,23.5217391304348,15.0434782608696,-621140.217391304,-1588665.0,3577,32.108787228381274,48.16156782598385,18.473884261739908
2005-05-21,319,2005-05-21,34.3333333333333,47.7777777777778,16.5555555555556,14.3333333333333,-621141.666666667,-1588708.33333333,3577,29.360688286447783,47.22316056461939,22.133480080138526
2005-05-29,320,2005-05-29,27.2173913043478,44.5652173913044,26.8695652173913,13.5652173913043,-621140.217391304,-1588665.0,3577,27.893882870389668,46.90142032552828,23.89565236889557
2005-06-14,321,2005-06-14,28.5217391304348,47.4782608695652,22.6521739130435,13.1304347826087,-621140.217391304,-1588665.0,3577,27.555640751759935,45.72446245143772,25.399771079636746
2005-06-22,322,2005-06-22,29.1739130434783,48.4347826086956,21.1739130434783,13.5217391304348,-621140.217391304,-1588665.0,3577,27.876163926704926,45.681463972074994,25.142310763521195
2005-06-30,323,2005-06-30,27.7826086956522,44.9130434782609,26.0434782608696,13.1304347826087,-621140.217391304,-1588665.0,3577,27.882926200192212,45.68729830988537,25.17603885099136
2005-07-08,324,2005-07-08,23.0,41.4166666666667,34.4166666666667,10.4166666666667,-621132.5,-1588632.5,3577,26.459334536326153,44.63294491436913,27.633547398888552
2005-07-16,325,2005-07-16,27.8695652173913,46.1304347826087,24.4782608695652,12.6521739130435,-621140.217391304,-1588665.0,3577,26.027997757163348,44.54023661012497,28.170004936355568
2005-08-01,326,2005-08-01,26.8260869565217,43.8260869565217,28.2173913043478,11.6521739130435,-621140.217391304,-1588665.0,3577,26.315473192841722,44.90353658545207,27.49318232357262
2005-08-09,327,2005-08-09,26.1739130434783,49.304347826087,23.2608695652174,11.4782608695652,-621140.217391304,-1588665.0,3577,26.343414785058442,45.71693975472402,26.63557812268545
2005-08-17,328,2005-08-17,26.5217391304348,44.7826086956522,27.3913043478261,11.2173913043478,-621140.217391304,-1588665.0,3577,26.639015215773817,47.58204030507025,24.457721126662957
2005-08-25,329,2005-08-25,26.4782608695652,48.695652173913,23.3478260869565,12.6521739130435,-621140.217391304,-1588665.0,3577,26.850616011074646,50.11029606620716,21.739320595036084
2005-09-10,330,2005-09-10,25.6666666666667,51.9523809523809,21.2380952380952,10.5238095238095,-621142.142857143,-1588670.71428571,3577,26.38255253552499,50.96850504799876,21.384263447701848
2005-09-18,331,2005-09-18,26.9565217391304,53.0434782608696,18.695652173913,11.0434782608696,-621140.217391304,-1588665.0,3577,25.3014637426002,51.47371212662645,21.984869530754487
2005-10-04,332,2005-10-04,26.0434782608696,52.5652173913044,20.1739130434783,11.0,-621140.217391304,-1588665.0,3577,24.687077158312725,52.12814725216225,21.913542931921356
2005-10-12,333,2005-10-12,21.9230769230769,52.2307692307692,24.6153846153846,10.3846153846154,-621135.0,-1588635.0,3577,24.754324701184622,51.89471437387608,22.13207259828278
2005-10-20,334,2005-10-20,25.0869565217391,51.0869565217391,22.6521739130435,9.95652173913044,-621140.217391304,-1588665.0,3577,23.94431832055466,52.47002754174744,22.33340587211
2005-10-28,335,2005-10-28,24.4444444444444,48.0,26.2222222222222,9.88888888888889,-621141.666666667,-1588621.66666667,3577,24.873772091510414,51.27294588295407,22.549081989299914
2005-11-05,336,2005-11-05,27.0869565217391,54.3478260869565,17.1739130434783,10.5652173913043,-621140.217391304,-1588665.0,3577,27.146815637030514,51.07123215442756,20.464066726489
2005-11-13,337,2005-11-13,30.1304347826087,50.1739130434783,18.4347826086957,10.695652173913,-621140.217391304,-1588665.0,3577,29.811668796699593,50.39502742046332,18.526372959521986
2005-11-21,338,2005-11-21,34.1739130434783,49.6521739130435,14.9565217391304,11.6086956521739,-621140.217391304,-1588665.0,3577,33.913211146298586,48.88285879380079,15.96711007157614
2005-11-29,339,2005-11-29,34.625,47.25,16.75,11.625,-621135.0,-1588620.0,3577,37.982215114040784,46.9278409032007,13.88586193946735
2005-12-15,340,2005-12-15,48.25,41.25,9.5,14.0,-621150.0,-1588725.0,3577,42.212346841244155,43.47021453441587,13.10245924712682
2006-02-09,341,2006-02-09,43.4285714285714,43.3333333333333,12.1428571428571,13.4761904761905,-621140.714285714,-1588665.0,3577,46.40668187123948,40.203495734752345,12.154177099726494
2006-02-17,342,2006-02-17,48.4782608695652,35.0869565217391,15.0434782608696,12.6521739130435,-621140.217391304,-1588665.0,3577,50.291412523619954,37.061411767658754,11.354457775811568
2006-02-25,343,2006-02-25,55.5217391304348,36.1739130434783,6.91304347826087,13.1304347826087,-621140.217391304,-1588665.0,3577,53.33248628137788,35.963487784252365,9.412200365254552
2006-03-05,344,2006-03-05,53.8260869565217,35.1739130434783,9.60869565217391,13.1739130434783,-621140.217391304,-1588665.0,3577,55.10716489392135,35.3965401045709,8.222829566447942
2006-03-21,345,2006-03-21,57.3478260869565,34.1304347826087,7.26086956521739,13.9130434782609,-621140.217391304,-1588665.0,3577,56.012398188692146,36.36361528496536,6.363838342300172
2006-04-14,346,2006-04-14,54.6086956521739,41.3913043478261,2.91304347826087,15.0,-621140.217391304,-1588665.0,3577,54.978654551327985,38.1423022937224,5.627049873720084
2006-04-30,347,2006-04-30,55.304347826087,38.695652173913,4.8695652173913,13.1739130434783,-621140.217391304,-1588665.0,3577,53.89654027438359,40.25506277255833,4.641679690821131
2006-05-16,348,2006-05-16,49.304347826087,43.7826086956522,5.78260869565217,13.5652173913043,-621140.217391304,-1588665.0,3577,51.06253096437369,42.7634922880673,4.973498875498602
2006-05-24,349,2006-05-24,49.1428571428571,43.6428571428571,5.78571428571429,13.5,-621139.285714286,-1588637.14285714,3577,48.76142007654581,44.063513757222,5.980861793289325
2006-06-01,350,2006-06-01,46.5652173913044,45.9565217391304,6.26086956521739,13.3913043478261,-621140.217391304,-1588665.0,3577,46.78593342004223,45.48652346337967,6.560975135945423
2006-06-09,351,2006-06-09,42.6923076923077,46.2307692307692,9.92307692307692,12.7692307692308,-621135.0,-1588635.0,3577,44.48138212574215,46.396786414547655,7.951356491131854
2006-06-17,352,2006-06-17,45.695652173913,46.8260869565217,6.39130434782609,12.9565217391304,-621140.217391304,-1588665.0,3577,43.29375995882902,46.91279096354653,8.641759474772257
2006-07-03,353,2006-07-03,42.5217391304348,47.3478260869565,9.1304347826087,12.3913043478261,-621140.217391304,-1588665.0,3577,42.013196276704655,48.09069922486993,8.768442533257714
2006-07-11,354,2006-07-11,39.6,49.4,9.9,12.0,-621135.0,-1588626.0,3577,40.93951775222971,48.7623632784302,9.153827360141257
2006-07-19,355,2006-07-19,39.2608695652174,50.2608695652174,9.1304347826087,12.5217391304348,-621140.217391304,-1588665.0,3577,39.35709322197049,50.35056068111841,9.12260229738093
2006-07-27,356,2006-07-27,39.2727272727273,51.0,8.40909090909091,12.8181818181818,-621141.818181818,-1588667.72727273,3577,38.86576102600982,51.18448774097388,8.707608924184697
2006-08-04,357,2006-08-04,38.5217391304348,52.0434782608696,8.30434782608696,12.1304347826087,-621140.217391304,-1588665.0,3577,38.105383988122824,52.217102321550044,8.414409364786847
2006-08-20,358,2006-08-20,35.8260869565217,54.4782608695652,8.43478260869565,11.6521739130435,-621140.217391304,-1588665.0,3577,36.983903992329786,53.43688267580323,8.313725818227816
2006-08-28,359,2006-08-28,36.8260869565217,54.3913043478261,7.56521739130435,12.1304347826087,-621140.217391304,-1588665.0,3577,36.80002970551985,54.420298577889056,7.58760201361931
2006-09-05,360,2006-09-05,37.4782608695652,54.6521739130435,6.73913043478261,11.5652173913043,-621140.217391304,-1588665.0,3577,35.745408044635425,55.718666311469946,7.39575251777322
2006-09-21,361,2006-09-21,36.4782608695652,54.9130434782609,7.43478260869565,11.7826086956522,-621140.217391304,-1588665.0,3577,35.73987030602459,56.330425934267296,6.85261407054278
2006-09-29,362,2006-09-29,32.6666666666667,59.3333333333333,7.0,11.6666666666667,-621135.0,-1588605.0,3577,35.944196827082806,56.70726451274802,6.26731661123814
2006-10-07,363,2006-10-07,35.8695652173913,57.9565217391304,5.17391304347826,12.6086956521739,-621140.217391304,-1588665.0,3577,36.02866295098896,57.27341443049295,5.64461000030979
2006-10-15,364,2006-10-15,37.9565217391304,56.2173913043478,4.82608695652174,12.6521739130435,-621140.217391304,-1588665.0,3577,36.09309434675702,57.71357051885195,5.135828735807777
2006-10-23,365,2006-10-23,36.7391304347826,57.4782608695652,4.56521739130435,12.5217391304348,-621140.217391304,-1588665.0,3577,36.14223099106124,58.05572410269345,4.742010849561628
2006-11-08,366,2006-11-08,40.2608695652174,54.9565217391304,3.8695652173913,13.4782608695652,-621140.217391304,-1588665.0,3577,37.5557551659932,57.40792525103147,4.061115388850682
2006-11-16,367,2006-11-16,34.6521739130435,59.0434782608696,5.1304347826087,13.8260869565217,-621140.217391304,-1588665.0,3577,40.06911149453288,54.808466798295726,4.104206456709545
2006-11-24,368,2006-11-24,40.6521739130435,54.9565217391304,3.52173913043478,13.1739130434783,-621140.217391304,-1588665.0,3577,41.67598518499766,53.23957818552526,4.063822602218817
2006-12-02,369,2006-12-02,44.8260869565217,50.3478260869565,3.78260869565217,14.0869565217391,-621140.217391304,-1588665.0,3577,42.69617240568277,52.20165758770444,4.0590965098968175
2006-12-10,370,2006-12-10,47.4347826086956,48.1739130434783,3.56521739130435,13.8695652173913,-621140.217391304,-1588665.0,3577,45.30903780862718,50.02420892398609,3.6168463945077187
2006-12-18,371,2006-12-18,49.5,45.5,3.75,13.75,-621150.0,-1588605.0,3577,47.20860211712915,48.276204636205506,3.447303705850773
2007-01-19,372,2007-01-19,46.4347826086956,47.3478260869565,4.69565217391304,18.3478260869565,-621140.217391304,-1588665.0,3577,49.83291005668776,45.85877072180062,3.1849115684418496
2007-01-27,373,2007-01-27,46.8888888888889,51.7777777777778,0.666666666666667,12.2222222222222,-621121.666666667,-1588635.0,3577,51.69127967498443,44.01029680299449,3.165083222964026
2007-02-04,374,2007-02-04,56.0434782608696,38.7391304347826,3.91304347826087,14.7391304347826,-621140.217391304,-1588665.0,3577,52.14489945374885,43.56828183257737,3.120521590402671
2007-02-12,375,2007-02-12,56.6086956521739,39.8260869565217,2.56521739130435,14.695652173913,-621140.217391304,-1588665.0,3577,53.331066810867725,42.54054387752767,2.97260287834345
2007-02-20,376,2007-02-20,52.1739130434783,42.4347826086956,4.08695652173913,13.7826086956522,-621140.217391304,-1588665.0,3577,54.6465452332244,41.37914474062728,2.8295862055112115
2007-02-28,377,2007-02-28,58.0434782608696,38.6086956521739,2.1304347826087,15.1304347826087,-621140.217391304,-1588665.0,3577,55.71549347893708,40.40831109813365,2.720914313208685
2007-03-24,378,2007-03-24,50.2173913043478,45.7391304347826,2.91304347826087,13.2173913043478,-621140.217391304,-1588665.0,3577,55.09246845683244,40.35293413313863,3.3064432237989645
2007-04-01,379,2007-04-01,57.1739130434783,40.3478260869565,1.26086956521739,15.7391304347826,-621140.217391304,-1588665.0,3577,55.475609964262766,41.260936238726885,2.0090394523516304
2007-04-09,380,2007-04-09,56.6521739130435,39.6086956521739,2.52173913043478,15.4782608695652,-621140.217391304,-1588665.0,3577,55.72505808431042,42.65052987030941,0.46951657633119026
2007-04-17,381,2007-04-17,54.4782608695652,43.2608695652174,1.08695652173913,15.1739130434783,-621140.217391304,-1588665.0,3577,55.665369125839305,42.87465167119649,0.3035524669731531
2007-04-25,382,2007-04-25,52.0,45.1304347826087,1.60869565217391,15.5652173913043,-621140.217391304,-1588665.0,3577,53.230740640472966,44.687892554973274,0.9877555494924813
2007-05-03,383,2007-05-03,50.7826086956522,47.5652173913044,0.739130434782609,14.9130434782609,-621140.217391304,-1588665.0,3577,48.631416744437374,46.69539871325914,3.563926059841252
2007-05-27,384,2007-05-27,50.7894736842105,47.1578947368421,1.10526315789474,15.3157894736842,-621138.157894737,-1588652.36842105,3577,43.50305318268586,48.453292763934066,6.915644751914447
2007-06-27,385,2007-06-27,30.6666666666667,51.0,17.0,14.6666666666667,-621195.0,-1588695.0,3577,37.48245592153151,50.62426117533544,10.759228301009951
2007-06-28,386,2007-06-28,30.9565217391304,52.0,15.8695652173913,14.1739130434783,-621140.217391304,-1588665.0,3577,33.24331170561129,51.18353239769787,14.429867684226092
2007-07-06,387,2007-07-06,29.3478260869565,51.3478260869565,18.0869565217391,13.9130434782609,-621140.217391304,-1588665.0,3577,30.03222454125823,50.982006895053374,17.769817491486997
2007-07-13,388,2007-07-13,29.7391304347826,49.1304347826087,19.8260869565217,13.695652173913,-621140.217391304,-1588665.0,3577,28.32799957455574,50.38795566746617,20.027461626297804
2007-07-14,389,2007-07-14,30.25,50.45,18.15,13.6,-621136.5,-1588656.0,3577,28.51799643916097,49.292940068192166,20.90225761301884
2007-07-22,390,2007-07-22,30.695652173913,47.8695652173913,20.2608695652174,12.9565217391304,-621140.217391304,-1588665.0,3577,30.005704747175685,48.320270056961476,20.431340973778283
2007-07-30,391,2007-07-30,29.7391304347826,47.0,21.8695652173913,12.8260869565217,-621140.217391304,-1588665.0,3577,31.652106704186245,47.32029199200881,19.780096247169332
2007-08-07,392,2007-08-07,31.6086956521739,45.8695652173913,21.1304347826087,12.695652173913,-621140.217391304,-1588665.0,3577,31.072384305688317,46.81622412450223,20.87097224352937
2007-08-14,393,2007-08-14,31.6521739130435,46.9565217391304,20.3913043478261,12.8260869565217,-621140.217391304,-1588665.0,3577,31.39473778341259,46.5478134733685,20.809352076107622
2007-08-15,394,2007-08-15,32.05,47.1,19.55,12.7,-621141.0,-1588674.0,3577,31.60415436292943,45.81709532054283,21.351497486223064
2007-08-23,395,2007-08-23,30.7826086956522,46.6521739130435,21.3478260869565,12.1739130434783,-621140.217391304,-1588665.0,3577,31.72416179189835,45.568699371694315,21.468505784157443
2007-08-30,396,2007-08-30,31.6521739130435,45.2608695652174,21.7826086956522,12.3478260869565,-621140.217391304,-1588665.0,3577,31.538470228783886,46.67571119316115,20.526653922195344
2007-09-08,397,2007-09-08,31.4782608695652,46.3478260869565,21.0,11.6521739130435,-621140.217391304,-1588665.0,3577,31.545696210501703,47.60667725227352,19.57109326263698
2007-09-16,398,2007-09-16,31.9130434782609,48.3913043478261,18.2173913043478,11.4347826086957,-621140.217391304,-1588665.0,3577,31.555202991242833,48.592437319370106,18.54809489204824
2007-09-24,399,2007-09-24,31.2173913043478,49.8695652173913,17.7826086956522,11.8260869565217,-621140.217391304,-1588665.0,3577,30.84287601615852,50.663857921583556,17.175489660424507
2007-10-01,400,2007-10-01,30.5,54.75,13.25,13.375,-621150.0,-1588710.0,3577,29.833753690779112,52.16861711278921,16.72399975176008
2007-10-02,401,2007-10-02,32.125,51.6875,15.0,12.1875,-621144.375,-1588685.625,3577,32.436665294363365,51.02570378817259,15.239307760035057
2007-10-18,402,2007-10-18,33.6428571428571,48.4285714285714,16.7857142857143,12.0,-621139.285714286,-1588637.14285714,3577,34.40406096535276,50.04385919993766,14.260205305229423
2007-11-03,403,2007-11-03,33.304347826087,50.0869565217391,15.2608695652174,11.5652173913043,-621140.217391304,-1588665.0,3577,36.32985928684672,48.0731613475518,14.33792047006936
2007-11-19,404,2007-11-19,38.2173913043478,46.5217391304348,13.9565217391304,12.304347826087,-621140.217391304,-1588665.0,3577,38.94113472227373,45.67318392727422,14.178735665104526
2008-01-06,405,2008-01-06,48.8695652173913,37.1739130434783,12.7826086956522,13.4782608695652,-621140.217391304,-1588665.0,3577,41.85773452963902,43.89603285412128,13.065312534788307
2008-01-14,406,2008-01-14,48.7391304347826,42.0434782608696,8.0,11.304347826087,-621140.217391304,-1588665.0,3577,44.37882331805817,41.67391407163132,12.79376501364465
2008-01-21,407,2008-01-21,34.0,48.0,17.0,8.66666666666667,-621105.0,-1588615.0,3577,46.813951898141966,39.97122133485787,12.031402135351069
2008-01-22,408,2008-01-22,52.2222222222222,34.5555555555556,12.1111111111111,13.8888888888889,-621141.666666667,-1588708.33333333,3577,49.47242092683203,38.081697354516095,11.261332526373236
2008-01-30,409,2008-01-30,54.9130434782609,36.8695652173913,6.91304347826087,12.695652173913,-621140.217391304,-1588665.0,3577,51.86789943129188,36.54977288157521,10.410287989031879
2008-02-06,410,2008-02-06,53.1739130434783,35.304347826087,10.2173913043478,12.695652173913,-621140.217391304,-1588665.0,3577,53.537363341097446,36.297925567943025,8.926692188771874
2008-02-23,411,2008-02-23,56.0,31.695652173913,10.9565217391304,14.2608695652174,-621140.217391304,-1588665.0,3577,56.049655359513736,35.044554703453755,7.6167129112332255
2008-03-18,412,2008-03-18,58.8260869565217,37.695652173913,2.30434782608696,15.0,-621140.217391304,-1588665.0,3577,58.68866544232473,34.15829071542654,5.8349751383798285
2008-03-25,413,2008-03-25,57.6521739130435,36.7826086956522,4.26086956521739,14.7391304347826,-621140.217391304,-1588665.0,3577,58.41614714086582,35.558346441097896,4.689284511870962
2008-03-26,414,2008-03-26,55.9565217391304,36.8695652173913,5.8695652173913,14.7826086956522,-621140.217391304,-1588665.0,3577,55.69426300654434,37.50438374236441,5.466336433491353
2008-04-03,415,2008-04-03,55.695652173913,37.6521739130435,5.08695652173913,14.1739130434783,-621140.217391304,-1588665.0,3577,55.37901206792556,38.25930824234199,5.011390502976779
2008-04-11,416,2008-04-11,55.3478260869565,37.304347826087,6.1304347826087,14.7826086956522,-621140.217391304,-1588665.0,3577,53.53092633573728,40.267687488168775,4.841740034093602
2008-04-19,417,2008-04-19,49.0,45.0434782608696,4.60869565217391,13.9130434782609,-621140.217391304,-1588665.0,3577,51.246737647860684,41.65339291210255,5.750841297616588
2008-04-27,418,2008-04-27,48.1739130434783,42.3478260869565,8.1304347826087,14.0869565217391,-621140.217391304,-1588665.0,3577,49.82886665090794,42.51092439663618,6.348700565821705
2008-05-05,419,2008-05-05,50.9565217391304,43.3478260869565,4.39130434782609,13.8260869565217,-621140.217391304,-1588665.0,3577,48.587322221451444,43.9537458099783,6.1837817586899755
2008-05-21,420,2008-05-21,48.2173913043478,45.7826086956522,4.82608695652174,13.6521739130435,-621140.217391304,-1588665.0,3577,47.96904095365487,44.541384782931495,6.252804168505213
2008-05-29,421,2008-05-29,45.304347826087,44.4347826086956,9.04347826086956,13.2173913043478,-621140.217391304,-1588665.0,3577,47.18168075025628,45.03271624054365,6.548775494258429
2008-06-06,422,2008-06-06,48.0869565217391,43.9565217391304,6.69565217391304,10.9565217391304,-621140.217391304,-1588665.0,3577,46.691104930867766,45.485275997383866,6.575595591646563
2008-06-14,423,2008-06-14,45.8695652173913,46.5652173913044,6.34782608695652,13.7391304347826,-621140.217391304,-1588665.0,3577,45.92272322507872,46.001392671125984,6.865674068829588
2008-06-30,424,2008-06-30,43.8260869565217,47.8260869565217,7.08695652173913,13.304347826087,-621140.217391304,-1588665.0,3577,44.409071847515875,47.47859927122913,6.9407333479540085
2008-07-15,425,2008-07-15,44.3913043478261,48.2173913043478,6.30434782608696,13.7391304347826,-621140.217391304,-1588665.0,3577,42.7099478795471,48.077790025285864,8.03785580417578
2008-07-24,426,2008-07-24,39.304347826087,49.8695652173913,9.56521739130435,12.4782608695652,-621140.217391304,-1588665.0,3577,41.40023245699703,49.187764920494146,8.251580462879549
2008-07-31,427,2008-07-31,41.25,49.5,8.25,12.75,-621150.0,-1588605.0,3577,39.700348614900506,50.22358937333286,8.926111948354533
2008-08-09,428,2008-08-09,38.2173913043478,50.5652173913044,10.0434782608696,12.6086956521739,-621140.217391304,-1588665.0,3577,38.59858007787841,50.81300695534692,9.427578512480867
2008-08-17,429,2008-08-17,37.6521739130435,51.6521739130435,9.47826086956522,12.3478260869565,-621140.217391304,-1588665.0,3577,38.39493969483975,51.56407181456889,8.832337268330033
2008-08-25,430,2008-08-25,37.1739130434783,51.7391304347826,9.69565217391304,11.9130434782609,-621140.217391304,-1588665.0,3577,38.02274233371391,52.30979661070414,8.4220657186387
2008-09-02,431,2008-09-02,39.8695652173913,53.695652173913,5.34782608695652,12.6521739130435,-621140.217391304,-1588665.0,3577,38.12363121465392,52.47849855084232,8.125281334628621
2008-09-10,432,2008-09-10,38.8695652173913,52.0434782608696,7.78260869565217,12.1739130434783,-621140.217391304,-1588665.0,3577,39.04717691111644,52.449865721832595,7.28362601861618
2008-09-18,433,2008-09-18,39.7826086956522,53.5652173913044,5.43478260869565,12.0869565217391,-621140.217391304,-1588665.0,3577,38.829580165420374,52.57821596897405,7.403911339702393
2008-09-26,434,2008-09-26,38.4347826086956,52.6521739130435,7.73913043478261,12.5652173913043,-621140.217391304,-1588665.0,3577,40.92514663287372,52.87970550111369,5.087666976985098
2008-10-12,435,2008-10-12,40.3913043478261,51.3913043478261,7.26086956521739,13.0434782608696,-621140.217391304,-1588665.0,3577,40.63135114985361,53.26869563333973,5.041476090203295
2008-10-20,436,2008-10-20,42.2608695652174,53.8695652173913,2.8695652173913,13.1304347826087,-621140.217391304,-1588665.0,3577,40.912342828341544,54.11088686966195,3.922484837816057
2008-11-05,437,2008-11-05,40.695652173913,56.3913043478261,1.91304347826087,13.4347826086957,-621140.217391304,-1588665.0,3577,40.66792300443598,54.95777556673223,3.3147530891502237
2008-11-13,438,2008-11-13,39.0,56.0869565217391,3.69565217391304,13.3478260869565,-621140.217391304,-1588665.0,3577,38.63671098049307,56.262180812852165,4.074706287116501
2008-11-21,439,2008-11-21,41.7826086956522,55.3913043478261,1.82608695652174,13.9565217391304,-621140.217391304,-1588665.0,3577,36.84362046173315,56.00295791612761,6.109538597086477
2008-11-29,440,2008-11-29,29.5217391304348,53.7391304347826,15.6086956521739,13.2173913043478,-621140.217391304,-1588665.0,3577,36.30520700862737,54.431595796845414,8.159732413230987
2008-12-15,441,2008-12-15,43.5652173913044,53.0869565217391,2.21739130434783,14.7391304347826,-621140.217391304,-1588665.0,3577,38.781721979724004,50.663137374127224,9.403908515766037
2008-12-23,442,2008-12-23,35.6666666666667,47.3333333333333,16.0,9.33333333333333,-621165.0,-1588685.0,3577,42.843233629557844,46.51239136866384,9.48663021592614
2009-01-08,443,2009-01-08,45.695652173913,42.4347826086956,10.6086956521739,12.3913043478261,-621140.217391304,-1588665.0,3577,49.16659634280721,41.26528161231069,8.341363626949265
2009-03-05,444,2009-03-05,61.3478260869565,34.6521739130435,2.60869565217391,15.7391304347826,-621140.217391304,-1588665.0,3577,54.005872610353705,38.359799575839055,6.3882180210411335
2009-03-13,445,2009-03-13,60.0434782608696,36.4782608695652,2.1304347826087,16.0434782608696,-621140.217391304,-1588665.0,3577,56.63683597888229,37.4043704254141,4.675993931360713
2009-03-21,446,2009-03-21,60.8695652173913,36.6521739130435,1.39130434782609,16.2173913043478,-621140.217391304,-1588665.0,3577,59.01015899229783,37.47197231694922,2.2577122870395856
2009-03-29,447,2009-03-29,52.45,40.9,5.35,13.25,-621150.0,-1588665.0,3577,57.394781525347675,39.24912313047234,2.102420460656748
2009-04-06,448,2009-04-06,55.4782608695652,40.6521739130435,2.56521739130435,15.2173913043478,-621140.217391304,-1588665.0,3577,55.55933688129614,42.05523307004947,1.1500570822681198
2009-04-22,449,2009-04-22,46.4347826086956,51.6521739130435,0.91304347826087,11.5652173913043,-621140.217391304,-1588665.0,3577,51.85053982720834,44.43247429705339,2.5317645118055863
2009-04-30,450,2009-04-30,55.125,41.375,2.125,15.9375,-621133.125,-1588644.375,3577,49.62196645589579,46.13075100114766,3.030773088763775
2009-05-08,451,2009-05-08,53.9130434782609,44.0,0.91304347826087,15.4782608695652,-621140.217391304,-1588665.0,3577,49.38614604793008,46.65677203537374,2.7402351544154584
2009-05-16,452,2009-05-16,41.695652173913,50.0434782608696,7.0,16.0869565217391,-621140.217391304,-1588665.0,3577,48.78218025194206,47.34156275550262,2.664153624742093
2009-05-24,453,2009-05-24,49.6086956521739,47.3478260869565,1.8695652173913,15.2173913043478,-621140.217391304,-1588665.0,3577,48.22900490334245,47.60308975564436,2.95913526565082
2009-06-01,454,2009-06-01,48.2941176470588,48.2352941176471,2.29411764705882,15.2941176470588,-621133.235294118,-1588647.35294118,3577,46.99883118808542,48.288160768499864,3.4969062050120288
2009-06-09,455,2009-06-09,45.2173913043478,49.1304347826087,4.34782608695652,13.2173913043478,-621140.217391304,-1588665.0,3577,46.20204676254694,48.945316197036036,3.605329933369151
2009-06-25,456,2009-06-25,47.6086956521739,49.2608695652174,2.04347826086957,15.0,-621140.217391304,-1588665.0,3577,45.13697388340201,50.22916498590965,3.4201610152964186
2009-07-11,457,2009-07-11,44.2173913043478,50.0434782608696,4.34782608695652,14.8260869565217,-621140.217391304,-1588665.0,3577,45.872017660501655,49.470165399311846,3.44155096742184
2009-07-19,458,2009-07-19,44.6,49.7333333333333,4.46666666666667,14.4,-621143.0,-1588689.0,3577,45.94520078987574,49.26465833870576,3.553525063087216
2009-07-27,459,2009-07-27,45.5652173913044,50.5217391304348,2.78260869565217,14.8260869565217,-621140.217391304,-1588665.0,3577,44.89044451466086,49.86508706387923,4.0186926294543035
2009-08-04,460,2009-08-04,45.2608695652174,49.4782608695652,4.0,14.4347826086957,-621140.217391304,-1588665.0,3577,45.43008258240411,50.183782090911166,3.238022925819865
2009-08-12,461,2009-08-12,46.8260869565217,49.9565217391304,2.26086956521739,14.4782608695652,-621140.217391304,-1588665.0,3577,45.176452038844616,50.90921099096562,2.7976319985690816
2009-08-20,462,2009-08-20,43.8260869565217,51.6521739130435,3.26086956521739,14.4347826086957,-621140.217391304,-1588665.0,3577,44.549263093878835,51.92879256965166,2.452830384045523
2009-08-28,463,2009-08-28,42.9565217391304,54.2173913043478,1.73913043478261,13.9565217391304,-621140.217391304,-1588665.0,3577,43.54535984945885,53.434520547421414,1.9827308779520103
2009-09-13,464,2009-09-13,41.8260869565217,56.695652173913,0.782608695652174,13.3913043478261,-621140.217391304,-1588665.0,3577,41.8905329426198,55.14910978552635,1.9392907088421745
2009-09-21,465,2009-09-21,40.9565217391304,56.0,1.95652173913043,13.0434782608696,-621140.217391304,-1588665.0,3577,40.219288989373155,56.99349365131254,1.8085183089891643
2009-09-29,466,2009-09-29,38.304347826087,57.9565217391304,2.60869565217391,12.3478260869565,-621140.217391304,-1588665.0,3577,38.1594431951085,59.42605382232976,1.479482692566331
2009-10-15,467,2009-10-15,37.6521739130435,60.4782608695652,1.1304347826087,12.3478260869565,-621140.217391304,-1588665.0,3577,36.44829890797848,61.04518015299174,1.6245718206948778
2009-10-23,468,2009-10-23,36.3478260869565,61.5652173913044,1.17391304347826,12.9130434782609,-621140.217391304,-1588665.0,3577,38.047266727971774,59.86506072559828,1.289423010246615
2009-10-31,469,2009-10-31,38.695652173913,60.6086956521739,0.0869565217391304,13.2608695652174,-621140.217391304,-1588665.0,3577,40.020247621533876,59.82687954123325,0.0
2009-11-08,470,2009-11-08,38.7826086956522,60.2173913043478,0.217391304347826,14.0869565217391,-621140.217391304,-1588665.0,3577,41.03817585025749,59.050734835219224,0.0
2009-11-16,471,2009-11-16,43.7826086956522,55.5652173913044,0.0434782608695652,14.6086956521739,-621140.217391304,-1588665.0,3577,42.27694591942178,56.81844130652004,0.2612354218222736
2009-11-24,472,2009-11-24,50.5652173913044,48.4347826086956,0.304347826086957,14.6521739130435,-621140.217391304,-1588665.0,3577,43.50376854266365,53.469949084424876,2.282413373407785
2009-12-02,473,2009-12-02,49.4347826086956,49.5217391304348,0.173913043478261,14.1739130434783,-621140.217391304,-1588665.0,3577,46.559899919699134,48.234467645686706,4.252892887163355
2009-12-10,474,2009-12-10,37.6666666666667,54.6666666666667,6.66666666666667,12.0,-621085.0,-1588675.0,3577,49.32222020362353,44.04330662830476,5.635731702227027
2010-01-19,475,2010-01-19,49.0,33.4347826086956,16.2608695652174,11.6086956521739,-621140.217391304,-1588665.0,3577,52.61500150138481,39.940596622378244,6.309949573914173
2010-02-04,476,2010-02-04,61.8260869565217,34.6521739130435,2.21739130434783,14.5652173913043,-621140.217391304,-1588665.0,3577,55.82605259862467,36.931155498150915,6.0028540580422876
2010-02-20,477,2010-02-20,62.2608695652174,34.1304347826087,2.26086956521739,16.2173913043478,-621140.217391304,-1588665.0,3577,58.9725337373158,35.06808220837352,4.575412527101881
2010-03-16,478,2010-03-16,64.6521739130435,33.0,1.08695652173913,17.5217391304348,-621140.217391304,-1588665.0,3577,61.54981657708667,34.241296612548155,2.784453848866723
2010-04-25,479,2010-04-25,55.8260869565217,41.4347826086956,1.73913043478261,16.0434782608696,-621140.217391304,-1588665.0,3577,62.540076700516096,34.8847882488559,1.1825387781879426
2010-05-03,480,2010-05-03,63.0,34.0,1.0,18.0,-621195.0,-1588725.0,3577,61.39194438219032,37.15447114786453,0.18814161870885499
2010-06-04,481,2010-06-04,56.7391304347826,41.1739130434783,0.91304347826087,17.304347826087,-621140.217391304,-1588665.0,3577,58.210816312545475,40.238051177609194,0.3849399506510801
2010-06-20,482,2010-06-20,56.304347826087,41.5652173913044,1.08695652173913,16.695652173913,-621140.217391304,-1588665.0,3577,54.43790208644409,42.5727891661881,1.8238863644384078
2010-08-07,483,2010-08-07,50.5,45.75,3.0,16.5,-621150.0,-1588605.0,3577,50.93125265558635,46.58319332554917,1.3996672197780975
2010-08-23,484,2010-08-23,50.4210526315789,47.8421052631579,0.736842105263158,15.2631578947368,-621138.157894737,-1588652.36842105,3577,47.6109528440755,49.57951035970112,1.6893065418755238
2010-09-08,485,2010-09-08,47.8888888888889,50.4444444444444,0.444444444444444,14.5555555555556,-621141.666666667,-1588708.33333333,3577,46.70348908639119,50.4442688759834,1.7688213452923778
2010-09-24,486,2010-09-24,40.8,55.8,1.9,12.6,-621147.0,-1588704.0,3577,44.89322159232363,52.21461830069312,1.8643506906477811
2010-10-10,487,2010-10-10,41.8695652173913,53.1739130434783,3.91304347826087,11.304347826087,-621140.217391304,-1588665.0,3577,48.90477032819962,48.39524170323972,1.4954243153013864
2010-11-03,488,2010-11-03,56.9565217391304,42.2173913043478,0.0434782608695652,15.6086956521739,-621140.217391304,-1588665.0,3577,52.91883489494831,44.92786199326926,1.0107047213902902
2010-11-11,489,2010-11-11,57.5652173913044,40.4782608695652,0.739130434782609,15.8695652173913,-621140.217391304,-1588665.0,3577,53.64277269135451,44.55877437475202,0.8521310949064349
2010-11-19,490,2010-11-19,56.9130434782609,42.6521739130435,0.0,15.5217391304348,-621140.217391304,-1588665.0,3577,54.677633884740814,44.244452047321445,0.3690661899069363
2010-11-27,491,2010-11-27,52.9130434782609,45.9565217391304,0.0869565217391304,14.5217391304348,-621140.217391304,-1588665.0,3577,54.23004368672312,45.03404528614021,0.14610212078311446
2010-12-05,492,2010-12-05,60.1739130434783,39.0434782608696,0.0434782608695652,16.4347826086957,-621140.217391304,-1588665.0,3577,52.11455127969024,46.87381304475771,0.4410875558236588
2010-12-13,493,2010-12-13,35.2173913043478,63.3478260869565,1.60869565217391,8.95652173913044,-621140.217391304,-1588665.0,3577,50.08536005654656,48.28752187373083,1.0257340586454675
2011-01-06,494,2011-01-06,46.1304347826087,51.6521739130435,1.56521739130435,14.5217391304348,-621140.217391304,-1588665.0,3577,49.91678786618478,47.77568238733226,1.6691969189779319
2011-01-30,495,2011-01-30,64.0,33.8260869565217,1.0,17.8695652173913,-621140.217391304,-1588665.0,3577,51.50450671618631,46.03857496655301,1.7485611541504738
2011-03-19,496,2011-03-19,47.5,47.0,4.5,20.0,-621180.0,-1588725.0,3577,52.73697046547582,44.34382049053617,2.0119884210101957
2011-04-28,497,2011-04-28,57.8260869565217,41.0,0.304347826086957,16.4347826086957,-621140.217391304,-1588665.0,3577,54.06174260521278,43.103305228887706,1.80419116487201
2011-05-22,498,2011-05-22,56.8695652173913,41.2608695652174,0.869565217391304,16.695652173913,-621140.217391304,-1588665.0,3577,54.83227320867837,42.27889569038486,1.701628042841277
2011-06-07,499,2011-06-07,49.625,47.0,2.125,15.75,-621150.0,-1588710.0,3577,54.65840197514235,42.6452474254268,1.5105176209797735
2011-06-15,500,2011-06-15,49.4347826086956,47.3913043478261,2.0,15.8695652173913,-621140.217391304,-1588665.0,3577,51.61094204287333,45.452480215967825,1.8490191495135573
2011-06-23,501,2011-06-23,53.7857142857143,43.1428571428571,1.78571428571429,16.0,-621139.285714286,-1588637.14285714,3577,50.71921328099059,46.27105361994965,1.9237632067754395
2011-07-09,502,2011-07-09,51.8095238095238,45.5238095238095,1.80952380952381,15.6190476190476,-621136.428571429,-1588659.28571429,3577,50.66527873010155,46.150299917691044,2.116083881344706
2011-07-25,503,2011-07-25,48.8260869565217,46.9565217391304,3.30434782608696,15.0434782608696,-621140.217391304,-1588665.0,3577,49.119963498826124,47.1557256401714,2.698275324755607
2011-08-02,504,2011-08-02,47.5652173913044,49.304347826087,2.08695652173913,14.8695652173913,-621140.217391304,-1588665.0,3577,48.68172246362806,47.91832014120736,2.447492720711181
2011-08-10,505,2011-08-10,48.4347826086956,47.7826086956522,2.82608695652174,14.7826086956522,-621140.217391304,-1588665.0,3577,46.55875967509525,48.55518360502472,3.936590179580096
2011-08-18,506,2011-08-18,43.4782608695652,54.8260869565217,0.869565217391304,14.6521739130435,-621140.217391304,-1588665.0,3577,46.240135225700556,51.74114032050754,1.152468465592333
2011-08-26,507,2011-08-26,47.0869565217391,49.1739130434783,2.73913043478261,14.5217391304348,-621140.217391304,-1588665.0,3577,46.52564072834294,54.28403799488876,0.0
2011-09-03,508,2011-09-03,44.5217391304348,53.4782608695652,1.08695652173913,13.8695652173913,-621140.217391304,-1588665.0,3577,46.12072804490737,54.36512683892565,0.0
2011-09-11,509,2011-09-11,38.6666666666667,60.6666666666667,0.0,14.0,-621135.0,-1588605.0,3577,42.08053996617858,55.15380375392773,1.9209516382911906
2011-09-19,510,2011-09-19,44.1739130434783,54.4347826086956,0.478260869565217,13.7391304347826,-621140.217391304,-1588665.0,3577,35.11507074319216,55.975321456662016,7.832194355017092
2011-09-27,511,2011-09-27,39.1176470588235,59.6470588235294,0.352941176470588,13.5294117647059,-621143.823529412,-1588682.64705882,3577,29.441905918184858,56.558428621325476,12.80664465509831
2011-10-13,512,2011-10-13,15.75,46.5,36.0,15.75,-621150.0,-1588725.0,3577,25.761064393730223,55.005473720156736,18.026458564355824
2011-10-21,513,2011-10-21,17.304347826087,52.5652173913044,28.8260869565217,12.8695652173913,-621140.217391304,-1588665.0,3577,25.184913561805196,52.93174748650903,20.73983769233392
2011-10-28,514,2011-10-28,23.0869565217391,57.695652173913,18.0869565217391,15.0434782608696,-621140.217391304,-1588665.0,3577,28.66611166698629,48.55821868897086,21.708554919695587
2011-11-30,515,2011-11-30,40.4782608695652,44.3913043478261,14.0434782608696,13.6521739130435,-621140.217391304,-1588665.0,3577,34.33951438553514,44.67269855584851,19.991862373408633
2012-01-01,516,2012-01-01,52.0,38.0,10.0,24.0,-621075.0,-1588665.0,3577,42.00164232249901,40.743216428992625,16.315865311262456
2012-01-17,517,2012-01-17,48.4782608695652,33.304347826087,16.9565217391304,13.4782608695652,-621140.217391304,-1588665.0,3577,51.08730561204001,36.52397747548953,11.404153620759331
2012-02-02,518,2012-02-02,54.4347826086956,36.3913043478261,7.8695652173913,15.6086956521739,-621140.217391304,-1588665.0,3577,56.69364204559288,34.510537117933026,7.724836338863677
2012-02-18,519,2012-02-18,53.8260869565217,32.7826086956522,11.9130434782609,13.8695652173913,-621140.217391304,-1588665.0,3577,56.97575220578809,33.04626824245393,8.679052158859722
2012-03-21,520,2012-03-21,56.3478260869565,36.0,6.17391304347826,16.0434782608696,-621140.217391304,-1588665.0,3577,55.589696707914264,35.32067848694056,7.662628648776379
2012-04-06,521,2012-04-06,56.8571428571429,37.2857142857143,4.57142857142857,15.7142857142857,-621156.428571429,-1588712.14285714,3577,53.069826223035406,39.37262394355628,6.08982362367653
2012-04-22,522,2012-04-22,51.0,44.0,3.66666666666667,20.1666666666667,-621165.0,-1588710.0,3577,50.99778055434177,42.44602886680594,5.135553189126259
2012-05-24,523,2012-05-24,45.9565217391304,45.8695652173913,6.8695652173913,14.304347826087,-621140.217391304,-1588665.0,3577,48.74018346036058,44.91157637623517,5.0897638503634415
2012-06-09,524,2012-06-09,45.2142857142857,46.7857142857143,6.57142857142857,14.0714285714286,-621139.285714286,-1588692.85714286,3577,45.34582042609485,46.99311230992268,6.359063207010709
2012-06-25,525,2012-06-25,42.4,49.1,7.3,14.0,-621147.0,-1588704.0,3577,42.727422957608454,48.33494197403583,7.610369815126441
2012-07-11,526,2012-07-11,41.75,49.5,7.5,14.0,-621150.0,-1588710.0,3577,41.86165220319749,48.927825839151886,7.845075866630269
2012-07-27,527,2012-07-27,40.0909090909091,49.3636363636364,9.09090909090909,12.9090909090909,-621148.636363636,-1588700.45454545,3577,39.86828847432885,50.79129120490224,8.001209430077285
2012-08-12,528,2012-08-12,39.1739130434783,50.7391304347826,8.73913043478261,12.8260869565217,-621140.217391304,-1588665.0,3577,37.232136062677874,53.15566837396646,8.360833743607614
2012-09-13,529,2012-09-13,36.0,55.4782608695652,7.26086956521739,12.695652173913,-621140.217391304,-1588665.0,3577,35.12924906258551,55.53650218525978,8.154409290704406
2012-09-29,530,2012-09-29,35.6086956521739,56.2608695652174,7.04347826086957,12.5217391304348,-621140.217391304,-1588665.0,3577,34.25546855156103,56.67680834870542,7.928040218691759
2012-10-31,531,2012-10-31,34.0869565217391,61.4782608695652,3.52173913043478,15.1304347826087,-621140.217391304,-1588665.0,3577,35.183324000891766,57.01684411742113,6.717020517059896
2012-11-16,532,2012-11-16,28.0,57.0,14.0,14.0,-621195.0,-1588710.0,3577,38.0679733175638,55.24982232734805,5.589455940478122
2012-12-02,533,2012-12-02,48.0,49.25,1.5,15.5,-621150.0,-1588725.0,3577,42.54450405563648,52.02226579450192,4.337693333721761
2012-12-18,534,2012-12-18,51.9166666666667,45.8333333333333,0.916666666666667,16.1666666666667,-621132.5,-1588632.5,3577,47.72164830950632,47.57698998851201,3.4874597628327786
2013-01-03,535,2013-01-03,50.7826086956522,45.3913043478261,2.56521739130435,15.9565217391304,-621140.217391304,-1588665.0,3577,51.76158590365654,44.08644609528995,2.805153118519237
2013-03-24,536,2013-03-24,54.25,42.75,1.75,15.75,-621150.0,-1588605.0,3577,54.15735277643879,42.57267728905266,1.8826478071663026
2013-04-17,537,2013-04-17,55.5217391304348,39.0869565217391,3.82608695652174,15.8695652173913,-621140.217391304,-1588665.0,3577,54.10789098727449,42.45343502012674,2.054960071112675
2013-04-25,538,2013-04-25,52.1739130434783,45.2173913043478,1.43478260869565,15.6086956521739,-621140.217391304,-1588665.0,3577,54.3860398250208,43.20761271975459,1.0736348387107313
2013-05-03,539,2013-05-03,50.8260869565217,45.0,2.52173913043478,15.304347826087,-621140.217391304,-1588665.0,3577,51.82852260136451,44.71068986874618,2.1478490549694786
2013-05-11,540,2013-05-11,48.8695652173913,48.7826086956522,1.34782608695652,15.7826086956522,-621140.217391304,-1588665.0,3577,50.952170916525944,45.7230253705485,2.069157174319068
2013-05-27,541,2013-05-27,52.0434782608696,45.2608695652174,1.65217391304348,16.2608695652174,-621140.217391304,-1588665.0,3577,48.94860248110292,47.03792381396336,2.7859574131611935
2013-06-04,542,2013-06-04,49.6521739130435,44.8695652173913,4.04347826086957,15.304347826087,-621140.217391304,-1588665.0,3577,47.27127859352219,47.62460288398465,3.925916861439219
2013-06-12,543,2013-06-12,49.1739130434783,47.7826086956522,1.8695652173913,15.4347826086957,-621140.217391304,-1588665.0,3577,46.222801730501125,47.61791886266205,4.999121049901018
2013-06-28,544,2013-06-28,34.1304347826087,51.8260869565217,12.8260869565217,20.6086956521739,-621140.217391304,-1588665.0,3577,45.552702647998046,47.09184004848936,6.0952155933974685
2013-07-06,545,2013-07-06,49.0869565217391,45.0,4.78260869565217,15.304347826087,-621140.217391304,-1588665.0,3577,44.80718164591502,47.61381356561692,6.298160582181707
2013-07-22,546,2013-07-22,45.9130434782609,48.2173913043478,4.34782608695652,14.4782608695652,-621140.217391304,-1588665.0,3577,44.25009813177141,48.04377665677258,6.307992586225586
2013-08-07,547,2013-08-07,46.2173913043478,47.0434782608696,5.47826086956522,14.4347826086957,-621140.217391304,-1588665.0,3577,44.11385639531433,49.10032691765704,5.4306916666580065
2013-08-23,548,2013-08-23,42.4347826086956,51.5217391304348,4.52173913043478,13.8695652173913,-621140.217391304,-1588665.0,3577,44.43322850254478,49.81495688319551,4.387297182558337
2013-09-08,549,2013-09-08,43.9130434782609,51.0,3.69565217391304,13.1304347826087,-621140.217391304,-1588665.0,3577,43.70890584714133,51.390780978335556,3.5452747548582875
2013-09-16,550,2013-09-16,42.0434782608696,54.0,2.95652173913043,13.695652173913,-621140.217391304,-1588665.0,3577,41.98497336557014,53.5575381678411,3.250234386692374
2013-09-24,551,2013-09-24,41.7391304347826,54.0869565217391,2.8695652173913,13.1304347826087,-621140.217391304,-1588665.0,3577,41.586011601350656,55.27609309073013,2.0506130922065324
2013-10-02,552,2013-10-02,42.2173913043478,55.695652173913,1.26086956521739,14.0869565217391,-621140.217391304,-1588665.0,3577,42.76420275107212,55.291702240408455,0.9676341628487135
2013-10-10,553,2013-10-10,41.6086956521739,55.0434782608696,2.26086956521739,13.8260869565217,-621140.217391304,-1588665.0,3577,43.38941600867187,54.4385980152489,1.2600136772634554
2013-10-18,554,2013-10-18,44.7826086956522,53.4347826086956,1.04347826086957,14.8695652173913,-621140.217391304,-1588665.0,3577,44.566525433997576,51.89410988346812,2.572726158841003
2013-11-03,555,2013-11-03,50.0,48.1739130434783,0.782608695652174,15.7391304347826,-621140.217391304,-1588665.0,3577,45.93164420717913,49.323624282561596,3.6589188843188025
2013-11-11,556,2013-11-11,51.7391304347826,44.8695652173913,2.0,15.0434782608696,-621140.217391304,-1588665.0,3577,48.85528074025123,45.10526248552229,4.793987510671417
2013-12-05,557,2013-12-05,41.1666666666667,41.6666666666667,15.9166666666667,9.5,-621115.0,-1588685.0,3577,51.69171899128054,41.63750352038869,5.336466725717516
2013-12-13,558,2013-12-13,58.0869565217391,37.5217391304348,2.82608695652174,16.304347826087,-621140.217391304,-1588665.0,3577,54.64689214405723,38.28227589702318,5.568616233678
2014-02-15,559,2014-02-15,58.1739130434783,37.1739130434783,2.8695652173913,15.2608695652174,-621140.217391304,-1588665.0,3577,57.07891812050337,36.64578737993186,4.765413278334902
2014-02-23,560,2014-02-23,61.5714285714286,35.7142857142857,1.5,18.0714285714286,-621139.285714286,-1588692.85714286,3577,59.163883924206246,35.49465471486748,3.7505150545594548
2014-03-03,561,2014-03-03,62.5652173913044,32.4347826086956,3.34782608695652,17.2173913043478,-621140.217391304,-1588665.0,3577,61.53842005348693,34.834890061698694,2.0826394294892996
2014-03-11,562,2014-03-11,59.6521739130435,37.8695652173913,1.08695652173913,17.4347826086957,-621140.217391304,-1588665.0,3577,63.23645468812112,34.493703362186565,0.7603083079256365
2014-03-19,563,2014-03-19,62.9565217391304,33.304347826087,2.0,16.4347826086957,-621140.217391304,-1588665.0,3577,63.079333866644404,34.85239940657377,0.5866163943293203
2014-03-27,564,2014-03-27,63.0,35.6666666666667,0.0,18.0,-621135.0,-1588605.0,3577,61.34052708631144,32.773510870154254,4.332494232109949
2014-04-04,565,2014-04-04,64.7391304347826,31.5217391304348,2.0,16.9565217391304,-621140.217391304,-1588665.0,3577,65.03604700588518,34.761298601783395,0.0
2014-04-12,566,2014-04-12,62.3913043478261,35.7391304347826,0.695652173913043,18.4347826086957,-621140.217391304,-1588665.0,3577,65.14323985341991,35.644358468286406,0.0
2014-04-20,567,2014-04-20,59.7826086956522,35.8695652173913,2.65217391304348,16.3913043478261,-621140.217391304,-1588665.0,3577,62.46942661378749,36.49502980293576,0.0
2014-05-06,568,2014-05-06,60.7391304347826,35.5652173913044,2.0,17.1739130434783,-621140.217391304,-1588665.0,3577,56.73718627865466,36.18111066197328,5.495660873616988
2014-05-22,569,2014-05-22,58.2608695652174,38.1739130434783,2.0,17.0434782608696,-621140.217391304,-1588665.0,3577,49.01879696062498,37.45425280558728,11.89912385154182
2014-05-30,570,2014-05-30,45.1304347826087,50.1739130434783,3.56521739130435,13.8695652173913,-621140.217391304,-1588665.0,3577,41.93145876163435,37.67363888221841,18.636701468290383
2014-06-07,571,2014-06-07,17.5652173913043,22.7391304347826,57.2173913043478,16.4782608695652,-621140.217391304,-1588665.0,3577,35.84831432237574,39.526828953146655,22.847137946581228
2014-06-23,572,2014-06-23,33.0434782608696,43.8695652173913,21.3913043478261,16.7391304347826,-621140.217391304,-1588665.0,3577,32.5958481908515,40.598388929609726,25.050729688284314
2014-07-09,573,2014-07-09,34.0869565217391,42.1739130434783,22.0434782608696,15.0869565217391,-621140.217391304,-1588665.0,3577,31.22233525672638,43.142634632259856,24.006389345242745
2014-07-17,574,2014-07-17,36.6842105263158,50.3157894736842,11.5789473684211,15.2105263157895,-621138.157894737,-1588677.63157895,3577,32.35199454685904,45.274930240102606,20.764998547816695
2014-07-25,575,2014-07-25,37.3913043478261,45.3913043478261,15.6086956521739,14.695652173913,-621140.217391304,-1588665.0,3577,35.07341645294095,47.243801200245024,16.16746739015558
2014-08-02,576,2014-08-02,36.0434782608696,51.0869565217391,11.7391304347826,14.695652173913,-621140.217391304,-1588665.0,3577,37.65592659377478,48.6143611119557,12.293161356616384
2014-08-10,577,2014-08-10,36.5652173913044,44.8695652173913,17.0869565217391,13.6521739130435,-621140.217391304,-1588665.0,3577,37.52626010343074,49.47915055804448,11.639572370865473
2014-08-18,578,2014-08-18,33.2222222222222,50.0,15.1111111111111,13.4444444444444,-621141.666666667,-1588621.66666667,3577,34.87578130617334,46.17833627572861,17.496835919621653
2014-08-26,579,2014-08-26,36.2608695652174,43.9130434782609,18.3478260869565,12.8695652173913,-621140.217391304,-1588665.0,3577,35.32137041355718,46.03863853696324,17.191091990191076
2014-09-03,580,2014-09-03,34.7391304347826,45.6086956521739,18.3913043478261,12.3913043478261,-621140.217391304,-1588665.0,3577,35.5524898784546,44.71098783823496,18.26076945821484
2014-09-11,581,2014-09-11,36.695652173913,44.1739130434783,17.6086956521739,12.0869565217391,-621140.217391304,-1588665.0,3577,35.231594390227706,45.60428537887458,17.74374943359311
2014-09-19,582,2014-09-19,35.4347826086956,46.3913043478261,16.8695652173913,12.0,-621140.217391304,-1588665.0,3577,34.773036986788654,45.77733667597032,18.017488322237263
2014-09-27,583,2014-09-27,36.9565217391304,44.9130434782609,16.5652173913043,11.5652173913043,-621140.217391304,-1588665.0,3577,36.94908021936676,45.5526530274073,16.063562878542285
2014-10-13,584,2014-10-13,36.7391304347826,46.9565217391304,14.8260869565217,11.8260869565217,-621140.217391304,-1588665.0,3577,38.507275004644384,45.429462582100854,14.614733802711132
2014-10-21,585,2014-10-21,37.0,47.5714285714286,14.1904761904762,12.0,-621142.142857143,-1588670.71428571,3577,38.868489477044704,46.9524894273781,12.767043630751488
2014-10-29,586,2014-10-29,39.4782608695652,47.5217391304348,11.5652173913043,13.0869565217391,-621140.217391304,-1588665.0,3577,39.80023745267464,46.84878790612376,11.966959006801053
2014-11-14,587,2014-11-14,48.1739130434783,40.6521739130435,9.56521739130435,12.2173913043478,-621140.217391304,-1588665.0,3577,41.02086404643336,46.57608981406912,11.123158911352151
2014-11-22,588,2014-11-22,46.1428571428571,46.1428571428571,6.64285714285714,14.2857142857143,-621139.285714286,-1588637.14285714,3577,43.18654719892464,45.474343397879466,10.101714254694299
2014-12-08,589,2014-12-08,34.0,51.0,14.0,12.0,-621180.0,-1588725.0,3577,45.839438391726596,43.65354096703557,9.254500177435933
2014-12-16,590,2014-12-16,49.9565217391304,39.695652173913,8.8695652173913,14.2608695652174,-621140.217391304,-1588665.0,3577,49.96718478720693,40.445644677029115,8.169101056433256
2015-02-18,591,2015-02-18,56.8695652173913,34.3913043478261,7.17391304347826,15.0434782608696,-621140.217391304,-1588665.0,3577,53.609579409679085,38.17501464748166,6.716549143860027
2015-03-14,592,2015-03-14,58.2608695652174,37.0869565217391,3.30434782608696,16.1304347826087,-621140.217391304,-1588665.0,3577,56.773897659741905,36.12943631949686,5.544037400208335
2015-03-22,593,2015-03-22,59.7826086956522,34.3913043478261,3.82608695652174,16.3478260869565,-621140.217391304,-1588665.0,3577,58.66533049665838,35.58905504240817,4.144425839337051
2015-04-07,594,2015-04-07,60.0869565217391,34.3478260869565,3.82608695652174,16.2608695652174,-621140.217391304,-1588665.0,3577,59.229342067265634,35.83540769366051,3.3160086649111196
2015-04-15,595,2015-04-15,57.4782608695652,38.695652173913,2.47826086956522,15.695652173913,-621140.217391304,-1588665.0,3577,57.42567026009429,37.77556629218468,3.2562414701997957
2015-05-01,596,2015-05-01,50.2173913043478,44.0,4.73913043478261,14.7826086956522,-621140.217391304,-1588665.0,3577,53.33741716322692,40.82726652506631,4.370493507927234
2015-05-09,597,2015-05-09,51.3478260869565,41.5217391304348,5.52173913043478,14.4347826086957,-621140.217391304,-1588665.0,3577,51.15582322285016,43.0337228168635,4.445723478297857
2015-05-17,598,2015-05-17,48.3913043478261,46.0,4.21739130434783,14.5217391304348,-621140.217391304,-1588665.0,3577,49.62614789077904,44.414620960313606,4.678741503481685
2015-05-25,599,2015-05-25,50.3478260869565,42.695652173913,5.56521739130435,14.1739130434783,-621140.217391304,-1588665.0,3577,48.065206200143145,46.375053524040396,4.3600569462388234
2015-06-02,600,2015-06-02,49.0,46.6086956521739,3.26086956521739,14.5217391304348,-621140.217391304,-1588665.0,3577,47.710467170010446,46.6832100685174,4.34848029880944
2015-06-18,601,2015-06-18,45.0,51.0,3.0,14.25,-621150.0,-1588605.0,3577,47.31193898731857,47.22386636058786,4.244874729452668
2015-06-25,602,2015-06-25,47.1111111111111,47.1111111111111,4.66666666666667,14.2222222222222,-621141.666666667,-1588708.33333333,3577,46.92101012940761,47.68916266906977,4.194704119951986
2015-06-26,603,2015-06-26,46.9130434782609,45.7826086956522,5.82608695652174,13.5652173913043,-621140.217391304,-1588665.0,3577,45.70721968482905,48.544680879859875,4.587888433023453
2015-07-04,604,2015-07-04,44.0434782608696,50.4347826086956,4.34782608695652,14.0869565217391,-621140.217391304,-1588665.0,3577,45.04986066186875,48.53200941430197,5.186997544776736
2015-07-12,605,2015-07-12,46.5652173913044,46.1304347826087,6.0,13.3913043478261,-621140.217391304,-1588665.0,3577,45.28654189910963,47.92006653085296,5.537006458616178
2015-07-20,606,2015-07-20,42.5,51.125,5.25,13.5,-621135.0,-1588620.0,3577,45.12149392029839,47.73465233482072,5.841907707361206
2015-07-28,607,2015-07-28,45.3478260869565,47.1739130434783,6.04347826086957,13.0869565217391,-621140.217391304,-1588665.0,3577,43.96808413888756,48.99349648144266,5.703610120682121
2015-08-05,608,2015-08-05,42.6315789473684,50.4210526315789,5.78947368421053,13.2105263157895,-621138.157894737,-1588652.36842105,3577,42.654618728798866,50.36441600943756,5.684651385120246
2015-08-13,609,2015-08-13,44.2608695652174,48.3913043478261,5.8695652173913,13.0,-621140.217391304,-1588665.0,3577,41.87598959099846,51.39404907866336,5.426421374130108
2015-08-21,610,2015-08-21,40.9130434782609,52.8695652173913,4.8695652173913,12.9565217391304,-621140.217391304,-1588665.0,3577,39.91258540610056,52.11944798068718,6.605852382060917
2015-08-29,611,2015-08-29,34.5,58.2222222222222,5.88888888888889,11.8888888888889,-621125.0,-1588665.0,3577,39.90502097316899,53.31042957973247,5.442180293844538
2015-09-06,612,2015-09-06,41.5217391304348,51.2173913043478,6.04347826086957,12.8695652173913,-621140.217391304,-1588665.0,3577,41.446964746818296,52.753520370702574,4.44790680198439
2015-09-14,613,2015-09-14,41.8695652173913,51.2608695652174,5.69565217391304,12.1739130434783,-621140.217391304,-1588665.0,3577,41.60483788302666,52.569046937591196,4.510729988874175
2015-09-22,614,2015-09-22,39.2,53.4,5.8,12.4,-621159.0,-1588719.0,3577,39.96714259732063,52.450033844975934,6.291763552719143
2015-09-30,615,2015-09-30,40.304347826087,50.7826086956522,7.65217391304348,11.9565217391304,-621140.217391304,-1588665.0,3577,36.91434385126758,53.41823944835082,8.381200281900238
2015-10-16,616,2015-10-16,42.7826086956522,53.1739130434783,2.8695652173913,13.5652173913043,-621140.217391304,-1588665.0,3577,33.31941870217049,53.83762100957422,11.560127874098423
2015-11-01,617,2015-11-01,23.8260869565217,51.7826086956522,23.0434782608696,15.2608695652174,-621140.217391304,-1588665.0,3577,30.24652679397146,53.160727236217355,15.263701280171606
2015-11-09,618,2015-11-09,21.0,56.625,21.125,14.0,-621135.0,-1588620.0,3577,28.646366488534767,51.435874491409265,18.58246454155788
2015-11-17,619,2015-11-17,29.0869565217391,50.8260869565217,18.6086956521739,12.8695652173913,-621140.217391304,-1588665.0,3577,31.55255938031074,47.243719307337884,19.76437225783748
2015-12-03,620,2015-12-03,39.9565217391304,40.8260869565217,17.6521739130435,11.304347826087,-621140.217391304,-1588665.0,3577,36.29222184464605,43.14348466178484,19.080992839436625
2015-12-19,621,2015-12-19,43.6521739130435,33.5217391304348,21.4782608695652,11.5652173913043,-621140.217391304,-1588665.0,3577,41.63010297011557,38.29724009668583,18.534620632427135
2016-01-04,622,2016-01-04,51.0869565217391,31.695652173913,15.4347826086957,13.695652173913,-621140.217391304,-1588665.0,3577,46.885784023480596,34.120222606167836,17.552285293785584
2016-01-12,623,2016-01-12,51.0869565217391,34.5652173913044,13.0434782608696,13.695652173913,-621140.217391304,-1588665.0,3577,51.846739342222236,30.39604820740792,16.303902703163303
2016-01-20,624,2016-01-20,52.7391304347826,30.0434782608696,15.5652173913043,13.7391304347826,-621140.217391304,-1588665.0,3577,52.56042705442916,28.411923316953413,17.57035930820836
2016-01-28,625,2016-01-28,47.9130434782609,29.1304347826087,22.0434782608696,10.5217391304348,-621140.217391304,-1588665.0,3577,52.91999130226903,28.38261356693765,17.24551100064035
2016-02-05,626,2016-02-05,52.5217391304348,25.1304347826087,20.6521739130435,13.0434782608696,-621140.217391304,-1588665.0,3577,53.78169279904914,28.09875398527557,16.568098747393627
2016-02-21,627,2016-02-21,57.4347826086956,29.6086956521739,11.2608695652174,14.2608695652174,-621140.217391304,-1588665.0,3577,54.9923188939125,28.486206484317723,14.917176779336355
2016-03-08,628,2016-03-08,59.2608695652174,26.3913043478261,12.3478260869565,13.1304347826087,-621140.217391304,-1588665.0,3577,55.59235918206684,29.406122481632963,13.38373431656312
2016-03-16,629,2016-03-16,52.695652173913,35.1304347826087,10.9130434782609,13.6521739130435,-621140.217391304,-1588665.0,3577,56.14493851819704,31.04672108077216,11.124724783896639
2016-03-24,630,2016-03-24,56.6086956521739,32.8695652173913,8.78260869565217,14.3913043478261,-621140.217391304,-1588665.0,3577,54.55684598973593,34.65794980359007,9.181682946656679
2016-04-09,631,2016-04-09,52.5217391304348,37.3913043478261,8.52173913043478,15.2173913043478,-621140.217391304,-1588665.0,3577,53.94888560683958,36.97513085020946,7.543417127882272
2016-04-17,632,2016-04-17,50.3913043478261,41.6086956521739,6.82608695652174,14.2173913043478,-621140.217391304,-1588665.0,3577,50.96834304923462,40.165197435483535,7.512721047515987
2016-04-25,633,2016-04-25,48.0,40.0,10.4782608695652,13.2173913043478,-621140.217391304,-1588665.0,3577,48.24118422071666,42.5461398205984,7.8583049292419656
2016-05-27,634,2016-05-27,46.2608695652174,45.7826086956522,6.60869565217391,13.5217391304348,-621140.217391304,-1588665.0,3577,45.56785238511573,45.59327515710602,7.52795019476156
2016-06-04,635,2016-06-04,43.9565217391304,49.6521739130435,5.26086956521739,13.7826086956522,-621140.217391304,-1588665.0,3577,42.9424036276846,47.53857637852083,8.184887172771266
2016-06-12,636,2016-06-12,44.2173913043478,46.2608695652174,8.08695652173913,12.9565217391304,-621140.217391304,-1588665.0,3577,40.037195850314106,50.05147682441995,8.611906514536813
2016-06-20,637,2016-06-20,29.7777777777778,55.3333333333333,13.5555555555556,20.7777777777778,-621121.666666667,-1588701.66666667,3577,38.89760998785859,50.638230336533454,9.079114738926286
2016-06-28,638,2016-06-28,40.0434782608696,49.1739130434783,9.34782608695652,12.3478260869565,-621140.217391304,-1588665.0,3577,37.57564195125891,51.04730147807189,9.998846500561267
2016-07-06,639,2016-07-06,37.1304347826087,53.3913043478261,8.26086956521739,12.2608695652174,-621140.217391304,-1588665.0,3577,36.2790732845868,52.01928136474403,10.384764896339608
2016-07-14,640,2016-07-14,37.0434782608696,50.4347826086956,11.0,11.3913043478261,-621140.217391304,-1588665.0,3577,35.19646149306415,52.800562888891236,10.688780413136069
2016-07-22,641,2016-07-22,35.1,53.25,10.45,11.4,-621136.5,-1588656.0,3577,34.53186692608712,53.67781250695376,10.520646784900164
2016-07-30,642,2016-07-30,33.5652173913044,53.3478260869565,11.9130434782609,10.695652173913,-621140.217391304,-1588665.0,3577,33.48456562058163,54.853293462485695,10.439500856749266
2016-08-07,643,2016-08-07,29.4782608695652,59.1304347826087,10.3478260869565,11.0869565217391,-621140.217391304,-1588665.0,3577,32.67591171036638,55.254890194375804,10.828399812447195
2016-08-14,644,2016-08-14,31.0,58.8333333333333,8.83333333333333,11.3333333333333,-621160.0,-1588715.0,3577,30.498189543211236,57.05658234392742,11.252801972109761
2016-08-15,645,2016-08-15,32.4782608695652,54.0434782608696,12.1739130434783,10.4347826086957,-621140.217391304,-1588665.0,3577,31.082170420771245,57.10906864705311,10.621312763153961
2016-08-23,646,2016-08-23,31.1739130434783,55.9565217391304,11.7391304347826,10.5217391304348,-621140.217391304,-1588665.0,3577,31.187973326977946,57.87027331934933,9.818245874463283
2016-09-08,647,2016-09-08,30.4782608695652,60.3478260869565,8.08695652173913,11.8695652173913,-621140.217391304,-1588665.0,3577,31.943070390366742,57.93349991417506,9.014392503891766
2016-09-16,648,2016-09-16,33.0,58.0869565217391,7.91304347826087,11.8260869565217,-621140.217391304,-1588665.0,3577,31.689736498521647,58.847032325587264,8.396967516262265
2016-09-24,649,2016-09-24,30.304347826087,61.3913043478261,7.39130434782609,12.0,-621140.217391304,-1588665.0,3577,31.189408921938934,59.60396979517101,8.172417769334036
2016-10-02,650,2016-10-02,32.2173913043478,58.9130434782609,7.69565217391304,11.1739130434783,-621140.217391304,-1588665.0,3577,29.974802959857044,61.42127980153715,7.600183681350936
2016-10-10,651,2016-10-10,27.5217391304348,64.2173913043478,7.34782608695652,11.8695652173913,-621140.217391304,-1588665.0,3577,28.833929026952053,62.78557524047231,7.3413013826921265
2016-10-18,652,2016-10-18,28.1739130434783,62.5217391304348,8.08695652173913,11.695652173913,-621140.217391304,-1588665.0,3577,28.2523930504774,62.80868586251954,7.855116077890514
2016-10-26,653,2016-10-26,25.8260869565217,64.4782608695652,8.69565217391304,11.8695652173913,-621140.217391304,-1588665.0,3577,26.816818798373557,64.79741270977345,7.402375118486543
2016-11-03,654,2016-11-03,30.6521739130435,62.8695652173913,5.56521739130435,12.0,-621140.217391304,-1588665.0,3577,27.37661482076539,65.22869881497253,6.413680981825131
2016-11-11,655,2016-11-11,29.3913043478261,64.5652173913043,5.04347826086957,12.4347826086957,-621140.217391304,-1588665.0,3577,30.558126017200735,62.99188494907028,5.528339610314825
2016-11-19,656,2016-11-19,34.6086956521739,58.9565217391304,5.43478260869565,12.6086956521739,-621140.217391304,-1588665.0,3577,36.65101739355803,58.211008738190756,4.173332489289601
2016-11-27,657,2016-11-27,41.3478260869565,55.0869565217391,2.65217391304348,13.2173913043478,-621140.217391304,-1588665.0,3577,43.70165856823907,51.810258324249745,3.356813969446394
2016-12-13,658,2016-12-13,48.304347826087,49.3478260869565,1.30434782608696,13.8695652173913,-621140.217391304,-1588665.0,3577,50.51416804019024,45.17346639091822,3.0183727633245265
2017-02-23,659,2017-02-23,63.9565217391304,29.6521739130435,4.52173913043478,16.4782608695652,-621140.217391304,-1588665.0,3577,56.716372804734235,39.26623316109873,2.641444838644605
2017-03-03,660,2017-03-03,62.1739130434783,34.3478260869565,2.26086956521739,16.0434782608696,-621140.217391304,-1588665.0,3577,60.595341376207955,35.06847997875875,2.894499396147906
2017-03-11,661,2017-03-11,62.375,33.5,2.25,18.3125,-621121.875,-1588661.25,3577,62.72739827475398,33.39173970463012,2.451287808973538
2017-04-04,662,2017-04-04,56.4782608695652,37.8260869565217,4.47826086956522,14.4782608695652,-621140.217391304,-1588665.0,3577,61.86651736672687,34.15811265056952,2.5539280009258714
2017-04-20,663,2017-04-20,61.5652173913044,36.304347826087,1.1304347826087,16.0,-621140.217391304,-1588665.0,3577,59.57342139620158,36.56779187967227,2.528268070601792
2017-05-06,664,2017-05-06,56.7826086956522,40.7391304347826,1.30434782608696,15.5217391304348,-621140.217391304,-1588665.0,3577,56.8404889127479,39.46489094429008,2.396224821079764
2017-05-14,665,2017-05-14,54.6086956521739,39.5217391304348,4.1304347826087,14.4782608695652,-621140.217391304,-1588665.0,3577,54.20591753446982,42.177191162579945,2.3602328147014386
2017-05-22,666,2017-05-22,53.6086956521739,44.1304347826087,1.1304347826087,15.1739130434783,-621140.217391304,-1588665.0,3577,53.06709236717529,42.547505193682724,3.0346885245588497
2017-06-15,667,2017-06-15,49.8695652173913,43.4782608695652,5.17391304347826,14.1739130434783,-621140.217391304,-1588665.0,3577,50.85416111684029,44.55194771575853,3.264356184937203
2017-06-23,668,2017-06-23,49.304347826087,46.8695652173913,2.60869565217391,13.9565217391304,-621140.217391304,-1588665.0,3577,49.102786212972035,45.784392952578315,3.7121390186063596
2017-07-01,669,2017-07-01,47.6086956521739,46.0,4.91304347826087,14.0434782608696,-621140.217391304,-1588665.0,3577,46.987646221048806,47.464652321691915,4.236070700062528
2017-07-09,670,2017-07-09,45.3478260869565,49.8260869565217,3.82608695652174,14.304347826087,-621140.217391304,-1588665.0,3577,46.36316382499565,48.12292123006168,4.263431816533885
2017-07-17,671,2017-07-17,46.1739130434783,47.4347826086956,4.91304347826087,13.9130434782609,-621140.217391304,-1588665.0,3577,45.27655464739189,49.09028405972077,4.425897564542751
2017-07-25,672,2017-07-25,43.9130434782609,51.3478260869565,3.73913043478261,14.1739130434783,-621140.217391304,-1588665.0,3577,44.81675071013479,49.396712812912185,4.642720002660082
2017-08-02,673,2017-08-02,44.9565217391304,48.5652173913044,5.26086956521739,13.7826086956522,-621140.217391304,-1588665.0,3577,44.49211551822276,49.84529233646808,4.556804049063432
2017-08-10,674,2017-08-10,42.5652173913044,51.6086956521739,4.82608695652174,14.0,-621140.217391304,-1588665.0,3577,43.2480699181402,50.697161410843414,4.964200335043584
2017-08-18,675,2017-08-18,43.7826086956522,50.0869565217391,5.0,13.6086956521739,-621140.217391304,-1588665.0,3577,42.388231277846714,51.43884750775891,5.056374549306893
2017-08-26,676,2017-08-26,40.6086956521739,53.9565217391304,4.52173913043478,13.9130434782609,-621140.217391304,-1588665.0,3577,40.84560648814987,53.03881297654901,5.007861606393635
2017-09-03,677,2017-09-03,40.2608695652174,53.695652173913,4.82608695652174,13.0,-621140.217391304,-1588665.0,3577,38.90571323502497,55.491369804862636,4.553712496503579
2017-09-19,678,2017-09-19,36.9130434782609,56.8695652173913,4.82608695652174,12.2173913043478,-621140.217391304,-1588665.0,3577,39.06116558094706,55.805398868184966,4.034845152155089
2017-09-27,679,2017-09-27,37.4444444444444,58.7777777777778,3.11111111111111,13.1111111111111,-621141.666666667,-1588621.66666667,3577,38.5741033917043,57.09181260849542,3.2665896867668813
2017-10-05,680,2017-10-05,40.6086956521739,56.1304347826087,2.1304347826087,14.304347826087,-621140.217391304,-1588665.0,3577,38.77182179779524,57.973245155697136,2.316262617446819
2017-10-13,681,2017-10-13,38.8260869565217,60.1304347826087,0.434782608695652,14.6521739130435,-621140.217391304,-1588665.0,3577,39.90713744011032,57.714051282759854,1.5296120848682846
2017-10-21,682,2017-10-21,44.9565217391304,51.9130434782609,2.0,14.4347826086957,-621140.217391304,-1588665.0,3577,42.57380923169758,55.94264571669848,0.7361462440879841
2017-10-29,683,2017-10-29,46.9285714285714,51.9285714285714,0.357142857142857,14.8571428571429,-621139.285714286,-1588692.85714286,3577,45.42975308891978,53.38896839239291,0.4269282787925304
2017-11-14,684,2017-11-14,41.5,58.0,0.0,13.0,-621120.0,-1588605.0,3577,49.90284897943323,48.76488134738854,0.43765547056696796
2017-11-30,685,2017-11-30,55.6086956521739,43.5217391304348,0.0434782608695652,15.9565217391304,-621140.217391304,-1588665.0,3577,52.12430060329402,45.97746451211911,0.8289038700936773
2017-12-08,686,2017-12-08,57.5217391304348,38.8695652173913,2.0,15.0434782608696,-621140.217391304,-1588665.0,3577,54.730729785304995,43.32600385211126,0.8161899347118201
2017-12-16,687,2017-12-16,57.4347826086956,41.1739130434783,0.304347826086957,16.6086956521739,-621140.217391304,-1588665.0,3577,56.010399077290714,42.04746115372759,0.7587670775851091
2017-12-24,688,2017-12-24,57.0434782608696,39.1304347826087,2.17391304347826,15.4347826086957,-621140.217391304,-1588665.0,3577,56.94711372890629,40.76746601089779,1.0312994987243007
2018-01-01,689,2018-01-01,57.5652173913044,41.0869565217391,0.304347826086957,16.1739130434783,-621140.217391304,-1588665.0,3577,58.374098508832034,39.05614596512518,1.276452761578429
2018-01-17,690,2018-01-17,51.9130434782609,45.8260869565217,1.17391304347826,14.3478260869565,-621140.217391304,-1588665.0,3577,59.325489626799936,37.83556711157436,1.4578343315048639
2018-02-09,691,2018-02-09,65.4782608695652,32.9130434782609,0.434782608695652,19.1304347826087,-621140.217391304,-1588665.0,3577,57.63268861975769,38.411469033047624,2.623639249429676
2018-02-10,692,2018-02-10,59.1428571428571,36.1904761904762,3.04761904761905,15.3333333333333,-621136.428571429,-1588670.71428571,3577,61.851000997915975,35.716915684032436,1.0564049402384041
2018-03-14,693,2018-03-14,66.6086956521739,29.4782608695652,2.08695652173913,14.9565217391304,-621140.217391304,-1588665.0,3577,65.05343899604604,33.95793511239901,0.0
2018-03-29,694,2018-03-29,61.0,37.8,0.0,16.6,-621183.0,-1588641.0,3577,65.54208427861371,34.494896764288576,0.0
2018-03-30,695,2018-03-30,60.2608695652174,36.0,2.0,15.4347826086957,-621140.217391304,-1588665.0,3577,61.804903379466765,35.56764728742256,1.1471527530214733
2018-04-14,696,2018-04-14,59.5,39.75,0.0,17.0,-621150.0,-1588605.0,3577,54.52893509101471,38.70199078974916,5.40915761897644
2018-04-15,697,2018-04-15,61.0434782608696,35.2173913043478,2.0,15.9565217391304,-621140.217391304,-1588665.0,3577,44.85851666841036,41.39156580096867,12.426179887175472
2018-04-23,698,2018-04-23,21.6,49.4,27.8,18.8,-621135.0,-1588611.0,3577,36.583926758837165,42.385150984424484,19.71353261760155
2018-04-30,699,2018-04-30,23.3478260869565,45.4347826086956,30.0,17.9565217391304,-621140.217391304,-1588665.0,3577,28.61727958405414,45.27773857361953,24.775863397154616
2018-05-01,700,2018-05-01,22.4782608695652,42.8695652173913,32.9565217391304,17.0434782608696,-621140.217391304,-1588665.0,3577,24.5443344850025,46.001135528588605,28.07364461789267
2018-05-09,701,2018-05-09,26.5833333333333,47.9166666666667,24.4166666666667,16.0,-621147.5,-1588697.5,3577,22.664587409267014,47.798858296091694,28.25627886493664
2018-05-17,702,2018-05-17,27.4347826086957,45.1304347826087,25.9565217391304,14.6521739130435,-621140.217391304,-1588665.0,3577,23.958849704605978,47.697391214243694,27.03539262594586
2018-05-25,703,2018-05-25,29.0,53.1111111111111,16.8888888888889,14.6666666666667,-621141.666666667,-1588621.66666667,3577,27.5552256062647,48.1234537071119,23.117768571742772
2018-06-01,704,2018-06-01,29.6,49.0666666666667,20.1333333333333,13.8666666666667,-621135.0,-1588641.0,3577,31.400159433598013,47.35344154431482,20.003281052860782
2018-06-02,705,2018-06-02,29.9130434782609,41.6521739130435,27.0434782608696,12.9130434782609,-621140.217391304,-1588665.0,3577,30.203710114830926,47.789554708009035,20.766833430546843
2018-06-10,706,2018-06-10,29.6428571428571,50.2857142857143,19.0,13.8571428571429,-621139.285714286,-1588637.14285714,3577,31.230706420599457,47.555892197862505,19.99944648238198
2018-06-18,707,2018-06-18,32.3913043478261,44.7826086956522,21.2173913043478,13.4347826086957,-621140.217391304,-1588665.0,3577,31.91311441284043,46.471800376222035,20.292090060965748
2018-07-03,708,2018-07-03,34.2608695652174,48.9130434782609,15.7826086956522,13.3478260869565,-621140.217391304,-1588665.0,3577,33.08621951551191,45.91128150277417,19.69137225601463
2018-07-04,709,2018-07-04,33.3478260869565,42.9565217391304,22.2608695652174,12.695652173913,-621140.217391304,-1588665.0,3577,33.72092715916414,45.18630119972827,19.718550031052125
2018-07-12,710,2018-07-12,32.9130434782609,47.4782608695652,18.2173913043478,13.0,-621140.217391304,-1588665.0,3577,33.98352381229783,45.84960184966227,18.836015803639846
2018-07-19,711,2018-07-19,36.2222222222222,45.4444444444444,17.1111111111111,12.8888888888889,-621141.666666667,-1588708.33333333,3577,33.85677904751297,45.31867104642035,19.457448632637526
2018-07-20,712,2018-07-20,32.0869565217391,40.8260869565217,25.3478260869565,11.9565217391304,-621140.217391304,-1588665.0,3577,33.67462696140346,43.89287284259032,20.971462310737678
2018-07-28,713,2018-07-28,33.1304347826087,47.0434782608696,18.7391304347826,12.7391304347826,-621140.217391304,-1588665.0,3577,32.80017664840166,44.90241413810536,20.871118606342293
2018-08-05,714,2018-08-05,31.5217391304348,45.6521739130435,21.2608695652174,15.0434782608696,-621140.217391304,-1588665.0,3577,32.33161979432867,44.84498522221638,21.388035343005896
2018-08-13,715,2018-08-13,32.7857142857143,45.0714285714286,20.7857142857143,12.5,-621139.285714286,-1588692.85714286,3577,32.32434857733878,45.345398824258666,20.98551358902371
2018-08-21,716,2018-08-21,32.5652173913044,43.7826086956522,22.1304347826087,12.0869565217391,-621140.217391304,-1588665.0,3577,31.819215401186696,45.94986072391499,20.960124252286953
2018-08-29,717,2018-08-29,31.3913043478261,47.4347826086956,20.0869565217391,12.1304347826087,-621140.217391304,-1588665.0,3577,31.92787580645497,46.494528907767375,20.374574782836635
2018-09-05,718,2018-09-05,30.1428571428571,49.8571428571429,19.1428571428571,12.0,-621156.428571429,-1588622.14285714,3577,31.87905711643289,46.759178520579546,20.170655588407303
2018-09-06,719,2018-09-06,33.4782608695652,43.5652173913044,21.5217391304348,11.6086956521739,-621140.217391304,-1588665.0,3577,30.892648944804776,46.96020784975529,20.91229231126615
2018-09-14,720,2018-09-14,30.6086956521739,49.5217391304348,18.695652173913,12.2608695652174,-621140.217391304,-1588665.0,3577,30.614014939155055,48.57110428943061,19.607398053552057
2018-09-21,721,2018-09-21,28.5217391304348,49.3913043478261,20.7826086956522,12.4782608695652,-621140.217391304,-1588665.0,3577,30.039802840848274,49.28738013903519,19.366456063787936
2018-09-22,722,2018-09-22,30.4782608695652,46.6086956521739,21.3478260869565,11.8695652173913,-621140.217391304,-1588665.0,3577,29.125853349768754,49.63675892016785,19.895560490119372
2018-09-30,723,2018-09-30,26.7142857142857,53.7142857142857,18.2857142857143,11.1428571428571,-621130.714285714,-1588617.85714286,3577,28.52862738284305,49.11603082607867,20.965790636873795
2018-10-07,724,2018-10-07,30.5652173913043,49.8695652173913,18.3913043478261,12.5652173913043,-621140.217391304,-1588665.0,3577,28.531255304516357,49.85053759159258,20.275175949604602
2018-10-08,725,2018-10-08,30.6086956521739,49.1304347826087,18.8695652173913,11.6521739130435,-621140.217391304,-1588665.0,3577,29.535451562756634,49.94516724594446,19.20560642986381
2018-10-16,726,2018-10-16,28.4285714285714,46.4285714285714,23.7857142857143,12.0714285714286,-621139.285714286,-1588692.85714286,3577,31.800814809171555,49.44944756176627,17.453898152235904
2018-10-24,727,2018-10-24,33.4782608695652,49.2608695652174,16.0869565217391,11.7391304347826,-621140.217391304,-1588665.0,3577,34.99676640336328,48.73836079156905,15.030889335852523
2018-11-09,728,2018-11-09,39.7826086956522,49.1739130434783,9.69565217391304,12.7391304347826,-621140.217391304,-1588665.0,3577,37.14146383494882,47.68013667027153,13.934122017275776
2018-11-17,729,2018-11-17,40.1739130434783,50.6521739130435,8.0,14.0,-621140.217391304,-1588665.0,3577,39.600201837857554,46.964620002653504,12.194093349341623
2018-11-25,730,2018-11-25,42.0434782608696,42.4782608695652,14.2608695652174,12.4347826086957,-621140.217391304,-1588665.0,3577,41.04850650445597,46.61404761019445,11.106245848090534
2018-12-03,731,2018-12-03,42.7647058823529,45.0588235294118,11.0588235294118,13.1176470588235,-621143.823529412,-1588682.64705882,3577,42.208491875517794,45.32206535120511,11.223608484345728
2018-12-11,732,2018-12-11,42.4782608695652,41.7826086956522,14.2608695652174,11.9565217391304,-621140.217391304,-1588665.0,3577,43.0145954700062,44.14304610530584,11.563913903550953
2018-12-19,733,2018-12-19,39.7391304347826,46.2608695652174,12.695652173913,12.7391304347826,-621140.217391304,-1588665.0,3577,43.88467453301743,41.76701904391453,13.049407371703566
2019-01-11,734,2019-01-11,50.0,40.25,8.5,14.5,-621150.0,-1588725.0,3577,46.577777433853534,39.74682022676645,12.310827906621551
2019-01-12,735,2019-01-12,47.4782608695652,36.0869565217391,14.8695652173913,12.8695652173913,-621140.217391304,-1588665.0,3577,49.55618168185026,37.93267879016917,11.067421722567218
2019-01-20,736,2019-01-20,52.7391304347826,37.0869565217391,8.82608695652174,12.9130434782609,-621140.217391304,-1588665.0,3577,52.521681571965495,36.312824493088335,9.659293914100726
2019-01-27,737,2019-01-27,57.0869565217391,33.2173913043478,8.17391304347826,13.6521739130435,-621140.217391304,-1588665.0,3577,55.149812299606495,33.69036686841799,9.575946548758335
2019-02-12,738,2019-02-12,56.5,31.25,10.5,15.0,-621150.0,-1588725.0,3577,56.59602019368144,33.64918153749967,8.16841583665435
2019-02-21,739,2019-02-21,56.2,36.9,5.2,15.8,-621147.0,-1588704.0,3577,56.01287696015625,34.27292010048934,8.14245091293025
2019-02-28,740,2019-02-28,52.5,35.5833333333333,10.5,14.1666666666667,-621147.5,-1588697.5,3577,54.07119660524425,36.09506412060052,8.28400936793598
2019-03-01,741,2019-03-01,54.7826086956522,36.0869565217391,7.56521739130435,15.0,-621140.217391304,-1588665.0,3577,52.20597413085529,37.66093164473945,8.633251188169805
2019-03-09,742,2019-03-09,49.3478260869565,39.5652173913044,9.73913043478261,13.5652173913043,-621140.217391304,-1588665.0,3577,50.13286477957959,38.624348494412715,9.765513998720234
2019-04-01,743,2019-04-01,47.6086956521739,43.7391304347826,7.34782608695652,15.5652173913043,-621140.217391304,-1588665.0,3577,49.04210771056181,39.627024252270715,9.869520034412886
2019-04-02,744,2019-04-02,47.0,37.2608695652174,14.0869565217391,12.5652173913043,-621140.217391304,-1588665.0,3577,49.553336867831874,40.152866505078414,8.809619347175616
2019-04-18,745,2019-04-18,49.3478260869565,41.695652173913,7.34782608695652,13.8260869565217,-621140.217391304,-1588665.0,3577,48.296786121809696,42.58701600541153,7.676295540402817
2019-04-26,746,2019-04-26,48.3478260869565,43.4782608695652,6.95652173913043,13.9130434782609,-621140.217391304,-1588665.0,3577,46.59759483192937,44.67085894455614,7.363090619889789
2019-05-04,747,2019-05-04,47.9565217391304,44.4782608695652,6.1304347826087,13.0869565217391,-621140.217391304,-1588665.0,3577,44.18250631710214,46.08710979267201,8.438441597127184
2019-05-19,748,2019-05-19,40.5652173913044,51.4782608695652,6.73913043478261,13.3913043478261,-621140.217391304,-1588665.0,3577,41.780467283210115,47.963203316655026,9.020187594795114
2019-05-28,749,2019-05-28,37.8461538461538,52.6923076923077,8.53846153846154,12.7692307692308,-621135.0,-1588635.0,3577,38.84471410941416,50.04473491240813,9.958265048989102
2019-06-04,750,2019-06-04,29.8260869565217,51.695652173913,17.3913043478261,14.5217391304348,-621140.217391304,-1588665.0,3577,36.637800150908554,51.44029288029678,10.735380464921095
2019-06-05,751,2019-06-05,39.4782608695652,44.5217391304348,14.4782608695652,10.6521739130435,-621140.217391304,-1588665.0,3577,34.64922387737344,52.215208709503365,11.905828900898399
2019-06-13,752,2019-06-13,34.7826086956522,56.695652173913,7.26086956521739,12.3478260869565,-621140.217391304,-1588665.0,3577,33.98902013835187,53.02135192534804,11.71951465083194
2019-06-20,753,2019-06-20,34.304347826087,55.3478260869565,9.17391304347826,12.6521739130435,-621140.217391304,-1588665.0,3577,33.197316645266184,53.81125118154971,11.756073852008486
2019-06-21,754,2019-06-21,33.1739130434783,53.9565217391304,11.5652173913043,11.7391304347826,-621140.217391304,-1588665.0,3577,32.91697796940793,54.644660680300206,11.187101186913125
2019-06-29,755,2019-06-29,30.304347826087,56.4347826086956,12.0,11.3913043478261,-621140.217391304,-1588665.0,3577,31.956148508909962,56.31400286346272,10.525701818707379
2019-07-06,756,2019-07-06,28.5,58.6666666666667,12.0,12.0,-621130.0,-1588615.0,3577,30.360740417203807,57.77439002195844,10.742727893991601
2019-07-07,757,2019-07-07,31.0434782608696,55.2173913043478,12.4347826086957,11.1739130434783,-621140.217391304,-1588665.0,3577,28.74753901816336,58.24185145405167,11.910900816774664
2019-07-22,758,2019-07-22,27.6,60.35,11.0,11.25,-621141.0,-1588674.0,3577,28.45015837574304,58.39684599287308,12.054596097130311
2019-07-23,759,2019-07-23,30.0434782608696,59.1739130434783,9.52173913043478,10.9130434782609,-621140.217391304,-1588665.0,3577,27.899444814166728,59.50109584406718,11.486395923364205
2019-07-31,760,2019-07-31,25.3333333333333,60.9166666666667,12.75,10.6666666666667,-621132.5,-1588632.5,3577,27.039899235681993,60.02960606718628,11.785469107549735
2019-08-07,761,2019-08-07,25.304347826087,59.9565217391304,13.6086956521739,10.8695652173913,-621140.217391304,-1588665.0,3577,26.632321171891846,59.77653111458923,12.407538450240864
2019-08-08,762,2019-08-08,27.5217391304348,59.3478260869565,11.9130434782609,10.0434782608696,-621140.217391304,-1588665.0,3577,25.82211461979552,60.12657579553303,12.841010517277267
2019-08-16,763,2019-08-16,24.0,61.7826086956522,13.0,10.0869565217391,-621140.217391304,-1588665.0,3577,24.626025426089058,61.291926335422374,12.923901277076073
2019-08-24,764,2019-08-24,25.3913043478261,60.0434782608696,13.2173913043478,9.47826086956522,-621140.217391304,-1588665.0,3577,23.997128057024867,62.2631844867921,12.56761561900019
2019-09-08,765,2019-09-08,21.6086956521739,64.6086956521739,12.8260869565217,9.8695652173913,-621140.217391304,-1588665.0,3577,23.141147854699376,63.557983879080865,12.159258462628557
2019-09-09,766,2019-09-09,25.0,62.7826086956522,11.1304347826087,9.0,-621140.217391304,-1588665.0,3577,22.36391483510546,64.78755497653441,11.74044403570408
2019-09-17,767,2019-09-17,19.7391304347826,67.9565217391304,11.2173913043478,9.04347826086956,-621140.217391304,-1588665.0,3577,23.28295933437596,63.498438598678135,12.182372849923851
2019-09-24,768,2019-09-24,22.6086956521739,64.0,12.4347826086957,10.0,-621140.217391304,-1588665.0,3577,23.661011420935196,61.98483263942022,13.311965393602918
2019-09-25,769,2019-09-25,25.0,59.6086956521739,14.2173913043478,9.17391304347826,-621140.217391304,-1588665.0,3577,23.289316485099782,61.67681652039323,14.001093333908578
2019-10-03,770,2019-10-03,23.3913043478261,60.0,15.6086956521739,9.30434782608696,-621140.217391304,-1588665.0,3577,22.426269425574674,62.44457824385671,14.076871518694457
2019-10-10,771,2019-10-10,24.0,61.0,14.0,11.0,-621105.0,-1588605.0,3577,21.83112922271175,63.027288635436435,14.039905896179581
2019-10-11,772,2019-10-11,23.3478260869565,60.695652173913,14.7826086956522,9.65217391304348,-621140.217391304,-1588665.0,3577,20.52599660899606,65.09568499870412,13.307250183966921
2019-10-19,773,2019-10-19,10.1363636363636,77.0909090909091,11.6818181818182,20.3181818181818,-621137.727272727,-1588667.72727273,3577,20.404756634602673,66.3002885924318,12.243382058121089
2019-10-26,774,2019-10-26,21.7272727272727,69.5454545454545,7.81818181818182,11.6363636363636,-621132.272727273,-1588629.54545455,3577,19.762470771258453,68.42695569105308,10.78040789203888
2019-10-27,775,2019-10-27,23.5217391304348,64.6521739130435,10.6521739130435,10.0,-621140.217391304,-1588665.0,3577,19.682605379022775,68.9871687042327,10.341006013219166
2019-11-04,776,2019-11-04,20.6521739130435,65.8695652173913,12.5652173913043,11.0,-621140.217391304,-1588665.0,3577,20.46533244041725,68.59347376929044,9.930946379037922
2019-11-11,777,2019-11-11,20.7692307692308,69.2307692307692,9.15384615384615,11.0,-621144.230769231,-1588695.0,3577,21.536623293452713,66.89589888953141,10.577274145769799
2019-11-12,778,2019-11-12,22.1739130434783,65.8695652173913,10.8695652173913,11.0,-621140.217391304,-1588665.0,3577,21.572586536287496,66.35843280602647,11.035685883704868
2019-11-20,779,2019-11-20,17.8260869565217,71.1304347826087,9.95652173913044,11.0,-621140.217391304,-1588665.0,3577,20.3524755661951,67.59934506252576,11.039827593709585
2019-11-27,780,2019-11-27,21.0,66.0,12.0,13.0,-621120.0,-1588605.0,3577,17.67791647779345,71.16877248771596,10.160970500541223
2019-11-28,781,2019-11-28,22.9473684210526,69.2631578947368,6.73684210526316,11.2105263157895,-621152.368421053,-1588668.15789474,3577,20.28627026710962,71.68418366331312,7.133667817551932
2019-12-06,782,2019-12-06,20.0434782608696,70.2173913043478,8.91304347826087,12.1304347826087,-621140.217391304,-1588665.0,3577,23.957978190001622,69.56256420255744,5.5301510316398845
2019-12-13,783,2019-12-13,23.2608695652174,74.5217391304348,1.26086956521739,11.0,-621140.217391304,-1588665.0,3577,28.711001862370914,66.23624289173668,4.086112143624408
2019-12-22,784,2019-12-22,36.695652173913,60.7391304347826,1.78260869565217,13.4347826086957,-621140.217391304,-1588665.0,3577,36.129860691973164,59.584683347177,3.192528507828666
2020-01-15,785,2020-01-15,46.0,50.3913043478261,2.1304347826087,13.9130434782609,-621140.217391304,-1588665.0,3577,42.27957661639044,52.988906486854646,3.4704681224644016
2020-01-23,786,2020-01-23,53.5217391304348,42.2173913043478,2.95652173913043,12.8695652173913,-621140.217391304,-1588665.0,3577,46.86027301685719,47.29409531743204,4.426528519619652
2020-01-31,787,2020-01-31,45.0,41.1111111111111,12.0,10.4444444444444,-621101.666666667,-1588655.0,3577,50.65209366441688,42.52874573179142,5.37560725506887
2020-02-08,788,2020-02-08,54.3571428571429,41.1428571428571,3.28571428571429,12.7142857142857,-621139.285714286,-1588637.14285714,3577,52.82882529333769,40.088453915597555,5.632380775347395
2020-02-16,789,2020-02-16,53.304347826087,38.6086956521739,6.52173913043478,12.3913043478261,-621140.217391304,-1588665.0,3577,53.37280440651567,39.3313799764138,5.871864573707821
2020-02-24,790,2020-02-24,46.6521739130435,49.0434782608696,3.21739130434783,16.9565217391304,-621140.217391304,-1588665.0,3577,53.800652840219456,40.49351385964053,4.369149359187745
2020-03-11,791,2020-03-11,59.8260869565217,36.304347826087,2.60869565217391,15.0,-621140.217391304,-1588665.0,3577,54.5175734885574,40.43881913392684,3.711612791569163
2020-03-18,792,2020-03-18,58.2608695652174,39.0869565217391,1.39130434782609,15.1304347826087,-621140.217391304,-1588665.0,3577,57.216302811461844,39.74666581679047,1.6576991456515178
2020-03-19,793,2020-03-19,57.3913043478261,37.1739130434783,3.65217391304348,14.0869565217391,-621140.217391304,-1588665.0,3577,56.918269306401875,39.98933099486466,1.7316581034337353
2020-03-27,794,2020-03-27,56.0,41.0,1.65217391304348,14.5652173913043,-621140.217391304,-1588665.0,3577,56.49009235480326,40.039007883882164,2.031185687894536
2020-04-19,795,2020-04-19,53.8695652173913,43.5217391304348,1.34782608695652,15.0,-621140.217391304,-1588665.0,3577,56.29874291813147,41.11073233588333,1.2384226250362271
2020-04-20,796,2020-04-20,53.0434782608696,42.304347826087,3.1304347826087,14.2173913043478,-621140.217391304,-1588665.0,3577,53.72409579919882,43.382657600425546,1.5937296599667201
2020-04-28,797,2020-04-28,52.4347826086956,45.695652173913,1.04347826086957,14.8260869565217,-621140.217391304,-1588665.0,3577,48.1593565944012,46.13663549450885,4.4832299108983555
2020-05-05,798,2020-05-05,38.0,48.3846153846154,12.3076923076923,11.3846153846154,-621125.769230769,-1588685.76923077,3577,43.62894660705919,47.15473239356835,8.064991880628924
2020-05-06,799,2020-05-06,49.4347826086956,44.5217391304348,4.73913043478261,13.9130434782609,-621140.217391304,-1588665.0,3577,37.84419536343461,48.53017822694569,12.470475409889174
2020-05-30,800,2020-05-30,25.2173913043478,53.3478260869565,20.4347826086957,13.4347826086957,-621140.217391304,-1588665.0,3577,32.35570824620405,48.41565064208022,17.95584552783266
2020-06-06,801,2020-06-06,25.0,47.8695652173913,25.6521739130435,12.9565217391304,-621140.217391304,-1588665.0,3577,28.227243297425062,48.42844581969359,22.05974575962779
2020-06-07,802,2020-06-07,24.0869565217391,45.2608695652174,29.304347826087,12.2173913043478,-621140.217391304,-1588665.0,3577,25.711438640932055,47.50395666876838,25.45662665282353
2020-06-15,803,2020-06-15,29.4,48.8,20.6,12.6,-621159.0,-1588719.0,3577,25.046896674224598,46.43565552523246,27.152214866075354
2020-06-23,804,2020-06-23,24.8695652173913,43.1739130434783,30.3478260869565,11.8695652173913,-621140.217391304,-1588665.0,3577,25.337611411887252,45.27889253422059,28.04393551702169
2020-07-01,805,2020-07-01,26.9411764705882,43.2941176470588,28.5294117647059,11.4705882352941,-621143.823529412,-1588682.64705882,3577,25.51688517194536,43.97298052441387,29.125119470486595
2020-07-08,806,2020-07-08,27.0869565217391,45.304347826087,26.4347826086957,11.8695652173913,-621140.217391304,-1588665.0,3577,27.423442124450744,42.98414044286096,28.23270246416792
2020-07-09,807,2020-07-09,25.0,41.7826086956522,31.695652173913,11.2608695652174,-621140.217391304,-1588665.0,3577,25.96536154493056,42.86885197973058,29.845571672350964
2020-07-17,808,2020-07-17,25.4347826086957,43.4347826086956,29.8260869565217,11.4782608695652,-621140.217391304,-1588665.0,3577,25.95320390218849,41.954026952193196,30.792800325179947
2020-07-25,809,2020-07-25,25.6086956521739,39.7391304347826,33.304347826087,11.0869565217391,-621140.217391304,-1588665.0,3577,25.8668923009996,41.96828307843177,30.919540867859595
2020-08-02,810,2020-08-02,27.0434782608696,43.304347826087,28.5217391304348,11.2173913043478,-621140.217391304,-1588665.0,3577,26.13956580618563,42.44654333085866,30.147905513551446
2020-08-09,811,2020-08-09,25.8695652173913,43.3913043478261,29.5217391304348,11.2608695652174,-621140.217391304,-1588665.0,3577,25.83629553067336,43.03586915256897,29.821195577103587
2020-08-10,812,2020-08-10,26.2173913043478,41.8695652173913,30.5652173913043,10.9565217391304,-621140.217391304,-1588665.0,3577,25.999602625378763,43.969119252442276,28.740109041882064
2020-08-18,813,2020-08-18,26.1818181818182,46.7272727272727,25.8181818181818,11.5454545454545,-621132.272727273,-1588629.54545455,3577,25.662574897412405,44.521391615145276,28.45816343007514
2020-08-25,814,2020-08-25,23.8,46.2,28.4,11.4,-621135.0,-1588611.0,3577,25.377684606900452,45.2838370479292,27.955455882969176
2020-08-26,815,2020-08-26,25.9565217391304,44.4347826086956,28.1739130434783,11.0434782608696,-621140.217391304,-1588665.0,3577,25.647964830231935,45.73851492673846,27.2194696601587
2020-09-03,816,2020-09-03,26.4782608695652,47.2608695652174,25.1304347826087,11.0,-621140.217391304,-1588665.0,3577,25.75404262236802,45.87617085614416,26.99369431784992
2020-09-11,817,2020-09-11,25.6086956521739,44.0,28.9130434782609,10.7391304347826,-621140.217391304,-1588665.0,3577,26.4442332468945,47.547225220592715,24.680303442683673
2020-09-19,818,2020-09-19,26.695652173913,48.2173913043478,23.7826086956522,10.9565217391304,-621140.217391304,-1588665.0,3577,26.7418290418654,47.517387041542,24.43382112570066
2020-09-26,819,2020-09-26,28.9565217391304,51.0,19.0,11.7826086956522,-621140.217391304,-1588665.0,3577,27.33188827014044,47.862466994646894,23.535678900025367
2020-09-27,820,2020-09-27,26.7391304347826,46.695652173913,25.0,10.7391304347826,-621140.217391304,-1588665.0,3577,27.84848739028681,48.81188877159024,22.105327165131236
2020-10-05,821,2020-10-05,26.6521739130435,51.5652173913044,20.6521739130435,11.0,-621140.217391304,-1588665.0,3577,27.748225090924024,49.249036842019585,21.725399182145342
2020-10-12,822,2020-10-12,29.4761904761905,48.4285714285714,20.7619047619048,11.4285714285714,-621142.142857143,-1588670.71428571,3577,27.388124332147235,49.155596203176614,22.166141980134704
2020-10-13,823,2020-10-13,27.2608695652174,44.8695652173913,26.6521739130435,10.6521739130435,-621140.217391304,-1588665.0,3577,28.040783703793316,50.240181255396294,20.42698140029635
2020-10-29,824,2020-10-29,30.0,55.5,13.25,12.5,-621187.5,-1588627.5,3577,29.170910861942435,50.350124856594334,19.12767009185567
2020-11-06,825,2020-11-06,28.7826086956522,48.6521739130435,21.0869565217391,11.0434782608696,-621140.217391304,-1588665.0,3577,30.337117956086768,50.22630576251562,18.091702817989376
2020-11-13,826,2020-11-13,31.1176470588235,49.3529411764706,18.1176470588235,11.7058823529412,-621133.235294118,-1588647.35294118,3577,32.010603911535846,49.57569758358848,17.120655254729783
2020-11-29,827,2020-11-29,36.6521739130435,48.6521739130435,13.4782608695652,11.8260869565217,-621140.217391304,-1588665.0,3577,34.99347537351497,46.91938784084522,16.78292439311206
2020-12-15,828,2020-12-15,41.6086956521739,46.0869565217391,11.0434782608696,12.5217391304348,-621140.217391304,-1588665.0,3577,39.03674816996429,43.4716650250463,16.2347997146002
2020-12-31,829,2020-12-31,38.304347826087,36.1304347826087,24.3478260869565,10.9130434782609,-621140.217391304,-1588665.0,3577,43.20386412854869,40.07225166177162,15.485042466973038
2021-01-09,830,2021-01-09,44.6666666666667,37.6666666666667,16.5,11.25,-621147.5,-1588697.5,3577,46.06421058594212,37.11600791830444,15.554185284905824
2021-02-17,831,2021-02-17,53.0869565217391,36.1304347826087,9.43478260869565,13.3913043478261,-621140.217391304,-1588665.0,3577,48.776548020454065,36.74665200357033,13.142631174936305
2021-02-26,832,2021-02-26,53.8695652173913,33.4347826086956,11.1739130434783,12.8695652173913,-621140.217391304,-1588665.0,3577,50.55321668490002,36.35895302172419,11.679102833901648
2021-03-30,833,2021-03-30,48.1818181818182,39.2272727272727,11.1363636363636,12.1363636363636,-621141.818181818,-1588667.72727273,3577,51.728066478138466,36.64375984286099,10.122925191631866
2021-04-06,834,2021-04-06,49.2608695652174,42.0434782608696,7.17391304347826,18.1739130434783,-621140.217391304,-1588665.0,3577,52.19418881879708,38.102264030827584,8.187332088118929
2021-04-07,835,2021-04-07,51.9565217391304,36.5652173913044,9.82608695652174,13.1739130434783,-621140.217391304,-1588665.0,3577,51.9515256186118,39.11662177748735,7.410582631919282
2021-04-15,836,2021-04-15,53.5652173913044,40.304347826087,4.78260869565217,14.4782608695652,-621140.217391304,-1588665.0,3577,49.77010656022137,39.459292797693564,9.230298146888995
2021-04-23,837,2021-04-23,48.695652173913,38.5652173913044,11.2608695652174,12.6521739130435,-621140.217391304,-1588665.0,3577,48.694703566718104,41.15121000952939,8.67412295605732
2021-05-09,838,2021-05-09,46.0,41.6521739130435,10.7826086956522,12.7391304347826,-621140.217391304,-1588665.0,3577,47.27083170564089,42.74497551176147,8.54996060609071
2021-05-24,839,2021-05-24,44.5217391304348,47.5652173913044,6.69565217391304,13.2608695652174,-621140.217391304,-1588665.0,3577,44.99868522243,44.20950695330842,9.401401174316725
2021-05-25,840,2021-05-25,43.0869565217391,44.6086956521739,10.7391304347826,12.1739130434783,-621140.217391304,-1588665.0,3577,42.04161964028074,46.664593034723374,9.982697900653069
2021-06-02,841,2021-06-02,40.0,50.25,8.5,12.25,-621150.0,-1588725.0,3577,41.51823219405719,48.76407797493353,8.446539229752403
2021-06-09,842,2021-06-09,42.25,49.75,7.0,13.5,-621150.0,-1588605.0,3577,41.055868829419026,48.86922352112092,8.770858611481883
2021-06-10,843,2021-06-10,37.4782608695652,47.304347826087,13.7826086956522,11.1739130434783,-621140.217391304,-1588665.0,3577,40.813522747269516,49.21708978641209,8.707480167338876
2021-06-18,844,2021-06-18,42.9130434782609,48.8695652173913,6.95652173913043,12.695652173913,-621140.217391304,-1588665.0,3577,39.68958651613866,48.784601636223094,10.225590236626534
2021-06-25,845,2021-06-25,42.0,49.3333333333333,7.33333333333333,15.3333333333333,-621165.0,-1588725.0,3577,39.940740250903886,47.815199114155476,10.918489125177487
2021-06-26,846,2021-06-26,40.4347826086956,46.8695652173913,11.2173913043478,12.2173913043478,-621140.217391304,-1588665.0,3577,39.66402761997135,47.9300101567495,11.111593481224332
2021-07-04,847,2021-07-04,32.1666666666667,46.9444444444444,19.6111111111111,10.7777777777778,-621135.0,-1588650.0,3577,39.96223428161852,47.533016903820126,11.183471163076424
2021-07-11,848,2021-07-11,41.1333333333333,50.7333333333333,7.06666666666667,12.9333333333333,-621135.0,-1588641.0,3577,38.46999268510335,48.85667887323502,11.353597297841112
2021-07-12,849,2021-07-12,39.9565217391304,47.4782608695652,11.0869565217391,12.0434782608696,-621140.217391304,-1588665.0,3577,37.47616742524647,50.075710790301486,11.164770169479759
2021-07-20,850,2021-07-20,40.4782608695652,50.1739130434783,8.21739130434783,12.3913043478261,-621140.217391304,-1588665.0,3577,36.13954240222374,51.00510300186478,11.563056176259453
2021-07-27,851,2021-07-27,31.4782608695652,55.6521739130435,11.5217391304348,11.0869565217391,-621140.217391304,-1588665.0,3577,36.09298573727969,52.01896716823924,10.609500720483117
2021-07-28,852,2021-07-28,36.4347826086956,51.0869565217391,11.0869565217391,11.5652173913043,-621140.217391304,-1588665.0,3577,36.562232289175256,52.82521016919205,9.416857450440645
2021-08-05,853,2021-08-05,31.7826086956522,54.4347826086956,12.6521739130435,11.4782608695652,-621140.217391304,-1588665.0,3577,37.150673233546286,52.4407194098843,9.264648172689947
2021-08-12,854,2021-08-12,42.7142857142857,49.7857142857143,6.57142857142857,13.4285714285714,-621139.285714286,-1588692.85714286,3577,36.890573085213724,51.891332968004676,10.104925648717396
2021-08-13,855,2021-08-13,38.4782608695652,51.0434782608696,9.34782608695652,12.1739130434783,-621140.217391304,-1588665.0,3577,38.07950402707928,51.647210896588845,9.203744078301483
2021-08-21,856,2021-08-21,40.5217391304348,51.3478260869565,7.08695652173913,12.5217391304348,-621140.217391304,-1588665.0,3577,39.74040400162893,50.144529163432125,8.966320255548721
2021-08-28,857,2021-08-28,39.4347826086956,50.4347826086956,9.08695652173913,12.6521739130435,-621140.217391304,-1588665.0,3577,40.4206538172514,49.73142486066281,8.677682078489411
2021-08-29,858,2021-08-29,36.1304347826087,49.0,13.2608695652174,10.7391304347826,-621140.217391304,-1588665.0,3577,38.89377910312356,50.48627321048815,9.406487912137036
2021-09-06,859,2021-09-06,37.0,52.0769230769231,9.69230769230769,10.3076923076923,-621135.0,-1588635.0,3577,37.20408905091419,50.914894002136904,10.57570311885037
2021-09-13,860,2021-09-13,39.7368421052632,50.7894736842105,8.36842105263158,12.6842105263158,-621138.157894737,-1588677.63157895,3577,34.97086704176462,52.29219514147093,11.512887299696006
2021-09-14,861,2021-09-14,36.1304347826087,51.2173913043478,11.304347826087,11.304347826087,-621140.217391304,-1588665.0,3577,34.63244061589288,52.78823880451217,11.376389784245903
2021-09-22,862,2021-09-22,28.0,57.0,14.0,12.0,-621105.0,-1588605.0,3577,33.77882298641832,53.16409673304142,11.827579675400997
2021-09-29,863,2021-09-29,32.6666666666667,53.6666666666667,12.3333333333333,11.0,-621165.0,-1588725.0,3577,34.07419518771392,53.30721942860303,11.368972388353095
2021-09-30,864,2021-09-30,35.4347826086956,52.1739130434783,11.0,11.0869565217391,-621140.217391304,-1588665.0,3577,33.96977457013364,53.23707174156172,11.470415754156
2021-10-08,865,2021-10-08,37.1739130434783,52.6521739130435,9.04347826086956,11.5217391304348,-621140.217391304,-1588665.0,3577,33.583818360860626,53.21385568685184,11.719900173363152
2021-10-15,866,2021-10-15,36.0,51.0,11.0,11.0,-621195.0,-1588725.0,3577,35.423743380238584,53.187733518654895,9.904427269517075
2021-10-16,867,2021-10-16,35.0434782608696,53.5217391304348,10.1739130434783,11.0869565217391,-621140.217391304,-1588665.0,3577,36.76288523627352,52.977819369448795,8.802609742984343
2021-10-24,868,2021-10-24,36.7826086956522,54.6086956521739,7.21739130434783,11.3478260869565,-621140.217391304,-1588665.0,3577,38.68038422506466,52.0004514334197,7.9012422494709895
2021-11-01,869,2021-11-01,37.6521739130435,52.6521739130435,8.34782608695652,12.0434782608696,-621140.217391304,-1588665.0,3577,38.97751409260489,53.26833370712532,6.596540490064886
2021-11-09,870,2021-11-09,44.5652173913044,50.4782608695652,3.8695652173913,13.695652173913,-621140.217391304,-1588665.0,3577,43.02621719116179,49.54706864784691,6.21247953822905
2021-11-16,871,2021-11-16,46.9473684210526,48.1578947368421,4.0,13.9473684210526,-621138.157894737,-1588677.63157895,3577,44.471729369683075,48.685885269019444,5.67407730242482
2021-11-17,872,2021-11-17,41.0,48.4347826086956,9.30434782608696,12.5217391304348,-621140.217391304,-1588665.0,3577,44.86504208652159,48.72045267397034,5.329399590402964
2021-11-25,873,2021-11-25,50.6086956521739,46.1739130434783,2.1304347826087,14.8260869565217,-621140.217391304,-1588665.0,3577,44.46428682840087,48.79220522305567,5.60069920656726
2021-12-11,874,2021-12-11,42.1739130434783,49.6086956521739,6.95652173913043,12.4347826086957,-621140.217391304,-1588665.0,3577,44.402065872711226,48.83555333515285,5.633975527769277
2021-12-19,875,2021-12-19,48.4444444444444,41.0,8.66666666666667,12.3333333333333,-621158.333333333,-1588645.0,3577,44.64599813552394,48.45828791295686,5.681955770257519
2021-12-27,876,2021-12-27,32.8260869565217,66.0434782608696,1.0,4.0,-621140.217391304,-1588665.0,3577,47.05659385848691,46.315634206736796,5.298752667442143
2022-02-21,877,2022-02-21,57.0,35.8260869565217,5.52173913043478,14.6521739130435,-621140.217391304,-1588665.0,3577,51.049970275175355,44.08097606921609,3.461015092055093
2022-04-10,878,2022-04-10,55.5652173913044,38.4347826086956,4.21739130434783,14.4782608695652,-621140.217391304,-1588665.0,3577,53.531048579690605,41.602388613923196,3.3587045161949303
2022-04-18,879,2022-04-18,56.4347826086956,38.3478260869565,3.56521739130435,14.7391304347826,-621140.217391304,-1588665.0,3577,53.874363398517424,40.214340982742534,4.296651188358718
2022-04-26,880,2022-04-26,54.5217391304348,39.695652173913,4.08695652173913,14.7391304347826,-621140.217391304,-1588665.0,3577,54.126998366188026,39.521111275311846,4.719318640707084
2022-05-04,881,2022-05-04,54.1739130434783,40.6086956521739,3.60869565217391,14.8695652173913,-621140.217391304,-1588665.0,3577,51.08291212234454,40.65425938981664,6.613808074636264
2022-05-20,882,2022-05-20,41.4782608695652,47.1739130434783,9.8695652173913,14.9130434782609,-621140.217391304,-1588665.0,3577,47.4737008403649,42.51712246562869,8.375997202419416
2022-05-28,883,2022-05-28,40.0,44.1304347826087,14.3478260869565,13.695652173913,-621140.217391304,-1588665.0,3577,42.71382762539625,47.063657808428616,8.82412008505563
2022-06-05,884,2022-06-05,44.4347826086956,47.6521739130435,6.60869565217391,15.1304347826087,-621140.217391304,-1588665.0,3577,42.03691466329879,46.52028095253577,10.007193506451664
2022-06-13,885,2022-06-13,43.0869565217391,45.9565217391304,9.47826086956522,14.2173913043478,-621140.217391304,-1588665.0,3577,41.09536859938231,47.18316070668551,10.264018724577157
2022-06-21,886,2022-06-21,39.9090909090909,48.0454545454545,10.5,15.5,-621141.818181818,-1588667.72727273,3577,41.441071771013306,46.776695245177834,10.309572578449755
2022-06-29,887,2022-06-29,43.2173913043478,46.1304347826087,9.21739130434783,13.7391304347826,-621140.217391304,-1588665.0,3577,42.05311404413799,46.42329505073705,10.072647167072905
2022-07-07,888,2022-07-07,42.5217391304348,45.9130434782609,10.1304347826087,13.4782608695652,-621140.217391304,-1588665.0,3577,42.15395645849378,46.15809138547347,10.249187883053619
2022-07-15,889,2022-07-15,40.1739130434783,46.3913043478261,11.9565217391304,12.9565217391304,-621140.217391304,-1588665.0,3577,41.43788388949851,47.08077368487954,10.069387403549303
2022-07-23,890,2022-07-23,41.2608695652174,47.5217391304348,9.8695652173913,13.0869565217391,-621140.217391304,-1588665.0,3577,41.254974128033,47.563902849061996,9.828749457567472
2022-07-31,891,2022-07-31,40.6086956521739,47.3478260869565,10.8695652173913,12.9130434782609,-621140.217391304,-1588665.0,3577,41.06273373953472,47.99435824640385,9.644962051004487
2022-08-08,892,2022-08-08,38.7826086956522,50.6521739130435,9.30434782608696,12.7826086956522,-621140.217391304,-1588665.0,3577,39.188319823931145,48.52603621979664,11.010809085918499
2022-08-16,893,2022-08-16,38.8695652173913,49.0,10.6521739130435,12.7826086956522,-621140.217391304,-1588665.0,3577,36.61141886784091,49.38271817023266,12.733508448744145
2022-08-24,894,2022-08-24,38.0434782608696,49.4782608695652,11.304347826087,12.3478260869565,-621140.217391304,-1588665.0,3577,35.1439068402268,49.44503161395679,14.104015919466793
2022-09-09,895,2022-09-09,30.695652173913,46.2608695652174,21.7391304347826,12.695652173913,-621140.217391304,-1588665.0,3577,34.163891835713365,48.4484005696748,16.00619853964617
2022-09-17,896,2022-09-17,30.7826086956522,47.5217391304348,20.1739130434783,12.3913043478261,-621140.217391304,-1588665.0,3577,33.33213347427416,47.34018263335096,17.90320959159029
2022-09-25,897,2022-09-25,33.5652173913044,49.0,16.0434782608696,12.1739130434783,-621140.217391304,-1588665.0,3577,34.3637060207207,45.07284013603167,19.10911877192384
2022-10-19,898,2022-10-19,39.7826086956522,42.2608695652174,16.3478260869565,11.2608695652174,-621140.217391304,-1588665.0,3577,36.4020409527153,43.79396280122505,18.327422207618692
2022-10-27,899,2022-10-27,41.2608695652174,39.4347826086956,17.7391304347826,11.5217391304348,-621140.217391304,-1588665.0,3577,39.06063774023797,41.397937783713104,18.015357935912547
2022-11-04,900,2022-11-04,40.9130434782609,38.4347826086956,19.2173913043478,11.5652173913043,-621140.217391304,-1588665.0,3577,42.34623038378592,38.796958567822735,17.275864318299405
2022-11-12,901,2022-11-12,44.8695652173913,38.695652173913,14.9130434782609,12.3913043478261,-621140.217391304,-1588665.0,3577,45.90687706648804,36.182582876434665,16.27536011123982
2022-11-28,902,2022-11-28,51.3478260869565,33.3913043478261,13.4347826086957,12.8260869565217,-621140.217391304,-1588665.0,3577,49.2780051643963,33.7919913315323,15.250133991283592
2022-12-06,903,2022-12-06,49.7391304347826,35.2173913043478,13.3478260869565,12.9565217391304,-621140.217391304,-1588665.0,3577,51.88241124649115,31.90798745420832,14.506344555072575
2023-01-15,904,2023-01-15,53.0,24.9,20.4,11.0,-621133.5,-1588657.5,3577,53.03026107468152,30.858997664664592,14.420020319340608
2023-02-08,905,2023-02-08,52.4782608695652,33.4347826086956,12.4782608695652,13.6521739130435,-621140.217391304,-1588665.0,3577,51.91908960380481,31.01907128221226,15.437059720913588
