time,Unnamed: 0,time_ymd,pv,npv,bs,ue,x,y,spatial_ref,pv_filter,npv_filter,bs_filter
1987-09-14,1,1987-09-14,6.15,27.5,64.75,7.55,144690.0,-2584755.0,3577,6.188927588579314,26.914052287581704,65.23909098727212
1987-09-23,2,1987-09-23,7.7,24.4,66.25,7.05,144690.0,-2584755.0,3577,8.075812079217668,24.286251167133514,66.0526211361738
1987-09-30,3,1987-09-30,9.35,23.15,65.9,7.5,144690.0,-2584755.0,3577,8.89520629439361,22.742348990878394,66.80158333238832
1987-10-09,4,1987-10-09,9.5,17.9,71.0,7.0,144690.0,-2584755.0,3577,9.005309276207115,22.099188393306036,67.33012433043396
1987-10-16,5,1987-10-16,9.55,22.25,66.65,7.15,144690.0,-2584755.0,3577,8.70921170762502,22.158741585212177,67.5487448868641
1987-10-25,6,1987-10-25,6.3,23.9,68.25,6.9,144690.0,-2584755.0,3577,8.254895912481048,22.708110353698597,67.43429976026727
1987-11-01,7,1987-11-01,7.5,28.2,62.8,7.1,144690.0,-2584755.0,3577,7.835235855475784,23.519526062173135,67.02999771126707
1987-11-10,8,1987-11-10,7.15,25.35,65.8,7.0,144690.0,-2584755.0,3577,7.587997142175575,24.35034965034601,66.44540150251231
1987-11-17,9,1987-11-17,9.4,25.4,63.65,7.8,144690.0,-2584755.0,3577,7.635329840437058,25.53321678321297,65.22678992832817
1987-11-26,10,1987-11-26,7.95,22.65,67.75,7.1,144690.0,-2584755.0,3577,7.972869081381822,24.959822685051154,65.4651659485927
1987-12-03,11,1987-12-03,8.9,13.45,75.9,7.1,144690.0,-2584755.0,3577,8.855016345881895,22.092269804495608,67.45201346639968
1987-12-19,12,1987-12-19,7.95,29.75,60.9,7.15,144690.0,-2584755.0,3577,9.511157418431539,19.65483123687164,69.24196453700063
1988-01-04,13,1988-01-04,9.75,22.35,66.35,7.05,144690.0,-2584755.0,3577,9.70098183550051,18.49089934832692,70.24847041502338
1988-01-13,14,1988-01-13,10.85,14.45,73.25,6.6,144690.0,-2584755.0,3577,9.968607244147549,16.802854575762282,71.70667583189731
1988-01-20,15,1988-01-20,10.7,5.6,81.95,6.55,144690.0,-2584755.0,3577,10.309184004848099,13.01966593777545,75.16717724998335
1988-01-29,16,1988-01-29,10.75,14.35,73.45,6.5,144690.0,-2584755.0,3577,10.38647188724433,12.305790339689429,75.80758838683403
1988-02-14,17,1988-02-14,8.0,17.05,73.5,6.5,144690.0,-2584755.0,3577,9.115845764141614,11.89163220680071,77.45101864079035
1988-03-01,18,1988-03-01,9.9,11.85,76.8,6.2,144690.0,-2584755.0,3577,8.76259499014786,11.771375219206277,77.91979150878916
1988-03-17,19,1988-03-17,9.5,7.25,81.65,6.0,144690.0,-2584755.0,3577,9.056839290738868,16.132168914674242,73.27845266187825
1988-04-09,20,1988-04-09,9.65,20.45,68.3,6.75,144690.0,-2584755.0,3577,10.618161250512607,17.747003615576812,70.1102134707293
1988-04-18,21,1988-04-18,9.35,28.0,61.05,8.6,144690.0,-2584755.0,3577,12.615386780400375,18.22684188875867,67.65337959253357
1988-05-04,22,1988-05-04,14.9,11.4,72.3,6.15,144690.0,-2584755.0,3577,14.691709064926684,18.622287774142578,65.1818733897584
1988-06-05,23,1988-06-05,21.1,20.9,56.6,7.55,144690.0,-2584755.0,3577,16.1802333888997,20.07518240273358,62.257868756621065
1988-07-23,24,1988-07-23,15.85,21.8,60.75,7.5,144690.0,-2584755.0,3577,16.524899867931452,20.494524670373,61.4833228690722
1988-08-08,25,1988-08-08,15.65,13.65,69.3,6.05,144690.0,-2584755.0,3577,16.049360237283537,19.54737599861147,62.85823680962061
1988-08-24,26,1988-08-24,13.1,24.85,60.4,7.65,144690.0,-2584755.0,3577,14.735934962867745,18.88105176556907,64.80137695121248
1988-09-09,27,1988-09-09,12.55,21.75,64.05,7.1,144690.0,-2584755.0,3577,12.136429669399993,20.809125549370115,65.45546342201712
1988-09-25,28,1988-09-25,10.1,18.45,69.75,7.05,144690.0,-2584755.0,3577,10.135556084780575,22.218976379654173,66.04586914632367
1988-10-02,29,1988-10-02,9.6,21.15,67.75,7.15,144690.0,-2584755.0,3577,8.826577756607398,21.369868366923995,68.25694970662991
1988-10-11,30,1988-10-11,9.0,23.15,66.35,7.0,144690.0,-2584755.0,3577,8.92520080538523,22.066366450883272,67.45804412304952
1988-10-27,31,1988-10-27,9.25,23.45,65.9,7.05,144690.0,-2584755.0,3577,9.526093875163658,21.60187490527725,67.30875749636354
1988-11-12,32,1988-11-12,8.9,21.5,67.95,6.8,144690.0,-2584755.0,3577,11.186851847840888,20.75125246270447,66.50312087292517
1988-12-14,33,1988-12-14,14.7,18.75,64.95,7.1,144690.0,-2584755.0,3577,12.853394747665273,22.08870943297858,63.502834008087675
1988-12-21,34,1988-12-21,12.65,21.5,64.25,7.75,144690.0,-2584755.0,3577,14.600639762711884,22.29128580397597,61.59785988004883
1988-12-30,35,1988-12-30,19.05,21.5,57.8,7.5,144690.0,-2584755.0,3577,16.020064301021662,19.97333889020897,62.4656844703191
1989-01-15,36,1989-01-15,15.65,22.45,60.6,7.3,144690.0,-2584755.0,3577,15.503195566041546,20.59049990257113,62.36637402843901
1989-01-22,37,1989-01-22,13.05,24.45,61.05,7.5,144690.0,-2584755.0,3577,13.640867955571801,22.376573426570083,62.47275758296496
1989-01-31,38,1989-01-31,12.35,21.1,65.1,6.2,144690.0,-2584755.0,3577,11.685838619583006,23.388230964078865,63.4346684275382
1989-03-04,39,1989-03-04,11.4,20.0,66.85,6.95,144690.0,-2584755.0,3577,10.502316568878467,25.9491643031852,62.03842798067876
1989-03-11,40,1989-03-11,8.45,27.45,62.35,7.15,144690.0,-2584755.0,3577,11.103684860029952,29.658135053796254,57.65195609343354
1989-03-27,41,1989-03-27,7.55,40.8,50.4,8.5,144690.0,-2584755.0,3577,12.039965143214118,29.769421290779064,56.56295654808741
1989-04-21,42,1989-04-21,17.15,22.9,58.4,7.75,144690.0,-2584755.0,3577,14.155826062480294,26.880433653030252,57.35750503365746
1989-05-07,43,1989-05-07,18.1,25.9,54.25,8.0,144690.0,-2584755.0,3577,14.747093463809524,23.610019701657038,60.11604711077497
1989-05-23,44,1989-05-23,15.7,27.4,55.3,7.85,144690.0,-2584755.0,3577,14.33778280542772,20.339073155943183,63.81607309098615
1989-06-15,45,1989-06-15,12.45,7.75,78.25,6.35,144690.0,-2584755.0,3577,12.889440126435103,17.02535019160152,68.58743423757878
1989-06-24,46,1989-06-24,8.7,3.35,86.8,5.0,144690.0,-2584755.0,3577,10.961202883801866,15.44659117971581,72.07429366298257
1989-08-11,47,1989-08-11,7.7,26.35,64.4,7.25,144690.0,-2584755.0,3577,8.427930892635516,17.288815518843894,72.75229167116625
1989-08-18,48,1989-08-18,5.55,27.65,65.1,7.85,144690.0,-2584755.0,3577,6.7649191365899535,20.765895559545704,70.97886076770465
1989-08-27,49,1989-08-27,8.35,22.25,67.8,7.15,144690.0,-2584755.0,3577,6.867649223840147,23.879287276187732,67.7225843815526
1989-09-12,50,1989-09-12,8.05,23.85,66.65,7.1,144690.0,-2584755.0,3577,7.333887938685603,26.37893870834653,64.73942497130383
1989-09-19,51,1989-09-19,8.75,26.05,63.65,7.1,144690.0,-2584755.0,3577,7.773334560175503,27.118327956868796,63.54529433413933
1989-09-28,52,1989-09-28,6.55,25.7,66.15,7.25,144690.0,-2584755.0,3577,7.912535452162752,24.09853103552434,66.39172746756894
1989-10-14,53,1989-10-14,8.3,23.6,66.6,7.0,144690.0,-2584755.0,3577,8.007645759811746,22.090082054165443,68.32235164215567
1989-11-06,54,1989-11-06,7.4,24.4,66.55,7.1,144690.0,-2584755.0,3577,7.858702288422478,23.61057611119178,66.90631535646017
1989-11-15,55,1989-11-15,8.65,15.0,74.7,5.8,144690.0,-2584755.0,3577,8.019534954208678,23.736841022750788,66.59762605814242
1989-11-22,56,1989-11-22,8.15,27.25,62.75,7.2,144690.0,-2584755.0,3577,8.689201974494795,22.314355149491135,67.35093637012136
1989-12-08,57,1989-12-08,9.2,23.3,65.95,7.15,144690.0,-2584755.0,3577,9.357747515640856,21.289404403642706,67.72472774902104
1989-12-24,58,1989-12-24,9.95,23.35,65.25,7.1,144690.0,-2584755.0,3577,9.86257009244478,21.007951027297736,67.4975448699806
1990-01-02,59,1990-01-02,8.95,18.15,71.25,6.8,144690.0,-2584755.0,3577,9.257075277662128,19.636975253845385,69.46750633266623
1990-02-03,60,1990-02-03,10.65,13.8,73.9,6.7,144690.0,-2584755.0,3577,9.051162614473954,17.542063045311195,71.8228701638811
1990-04-08,61,1990-04-08,7.2,16.7,74.4,6.05,144690.0,-2584755.0,3577,7.862230184674829,16.66255493732025,73.87859338802508
1990-04-24,62,1990-04-24,6.75,19.35,72.3,6.7,144690.0,-2584755.0,3577,6.3632748056887145,15.42787351966688,76.60026304963242
1990-05-01,63,1990-05-01,4.5,16.05,77.85,6.45,144690.0,-2584755.0,3577,5.3960607503943105,17.45456818722812,75.48528762258286
1990-05-10,64,1990-05-10,4.5,13.7,80.25,6.05,144690.0,-2584755.0,3577,4.518269501395762,18.780288596849257,75.06005650694931
1990-05-26,65,1990-05-26,6.5,21.4,70.5,7.0,144690.0,-2584755.0,3577,5.404234774512605,17.32979280780879,75.60480922585056
1990-06-11,66,1990-06-11,3.0,21.3,73.8,18.35,144690.0,-2584755.0,3577,6.172056117256433,16.417745567123916,75.7563186039853
1990-06-27,67,1990-06-27,8.65,14.2,75.6,6.55,144690.0,-2584755.0,3577,7.246124618414556,16.440433869533578,74.6864751347612
1990-07-13,68,1990-07-13,9.85,16.2,72.3,6.6,144690.0,-2584755.0,3577,7.9772705622538895,16.55411569854047,73.88790152055303
1990-07-29,69,1990-07-29,7.75,10.15,80.65,5.35,144690.0,-2584755.0,3577,8.482633310960217,17.46652774469851,72.49821494294096
1990-08-14,70,1990-08-14,11.0,16.4,71.0,6.75,144690.0,-2584755.0,3577,8.845234796162266,17.357484465995803,72.24457554827993
1990-08-30,71,1990-08-30,3.5,31.5,63.6666666666667,10.0,144720.0,-2584725.0,3577,8.23327307367432,18.1834982355079,72.05040557996139
1990-10-17,72,1990-10-17,9.85,15.85,72.55,6.75,144690.0,-2584755.0,3577,7.730034207277635,20.049718547703165,70.61820888089184
1990-11-02,73,1990-11-02,8.7,15.35,74.25,6.75,144690.0,-2584755.0,3577,7.403035354737035,20.434482236027172,70.46760700598658
1990-12-04,74,1990-12-04,7.7,21.55,68.95,7.0,144690.0,-2584755.0,3577,8.206986511938846,19.448232263090038,70.63575598806742
1990-12-20,75,1990-12-20,8.35,16.65,73.4,6.3,144690.0,-2584755.0,3577,9.213538937840966,18.0466626252977,71.01593019982052
1991-01-21,76,1991-01-21,7.55,20.4,70.4,6.35,144690.0,-2584755.0,3577,10.103054839895435,16.490297473421947,71.7654863712032
1991-02-22,77,1991-02-22,14.1,13.6,70.5,6.1,144690.0,-2584755.0,3577,10.722492368311201,15.414123492604162,72.28321966989617
1991-03-10,78,1991-03-10,11.3,14.05,73.3,6.15,144690.0,-2584755.0,3577,10.414424430057549,15.41008248716997,72.62505358417586
1991-03-26,79,1991-03-26,9.55,15.85,73.1,6.3,144690.0,-2584755.0,3577,10.979378206930747,13.868076814823969,73.55242481975128
1991-04-11,80,1991-04-11,9.7,13.55,75.2,6.1,144690.0,-2584755.0,3577,9.92121392539201,13.946475351272028,74.56191950463283
1991-04-27,81,1991-04-27,7.7,14.3,76.45,6.1,144690.0,-2584755.0,3577,7.987188508085147,15.230632834655328,75.26530450972051
1991-05-13,82,1991-05-13,6.7,12.2,79.3,6.1,144690.0,-2584755.0,3577,6.023710190737154,16.35420013422865,76.14819762279924
1991-05-29,83,1991-05-29,6.95,20.95,70.65,6.65,144690.0,-2584755.0,3577,4.7844833185383315,16.328731949162943,77.45211738724514
1991-06-14,84,1991-06-14,3.0,18.3,77.6,4.0,144690.0,-2584755.0,3577,5.039804931909442,15.506237415832622,78.05018727401462
1991-06-30,85,1991-06-30,2.1,13.8,82.9,5.9,144690.0,-2584755.0,3577,5.040948525158299,18.45527290047138,74.99284353416361
1991-07-16,86,1991-07-16,7.25,12.45,78.7,6.1,144690.0,-2584755.0,3577,6.139579151497738,8.712926237847533,83.90268245684949
1991-10-04,87,1991-10-04,8.75,10.5,79.15,6.1,144690.0,-2584755.0,3577,7.092108974615654,7.310406157309093,84.3015620602182
1991-10-20,88,1991-10-20,8.75,9.1,80.75,6.0,144690.0,-2584755.0,3577,7.538130754693095,11.838097815495432,79.12792223255437
1991-11-05,89,1991-11-05,7.3,17.3,73.75,6.55,144690.0,-2584755.0,3577,7.772432211749936,18.19222975166976,72.27317434886015
1991-12-23,90,1991-12-23,7.3,10.35,80.8,6.0,144690.0,-2584755.0,3577,8.058044586990752,25.0535127411251,64.94779276450132
1992-01-08,91,1992-01-08,7.95,11.95,78.85,6.05,144690.0,-2584755.0,3577,7.284357128938085,28.653474853315767,62.038578449405094
1992-01-24,92,1992-01-24,3.85714285714286,92.0,0.0,2.0,144685.714285714,-2584746.42857143,3577,6.714789699463621,29.428419104111292,61.807351317404
1992-02-09,93,1992-02-09,8.6,8.5,81.55,6.0,144690.0,-2584755.0,3577,7.002872359837259,27.20423585701817,63.765292602125186
1992-02-25,94,1992-02-25,8.8,4.7,84.95,6.0,144690.0,-2584755.0,3577,7.4436050018082245,21.860673536986067,68.81466258198975
1992-03-28,95,1992-03-28,7.75,9.0,81.75,5.95,144690.0,-2584755.0,3577,7.6273403067509316,14.705679923789186,75.99910801271893
1992-04-13,96,1992-04-13,6.0,10.3,82.25,5.95,144690.0,-2584755.0,3577,7.918482137056805,7.950142891163377,82.66422633093225
1992-05-31,97,1992-05-31,9.2,11.0,78.35,6.05,144690.0,-2584755.0,3577,8.130069311492246,2.579698629543446,87.9866927190325
1992-08-03,98,1992-08-03,8.35,5.3,84.9,5.7,144690.0,-2584755.0,3577,8.060307030429664,3.8824445935895158,86.7989384196685
1992-08-19,99,1992-08-19,8.35,4.8,85.45,5.85,144690.0,-2584755.0,3577,9.025911395105094,8.443340165165527,80.9355956564814
1992-09-04,100,1992-09-04,8.75,5.95,83.8,6.0,144690.0,-2584755.0,3577,9.688058845178139,4.253864917331779,84.58621064177075
1992-11-07,101,1992-11-07,10.45,7.05,81.05,6.05,144690.0,-2584755.0,3577,9.68260841325712,6.59440379022324,82.22795218196467
1992-11-23,102,1992-11-23,8.95,7.9,81.6,6.0,144690.0,-2584755.0,3577,8.827140661195068,9.630156290216767,80.05761605094774
1993-01-10,103,1993-01-10,10.45,6.0,82.05,6.05,144690.0,-2584755.0,3577,8.035434843792775,12.320583544420707,78.18918718019717
1993-02-11,104,1993-02-11,9.1,9.85,79.5,6.0,144690.0,-2584755.0,3577,7.714190608152304,14.77207127237865,76.07889107795091
1993-02-27,105,1993-02-27,1.0,41.4444444444444,56.3888888888889,8.05555555555556,144690.0,-2584755.0,3577,7.9848448764845505,15.0814996836646,75.49263954138988
1993-03-15,106,1993-03-15,10.55,4.65,83.3,5.95,144690.0,-2584755.0,3577,8.545533568597307,14.783853298402164,75.22556019830438
1993-03-31,107,1993-03-31,10.2,3.65,84.7,6.05,144690.0,-2584755.0,3577,9.87176925241793,13.337614655724114,75.32982456139226
1993-06-19,108,1993-06-19,13.35,12.65,72.45,6.05,144690.0,-2584755.0,3577,11.156355409294918,11.557433347524498,75.7932641489804
1993-07-12,109,1993-07-12,12.55,11.25,74.6,6.15,144690.0,-2584755.0,3577,12.68927883262059,9.083273434510467,76.72103603309887
1993-07-21,110,1993-07-21,14.25,7.05,77.2,6.05,144690.0,-2584755.0,3577,14.047206044727165,5.780534687190171,78.65688114773627
1993-07-28,111,1993-07-28,12.05,9.6,76.95,6.05,144690.0,-2584755.0,3577,14.25778648595773,5.288910539064546,78.94290583855968
1993-08-06,112,1993-08-06,14.9,5.95,77.65,6.05,144690.0,-2584755.0,3577,13.45761328454626,9.61450525738307,75.42295279538735
1993-08-13,113,1993-08-13,13.75,7.65,77.1,6.05,144690.0,-2584755.0,3577,15.1261988785186,6.588421846470402,76.79643313341856
1993-08-22,114,1993-08-22,16.8,6.7,75.1,6.35,144690.0,-2584755.0,3577,15.430178180949866,10.350732858471254,72.78809348545103
1993-09-23,115,1993-09-23,13.3,15.35,69.75,6.6,144690.0,-2584755.0,3577,14.750751261120573,17.40076749875252,66.43018359348636
1993-09-30,116,1993-09-30,15.2,26.7,56.7,7.15,144690.0,-2584755.0,3577,14.039246357355715,23.249314050239363,61.28998679338321
1993-10-16,117,1993-10-16,15.8,26.25,56.6,7.45,144690.0,-2584755.0,3577,13.417986966591773,27.583402974730113,57.60146246941052
1993-11-01,118,1993-11-01,12.9,27.85,58.1,7.05,144690.0,-2584755.0,3577,12.736409101732278,30.141333434362977,55.704404728390216
1993-11-17,119,1993-11-17,5.4,46.1333333333333,46.8,14.2666666666667,144687.0,-2584737.0,3577,12.359856242826535,28.790983062340977,57.37310506829773
1993-12-03,120,1993-12-03,13.35,16.45,68.55,7.05,144690.0,-2584755.0,3577,11.724992963690902,27.23566866569555,59.507747515633355
1993-12-12,121,1993-12-12,16.0,19.25,63.25,7.3,144690.0,-2584755.0,3577,11.219129013399783,25.454101625924444,61.732323713429025
1994-01-20,122,1994-01-20,9.85,24.65,63.9,7.05,144690.0,-2584755.0,3577,10.227973110479322,24.32100211449693,63.800257637090205
1994-01-29,123,1994-01-29,9.35,23.85,65.05,6.85,144690.0,-2584755.0,3577,9.89021736777007,24.28209097403781,64.20758189178282
1994-02-05,124,1994-02-05,7.1,27.1,64.3,7.05,144690.0,-2584755.0,3577,9.212557102339009,24.020782004369746,65.20335036479574
1994-02-21,125,1994-02-21,7.5,32.3,58.65,7.2,144690.0,-2584755.0,3577,7.77173136460946,24.645780741442692,66.06363528111767
1994-04-10,126,1994-04-10,7.25,20.55,70.65,7.2,144690.0,-2584755.0,3577,6.269898677173282,25.955598735625813,66.21608391607401
1994-04-19,127,1994-04-19,7.55,19.8,71.2,7.05,144690.0,-2584755.0,3577,6.356204940569315,23.12014440667346,68.922757582964
1994-04-26,128,1994-04-26,6.5,23.3,68.6,7.15,144690.0,-2584755.0,3577,6.749808395937418,22.262692415939867,69.3898081794263
1994-05-12,129,1994-05-12,4.85,21.65,71.75,7.1,144690.0,-2584755.0,3577,6.44140054991352,22.08589815756668,69.87178765505894
1994-05-21,130,1994-05-21,6.4,22.85,69.05,6.95,144690.0,-2584755.0,3577,6.227128753598411,21.91786247807592,70.24480179262412
1994-06-22,131,1994-06-22,6.7,23.25,68.5,7.15,144690.0,-2584755.0,3577,5.5807021152214045,22.557634934721346,70.28505921322208
1994-07-08,132,1994-07-08,5.1,24.25,69.15,7.05,144690.0,-2584755.0,3577,5.153115460390232,23.099728290282112,70.15919049989209
1994-07-24,133,1994-07-24,5.7,21.1,71.8,6.95,144690.0,-2584755.0,3577,4.946060750394376,21.943375046003347,71.53552252699791
1994-07-31,134,1994-07-31,3.5,20.6,74.2,7.1,144690.0,-2584755.0,3577,4.846490506396903,21.446238281838795,72.10947736472974
1994-08-16,135,1994-08-16,4.05,21.15,73.1,7.05,144690.0,-2584755.0,3577,4.4231537812026565,20.816852497344744,73.12229968173146
1994-08-25,136,1994-08-25,4.9,21.9,71.55,6.8,144690.0,-2584755.0,3577,5.12321548420543,21.91526445690205,71.35666428513659
1994-09-01,137,1994-09-01,6.1,22.15,70.1,7.05,144690.0,-2584755.0,3577,5.2364816298245,23.35730043949509,69.83015436574765
1994-09-10,138,1994-09-10,5.5,23.95,69.1,7.05,144690.0,-2584755.0,3577,4.835662170645968,25.64663989261129,67.95585096017516
1994-09-17,139,1994-09-17,5.0,24.1,69.35,7.05,144690.0,-2584755.0,3577,5.381771633938012,22.135787741666785,70.97985811916638
1994-09-26,140,1994-09-26,5.9,24.45,68.4,7.0,144690.0,-2584755.0,3577,5.607791898503135,20.344554980620053,72.61001645412324
1994-10-03,141,1994-10-03,6.3,25.4,66.8,7.0,144690.0,-2584755.0,3577,5.926038667214252,20.629589296149682,71.93550520685667
1994-10-28,142,1994-10-28,1.0,10.8,86.3333333333333,18.8666666666667,144681.0,-2584753.0,3577,6.18192535019068,20.51252570958147,71.76285190556564
1994-12-06,143,1994-12-06,10.6,13.25,74.7,6.45,144690.0,-2584755.0,3577,6.004888609841271,20.511471345988404,71.90434843792903
1994-12-15,144,1994-12-15,10.05,12.6,75.95,6.0,144690.0,-2584755.0,3577,6.198404381994787,15.79404620147418,76.39459070340283
1994-12-22,145,1994-12-22,3.65,42.2,52.35,12.4,144690.0,-2584755.0,3577,7.109515252548248,14.34479205005306,76.91443778098976
1994-12-31,146,1994-12-31,9.65,8.65,80.0,6.2,144690.0,-2584755.0,3577,10.165793803717984,12.957193271123224,75.29460694103533
1995-01-07,147,1995-01-07,8.55,2.15,88.05,5.0,144690.0,-2584755.0,3577,12.856708307170782,14.9560826170711,70.71472969753646
1995-01-23,148,1995-01-23,14.75,9.5,74.1,6.15,144690.0,-2584755.0,3577,14.631963237998205,17.457679317583832,66.45130370144855
1995-02-24,149,1995-02-24,20.65,14.45,63.45,6.35,144690.0,-2584755.0,3577,15.822374374848788,18.693632683103573,64.00999696896572
1995-03-05,150,1995-03-05,20.0,43.3,35.35,9.55,144690.0,-2584755.0,3577,16.630213903740827,21.414474225461735,60.500980752984105
1995-04-06,151,1995-04-06,15.75,20.05,62.9,6.8,144690.0,-2584755.0,3577,15.76264153802618,24.810175582927286,57.959688453952246
1995-04-13,152,1995-04-13,6.45,32.3,59.5,12.8,144690.0,-2584755.0,3577,13.529144385024718,29.65722899391187,55.26913550844614
1995-04-22,153,1995-04-22,13.4,17.25,67.65,6.05,144690.0,-2584755.0,3577,12.057191106105716,26.588464785984037,59.768206715875806
1995-05-24,154,1995-05-24,12.6,23.35,62.6,6.95,144690.0,-2584755.0,3577,10.583772110241119,22.666102318730516,65.20799216262638
1995-05-31,155,1995-05-31,9.5,23.3,65.65,7.05,144690.0,-2584755.0,3577,11.477593149882455,21.717120959532572,65.23362813655956
1995-07-18,156,1995-07-18,15.15,21.2,62.2,7.25,144690.0,-2584755.0,3577,13.128062625631514,19.693500533757174,65.6647560108286
1995-08-03,157,1995-08-03,13.3,18.8,66.4,7.15,144690.0,-2584755.0,3577,14.378089771621799,19.512505891343174,64.67772005321648
1995-08-12,158,1995-08-12,14.3,17.2,67.15,7.05,144690.0,-2584755.0,3577,14.277729129644122,16.664081441299718,67.73070144905284
1995-08-19,159,1995-08-19,14.2,20.15,64.35,7.1,144690.0,-2584755.0,3577,12.973962748371385,16.8618351522232,68.83337449641493
1995-08-28,160,1995-08-28,13.85,16.6,68.1,6.75,144690.0,-2584755.0,3577,12.323036453899105,16.752370860858477,69.59690768863342
1995-09-04,161,1995-09-04,8.38461538461539,5.84615384615385,84.6153846153846,4.15384615384615,144698.076923077,-2584734.23076923,3577,11.140056073955341,19.099189200889136,68.40639221458632
1995-10-06,162,1995-10-06,10.1,27.15,61.35,7.15,144690.0,-2584755.0,3577,10.120493640675507,20.12426893182725,68.33239882288635
1995-10-22,163,1995-10-22,8.65,27.45,62.4,7.25,144690.0,-2584755.0,3577,9.583297221947852,21.60489735317943,67.3175395573604
1995-12-02,164,1995-12-02,9.7,23.3,65.25,7.35,144690.0,-2584755.0,3577,8.939475432877288,22.945907200678718,66.55074518240944
1995-12-18,165,1995-12-18,8.9,22.25,67.35,7.1,144690.0,-2584755.0,3577,8.009653563867655,23.172646579283352,67.25940712411276
1996-02-20,166,1996-02-20,8.45,16.95,73.0,6.8,144690.0,-2584755.0,3577,6.975403983964502,22.723681580173427,68.76722069238588
1996-03-23,167,1996-03-23,5.35,18.65,74.55,6.4,144690.0,-2584755.0,3577,5.905104029096954,20.081886761932935,72.48013074158412
1996-04-24,168,1996-04-24,2.9,25.25,70.35,7.8,144690.0,-2584755.0,3577,4.514672324578771,16.64379174822379,77.31074332695832
1996-08-14,169,1996-08-14,4.5,14.95,79.1,7.0,144690.0,-2584755.0,3577,4.214212258329276,17.040369810481998,77.20753795465808
1996-08-21,170,1996-08-21,2.45,13.45,82.55,5.9,144690.0,-2584755.0,3577,4.140282318300275,15.490992189378147,78.79381333471396
1996-08-30,171,1996-08-30,6.65,15.6,75.95,7.05,144690.0,-2584755.0,3577,4.561535214011312,15.28667527154824,78.53769830605297
1996-09-06,172,1996-09-06,6.0,14.5294117647059,77.7647058823529,7.11764705882353,144682.058823529,-2584749.70588235,3577,6.008338565458409,16.305092821945244,76.09854491710027
1996-11-02,173,1996-11-02,6.1,18.7,73.7,6.65,144690.0,-2584755.0,3577,6.046412565761506,17.537884433902576,74.79236716660476
1996-11-18,174,1996-11-18,6.55,19.15,72.9,6.3,144690.0,-2584755.0,3577,5.7956721297269915,19.763858023234057,72.8485417332513
1996-11-25,175,1996-11-25,5.65,19.0,73.65,7.0,144690.0,-2584755.0,3577,5.895396089977253,22.110602982881595,70.43081730688581
1996-12-04,176,1996-12-04,7.4,28.35,62.75,7.25,144690.0,-2584755.0,3577,7.466680739280244,20.00005153590722,70.95630756664117
1997-01-05,177,1997-01-05,7.95,16.2,74.2,6.5,144690.0,-2584755.0,3577,8.734749615708067,19.362758831040395,70.36624323590127
1997-01-21,178,1997-01-21,5.75,14.15,78.45,5.05,144690.0,-2584755.0,3577,10.907841333071902,13.282831388848344,74.24383744706802
1997-02-22,179,1997-02-22,18.05,11.9,68.75,6.55,144690.0,-2584755.0,3577,12.25874594961099,10.625339833478847,75.59522636956402
1997-03-10,180,1997-03-10,14.8,8.2,75.4,6.05,144690.0,-2584755.0,3577,13.111874039271461,10.961929247221736,74.48190153498638
1997-04-11,181,1997-04-11,12.9,8.1,77.6,6.05,144690.0,-2584755.0,3577,12.859146838711482,12.844499050998685,72.9145417018373
1997-04-18,182,1997-04-18,8.08333333333333,18.9166666666667,71.8333333333333,5.08333333333333,144667.5,-2584747.5,3577,11.512069251696015,16.63767635872651,70.4599388743246
1997-04-27,183,1997-04-27,11.05,10.7,76.6,6.0,144690.0,-2584755.0,3577,9.387941424809444,21.251686421388214,68.0180125010564
1997-05-20,184,1997-05-20,6.66666666666667,46.3333333333333,45.8333333333333,4.83333333333333,144715.0,-2584720.0,3577,7.871704259437559,22.045717764900406,68.6468696179575
1997-06-30,185,1997-06-30,7.25,13.9,77.3,6.05,144690.0,-2584755.0,3577,6.308635215327044,20.583979782128225,71.63609782737285
1997-07-07,186,1997-07-07,5.05,15.1,78.35,6.3,144690.0,-2584755.0,3577,6.533096497382536,18.70727388619114,73.28346429566422
1997-07-16,187,1997-07-16,6.4,14.4,77.7,6.1,144690.0,-2584755.0,3577,5.561447870407154,15.319698137106151,77.64297373238117
1997-08-01,188,1997-08-01,6.6,9.1,82.85,6.05,144690.0,-2584755.0,3577,4.891909180480657,13.073750837881095,80.59370512628277
1997-08-17,189,1997-08-17,7.3,11.2,79.85,6.05,144690.0,-2584755.0,3577,5.318930659578196,12.44524122753767,80.81313656293327
1997-08-24,190,1997-08-24,2.05882352941176,18.7647058823529,78.1764705882353,5.94117647058824,144682.058823529,-2584749.70588235,3577,6.848383771875736,13.571607045899306,78.13216806563845
1997-09-02,191,1997-09-02,7.85,21.95,68.65,7.0,144690.0,-2584755.0,3577,8.520574990479016,18.870961637158036,71.18517103001562
1997-09-25,192,1997-09-25,9.85,14.15,74.55,6.85,144690.0,-2584755.0,3577,10.167924754173463,19.52243703300595,68.85019440583883
1997-10-11,193,1997-10-11,15.7,21.15,61.45,7.4,144690.0,-2584755.0,3577,12.299996370409755,18.09768712438265,68.10264342285726
1997-11-05,194,1997-11-05,14.95,18.25,65.3,7.05,144690.0,-2584755.0,3577,13.406219968337796,18.74888227779953,66.30637775991002
1997-11-28,195,1997-11-28,11.05,22.3,65.2,7.05,144690.0,-2584755.0,3577,13.558018906969712,19.186734045409022,65.67201294424862
1997-12-23,196,1997-12-23,12.85,16.6,68.95,6.95,144690.0,-2584755.0,3577,12.508722091965534,22.26529890615335,63.60645812027123
1997-12-30,197,1997-12-30,10.7,20.8,66.95,7.05,144690.0,-2584755.0,3577,10.925577009039229,23.894535368106737,63.68279848906286
1998-01-15,198,1998-01-15,11.75,22.95,63.65,7.15,144690.0,-2584755.0,3577,10.385575569939345,25.343670570911364,62.74554114615097
1998-01-24,199,1998-01-24,5.45,42.9,50.15,6.25,144690.0,-2584755.0,3577,9.820103271340194,25.240655783840868,63.37361492995221
1998-01-31,200,1998-01-31,11.9,18.7,67.85,6.95,144690.0,-2584755.0,3577,9.74034510381114,25.811850224075467,62.85271817964377
1998-02-09,201,1998-02-09,10.25,22.1,66.2,7.05,144690.0,-2584755.0,3577,9.119465673643877,24.434322024720853,64.85198532117067
1998-02-25,202,1998-02-25,10.55,13.6,74.25,6.1,144690.0,-2584755.0,3577,8.335139318884202,22.74163004178144,67.32604083222272
1998-03-20,203,1998-03-20,6.0,29.0,63.0,8.0,144645.0,-2584815.0,3577,7.818217540971791,19.359351793714225,71.2391175387973
1998-03-29,204,1998-03-29,5.6,18.4,74.6,5.15,144690.0,-2584755.0,3577,7.704519474332566,17.884789668533124,72.84443590464174
1998-04-05,205,1998-04-05,7.4,18.1,73.1,6.2,144690.0,-2584755.0,3577,7.48412609062652,16.7528069453741,74.15764575980187
1998-05-07,206,1998-05-07,7.9,15.1,75.3,6.55,144690.0,-2584755.0,3577,6.715230899130823,19.216952088156646,72.44802117386173
1998-05-23,207,1998-05-23,8.5,18.9,71.05,6.55,144690.0,-2584755.0,3577,7.112837472124335,19.12954707830583,72.10770638029622
1998-06-08,208,1998-06-08,8.05,19.0,71.3,6.3,144690.0,-2584755.0,3577,7.9145272683960535,20.7499902574175,69.70223971074323
1998-06-17,209,1998-06-17,9.3,24.3,64.55,8.0,144690.0,-2584755.0,3577,8.818585593971275,22.046721080773512,67.49583991858525
1998-06-24,210,1998-06-24,6.8,22.25,69.3,7.15,144690.0,-2584755.0,3577,10.719764446078635,23.337412587409098,64.34910151766775
1998-07-26,211,1998-07-26,12.2,30.15,56.3,7.3,144690.0,-2584755.0,3577,12.549497715904508,23.160798025500448,62.82488146527455
1998-08-11,212,1998-08-11,14.9,18.8,64.9,7.4,144690.0,-2584755.0,3577,13.657663079952059,22.358592955029245,62.550672237969394
1998-08-20,213,1998-08-20,16.65,18.6,63.45,7.1,144690.0,-2584755.0,3577,13.879986576888527,20.878438589271386,63.78820065382579
1998-08-27,214,1998-08-27,14.15,18.55,65.8,7.1,144690.0,-2584755.0,3577,13.32304986035437,20.297116196493967,64.92642945289033
1998-09-05,215,1998-09-05,14.45,18.65,65.4,7.05,144690.0,-2584755.0,3577,12.865656325097127,19.655503474850384,65.95627855116032
1998-10-14,216,1998-10-14,5.15,27.2,65.8,13.25,144690.0,-2584755.0,3577,11.916696616075642,19.903973889884227,66.58565134554851
1998-10-23,217,1998-10-23,9.95,17.65,70.8,7.05,144690.0,-2584755.0,3577,10.31095823680809,21.187803373094322,66.8993255969936
1998-11-08,218,1998-11-08,12.45,23.8,62.4,7.25,144690.0,-2584755.0,3577,9.763971941369862,24.154121111083448,64.54445538980178
1998-11-24,219,1998-11-24,12.25,23.9,62.35,7.1,144690.0,-2584755.0,3577,9.710513325682152,25.629754919998764,63.171680486686526
1998-12-01,220,1998-12-01,11.1,23.95,63.4,7.65,144690.0,-2584755.0,3577,10.429437744916061,25.3360670289425,62.781502089232646
1998-12-17,221,1998-12-17,6.25,28.95,63.45,5.05,144690.0,-2584755.0,3577,10.473293424839849,25.337979822031762,62.71599298533346
1999-01-11,222,1999-01-11,9.6,29.2,59.7,7.7,144690.0,-2584755.0,3577,9.99542207018838,24.923950507692915,63.58049427351882
1999-01-18,223,1999-01-18,11.1,23.0,64.35,7.05,144690.0,-2584755.0,3577,8.75255649219774,26.292671612087887,63.40209337523335
1999-01-27,224,1999-01-27,9.65,19.3,69.35,7.0,144690.0,-2584755.0,3577,9.146269871416266,24.208670797254285,65.0947553431554
1999-02-28,225,1999-02-28,8.55,20.35,69.55,6.65,144690.0,-2584755.0,3577,8.677217027272022,22.79469865906339,66.97505820944168
1999-03-23,226,1999-03-23,5.54545454545455,29.7272727272727,63.2727272727273,6.81818181818182,144664.090909091,-2584749.54545455,3577,7.940371379252829,20.618216852100623,69.9125967615168
1999-04-01,227,1999-04-01,8.3,18.85,71.4,6.15,144690.0,-2584755.0,3577,6.8921686391279255,18.865546696475477,72.7108935814991
1999-04-17,228,1999-04-17,7.5,18.3,72.65,6.4,144690.0,-2584755.0,3577,5.195528352873482,17.809199061560598,75.50062470598917
1999-05-19,229,1999-05-19,3.65,8.3,86.45,4.3,144690.0,-2584755.0,3577,4.786083955447158,17.283381521375,76.39002773189642
1999-06-27,230,1999-06-27,1.35,20.6,76.5,6.8,144690.0,-2584755.0,3577,4.5872978414767225,16.63057979172282,77.1917458702173
1999-07-14,231,1999-07-14,7.65,16.3,74.55,6.35,144690.0,-2584755.0,3577,4.657853601506156,16.11611963887265,77.60749853860149
1999-07-21,232,1999-07-21,5.15,18.65,74.35,6.5,144690.0,-2584755.0,3577,5.931280174932539,16.56868843230825,75.85998397885808
1999-09-24,233,1999-09-24,6.35,18.05,74.05,6.4,144690.0,-2584755.0,3577,7.417364524019762,18.164049882003823,72.76411375001618
1999-11-03,234,1999-11-03,9.45,19.55,69.25,7.1,144690.0,-2584755.0,3577,8.279966009221736,18.2272629846906,71.8330111065298
1999-11-11,235,1999-11-11,8.5,16.0,74.05,6.35,144690.0,-2584755.0,3577,9.018880036370946,18.9187945181725,70.42193487625872
1999-11-19,236,1999-11-19,11.8,17.1,69.45,7.05,144690.0,-2584755.0,3577,9.04926425483566,18.71548492786603,70.63560082846952
1999-11-26,237,1999-11-26,10.6,21.05,66.6,7.1,144690.0,-2584755.0,3577,10.458880902377793,20.701965836018466,67.29767044100404
1999-12-05,238,1999-12-05,6.45,22.0,70.1,6.15,144690.0,-2584755.0,3577,11.361104375498963,19.99732836822321,67.11489892974959
1999-12-21,239,1999-12-21,10.85,21.5,66.2,7.0,144690.0,-2584755.0,3577,11.995422431024352,19.6268371978869,66.79849134352781
1999-12-28,240,1999-12-28,18.75,20.3,59.45,7.05,144690.0,-2584755.0,3577,13.130218233776638,19.356488557878862,65.94291064971193
2000-01-06,241,2000-01-06,15.4,17.25,65.7,7.0,144690.0,-2584755.0,3577,15.111795016127115,19.345177423193114,63.95958272892301
2000-01-29,242,2000-01-29,17.3333333333333,18.6666666666667,62.3333333333333,7.33333333333333,144645.0,-2584745.0,3577,17.328364256999432,20.177692379856556,60.94142689095338
2000-02-07,243,2000-02-07,12.8,18.4,67.15,6.45,144690.0,-2584755.0,3577,19.692840286645385,22.214390872282298,56.53495420986836
2000-04-02,244,2000-04-02,25.75,31.25,41.5833333333333,7.91666666666667,144672.5,-2584757.5,3577,21.318187230722742,26.16256251488059,50.988192354593394
2000-04-11,245,2000-04-11,23.3,30.4,44.95,7.7,144690.0,-2584755.0,3577,22.45678336111437,29.343263186757255,46.75131236152208
2000-06-05,246,2000-06-05,25.7,33.7,39.1,8.35,144690.0,-2584755.0,3577,24.836965511265205,35.92228885664881,37.77660265430598
2000-06-14,247,2000-06-14,24.95,38.15,35.45,9.25,144690.0,-2584755.0,3577,26.524813267224165,38.4517623243572,33.579283306987264
2000-06-30,248,2000-06-30,25.7,37.1,35.75,9.05,144690.0,-2584755.0,3577,26.70213506823015,38.64059263749088,33.20237755020541
2000-07-23,249,2000-07-23,27.9,40.45,30.2,9.7,144690.0,-2584755.0,3577,26.769027257568144,36.9783141007544,34.805290220610104
2000-08-01,250,2000-08-01,27.85,37.1,33.5,9.1,144690.0,-2584755.0,3577,26.303921929459797,34.740049578898876,37.52596433493706
2000-08-08,251,2000-08-08,26.35,38.75,33.45,9.35,144690.0,-2584755.0,3577,27.281888544887565,33.575948818977864,37.7595412327554
2000-08-17,252,2000-08-17,23.5,14.5,61.0,5.0,144720.0,-2584815.0,3577,26.855067223793863,32.081241204611025,39.72767433803992
2000-08-24,253,2000-08-24,29.5,40.0,29.0,10.5,144645.0,-2584710.0,3577,27.2910628071578,32.600143973668516,38.79255775183988
2000-09-02,254,2000-09-02,27.05,35.5,36.15,8.75,144690.0,-2584755.0,3577,25.547639048254425,34.741268483832954,38.38404490246022
2000-09-09,255,2000-09-09,24.3,39.55,34.75,9.1,144690.0,-2584755.0,3577,24.589337288095223,38.19512113273152,35.88677174218434
2000-09-18,256,2000-09-18,22.75,39.55,36.35,8.85,144690.0,-2584755.0,3577,23.9814999242208,40.385552837249584,34.25009742578891
2000-09-25,257,2000-09-25,20.45,42.75,35.4,8.95,144690.0,-2584755.0,3577,20.365062027752483,41.53189612244719,36.62917469526829
2000-10-04,258,2000-10-04,18.85,43.75,35.9,9.2,144690.0,-2584755.0,3577,17.5628580397904,42.26146918096751,38.69815432245194
2000-11-05,259,2000-11-05,12.1,39.95,46.45,10.1,144690.0,-2584755.0,3577,14.371903483511241,40.46272272618417,43.73275671696071
2000-11-21,260,2000-11-21,19.65,39.25,39.7,10.65,144690.0,-2584755.0,3577,12.8899608131787,42.31733421376752,43.32579077268832
2001-01-08,261,2001-01-08,6.9,37.8,53.7,19.0,144693.0,-2584734.0,3577,12.65967979388843,42.3808655740481,43.51801186429019
2001-01-24,262,2001-01-24,9.0,50.75,39.0,9.7,144690.0,-2584755.0,3577,13.924705016343804,43.67473207905992,41.0125008118755
2001-02-09,263,2001-02-09,24.6,45.75,28.45,11.05,144690.0,-2584755.0,3577,16.90463422026637,44.171688064251114,37.59985710882982
2001-02-25,264,2001-02-25,15.05,42.7,40.75,9.8,144690.0,-2584755.0,3577,20.459490354843332,44.86284071964516,33.37675745306825
2001-03-13,265,2001-03-13,26.35,44.65,27.7,11.5,144690.0,-2584755.0,3577,23.5550260884591,45.973396263172674,29.207672822529137
2001-03-29,266,2001-03-29,26.5,45.75,26.6,11.85,144690.0,-2584755.0,3577,24.714725367508052,45.70374656302766,28.294189092636874
2001-04-05,267,2001-04-05,24.45,46.4,27.9,11.7,144690.0,-2584755.0,3577,25.390803005040695,45.491711229939725,27.823945095148368
2001-04-14,268,2001-04-14,23.1,44.45,31.0,11.25,144690.0,-2584755.0,3577,22.254462101362805,45.95970469158637,30.42032302062807
2001-04-30,269,2001-04-30,17.9,51.1,29.65,10.75,144690.0,-2584755.0,3577,19.056679079431653,48.604269414788476,31.001321743267575
2001-05-16,270,2001-05-16,15.2,50.0,33.5,10.35,144690.0,-2584755.0,3577,16.626383987527014,50.16497326202459,31.857972677472556
2001-06-01,271,2001-06-01,12.75,47.65,38.05,8.9,144690.0,-2584755.0,3577,12.153152265689151,51.75190088548448,34.70337309748555
2001-06-17,272,2001-06-17,11.4,55.4,32.0,12.0,144690.0,-2584755.0,3577,9.666290675267557,53.68466842753966,35.28635822381425
2001-06-24,273,2001-06-24,6.0,55.15,37.4,11.45,144690.0,-2584755.0,3577,7.954602827511855,53.09859057350524,37.5867241117959
2001-07-03,274,2001-07-03,7.2,54.65,36.95,10.95,144690.0,-2584755.0,3577,6.923066097987661,53.220669423447845,38.50226677346845
2001-08-04,275,2001-08-04,4.55,52.25,41.6,11.4,144690.0,-2584755.0,3577,4.438290502066925,52.40287297840695,41.714100759914956
2001-08-11,276,2001-08-11,3.65,52.2,42.8,11.7,144690.0,-2584755.0,3577,2.315627097360496,53.65707419514668,42.54642988589721
2001-08-20,277,2001-08-20,6.25,50.5,41.8,10.85,144690.0,-2584755.0,3577,3.8932516400002837,54.400513109173716,40.26740674185892
2001-09-05,278,2001-09-05,5.7,52.0,40.75,10.8,144690.0,-2584755.0,3577,6.897117279004794,54.2925112039582,37.42099309358812
2001-10-07,279,2001-10-07,3.9,64.0,30.8,10.55,144690.0,-2584755.0,3577,10.773144038622307,55.01796856393557,32.894763904820906
2001-10-23,280,2001-10-23,11.65,52.6,34.35,12.25,144690.0,-2584755.0,3577,14.954256424687626,54.84783498234691,28.92989348112755
2001-12-26,281,2001-12-26,29.6,57.6,12.0,19.4,144693.0,-2584713.0,3577,18.88428413691289,54.435418606153505,25.47380545151063
2002-01-02,282,2002-01-02,26.4,46.7,25.7,12.55,144690.0,-2584755.0,3577,21.834227846453686,52.832200307424614,24.132029271034952
2002-02-12,283,2002-02-12,14.95,49.95,33.6,10.75,144690.0,-2584755.0,3577,22.91813094026374,51.28030483447674,24.582761046998854
2002-02-28,284,2002-02-28,21.15,53.5,24.0,12.8,144690.0,-2584755.0,3577,22.211649959943855,49.75157721534687,26.74419017514593
2002-03-16,285,2002-03-16,19.85,50.95,28.0,11.95,144690.0,-2584755.0,3577,19.045458875486993,50.07044534412208,29.490672021472562
2002-03-23,286,2002-03-23,15.4,51.8,31.4,12.05,144690.0,-2584755.0,3577,14.473241464415773,52.62176925241154,31.49944900300467
2002-04-01,287,2002-04-01,13.9,51.05,33.6,11.15,144690.0,-2584755.0,3577,11.20636492397772,52.44882063511719,34.89821898811111
2002-06-04,288,2002-06-04,6.95,56.55,34.95,10.75,144690.0,-2584755.0,3577,9.59052041326625,56.496741249616946,32.521325081952455
2002-06-20,289,2002-06-20,6.25,56.7,35.75,10.5,144690.0,-2584755.0,3577,6.68605711544344,58.9108119841615,33.046305454358205
2002-07-06,290,2002-07-06,3.4,59.55,35.7,9.85,144690.0,-2584755.0,3577,4.230634600855575,56.981455997147336,37.39862173836684
2002-07-22,291,2002-07-22,3.85,56.4,38.45,10.1,144690.0,-2584755.0,3577,3.0133974140568935,55.86297044977977,39.73150271595172
2002-08-07,292,2002-08-07,3.95,55.35,39.15,10.0,144690.0,-2584755.0,3577,2.509432412136941,53.706376318801084,42.401862826754645
2002-08-23,293,2002-08-23,2.55,57.2,39.05,9.9,144690.0,-2584755.0,3577,2.9020673639538455,49.90937293111878,45.778345208638186
2002-10-26,294,2002-10-26,4.10526315789474,28.7368421052632,65.6315789473684,8.47368421052632,144692.368421053,-2584751.84210526,3577,4.1557660117292174,45.18105034121144,49.22935456265338
2002-11-11,295,2002-11-11,5.3,37.1,55.85,12.1,144690.0,-2584755.0,3577,6.067874157778744,39.815980564972506,52.623089628304186
2002-11-27,296,2002-11-27,3.85,55.1,39.75,10.15,144690.0,-2584755.0,3577,7.546783296545898,35.3954137519589,55.49863478544415
2002-12-13,297,2002-12-13,13.3,26.85,58.35,8.7,144690.0,-2584755.0,3577,8.743540954725896,32.83158635400282,56.84456318489199
2002-12-29,298,2002-12-29,11.1,25.5,61.75,8.15,144690.0,-2584755.0,3577,9.86212803002618,31.70401006846679,56.83931865754383
2003-01-05,299,2003-01-05,10.55,29.25,58.5,8.65,144690.0,-2584755.0,3577,10.72053502143777,29.47948850887957,58.17942589428603
2003-01-14,300,2003-01-14,10.05,29.2,59.0,8.05,144690.0,-2584755.0,3577,10.82730298054399,29.837407858553796,57.76593202299526
2003-01-30,301,2003-01-30,6.85,35.15,56.5,8.2,144690.0,-2584755.0,3577,11.20600553104867,27.462236166957496,59.676983412537474
2003-04-20,302,2003-04-20,14.05,28.9,55.65,7.75,144690.0,-2584755.0,3577,11.097722401435913,30.299754270492777,56.91917989130761
2003-05-06,303,2003-05-06,11.5,28.25,58.45,7.35,144690.0,-2584755.0,3577,10.717161012360648,34.01915282859047,53.66248890427655
2003-05-22,304,2003-05-22,11.35,30.4,56.65,7.8,144690.0,-2584755.0,3577,10.943763666672247,33.484276559348956,54.0230022299601
2003-07-01,305,2003-07-01,9.85,44.5,44.05,10.85,144690.0,-2584755.0,3577,10.253352529821587,33.46617159929353,54.78952672713464
2003-08-18,306,2003-08-18,9.85,28.15,60.4,7.8,144690.0,-2584755.0,3577,9.002458377534431,34.077822641749435,55.46016692285213
2003-08-26,307,2003-08-26,5.8,38.2,55.0,10.8,144681.0,-2584809.0,3577,7.880320572496104,33.71905257161957,56.96515004404127
2003-09-03,308,2003-09-03,7.05,28.05,63.45,7.05,144690.0,-2584755.0,3577,6.504692842284154,33.91545447883355,58.169398807899285
2003-09-26,309,2003-09-26,6.35,33.6,58.5,7.55,144690.0,-2584755.0,3577,6.357029729022111,33.55378433981171,58.64791839103894
2003-09-27,310,2003-09-27,6.8,32.05,59.6,7.6,144690.0,-2584755.0,3577,6.4396383643337565,30.533474003962418,61.512039330034426
2003-10-12,311,2003-10-12,5.65,33.3,59.4,7.8,144690.0,-2584755.0,3577,5.969306221020025,29.918682187063048,62.52038008826786
2003-10-13,312,2003-10-13,7.07692307692308,29.7692307692308,61.6153846153846,7.76923076923077,144693.461538462,-2584729.61538462,3577,5.832362773964073,31.50135439895032,61.05786731327615
2003-10-21,313,2003-10-21,4.6,33.4,60.4,7.5,144690.0,-2584755.0,3577,6.068135547867911,31.722194928191627,60.632254849214114
2003-10-29,314,2003-10-29,7.05,28.65,62.8,7.6,144690.0,-2584755.0,3577,5.862187414011373,34.44778747686665,58.20805714091341
2003-11-14,315,2003-11-14,5.75,30.6666666666667,62.1666666666667,7.83333333333333,144690.0,-2584785.0,3577,5.939251596422052,35.850274304954596,56.72651827412828
2003-11-22,316,2003-11-22,4.35,50.65,43.5,12.15,144690.0,-2584755.0,3577,6.618682374423814,38.04345122408975,53.922881960454276
2003-11-30,317,2003-11-30,11.4444444444444,36.0,51.3333333333333,7.66666666666667,144668.333333333,-2584745.0,3577,7.381483487668371,37.87428596052108,53.34907190133828
2003-12-08,318,2003-12-08,8.3,37.3,52.8,7.65,144690.0,-2584755.0,3577,10.18207987832448,38.77922575360077,49.61177408761806
2003-12-15,319,2003-12-15,9.9375,35.625,53.0,8.3125,144690.0,-2584770.0,3577,12.704516677850688,36.47003868164313,49.388782682738146
2004-01-01,320,2004-01-01,14.4,31.75,52.5,8.4,144690.0,-2584755.0,3577,13.95576438954713,33.213283465755275,51.36666666665899
2004-03-04,321,2004-03-04,17.4,30.75,50.5,8.15,144690.0,-2584755.0,3577,16.333563817501002,28.705697424346376,53.46436750812887
2004-03-05,322,2004-03-05,16.25,29.8333333333333,52.1666666666667,8.08333333333333,144690.0,-2584725.0,3577,13.596665421779488,29.31675597364013,55.7404508288326
2004-03-13,323,2004-03-13,17.4,33.2,48.1,8.65,144690.0,-2584755.0,3577,12.444491799907901,31.76904210340267,54.45668419556925
2004-06-16,324,2004-06-16,5.375,20.375,73.0,5.75,144690.0,-2584800.0,3577,12.880661546913492,31.15067625872114,54.60457510754682
2004-06-17,325,2004-06-17,12.3,38.2,48.1,9.25,144690.0,-2584755.0,3577,13.292979505013127,32.035450591715154,53.16470486427123
2004-06-25,326,2004-06-25,12.5,39.1,47.05,9.45,144690.0,-2584755.0,3577,13.885948610211242,33.21724459750279,51.333451842267706
2004-07-03,327,2004-07-03,7.8,38.95,51.7,9.2,144690.0,-2584755.0,3577,14.457156581806123,34.00408670276584,49.898106576079
2004-07-26,328,2004-07-26,33.6875,20.0,43.6875,10.3125,144690.0,-2584740.0,3577,14.742984917557013,34.674166519749576,48.83302849110943
2004-07-27,329,2004-07-27,9.55,36.1,52.85,8.8,144690.0,-2584755.0,3577,13.75226905447288,34.85311677486079,49.53595541454709
2004-08-03,330,2004-08-03,7.71428571428571,40.4285714285714,50.2857142857143,9.28571428571429,144696.428571429,-2584707.85714286,3577,12.132362529109942,34.87139331256457,51.17415309148291
2004-08-11,331,2004-08-11,5.1,35.45,57.85,9.05,144690.0,-2584755.0,3577,8.427868764361314,33.8871432746769,55.9241869198829
2004-08-12,332,2004-08-12,7.0,34.0,57.0,9.0,144645.0,-2584815.0,3577,6.47269491344472,36.01447824620661,55.83738703246382
2004-08-19,333,2004-08-19,7.15,35.05,56.15,8.85,144690.0,-2584755.0,3577,4.718447276179679,36.6209653395175,57.048175188034165
2004-08-20,334,2004-08-20,5.65,34.8,58.05,8.5,144690.0,-2584755.0,3577,4.830357913802829,35.65126565293579,57.9227045036465
2004-08-28,335,2004-08-28,7.05,35.3,56.1,8.5,144690.0,-2584755.0,3577,7.639333424268996,32.62810652286581,58.07588719101919
2004-09-12,336,2004-09-12,5.15,33.65,59.55,8.55,144690.0,-2584755.0,3577,6.832763630467946,32.350635569124634,59.276742962000895
2004-09-13,337,2004-09-13,8.4,31.45,58.6,8.5,144690.0,-2584755.0,3577,6.695853390825983,32.38546834698235,59.37864270130729
2004-09-21,338,2004-09-21,6.0,28.65,63.75,8.25,144690.0,-2584755.0,3577,6.073401803076729,31.727776794317307,60.63184619968452
2004-10-07,339,2004-10-07,7.2,32.0,59.35,8.25,144690.0,-2584755.0,3577,6.046024008771238,31.811422442058728,60.53023982026902
2004-10-14,340,2004-10-14,3.23529411764706,33.2941176470588,61.7647058823529,7.05882352941176,144692.647058824,-2584744.41176471,3577,5.957720643951771,31.91578781807771,60.481308129122795
2004-10-15,341,2004-10-15,7.15,33.15,57.95,8.4,144690.0,-2584755.0,3577,5.656579552298977,32.11679601585331,60.554743489973916
2004-10-23,342,2004-10-23,4.55,33.7,60.0,8.35,144690.0,-2584755.0,3577,5.563161269616458,32.78661656136124,59.94852982565618
2004-10-30,343,2004-10-30,6.15,30.6,61.7,8.05,144690.0,-2584755.0,3577,5.532000680069422,32.48246902432358,60.26681505526898
2004-10-31,344,2004-10-31,7.05,32.15,59.05,8.25,144690.0,-2584755.0,3577,5.929519506171324,31.84730932880157,60.524832179284985
2004-11-08,345,2004-11-08,4.65,29.95,63.55,8.0,144690.0,-2584755.0,3577,5.716683434939729,31.299737523444374,61.277611743555966
2004-11-15,346,2004-11-15,5.25,33.2,60.05,8.6,144690.0,-2584755.0,3577,5.514846799530004,31.42102283074314,61.4092368567418
2004-11-16,347,2004-11-16,5.85,31.4,61.1,8.25,144690.0,-2584755.0,3577,5.231222929319033,31.119050690699655,62.022657864799385
2004-11-24,348,2004-11-24,5.45,29.45,63.45,8.05,144690.0,-2584755.0,3577,5.280956504794725,31.3800147221153,61.694037541396746
2004-12-10,349,2004-12-10,4.3,33.65,60.4,8.15,144690.0,-2584755.0,3577,5.182669033751851,31.865785143644157,61.326173980808775
2004-12-17,350,2004-12-17,5.0,31.35,62.05,8.3,144690.0,-2584755.0,3577,5.344750914719157,31.20747688843198,61.86946675614482
2004-12-18,351,2004-12-18,6.0,30.5,62.1,8.1,144690.0,-2584755.0,3577,5.065632509904198,31.755079131390175,61.638630409828636
2004-12-26,352,2004-12-26,5.35,32.05,60.9,8.05,144690.0,-2584755.0,3577,4.856668254345546,31.716802701937283,61.89688778712622
2005-01-11,353,2005-01-11,3.1,35.2,60.15,9.55,144690.0,-2584755.0,3577,3.93255537032568,33.63045963324098,60.975364264209645
2005-01-18,354,2005-01-18,4.5,31.45,62.85,8.25,144690.0,-2584755.0,3577,3.341557513693237,34.7281344042902,60.490187057515485
2005-01-19,355,2005-01-19,1.75,34.0,62.75,8.25,144690.0,-2584695.0,3577,2.784881681785291,35.058255212274744,60.70449998916584
2005-01-26,356,2005-01-26,2.5,39.5,56.5,8.75,144690.0,-2584695.0,3577,2.8051419169062037,34.239170581735124,61.44191257657832
2005-01-27,357,2005-01-27,3.35,33.35,61.7,7.85,144690.0,-2584755.0,3577,3.019773106150364,34.16262854791756,61.300615947510806
2005-02-03,358,2005-02-03,0.8,36.7,61.1,8.1,144690.0,-2584755.0,3577,3.0090129684552434,33.705894260533185,61.8035073285755
2005-02-04,359,2005-02-04,6.85,26.75,64.75,8.05,144690.0,-2584755.0,3577,3.09686230654272,34.063014170868094,61.32585622283443
2005-02-12,360,2005-02-12,2.8,33.4,62.25,8.0,144690.0,-2584755.0,3577,3.1463171384457462,34.61908021722937,60.737097410796366
2005-02-19,361,2005-02-19,2.9,37.35,58.4,8.05,144690.0,-2584755.0,3577,3.161273330146399,35.22178932046232,60.14656420025847
2005-02-20,362,2005-02-20,0.4,42.9,55.45,7.6,144690.0,-2584755.0,3577,2.691347007362323,36.70980186757205,59.103295739736055
2005-02-28,363,2005-02-28,3.2,32.2,62.9,7.55,144690.0,-2584755.0,3577,2.724770050144732,37.50572705455451,58.25878247733771
2005-03-23,364,2005-03-23,4.92307692307692,38.4615384615385,54.9230769230769,6.23076923076923,144691.153846154,-2584731.92307692,3577,3.068279243975379,36.496717833244894,58.90367619995222
2005-04-01,365,2005-04-01,2.55,34.55,61.45,7.45,144690.0,-2584755.0,3577,3.1504742221336697,35.746040765611525,59.57488804359788
2005-04-08,366,2005-04-08,2.9,34.95,60.6,7.8,144690.0,-2584755.0,3577,3.805229100501215,33.1650401277644,61.50575303476266
2005-04-09,367,2005-04-09,4.85,30.75,62.95,7.65,144690.0,-2584755.0,3577,4.279522263875042,32.79755952548985,61.345508754156405
2005-04-16,368,2005-04-16,5.0,30.0,63.5,8.0,144660.0,-2584815.0,3577,4.567609004474242,31.985036397272623,61.93260932921832
2005-04-17,369,2005-04-17,3.4,34.3,60.8,7.5,144690.0,-2584755.0,3577,4.044337895968633,32.00390269410987,62.49383344684864
2005-04-24,370,2005-04-24,3.35,32.9,62.25,7.6,144690.0,-2584755.0,3577,3.9319296802263066,31.55778107341103,63.05623741582552
2005-04-25,371,2005-04-25,5.25,28.95,64.3,7.45,144690.0,-2584755.0,3577,3.7866223559716348,29.719836974166896,65.0797127021488
2005-05-02,372,2005-05-02,4.4,31.15,62.95,7.7,144690.0,-2584755.0,3577,3.249651432158687,29.11198012513367,66.25768689513829
2005-05-10,373,2005-05-10,0.0,25.8,73.3,4.0,144720.0,-2584755.0,3577,3.0881873931017925,29.658073621420584,65.86749902573222
2005-05-19,374,2005-05-19,2.85,32.3,63.2,7.4,144690.0,-2584755.0,3577,2.75272142717922,29.912708653571055,65.94446296736332
2005-07-05,375,2005-07-05,4.65,26.25,67.65,8.15,144690.0,-2584755.0,3577,2.8587068890857186,30.420979832856098,65.2502627790069
2005-07-06,376,2005-07-06,2.95,27.45,68.05,8.0,144690.0,-2584755.0,3577,2.898429550325402,30.17629928120963,65.42002722508711
2005-07-13,377,2005-07-13,2.8,42.6,52.95,11.35,144690.0,-2584755.0,3577,3.279578075531979,29.291536488037227,65.84650926293487
2005-07-22,378,2005-07-22,3.2,23.35,71.9,8.15,144690.0,-2584755.0,3577,3.779727357662015,27.450935620698132,67.13578374470441
2005-07-29,379,2005-07-29,3.4,21.85,73.1,8.4,144690.0,-2584755.0,3577,4.511456170049804,25.60726076138292,68.21478663333741
2005-07-30,380,2005-07-30,6.4375,21.5625,70.3125,8.0,144690.0,-2584770.0,3577,3.9503072867826425,22.909351710443794,71.49268567523335
2005-08-07,381,2005-08-07,3.05,20.9,74.55,7.7,144690.0,-2584755.0,3577,3.935396935167125,21.915211788684353,72.46360994624678
2005-08-22,382,2005-08-22,4.76923076923077,25.1538461538462,68.1538461538462,8.07692307692308,144693.461538462,-2584729.61538462,3577,3.7002738747315265,20.73091320443953,73.92917036522744
2005-08-23,383,2005-08-23,4.55,20.65,73.25,7.7,144690.0,-2584755.0,3577,4.348323714270315,21.497234564670034,72.50296509574125
2005-08-31,384,2005-08-31,5.25,22.6875,70.375,7.5,144690.0,-2584770.0,3577,6.044429263876444,23.796706924888657,68.53564720287024
2005-10-10,385,2005-10-10,3.75,23.4,71.35,7.45,144690.0,-2584755.0,3577,8.331020893251727,23.63109435812703,66.42660492340674
2005-11-18,386,2005-11-18,12.55,25.95,60.0,8.1,144690.0,-2584755.0,3577,10.442301780142563,23.794452475361037,64.15248793834404
2005-11-19,387,2005-11-19,13.35,23.7,61.2,7.85,144690.0,-2584755.0,3577,11.593472617521254,25.401949140400923,61.399427165466456
2005-12-21,388,2005-12-21,16.4,26.9,55.0,8.1,144696.0,-2584719.0,3577,12.10013206607453,26.655200643006253,59.64506971355925
2006-01-21,389,2006-01-21,10.3,27.4,60.85,6.8,144690.0,-2584755.0,3577,12.4291887678866,28.48048155404541,57.445298122921116
2006-01-22,390,2006-01-22,8.5,30.7,59.05,7.6,144690.0,-2584755.0,3577,11.498761609905404,29.902832925583876,57.00597111865609
2006-01-30,391,2006-01-30,7.95,31.35,59.25,7.05,144690.0,-2584755.0,3577,9.85907791898357,31.653631546467373,56.934776137167006
2006-02-06,392,2006-02-06,9.8,35.25,53.4,8.05,144690.0,-2584755.0,3577,8.359090909089659,31.827337677797317,58.32286366883018
2006-02-07,393,2006-02-07,12.05,28.45,58.0,7.5,144690.0,-2584755.0,3577,7.486069193962813,34.86808872241788,56.177806404113795
2006-02-15,394,2006-02-15,5.55,35.15,57.9,8.2,144690.0,-2584755.0,3577,7.491596484010225,32.35170711640816,58.67352075168536
2006-02-22,395,2006-02-22,4.85,31.3,62.45,5.0,144690.0,-2584755.0,3577,7.329916213816047,29.762623135374103,61.41774015457309
2006-03-03,396,2006-03-03,7.15,27.75,63.5,7.0,144690.0,-2584755.0,3577,6.444095996881412,26.68066639242711,65.40818593170557
2006-04-04,397,2006-04-04,6.7,25.85,65.9,7.05,144690.0,-2584755.0,3577,6.511807735607071,24.320585258391226,67.64322674228784
2006-04-11,398,2006-04-11,5.4,25.45,67.65,7.2,144690.0,-2584755.0,3577,5.844248630625466,23.73928316265423,68.911289484499
2006-04-12,399,2006-04-12,8.85,5.45,84.25,4.05,144690.0,-2584755.0,3577,5.920035343912168,26.43890834397405,66.19707506115186
2006-04-20,400,2006-04-20,2.65,39.1,56.75,10.3,144690.0,-2584755.0,3577,5.736700567233765,21.318927396130093,71.37809651647595
2006-05-06,401,2006-05-06,7.35,26.5,64.65,7.25,144690.0,-2584755.0,3577,5.000553071798455,23.322003886203188,70.10984830441987
2006-05-13,402,2006-05-13,4.4,29.8,64.2,7.35,144690.0,-2584755.0,3577,4.707788650976802,28.459902790703495,65.29291714476497
2006-05-29,403,2006-05-29,1.3,28.6,68.7,7.3,144690.0,-2584755.0,3577,5.317100121240195,33.05559629997991,60.12347474506018
2006-05-30,404,2006-05-30,8.9375,23.3125,66.0,7.125,144690.0,-2584770.0,3577,5.673284674560916,35.54614166792429,57.31911674495958
2006-06-07,405,2006-06-07,5.05,27.1,66.1,7.2,144690.0,-2584755.0,3577,5.83164362726969,36.40969792590766,56.333557232233034
2006-07-16,406,2006-07-16,7.8,76.2,15.5,23.35,144690.0,-2584755.0,3577,6.236474052262594,34.46289863386871,57.91291811902403
2006-07-24,407,2006-07-24,5.66666666666667,22.0,70.6666666666667,7.0,144675.0,-2584815.0,3577,5.83333901650378,35.201726872193746,57.5656326903145
2006-07-25,408,2006-07-25,5.75,18.2,74.5,5.9,144690.0,-2584755.0,3577,6.2056726168559,31.764622258541664,60.61640866872159
2006-08-01,409,2006-08-01,3.3,27.15,67.95,7.25,144690.0,-2584755.0,3577,5.146400928791801,28.470871040719732,64.89284624043717
2006-08-02,410,2006-08-02,5.75,29.125,63.625,7.25,144690.0,-2584710.0,3577,4.559555485793195,24.19986955768328,69.68797458989917
2006-08-09,411,2006-08-09,6.1,22.7,69.65,7.1,144690.0,-2584755.0,3577,5.268415369459474,21.33818955811671,71.75169033751554
2006-08-10,412,2006-08-10,5.25,23.2,69.9,7.05,144690.0,-2584755.0,3577,4.960707636016492,22.470233172396995,70.9271893740828
2006-08-26,413,2006-08-26,4.95,24.1,69.4,7.05,144690.0,-2584755.0,3577,6.253478281263725,25.582994327649946,66.63775375809985
2006-09-02,414,2006-09-02,5.05,22.35,70.9,7.3,144690.0,-2584755.0,3577,6.494984195370222,21.881820888086967,70.03673656064251
2006-09-03,415,2006-09-03,9.65,21.45,67.45,7.1,144690.0,-2584755.0,3577,7.156429380731716,19.839266744604338,71.38783314207944
2006-09-11,416,2006-09-11,5.65,22.75,70.0,7.05,144690.0,-2584755.0,3577,6.4785365563219655,20.975856805729837,70.93354911341467
2006-09-18,417,2006-09-18,6.375,17.0,75.0,7.0,144690.0,-2584800.0,3577,6.172512394725095,23.12660752559788,69.1191176470485
2006-09-19,418,2006-09-19,8.2,19.55,70.6,6.95,144690.0,-2584755.0,3577,5.34126505589274,24.407759784071928,68.6915683387717
2006-09-27,419,2006-09-27,0.8,35.35,62.3,13.25,144690.0,-2584755.0,3577,4.879382536966947,25.004781441465006,68.5524378098579
2006-10-13,420,2006-10-13,6.15,21.75,70.55,6.7,144690.0,-2584755.0,3577,4.684679793889619,25.479904306216277,68.3094567970627
2006-10-29,421,2006-10-29,1.83333333333333,31.3333333333333,65.5,13.0,144695.0,-2584760.0,3577,5.1015005654019205,23.893768760013096,69.47945710516117
2006-11-06,422,2006-11-06,8.6,19.05,70.7,7.05,144690.0,-2584755.0,3577,5.093960974723489,23.217680783133368,70.1370386222389
2006-11-14,423,2006-11-14,5.9,16.8,75.7,7.0,144690.0,-2584755.0,3577,5.310851905517133,22.406981329480516,70.68965439962523
2006-11-22,424,2006-11-22,8.25,20.5,69.65,7.05,144690.0,-2584755.0,3577,6.4630806005381185,21.223872107612877,70.71949291823424
2006-11-30,425,2006-11-30,5.3,24.4,68.75,7.15,144690.0,-2584755.0,3577,8.34389030267436,21.195517618025136,68.84937202435046
2006-12-08,426,2006-12-08,7.38461538461539,22.0769230769231,68.7692307692308,7.07692307692308,144693.461538462,-2584729.61538462,3577,9.488800933463036,22.41347575350825,66.516864803754
2007-01-09,427,2007-01-09,9.66666666666667,28.8333333333333,60.0,8.16666666666667,144700.0,-2584705.0,3577,11.398105250183615,21.99380626653364,65.09898836043469
2007-01-25,428,2007-01-25,18.0,17.125,63.625,7.0,144690.0,-2584800.0,3577,12.11947347033652,22.842766064668545,63.582955510718605
2007-02-02,429,2007-02-02,12.85,19.85,65.8,7.1,144690.0,-2584755.0,3577,12.877116059318848,21.399750711801122,64.25826705631934
2007-02-10,430,2007-02-10,12.4210526315789,19.1052631578947,66.8947368421053,7.05263157894737,144692.368421053,-2584751.84210526,3577,12.480128971355583,19.034080639863,67.01337007960392
2007-02-18,431,2007-02-18,9.4,20.8,68.45,6.95,144690.0,-2584755.0,3577,11.807407986967448,18.762129866345475,67.93929192570994
2007-02-26,432,2007-02-26,9.5,21.9,67.0,6.8,144690.0,-2584755.0,3577,9.555916338019351,20.2124515292401,68.6923174633639
2007-03-06,433,2007-03-06,8.05,18.95,71.3,6.6,144690.0,-2584755.0,3577,7.971568143169525,21.807568464881484,68.66839965882853
2007-03-14,434,2007-03-14,9.1,20.05,69.4,6.6,144690.0,-2584755.0,3577,7.887485685243998,23.189321734152877,67.36501263115868
2007-03-22,435,2007-03-22,9.1,23.65,65.75,7.2,144690.0,-2584755.0,3577,8.825530557513517,23.067078570765855,66.57162653216734
2007-03-30,436,2007-03-30,7.375,30.625,60.5,8.3125,144690.0,-2584740.0,3577,9.536805613319588,21.68916457096433,67.27067705798164
2007-04-07,437,2007-04-07,8.4,19.75,70.35,7.15,144690.0,-2584755.0,3577,9.797642196078485,21.569559082758563,67.15384367546065
2007-04-15,438,2007-04-15,13.45,17.0,68.15,7.15,144690.0,-2584755.0,3577,9.310449728288894,21.762464006578405,67.51905594404586
2007-04-23,439,2007-04-23,9.9,19.5,68.95,7.0,144690.0,-2584755.0,3577,9.195126274652765,22.187197709408018,67.17915683386816
2007-05-01,440,2007-05-01,6.4,23.5,68.9,5.55,144690.0,-2584755.0,3577,8.36019777436061,22.344034835130568,67.81147242849016
2007-05-08,441,2007-05-08,7.8,22.2,68.55,7.25,144690.0,-2584755.0,3577,7.570925166163974,22.8716539652264,68.06182695012949
2007-05-09,442,2007-05-09,4.4375,32.5,61.375,12.8125,144690.0,-2584755.0,3577,7.244134155317283,23.6525482257645,67.57475643550485
2007-06-25,443,2007-06-25,8.85,18.7,70.9,7.05,144690.0,-2584755.0,3577,6.716629771156631,23.973992184282718,67.73059440558428
2007-06-26,444,2007-06-26,8.0,21.9,68.3,7.05,144690.0,-2584755.0,3577,6.584235424017721,22.43333152914861,69.36377492475526
2007-07-03,445,2007-07-03,5.1,19.35,74.05,6.9,144690.0,-2584755.0,3577,7.338898060143093,20.170704063735105,70.7770004762933
2007-07-04,446,2007-07-04,8.75,18.7,70.9,7.0,144690.0,-2584755.0,3577,6.881052036198066,18.55946004459659,72.78571683733134
2007-07-12,447,2007-07-12,7.1,18.35,72.75,6.45,144690.0,-2584755.0,3577,6.532014386541275,18.00357444412903,73.76236603952219
2007-07-19,448,2007-07-19,4.15,18.5,75.55,6.95,144690.0,-2584755.0,3577,6.782899608130794,17.836350646255102,73.71567905777331
2007-07-27,449,2007-07-27,7.1,18.65,72.55,6.7,144690.0,-2584755.0,3577,6.365148357833165,18.9543322003046,73.04864199267132
2007-07-28,450,2007-07-28,7.35,15.95,75.05,6.45,144690.0,-2584755.0,3577,6.6944575548280705,17.665437658314275,74.0441392972242
2007-08-04,451,2007-08-04,5.9,20.15,72.75,7.1,144690.0,-2584755.0,3577,6.720739786528256,17.567609171012116,74.11448829806855
2007-08-05,452,2007-08-05,9.45,17.1,71.85,7.05,144690.0,-2584755.0,3577,7.01565524258918,16.77876442442755,74.62688194157667
2007-08-13,453,2007-08-13,5.95,14.95,77.3,6.8,144690.0,-2584755.0,3577,7.571753014785939,16.19398774599771,74.62904046416864
2007-08-20,454,2007-08-20,5.7,15.25,77.35,6.75,144690.0,-2584755.0,3577,7.4566888220127865,15.630431488014292,75.26281690444651
2007-08-21,455,2007-08-21,9.4,14.25,74.65,6.4,144690.0,-2584755.0,3577,7.5840968628883,15.22048214942724,75.52288856653053
2007-08-28,456,2007-08-28,8.35,17.0,73.05,6.75,144690.0,-2584755.0,3577,8.042065210330263,15.011793933618314,75.27532421138108
2007-08-29,457,2007-08-29,8.4,14.0,76.0,6.4,144690.0,-2584755.0,3577,8.249624369437377,14.947269371493146,75.16329429083724
2007-09-05,458,2007-09-05,6.8,15.75,75.9,6.55,144690.0,-2584755.0,3577,8.459814358062678,14.65747305801862,75.31899253400867
2007-09-06,459,2007-09-06,9.7,14.35,74.35,6.4,144690.0,-2584755.0,3577,8.961022354638544,15.017798984771021,74.44399066043584
2007-09-13,460,2007-09-13,9.7,15.25,73.45,6.05,144690.0,-2584755.0,3577,8.604080121472858,15.14041988018899,74.64151843927758
2007-09-14,461,2007-09-14,6.9,15.35,76.1,6.55,144690.0,-2584755.0,3577,8.195252865732707,15.793599527801739,74.40566809945312
2007-09-21,462,2007-09-21,8.95,15.5,73.95,6.95,144690.0,-2584755.0,3577,8.295540389790757,16.5885739019496,73.50446109517705
2007-09-22,463,2007-09-22,8.61538461538461,16.9230769230769,72.8461538461538,6.61538461538461,144693.461538462,-2584729.61538462,3577,8.228089209550827,17.226413936937668,72.94852156356482
2007-09-29,464,2007-09-29,7.25,22.125,69.0,7.0625,144690.0,-2584740.0,3577,7.5875377629027865,19.00448239146454,71.80852844165952
2007-09-30,465,2007-09-30,7.45,14.15,76.85,6.45,144690.0,-2584755.0,3577,8.344604082111765,15.676988309642548,74.34421912531066
2007-10-08,466,2007-10-08,8.8,18.8,70.85,7.0,144690.0,-2584755.0,3577,8.76541723637032,15.778359468979884,73.80929539915994
2007-10-15,467,2007-10-15,9.6875,16.125,72.4375,6.375,144690.0,-2584770.0,3577,9.151123082084444,17.051118065071233,72.17606025492839
2007-10-24,468,2007-10-24,8.66666666666667,16.5555555555556,73.1666666666667,6.5,144693.333333333,-2584748.33333333,3577,8.742665704342775,19.4506621530646,70.22122944828195
2007-11-09,469,2007-11-09,9.2,18.75,70.4,7.05,144690.0,-2584755.0,3577,8.891470912986613,22.530999263890646,67.04380696701678
2007-11-25,470,2007-11-25,11.5,16.55,70.5,7.0,144690.0,-2584755.0,3577,8.554226385068759,23.98528852468123,65.96816476865801
2007-12-11,471,2007-12-11,2.35,50.25,46.15,5.5,144690.0,-2584755.0,3577,8.120900990133523,25.52387605514159,64.88361289122705
2007-12-27,472,2007-12-27,10.2,16.3,72.0,7.05,144690.0,-2584755.0,3577,7.6070041027073,25.042557932260074,65.87786946025126
2008-01-11,473,2008-01-11,6.7,22.2,69.5,6.8,144690.0,-2584755.0,3577,7.269005607394613,24.656755576720936,66.55148195456799
2008-01-12,474,2008-01-12,9.1,17.9,71.4,6.7,144696.0,-2584719.0,3577,7.137758358771224,22.74244054019256,68.5437554576384
2008-01-20,475,2008-01-20,5.75,18.2,74.4,6.3,144690.0,-2584755.0,3577,7.085141483902035,20.595379130670175,70.70111281905892
2008-01-27,476,2008-01-27,7.15,27.6,63.6,7.15,144690.0,-2584755.0,3577,7.096275087140899,19.208066855742004,72.05037779556827
2008-03-08,477,2008-03-08,5.75,19.95,72.7,6.05,144690.0,-2584755.0,3577,6.814370304616965,20.245187165772375,71.33552577452441
2008-03-15,478,2008-03-15,7.0,21.4,70.05,6.15,144690.0,-2584755.0,3577,5.917269263243611,23.639899110174213,68.8596830414065
2008-03-16,479,2008-03-16,6.25,20.3,71.95,6.25,144690.0,-2584755.0,3577,5.733548030915594,22.199282296647404,70.48043581804139
2008-03-23,480,2008-03-23,4.95,23.1,70.25,6.0,144690.0,-2584755.0,3577,4.853426140422318,22.85335144731088,70.69297451773176
2008-03-24,481,2008-03-24,4.2,23.45,70.8,5.65,144690.0,-2584755.0,3577,4.857034142327534,21.309784797242912,72.22767758556152
2008-03-31,482,2008-03-31,4.95,20.9,72.5,6.1,144690.0,-2584755.0,3577,4.461623533995842,20.542553676515276,73.39457121824447
2008-04-09,483,2008-04-09,5.55,14.5,78.25,5.2,144690.0,-2584755.0,3577,5.795406787711514,17.15536096574813,75.44241594317867
2008-04-16,484,2008-04-16,4.35,19.6,74.6,6.2,144690.0,-2584755.0,3577,6.7542543870251865,14.872298217169426,76.74466106647623
2008-04-17,485,2008-04-17,9.85,9.35,79.2,6.05,144690.0,-2584755.0,3577,8.706579106559593,10.33546413520763,79.42654852885863
2008-05-03,486,2008-05-03,10.0,6.25,82.25,6.0,144690.0,-2584815.0,3577,9.102535171983819,8.98034507834046,80.41335924136581
2008-05-19,487,2008-05-19,9.1,9.6,79.75,6.05,144690.0,-2584755.0,3577,8.405906804903907,9.152582038248127,80.95426400223951
2008-08-07,488,2008-08-07,10.45,4.55,83.45,6.0,144690.0,-2584755.0,3577,7.380210974600692,10.64293675728592,80.48860659463172
2008-08-14,489,2008-08-14,3.17647058823529,21.4705882352941,74.0,6.58823529411765,144683.823529412,-2584746.17647059,3577,6.700707833414899,12.106333058671439,79.64000627853926
2008-08-22,490,2008-08-22,6.8,2.85,89.0,5.4,144690.0,-2584755.0,3577,6.362373394224566,11.73583008686639,80.34477581241086
2008-08-31,491,2008-08-31,1.5,25.5,71.0,8.5,144690.0,-2584800.0,3577,6.412854346526672,11.549224095880533,80.50613132995832
2008-10-09,492,2008-10-09,10.75,2.15,85.75,6.05,144690.0,-2584755.0,3577,7.6088903106534245,9.258831839257516,81.63570005844329
2008-10-17,493,2008-10-17,11.35,6.5,80.55,6.05,144690.0,-2584755.0,3577,8.64883700346146,7.484141309427023,82.40141916905392
2008-10-18,494,2008-10-18,10.3,1.0,87.4,6.05,144690.0,-2584755.0,3577,9.893289925789357,3.2362577096910283,85.46665223320294
2008-10-25,495,2008-10-25,8.9,2.4,87.5,6.05,144690.0,-2584755.0,3577,10.772158016358283,2.6226859781991534,85.1754638550177
2008-10-26,496,2008-10-26,9.1,8.65,80.65,6.05,144690.0,-2584755.0,3577,9.805895167933858,2.619765602878488,86.14766791514731
2008-11-03,497,2008-11-03,9.55,4.5,84.45,6.25,144690.0,-2584755.0,3577,9.517569479023166,4.82717121200021,84.08041681399558
2008-11-10,498,2008-11-10,9.45,6.25,82.55,6.95,144690.0,-2584755.0,3577,8.339038245035454,11.499003189790942,78.43948162259684
2008-11-11,499,2008-11-11,9.9375,9.625,78.75,6.3125,144690.0,-2584770.0,3577,8.81961208296216,16.35441898142892,73.09417971088706
2008-11-19,500,2008-11-19,7.75,31.25,59.0,8.5,144727.5,-2584717.5,3577,9.645242103096695,19.505583279806373,69.14023300399975
2008-11-26,501,2008-11-26,9.95,13.65,74.95,6.85,144690.0,-2584755.0,3577,10.872840936151999,20.7393820317938,66.76788593242703
2008-12-12,502,2008-12-12,13.9,37.05,47.35,9.7,144690.0,-2584755.0,3577,12.237484303620239,22.2162814739407,64.0178029400844
2008-12-13,503,2008-12-13,12.3333333333333,13.5555555555556,73.1111111111111,5.0,144695.0,-2584715.0,3577,14.212694851585912,22.565200288184545,61.77414475788165
2008-12-20,504,2008-12-20,17.7,16.35,64.4,7.05,144690.0,-2584755.0,3577,16.01828059710947,20.711505445016293,61.89620039402395
2008-12-21,505,2008-12-21,17.65,10.65,70.25,6.55,144690.0,-2584755.0,3577,17.085241074712208,17.159459322924263,64.35452236101429
2008-12-29,506,2008-12-29,16.9166666666667,27.75,53.75,6.91666666666667,144690.0,-2584725.0,3577,17.523971887243267,15.31225478167974,65.73228414171705
2009-01-05,507,2009-01-05,17.25,17.6,63.8,7.0,144690.0,-2584755.0,3577,17.21021996579016,15.461348661655947,65.83130543346279
2009-01-06,508,2009-01-06,17.5,9.85,71.2,6.2,144690.0,-2584755.0,3577,16.771818798013015,14.160048068940924,67.55707980198517
2009-01-13,509,2009-01-13,14.65,12.1,71.55,6.4,144690.0,-2584755.0,3577,16.728381299574327,16.271095256517924,65.42790689238865
2009-01-14,510,2009-01-14,15.75,13.3,69.4,6.2,144690.0,-2584755.0,3577,15.568422634757525,14.88492525970275,67.99133665412717
2009-01-21,511,2009-01-21,16.4,20.6,61.55,6.9,144690.0,-2584755.0,3577,15.15211222452005,14.08097865458932,69.1447586588112
2009-01-30,512,2009-01-30,14.8,12.4,71.1,6.1,144684.0,-2584791.0,3577,14.324697577565157,13.595167597344659,70.49495908948298
2009-02-06,513,2009-02-06,13.5384615384615,16.0769230769231,68.6923076923077,6.53846153846154,144686.538461538,-2584780.38461538,3577,13.632572690465384,14.770867522568107,69.99285868928786
2009-02-07,514,2009-02-07,12.75,11.95,73.75,6.15,144690.0,-2584755.0,3577,12.811852888714505,13.899732537048873,71.73918173989739
2009-02-14,515,2009-02-14,10.0,10.15,78.4,6.4,144690.0,-2584755.0,3577,12.813184485592663,10.992283294222595,74.65594061410997
2009-02-15,516,2009-02-15,14.5,10.2,73.85,6.05,144690.0,-2584755.0,3577,12.244113816641157,10.546255518711673,75.68642025989072
2009-02-22,517,2009-02-22,11.35,14.2,72.95,6.1,144690.0,-2584755.0,3577,11.661615402933021,10.872998066471077,75.9766452884939
2009-02-23,518,2009-02-23,12.05,9.85,76.35,6.05,144690.0,-2584755.0,3577,11.120933666633364,12.632528890493182,74.7377238225662
2009-03-02,519,2009-03-02,10.6,13.0,75.1,6.05,144690.0,-2584755.0,3577,10.667896035851099,13.678331420899035,74.077935222661
2009-03-10,520,2009-03-10,11.1,13.6,73.65,6.05,144690.0,-2584755.0,3577,9.946088895623012,15.98813895083006,72.53025070903246
2009-03-11,521,2009-03-11,5.58333333333333,23.75,69.1666666666667,4.5,144687.5,-2584772.5,3577,9.279339597449667,17.25723873649312,71.90927240972607
2009-03-18,522,2009-03-18,10.0,12.35,75.95,6.2,144690.0,-2584755.0,3577,9.111589339451754,16.082194894885987,73.24796055336758
2009-03-26,523,2009-03-26,10.9,17.25,70.3,6.35,144690.0,-2584755.0,3577,9.67756933468863,13.858939357853695,74.90274199483608
2009-03-27,524,2009-03-27,9.55,14.7,74.4,6.1,144690.0,-2584755.0,3577,9.59212077911625,13.79454090800634,75.04158638058445
2009-04-03,525,2009-04-03,8.2,13.3,76.95,6.15,144690.0,-2584755.0,3577,8.744828855353864,14.9307497456082,74.75306349995635
2009-04-04,526,2009-04-04,10.0,10.0,78.0,6.0,144735.0,-2584695.0,3577,8.237184178049821,17.311486501112398,72.89074887959248
2009-04-12,527,2009-04-12,8.05,15.2,75.45,6.15,144690.0,-2584755.0,3577,8.049425548650351,18.656556755934773,71.68704958611008
2009-04-19,528,2009-04-19,4.8,29.5,64.1,8.3,144690.0,-2584755.0,3577,6.672269371494381,20.703910021863578,70.98777631036633
2009-04-28,529,2009-04-28,5.7,28.65,64.0,7.6,144690.0,-2584755.0,3577,7.029335989087261,18.71383987529218,72.58615038211478
2009-05-05,530,2009-05-05,7.5,13.9,76.9,6.05,144690.0,-2584755.0,3577,7.174203814760018,17.83343328497861,73.33213210936574
2009-05-06,531,2009-05-06,11.6,8.5,78.1,6.05,144690.0,-2584755.0,3577,7.546065080429276,15.710121457487535,75.13281517243243
2009-05-14,532,2009-05-14,5.45,10.1,82.95,5.0,144690.0,-2584755.0,3577,7.632574855483931,14.399378639933765,76.33609084412896
2009-05-21,533,2009-05-21,6.2,16.55,75.65,6.1,144690.0,-2584755.0,3577,7.777100608368796,13.957723700446074,76.6206770010061
2009-05-22,534,2009-05-22,11.0,13.0,74.5,6.25,144690.0,-2584695.0,3577,8.292680567390839,12.60801755238662,77.57195160593945
2009-06-06,535,2009-06-06,5.15,23.2,70.1,7.05,144690.0,-2584755.0,3577,8.069829691838056,14.862747919120588,75.59334827850444
2009-06-07,536,2009-06-07,8.8,14.1,75.6,6.2,144690.0,-2584755.0,3577,7.503718220984199,16.70699389267954,74.3102327590677
2009-06-30,537,2009-06-30,6.81818181818182,15.8181818181818,75.8181818181818,6.09090909090909,144685.909090909,-2584787.72727273,3577,7.436451221167251,16.803549448016398,74.27124521972834
2009-07-09,538,2009-07-09,9.5,8.8,80.4,6.0,144690.0,-2584755.0,3577,7.395910445684178,16.043769243232084,75.03552810355798
2009-07-16,539,2009-07-16,7.75,12.5,78.2,6.1,144690.0,-2584755.0,3577,6.52707083390915,15.250050692027022,76.71466672613852
2009-09-19,540,2009-09-19,2.35,29.1,66.85,10.6,144690.0,-2584755.0,3577,6.610385720854759,14.669125897085987,77.1662345160119
2009-09-26,541,2009-09-26,7.4,10.65,80.3,6.2,144690.0,-2584755.0,3577,7.578115640808007,13.00454617621606,77.81804506122228
2009-09-27,542,2009-09-27,9.7,9.6,79.3,6.3,144696.0,-2584719.0,3577,7.529299424344739,12.901843031407667,77.98192162153845
2009-10-05,543,2009-10-05,7.45,7.7,83.2,6.05,144690.0,-2584755.0,3577,8.125949179817935,10.87825744946326,79.40765838907066
2009-10-13,544,2009-10-13,9.8,10.4,78.25,6.05,144690.0,-2584755.0,3577,8.566171599297256,9.922740262831661,79.952707354553
2009-10-20,545,2009-10-20,9.55555555555556,9.88888888888889,78.8888888888889,6.11111111111111,144695.0,-2584715.0,3577,9.30811093790831,8.463581757078945,80.69820417799089
2009-10-21,546,2009-10-21,7.55,10.55,80.55,6.05,144690.0,-2584755.0,3577,8.777852952000249,9.696444319353082,80.03296167195899
2009-10-28,547,2009-10-28,6.7,13.05,78.85,6.2,144690.0,-2584755.0,3577,8.019344252237792,12.29135977541366,78.1984723996217
2009-10-29,548,2009-10-29,9.65,9.25,79.4,6.1,144690.0,-2584755.0,3577,8.00823434391426,11.626484179733207,78.90170501152294
2009-11-05,549,2009-11-05,8.5,13.3333333333333,76.8333333333333,6.08333333333333,144690.0,-2584725.0,3577,7.936845533206577,11.44287655069217,79.1769219944024
2009-11-06,550,2009-11-06,6.85,10.35,81.3,6.05,144690.0,-2584755.0,3577,7.392199080588069,11.315504413025934,79.82405298518657
2009-11-13,551,2009-11-13,6.8,13.1,78.75,6.15,144690.0,-2584755.0,3577,7.772679341641029,11.357738915709348,79.3590124873288
2009-11-14,552,2009-11-14,9.625,8.0,80.625,6.0,144690.0,-2584800.0,3577,8.093321822654978,10.704286915353425,79.6318080783906
2009-11-22,553,2009-11-22,6.35,11.6,80.55,5.85,144690.0,-2584755.0,3577,7.880186841021576,10.777634826472223,79.7457378921269
2009-11-29,554,2009-11-29,8.2,12.65,77.45,6.15,144690.0,-2584755.0,3577,7.971976011603303,11.30997531879716,79.09203165254615
2009-11-30,555,2009-11-30,8.8,11.65,77.9,6.1,144690.0,-2584755.0,3577,8.283037086751019,11.738326044438843,78.28138364472335
2009-12-07,556,2009-12-07,9.75,10.625,77.875,6.0,144690.0,-2584800.0,3577,8.14584228043155,13.189601174224872,76.97768612261903
2009-12-08,557,2009-12-08,6.35,13.65,78.4,6.05,144690.0,-2584755.0,3577,8.130611086070045,13.464010764072079,76.71425386110067
2009-12-15,558,2009-12-15,7.65,16.75,73.95,6.55,144690.0,-2584755.0,3577,8.126609936642497,13.875480191070576,76.36588207738205
2009-12-16,559,2009-12-16,9.72727272727273,13.0909090909091,75.5454545454545,6.36363636363636,144694.090909091,-2584722.27272727,3577,8.750921608646166,13.49866315080721,76.12275652505656
2010-01-01,560,2010-01-01,8.375,13.5,76.4375,6.1875,144690.0,-2584740.0,3577,9.200459229764075,13.53947432387281,75.68938632081674
2010-01-16,561,2010-01-16,10.5,12.15,75.95,6.4,144690.0,-2584755.0,3577,10.37251933262192,13.578339933354794,74.52039574553237
2010-01-25,562,2010-01-25,11.4,10.6,76.5,6.1,144690.0,-2584755.0,3577,11.190890885077224,12.278852402872522,75.05109077524223
2010-02-01,563,2010-02-01,10.95,14.6,73.0,6.3,144690.0,-2584755.0,3577,11.395886339119016,11.376792952993217,75.76044423613862
2010-02-02,564,2010-02-02,13.3,11.9,73.2,6.3,144690.0,-2584755.0,3577,10.674013102175778,11.600085454518254,76.22831222227734
2010-02-10,565,2010-02-10,11.45,11.25,75.9,6.05,144690.0,-2584755.0,3577,11.436157068207812,12.26767418521925,74.74157779480376
2010-02-17,566,2010-02-17,11.75,11.1,75.6,6.35,144690.0,-2584755.0,3577,13.674062515519225,12.01992771387966,72.71957640791922
2010-02-18,567,2010-02-18,12.3,10.85,75.15,6.05,144690.0,-2584755.0,3577,15.444859611338815,12.248285815439328,70.7050849578289
2010-03-06,568,2010-03-06,17.625,18.0,62.6875,6.875,144690.0,-2584740.0,3577,17.59459977738261,13.558998131715093,67.29387021418661
2010-03-21,569,2010-03-21,22.8,14.25,61.4,6.95,144690.0,-2584755.0,3577,19.948476305152425,15.492282412540515,63.01978754489879
2010-03-22,570,2010-03-22,25.7647058823529,14.5882352941176,58.3529411764706,6.82352941176471,144687.352941176,-2584765.58823529,3577,21.264465374360203,17.81184366534673,59.437989309898114
2010-03-30,571,2010-03-30,19.4,18.25,60.95,6.65,144690.0,-2584755.0,3577,22.01326662319321,19.32571786253886,57.228441661680705
2010-04-06,572,2010-04-06,17.35,24.05,57.1,7.25,144690.0,-2584755.0,3577,21.73839104803085,19.998819842511075,56.852219063481286
2010-04-23,573,2010-04-23,22.9,22.75,52.9,7.2,144690.0,-2584755.0,3577,20.3836821664919,20.409637002950287,57.75495370363611
2010-05-01,574,2010-05-01,20.2,17.9,60.4,7.2,144690.0,-2584755.0,3577,19.44616030936538,20.08419788643036,59.008070962901876
2010-05-08,575,2010-05-08,17.45,18.95,62.25,7.15,144690.0,-2584755.0,3577,18.98146655747902,20.296722768214003,59.2355035671761
2010-05-09,576,2010-05-09,20.35,20.55,57.5,7.05,144690.0,-2584755.0,3577,18.896070843195137,21.313570808172436,58.36225320389901
2010-05-17,577,2010-05-17,17.85,21.3,59.3,7.2,144690.0,-2584755.0,3577,18.452913986393288,22.960419465797564,57.16879037916246
2010-06-02,578,2010-06-02,16.45,24.55,57.75,7.2,144690.0,-2584755.0,3577,17.157844400179297,22.113340297470117,59.24392550173398
2010-06-10,579,2010-06-10,18.125,24.625,55.875,6.625,144690.0,-2584710.0,3577,15.780372491283448,23.647084984155754,59.02227460361254
2010-06-17,580,2010-06-17,12.6,29.75,55.9,7.3,144690.0,-2584755.0,3577,14.735773849471336,25.927579017126227,57.73993958397121
2010-06-18,581,2010-06-18,14.35,27.2,56.85,7.05,144690.0,-2584755.0,3577,13.744114670157508,28.194564272152945,56.412555117732445
2010-06-26,582,2010-06-26,13.0,20.0,65.0,7.0,144645.0,-2584815.0,3577,12.832072030135128,30.50911779138878,55.054992169844624
2010-07-03,583,2010-07-03,12.75,29.85,55.95,7.85,144690.0,-2584755.0,3577,12.54311623618712,32.357178867739044,53.44695802992218
2010-07-12,584,2010-07-12,11.3,49.6,37.7,9.6,144690.0,-2584755.0,3577,12.88703939249413,33.28189494973053,52.23820913347997
2010-07-28,585,2010-07-28,14.1,31.0,53.35,7.95,144690.0,-2584755.0,3577,13.223483675764989,32.85483529627775,52.405925653286246
2010-08-04,586,2010-08-04,15.6666666666667,29.1111111111111,53.7222222222222,8.05555555555556,144693.333333333,-2584748.33333333,3577,14.364657349871928,32.68505049301774,51.50181199948232
2010-08-05,587,2010-08-05,13.05,28.65,56.85,7.6,144690.0,-2584755.0,3577,14.589051776394804,30.79925983458805,53.11536675398111
2010-08-29,588,2010-08-29,16.8125,29.3125,52.125,8.25,144690.0,-2584770.0,3577,15.88694683798936,29.805212731020973,52.81674135976752
2010-09-05,589,2010-09-05,18.25,29.75,50.875,8.125,144690.0,-2584800.0,3577,17.220486389253168,29.582792108987377,51.70032463236025
2010-09-06,590,2010-09-06,16.4,33.1,48.85,8.4,144690.0,-2584755.0,3577,19.02476671934592,33.97665714058395,45.58491975000582
2010-09-14,591,2010-09-14,22.3,38.7,37.65,9.9,144690.0,-2584755.0,3577,20.790050390782575,37.74259897738436,40.09022512574545
2010-09-21,592,2010-09-21,22.0,35.5,41.0,9.0,144690.0,-2584815.0,3577,23.696653333762793,37.80535321660918,37.114424309774805
2010-10-15,593,2010-10-15,28.25,48.55,22.15,12.95,144690.0,-2584755.0,3577,26.28812244256898,38.53486048264884,33.80519748568779
2010-10-16,594,2010-10-16,26.75,35.0,36.75,10.125,144690.0,-2584800.0,3577,28.025626231349598,38.61469722227659,31.94866147783627
2010-10-23,595,2010-10-23,29.15,35.45,33.85,9.65,144690.0,-2584755.0,3577,29.09455308622831,37.71243937950031,31.74525807009853
2010-11-01,596,2010-11-01,28.6,29.4,40.5,8.9,144684.0,-2584791.0,3577,27.83341379981831,37.73181818181254,32.99848394638923
2010-11-17,597,2010-11-17,28.6,47.45,22.55,14.1,144690.0,-2584755.0,3577,25.794448894754645,39.14707722617355,33.58416289592259
2010-12-02,598,2010-12-02,22.05,43.0,33.55,9.65,144690.0,-2584755.0,3577,24.097531879881224,41.99003225875663,32.473955920235895
2010-12-26,599,2010-12-26,21.05,40.75,36.7,10.0,144690.0,-2584755.0,3577,22.47227694905378,43.56712312454695,32.58493255969549
2010-12-27,600,2010-12-27,18.2,46.3,34.25,9.5,144690.0,-2584755.0,3577,21.156264478552337,46.7585593972521,30.686592045720587
2011-01-03,601,2011-01-03,18.95,51.3,28.3,10.4,144690.0,-2584755.0,3577,18.143035138233664,46.922229318661934,33.520857779985896
2011-01-11,602,2011-01-11,22.5,45.75,30.5,10.85,144690.0,-2584755.0,3577,15.669642122580955,47.27227586654125,35.674292580479204
2011-01-20,603,2011-01-20,15.5,45.4,37.65,10.0,144690.0,-2584755.0,3577,14.70197557859877,47.66885189113579,36.31420792828919
2011-01-27,604,2011-01-27,13.2,45.7,39.7,10.05,144690.0,-2584755.0,3577,15.877469743876041,48.91261122777419,33.982454697000705
2011-01-28,605,2011-01-28,11.3,53.95,33.4,9.3,144690.0,-2584755.0,3577,18.24035268137163,48.44577929809404,32.15222563813415
2011-03-16,606,2011-03-16,18.5,47.5,33.5,4.75,144690.0,-2584815.0,3577,21.113943796138784,48.12250319339384,29.63776223775781
2011-03-24,607,2011-03-24,30.6,50.35,17.75,12.0,144690.0,-2584755.0,3577,24.452677044314257,48.44951611854913,25.99097512394338
2011-03-25,608,2011-03-25,31.8,47.3,19.7,11.8,144690.0,-2584755.0,3577,26.2220063218476,48.85366320984786,23.73090346185967
2011-04-01,609,2011-04-01,27.9,45.75,25.05,11.1,144690.0,-2584755.0,3577,28.026513888584,50.157632769699575,20.59196778453436
2011-04-09,610,2011-04-09,22.55,53.95,22.15,11.3,144690.0,-2584755.0,3577,26.556384637030824,51.67286475134,20.498376236763264
2011-04-17,611,2011-04-17,18.95,52.05,27.65,10.95,144690.0,-2584755.0,3577,22.363171967348194,52.89545238042899,23.425157505030164
2011-04-18,612,2011-04-18,19.3,52.8,26.55,10.35,144690.0,-2584755.0,3577,16.856877178546487,52.93127259736376,28.86599406784734
2011-04-25,613,2011-04-25,12.45,54.75,31.55,10.75,144690.0,-2584755.0,3577,12.478146311890576,50.52276840805498,35.63822122149762
2011-04-26,614,2011-04-26,15.2,50.6,33.05,10.45,144690.0,-2584755.0,3577,9.334516876311145,47.281272597364605,41.957540756450896
2011-06-12,615,2011-06-12,0.1,36.0,62.2,10.8,144690.0,-2584755.0,3577,6.524469029421613,42.049859273846806,49.89767585355075
2011-06-21,616,2011-06-21,2.65,35.55,60.05,10.2,144690.0,-2584755.0,3577,4.081064755677149,36.69407326419162,57.694642663829086
2011-06-29,617,2011-06-29,4.2,32.45,61.75,9.85,144690.0,-2584755.0,3577,1.7452131459868774,33.28103877546105,63.41271947865428
2011-07-22,618,2011-07-22,1.7,33.75,63.1,10.05,144690.0,-2584755.0,3577,0.671619866201808,30.27830760570246,67.53472580050519
2011-07-30,619,2011-07-30,0.15,28.8,69.85,9.8,144690.0,-2584755.0,3577,0.6775660871635079,29.288214726445645,68.59263027992654
2011-07-31,620,2011-07-31,1.75,27.95,68.65,9.55,144690.0,-2584755.0,3577,0.8243763975960878,29.78388082505284,68.05622813717773
2011-08-07,621,2011-08-07,0.5,30.75,67.75,8.5,144727.5,-2584732.5,3577,2.2729420734061296,29.271519656809396,67.1126679821626
2011-08-08,622,2011-08-08,1.55,29.8,66.9,9.6,144690.0,-2584755.0,3577,2.3606068853743345,29.04527747793567,67.14838536075922
2011-08-16,623,2011-08-16,5.25,28.0,65.5,9.25,144690.0,-2584815.0,3577,3.793087562591639,29.536055585277175,65.14098208292282
2011-08-23,624,2011-08-23,4.1,30.55,63.6,9.55,144690.0,-2584755.0,3577,4.757435134524206,29.68157941129634,63.95698264582759
2011-09-01,625,2011-09-01,6.5,28.5,63.25,9.0,144690.0,-2584815.0,3577,5.385545723625414,29.857702514199605,63.0688545200835
2011-09-17,626,2011-09-17,6.55,29.75,61.85,9.35,144690.0,-2584755.0,3577,5.149839170117039,29.183833194664757,63.94046464370587
2011-10-03,627,2011-10-03,3.85714285714286,33.8571428571429,60.8571428571429,9.85714285714286,144683.571428571,-2584802.14285714,3577,5.530817325088945,29.895386811326624,62.80956334686047
2011-10-18,628,2011-10-18,5.25,24.6,68.4,9.65,144690.0,-2584755.0,3577,5.683234567289447,29.904058789503242,62.74495813782803
2011-10-19,629,2011-10-19,5.7,29.45,63.05,9.4,144690.0,-2584755.0,3577,6.451697837764986,29.247407855298228,62.65426121864814
2011-10-26,630,2011-10-26,9.3,30.25,58.85,9.4,144690.0,-2584755.0,3577,8.316487073296978,29.562075849842337,60.6080878873358
2011-11-04,631,2011-11-04,8.9,30.25,59.5,10.0,144690.0,-2584755.0,3577,11.653251237924419,28.31406117102288,58.43193772171228
2011-11-11,632,2011-11-11,14.4,29.1,55.05,9.15,144690.0,-2584755.0,3577,11.288851705568284,25.346368646829255,61.941482201999264
2011-11-12,633,2011-11-12,11.45,22.65,64.45,9.15,144690.0,-2584755.0,3577,10.656954500606155,27.257294408373923,60.69139127125836
2011-11-27,634,2011-11-27,14.5,31.9,52.05,9.35,144690.0,-2584755.0,3577,11.683803300769881,31.354264882528835,55.54409321327995
2011-12-06,635,2011-12-06,13.0,31.05,54.45,9.15,144690.0,-2584755.0,3577,13.511678688063906,34.44806180958322,50.49972720776919
2011-12-29,636,2011-12-29,9.2,30.2,59.05,9.05,144690.0,-2584755.0,3577,15.472906136490398,38.36864538176182,44.49549459827433
2012-01-14,637,2012-01-14,7.5,51.35,40.05,11.2,144690.0,-2584755.0,3577,17.9130308248524,40.80938493513497,39.52349693649412
2012-03-18,638,2012-03-18,36.05,55.45,5.6,2.05,144690.0,-2584755.0,3577,19.346380340304577,41.754330285093275,37.145242373719796
2012-03-27,639,2012-03-27,23.7692307692308,28.7692307692308,46.0,8.61538461538461,144693.461538462,-2584729.61538462,3577,20.314847691005653,40.126388317558806,37.821500790225784
2012-04-19,640,2012-04-19,12.9,31.6,54.0,8.1,144684.0,-2584791.0,3577,18.72803398078184,36.645135455156186,42.964273961326356
2012-04-28,641,2012-04-28,14.35,34.35,49.75,8.9,144690.0,-2584755.0,3577,15.905053817340086,34.02131309985054,48.479321916466375
2012-05-14,642,2012-05-14,11.85,31.45,55.25,8.45,144690.0,-2584755.0,3577,11.898579998232904,30.61597158497154,55.98530061269163
2012-07-24,643,2012-07-24,7.0,32.0,59.65,7.85,144690.0,-2584755.0,3577,7.496897921572146,28.63567548892969,62.44657774386398
2012-08-02,644,2012-08-02,6.75,29.35,62.3,7.6,144690.0,-2584755.0,3577,5.159096722064547,30.304238326950163,63.15348933982575
2012-08-09,645,2012-08-09,4.5,31.75,62.25,7.75,144690.0,-2584695.0,3577,6.65956262822854,31.682628280474567,60.10362220186491
2012-08-25,646,2012-08-25,8.05,29.35,61.0,7.7,144690.0,-2584755.0,3577,6.523849425781159,29.659412440738826,62.27008430620229
2012-09-03,647,2012-09-03,7.75,28.0,62.8,7.55,144690.0,-2584755.0,3577,6.577619528076111,30.228691434676264,61.611660180094795
2012-09-19,648,2012-09-19,6.85,31.65,59.9,7.75,144690.0,-2584755.0,3577,7.879561230518439,29.660750411030534,60.84152621644428
2012-10-05,649,2012-10-05,8.8,31.4,58.15,8.15,144690.0,-2584755.0,3577,9.751207082238224,29.389288808679787,59.256304128085475
2012-10-21,650,2012-10-21,8.64705882352941,30.5294117647059,59.1764705882353,8.11764705882353,144692.647058824,-2584744.41176471,3577,9.787191739692098,31.45036848281461,57.17815213832844
2012-11-13,651,2012-11-13,11.9375,29.0625,57.375,8.375,144690.0,-2584770.0,3577,9.292556303192777,32.38888819020597,56.77735152753881
2012-11-22,652,2012-11-22,8.86666666666667,32.9333333333333,56.9333333333333,6.66666666666667,144687.0,-2584773.0,3577,8.362735976309212,32.646195899494145,57.551469420815216
2012-12-08,653,2012-12-08,8.75,29.85,59.9,8.5,144690.0,-2584755.0,3577,7.806677312396872,31.489923004963366,59.315571825725044
2012-12-15,654,2012-12-15,5.6,39.8,53.3,8.4,144684.0,-2584791.0,3577,6.619427738077725,30.492724665149986,61.548513874570055
2012-12-24,655,2012-12-24,0.75,29.375,68.5,17.375,144675.0,-2584717.5,3577,5.8237496280193835,29.48848826156708,63.28134398988033
2012-12-31,656,2012-12-31,9.4,18.65,70.65,9.6,144690.0,-2584755.0,3577,5.705558937510371,28.262860905253333,64.57746258020744
2013-01-09,657,2013-01-09,7.2,28.3,62.85,8.1,144690.0,-2584755.0,3577,5.891797368993264,27.43852379863398,65.11928120139677
2013-01-25,658,2013-01-25,6.1,29.6,62.55,8.2,144690.0,-2584755.0,3577,6.80849273275642,26.863252163209452,64.76221484912469
2013-02-01,659,2013-02-01,6.25,30.55,61.65,8.25,144690.0,-2584755.0,3577,7.236890727950017,28.362306772170953,62.826090266792946
2013-02-17,660,2013-02-17,8.3125,27.5625,62.5,7.6875,144690.0,-2584770.0,3577,7.284422427416693,29.75985218341585,61.35107926128681
2013-02-26,661,2013-02-26,5.65,31.4,61.6,7.35,144690.0,-2584755.0,3577,6.441130193335114,31.76858261706858,60.19255558681904
2013-03-05,662,2013-03-05,5.8,31.0,61.45,8.6,144690.0,-2584755.0,3577,4.791595040665532,31.289244733589904,62.29500277843
2013-03-21,663,2013-03-21,5.55,29.85,63.1,8.25,144690.0,-2584755.0,3577,5.168797134237538,28.37407689059742,64.84799627615998
2013-06-17,664,2013-06-17,3.6,29.95,64.45,8.8,144690.0,-2584755.0,3577,4.767428121413477,26.929213394960144,66.55754725150017
2013-06-18,665,2013-06-18,3.66666666666667,22.0,72.6666666666667,7.0,144705.0,-2584695.0,3577,4.452136240951367,25.695247515638414,68.0355914467268
2013-07-03,666,2013-07-03,4.8,23.95,69.4,8.25,144690.0,-2584755.0,3577,4.506571550224129,24.29356448504692,69.3596527311594
2013-07-04,667,2013-07-04,6.05,21.8,70.3,8.0,144690.0,-2584755.0,3577,5.23793029725614,22.617900636511806,70.26709714433122
2013-08-13,668,2013-08-13,8.45,20.9,68.8,7.85,144690.0,-2584755.0,3577,6.04432621042438,22.214015241720897,69.89669149219189
2013-08-20,669,2013-08-20,3.41666666666667,27.75,66.75,13.3333333333333,144702.5,-2584732.5,3577,7.302586835248285,22.238928099760688,68.5673580289577
2013-08-21,670,2013-08-21,8.4,21.7,68.45,7.75,144690.0,-2584755.0,3577,8.28832838987514,22.682330208487805,67.22682456861018
2013-08-29,671,2013-08-29,9.7,19.05,69.25,7.8,144690.0,-2584755.0,3577,8.985586034191503,22.784471410938593,66.43195421708361
2013-09-05,672,2013-09-05,10.55,22.5,65.15,8.25,144690.0,-2584755.0,3577,9.254813555895764,21.96083591330941,67.0901437571616
2013-09-06,673,2013-09-06,9.6,23.55,65.25,8.15,144690.0,-2584755.0,3577,9.489339453115125,21.092227586651678,67.73041200284771
2013-10-08,674,2013-10-08,8.85,21.25,68.2,7.55,144690.0,-2584755.0,3577,9.431594102490525,20.68420186624212,68.18665266620906
2013-10-15,675,2013-10-15,8.05,20.6,69.9,6.7,144690.0,-2584755.0,3577,9.013152121355109,20.871100261964017,68.40096018531528
2013-11-01,676,2013-11-01,8.55,20.4,69.0,7.35,144690.0,-2584755.0,3577,7.82587953841707,23.136005325939948,67.27414968930992
2013-11-09,677,2013-11-09,7.15,23.55,67.6,7.3,144690.0,-2584755.0,3577,7.460670289461746,24.43327848621601,66.34970772260802
2013-11-24,678,2013-11-24,8.4,25.35,64.2,8.15,144690.0,-2584755.0,3577,7.292505791421109,25.639519149577232,65.20049687153977
2013-12-02,679,2013-12-02,6.7,29.95,61.65,8.1,144690.0,-2584755.0,3577,7.6165742925793465,26.033161575262945,64.39474550216622
2013-12-03,680,2013-12-03,7.6,26.2,64.3,8.1,144690.0,-2584755.0,3577,7.767168780953816,26.633386928128896,63.64664078408346
2013-12-10,681,2013-12-10,8.35,26.45,63.15,7.05,144690.0,-2584755.0,3577,8.860411856399423,23.539834987445744,65.65341178125209
2013-12-19,682,2013-12-19,9.1,18.85,70.05,7.7,144690.0,-2584755.0,3577,9.372998154639442,22.254559781864778,66.44299050065678
2013-12-26,683,2013-12-26,9.85,20.35,67.8,8.2,144690.0,-2584755.0,3577,8.476279843811813,22.786623756862564,66.84004005918413
2013-12-27,684,2013-12-27,9.35,20.2,68.7,7.75,144690.0,-2584755.0,3577,8.409287617923223,20.245035848019533,69.47880767170842
2014-01-03,685,2014-01-03,8.0,24.6,65.8,7.8,144690.0,-2584755.0,3577,8.486523768071853,21.39551535697638,68.25400238532984
2014-01-04,686,2014-01-04,8.05,20.85,69.15,7.6,144690.0,-2584755.0,3577,7.677238723759158,24.6329522053215,65.95157116603043
2014-01-11,687,2014-01-11,2.35294117647059,38.3529411764706,57.6470588235294,14.0,144682.058823529,-2584749.70588235,3577,7.024970607761855,28.541482926709037,62.832548949553754
2014-01-12,688,2014-01-12,8.875,19.75,69.875,7.0,144690.0,-2584800.0,3577,6.816590896354493,31.04557804697115,60.67487162717998
2014-01-27,689,2014-01-27,13.45,24.6,60.2,8.2,144690.0,-2584755.0,3577,7.316571506711098,31.538995406337257,59.669061165560166
2014-01-28,690,2014-01-28,3.33333333333333,51.3333333333333,44.3333333333333,5.0,144705.0,-2584785.0,3577,8.510166615087034,31.200250834270022,58.847848460642425
2014-02-13,691,2014-02-13,7.25,24.25,67.25,5.0,144690.0,-2584695.0,3577,9.240529719323185,29.457678012203743,59.84256663477677
2014-02-20,692,2014-02-20,12.0625,24.25,62.0,8.0,144690.0,-2584770.0,3577,9.97123880717567,26.440327497121025,62.047443400698555
2014-02-21,693,2014-02-21,12.25,19.5,66.3,7.4,144690.0,-2584755.0,3577,10.901957011450463,24.26771103296874,63.15251149474845
2014-02-28,694,2014-02-28,12.2,25.4,60.5,8.1,144690.0,-2584755.0,3577,11.562879339744303,23.242059447560436,63.50305681387413
2014-03-01,695,2014-03-01,11.875,22.125,64.75,7.75,144690.0,-2584800.0,3577,13.551392918225257,21.8408739093691,62.8555938643306
2014-03-09,696,2014-03-09,12.7,22.5,62.75,7.95,144690.0,-2584755.0,3577,15.111110419505994,23.17831716786479,59.94927183238981
2014-05-20,697,2014-05-20,17.9,25.5,55.05,7.8,144690.0,-2584755.0,3577,15.216177823721988,26.396296737314458,56.75199722876893
2014-05-27,698,2014-05-27,16.85,29.85,51.75,8.35,144690.0,-2584755.0,3577,16.241395678622354,24.547074519903667,57.54211608823752
2014-05-28,699,2014-05-28,16.4,21.35,60.55,8.1,144690.0,-2584755.0,3577,16.99646750308261,23.9241837883443,57.376504146000215
2014-06-04,700,2014-06-04,16.7,26.75,54.55,8.3,144690.0,-2584755.0,3577,16.915795427480205,23.702575829739473,57.65626123102042
2014-06-05,701,2014-06-05,15.75,15.25,67.5,6.75,144690.0,-2584725.0,3577,16.286347398728864,21.642520946542483,60.29911667279187
2014-06-13,702,2014-06-13,16.3,21.85,59.95,7.2,144690.0,-2584755.0,3577,15.21174359695804,20.862105154903897,62.206293706284406
2014-06-20,703,2014-06-20,14.05,24.55,59.55,8.1,144690.0,-2584755.0,3577,14.17750763168508,21.70420879429843,62.3245761977867
2014-06-28,704,2014-06-28,12.45,26.0,60.15,8.05,144690.0,-2584755.0,3577,13.487829353307216,24.248288553548086,60.4877719803326
2014-06-29,705,2014-06-29,13.4,22.55,62.05,7.5,144690.0,-2584755.0,3577,12.617193806009986,27.34597847972052,58.29849690465282
2014-07-06,706,2014-07-06,12.5,23.55,62.05,7.8,144690.0,-2584755.0,3577,12.210512179495971,28.824259022706727,57.18951883118758
2014-07-15,707,2014-07-15,11.75,41.95,44.75,11.85,144690.0,-2584755.0,3577,12.40068529175975,29.703504081053822,56.08298760972299
2014-07-22,708,2014-07-22,12.15,26.5,59.4,8.0,144690.0,-2584755.0,3577,12.632071297849778,28.827165558894997,56.78324289077401
2014-07-30,709,2014-07-30,12.85,27.05,58.45,8.15,144690.0,-2584755.0,3577,12.92397916234,28.152281928593514,57.178328555427996
2014-07-31,710,2014-07-31,14.25,24.25,59.8,7.9,144690.0,-2584755.0,3577,13.01632238640785,26.838931347286476,58.43355287035892
2014-08-07,711,2014-08-07,13.65,23.85,60.6,7.8,144690.0,-2584755.0,3577,13.18703116224317,24.885938210392702,60.22229452389725
2014-08-08,712,2014-08-08,12.5882352941176,25.0,60.9411764705882,7.76470588235294,144692.647058824,-2584744.41176471,3577,13.285330859268036,23.40909307410506,61.56102395145364
2014-08-15,713,2014-08-15,11.9,25.6,60.8,7.95,144690.0,-2584755.0,3577,12.820352948815785,23.45351247049813,62.038828493023814
2014-08-16,714,2014-08-16,13.4,21.2,63.55,7.6,144690.0,-2584755.0,3577,13.12173493052007,23.62860313061198,61.50880671867732
2014-08-23,715,2014-08-23,13.65,24.75,59.75,7.9,144690.0,-2584755.0,3577,12.965013824272493,23.700736376622928,61.59199333492029
2014-08-24,716,2014-08-24,12.65,24.3,61.4,7.65,144690.0,-2584755.0,3577,12.830900564558274,24.27411098962594,61.202875812031664
2014-08-31,717,2014-08-31,12.25,25.0,61.3,7.85,144690.0,-2584755.0,3577,12.92814096302339,24.434228117080504,60.94320459861573
2014-09-01,718,2014-09-01,13.75,20.85,63.5,7.3,144690.0,-2584755.0,3577,13.063840352870457,23.88573794626069,61.320153560235
2014-09-08,719,2014-09-08,13.85,24.35,59.9,7.85,144690.0,-2584755.0,3577,12.539973580415158,24.381214953773227,61.423447109246524
2014-09-16,720,2014-09-16,8.5,33.6875,56.6875,7.1875,144690.0,-2584740.0,3577,11.86514483967867,25.125892799147557,61.33070428023072
2014-09-17,721,2014-09-17,13.75,16.05,68.1,6.4,144690.0,-2584755.0,3577,11.430181428476935,24.486418573682716,62.359148011421965
2014-10-26,722,2014-10-26,11.85,24.75,61.65,7.4,144690.0,-2584755.0,3577,11.194112775767449,24.6378271882879,62.477399651422814
2014-10-27,723,2014-10-27,9.875,25.5,63.0625,7.0,144690.0,-2584740.0,3577,10.741655480740562,24.17189076403112,63.35787958170911
2014-11-03,724,2014-11-03,8.65,29.2,60.6,7.7,144690.0,-2584755.0,3577,10.410923055271345,24.813823908286146,63.10229437743975
2014-11-11,725,2014-11-11,11.7,21.6,64.8,7.4,144690.0,-2584755.0,3577,10.080172768406555,25.359538255858,62.95863544349446
2014-11-12,726,2014-11-12,10.65,23.4,64.5,7.15,144690.0,-2584755.0,3577,9.702120093527313,27.14383186472564,61.589793836185564
2014-11-19,727,2014-11-19,9.65,30.2,58.65,8.05,144690.0,-2584755.0,3577,9.78302130710296,27.26324572366972,61.469758991891986
2014-11-28,728,2014-11-28,8.4,27.7,62.2,7.85,144690.0,-2584755.0,3577,10.24054990615328,25.810728245315957,62.400336223067434
2014-12-05,729,2014-12-05,10.0,30.0,59.0,8.0,144645.0,-2584815.0,3577,10.279505027002894,26.792231083987026,61.3470372566137
2014-12-06,730,2014-12-06,10.25,22.45,65.4,7.9,144690.0,-2584755.0,3577,9.74296864721225,27.023648071381597,61.66062567759967
2014-12-13,731,2014-12-13,11.8,23.95,62.25,8.1,144690.0,-2584755.0,3577,9.173060851983035,26.345287006392866,62.82969005273377
2014-12-14,732,2014-12-14,9.84615384615385,23.7692307692308,64.9230769230769,7.61538461538461,144686.538461538,-2584780.38461538,3577,9.445042109591782,25.228200437329797,63.57263417695904
2014-12-22,733,2014-12-22,6.1,33.85,58.3,9.15,144690.0,-2584755.0,3577,9.487335354570185,24.759136083013072,63.990823114718054
2014-12-29,734,2014-12-29,11.35,22.35,64.45,7.9,144690.0,-2584755.0,3577,10.549790076556778,25.170493640673264,62.44782474014691
2014-12-30,735,2014-12-30,10.7,20.8,66.8,7.3,144690.0,-2584755.0,3577,11.96559857741508,24.920145197737334,61.22470455835223
2015-01-14,736,2015-01-14,15.2,25.4,57.3,8.5,144690.0,-2584755.0,3577,14.083981242618098,25.2089848648575,58.92909388181786
2015-01-22,737,2015-01-22,16.95,28.25,53.15,8.25,144690.0,-2584755.0,3577,16.107039557061277,24.82056042094935,57.27519899754444
2015-01-23,738,2015-01-23,17.45,22.75,57.95,7.9,144690.0,-2584755.0,3577,17.8392440783892,25.49522733254632,54.90944363603637
2015-01-30,739,2015-01-30,20.35,26.3,51.55,8.35,144690.0,-2584755.0,3577,18.742923839234383,25.04838577993247,54.502401033047114
2015-01-31,740,2015-01-31,16.375,26.125,56.125,7.75,144690.0,-2584800.0,3577,18.51003351788883,25.86053090220457,53.97508215671414
2015-02-07,741,2015-02-07,18.5,27.6,52.4,8.2,144690.0,-2584755.0,3577,18.21926435548862,26.05312300946179,54.08481920962373
2015-02-08,742,2015-02-08,17.3,24.85,55.85,7.85,144690.0,-2584755.0,3577,17.44124569417612,26.208797606170258,54.68205570703531
2015-02-15,743,2015-02-15,17.6,24.8,55.9,7.95,144690.0,-2584755.0,3577,16.808594123000123,27.593658577852754,53.90127613545823
2015-02-16,744,2015-02-16,16.2105263157895,25.7894736842105,56.3157894736842,7.47368421052632,144687.631578947,-2584758.15789474,3577,16.000111014126066,28.344644230622553,54.00952453932745
2015-02-23,745,2015-02-23,14.15,35.35,49.05,8.3,144690.0,-2584755.0,3577,15.345752320839653,27.229896643193044,55.70391637447591
2015-02-24,746,2015-02-24,15.2,27.7,55.15,7.85,144690.0,-2584755.0,3577,14.7713372744229,27.419195103409677,56.13221645959523
2015-03-04,747,2015-03-04,14.5,22.1,61.85,7.05,144690.0,-2584755.0,3577,13.884705261332648,26.574586994393187,57.82451318437907
2015-03-11,748,2015-03-11,12.6,26.85,59.0,7.7,144690.0,-2584755.0,3577,13.39047961977532,25.85376792833633,59.0549150173512
2015-03-12,749,2015-03-12,13.55,21.1,63.4,7.25,144690.0,-2584755.0,3577,13.194449635420451,23.943408945621435,61.12326368432673
2015-03-19,750,2015-03-19,12.85,24.95,60.35,7.4,144690.0,-2584755.0,3577,12.802054487794791,22.97290924815431,62.536309881245145
2015-03-27,751,2015-03-27,11.75,27.0,59.875,7.4375,144690.0,-2584740.0,3577,12.293888781902263,22.611873412554406,63.49092302107893
2015-04-04,752,2015-04-04,12.45,19.05,66.6,5.6,144690.0,-2584755.0,3577,11.694642663835962,23.673465543740647,63.10330111064462
2015-04-05,753,2015-04-05,11.0,24.5,63.5,7.0,144690.0,-2584815.0,3577,11.199111260255096,23.515589209548544,63.64373010889087
2015-04-13,754,2015-04-13,11.2,22.0,64.9,7.05,144690.0,-2584755.0,3577,10.546937582539721,23.722462058062227,64.11654885361358
2015-04-28,755,2015-04-28,8.4,26.9,63.15,7.45,144690.0,-2584755.0,3577,9.678007750761722,24.67407066617224,63.992772629837376
2015-04-29,756,2015-04-29,10.75,22.85,64.6,7.3,144690.0,-2584755.0,3577,9.840810582604778,24.053406655260645,64.387250752334
2015-05-06,757,2015-05-06,9.0,26.0,63.05,7.55,144690.0,-2584755.0,3577,9.750917967479978,24.406746194977842,64.16373162440316
2015-05-07,758,2015-05-07,9.15,24.0,65.25,7.3,144690.0,-2584755.0,3577,9.449326679511028,24.474015458222325,64.55603119789461
2015-05-14,759,2015-05-14,10.0,23.5,65.5,7.0,144660.0,-2584815.0,3577,9.56675290653476,22.999263893997302,65.94504643961862
2015-05-15,760,2015-05-15,10.0,20.45,67.85,7.15,144690.0,-2584755.0,3577,9.320360908440012,22.228913810644237,67.03809673297836
2015-05-23,761,2015-05-23,9.9,21.25,67.6,6.9,144690.0,-2584755.0,3577,8.756095877805095,21.762904587669137,67.98880415249369
2015-08-02,762,2015-08-02,5.35,24.6,68.55,7.35,144690.0,-2584755.0,3577,7.979187685378443,21.75542012167074,68.6922827945945
2015-08-03,763,2015-08-03,8.5,19.6,70.05,7.0,144690.0,-2584755.0,3577,7.6641383771016285,21.272668817247684,69.39167929592588
2015-08-10,764,2015-08-10,8.3,20.25,69.35,7.2,144690.0,-2584755.0,3577,7.200196745977404,21.378728701635723,69.68444380695661
2015-08-11,765,2015-08-11,5.9,23.25,69.3,7.1,144690.0,-2584755.0,3577,7.288403894865654,21.17173569464275,69.75447563271598
2015-08-18,766,2015-08-18,7.85,22.0,68.55,7.2,144690.0,-2584755.0,3577,7.8591720972514185,21.297308883064215,69.10290870119557
2015-08-19,767,2015-08-19,9.3,18.35,70.6,6.9,144690.0,-2584755.0,3577,8.454469949553825,20.96376301716546,68.82849975101269
2015-09-03,768,2015-09-03,8.8125,21.75,67.875,7.3125,144690.0,-2584770.0,3577,9.275671967350146,21.266734774510233,67.79043116325386
2015-09-04,769,2015-09-04,9.6,21.45,66.95,7.35,144690.0,-2584755.0,3577,9.613842310938397,21.050652752816788,67.60793208338637
2015-09-11,770,2015-09-11,10.4,21.65,66.05,7.3,144690.0,-2584755.0,3577,10.149987551147024,20.805741356163942,67.23105717810596
2015-09-19,771,2015-09-19,9.85,21.05,67.6,7.25,144690.0,-2584755.0,3577,10.051953116541398,20.71304504318901,67.35258124227707
2015-09-20,772,2015-09-20,10.0,19.05,69.0,7.0,144690.0,-2584755.0,3577,9.658296618240996,20.38311475675722,68.12405172226136
2015-09-27,773,2015-09-27,10.4,20.7,66.9,7.25,144690.0,-2584755.0,3577,9.639716978066932,20.47639806014113,68.03197676935049
2015-09-28,774,2015-09-28,8.0,19.0,71.0,7.0,144645.0,-2584815.0,3577,9.511701379114818,19.844907066614628,68.72979064278347
2015-10-05,775,2015-10-05,8.875,22.8125,66.75,7.25,144690.0,-2584740.0,3577,9.19585913312556,19.86994170689694,69.08924365107544
2015-10-06,776,2015-10-06,10.0,17.25,70.85,6.9,144690.0,-2584755.0,3577,9.247404685096802,20.31466068760657,68.55712723807675
2015-10-13,777,2015-10-13,10.2,21.35,66.55,7.15,144690.0,-2584755.0,3577,9.41509775054526,20.433113944875597,68.31213925392471
2015-10-22,778,2015-10-22,9.0,22.75,66.3,6.85,144690.0,-2584755.0,3577,9.101286561734117,21.117635963104945,68.05982160253589
2015-10-30,779,2015-10-30,8.85,17.75,71.9,6.0,144690.0,-2584755.0,3577,10.143020885202032,21.20235562940355,67.01310052175923
2015-11-06,780,2015-11-06,10.05,23.45,65.1,7.55,144690.0,-2584755.0,3577,10.308840308296972,21.422439054750093,66.69733702828682
2015-11-07,781,2015-11-07,10.15,21.8,66.1,7.25,144690.0,-2584755.0,3577,9.658815951848563,20.841224100973307,67.92091515294834
2015-11-15,782,2015-11-15,8.95,19.55,70.25,6.85,144690.0,-2584755.0,3577,8.628060613276041,20.45181383373802,69.29893481130836
2015-11-22,783,2015-11-22,9.5,22.15,66.75,7.35,144690.0,-2584755.0,3577,7.651702786376563,19.90990495572241,70.7248782177469
2015-11-23,784,2015-11-23,9.8,17.0,71.3,6.9,144690.0,-2584755.0,3577,7.263176297385738,20.60167572365406,70.36641624628189
2015-12-01,785,2015-12-01,1.33333333333333,21.0833333333333,75.5,14.9166666666667,144690.0,-2584785.0,3577,8.193884185988225,20.871844306361304,69.1099655762091
2015-12-09,786,2015-12-09,9.95,21.05,67.1,7.2,144690.0,-2584755.0,3577,9.400948277727059,21.045203403404585,67.78132239276738
2015-12-24,787,2015-12-24,12.25,25.05,61.2,7.7,144690.0,-2584755.0,3577,11.953304899433142,23.16873931022191,63.13838035029042
2016-01-02,788,2016-01-02,17.25,24.8,56.5,7.8,144690.0,-2584755.0,3577,15.282545415487947,24.145110604804685,58.86289350786741
2016-01-10,789,2016-01-10,19.3,22.85,56.1,7.45,144690.0,-2584755.0,3577,17.98313744168511,25.23200590157962,55.18242400468857
2016-01-17,790,2016-01-17,19.0,24.2,55.05,7.85,144690.0,-2584755.0,3577,20.05533636520407,24.555795306492783,53.78627164433135
2016-01-18,791,2016-01-18,17.2,28.45,52.8,7.8,144690.0,-2584755.0,3577,20.042636180668154,24.683660144865712,53.645978416039604
2016-01-26,792,2016-01-26,22.2,25.95,50.1,8.2,144690.0,-2584755.0,3577,17.743741316047895,25.76048161453896,54.806888895106894
2016-02-11,793,2016-02-11,15.75,22.2,60.45,7.35,144690.0,-2584755.0,3577,16.106799025654745,27.67367981680991,54.52238783191348
2016-02-18,794,2016-02-18,12.45,28.95,56.8,8.2,144690.0,-2584755.0,3577,14.239845780696855,28.922502890931007,55.15511607995988
2016-02-19,795,2016-02-19,12.9411764705882,27.8823529411765,57.5294117647059,7.47058823529412,144692.647058824,-2584744.41176471,3577,12.933835659876326,29.406283056312816,55.935260719057695
2016-02-26,796,2016-02-26,10.0833333333333,38.25,49.9166666666667,8.58333333333333,144690.0,-2584725.0,3577,12.649230410515155,28.08406462640928,57.41593160602275
2016-02-27,797,2016-02-27,12.9,24.05,61.1,7.35,144690.0,-2584755.0,3577,11.394006116809901,26.559654832506446,60.13022041470652
2016-03-05,798,2016-03-05,12.4,24.9,60.85,7.75,144690.0,-2584755.0,3577,10.107666168286574,25.91722997453807,62.08249266440154
2016-04-15,799,2016-04-15,10.65,19.4,67.95,6.95,144690.0,-2584755.0,3577,9.97149694838491,25.061199079099634,63.165771187765934
2016-04-22,800,2016-04-22,9.4,25.85,62.95,7.25,144690.0,-2584755.0,3577,9.301701480998034,24.966385760929924,64.09916062583335
2016-04-23,801,2016-04-23,8.125,24.8125,65.5625,7.0,144690.0,-2584740.0,3577,9.592996390786803,25.472219480570253,63.32900895997973
2016-04-30,802,2016-04-30,5.0,32.4375,61.375,4.625,144699.375,-2584745.625,3577,10.377217848319013,27.284622357241666,60.83925629626551
2016-07-03,803,2016-07-03,15.1,30.8,52.7,8.7,144690.0,-2584755.0,3577,11.122651497108038,29.24191771850004,58.19049286625817
2016-07-04,804,2016-07-04,15.1,26.9,56.4,8.1,144690.0,-2584755.0,3577,12.793356102100319,30.40881135118297,55.269638604421374
2016-07-20,805,2016-07-20,13.65,27.5,56.95,8.05,144690.0,-2584755.0,3577,13.778837493773514,29.97632661455743,54.61673369199642
2016-07-27,806,2016-07-27,13.85,26.75,57.55,8.15,144690.0,-2584755.0,3577,13.995079456145476,27.565797051241848,56.72321683733375
2016-08-04,807,2016-08-04,11.0,32.0,55.75,8.5,144690.0,-2584710.0,3577,13.19369655112492,25.564326192379646,59.44258968584707
2016-08-05,808,2016-08-05,12.8,23.05,62.05,7.95,144690.0,-2584755.0,3577,11.911612613391021,23.90640006278194,62.386572831184246
2016-08-12,809,2016-08-12,12.15,25.75,60.2,8.05,144690.0,-2584755.0,3577,10.648462837470536,23.608776710901665,63.95123676632008
2016-08-13,810,2016-08-13,9.4,13.5,75.6,4.8,144696.0,-2584791.0,3577,11.166758319078633,23.83809998051128,63.235936045369314
2016-08-20,811,2016-08-20,11.6,27.2,59.4,8.05,144690.0,-2584755.0,3577,11.549713135160328,24.522163285627116,62.20963108098401
2016-08-28,812,2016-08-28,11.8,28.7,57.55,8.3,144690.0,-2584755.0,3577,12.183789430382038,25.846646387664194,60.25258719607664
2016-09-05,813,2016-09-05,14.05,29.2,55.2,8.6,144690.0,-2584755.0,3577,13.160455952714049,26.83108315832373,58.24093723612978
2016-09-06,814,2016-09-06,13.7,27.8,56.75,8.4,144690.0,-2584755.0,3577,13.772285609125657,28.54328195024363,55.94868475177237
2016-09-21,815,2016-09-21,14.5,28.75,55.25,8.75,144690.0,-2584815.0,3577,14.211509233798132,28.388696082035494,55.66242828378219
2016-09-22,816,2016-09-22,13.95,25.2,58.85,8.35,144690.0,-2584755.0,3577,14.341926649200047,27.99296706045514,55.946142660220985
2016-09-29,817,2016-09-29,14.3,25.55,58.2,8.6,144690.0,-2584755.0,3577,13.698630626337557,25.797060266870655,58.77818311718362
2016-09-30,818,2016-09-30,13.0,27.05,58.3,8.25,144690.0,-2584755.0,3577,13.235444586371402,26.389406929495863,58.64129554654994
2016-10-07,819,2016-10-07,11.85,29.25,57.65,8.35,144690.0,-2584755.0,3577,12.612741128838316,26.609398461871265,59.02719550830123
2016-10-08,820,2016-10-08,12.4,24.55,61.2,8.05,144690.0,-2584755.0,3577,12.401206997335175,26.91459943564805,58.97276191300078
2016-10-15,821,2016-10-15,12.95,26.8,58.1,8.25,144690.0,-2584755.0,3577,11.833305548938455,27.022259628911943,59.4671915932276
2016-10-16,822,2016-10-16,10.5,27.2777777777778,60.6666666666667,8.0,144686.666666667,-2584761.66666667,3577,11.45972958929444,27.727819514502684,59.11228286676321
2016-10-23,823,2016-10-23,12.1,29.05,57.35,8.4,144690.0,-2584755.0,3577,11.623336725192573,26.229552490848885,60.34222190347451
2016-10-24,824,2016-10-24,11.0,25.1,61.95,8.05,144690.0,-2584755.0,3577,11.491467665459755,26.178901542210326,60.52427931974242
2016-10-31,825,2016-10-31,10.8,27.4,60.1,8.15,144690.0,-2584755.0,3577,10.659009720927632,27.25165311124657,60.29508694349124
2016-11-09,826,2016-11-09,9.7,27.3,61.15,7.3,144690.0,-2584755.0,3577,9.805976531207264,28.931283783291843,59.57703890535817
2016-11-16,827,2016-11-16,11.35,27.85,58.85,8.2,144690.0,-2584755.0,3577,10.16418736062547,29.129426198152494,58.97031571368925
2016-11-17,828,2016-11-17,9.25,27.5,61.8125,7.8125,144690.0,-2584770.0,3577,9.177917902529533,29.574291618250047,59.491076248304196
2016-11-24,829,2016-11-24,6.2,38.8,53.4,9.0,144681.0,-2584809.0,3577,8.299886336572403,29.35162881493712,60.63041768602008
2016-12-02,830,2016-12-02,10.3,27.15,60.7,8.15,144690.0,-2584755.0,3577,8.878711381496432,29.17734309034182,60.31176578838216
2016-12-10,831,2016-12-10,12.6,25.2,60.7,8.35,144690.0,-2584755.0,3577,10.604245599600052,28.334404295390776,59.390907737764195
2016-12-11,832,2016-12-11,11.7,24.7,61.6,8.15,144690.0,-2584755.0,3577,13.492566411914241,28.363993591543533,56.502598833047045
2016-12-19,833,2016-12-19,10.6,30.5,57.5,8.15,144690.0,-2584755.0,3577,16.994911486859415,28.219894347134712,53.155083190795054
2017-01-03,834,2017-01-03,25.45,29.2,43.75,9.05,144690.0,-2584755.0,3577,20.258290935068096,28.115823031453502,49.97819177725552
2017-01-04,835,2017-01-04,24.0,31.8,42.75,8.85,144690.0,-2584755.0,3577,21.64409166684385,29.393987745995737,47.41358467383301
2017-02-20,836,2017-02-20,22.45,30.1,45.55,8.8,144690.0,-2584755.0,3577,21.869231671318182,31.356751066266504,45.235209140697734
2017-02-21,837,2017-02-21,20.5,31.45,46.75,8.2,144690.0,-2584755.0,3577,21.32950053042613,31.826463010668782,45.23163848534689
2017-03-01,838,2017-03-01,17.5,30.4,50.4,7.9,144690.0,-2584755.0,3577,19.03779958431376,33.029900517434285,46.31838911861439
2017-03-09,839,2017-03-09,14.3333333333333,35.0,49.0,7.0,144675.0,-2584815.0,3577,15.735595957188028,34.355934854613935,48.25376442442284
2017-03-16,840,2017-03-16,13.85,37.6,47.05,8.1,144690.0,-2584755.0,3577,12.664256099935315,35.575008660065265,50.12969808828193
2017-03-17,841,2017-03-17,14.0,34.4,49.65,7.75,144690.0,-2584755.0,3577,11.85265322912204,36.05119184220813,50.47048431443962
2017-04-26,842,2017-04-26,9.15,39.35,49.95,7.8,144690.0,-2584755.0,3577,11.307972497057492,35.63475448699374,51.42676232435525
2017-05-03,843,2017-05-03,9.375,34.625,54.625,7.625,144690.0,-2584800.0,3577,10.66433512307966,35.31990896100275,52.32294756326482
2017-05-04,844,2017-05-04,11.6,32.35,54.25,7.25,144690.0,-2584755.0,3577,10.113513498883506,35.23561832903412,53.0111990950147
2017-05-11,845,2017-05-11,10.3,33.5,54.45,7.75,144690.0,-2584755.0,3577,9.773933548390293,34.65287514342724,53.91871766004087
2017-05-12,846,2017-05-12,10.45,36.5,51.45,7.65,144690.0,-2584755.0,3577,9.525186191516035,35.266733962626525,53.53760906275586
2017-06-21,847,2017-06-21,8.9,36.3,53.0,7.05,144690.0,-2584755.0,3577,9.3573204659104,36.18874136698673,52.80408701205127
2017-07-06,848,2017-07-06,6.45,40.15,51.85,6.85,144690.0,-2584755.0,3577,9.352592067373951,36.484308493358775,52.46151302257329
2017-07-07,849,2017-07-07,10.8,33.85,53.8,7.5,144690.0,-2584755.0,3577,8.835203186904653,37.35820433435974,52.154299725034974
2017-07-14,850,2017-07-14,9.7,35.45,53.05,7.85,144690.0,-2584755.0,3577,8.601638377101487,36.62018824827876,53.1500698218111
2017-07-15,851,2017-07-15,8.2,37.95,52.15,7.35,144690.0,-2584755.0,3577,9.002680291843033,35.40814587888362,53.904803091637135
2017-08-24,852,2017-08-24,8.75,33.4,56.25,6.9,144690.0,-2584755.0,3577,9.2593355560834,33.510204810664206,55.49117755308876
2017-08-31,853,2017-08-31,9.8,32.8,55.55,7.15,144690.0,-2584755.0,3577,9.437960336875335,32.670441014089384,56.133331529143575
2017-09-01,854,2017-09-01,8.5,33.25,56.6,6.9,144690.0,-2584755.0,3577,8.96992170508783,32.97673442515336,56.2922558302857
2017-09-09,855,2017-09-09,9.65,30.55,57.9,6.85,144690.0,-2584755.0,3577,8.969238740430757,33.570375669920324,55.72780906118098
2017-09-16,856,2017-09-16,10.2,33.5,54.55,7.2,144690.0,-2584755.0,3577,9.597634816631412,33.34059289991806,55.32976180868684
2017-09-17,857,2017-09-17,8.09090909090909,34.9090909090909,55.3636363636364,6.90909090909091,144694.090909091,-2584722.27272727,3577,9.302596446614196,34.65469479155282,54.31919091321602
2017-09-24,858,2017-09-24,8.9,40.05,49.5,8.25,144690.0,-2584755.0,3577,8.980464061689851,36.34642220992649,53.00969426013667
2017-09-25,859,2017-09-25,9.9,34.15,54.2,7.85,144690.0,-2584755.0,3577,9.809884781695867,33.92696327735928,54.60661462094646
2017-10-02,860,2017-10-02,11.1,32.05,55.05,7.9,144690.0,-2584755.0,3577,9.67017176462571,34.339497745424225,54.3141214259906
2017-10-03,861,2017-10-03,7.0,37.0,54.4,7.7,144690.0,-2584755.0,3577,9.146358440319922,36.829103790940394,52.31871982505875
2017-10-10,862,2017-10-10,8.8,37.2,52.4,7.15,144690.0,-2584755.0,3577,8.922861503819922,36.89271579812824,52.428110589093464
2017-10-18,863,2017-10-18,11.2,33.35,53.6,7.95,144690.0,-2584755.0,3577,7.931221719455827,38.976605360577864,51.375283076049385
2017-10-26,864,2017-10-26,7.25,40.125,50.75,7.75,144690.0,-2584710.0,3577,7.053799605965735,40.99825337200885,50.24496958149459
2017-10-27,865,2017-10-27,2.15,58.75,37.55,14.5,144690.0,-2584755.0,3577,6.877758773732978,42.490063110258,48.95632834656871
2017-11-03,866,2017-11-03,10.1,32.95,55.25,7.85,144690.0,-2584755.0,3577,7.018255428780695,41.86759076835851,49.43844854834828
2017-11-04,867,2017-11-04,8.05,32.1,58.35,7.25,144690.0,-2584755.0,3577,8.434602394508254,40.30723061767351,49.589500746923676
2017-11-12,868,2017-11-12,8.55,47.45,42.3,10.3,144690.0,-2584755.0,3577,10.415072852842194,37.003599883083524,50.889754053987936
2017-11-19,869,2017-11-19,14.5,30.25,53.35,8.45,144690.0,-2584755.0,3577,12.58365844681446,34.03552956331086,51.707537508922975
2017-11-20,870,2017-11-20,13.35,32.0,53.1,8.3,144690.0,-2584755.0,3577,14.816518002119503,31.02563597392855,52.450416765888804
2017-11-28,871,2017-11-28,15.55,30.35,52.35,8.25,144690.0,-2584755.0,3577,15.120282967803929,30.054065361878205,53.11899586480837
2017-12-05,872,2017-12-05,17.6,28.8,51.9,8.3,144690.0,-2584755.0,3577,13.986168784773506,32.07816579704645,52.307021152214574
2017-12-22,873,2017-12-22,11.6,29.75,57.05,8.0,144690.0,-2584755.0,3577,13.111523306412987,30.952939011448315,54.35374115048225
2017-12-29,874,2017-12-29,9.7,37.65,51.3,8.25,144690.0,-2584755.0,3577,11.446819589077942,31.956552786733774,55.040423766112134
2018-01-06,875,2018-01-06,11.55,29.2,57.45,8.35,144690.0,-2584755.0,3577,10.638873974321303,33.29358397020438,54.432173244703804
2018-01-07,876,2018-01-07,7.6,34.9,56.0,7.85,144690.0,-2584755.0,3577,10.88147502651984,31.819501396431622,55.60878564159467
2018-01-14,877,2018-01-14,11.4,34.65,52.25,8.35,144690.0,-2584755.0,3577,10.203681612503615,31.947908953786524,56.19243831503054
2018-01-15,878,2018-01-15,12.65,26.9,58.55,7.9,144690.0,-2584755.0,3577,10.189301565306234,31.912003940327338,56.19661499490382
2018-01-22,879,2018-01-22,12.1,29.7,56.45,8.75,144690.0,-2584755.0,3577,10.4821599839773,31.271508097161313,56.566493104410355
2018-01-23,880,2018-01-23,10.0,30.3333333333333,58.1666666666667,8.0,144690.0,-2584725.0,3577,10.332184069798625,30.93863618321359,57.09255955601852
2018-01-30,881,2018-01-30,7.0,37.4,54.3,10.9,144711.0,-2584740.0,3577,10.70123541319202,32.46971059126145,55.323543484371136
2018-01-31,882,2018-01-31,8.7,33.9,55.75,8.0,144690.0,-2584755.0,3577,10.959960434300903,32.395725443282515,55.143976920903675
2018-02-07,883,2018-02-07,15.05,28.95,54.3,8.9,144690.0,-2584755.0,3577,10.95331924267519,32.887754209150216,54.63275310859634
2018-02-08,884,2018-02-08,13.05,30.65,55.0,8.15,144690.0,-2584755.0,3577,11.769960380175338,32.77731602762073,53.89146117040049
2018-02-23,885,2018-02-23,12.45,34.8,51.1,8.85,144690.0,-2584755.0,3577,12.404408787804767,31.732122096165345,54.281498841707446
2018-02-24,886,2018-02-24,11.1875,32.9375,54.25,8.0625,144690.0,-2584770.0,3577,12.7712531663364,30.75675873403742,54.80971299081935
2018-03-04,887,2018-03-04,10.5,26.15,61.3,7.75,144690.0,-2584755.0,3577,12.498931293163173,30.28559261945032,55.50102621835539
2018-03-12,888,2018-03-12,13.4,31.65,53.45,8.5,144690.0,-2584755.0,3577,11.63100305267314,30.31123644157247,56.31426421874497
2018-03-19,889,2018-03-19,11.75,30.8,55.95,8.4,144690.0,-2584755.0,3577,10.993704399314211,29.144579066440038,58.051146376834296
2018-03-20,890,2018-03-20,11.15,27.8,58.95,8.15,144690.0,-2584755.0,3577,11.250782924504154,29.438852233932977,57.45697316098934
2018-03-27,891,2018-03-27,10.95,27.75,59.2,8.5,144690.0,-2584755.0,3577,10.96460547965802,28.95317743401676,58.31407044966545
2018-03-28,892,2018-03-28,8.95,30.8,58.75,8.15,144690.0,-2584755.0,3577,10.264967849486439,28.908587542484153,59.044449977258495
2018-04-05,893,2018-04-05,8.85,28.05,61.35,8.0,144690.0,-2584755.0,3577,8.940599722376785,28.752643521235917,60.51458228204169
2018-04-12,894,2018-04-12,9.25,30.6,58.35,8.5,144690.0,-2584755.0,3577,7.718879869831323,28.734232676107407,61.75449632528967
2018-04-13,895,2018-04-13,8.6,30.15,59.55,8.25,144690.0,-2584755.0,3577,7.181556297951985,29.58617611252321,61.51754388739657
2018-04-21,896,2018-04-21,5.0,21.6666666666667,71.6666666666667,5.0,144735.0,-2584785.0,3577,6.786338239040249,29.53193623078869,61.98616067982849
2018-04-28,897,2018-04-28,5.0,35.55,57.4,10.05,144690.0,-2584755.0,3577,6.796140939316871,29.119989358101222,62.30709334722455
2018-04-29,898,2018-04-29,6.92307692307692,31.2307692307692,60.3076923076923,8.07692307692308,144693.461538462,-2584729.61538462,3577,6.921626361253809,29.106461495156836,62.18333910670443
2018-05-06,899,2018-05-06,8.8,28.7,60.85,7.9,144690.0,-2584755.0,3577,6.933862041743835,30.059855632177882,61.32470756994728
2018-05-07,900,2018-05-07,8.0,27.0,63.15,7.95,144690.0,-2584755.0,3577,7.006805233346219,30.231127957534486,61.06358423666394
2018-05-14,901,2018-05-14,7.0,30.0,61.3,8.15,144690.0,-2584755.0,3577,7.530145788956285,30.299724792944836,60.44573674716854
2018-05-15,902,2018-05-15,6.15,32.7,59.5,8.2,144690.0,-2584755.0,3577,7.263500883492654,30.43595133928092,60.588268074696266
2018-05-22,903,2018-05-22,5.9,31.9,60.65,8.0,144690.0,-2584755.0,3577,6.450800473638282,30.202154858711438,61.699439426960566
2018-05-30,904,2018-05-30,6.45,30.55,61.2,8.1,144690.0,-2584755.0,3577,5.670031825758533,31.623775141262676,61.02332157006168
2018-06-15,905,2018-06-15,6.4,27.95,63.7,7.85,144690.0,-2584755.0,3577,5.541623546731078,31.10182727488764,61.6597566520075
2018-06-16,906,2018-06-16,6.0,32.4,60.2,7.7,144696.0,-2584719.0,3577,5.60276364502287,30.560519820731972,62.13456775421792
2018-06-23,907,2018-06-23,3.15,32.55,62.75,7.8,144690.0,-2584755.0,3577,5.668608326657016,29.83994890557912,62.78281733745192
2018-06-24,908,2018-06-24,6.8,27.8,63.55,7.65,144690.0,-2584755.0,3577,5.577387473207073,29.884795081075445,62.81144644827917
2018-07-01,909,2018-07-01,5.95,28.1,63.85,7.8,144690.0,-2584755.0,3577,5.940255255579445,29.413248825473534,62.894992314177955
2018-07-02,910,2018-07-02,6.95,29.4,62.15,7.45,144690.0,-2584755.0,3577,6.119634545020626,29.05715971334732,63.08806534022309
2018-07-09,911,2018-07-09,5.35,31.05,62.1,7.65,144690.0,-2584755.0,3577,6.326218363678718,28.846707008157807,63.11756803567006
2018-07-10,912,2018-07-10,6.65,27.3,64.1,7.4,144690.0,-2584755.0,3577,6.447562190130887,28.512892680071083,63.30873584618768
2018-07-17,913,2018-07-17,6.2,28.4,63.6,7.75,144690.0,-2584755.0,3577,6.148239840653783,28.92177574746802,63.25445452379492
2018-07-18,914,2018-07-18,6.75,27.45,64.3,7.35,144690.0,-2584755.0,3577,5.680583039250921,28.62849487972899,63.96213167636361
2018-07-25,915,2018-07-25,4.0,31.7,62.7,7.4,144690.0,-2584755.0,3577,5.726746627984163,28.516254952473602,64.01903375261551
2018-07-26,916,2018-07-26,6.55,27.4,64.15,7.4,144690.0,-2584755.0,3577,5.543382623567553,28.790686094087363,63.94710645390805
2018-08-02,917,2018-08-02,5.85,27.15,65.05,7.0,144690.0,-2584755.0,3577,6.093625105543699,28.197974625988987,64.03068046503623
2018-09-11,918,2018-09-11,5.85,28.85,63.85,7.5,144690.0,-2584755.0,3577,6.452126047326322,27.962910000212325,63.93022039878669
2018-09-12,919,2018-09-12,7.45,28.8,62.15,7.65,144690.0,-2584755.0,3577,6.9889443373953055,28.823853081898314,62.548085041883745
2018-09-27,920,2018-09-27,7.2,30.25,61.2,7.85,144690.0,-2584755.0,3577,7.517389421722664,28.50206975686426,62.34613219596808
2018-09-28,921,2018-09-28,8.45,25.3,64.3,7.6,144690.0,-2584755.0,3577,7.825551538243866,29.00201454891424,61.579087012049946
2018-10-05,922,2018-10-05,8.65,28.8,60.8,7.9,144690.0,-2584755.0,3577,7.482986208836483,29.952209400502138,60.95515598951221
2018-10-13,923,2018-10-13,5.95,34.95,57.7,8.9,144690.0,-2584755.0,3577,7.744887310830426,29.156910736318142,61.346845569282216
2018-10-14,924,2018-10-14,8.25,28.65,61.3,8.75,144690.0,-2584755.0,3577,7.8984606724533,28.689503994453265,61.642953950065476
2018-10-21,925,2018-10-21,8.45,22.5,67.1,8.1,144690.0,-2584755.0,3577,8.331974423923644,28.36531244812555,61.51689471518274
2018-11-14,926,2018-11-14,8.05,33.9,56.45,8.85,144690.0,-2584755.0,3577,9.100624607589191,28.156787330312532,60.98983524214811
2018-11-15,927,2018-11-15,10.05,24.0,64.05,8.0,144690.0,-2584755.0,3577,9.70989494251733,27.830219045656065,60.81218011863389
2018-11-22,928,2018-11-22,11.65,26.3,60.35,9.0,144690.0,-2584755.0,3577,10.070831078105115,27.59179277894036,60.65229491869453
2018-11-23,929,2018-11-23,9.8,31.05,57.85,8.35,144690.0,-2584755.0,3577,10.206899099351133,27.45590210872308,60.63574687695299
2018-12-08,930,2018-12-08,10.15,26.75,61.15,8.85,144690.0,-2584755.0,3577,10.077892192944867,27.584697925908966,60.68210748229191
2018-12-09,931,2018-12-09,9.33333333333333,26.5833333333333,62.75,8.08333333333333,144690.0,-2584725.0,3577,10.109066642849962,26.003293623297466,62.23065150792549
2018-12-17,932,2018-12-17,9.1,24.3,64.6,7.95,144690.0,-2584755.0,3577,9.899006256899515,24.47790382991255,63.90668990451317
2018-12-24,933,2018-12-24,10.05,23.55,64.4,8.25,144690.0,-2584755.0,3577,9.710859457878131,23.803607731274447,64.78793733355458
2018-12-25,934,2018-12-25,11.1875,19.4375,67.9375,7.375,144690.0,-2584770.0,3577,9.613619674957246,21.820925526998117,66.82729897810168
2019-01-01,935,2019-01-01,9.55,23.85,65.1,7.8,144690.0,-2584755.0,3577,9.815835750934903,20.72847404143534,67.7021322717429
2019-01-02,936,2019-01-02,8.6,20.9,68.55,7.45,144690.0,-2584755.0,3577,9.728361731146656,21.53276212950814,66.95409621337413
2019-01-09,937,2019-01-09,9.25,22.5,66.3,8.0,144690.0,-2584755.0,3577,9.266962462201015,22.33237089277777,66.56702380435905
2019-01-10,938,2019-01-10,8.95,20.95,68.45,7.25,144690.0,-2584755.0,3577,8.561049438176642,23.936406124831336,65.70199641688599
2019-01-18,939,2019-01-18,8.45,25.45,64.0,7.85,144690.0,-2584755.0,3577,8.108260895450085,24.305762465085458,65.70316336139658
2019-01-25,940,2019-01-25,8.95,25.75,63.45,7.5,144690.0,-2584755.0,3577,7.9517709844323345,24.654396068324274,65.50356903157783
2019-01-26,941,2019-01-26,6.25,28.35,63.7,7.35,144690.0,-2584755.0,3577,7.892683052240696,24.68483161574898,65.63386277034677
2019-02-02,942,2019-02-02,6.9,21.5,70.0,5.95,144690.0,-2584755.0,3577,7.7436878910551545,24.935666500678252,65.57897767865829
2019-02-10,943,2019-02-10,9.25,22.45,66.3,7.65,144690.0,-2584755.0,3577,7.923341055228415,23.429039381667458,66.84002792871763
2019-02-11,944,2019-02-11,8.6,21.15,68.45,7.15,144690.0,-2584755.0,3577,8.193665158369816,22.72515317499498,67.27884561258169
2019-02-18,945,2019-02-18,7.7,26.7,63.9,7.9,144690.0,-2584755.0,3577,8.280164108336246,22.152976899258416,67.75423585701212
2019-02-19,946,2019-02-19,8.3,21.5,68.35,7.2,144690.0,-2584755.0,3577,8.325615406264317,22.829241810817347,66.9922698044889
2019-02-26,947,2019-02-26,8.75,20.5,68.75,7.2,144690.0,-2584755.0,3577,8.231049600553016,22.844683799169545,67.11005217691522
2019-02-27,948,2019-02-27,7.95,22.65,67.6,6.95,144690.0,-2584755.0,3577,7.950296607416163,23.12002857822946,67.13544999890746
2019-03-06,949,2019-03-06,6.85,27.35,64.25,7.35,144690.0,-2584755.0,3577,7.905607395699095,22.504993613194586,67.77381627659253
2019-03-07,950,2019-03-07,8.1,21.0,68.95,7.05,144690.0,-2584755.0,3577,7.939756219011999,22.5550044382828,67.68344844009466
2019-04-15,951,2019-04-15,8.4,21.85,68.1,7.25,144690.0,-2584755.0,3577,7.683068479506959,23.322118902765574,67.25898265819862
2019-04-24,952,2019-04-24,7.75,20.95,69.4,7.0,144690.0,-2584755.0,3577,7.601089003874245,23.89650024897346,66.78687241550021
2019-05-01,953,2019-05-01,7.8,26.4,63.95,7.8,144690.0,-2584755.0,3577,7.620511377166585,23.57490311545687,67.08103769294718
2019-05-02,954,2019-05-02,6.5,23.8,68.15,7.7,144690.0,-2584755.0,3577,7.526654614733986,22.960793695465185,67.7821624196136
2019-05-09,955,2019-05-09,7.25,23.75,67.5,7.25,144690.0,-2584815.0,3577,7.3163134079531815,22.519504643959486,68.39563857194415
2019-05-10,956,2019-05-10,8.05,20.85,69.1,7.3,144690.0,-2584755.0,3577,7.339305895341949,21.431545389591726,69.36676264910523
2019-07-20,957,2019-07-20,7.9,16.7,73.3,7.15,144690.0,-2584755.0,3577,7.515674727747909,19.49903331961864,71.09098486651602
2019-07-21,958,2019-07-21,6.6,20.35,71.3,6.9,144690.0,-2584755.0,3577,7.593821039640339,18.02133300136127,72.4955985191171
2019-07-29,959,2019-07-29,7.7,16.05,74.2,7.05,144690.0,-2584755.0,3577,7.521722704538918,17.184952044856598,73.36542899823536
2019-08-05,960,2019-08-05,8.3,17.05,72.6,7.1,144690.0,-2584755.0,3577,7.645809608347166,17.014322674227255,73.3934161813309
2019-08-06,961,2019-08-06,7.7,16.35,74.35,6.9,144690.0,-2584755.0,3577,7.566585117667578,17.072852843748127,73.5009006473293
2019-08-13,962,2019-08-13,6.6,19.3,72.55,7.05,144690.0,-2584755.0,3577,7.610356361903213,17.158155621465752,73.44236614777313
2019-08-14,963,2019-08-14,8.1,15.95,73.65,6.95,144690.0,-2584755.0,3577,8.027969862953183,16.520685661085672,73.59116997552431
2019-08-21,964,2019-08-21,8.5,16.4,73.25,7.05,144690.0,-2584755.0,3577,8.196860724413678,16.408951265450362,73.52268505487221
2019-08-22,965,2019-08-22,8.55,15.05,74.65,6.75,144690.0,-2584755.0,3577,7.964349736949166,16.307060122537564,73.91044512761674
2019-08-29,966,2019-08-29,7.5,17.3,73.5,6.75,144690.0,-2584755.0,3577,8.133553752747584,15.925001933049089,74.06536049089122
2019-08-30,967,2019-08-30,8.75,14.1,75.05,6.7,144690.0,-2584755.0,3577,8.171672135912402,15.773813338362064,74.11737395730097
2019-09-06,968,2019-09-06,8.6,16.85,72.65,6.95,144690.0,-2584755.0,3577,8.499936441266442,15.662497873641044,73.96933654579608
2019-09-07,969,2019-09-07,6.9,17.65,73.9,6.75,144690.0,-2584755.0,3577,8.522450459755689,16.067384318465507,73.62571793530446
2019-09-15,970,2019-09-15,9.1,13.25,75.6,6.65,144690.0,-2584755.0,3577,8.745441864635605,15.788480250397399,73.61514398912679
2019-10-24,971,2019-10-24,10.3,18.0,69.7,7.35,144690.0,-2584755.0,3577,8.804003426912328,16.576823795397175,72.84530051990262
2019-10-25,972,2019-10-25,8.7,15.25,74.6,6.35,144690.0,-2584755.0,3577,9.091728859374559,17.138965214349657,72.10082672744133
2019-11-01,973,2019-11-01,9.57142857142857,17.5714285714286,71.4285714285714,7.28571428571429,144685.714285714,-2584776.42857143,3577,9.040552172284567,16.870269204477218,72.41306015964375
2019-11-02,974,2019-11-02,7.1,17.6,73.35,6.6,144690.0,-2584755.0,3577,9.090491551790503,16.551358857857938,72.61811331082691
2019-11-09,975,2019-11-09,9.85,17.0,71.2,7.0,144690.0,-2584755.0,3577,9.058204643652207,16.437808012418564,72.7228151878972
2019-11-17,976,2019-11-17,9.5,17.35,71.65,6.9,144690.0,-2584755.0,3577,9.005766833784064,16.122246948095935,73.01997630851028
2019-11-18,977,2019-11-18,9.85,11.3,76.7,6.55,144690.0,-2584755.0,3577,9.356310253212879,15.224309127402828,73.38782633773798
2019-11-25,978,2019-11-25,8.1,14.7,74.95,6.95,144690.0,-2584755.0,3577,9.533655508576686,15.161587483721437,73.27080605152267
2019-12-03,979,2019-12-03,10.25,19.0,69.0,7.5,144690.0,-2584815.0,3577,9.326057607048554,15.35777716661469,73.36744121528345
2019-12-04,980,2019-12-04,9.7,13.9,74.35,6.85,144690.0,-2584755.0,3577,9.428853556414476,16.027548563540954,72.63037181165474
2019-12-11,981,2019-12-11,9.0,16.4,72.7,7.1,144690.0,-2584755.0,3577,9.352019049874912,14.817371645787224,73.9492876806967
2019-12-12,982,2019-12-12,8.5,16.5,73.375,6.6875,144690.0,-2584770.0,3577,9.621020555131876,15.5965767652562,72.98297928646764
2019-12-19,983,2019-12-19,8.5,18.5,71.5,7.25,144690.0,-2584695.0,3577,8.59377420689008,18.389358254582817,71.3474233156341
2019-12-27,984,2019-12-27,8.85,18.75,70.3,7.2,144690.0,-2584755.0,3577,7.217670361249207,21.240763237085627,69.85592844501691
2019-12-28,985,2019-12-28,7.55,19.25,71.55,6.7,144690.0,-2584755.0,3577,5.608946080804456,25.174142225702738,67.52320263652561
2020-01-04,986,2020-01-04,3.89473684210526,27.9473684210526,66.6842105263158,9.42105263157895,144692.368421053,-2584751.84210526,3577,4.809809125206809,27.568728200262285,65.96352477975657
2020-01-05,987,2020-01-05,2.3,40.65,55.25,5.65,144690.0,-2584755.0,3577,4.648783487979469,27.24092111245036,66.32832290325597
2020-01-12,988,2020-01-12,2.6,24.95,70.65,6.05,144690.0,-2584755.0,3577,5.000917454713351,26.35639358197217,66.77775940043966
2020-01-21,989,2020-01-21,8.55,18.7,70.75,6.85,144690.0,-2584755.0,3577,5.648130222392046,24.42213770423443,68.07907803862058
2020-01-28,990,2020-01-28,8.3,17.8,72.0,6.9,144690.0,-2584755.0,3577,7.458741657559183,20.176765771295916,70.39624380832387
2020-02-06,991,2020-02-06,9.6,13.85,74.45,6.65,144690.0,-2584755.0,3577,9.021668750020016,15.504966094681883,73.38523400990938
2020-02-13,992,2020-02-13,8.85,18.2,70.8,6.95,144690.0,-2584755.0,3577,9.713686216014892,13.012113843462725,75.25324011981678
2020-02-14,993,2020-02-14,8.35,16.7,73.3,6.55,144690.0,-2584755.0,3577,9.354695068658149,13.551073962698137,75.2087083846463
2020-02-22,994,2020-02-22,9.85,10.8,77.35,6.35,144690.0,-2584755.0,3577,8.756880065237887,16.451113901575837,72.90610715392907
2020-02-29,995,2020-02-29,10.3,11.85,75.7,6.7,144690.0,-2584755.0,3577,8.505429864252122,16.897647708326296,72.74831345124375
2020-03-01,996,2020-03-01,5.55,23.5,69.75,5.9,144690.0,-2584755.0,3577,8.854427119237595,18.199650748466667,71.19554581802988
2020-03-08,997,2020-03-08,9.65,21.15,67.45,7.3,144690.0,-2584755.0,3577,9.841015271729137,16.704122022670933,71.77491068826359
2020-03-09,998,2020-03-09,10.9,15.75,71.35,6.9,144690.0,-2584755.0,3577,10.477776378744347,15.612583652291276,72.19238210053491
2020-03-16,999,2020-03-16,11.5,16.0,70.6,6.95,144690.0,-2584755.0,3577,10.37991182680616,16.72438339727482,71.20078298146936
2020-03-17,1000,2020-03-17,10.6666666666667,13.0,75.1666666666667,6.33333333333333,144700.0,-2584705.0,3577,9.930596637080415,17.79447789459745,70.64609324938846
2020-03-24,1001,2020-03-24,10.0,16.75,71.55,6.8,144690.0,-2584755.0,3577,9.567675431948086,18.824866765950805,69.88650224021308
2020-03-25,1002,2020-03-25,9.55,15.85,72.5,6.6,144690.0,-2584755.0,3577,9.214791058703653,19.814166109266615,69.1654683103985
2020-04-01,1003,2020-04-01,4.15789473684211,35.3157894736842,58.8421052631579,8.0,144687.631578947,-2584751.84210526,3577,8.191551512415536,22.360479312113576,67.67767718199534
2020-04-02,1004,2020-04-02,9.0,23.25,66.1875,7.0625,144690.0,-2584770.0,3577,8.137349460054779,22.7183337682326,67.33966481822532
2020-04-10,1005,2020-04-10,10.15,16.6,71.1,6.95,144690.0,-2584755.0,3577,8.349704702986816,21.282907641483575,68.5379403531839
2020-04-17,1006,2020-04-17,10.0,16.95,71.05,6.95,144690.0,-2584755.0,3577,9.208782640963111,19.18505754198803,69.7096910937527
2020-04-18,1007,2020-04-18,8.9,15.05,74.55,6.4,144690.0,-2584755.0,3577,9.30151220784942,17.050642896289688,71.85485429715047
2020-04-25,1008,2020-04-25,8.0,18.45,71.9,6.8,144690.0,-2584755.0,3577,9.846739768296061,14.130392004929572,74.27419622294471
2020-04-26,1009,2020-04-26,10.45,11.5,76.2,6.6,144690.0,-2584755.0,3577,9.590582268200194,12.671317314479836,76.0016979103288
2020-05-03,1010,2020-05-03,9.45,15.0,73.55,6.85,144690.0,-2584755.0,3577,8.753981847275307,13.903679485468185,75.66785740736867
2020-05-04,1011,2020-05-04,8.8,13.8,75.7,6.55,144690.0,-2584755.0,3577,8.434057291176774,13.311179910558735,76.53949289873069
2020-05-11,1012,2020-05-11,6.66666666666667,11.2666666666667,80.8666666666667,5.13333333333333,144693.0,-2584737.0,3577,8.307680400094021,12.677887592281994,77.13940187778044
2020-05-12,1013,2020-05-12,10.6,9.1,78.2,6.15,144690.0,-2584755.0,3577,8.145433256113154,13.102074447738133,76.88158111237459
2020-05-19,1014,2020-05-19,5.1,19.6,73.2,10.45,144690.0,-2584755.0,3577,8.042929533485605,13.520923572469542,76.63241031413261
2020-05-28,1015,2020-05-28,9.2,12.85,76.05,6.65,144690.0,-2584755.0,3577,8.215453174275474,14.356357935148353,75.64663195420579
2020-06-04,1016,2020-06-04,8.35,14.4,75.4,6.7,144690.0,-2584755.0,3577,8.391384673117164,14.739280275965374,75.04762677981371
2020-06-05,1017,2020-06-05,10.1111111111111,14.4444444444444,74.0,6.66666666666667,144685.0,-2584795.0,3577,8.584868090284765,15.507900991335198,74.11454783605379
2020-06-12,1018,2020-06-12,8.15,16.05,74.35,6.5,144690.0,-2584755.0,3577,8.950111137571099,15.088081217026321,74.2762331579558
2020-06-13,1019,2020-06-13,9.0,13.5,75.4,6.5,144690.0,-2584755.0,3577,9.09677495150861,13.97627662812301,75.24970621558461
2020-06-20,1020,2020-06-20,8.65,15.2,74.3,6.7,144690.0,-2584755.0,3577,9.713294389900108,13.825578615113965,74.64477950567712
2020-06-21,1021,2020-06-21,9.1,13.7,75.4,6.7,144684.0,-2584791.0,3577,9.495023367331175,13.843048234468485,74.80458397911295
2020-06-28,1022,2020-06-28,11.8333333333333,10.8333333333333,75.6666666666667,6.58333333333333,144690.0,-2584725.0,3577,9.648792578148257,12.534826877121485,75.87937052323099
2020-06-29,1023,2020-06-29,9.45,12.7,75.65,6.7,144690.0,-2584755.0,3577,9.551183472225564,12.944236609823816,75.5684283117971
2020-07-06,1024,2020-07-06,8.85,15.0,74.05,6.75,144690.0,-2584755.0,3577,9.550097892757176,13.059723624882839,75.45479003785107
2020-07-07,1025,2020-07-07,9.65,13.65,75.15,6.55,144690.0,-2584755.0,3577,9.458436224734207,13.580943238753992,75.04078583347177
2020-07-15,1026,2020-07-15,8.52941176470588,9.64705882352941,79.8823529411765,6.29411764705882,144697.941176471,-2584760.29411765,3577,9.626348965183801,13.609540404958148,74.86751327345729
2020-07-22,1027,2020-07-22,9.7,17.85,70.25,7.3,144690.0,-2584755.0,3577,9.728814453316737,14.00869876496147,74.37357538654005
2020-07-23,1028,2020-07-23,11.3,15.0,72.05,6.9,144690.0,-2584755.0,3577,10.315221262679204,13.328358653424957,74.43425664967077
2020-07-31,1029,2020-07-31,10.75,8.85,78.35,6.6,144690.0,-2584755.0,3577,10.882374400320323,12.735414403478426,74.48363972577029
2020-08-08,1030,2020-08-08,11.2,13.75,73.45,6.85,144690.0,-2584755.0,3577,10.705348973249393,12.027926605051016,75.35287648063795
2020-08-16,1031,2020-08-16,10.0,10.85,77.05,6.6,144690.0,-2584755.0,3577,10.227588119400464,12.131063057622889,75.71990797400338
2020-08-23,1032,2020-08-23,10.3,11.45,76.0,6.65,144690.0,-2584755.0,3577,10.676267777021957,9.871951368608059,77.57029532113056
2020-08-24,1033,2020-08-24,10.3333333333333,9.53333333333333,78.6,6.33333333333333,144693.0,-2584737.0,3577,10.287569657318613,9.542534106455461,78.30399655888378
2020-08-31,1034,2020-08-31,8.5,12.35,77.55,6.45,144690.0,-2584755.0,3577,9.54713892918084,11.192232829391969,77.48365163336686
2020-09-01,1035,2020-09-01,10.5,8.6,78.85,6.35,144690.0,-2584755.0,3577,9.789461776612011,12.33480240393187,76.09987990518633
2020-09-08,1036,2020-09-08,10.9,12.4,74.8,6.55,144690.0,-2584755.0,3577,9.546377203806113,12.13749655613434,76.47268715621243
2020-09-09,1037,2020-09-09,10.0,10.6666666666667,77.8,6.4,144687.0,-2584773.0,3577,9.17398731299523,12.922046332224705,76.0902294663882
2020-09-16,1038,2020-09-16,4.3,23.8,70.15,9.65,144690.0,-2584755.0,3577,8.706018366989568,12.789184845384,76.69081847854149
2020-09-17,1039,2020-09-17,10.85,7.6,79.4,6.2,144690.0,-2584755.0,3577,8.211687635498103,13.319119759010327,76.61934697972526
2020-09-24,1040,2020-09-24,10.95,9.1,77.7,6.35,144690.0,-2584755.0,3577,8.73224201585936,12.392903411768803,76.98078298498746
2020-09-25,1041,2020-09-25,5.0,10.3529411764706,83.4117647058823,4.52941176470588,144682.058823529,-2584749.70588235,3577,8.881779657238173,11.576360809103573,77.66951222151297
2020-10-02,1042,2020-10-02,10.05,15.4,72.8,6.9,144690.0,-2584755.0,3577,9.306564588205884,10.929304660007816,77.8613892663403
2020-10-03,1043,2020-10-03,10.5,10.7,76.65,6.25,144690.0,-2584755.0,3577,9.734753563681263,10.686617092006134,77.69892233061714
2020-10-10,1044,2020-10-10,10.7,11.45,75.6,6.75,144690.0,-2584755.0,3577,9.973566026032202,11.232668524335033,76.99635563852223
2020-10-11,1045,2020-10-11,11.2941176470588,7.58823529411765,79.5294117647059,6.11764705882353,144692.647058824,-2584744.41176471,3577,9.78293367531975,12.564782995185416,75.83325014994799
2020-10-18,1046,2020-10-18,6.2,15.6,76.9,5.8,144696.0,-2584719.0,3577,10.333623042408597,11.384474785820743,76.49343229160881
2020-10-26,1047,2020-10-26,11.45,12.45,73.95,6.85,144690.0,-2584755.0,3577,10.183755172161954,12.016666751567524,76.03734483508434
2020-10-27,1048,2020-10-27,11.25,10.0,77.1,6.45,144690.0,-2584755.0,3577,9.770414524465151,11.773422561774474,76.77281705727108
2020-11-03,1049,2020-11-03,10.15,14.05,74.15,6.55,144690.0,-2584755.0,3577,10.460412142945637,12.861703958032393,74.99518143483513
2020-11-12,1050,2020-11-12,9.5,10.6,78.15,6.15,144690.0,-2584755.0,3577,10.509923231019819,12.353039939479544,75.47016134474485
2020-11-19,1051,2020-11-19,9.95,14.5,74.05,6.65,144690.0,-2584755.0,3577,10.049131764245901,12.597330724272933,75.68116835812845
2020-11-27,1052,2020-11-27,11.2,12.85,73.9,6.8,144690.0,-2584755.0,3577,9.955204575062847,12.600891350497918,75.72417274037886
2020-11-28,1053,2020-11-28,10.9411764705882,9.47058823529412,78.1176470588235,6.17647058823529,144692.647058824,-2584744.41176471,3577,9.558974762260522,13.453825968238455,75.28187835656206
2020-12-05,1054,2020-12-05,8.5,17.4,72.65,6.65,144690.0,-2584755.0,3577,10.468227538258748,12.485670958069383,75.28024370456316
2020-12-06,1055,2020-12-06,9.1,9.45,79.4,5.65,144690.0,-2584755.0,3577,11.299408377088344,12.013902915512848,74.93585167335641
2020-12-29,1056,2020-12-29,13.75,15.5,68.55,7.15,144690.0,-2584755.0,3577,12.507809391799988,12.525390739321718,73.11363351044946
2020-12-30,1057,2020-12-30,15.9,9.4,73.0,6.4,144696.0,-2584719.0,3577,13.845236404843366,12.393488488237377,71.86686164336368
2021-01-06,1058,2021-01-06,13.5,11.05,74.2,6.05,144690.0,-2584755.0,3577,14.86890536640624,12.570020124831387,70.74080675527345
2021-01-07,1059,2021-01-07,15.7,12.7,69.45,6.8,144690.0,-2584755.0,3577,15.311066074347725,12.110797856813932,70.82915922734043
2021-01-14,1060,2021-01-14,15.0,17.2,65.85,6.9,144690.0,-2584755.0,3577,14.831769066748485,12.148101876076458,71.4273762559928
2021-01-15,1061,2021-01-15,15.2,10.95,72.3,6.25,144690.0,-2584755.0,3577,14.041256234394094,13.035535194259001,71.36050341217108
2021-01-22,1062,2021-01-22,12.3333333333333,10.3333333333333,76.3333333333333,5.0,144735.0,-2584785.0,3577,13.515378993933256,13.424851458897022,71.48635721726554
2021-01-31,1063,2021-01-31,12.2631578947368,13.5263157894737,72.6315789473684,5.73684210526316,144687.631578947,-2584758.15789474,3577,13.73452804324359,13.75363033576938,70.94322150066567
2021-02-07,1064,2021-02-07,14.0,15.1333333333333,69.0,6.6,144687.0,-2584773.0,3577,13.888895054755764,13.856484531706501,70.67991592893583
2021-02-15,1065,2021-02-15,15.35,15.75,67.05,6.9,144690.0,-2584755.0,3577,15.001691980278617,13.329526187785554,70.00666303170553
2021-02-16,1066,2021-02-16,16.1,12.65,69.55,6.5,144690.0,-2584755.0,3577,14.88759678483262,13.388254038610516,69.87714561793686
2021-02-23,1067,2021-02-23,14.0,13.8,70.65,6.5,144690.0,-2584755.0,3577,14.129031348313905,13.71581165561733,70.24062308067288
2021-02-24,1068,2021-02-24,14.6,10.8,72.4,6.4,144690.0,-2584755.0,3577,13.371619258475665,13.394761246030228,71.31781418298195
2021-03-03,1069,2021-03-03,13.95,16.6,67.35,6.75,144690.0,-2584755.0,3577,13.167729728311109,14.009897093290796,70.94728147849136
2021-03-04,1070,2021-03-04,13.75,11.7,72.85,6.05,144690.0,-2584755.0,3577,14.494215585618015,15.742543983090764,67.88591194530379
2021-03-11,1071,2021-03-11,9.3,21.65,67.45,6.05,144690.0,-2584755.0,3577,17.12452315486116,17.99612461841295,63.08969126847441
2021-03-28,1072,2021-03-28,24.25,18.55,55.3,7.2,144690.0,-2584755.0,3577,20.136365801378275,19.762197709408376,58.36209703608212
2021-04-04,1073,2021-04-04,25.3,21.45,51.45,7.7,144690.0,-2584755.0,3577,23.01698023338546,20.317709844332196,54.985349325588786
2021-04-05,1074,2021-04-05,26.85,21.65,50.0,7.3,144690.0,-2584755.0,3577,24.217365606526073,21.859094156614105,52.312772521588236
2021-04-12,1075,2021-04-12,24.6,20.8,53.15,7.35,144690.0,-2584755.0,3577,25.274556712633434,19.755688583859005,53.34659659225426
2021-04-13,1076,2021-04-13,21.55,19.95,56.75,7.15,144690.0,-2584755.0,3577,23.98313667756034,20.87256597890961,53.465428998238345
2021-04-20,1077,2021-04-20,19.95,19.7,58.35,7.2,144690.0,-2584755.0,3577,21.086878910559975,21.513843122818237,55.746437463457
2021-04-21,1078,2021-04-21,19.2,22.65,56.75,6.9,144690.0,-2584755.0,3577,17.71675615406001,22.613132997030544,57.960138777622376
2021-04-28,1079,2021-04-28,16.75,23.9,57.7,7.25,144690.0,-2584755.0,3577,16.608205416871662,22.351054363589725,59.24469895428763
2021-04-29,1080,2021-04-29,17.4,19.5,61.15,6.9,144690.0,-2584755.0,3577,15.447307634016447,24.388058095746757,58.36055404466059
2021-05-06,1081,2021-05-06,9.35,37.3,51.45,9.75,144690.0,-2584755.0,3577,14.423105484653696,25.365211663778958,58.513957285858524
2021-05-07,1082,2021-05-07,15.75,13.05,69.75,5.6,144690.0,-2584755.0,3577,13.411197804337025,22.607646176159108,62.36751366041932
2021-05-15,1083,2021-05-15,14.5,21.15,62.5,6.9,144690.0,-2584755.0,3577,12.754553198645127,20.69288650144497,64.93074258438851
2021-05-23,1084,2021-05-23,12.2,25.4,61.1,6.8,144684.0,-2584791.0,3577,12.184768351437167,20.28756347248542,65.9083415631662
2021-05-30,1085,2021-05-30,10.6923076923077,22.6153846153846,65.2307692307692,6.61538461538461,144693.461538462,-2584729.61538462,3577,11.727028080277105,20.989441208942715,65.77910000215519
2021-05-31,1086,2021-05-31,10.95,9.85,77.55,5.2,144690.0,-2584755.0,3577,12.221049717130294,22.28707959104149,63.88291451343604
2021-06-16,1087,2021-06-16,13.2,22.85,62.0,6.9,144690.0,-2584755.0,3577,12.587746166667838,23.170729710866755,62.48297255256312
2021-06-24,1088,2021-06-24,12.05,39.15,47.1,9.55,144690.0,-2584755.0,3577,11.73258926117765,25.70613066380722,60.787044284594145
2021-07-01,1089,2021-07-01,11.35,23.95,63.15,7.05,144690.0,-2584755.0,3577,11.897941484567474,24.542712800413348,61.88970475819992
2021-07-02,1090,2021-07-02,13.5,20.6,64.05,6.85,144690.0,-2584755.0,3577,11.38065864832782,25.038413158640424,61.89952003223286
2021-07-09,1091,2021-07-09,12.1,21.9,64.05,6.85,144690.0,-2584755.0,3577,10.67170213687082,24.695147112945282,63.040380826594316
2021-07-10,1092,2021-07-10,5.75,21.75,71.5,6.125,144690.0,-2584710.0,3577,9.970802301412267,23.05318934161469,65.40802653228145
2021-07-17,1093,2021-07-17,9.6,24.6,64.4,6.8,144690.0,-2584755.0,3577,9.866528827208468,19.91505661520844,68.55973283681237
2021-07-18,1094,2021-07-18,11.7,20.45,65.8,6.5,144690.0,-2584755.0,3577,10.304606345665176,19.89704556279336,68.0797248803726
2021-07-25,1095,2021-07-25,10.85,19.95,67.1,6.55,144690.0,-2584755.0,3577,10.524797300221422,21.296731635234647,66.43330473704867
2021-08-02,1096,2021-08-02,11.7,19.3,67.45,6.6,144690.0,-2584755.0,3577,11.588791974277857,22.73461727900242,63.80801516593907
2021-08-03,1097,2021-08-03,11.2,19.55,67.3,6.15,144690.0,-2584755.0,3577,10.9351241637603,16.131134036239985,71.0987334646671
2021-08-10,1098,2021-08-10,11.55,18.85,67.75,6.35,144690.0,-2584755.0,3577,10.711362824480421,16.672119714648186,70.7737396890929
2021-08-11,1099,2021-08-11,10.1875,22.5625,65.6875,6.375,144690.0,-2584740.0,3577,10.6050660510784,19.946155379705033,67.66320687825095
2021-08-19,1100,2021-08-19,10.5,20.05,67.3,6.2,144690.0,-2584755.0,3577,11.552298436855533,24.802118740389027,61.74232798933888
2021-08-26,1101,2021-08-26,11.5,19.4,67.2,6.35,144690.0,-2584755.0,3577,12.780968412390651,28.667348827638666,56.48596256683648
2021-08-27,1102,2021-08-27,10.2,20.35,67.75,6.05,144690.0,-2584755.0,3577,13.438734781728133,31.508349841588167,52.894841033571524
2021-09-03,1103,2021-09-03,23.0,74.0,0.0,6.0,144735.0,-2584725.0,3577,14.218204280237764,31.899370250487777,51.74396799020639
2021-09-04,1104,2021-09-04,12.3,15.2,70.55,5.9,144690.0,-2584755.0,3577,14.206840102619719,31.21824108553519,52.46902428066505
2021-09-11,1105,2021-09-11,11.6666666666667,22.0416666666667,64.375,6.625,144690.0,-2584745.0,3577,13.850421817602419,28.024360958954308,56.142162094862684
2021-10-05,1106,2021-10-05,12.1,20.4,65.85,6.5,144690.0,-2584755.0,3577,13.144179620686952,24.179781170837934,60.803905962449505
2021-10-13,1107,2021-10-13,11.125,21.775,65.325,6.55,144690.0,-2584755.0,3577,11.625821082940092,21.638491848705343,64.95658002986754
2021-10-21,1108,2021-10-21,12.35,22.05,63.9,6.85,144690.0,-2584755.0,3577,10.192123846224494,20.48292306248657,67.63077139577678
2021-10-22,1109,2021-10-22,9.55,26.1,62.6,6.7,144690.0,-2584755.0,3577,9.206508584293584,22.272551906294705,66.87898525621985
2021-10-29,1110,2021-10-29,11.1,22.7,64.35,6.45,144690.0,-2584755.0,3577,9.95899889583951,28.296029898889444,59.94486241311972
2021-11-04,1111,2021-11-04,9.05,31.65,57.55,7.8,144690.0,-2584755.0,3577,10.385618509455966,25.230374836717814,62.64021845027101
2021-11-06,1112,2021-11-06,9.4,28.1,61.0,7.2,144690.0,-2584755.0,3577,12.56632639805827,25.273162441270124,60.46239418475356
2021-11-14,1113,2021-11-14,16.0,18.0,64.125,6.75,144690.0,-2584800.0,3577,15.224198943469116,24.876539327541803,58.26038721339708
2021-11-21,1114,2021-11-21,17.875,22.875,57.75,7.0,144690.0,-2584800.0,3577,17.76517190239835,24.427955790336043,56.16990950225404
2021-11-30,1115,2021-11-30,21.8,24.2,52.275,7.625,144690.0,-2584755.0,3577,20.65482149429209,23.922729978995754,53.82489012534648
2021-12-07,1116,2021-12-07,23.1,27.85,47.7,8.05,144690.0,-2584755.0,3577,20.142289830909107,24.20214444997365,54.05732587844784
2021-12-16,1117,2021-12-16,18.2,24.7,55.35,7.25,144690.0,-2584755.0,3577,18.51780781138089,23.863640152413673,55.995996341111805
2021-12-25,1118,2021-12-25,16.2,24.15,57.9,7.3,144690.0,-2584755.0,3577,16.92898633873613,24.720347377077427,56.714724826248855
2022-01-01,1119,2022-01-01,16.625,22.35,59.425,6.825,144690.0,-2584755.0,3577,16.350294442397264,24.67963746779168,57.33059602934907
2022-01-08,1120,2022-01-08,14.95,24.05,59.45,7.0,144690.0,-2584755.0,3577,17.9934069800142,23.654941652770937,56.65628558746907
2022-01-10,1121,2022-01-10,13.8,24.2,60.15,6.9,144690.0,-2584755.0,3577,20.45413788997075,23.532016822183586,54.297733226517686
2022-02-11,1122,2022-02-11,30.95,23.3,44.05,8.55,144690.0,-2584755.0,3577,23.486372837685117,24.29177726298106,50.47610253522812
2022-02-18,1123,2022-02-18,29.2,27.35,41.7,8.8,144690.0,-2584755.0,3577,25.592236787976,25.302594773643627,47.34818842147857
2022-02-27,1124,2022-02-27,25.0,25.7,47.5,8.0,144690.0,-2584755.0,3577,25.64190121024103,26.215467968560027,46.31639838488992
2022-03-06,1125,2022-03-06,23.7,25.2,49.25,7.1,144690.0,-2584755.0,3577,24.282149429514227,26.80640845222488,47.10502933598205
2022-03-15,1126,2022-03-15,18.95,28.1,51.15,7.45,144690.0,-2584755.0,3577,21.72161824243543,27.377638615250625,49.1440467427236
2022-03-22,1127,2022-03-22,18.0,30.3,50.0,7.85,144690.0,-2584755.0,3577,18.38761501655964,28.673470956284014,51.213143822114496
2022-03-31,1128,2022-03-31,16.25,27.6,54.35,6.85,144690.0,-2584755.0,3577,15.376086297601029,30.310084652185388,52.59074238454258
2022-04-07,1129,2022-04-07,15.8,31.45,51.2,7.5,144690.0,-2584755.0,3577,15.6049687154927,29.713538937837903,52.9514278291289
2022-04-08,1130,2022-04-08,15.25,30.4,52.7,7.15,144690.0,-2584755.0,3577,14.948697741884363,31.010687609599383,52.31358656822272
2022-04-15,1131,2022-04-15,13.9,34.45,49.7,7.45,144690.0,-2584755.0,3577,14.095532486087654,32.32951785056565,51.83777522786036
2022-04-16,1132,2022-04-16,13.65,33.05,51.5,7.0,144690.0,-2584755.0,3577,13.569660525231253,33.77482517482012,50.88240706660999
2022-04-24,1133,2022-04-24,13.15,31.55,53.55,7.1,144690.0,-2584755.0,3577,12.78354370087925,35.4025265755863,50.02278572819621
2022-05-02,1134,2022-05-02,13.75,34.15,50.3,7.25,144690.0,-2584755.0,3577,12.630835263805512,36.576005109436174,48.97280846088164
2022-05-10,1135,2022-05-10,9.1,47.45,41.8,8.45,144690.0,-2584755.0,3577,12.376600489292139,37.048794085166264,48.75543635929904
2022-05-17,1136,2022-05-17,13.25,33.15,51.65,7.45,144690.0,-2584755.0,3577,12.24081599514853,37.12121067786148,48.83981792200876
2022-05-25,1137,2022-05-25,13.2,34.95,50.0,6.9,144690.0,-2584755.0,3577,12.124199484723988,36.26132520729502,49.83321678320934
2022-05-26,1138,2022-05-26,12.05,34.95,51.25,7.0,144690.0,-2584755.0,3577,11.81079261295803,35.33237675636529,51.05254389572512
2022-06-18,1139,2022-06-18,11.75,34.35,52.1,8.0,144690.0,-2584755.0,3577,11.323870402042084,34.73576392647082,52.17069215613328
2022-06-27,1140,2022-06-27,9.5,33.65,55.2,10.05,144690.0,-2584755.0,3577,10.859692783994566,33.33184740955141,54.052399922051286
2022-07-05,1141,2022-07-05,10.7,32.1,55.35,7.55,144690.0,-2584755.0,3577,10.527777176382415,32.600457901227024,55.10519279481304
2022-07-12,1142,2022-07-12,9.95,33.95,54.4,7.85,144690.0,-2584755.0,3577,9.720380393598756,32.84748100196526,55.66243261381749
2022-07-13,1143,2022-07-13,9.45,33.05,55.6,7.15,144690.0,-2584755.0,3577,9.821922968670727,31.11666197579045,57.22795579033114
2022-07-20,1144,2022-07-20,10.0,30.65,57.55,7.45,144690.0,-2584755.0,3577,9.944396934333527,30.60155881269975,57.575625148836366
2022-07-21,1145,2022-07-21,10.6,24.8,62.6,5.85,144690.0,-2584755.0,3577,9.64273636579994,30.249232501240364,58.21046244776025
2022-07-28,1146,2022-07-28,9.3,32.1,56.75,7.35,144690.0,-2584755.0,3577,9.46059234882623,30.733690922076423,57.919470003671876
2022-07-29,1147,2022-07-29,8.65,31.2,58.3,6.85,144690.0,-2584755.0,3577,9.644484617548192,28.30589750806046,60.17530472622453
2022-08-06,1148,2022-08-06,9.6,31.5,57.0,7.15,144690.0,-2584755.0,3577,9.417673039033861,28.851612938141137,59.87276299550947
2022-08-14,1149,2022-08-14,8.5,30.8,58.95,7.85,144690.0,-2584755.0,3577,8.681602762561216,31.90236203424581,57.6421929463639
2022-08-22,1150,2022-08-22,8.1,31.15,59.05,7.5,144690.0,-2584755.0,3577,7.792554504318046,35.27448201952319,55.20443720365496
2022-08-29,1151,2022-08-29,9.6,33.45,55.2,8.05,144690.0,-2584755.0,3577,7.289683690920992,37.90789040680115,53.10261642381592
2022-08-30,1152,2022-08-30,6.35,37.05,54.85,9.05,144690.0,-2584755.0,3577,7.1478988503745615,38.6827101690821,52.452056766754815
2022-09-06,1153,2022-09-06,3.5,57.5,37.5,10.5,144720.0,-2584695.0,3577,7.097075061160688,39.692096603081374,51.54160622658304
2022-09-07,1154,2022-09-07,8.6,33.95,55.75,7.9,144690.0,-2584755.0,3577,7.445537898632761,38.78497802506511,52.1160200480556
2022-09-15,1155,2022-09-15,9.15,30.65,58.35,7.85,144690.0,-2584755.0,3577,8.139584592158664,36.373331411054664,53.832393584454216
2022-09-22,1156,2022-09-22,9.75,31.05,57.55,7.85,144690.0,-2584755.0,3577,8.750635727907147,33.116463286216295,56.46988322681259
2022-09-23,1157,2022-09-23,8.85,30.9,58.7,7.7,144690.0,-2584755.0,3577,9.16061488469176,30.722003467960043,58.404815196053306
2022-09-30,1158,2022-09-30,8.81818181818182,33.3636363636364,56.1818181818182,8.0,144666.818181818,-2584741.36363636,3577,9.51061931313689,29.77669269935924,58.92785196789383
2022-10-08,1159,2022-10-08,9.05,29.7,59.25,8.0,144690.0,-2584755.0,3577,8.892208987183736,30.951545133724586,58.33961785469498
2022-10-09,1160,2022-10-09,8.25,32.65,57.25,7.95,144690.0,-2584755.0,3577,8.194626721433828,34.66487308075589,55.333246798225865
2022-10-16,1161,2022-10-16,8.15,35.35,54.6,8.0,144690.0,-2584755.0,3577,8.284422107584394,33.46859868248335,56.408095591425194
2022-10-17,1162,2022-10-17,8.15,34.9,55.15,8.0,144690.0,-2584755.0,3577,8.671601463550632,32.673071510527926,56.84866526661344
2022-10-24,1163,2022-10-24,8.9,31.25,58.2,8.3,144690.0,-2584755.0,3577,8.38234969364875,32.0399640607023,57.813576825642485
2022-10-25,1164,2022-10-25,8.15,31.3,58.9,7.8,144690.0,-2584755.0,3577,7.96613912403267,31.858296347610473,58.46973521833329
2022-11-01,1165,2022-11-01,9.6,29.3,59.3,8.7,144666.0,-2584737.0,3577,8.729408135116172,30.99787408002207,58.555299644801
2022-11-02,1166,2022-11-02,8.9,27.4,61.95,8.05,144690.0,-2584755.0,3577,9.612355182605068,30.082435402873447,58.583257982220275
2022-11-09,1167,2022-11-09,9.2,34.7,54.4,8.4,144690.0,-2584755.0,3577,9.7885449234779,29.996746869953093,58.42905339059993
2022-11-10,1168,2022-11-10,9.3,31.05,57.65,8.3,144690.0,-2584755.0,3577,11.02746044703629,30.47166806967845,56.67055595105194
2022-12-03,1169,2022-12-03,16.55,28.95,52.8,9.25,144690.0,-2584755.0,3577,13.234598860434616,28.60971831846473,56.266649558773736
2022-12-04,1170,2022-12-04,15.9,27.0,55.2,8.8,144690.0,-2584755.0,3577,15.042666161918145,29.17594786382368,53.896608181466284
2022-12-19,1171,2022-12-19,12.7,33.1,52.45,8.8,144690.0,-2584755.0,3577,16.98317569791343,31.247386600833156,49.95966728363609
2023-01-12,1172,2023-01-12,19.2941176470588,30.2352941176471,48.4117647058824,16.5294117647059,144685.588235294,-2584746.17647059,3577,18.776804520223273,34.11621693023988,45.407840071157366
2023-01-13,1173,2023-01-13,24.85,33.6,40.15,9.8,144690.0,-2584755.0,3577,20.220036295277573,37.23749852304758,40.96745210439215
2023-01-20,1174,2023-01-20,18.875,38.75,40.75,12.0,144656.25,-2584755.0,3577,21.08348623088194,39.81295052354511,37.633810226480094
2023-01-28,1175,2023-01-28,18.4,52.5,27.9,11.8,144690.0,-2584755.0,3577,21.11190107621993,40.790951549310634,36.67120256334657
2023-02-06,1176,2023-02-06,22.65,32.3,43.55,9.85,144690.0,-2584755.0,3577,20.024159121853035,38.86653969121181,39.6128985237026
2023-02-14,1177,2023-02-14,16.9,32.9,48.4,9.05,144690.0,-2584755.0,3577,17.513270199720694,32.48141251340567,48.26114879904492
