time,Unnamed: 0,time_ymd,pv,npv,bs,ue,x,y,spatial_ref,pv_filter,npv_filter,bs_filter
1987-09-02,1,1987-09-02,58.5217391304348,36.5217391304348,3.52173913043478,21.6086956521739,1301835.0,-4645329.7826087,3577,57.76303563801989,36.394143067007384,4.460996884557709
1987-09-18,2,1987-09-18,45.8260869565217,46.304347826087,6.30434782608696,18.0869565217391,1301835.0,-4645329.7826087,3577,48.18828097388633,44.59547143715524,5.769771658133555
1987-10-20,3,1987-10-20,47.9565217391304,46.6521739130435,4.04347826086957,19.0434782608696,1301835.0,-4645329.7826087,3577,43.05933397957102,48.66097575501994,6.791420379426526
1987-11-05,4,1987-11-05,33.0,48.8333333333333,17.0,7.83333333333333,1301885.0,-4645330.0,3577,41.183424582126015,49.70538808989787,7.626185953920253
1987-11-21,5,1987-11-21,46.6521739130435,46.8695652173913,5.04347826086957,19.6086956521739,1301835.0,-4645329.7826087,3577,41.52207874310532,48.69852164463605,8.35557284273063
1988-01-24,6,1988-01-24,43.6086956521739,46.1304347826087,8.91304347826087,17.3478260869565,1301835.0,-4645329.7826087,3577,43.19111845856494,46.46527075563215,9.042347062605822
1988-02-09,7,1988-02-09,47.4782608695652,46.0434782608696,5.30434782608696,18.8260869565217,1301835.0,-4645329.7826087,3577,45.460661759062845,43.68561089283446,9.730536185926251
1988-02-25,8,1988-02-25,47.5217391304348,44.8695652173913,6.21739130434783,18.304347826087,1301835.0,-4645329.7826087,3577,47.75512270965184,40.894598659735905,10.44542934070305
1988-04-13,9,1988-04-13,49.2380952380952,45.3809523809524,4.14285714285714,17.9047619047619,1301840.71428571,-4645330.71428571,3577,49.68770494920646,38.72802120853097,10.993517154237004
1988-05-31,10,1988-05-31,38.6086956521739,27.9565217391304,32.4782608695652,9.30434782608696,1301835.0,-4645329.7826087,3577,50.76902392711298,35.98622714835666,12.914953579644067
1988-07-02,11,1988-07-02,61.9,30.5,10.4,23.7,1301835.0,-4645332.0,3577,49.92361263494587,34.43893508339757,15.45327354477749
1988-08-03,12,1988-08-03,56.75,32.25,9.6,23.3,1301839.5,-4645338.0,3577,50.406362318220445,33.31165442818599,16.031646315423696
1988-09-04,13,1988-09-04,43.5217391304348,39.5217391304348,16.0,11.5652173913043,1301835.0,-4645329.7826087,3577,51.38332987736581,35.05094729158681,13.045750139838914
1988-10-06,14,1988-10-06,49.1304347826087,43.3913043478261,6.17391304347826,18.2608695652174,1301835.0,-4645329.7826087,3577,50.12386906402849,36.308478101513465,12.772163763008532
1988-11-23,15,1988-11-23,49.4444444444444,30.4444444444444,19.1111111111111,11.6666666666667,1301808.33333333,-4645348.33333333,3577,51.590774461804244,39.258071241618005,7.841204868327129
1989-01-26,16,1989-01-26,54.7391304347826,40.695652173913,3.30434782608696,19.2173913043478,1301835.0,-4645329.7826087,3577,54.304431629743206,41.881666052342254,2.240553658213841
1989-03-15,17,1989-03-15,53.3478260869565,38.5652173913044,6.60869565217391,19.5652173913043,1301835.0,-4645329.7826087,3577,52.91988609104017,38.020704491244985,7.546211893727257
1989-03-22,18,1989-03-22,54.5652173913044,38.5652173913044,5.52173913043478,20.0869565217391,1301835.0,-4645329.7826087,3577,51.611726212749915,32.38860055324608,14.961489617901433
1989-06-03,19,1989-06-03,45.7391304347826,26.7391304347826,26.4782608695652,12.9130434782609,1301835.0,-4645329.7826087,3577,47.66441863706091,27.182320626715217,24.00168196768995
1989-07-21,20,1989-07-21,57.8260869565217,32.2173913043478,8.47826086956522,19.0,1301835.0,-4645329.7826087,3577,42.0045819146914,24.60256167083772,32.352305163311215
1989-08-06,21,1989-08-06,25.7391304347826,12.4347826086957,61.695652173913,14.4782608695652,1301835.0,-4645329.7826087,3577,38.02819336049183,24.542736042875408,36.443327237809584
1989-08-22,22,1989-08-22,24.8125,13.4375,60.5,18.0625,1301844.375,-4645325.625,3577,37.960283673000106,25.58574232728347,35.488045023576106
1990-02-14,23,1990-02-14,47.1304347826087,37.2173913043478,14.4782608695652,12.695652173913,1301835.0,-4645329.7826087,3577,42.42494325064529,29.621067845530035,26.88018109901541
1990-03-02,24,1990-03-02,52.1739130434783,42.2608695652174,4.34782608695652,19.7826086956522,1301835.0,-4645329.7826087,3577,46.84994780424152,32.7595187824645,19.189716966299105
1990-04-19,25,1990-04-19,50.1739130434783,38.5652173913044,9.91304347826087,22.8260869565217,1301835.0,-4645329.7826087,3577,51.11142292724684,34.896096979136274,12.659889612337583
1990-05-05,26,1990-05-05,58.4782608695652,34.5652173913044,5.60869565217391,22.0434782608696,1301835.0,-4645329.7826087,3577,52.63157477028848,35.30438283112244,10.713283418693045
1990-05-21,27,1990-05-21,60.0,29.5,9.0,24.0,1301880.0,-4645350.0,3577,56.14004704911963,35.9762513448942,6.449368473765137
1990-06-06,28,1990-06-06,44.25,29.25,25.25,9.5,1301872.5,-4645327.5,3577,51.79206756360379,33.86408075703574,13.046098920595542
1990-07-08,29,1990-07-08,39.3913043478261,34.1739130434783,25.2173913043478,10.8260869565217,1301835.0,-4645329.7826087,3577,46.552627754860325,33.79840389172399,18.320391940358235
1990-08-25,30,1990-08-25,50.3913043478261,41.2173913043478,7.0,20.5217391304348,1301835.0,-4645329.7826087,3577,47.37997738340279,37.404843029416774,13.89430927726587
1990-10-12,31,1990-10-12,50.1304347826087,44.4347826086956,4.21739130434783,20.2173913043478,1301835.0,-4645329.7826087,3577,46.03689495992618,40.77631657389425,11.829323265685748
1990-12-15,32,1990-12-15,50.4782608695652,42.3478260869565,5.56521739130435,19.7826086956522,1301835.0,-4645329.7826087,3577,42.884950727015934,43.41896033028105,12.407758874138768
1991-01-16,33,1991-01-16,31.4,40.4,27.2,12.8,1301853.0,-4645383.0,3577,42.76668045688136,44.26272997951564,11.764392943170296
1991-02-01,34,1991-02-01,50.7391304347826,41.7391304347826,6.04347826086957,19.0,1301835.0,-4645329.7826087,3577,46.694388975962774,41.688127853327984,10.278354122207759
1991-02-17,35,1991-02-17,52.0434782608696,41.4347826086956,5.21739130434783,19.4782608695652,1301835.0,-4645329.7826087,3577,47.79049733963116,38.16155335280365,12.677842472059192
1991-04-06,36,1991-04-06,31.3333333333333,38.2777777777778,29.2777777777778,14.0,1301845.0,-4645318.33333333,3577,49.448762047752425,36.09543206187878,13.07408925708636
1991-05-08,37,1991-05-08,59.1363636363636,34.6818181818182,5.0,22.9090909090909,1301835.0,-4645326.81818182,3577,51.44762548480007,35.61042621152958,11.600180700528947
1991-07-27,38,1991-07-27,68.0,30.0,0.0,25.0,1301865.0,-4645365.0,3577,52.50023323999582,35.800091849228075,10.414044061558993
1991-08-12,39,1991-08-12,52.0,34.2777777777778,12.2222222222222,23.3333333333333,1301840.0,-4645330.0,3577,51.856462211121055,36.84316536114221,10.05303775508228
1991-08-28,40,1991-08-28,33.0,45.3333333333333,21.3333333333333,10.3333333333333,1301785.0,-4645285.0,3577,48.51233075957934,39.12425120411049,11.202289992502333
1991-09-29,41,1991-09-29,49.8260869565217,44.8695652173913,4.08695652173913,18.4782608695652,1301835.0,-4645329.7826087,3577,47.93653815560488,42.13971329517878,8.74639375520924
1991-10-31,42,1991-10-31,46.0434782608696,41.8695652173913,10.9130434782609,14.1304347826087,1301835.0,-4645329.7826087,3577,46.25853401320471,44.50730369224789,8.081910148001278
1991-11-16,43,1991-11-16,49.695652173913,44.6086956521739,4.26086956521739,18.3478260869565,1301835.0,-4645329.7826087,3577,41.803998128665455,46.160074187931066,10.921928679296817
1991-12-02,44,1991-12-02,44.695652173913,47.8695652173913,6.17391304347826,19.0869565217391,1301835.0,-4645329.7826087,3577,48.897890573546206,46.25704290772924,3.5313143804187144
1992-01-19,45,1992-01-19,47.1739130434783,45.9130434782609,5.52173913043478,16.5217391304348,1301835.0,-4645329.7826087,3577,49.715006042095126,46.83352665341468,1.9897991211758657
1992-02-20,46,1992-02-20,48.0434782608696,44.5652173913044,6.1304347826087,19.2608695652174,1301835.0,-4645329.7826087,3577,47.73314543848223,46.06557172803626,4.805512923832306
1992-03-07,47,1992-03-07,46.5217391304348,45.8695652173913,6.30434782608696,18.5652173913043,1301835.0,-4645329.7826087,3577,43.45709208252154,44.92787699090337,10.388720128485339
1992-03-23,48,1992-03-23,46.8260869565217,46.5217391304348,5.21739130434783,18.6086956521739,1301835.0,-4645329.7826087,3577,43.43243238892316,43.8262943344805,11.522757968258526
1992-04-08,49,1992-04-08,49.3478260869565,41.4782608695652,7.82608695652174,20.6086956521739,1301835.0,-4645329.7826087,3577,42.09056366606612,41.364401711426204,15.402287515343385
1992-04-24,50,1992-04-24,12.6363636363636,39.7272727272727,47.2727272727273,12.0909090909091,1301870.45454545,-4645326.81818182,3577,42.40494673401929,39.380808009762326,17.031025411889008
1992-05-10,51,1992-05-10,60.8095238095238,29.9047619047619,7.76190476190476,23.0,1301836.42857143,-4645329.28571429,3577,41.92293356654749,38.19403584540862,18.686672309890554
1992-05-26,52,1992-05-26,43.0,42.9565217391304,12.6086956521739,18.7826086956522,1301835.0,-4645329.7826087,3577,42.968981495131764,36.93239023974284,18.82666965310867
1992-06-11,53,1992-06-11,49.7391304347826,40.2173913043478,8.78260869565217,18.9130434782609,1301835.0,-4645329.7826087,3577,44.366827790345674,36.4774667200609,17.889324921456755
1992-06-27,54,1992-06-27,40.3478260869565,32.0,26.3478260869565,16.5217391304348,1301835.0,-4645329.7826087,3577,46.99993617007317,37.12115196688608,14.580823156739667
1992-07-13,55,1992-07-13,48.2608695652174,40.7826086956522,9.43478260869565,18.5652173913043,1301835.0,-4645329.7826087,3577,48.74224054462927,39.01370121479917,10.897543573070276
1992-10-01,56,1992-10-01,44.9565217391304,39.4782608695652,14.5217391304348,14.6086956521739,1301835.0,-4645329.7826087,3577,48.097658208433074,41.22110132878127,9.291651566451629
1992-10-17,57,1992-10-17,52.695652173913,39.0434782608696,6.91304347826087,17.5217391304348,1301835.0,-4645329.7826087,3577,45.08333269457913,41.95909089339611,11.654762521095414
1993-01-21,58,1993-01-21,50.5217391304348,41.9565217391304,6.26086956521739,17.7391304347826,1301835.0,-4645329.7826087,3577,51.25201164578509,38.6644622185014,8.688017589564282
1993-02-06,59,1993-02-06,52.695652173913,40.2608695652174,5.26086956521739,19.2173913043478,1301835.0,-4645329.7826087,3577,53.764387681135446,36.52434262725532,8.298679194381847
1993-03-10,60,1993-03-10,48.6086956521739,36.0434782608696,13.8695652173913,17.1304347826087,1301835.0,-4645329.7826087,3577,57.23726077795685,32.044187193851904,9.250271662293573
1993-06-14,61,1993-06-14,60.4444444444444,25.4444444444444,12.7222222222222,23.6666666666667,1301843.33333333,-4645333.33333333,3577,58.27566401837764,28.16751748729847,12.040799205861767
1993-07-16,62,1993-07-16,68.2857142857143,18.4285714285714,12.0714285714286,23.5,1301841.42857143,-4645328.57142857,3577,59.26941477448912,27.36420005382621,11.858951336934133
1993-08-01,63,1993-08-01,61.8666666666667,25.6666666666667,10.8,23.5333333333333,1301835.0,-4645333.0,3577,57.012452968687064,30.0735771184678,11.572252151735512
1993-08-17,64,1993-08-17,51.3913043478261,38.7391304347826,8.34782608695652,17.3913043478261,1301835.0,-4645329.7826087,3577,61.43098747296881,28.122255553392463,8.937570644354956
1993-09-02,65,1993-09-02,54.3478260869565,34.9565217391304,9.21739130434783,19.4782608695652,1301835.0,-4645329.7826087,3577,59.71282054678376,33.80627736591411,4.948870547427387
1994-01-08,66,1994-01-08,54.0526315789474,43.0526315789474,1.78947368421053,14.6842105263158,1301825.52631579,-4645322.36842105,3577,52.789690101036705,41.98334629005056,3.783194083205567
1994-01-24,67,1994-01-24,55.8260869565217,39.1304347826087,3.69565217391304,19.6086956521739,1301835.0,-4645329.7826087,3577,50.086613771702375,42.461417457720046,6.267717454845904
1994-02-25,68,1994-02-25,54.6086956521739,39.6521739130435,4.21739130434783,18.695652173913,1301835.0,-4645329.7826087,3577,47.60820303645641,43.13375511259473,8.27209157876829
1994-03-29,69,1994-03-29,50.8260869565217,38.0869565217391,9.73913043478261,15.9130434782609,1301835.0,-4645329.7826087,3577,44.68600514207096,44.13303129229352,10.295510708097936
1994-04-30,70,1994-04-30,7.95652173913043,76.9130434782609,15.695652173913,7.21739130434783,1301835.0,-4645329.7826087,3577,41.00144367022809,46.64028324448575,11.443691563973019
1994-08-04,71,1994-08-04,52.8571428571429,24.1428571428571,22.0,15.8571428571429,1301852.14285714,-4645296.42857143,3577,38.8429831733354,49.53657103776319,10.64816733778375
1994-09-05,72,1994-09-05,57.3636363636364,36.8181818181818,4.27272727272727,21.0909090909091,1301840.45454545,-4645294.09090909,3577,38.06582872326921,50.88473709374259,9.977183164134905
1994-09-21,73,1994-09-21,19.6,78.7,0.0,5.0,1301850.0,-4645341.0,3577,38.92033388335467,51.810470427262544,8.089104640805317
1994-11-08,74,1994-11-08,45.0434782608696,46.5652173913044,7.17391304347826,16.8695652173913,1301835.0,-4645329.7826087,3577,41.4086747697107,50.47535477651955,6.783219093708909
1994-11-15,75,1994-11-15,46.1739130434783,46.8260869565217,5.8695652173913,19.0434782608696,1301835.0,-4645329.7826087,3577,43.14230717213468,49.30315624731119,6.105298072012367
1994-12-01,76,1994-12-01,43.2173913043478,46.3913043478261,9.1304347826087,16.4347826086957,1301835.0,-4645329.7826087,3577,43.467380378398246,48.418340106514314,6.7221256331489885
1994-12-10,77,1994-12-10,38.4347826086956,46.9565217391304,13.3478260869565,14.0,1301835.0,-4645329.7826087,3577,40.773453629417375,50.377215125693255,7.722818438795198
1994-12-17,78,1994-12-17,48.1304347826087,45.6086956521739,5.0,16.9130434782609,1301835.0,-4645329.7826087,3577,45.54861127564714,44.504285470882664,8.795311701354262
1995-01-02,79,1995-01-02,45.1739130434783,47.7391304347826,5.8695652173913,18.2608695652174,1301835.0,-4645329.7826087,3577,47.8649085468236,44.41748317639428,6.471283864875572
1995-01-11,80,1995-01-11,45.9130434782609,48.2173913043478,4.60869565217391,16.9130434782609,1301835.0,-4645329.7826087,3577,45.9648509385283,47.801899944173044,4.927310003227962
1995-02-12,81,1995-02-12,51.3478260869565,43.7826086956522,3.65217391304348,19.3478260869565,1301835.0,-4645329.7826087,3577,46.074308112126005,47.212761225844744,5.424073772504783
1995-02-19,82,1995-02-19,49.5652173913044,44.0869565217391,4.91304347826087,19.2608695652174,1301835.0,-4645329.7826087,3577,53.13372068322146,41.30406690719707,4.191433433080404
1995-03-23,83,1995-03-23,51.0434782608696,39.8260869565217,7.65217391304348,19.7391304347826,1301835.0,-4645329.7826087,3577,56.39473898619646,38.610679493396816,3.5235128499021444
1995-04-01,84,1995-04-01,52.3913043478261,40.3478260869565,5.78260869565217,21.1739130434783,1301835.0,-4645329.7826087,3577,52.51180154255154,38.836358161059565,7.185440507353551
1995-04-17,85,1995-04-17,53.0434782608696,34.695652173913,11.0,14.9565217391304,1301835.0,-4645329.7826087,3577,49.24342642594699,38.4976759790607,10.849018650840963
1995-04-24,86,1995-04-24,57.8260869565217,31.7391304347826,8.8695652173913,21.8695652173913,1301835.0,-4645329.7826087,3577,44.58536842778802,36.903277663732695,17.201508906671645
1995-05-03,87,1995-05-03,59.9,27.1,11.6,24.4,1301847.0,-4645332.0,3577,47.69963413856071,37.092307382151894,13.95624879726062
1995-05-19,88,1995-05-19,6.0,63.75,29.5,2.75,1301880.0,-4645350.0,3577,50.43123905769279,33.41858026197808,15.032470707453843
1995-06-04,89,1995-06-04,51.7777777777778,20.7777777777778,26.5555555555556,23.2222222222222,1301811.66666667,-4645345.0,3577,55.21177013008406,28.279919121823433,15.483163908431077
1995-06-11,90,1995-06-11,82.5,12.5,3.75,22.75,1301865.0,-4645350.0,3577,59.031088730162004,22.22170355879333,17.778764879696592
1995-06-20,91,1995-06-20,71.4615384615385,20.1538461538462,7.30769230769231,23.0,1301841.92307692,-4645321.15384615,3577,61.4730586302375,18.031234478154335,19.534666893990615
1995-07-22,92,1995-07-22,72.5,20.0,6.5,24.0,1301855.0,-4645330.0,3577,62.15859450537226,15.9864505555644,20.821197065747914
1995-07-29,93,1995-07-29,35.5652173913044,4.30434782608696,59.3478260869565,12.8695652173913,1301835.0,-4645329.7826087,3577,61.71473418566528,17.15496800468123,19.962441028910902
1995-08-07,94,1995-08-07,60.8,30.0,7.75,23.2,1301836.5,-4645332.0,3577,57.50144731670065,22.725285447134176,18.520468430105755
1995-08-23,95,1995-08-23,43.25,34.1875,21.1875,15.4375,1301836.875,-4645314.375,3577,47.60172652090955,33.20728054874599,17.90584778395855
1995-10-10,96,1995-10-10,54.6086956521739,40.0,3.95652173913043,20.9130434782609,1301835.0,-4645329.7826087,3577,47.65561914519806,37.28423929998605,13.726069234209003
1995-10-17,97,1995-10-17,54.9130434782609,39.3913043478261,4.26086956521739,20.6086956521739,1301835.0,-4645329.7826087,3577,51.20273425254823,40.066798560163136,7.239015241723141
1995-11-27,98,1995-11-27,54.6086956521739,40.4782608695652,3.65217391304348,17.0434782608696,1301835.0,-4645329.7826087,3577,55.04240084826547,40.928758146820186,2.57559249952887
1995-12-13,99,1995-12-13,50.695652173913,41.4347826086956,6.39130434782609,19.5652173913043,1301835.0,-4645329.7826087,3577,57.554490520728734,40.04254728111876,1.0288301721710702
1996-02-15,100,1996-02-15,56.0,36.2608695652174,6.26086956521739,17.8260869565217,1301835.0,-4645329.7826087,3577,54.75593834632835,37.645664354576624,6.205839265757848
1996-03-02,101,1996-03-02,60.5454545454545,34.4090909090909,3.63636363636364,21.7727272727273,1301837.72727273,-4645332.27272727,3577,56.79335598045665,37.32241019635222,4.4623594720474955
1996-04-03,102,1996-04-03,61.125,31.0,6.375,24.0,1301836.875,-4645340.625,3577,56.57033131303292,33.753274509263015,8.219845612083182
1996-04-19,103,1996-04-19,57.0,39.0,3.0,25.0,1301805.0,-4645395.0,3577,60.54834615358648,33.285556803902814,4.653573252821204
1996-06-06,104,1996-06-06,50.0,38.5,9.5,25.0,1301850.0,-4645365.0,3577,61.31325996962508,32.472351188925394,4.711031120337005
1996-07-08,105,1996-07-08,64.6428571428571,26.1428571428571,7.64285714285714,23.7142857142857,1301826.42857143,-4645332.85714286,3577,61.03952779283337,31.693832365637427,5.835799985449134
1996-07-24,106,1996-07-24,70.0,24.0,5.0,25.0,1301865.0,-4645365.0,3577,58.41545180824494,31.00293581771109,9.272331669540533
1996-08-09,107,1996-08-09,59.2,34.8,4.4,24.8,1301841.0,-4645335.0,3577,58.6612411313192,32.856120911658465,7.156440463560132
1996-08-25,108,1996-08-25,53.75,43.875,1.375,24.625,1301853.75,-4645331.25,3577,57.45527036564677,33.84106439057811,7.466292776410781
1996-09-26,109,1996-09-26,42.5652173913044,24.9130434782609,31.5652173913043,16.5652173913043,1301835.0,-4645329.7826087,3577,55.02494098645185,34.450432374861876,9.38091471726409
1996-10-12,110,1996-10-12,59.1739130434783,37.4347826086956,2.17391304347826,19.1739130434783,1301835.0,-4645329.7826087,3577,51.36916126005414,35.979766834317914,11.632837347063617
1996-10-28,111,1996-10-28,53.0434782608696,41.2173913043478,4.43478260869565,19.695652173913,1301835.0,-4645329.7826087,3577,49.376431718765204,36.94528928131483,12.562751372330181
1996-11-13,112,1996-11-13,56.5,38.7,3.4,19.5,1301838.0,-4645353.0,3577,50.88310260878489,35.141063825790674,12.812650134222444
1996-12-15,113,1996-12-15,39.304347826087,23.5652173913043,36.695652173913,18.6521739130435,1301835.0,-4645329.7826087,3577,50.30360913147214,34.45608861793229,14.057907044494643
1997-01-16,114,1997-01-16,54.3913043478261,38.8260869565217,5.26086956521739,20.5652173913043,1301835.0,-4645329.7826087,3577,53.34181524491673,36.86020302217084,8.455797305398937
1997-02-01,115,1997-02-01,55.4782608695652,38.1304347826087,4.91304347826087,20.2173913043478,1301835.0,-4645329.7826087,3577,54.91548712425534,37.40100492117365,6.32155312717877
1997-02-17,116,1997-02-17,58.1739130434783,35.5217391304348,4.65217391304348,21.2173913043478,1301835.0,-4645329.7826087,3577,54.49978820478748,33.378887971627634,10.757929847778811
1997-03-05,117,1997-03-05,53.0,31.1739130434783,14.5652173913043,13.695652173913,1301835.0,-4645329.7826087,3577,57.40563041077057,30.10348930245506,11.080853266398108
1997-04-06,118,1997-04-06,59.2608695652174,34.3478260869565,5.08695652173913,20.3913043478261,1301835.0,-4645329.7826087,3577,57.85076509840083,27.283060290089473,13.471641681105947
1997-05-08,119,1997-05-08,69.6,22.4,6.6,24.8,1301883.0,-4645341.0,3577,57.24754025755324,25.342537184174272,16.090560358336255
1997-05-24,120,1997-05-24,36.0,13.0,50.0,10.0,1301895.0,-4645275.0,3577,54.2614190224824,24.590075155692688,19.941231537338393
1997-06-25,121,1997-06-25,57.2608695652174,27.3478260869565,14.0434782608696,15.8260869565217,1301835.0,-4645329.7826087,3577,52.80270661495475,29.393175978681064,16.562484644845213
1997-08-12,122,1997-08-12,58.75,38.25,1.625,24.25,1301805.0,-4645342.5,3577,52.391170804778525,33.33259392153091,13.009633347984494
1998-01-03,123,1998-01-03,46.2608695652174,45.9565217391304,6.65217391304348,18.5217391304348,1301835.0,-4645329.7826087,3577,51.3936648109744,38.4580338410877,8.847635039836582
1998-02-04,124,1998-02-04,51.3478260869565,43.3478260869565,3.91304347826087,19.6086956521739,1301835.0,-4645329.7826087,3577,50.49892089334058,42.331300260732604,5.902870625133845
1998-03-08,125,1998-03-08,51.3478260869565,42.4782608695652,4.8695652173913,20.2173913043478,1301835.0,-4645329.7826087,3577,50.86645336311422,45.16851413717744,2.744492579480054
1998-03-24,126,1998-03-24,50.8695652173913,41.2608695652174,6.8695652173913,21.0434782608696,1301835.0,-4645329.7826087,3577,51.4617786193628,44.4083123282478,2.9465803467851766
1998-05-11,127,1998-05-11,53.2857142857143,38.4285714285714,7.0,23.2142857142857,1301843.57142857,-4645339.28571429,3577,47.80835468878233,42.25145417017852,8.841698263372123
1998-06-12,128,1998-06-12,43.6666666666667,49.0,6.33333333333333,23.3333333333333,1301785.0,-4645315.0,3577,51.933132107710435,42.252297036649324,4.690068154127218
1998-08-15,129,1998-08-15,53.6666666666667,39.5555555555556,5.66666666666667,24.0,1301841.66666667,-4645331.66666667,3577,51.71273103662291,43.276633377683595,3.8168473907295777
1998-10-18,130,1998-10-18,51.0,44.3913043478261,3.39130434782609,20.0,1301835.0,-4645329.7826087,3577,50.7626081012733,42.81729321962901,5.181881249722718
1998-12-21,131,1998-12-21,53.9565217391304,40.7826086956522,3.8695652173913,19.5217391304348,1301835.0,-4645329.7826087,3577,51.32457953496358,40.464044547899064,6.930732927501311
1999-02-07,132,1999-02-07,53.7826086956522,40.0,4.91304347826087,20.8260869565217,1301835.0,-4645329.7826087,3577,52.342383824271295,38.59850207971856,7.785768680100539
1999-03-11,133,1999-03-11,55.5652173913044,36.8695652173913,6.1304347826087,16.7826086956522,1301835.0,-4645329.7826087,3577,53.58071179055707,35.999035782715964,9.159742532335052
1999-04-28,134,1999-04-28,38.2857142857143,31.5714285714286,29.0,13.0,1301873.57142857,-4645356.42857143,3577,54.10572516279072,34.09221639400158,10.541887690089101
1999-07-01,135,1999-07-01,67.3333333333333,29.3333333333333,2.33333333333333,23.0,1301831.66666667,-4645328.33333333,3577,54.521622811155666,34.20810663588453,10.032600862589938
1999-09-19,136,1999-09-19,55.3913043478261,38.6521739130435,4.69565217391304,21.8695652173913,1301835.0,-4645329.7826087,3577,55.60911493943373,33.947566948234915,9.174240082167103
1999-09-26,137,1999-09-26,56.1739130434783,38.1304347826087,4.21739130434783,20.7391304347826,1301835.0,-4645329.7826087,3577,55.85934579620648,35.25259502914112,7.583845418276914
1999-11-14,138,1999-11-14,53.695652173913,33.1304347826087,11.7391304347826,14.4782608695652,1301835.0,-4645329.7826087,3577,56.00518546378525,36.84182748645789,5.797443548957016
1999-11-29,139,1999-11-29,54.304347826087,40.3913043478261,4.0,20.8260869565217,1301835.0,-4645329.7826087,3577,55.07068593506894,38.684882807992544,4.840686874035186
1999-11-30,140,1999-11-30,56.6086956521739,38.9130434782609,3.0,20.4347826086957,1301835.0,-4645329.7826087,3577,53.3925223383348,40.1479651389068,5.034526904646623
1999-12-08,141,1999-12-08,49.2857142857143,39.8571428571429,9.57142857142857,13.5714285714286,1301856.42857143,-4645356.42857143,3577,51.93775451843562,40.935367897452934,5.81781236441938
1999-12-16,142,1999-12-16,55.0,40.7826086956522,2.95652173913043,19.8260869565217,1301835.0,-4645329.7826087,3577,53.58227359809041,38.85121965125424,6.2665153698089515
2000-02-02,143,2000-02-02,52.3478260869565,42.2173913043478,4.04347826086957,19.8260869565217,1301835.0,-4645329.7826087,3577,55.61725891048489,40.85745643170326,2.1592719267537666
2000-04-06,144,2000-04-06,54.5217391304348,39.2173913043478,4.95652173913043,21.7826086956522,1301835.0,-4645329.7826087,3577,55.274894727689684,40.333300247330435,3.00403404308663
2000-04-22,145,2000-04-22,57.1739130434783,38.1739130434783,3.43478260869565,22.4347826086957,1301835.0,-4645329.7826087,3577,53.69493040890644,38.689795229666956,6.270791397321622
2000-05-08,146,2000-05-08,55.9375,35.375,7.25,24.1875,1301842.5,-4645344.375,3577,52.00152283272553,38.091079838180086,8.65846381038404
2000-05-24,147,2000-05-24,47.75,36.75,13.875,24.75,1301827.5,-4645320.0,3577,50.26382742811694,36.67064859019823,11.9154683484488
2000-07-27,148,2000-07-27,51.3333333333333,48.0,0.0,24.6666666666667,1301865.0,-4645335.0,3577,47.20117241301915,35.92915849673945,15.817144282662
2000-09-29,149,2000-09-29,32.375,22.125,44.75,12.25,1301827.5,-4645331.25,3577,47.833166325788966,36.04751189433898,15.091892873438393
2000-10-15,150,2000-10-15,55.7391304347826,40.2608695652174,2.91304347826087,20.304347826087,1301835.0,-4645329.7826087,3577,48.036853885899745,37.074423992591186,13.830396264366508
2000-10-31,151,2000-10-31,51.0434782608696,38.3913043478261,9.39130434782609,15.8695652173913,1301835.0,-4645329.7826087,3577,48.01939800300596,37.67659875157682,13.186867336139022
2000-12-18,152,2000-12-18,50.695652173913,37.695652173913,10.2608695652174,13.4782608695652,1301835.0,-4645329.7826087,3577,48.75003853804992,37.785104330559754,12.332320900647478
2001-01-03,153,2001-01-03,52.2173913043478,41.6521739130435,4.69565217391304,18.9130434782609,1301835.0,-4645329.7826087,3577,53.49856266822461,39.32213740564193,5.812954088488605
2001-02-04,154,2001-02-04,55.0,40.0,3.69565217391304,20.5652173913043,1301835.0,-4645329.7826087,3577,55.96854574334202,42.4258524806023,0.11880754180913033
2001-02-20,155,2001-02-20,42.1578947368421,38.3157894736842,18.3157894736842,11.5263157894737,1301825.52631579,-4645322.36842105,3577,53.67304718694598,40.68639272601703,4.275644355281922
2001-03-24,156,2001-03-24,54.9,36.05,7.75,23.4,1301827.5,-4645333.5,3577,47.44939539004268,34.716588042131484,16.598074055372752
2001-04-09,157,2001-04-09,59.5,36.8181818181818,2.36363636363636,23.5909090909091,1301837.72727273,-4645332.27272727,3577,44.80285747751661,31.084349545119725,22.990078914192043
2001-05-11,158,2001-05-11,46.1538461538462,32.6153846153846,19.7692307692308,15.3076923076923,1301841.92307692,-4645300.38461538,3577,41.60310036092402,26.7525828453947,30.63440511801184
2001-07-14,159,2001-07-14,17.1578947368421,14.6315789473684,68.0526315789474,9.36842105263158,1301835.0,-4645330.26315789,3577,40.64512941347796,24.261147462811756,34.14264662902121
2001-08-31,160,2001-08-31,35.3684210526316,11.4210526315789,52.2105263157895,15.1052631578947,1301833.42105263,-4645330.26315789,3577,42.34072150979691,24.09123227152374,32.581198692936894
2001-09-16,161,2001-09-16,56.8260869565217,38.695652173913,3.26086956521739,22.2608695652174,1301835.0,-4645329.7826087,3577,45.723376195455586,26.124713244134522,27.118346403510436
2001-10-02,162,2001-10-02,57.0,30.0,11.7727272727273,14.1818181818182,1301837.72727273,-4645332.27272727,3577,48.8101314551222,29.90945083099228,20.11583458326899
2001-11-03,163,2001-11-03,55.8695652173913,35.4347826086956,7.39130434782609,15.8695652173913,1301835.0,-4645329.7826087,3577,55.807792375871415,34.442395853488485,8.477749451047975
2002-02-23,164,2002-02-23,57.9411764705882,37.2352941176471,3.35294117647059,19.4705882352941,1301833.23529412,-4645324.41176471,3577,60.77389713301146,37.218566943363975,0.5897022341764688
2002-03-11,165,2002-03-11,57.4782608695652,36.6521739130435,4.39130434782609,22.8260869565217,1301835.0,-4645329.7826087,3577,61.55817247283681,38.15465365461989,0.0
2002-03-27,166,2002-03-27,57.0476190476191,37.5714285714286,4.09523809523809,18.952380952381,1301833.57142857,-4645329.28571429,3577,58.1708713848413,35.39596547400127,5.013977642025816
2002-04-28,167,2002-04-28,59.7391304347826,32.7826086956522,5.95652173913043,23.1304347826087,1301835.0,-4645329.7826087,3577,56.70611262099518,33.34305582441651,8.493004883588341
2002-05-14,168,2002-05-14,61.0625,31.375,6.25,23.8125,1301831.25,-4645342.5,3577,55.950702918183374,33.522265866685146,9.109909058407403
2002-08-02,169,2002-08-02,51.8571428571429,31.7857142857143,14.6428571428571,24.5,1301820.0,-4645324.28571429,3577,58.074967065968906,33.438806637483495,7.0972886597554234
2002-09-19,170,2002-09-19,55.8695652173913,39.0,3.95652173913043,21.8260869565217,1301835.0,-4645329.7826087,3577,55.87238029601184,34.88222962534161,7.913888619238284
2002-10-05,171,2002-10-05,50.4166666666667,33.25,15.1666666666667,11.75,1301847.5,-4645360.0,3577,53.36784529810515,36.75533488883146,8.57450020866808
2002-11-22,172,2002-11-22,52.6521739130435,39.1739130434783,6.82608695652174,17.9130434782609,1301835.0,-4645329.7826087,3577,49.640486653039815,37.59790493864168,11.533148980734419
2003-01-09,173,2003-01-09,56.1304347826087,39.7391304347826,2.95652173913043,21.0869565217391,1301835.0,-4645329.7826087,3577,47.82370893722726,39.88841119935037,11.064449448786204
2003-02-10,174,2003-02-10,47.4782608695652,43.8695652173913,7.26086956521739,17.6086956521739,1301835.0,-4645329.7826087,3577,45.878806989248744,40.632992323692214,12.183255012198424
2003-03-14,175,2003-03-14,23.75,33.75,41.375,19.875,1301808.75,-4645342.5,3577,44.53183911321884,38.2965787414558,15.856722709549855
2003-03-30,176,2003-03-30,56.1818181818182,37.8636363636364,4.5,22.0,1301837.72727273,-4645332.27272727,3577,44.85021928107322,36.99494035620333,16.760132054888107
2003-04-15,177,2003-04-15,47.3181818181818,36.7272727272727,14.5909090909091,14.7727272727273,1301837.72727273,-4645332.27272727,3577,47.458311959736605,35.37917533462716,15.838342806413962
2003-05-01,178,2003-05-01,52.5652173913044,38.1739130434783,7.69565217391304,17.6521739130435,1301835.0,-4645329.7826087,3577,48.9228333820155,32.911112739317915,16.894073123914644
2003-07-12,179,2003-07-12,45.0,23.4,30.6,12.2,1301823.0,-4645335.0,3577,50.76057592781526,32.225058754674365,15.787225515399289
2003-07-28,180,2003-07-28,58.0,31.0,10.0,25.0,1301865.0,-4645365.0,3577,52.746062479589625,32.37067107258072,13.704932860979284
2003-08-05,181,2003-08-05,54.3333333333333,41.8333333333333,2.5,24.8333333333333,1301830.0,-4645345.0,3577,52.062885806248595,33.81760900740069,12.954545521780087
2003-08-13,182,2003-08-13,45.0,29.0,25.0,15.0,1301790.0,-4645380.0,3577,48.57384383066014,35.286600590453894,15.029953602262816
2003-09-14,183,2003-09-14,48.2857142857143,38.3571428571429,11.9285714285714,17.1428571428571,1301824.28571429,-4645335.0,3577,54.538751410834976,35.44297831246575,8.728801666249229
2003-10-16,184,2003-10-16,57.4782608695652,38.695652173913,2.52173913043478,20.1739130434783,1301835.0,-4645329.7826087,3577,54.36208125238346,36.801642313626196,7.43035903078141
2003-11-01,185,2003-11-01,57.1739130434783,38.0,3.43478260869565,19.695652173913,1301835.0,-4645329.7826087,3577,54.936626394123614,37.68366041563549,5.9547619390689
2003-11-09,186,2003-11-09,54.1739130434783,38.0434782608696,6.39130434782609,19.2608695652174,1301835.0,-4645329.7826087,3577,56.34356109528446,39.731228472071805,2.5451888368624562
2003-12-27,187,2003-12-27,58.2307692307692,36.5384615384615,3.69230769230769,21.3846153846154,1301841.92307692,-4645300.38461538,3577,54.61248588983672,41.49307615702203,2.5475170273255077
2004-01-04,188,2004-01-04,56.8260869565217,38.2608695652174,3.39130434782609,20.3913043478261,1301835.0,-4645329.7826087,3577,49.36342419086536,42.27038909159279,7.084856666676333
2004-01-12,189,2004-01-12,26.5,54.5,18.5,9.0,1301790.0,-4645275.0,3577,43.13106061487535,40.4412956850485,15.267678319287702
2004-01-20,190,2004-01-20,55.3478260869565,38.8695652173913,4.52173913043478,20.3913043478261,1301835.0,-4645329.7826087,3577,40.131569941109674,39.58005156534235,19.176635843660318
2004-02-05,191,2004-02-05,35.8333333333333,38.8333333333333,23.8333333333333,20.3333333333333,1301845.0,-4645290.0,3577,39.49044213497374,37.62664760678217,21.698324425984076
2004-02-21,192,2004-02-21,27.0,21.5,50.5,17.5,1301880.0,-4645335.0,3577,41.16334352347229,38.19701280372439,19.53584807665002
2004-02-29,193,2004-02-29,58.0434782608696,38.1304347826087,2.65217391304348,22.0434782608696,1301835.0,-4645329.7826087,3577,50.766460673359695,29.51001017871622,18.35409759682481
2004-04-09,194,2004-04-09,58.5217391304348,36.3478260869565,3.60869565217391,22.6521739130435,1301835.0,-4645329.7826087,3577,59.29204300724419,29.486407827036412,9.680553667581709
2004-04-17,195,2004-04-17,59.9444444444444,34.3888888888889,4.11111111111111,24.2777777777778,1301836.66666667,-4645338.33333333,3577,59.359902005321366,33.84004923505866,5.285188998884694
2004-04-25,196,2004-04-25,58.5909090909091,34.5,5.40909090909091,22.8181818181818,1301837.72727273,-4645332.27272727,3577,54.113913141639856,40.891222648748816,3.7224934051254053
2004-06-04,197,2004-06-04,63.3333333333333,35.6666666666667,0.0,24.3333333333333,1301855.0,-4645335.0,3577,50.023588275836104,44.739733947894415,4.11349801841773
2004-06-20,198,2004-06-20,46.0,34.8,17.2,20.8,1301817.0,-4645383.0,3577,42.804782352548294,46.135733456928406,9.979574179166898
2004-06-28,199,2004-06-28,6.25,93.3125,0.9375,5.375,1301827.5,-4645310.625,3577,37.27687895377984,43.62370703258841,18.177784126570565
2004-07-14,200,2004-07-14,35.2777777777778,23.3333333333333,40.4444444444444,21.9444444444444,1301841.66666667,-4645320.0,3577,40.95746197083691,45.02722225952391,13.046767574914103
2004-08-07,201,2004-08-07,62.3333333333333,32.5833333333333,3.75,24.75,1301850.0,-4645340.0,3577,45.08615354679887,42.51457523677062,11.374296727760456
2004-08-15,202,2004-08-15,53.0,33.5,12.0,24.0,1301835.0,-4645350.0,3577,48.846569394943245,39.44079650110923,10.676823136627084
2004-08-31,203,2004-08-31,60.3157894736842,36.2631578947368,2.10526315789474,23.6842105263158,1301841.31578947,-4645328.68421053,3577,55.08239008638641,33.63232715768565,10.186004784618666
2004-09-24,204,2004-09-24,52.8260869565217,43.3478260869565,3.21739130434783,19.5652173913043,1301835.0,-4645329.7826087,3577,57.851248519922684,31.62725059755913,9.409402750692326
2004-10-18,205,2004-10-18,55.0,40.5652173913044,3.17391304347826,21.695652173913,1301835.0,-4645329.7826087,3577,54.4066508219001,33.87468523640273,10.546612871178604
2004-11-11,206,2004-11-11,37.5,24.0,38.0,14.5,1301850.0,-4645395.0,3577,46.69557228761744,42.36046812928252,10.035631213796623
2004-11-19,207,2004-11-19,49.6,41.2,7.9,21.0,1301853.0,-4645296.0,3577,45.64073402916087,40.08409112005441,13.260298910492105
2004-12-05,208,2004-12-05,55.1304347826087,39.695652173913,3.73913043478261,20.7826086956522,1301835.0,-4645329.7826087,3577,47.20288410075237,41.78771359174165,9.887630097370318
2004-12-21,209,2004-12-21,37.0,58.3333333333333,3.66666666666667,25.0,1301855.0,-4645295.0,3577,47.709633060218565,42.72723818772091,8.33151868192941
2004-12-29,210,2004-12-29,55.7894736842105,39.0,3.94736842105263,21.2631578947368,1301831.84210526,-4645341.31578947,3577,50.465133815175165,42.57599437352397,5.670302034328007
2005-01-14,211,2005-01-14,55.1304347826087,39.8260869565217,3.78260869565217,20.9130434782609,1301835.0,-4645329.7826087,3577,56.76657895289219,44.39280730934394,0.0
2005-01-30,212,2005-01-30,56.0869565217391,38.3913043478261,4.08695652173913,21.2173913043478,1301835.0,-4645329.7826087,3577,58.25287739956113,42.10039446694689,0.0
2005-02-23,213,2005-02-23,55.304347826087,40.1739130434783,3.39130434782609,19.2608695652174,1301835.0,-4645329.7826087,3577,54.81300090661516,38.525449350513874,5.404936002278695
2005-03-11,214,2005-03-11,57.7391304347826,38.0,2.8695652173913,20.4782608695652,1301835.0,-4645329.7826087,3577,50.56261089952902,35.916008666488295,12.251106901333321
2005-03-19,215,2005-03-19,56.3478260869565,37.9565217391304,4.34782608695652,21.8695652173913,1301835.0,-4645329.7826087,3577,50.309503229712774,37.19272280167419,11.17186073736443
2005-03-27,216,2005-03-27,45.3478260869565,38.2608695652174,15.1304347826087,13.695652173913,1301835.0,-4645329.7826087,3577,47.529830251893316,36.63777534137378,14.537110805358173
2005-04-28,217,2005-04-28,21.9166666666667,21.6666666666667,55.25,21.6666666666667,1301842.5,-4645350.0,3577,48.2940567096575,30.80613965503997,19.558807140338093
2005-05-06,218,2005-05-06,60.9333333333333,35.7333333333333,2.0,24.1333333333333,1301839.0,-4645335.0,3577,52.42382300948066,26.364910740452927,19.94167280266014
2005-05-30,219,2005-05-30,65.3529411764706,24.2941176470588,8.88235294117647,23.2941176470588,1301835.0,-4645340.29411765,3577,55.341074217991036,22.723646737998827,20.630732104708187
2005-07-17,220,2005-07-17,70.1666666666667,27.3333333333333,1.0,24.5,1301845.0,-4645335.0,3577,56.41432968950082,21.36505694189885,20.9017954838555
2005-07-25,221,2005-07-25,41.0,0.0,58.0,23.0,1301805.0,-4645275.0,3577,58.42548722698176,22.936795959745098,17.228438700410024
2005-08-10,222,2005-08-10,61.8571428571429,33.0,3.71428571428571,24.7142857142857,1301830.71428571,-4645343.57142857,3577,57.140128091437134,26.26840026901196,15.147662411814462
2005-09-03,223,2005-09-03,55.2,36.75,6.7,23.15,1301839.5,-4645332.0,3577,52.62272851000421,30.19860735101112,15.741257489253872
2005-10-05,224,2005-10-05,36.0,34.25,27.75,21.25,1301805.0,-4645290.0,3577,47.729569243167404,32.70800538068228,18.123479007415735
2005-10-13,225,2005-10-13,56.5,38.5,3.81818181818182,23.0909090909091,1301837.72727273,-4645332.27272727,3577,50.24005873058515,36.82377809808908,11.507973293750933
2005-10-29,226,2005-10-29,58.0434782608696,37.0,3.60869565217391,21.8260869565217,1301835.0,-4645329.7826087,3577,52.356283457718305,37.91318267707724,8.357436655796079
2005-11-06,227,2005-11-06,46.3913043478261,31.9130434782609,20.5217391304348,17.0869565217391,1301835.0,-4645329.7826087,3577,54.64480012291823,37.74848691936566,6.264883852466588
2005-11-14,228,2005-11-14,59.0869565217391,36.0,3.52173913043478,21.4782608695652,1301835.0,-4645329.7826087,3577,53.4357910661371,34.200315956603745,11.100315357930043
2005-11-22,229,2005-11-22,58.3478260869565,36.7391304347826,3.56521739130435,22.2173913043478,1301835.0,-4645329.7826087,3577,57.79295588872057,37.02810043861449,3.874070684105104
2006-01-25,230,2006-01-25,55.7826086956522,38.2173913043478,4.78260869565217,18.5652173913043,1301835.0,-4645329.7826087,3577,58.99152782267354,36.9905541322924,2.629836975647514
2006-02-10,231,2006-02-10,55.6521739130435,37.2173913043478,5.60869565217391,21.6086956521739,1301835.0,-4645329.7826087,3577,57.42989089313046,36.28988385784143,4.762045022448688
2006-02-18,232,2006-02-18,60.0869565217391,36.0434782608696,2.21739130434783,18.9565217391304,1301835.0,-4645329.7826087,3577,57.643548832499604,36.25683099980621,4.657345395913942
2006-02-26,233,2006-02-26,60.8260869565217,35.5652173913044,2.30434782608696,22.1739130434783,1301835.0,-4645329.7826087,3577,58.49702219264027,35.73035065145735,4.426934840554097
2006-04-07,234,2006-04-07,63.3888888888889,34.0555555555556,1.11111111111111,23.6666666666667,1301840.0,-4645325.0,3577,59.03962328513676,32.482635249567224,7.184723316034947
2006-04-15,235,2006-04-15,49.4347826086956,25.0,24.3913043478261,14.304347826087,1301835.0,-4645329.7826087,3577,60.47817952143295,31.74811550871312,6.476038292688883
2006-04-23,236,2006-04-23,60.5,36.5,2.0,24.5,1301820.0,-4645350.0,3577,61.68888340681379,30.149118317323857,6.868637086046173
2006-05-09,237,2006-05-09,67.9411764705882,30.2941176470588,0.588235294117647,24.0588235294118,1301842.05882353,-4645336.76470588,3577,62.82498458213907,29.085943891047506,6.802127623474588
2006-05-25,238,2006-05-25,71.2,26.0,1.2,25.0,1301853.0,-4645341.0,3577,63.42457141722226,28.984440762486265,6.296049208928832
2006-06-02,239,2006-06-02,57.75,26.75,13.875,24.0,1301838.75,-4645361.25,3577,64.40690294201204,29.997302779168614,4.340828226734754
2006-06-10,240,2006-06-10,61.0,38.0,0.0,25.0,1301835.0,-4645335.0,3577,63.59379940714956,30.365534932067042,4.8652811101951805
2006-06-18,241,2006-06-18,68.3888888888889,24.7222222222222,5.88888888888889,23.0555555555556,1301840.0,-4645336.66666667,3577,66.09923698504349,33.55100600060088,0.0
2006-07-12,242,2006-07-12,61.0,38.0,0.0,25.0,1301865.0,-4645335.0,3577,63.2784461655324,34.25331482451877,1.3300194822713887
2006-07-20,243,2006-07-20,60.6363636363636,36.2727272727273,2.0,24.5454545454545,1301843.18181818,-4645324.09090909,3577,61.36661214703746,34.70747249039256,2.764978961649587
2006-09-06,244,2006-09-06,63.2380952380952,33.7619047619048,1.61904761904762,23.3809523809524,1301839.28571429,-4645329.28571429,3577,58.81048818365903,33.35405415374279,6.573840185685271
2006-09-14,245,2006-09-14,58.8,33.0,6.6,23.0,1301859.0,-4645281.0,3577,55.82346777700878,31.990724492689893,10.781804138337728
2006-09-22,246,2006-09-22,56.9130434782609,36.0434782608696,5.52173913043478,22.6086956521739,1301835.0,-4645329.7826087,3577,51.771472400905175,31.07787293511386,15.643752470661557
2006-09-30,247,2006-09-30,29.3333333333333,17.3333333333333,52.0,15.6666666666667,1301855.0,-4645350.0,3577,50.54680939227229,31.91323499789842,16.05621321141339
2006-10-16,248,2006-10-16,57.6086956521739,37.8260869565217,3.1304347826087,20.8260869565217,1301835.0,-4645329.7826087,3577,49.63758947113972,33.49048889370101,15.45390823113031
2006-11-09,249,2006-11-09,51.6086956521739,42.2608695652174,4.8695652173913,20.0,1301835.0,-4645329.7826087,3577,47.40680533626385,38.87717814557992,12.420415094393586
2006-11-17,250,2006-11-17,53.0869565217391,41.1304347826087,4.52173913043478,19.0434782608696,1301835.0,-4645329.7826087,3577,49.86070053246585,40.834722777104595,8.097642717132691
2006-12-03,251,2006-12-03,49.7391304347826,44.1304347826087,4.91304347826087,18.7826086956522,1301835.0,-4645329.7826087,3577,52.78592345868444,43.590824440057375,2.477385180440405
2006-12-11,252,2006-12-11,47.0,51.0,1.0,22.0,1301895.0,-4645365.0,3577,50.74112319232034,48.12836144874731,0.017046031099064773
2007-01-28,253,2007-01-28,43.0,50.2173913043478,5.73913043478261,16.7826086956522,1301835.0,-4645329.7826087,3577,45.82925949179134,51.84549430019109,1.2449858661998374
2007-02-05,254,2007-02-05,50.7826086956522,44.8260869565217,3.26086956521739,19.2173913043478,1301835.0,-4645329.7826087,3577,38.845188060016014,52.94800851321799,7.140001336661998
2007-02-13,255,2007-02-13,46.0869565217391,50.5652173913044,2.17391304347826,18.6086956521739,1301835.0,-4645329.7826087,3577,38.21365900218472,54.769073570115324,5.90070852555621
2007-02-21,256,2007-02-21,19.0,71.0,9.0,8.0,1301865.0,-4645395.0,3577,37.33998495782836,54.48632791356435,7.038764170274761
2007-03-01,257,2007-03-01,30.0,54.6,14.2,19.8,1301829.0,-4645371.0,3577,38.996491730097425,52.857988397380154,7.004103932141651
2007-03-09,258,2007-03-09,52.0434782608696,42.9565217391304,3.82608695652174,21.0869565217391,1301835.0,-4645329.7826087,3577,41.80751567720926,50.15393517506108,6.9367482699010905
2007-03-17,259,2007-03-17,51.8695652173913,44.1304347826087,2.82608695652174,20.304347826087,1301835.0,-4645329.7826087,3577,45.05368161249842,47.61108745877182,6.220751922729727
2007-03-25,260,2007-03-25,50.0434782608696,41.6521739130435,7.21739130434783,22.4347826086957,1301835.0,-4645329.7826087,3577,46.54922167614973,44.30323277475664,8.021146708990443
2007-04-02,261,2007-04-02,47.6521739130435,47.2173913043478,4.1304347826087,19.304347826087,1301835.0,-4645329.7826087,3577,54.35602632660646,41.74854913560709,2.6702194695864163
2007-04-10,262,2007-04-10,50.9130434782609,42.4782608695652,5.34782608695652,21.4782608695652,1301835.0,-4645329.7826087,3577,54.251782609628876,41.468909243933325,3.013487064825965
2007-05-04,263,2007-05-04,49.1739130434783,40.0,9.39130434782609,22.9565217391304,1301835.0,-4645329.7826087,3577,50.51851184216834,41.87214905164204,6.321597032660834
2007-05-12,264,2007-05-12,50.4782608695652,42.7391304347826,5.21739130434783,16.304347826087,1301835.0,-4645329.7826087,3577,48.550812493462395,40.86161812342381,9.263759998245087
2007-06-21,265,2007-06-21,54.1428571428571,38.4285714285714,6.28571428571429,24.1428571428571,1301830.71428571,-4645335.0,3577,48.13094638568411,38.92541130964291,11.582910426494646
2007-06-28,266,2007-06-28,55.3571428571429,37.6428571428571,5.57142857142857,23.0,1301837.14285714,-4645341.42857143,3577,46.23140241998078,37.63698860030239,14.753675408808492
2007-07-07,267,2007-07-07,17.0,34.0,48.0,15.5,1301820.0,-4645350.0,3577,42.69675282913305,36.29752763949287,19.710722504635303
2007-07-14,268,2007-07-14,57.0,38.0,3.5,24.0,1301895.0,-4645350.0,3577,42.693711031637086,39.277976431961676,16.754998579736963
2007-07-23,269,2007-07-23,39.3913043478261,44.8695652173913,14.4347826086957,19.7826086956522,1301835.0,-4645329.7826087,3577,42.15405928970077,39.792397973904286,16.818987130986734
2007-07-31,270,2007-07-31,43.304347826087,33.304347826087,22.1304347826087,17.0,1301835.0,-4645329.7826087,3577,42.163981635928025,39.197463419193035,17.42069883748426
2007-08-31,271,2007-08-31,43.0,42.0,14.0,25.0,1301895.0,-4645365.0,3577,42.4402836123609,39.22343237322033,17.182337516424944
2007-09-01,272,2007-09-01,46.2727272727273,42.5454545454545,10.1363636363636,20.5,1301837.72727273,-4645332.27272727,3577,46.137492283730474,36.94347182123034,15.852096255206995
2007-09-16,273,2007-09-16,51.2777777777778,39.6666666666667,7.77777777777778,23.5,1301841.66666667,-4645336.66666667,3577,47.01112265351827,36.43991440751135,15.517983974631877
2007-09-17,274,2007-09-17,32.1739130434783,21.7391304347826,45.3913043478261,19.3478260869565,1301835.0,-4645329.7826087,3577,44.07283298110968,36.78152238829743,18.144773270402286
2007-10-19,275,2007-10-19,52.2608695652174,42.695652173913,3.8695652173913,20.7391304347826,1301835.0,-4645329.7826087,3577,46.45959693417975,39.39129683158633,13.098214656277527
2008-01-07,276,2008-01-07,49.0,44.8333333333333,5.16666666666667,19.8333333333333,1301820.0,-4645380.0,3577,44.083135291736866,41.2630729413209,13.594249990297223
2008-01-23,277,2008-01-23,50.9444444444444,44.0555555555556,3.72222222222222,19.6666666666667,1301840.0,-4645315.0,3577,47.523983165987104,46.80558774319012,4.475398705778977
2008-02-07,278,2008-02-07,34.0,55.8695652173913,9.04347826086956,10.6086956521739,1301835.0,-4645329.7826087,3577,48.79564359227783,50.066534522140174,0.034234655280555915
2008-02-08,279,2008-02-08,51.6521739130435,44.3478260869565,2.82608695652174,14.6086956521739,1301835.0,-4645329.7826087,3577,47.89259554028658,49.43872474498335,1.569415355288051
2008-02-23,280,2008-02-23,50.6086956521739,45.9130434782609,2.43478260869565,19.4782608695652,1301835.0,-4645329.7826087,3577,47.91747661335718,44.317396267147366,6.628816641098593
2008-02-24,281,2008-02-24,53.8695652173913,41.8695652173913,3.04347826086957,20.304347826087,1301835.0,-4645329.7826087,3577,45.86260076352271,36.85191342062511,16.184042776667223
2008-03-27,282,2008-03-27,53.0,41.5217391304348,4.39130434782609,21.7826086956522,1301835.0,-4645329.7826087,3577,48.3657285080352,32.82748253002844,17.665943189934353
2008-06-15,283,2008-06-15,26.9166666666667,5.91666666666667,66.5833333333333,11.25,1301850.0,-4645325.0,3577,49.95491667139192,29.592256552913057,19.309305415793972
2008-07-01,284,2008-07-01,54.5,34.5,9.0,23.0,1301865.0,-4645275.0,3577,50.743089044030455,28.61424052906329,19.454033812238595
2008-08-02,285,2008-08-02,62.0,35.3333333333333,1.66666666666667,24.5,1301835.0,-4645335.0,3577,50.94447388658501,33.40985745084048,14.48050782057498
2008-09-03,286,2008-09-03,50.0,42.0,7.0,22.75,1301850.0,-4645275.0,3577,51.73298628727255,37.475209434074465,9.653469048561158
2008-10-05,287,2008-10-05,54.9130434782609,40.7826086956522,3.17391304347826,20.7391304347826,1301835.0,-4645329.7826087,3577,51.72134656670835,42.5546540662576,4.5887701554507245
2008-10-20,288,2008-10-20,46.0,45.5,7.375,21.375,1301793.75,-4645308.75,3577,50.19165450020132,46.22175907055414,2.4505484476035466
2008-10-21,289,2008-10-21,46.1304347826087,47.9565217391304,4.78260869565217,20.1304347826087,1301835.0,-4645329.7826087,3577,47.89372903922049,46.24762529083355,4.7155582311154145
2008-11-14,290,2008-11-14,46.3478260869565,47.2173913043478,5.30434782608696,19.4782608695652,1301835.0,-4645329.7826087,3577,43.99319683614294,41.79089146412216,13.049647142056372
2008-11-22,291,2008-11-22,38.8,33.6,26.2,10.2,1301853.0,-4645383.0,3577,44.47564667778518,42.28369450476528,11.912518761701683
2008-11-30,292,2008-11-30,51.5909090909091,42.9545454545455,4.04545454545455,19.3181818181818,1301833.63636364,-4645326.81818182,3577,45.95426656945935,41.91148620587903,10.801077932760803
2008-12-16,293,2008-12-16,44.1111111111111,41.3333333333333,13.3333333333333,13.3333333333333,1301851.66666667,-4645345.0,3577,46.11960834421263,42.3126983048419,10.238435215239868
2009-01-01,294,2009-01-01,51.0434782608696,42.4347826086956,5.08695652173913,18.6086956521739,1301835.0,-4645329.7826087,3577,46.58416159519861,43.218427303792666,8.865594207061815
2009-01-17,295,2009-01-17,43.5217391304348,49.8695652173913,5.39130434782609,14.4782608695652,1301835.0,-4645329.7826087,3577,46.36872692198181,44.79358306739887,7.4972506736145945
2009-02-02,296,2009-02-02,45.5652173913044,46.1739130434783,7.0,18.0869565217391,1301835.0,-4645329.7826087,3577,47.75581427087832,46.53929547529728,4.447188855800638
2009-02-10,297,2009-02-10,51.5652173913044,43.1739130434783,3.91304347826087,19.1304347826087,1301835.0,-4645329.7826087,3577,48.4408479442751,45.56342315916331,4.772537527774521
2009-02-18,298,2009-02-18,45.2272727272727,43.3181818181818,10.3636363636364,15.4545454545455,1301833.63636364,-4645326.81818182,3577,49.02041356782013,43.745316176750116,5.996310635054434
2009-02-26,299,2009-02-26,52.4347826086956,42.9565217391304,3.26086956521739,18.0869565217391,1301835.0,-4645329.7826087,3577,52.470716184969305,40.96465867061209,5.349431070027221
2009-04-07,300,2009-04-07,57.9565217391304,37.8260869565217,3.1304347826087,22.0,1301835.0,-4645329.7826087,3577,53.52733201075924,38.0132248026702,7.294757372433821
2009-05-17,301,2009-05-17,54.0,37.0,8.0,25.0,1301880.0,-4645275.0,3577,54.550810537331714,36.197302067875185,8.106932121657731
2009-06-18,302,2009-06-18,51.3076923076923,32.6923076923077,14.5384615384615,23.3076923076923,1301828.07692308,-4645348.84615385,3577,54.5553322031232,36.1465862848902,8.207695319889533
2009-07-04,303,2009-07-04,58.4444444444444,38.8888888888889,1.72222222222222,23.8333333333333,1301843.33333333,-4645333.33333333,3577,55.0799777510765,35.75130242384335,8.077711224603158
2009-07-20,304,2009-07-20,54.0,30.0,15.0,25.0,1301835.0,-4645335.0,3577,54.869491618046744,36.34760170873818,7.637243139582091
2009-09-30,305,2009-09-30,49.0,45.5217391304348,4.26086956521739,19.8260869565217,1301835.0,-4645329.7826087,3577,53.13722981236709,38.004040683868446,7.655917129153068
2009-12-11,306,2009-12-11,57.9130434782609,38.0,2.78260869565217,20.8260869565217,1301835.0,-4645329.7826087,3577,53.966038797864385,39.24857369633867,5.489513073912171
2009-12-27,307,2009-12-27,56.695652173913,39.0,2.91304347826087,20.6086956521739,1301835.0,-4645329.7826087,3577,55.2343606177045,39.86577969672305,3.5226731266235713
2010-01-12,308,2010-01-12,51.0,39.3636363636364,8.09090909090909,19.1363636363636,1301837.72727273,-4645332.27272727,3577,54.1698622640795,40.66831168072622,3.7461104773413343
2010-01-20,309,2010-01-20,51.7391304347826,42.4347826086956,4.39130434782609,19.304347826087,1301835.0,-4645329.7826087,3577,53.44808517785239,40.5091029246,4.553101274628022
2010-01-28,310,2010-01-28,56.8888888888889,39.5555555555556,2.22222222222222,20.2222222222222,1301835.0,-4645345.0,3577,53.021601751167125,41.095987264821915,4.522513568750611
2010-02-05,311,2010-02-05,55.7826086956522,39.4782608695652,3.39130434782609,19.9565217391304,1301835.0,-4645329.7826087,3577,51.844217214329944,40.35580377049628,6.482100748710056
2010-03-01,312,2010-03-01,46.0,42.7727272727273,9.90909090909091,17.1363636363636,1301832.27272727,-4645332.27272727,3577,50.57962730946227,39.60536075483048,8.550101118303074
2010-03-25,313,2010-03-25,49.2608695652174,40.0869565217391,9.56521739130435,14.5652173913043,1301835.0,-4645329.7826087,3577,53.18983370205824,40.96922270769541,4.554625804320721
2010-04-02,314,2010-04-02,58.2608695652174,37.1304347826087,3.26086956521739,22.2173913043478,1301835.0,-4645329.7826087,3577,56.17806991656941,40.5209308928304,1.989775914540664
2010-04-18,315,2010-04-18,54.0,38.1666666666667,6.66666666666667,19.75,1301842.5,-4645297.5,3577,56.456266682786044,37.185869752761135,5.060322187285482
2010-05-20,316,2010-05-20,59.5,33.6666666666667,5.16666666666667,24.5,1301820.0,-4645305.0,3577,56.33080380923981,32.86858149878499,9.571472133934767
2010-07-23,317,2010-07-23,59.0,35.0,5.0,25.0,1301805.0,-4645335.0,3577,55.14873218034907,29.43307103958717,14.254431272682258
2010-08-24,318,2010-08-24,57.875,35.75,5.125,24.625,1301850.0,-4645320.0,3577,52.13537013500287,28.471953915013707,18.27682298193627
2010-09-09,319,2010-09-09,40.6363636363636,7.18181818181818,51.4545454545455,10.4545454545455,1301865.0,-4645345.90909091,3577,48.989961110542325,29.02057084098466,20.918123906809157
2010-09-25,320,2010-09-25,41.0,31.0,27.0,9.0,1301895.0,-4645365.0,3577,46.90339896644951,30.3882548819605,21.667482727135138
2010-10-19,321,2010-10-19,53.2608695652174,42.5652173913044,2.91304347826087,20.5652173913043,1301835.0,-4645329.7826087,3577,50.66683604220782,34.37596760100499,13.84288204880976
2010-11-04,322,2010-11-04,51.3913043478261,43.8695652173913,3.43478260869565,18.9130434782609,1301835.0,-4645329.7826087,3577,50.99874986275337,37.68079887638731,10.13838050076565
2010-11-28,323,2010-11-28,57.9130434782609,38.0,2.8695652173913,21.5652173913043,1301835.0,-4645329.7826087,3577,56.92503175358364,40.08013648082374,1.6827508259226023
2010-12-22,324,2010-12-22,60.4782608695652,36.5217391304348,1.73913043478261,17.9130434782609,1301835.0,-4645329.7826087,3577,58.53311504306728,41.01964894708933,0.0
2011-01-07,325,2011-01-07,56.0434782608696,41.5652173913044,1.08695652173913,19.4782608695652,1301835.0,-4645329.7826087,3577,56.13734977835972,39.77378695472733,2.847184465150785
2011-01-15,326,2011-01-15,57.5652173913044,38.6521739130435,2.56521739130435,21.7826086956522,1301835.0,-4645329.7826087,3577,49.646710287058255,35.752986830098216,13.4627017976843
2011-01-31,327,2011-01-31,33.6666666666667,29.0,36.3333333333333,11.3333333333333,1301865.0,-4645335.0,3577,45.001075605860926,36.464202374548265,17.459890537960344
2011-03-04,328,2011-03-04,56.2173913043478,40.1304347826087,2.56521739130435,22.4782608695652,1301835.0,-4645329.7826087,3577,42.185930303369155,35.9393254981605,20.753594164615425
2011-03-19,329,2011-03-19,20.3333333333333,37.0,41.6666666666667,18.0,1301875.0,-4645375.0,3577,41.88131955987031,40.67752532834709,16.30791427802895
2011-03-20,330,2011-03-20,52.5217391304348,40.5217391304348,5.60869565217391,16.5217391304348,1301835.0,-4645329.7826087,3577,48.7385181978992,34.49070699335269,15.477004152817745
2011-03-27,331,2011-03-27,56.6,38.2,3.8,20.4,1301781.0,-4645311.0,3577,55.25993422868721,36.58228414195911,6.735858072346749
2011-04-04,332,2011-04-04,59.4782608695652,34.7391304347826,4.43478260869565,23.0869565217391,1301835.0,-4645329.7826087,3577,54.94656370582751,38.00161543781218,5.689952636397541
2011-04-05,333,2011-04-05,55.4545454545455,35.6818181818182,7.36363636363636,22.9545454545455,1301837.72727273,-4645332.27272727,3577,52.297133526206466,38.78069785669643,7.716926457169316
2011-04-21,334,2011-04-21,58.0,41.0,0.0,24.5,1301850.0,-4645395.0,3577,45.12109779560066,37.33001420958835,16.558136603906835
2011-05-23,335,2011-05-23,38.5,15.875,44.5,16.0,1301880.0,-4645331.25,3577,41.04739639472074,37.335376714409364,20.767430556852187
2011-07-26,336,2011-07-26,11.1428571428571,81.0,7.85714285714286,7.0,1301813.57142857,-4645365.0,3577,34.87990930189224,35.81147406815046,28.54754142686265
2011-08-27,337,2011-08-27,30.85,7.2,61.3,17.2,1301830.5,-4645338.0,3577,36.42437880710504,34.18234609404328,28.550406181633328
2011-09-19,338,2011-09-19,59.4090909090909,35.0909090909091,4.04545454545455,23.7272727272727,1301837.72727273,-4645332.27272727,3577,42.58329046899304,33.40441133988799,23.024266357606447
2011-09-20,339,2011-09-20,51.5,28.4285714285714,18.7142857142857,13.7857142857143,1301839.28571429,-4645356.42857143,3577,50.07147372994835,33.8985730660214,14.746897346951435
2011-11-15,340,2011-11-15,59.8695652173913,36.0434782608696,2.60869565217391,22.1739130434783,1301835.0,-4645329.7826087,3577,56.843023314370924,33.82136181925963,7.914050058654169
2011-12-01,341,2011-12-01,57.0434782608696,32.8260869565217,8.78260869565217,16.1304347826087,1301835.0,-4645329.7826087,3577,59.97876752463834,32.824794003333864,5.734775558634513
2012-01-18,342,2012-01-18,58.2173913043478,36.9565217391304,3.34782608695652,21.5652173913043,1301835.0,-4645329.7826087,3577,59.605750481841994,29.07664946552989,9.93474190815542
2012-02-03,343,2012-02-03,60.6086956521739,35.1739130434783,3.04347826086957,21.8695652173913,1301835.0,-4645329.7826087,3577,55.54365226911173,31.941088054490198,11.376493677272709
2012-04-23,344,2012-04-23,44.7391304347826,21.9130434782609,32.2608695652174,15.695652173913,1301835.0,-4645329.7826087,3577,54.517553351203844,24.70651404053916,19.69782452034143
2012-05-25,345,2012-05-25,56.5,16.0,27.0,16.6666666666667,1301840.0,-4645350.0,3577,56.88027358291686,25.856213558053824,16.165236141340884
2012-06-26,346,2012-06-26,58.9130434782609,25.3478260869565,14.1739130434783,21.304347826087,1301835.0,-4645329.7826087,3577,55.85656428642537,26.90287737568262,16.212085397437676
2012-07-28,347,2012-07-28,66.3,31.5,1.2,24.0,1301853.0,-4645335.0,3577,57.99950364616344,29.75285805861482,11.15113686958992
2012-08-29,348,2012-08-29,50.0,40.3333333333333,8.33333333333333,20.0,1301835.0,-4645395.0,3577,58.37834812918071,32.51598755710531,7.952620314579019
2012-09-14,349,2012-09-14,58.2173913043478,37.6521739130435,2.95652173913043,22.2608695652174,1301835.0,-4645329.7826087,3577,57.409777125544565,36.21766428482806,5.136381050635226
2012-10-16,350,2012-10-16,59.0,37.0,3.0,22.25,1301850.0,-4645275.0,3577,57.0576591264351,37.65142604063834,4.0332904408816965
2012-11-01,351,2012-11-01,50.6521739130435,32.2608695652174,15.8260869565217,16.8695652173913,1301835.0,-4645329.7826087,3577,52.83245446166988,36.89503790506067,9.010925181067847
2012-12-03,352,2012-12-03,59.3913043478261,34.0,4.95652173913043,20.4782608695652,1301835.0,-4645329.7826087,3577,53.554003258814205,36.47840536095478,8.730849524683176
2013-01-04,353,2013-01-04,44.0,39.0,16.0,13.0,1301805.0,-4645395.0,3577,53.02653695072475,37.13994617577319,8.496403340903345
2013-01-20,354,2013-01-20,54.6086956521739,39.5217391304348,4.47826086956522,19.7826086956522,1301835.0,-4645329.7826087,3577,52.58408081351163,37.84110692331288,8.253349658820223
2013-02-05,355,2013-02-05,56.2173913043478,38.2608695652174,4.21739130434783,21.4782608695652,1301835.0,-4645329.7826087,3577,49.99504422753776,39.350437757148796,9.2992181462352
2013-02-21,356,2013-02-21,46.7391304347826,43.1304347826087,8.78260869565217,15.6521739130435,1301835.0,-4645329.7826087,3577,52.03617347849184,38.70731169672881,7.9874631315881555
2013-03-09,357,2013-03-09,59.304347826087,37.4347826086956,2.0,18.0,1301835.0,-4645329.7826087,3577,51.627162011856754,39.207082411661766,8.029284352417921
2013-03-25,358,2013-03-25,40.8,33.6,24.4,11.6,1301799.0,-4645293.0,3577,52.10808484620651,37.66268298998127,9.03229468822341
2013-04-01,359,2013-04-01,58.4090909090909,36.7272727272727,3.63636363636364,23.0909090909091,1301836.36363636,-4645332.27272727,3577,56.95812374283483,36.68860181106171,4.915487419017077
2013-04-10,360,2013-04-10,58.75,37.3333333333333,2.66666666666667,24.4166666666667,1301840.0,-4645335.0,3577,55.59049197557771,36.21172159663889,6.780856849802476
2013-04-17,361,2013-04-17,60.1,33.95,4.55,23.15,1301835.0,-4645320.0,3577,56.025746466841134,33.30292076663413,9.148089831648596
2013-05-19,362,2013-05-19,49.0,36.5,12.5,24.5,1301820.0,-4645365.0,3577,56.12710512428221,30.16634002426023,12.186569784644911
2013-05-20,363,2013-05-20,67.8,22.0,8.2,24.8,1301865.0,-4645335.0,3577,54.983617939014216,28.571196275788864,14.947927309373451
2013-06-20,364,2013-06-20,48.75,29.75,20.5,13.5,1301820.0,-4645275.0,3577,55.51708261675127,26.704791581487015,16.332859879532624
2013-06-29,365,2013-06-29,38.1111111111111,22.0,39.2222222222222,16.8888888888889,1301840.0,-4645315.0,3577,54.19919067037655,25.918297725064615,18.442629045769365
2013-07-07,366,2013-07-07,71.4,23.6,3.0,25.0,1301847.0,-4645347.0,3577,56.20756306554363,27.91376667259275,14.500171899261126
2013-09-01,367,2013-09-01,58.6666666666667,37.7222222222222,2.44444444444444,24.1111111111111,1301841.66666667,-4645333.33333333,3577,57.532746205641104,31.052828287007237,10.062705290998307
2013-10-11,368,2013-10-11,57.6086956521739,35.0,5.65217391304348,18.695652173913,1301835.0,-4645329.7826087,3577,59.70288856757881,33.732065417415065,5.3342088528714005
2013-10-27,369,2013-10-27,60.3913043478261,33.0869565217391,4.95652173913043,19.2173913043478,1301835.0,-4645329.7826087,3577,59.0123576226261,36.06151434825685,3.14033675751222
2013-11-04,370,2013-11-04,58.2608695652174,37.304347826087,2.95652173913043,22.3478260869565,1301835.0,-4645329.7826087,3577,60.673205647486526,35.8518325200867,1.6444157239685808
2013-12-06,371,2013-12-06,59.6086956521739,36.5652173913044,2.56521739130435,23.0869565217391,1301835.0,-4645329.7826087,3577,59.59884478527417,34.94461679344052,3.8646007900948955
2013-12-14,372,2013-12-14,60.6086956521739,30.304347826087,7.21739130434783,19.8260869565217,1301835.0,-4645329.7826087,3577,59.38278805144252,31.808636264345644,7.499502337299032
2013-12-30,373,2013-12-30,61.8695652173913,30.304347826087,6.08695652173913,22.0869565217391,1301835.0,-4645329.7826087,3577,65.20278095394903,31.076555602900427,2.5319997489531962
2014-01-15,374,2014-01-15,59.3478260869565,31.8260869565217,7.04347826086957,17.8260869565217,1301835.0,-4645329.7826087,3577,64.55974608241782,31.39258309778773,3.0530799348266866
2014-01-23,375,2014-01-23,72.3913043478261,29.5217391304348,0.0,5.04347826086957,1301835.0,-4645329.7826087,3577,61.367961288937444,31.88927148366031,5.8338220871864115
2014-01-31,376,2014-01-31,61.304347826087,31.0,5.65217391304348,21.6521739130435,1301835.0,-4645329.7826087,3577,58.06948941487043,32.259572807050816,8.832607135762373
2014-02-08,377,2014-02-08,55.5217391304348,37.2173913043478,5.8695652173913,19.1304347826087,1301835.0,-4645329.7826087,3577,56.2150467515978,32.617217437289284,10.117907560199777
2014-02-24,378,2014-02-24,50.4782608695652,35.2608695652174,12.7826086956522,15.8695652173913,1301835.0,-4645329.7826087,3577,54.15715916872733,32.74056371680058,11.852014118602753
2014-03-04,379,2014-03-04,38.9285714285714,25.8571428571429,33.8571428571429,8.57142857142857,1301822.14285714,-4645309.28571429,3577,53.400465891169986,31.61867408626258,13.459050865227358
2014-03-12,380,2014-03-12,63.5,31.75,3.25,24.5,1301850.0,-4645275.0,3577,56.32272983443227,27.985891279264415,13.841463187503663
2014-05-07,381,2014-05-07,69.7,23.5,4.7,24.6,1301847.0,-4645335.0,3577,59.36584832584751,26.197662244871964,12.510968113860311
2014-05-23,382,2014-05-23,63.8,26.8,7.4,25.0,1301847.0,-4645347.0,3577,64.64241583784298,24.68247075533691,9.034277180170292
2014-07-02,383,2014-07-02,58.9565217391304,26.2608695652174,13.695652173913,17.2608695652174,1301835.0,-4645329.7826087,3577,66.70015726633386,24.52269789706495,6.934688941425006
2014-07-10,384,2014-07-10,72.5,21.5,3.75,24.75,1301865.0,-4645350.0,3577,68.4463219061986,28.441610863668817,1.3925248148896463
2014-08-11,385,2014-08-11,67.6666666666667,27.6666666666667,2.66666666666667,25.0,1301865.0,-4645345.0,3577,66.67239681392677,30.283034695366972,1.3759372498096956
2014-08-19,386,2014-08-19,57.0,42.0,0.0,25.0,1301895.0,-4645365.0,3577,62.10508512888795,31.652552690271747,4.669965833062456
2014-08-26,387,2014-08-26,67.9,28.25,2.15,22.1,1301835.0,-4645320.0,3577,62.310123685252364,31.778327639959706,4.33683732025975
2014-09-20,388,2014-09-20,59.6,35.1,3.9,22.7,1301826.0,-4645368.0,3577,60.83850621939633,30.848693804060026,6.634522681069014
2014-09-28,389,2014-09-28,59.5652173913044,32.695652173913,5.82608695652174,22.6086956521739,1301835.0,-4645329.7826087,3577,57.227425219811366,31.85294917761798,9.286902255099825
2014-10-14,390,2014-10-14,48.6666666666667,19.3333333333333,30.1666666666667,11.9166666666667,1301817.5,-4645302.5,3577,57.22113129387819,30.947343554722146,10.240646810001856
2014-10-22,391,2014-10-22,60.0,36.7391304347826,1.82608695652174,21.7826086956522,1301835.0,-4645329.7826087,3577,57.474656272063235,31.88988335888519,8.983323402490191
2014-11-15,392,2014-11-15,60.7826086956522,33.1739130434783,4.34782608695652,18.4782608695652,1301835.0,-4645329.7826087,3577,55.465879886695404,34.90502514714538,8.019463838085612
2015-01-02,393,2015-01-02,47.0869565217391,46.6521739130435,5.0,17.5217391304348,1301835.0,-4645329.7826087,3577,52.076042071619156,39.892361896185534,6.6206195025407135
2015-01-10,394,2015-01-10,56.1304347826087,40.8695652173913,1.78260869565217,19.304347826087,1301835.0,-4645329.7826087,3577,50.1893983535693,43.25809622467344,5.236293170600811
2015-01-18,395,2015-01-18,53.695652173913,39.1304347826087,5.52173913043478,20.9130434782609,1301835.0,-4645329.7826087,3577,47.19776745604671,44.86449940555477,6.681063959840229
2015-01-25,396,2015-01-25,32.0,53.0,14.0,16.0,1301775.0,-4645275.0,3577,49.40993020735124,44.742672100606555,4.529616206566251
2015-02-03,397,2015-02-03,49.8181818181818,40.0,8.77272727272727,15.5909090909091,1301837.72727273,-4645332.27272727,3577,48.856655958507005,43.12316194584007,6.644546434725013
2015-02-11,398,2015-02-11,51.3913043478261,42.9130434782609,4.56521739130435,19.9565217391304,1301835.0,-4645329.7826087,3577,49.1838237574136,42.10634982830087,7.435286899719435
2015-04-08,399,2015-04-08,55.7826086956522,36.4347826086956,6.21739130434783,22.4782608695652,1301835.0,-4645329.7826087,3577,48.05930933273113,38.7483744945076,11.889292275367051
2015-05-02,400,2015-05-02,56.2,33.65,8.7,23.95,1301839.5,-4645332.0,3577,50.60728631112468,38.42941005299854,9.688010818737583
2015-05-09,401,2015-05-09,51.0,43.0,5.0,24.0,1301850.0,-4645305.0,3577,52.55984173770419,33.88191299377731,12.37488320114381
2015-05-25,402,2015-05-25,28.5,29.0,41.5,14.0,1301880.0,-4645275.0,3577,51.97052556104207,29.791416624276508,17.042429571933457
2015-06-03,403,2015-06-03,58.5789473684211,24.2631578947368,16.1052631578947,23.3157894736842,1301836.57894737,-4645335.0,3577,49.15599010600809,27.538998612137128,22.129763481724318
2015-06-11,404,2015-06-11,61.2727272727273,28.9090909090909,8.09090909090909,24.2727272727273,1301843.18181818,-4645337.72727273,3577,49.33064735797517,25.502590883637872,24.002562412166586
2015-06-26,405,2015-06-26,57.8333333333333,26.3333333333333,15.0,24.5,1301840.0,-4645325.0,3577,48.969270097171005,26.478120267946753,23.31896273219536
2015-06-27,406,2015-06-27,29.3913043478261,15.8695652173913,53.5217391304348,13.0869565217391,1301835.0,-4645329.7826087,3577,50.204286991522174,27.791728892153607,20.73221711599354
2015-07-12,407,2015-07-12,53.5714285714286,40.0,4.71428571428571,21.0,1301830.71428571,-4645292.14285714,3577,50.907732044434894,30.93968656394587,16.813083837638526
2015-08-06,408,2015-08-06,51.0833333333333,38.1666666666667,9.66666666666667,24.0,1301847.5,-4645335.0,3577,49.38949375443809,36.74903955209251,12.549320439366817
2015-08-22,409,2015-08-22,50.0869565217391,42.304347826087,6.43478260869565,18.5652173913043,1301835.0,-4645329.7826087,3577,47.43065097437011,39.84208264689214,11.388664509040987
2015-09-15,410,2015-09-15,52.1739130434783,39.0434782608696,7.1304347826087,22.6086956521739,1301835.0,-4645329.7826087,3577,50.53385315436901,42.43915207999847,5.691464694311858
2015-09-23,411,2015-09-23,52.7391304347826,41.6521739130435,4.60869565217391,21.304347826087,1301835.0,-4645329.7826087,3577,50.95207271751133,45.82370873169759,1.8397359359801075
2015-10-01,412,2015-10-01,46.25,48.0,4.0,21.75,1301812.5,-4645335.0,3577,53.51812442503525,42.768531845049885,2.4242957204321156
2015-10-09,413,2015-10-09,49.6,46.0,3.4,20.0,1301817.0,-4645383.0,3577,50.395199806243554,41.85325180943077,6.437530190901148
2015-10-17,414,2015-10-17,52.9565217391304,41.4347826086956,4.26086956521739,20.1304347826087,1301835.0,-4645329.7826087,3577,48.65614602563666,46.56525849525556,3.5495972148275348
2015-12-12,415,2015-12-12,46.0,48.0,5.0,20.0,1301805.0,-4645395.0,3577,44.42871726469124,49.55940608388043,4.944046648599009
2015-12-20,416,2015-12-20,47.0869565217391,47.2173913043478,4.43478260869565,18.2608695652174,1301835.0,-4645329.7826087,3577,43.989065013590675,52.121474904143106,2.8131754502055824
2015-12-28,417,2015-12-28,47.1739130434783,47.7826086956522,4.08695652173913,19.1739130434783,1301835.0,-4645329.7826087,3577,43.556689743148446,52.303173186342775,3.0432281576273525
2016-02-06,418,2016-02-06,21.0,76.0,2.0,22.5,1301835.0,-4645335.0,3577,41.58722039838662,51.48243743176678,5.867084298793609
2016-03-01,419,2016-03-01,49.8695652173913,43.0869565217391,6.08695652173913,21.8260869565217,1301835.0,-4645329.7826087,3577,44.674460674151135,49.97803112779146,4.120384523045774
2016-03-25,420,2016-03-25,56.7826086956522,35.5217391304348,5.91304347826087,21.7391304347826,1301835.0,-4645329.7826087,3577,46.93256728463996,46.0126514621398,5.79914371534961
2016-04-18,421,2016-04-18,54.8260869565217,39.8260869565217,4.0,20.3478260869565,1301835.0,-4645329.7826087,3577,49.52326298011383,39.844876345661206,9.2672818331204
2016-04-26,422,2016-04-26,37.0,36.125,25.875,7.875,1301835.0,-4645376.25,3577,51.17378316482411,34.52187085247883,12.901190606179249
2016-05-12,423,2016-05-12,55.8695652173913,36.0434782608696,6.43478260869565,21.7391304347826,1301835.0,-4645329.7826087,3577,50.49058360761739,31.814940583932323,16.32587301534762
2016-05-20,424,2016-05-20,60.5714285714286,31.3333333333333,6.57142857142857,23.2380952380952,1301833.57142857,-4645323.57142857,3577,49.599764924498416,30.501787476813213,18.496304132591575
2016-06-29,425,2016-06-29,30.4666666666667,27.0666666666667,41.3333333333333,18.1333333333333,1301813.0,-4645321.0,3577,47.078025407080176,33.18979944203909,18.324911229791375
2016-07-15,426,2016-07-15,57.5714285714286,30.8571428571429,10.0,16.5714285714286,1301822.14285714,-4645283.57142857,3577,51.09742751363889,30.968984762729164,16.43845060263426
2016-07-23,427,2016-07-23,51.1304347826087,36.6521739130435,10.7826086956522,19.5217391304348,1301835.0,-4645329.7826087,3577,55.626302564099426,29.935703511524462,12.811670112138412
2016-07-31,428,2016-07-31,54.2608695652174,33.9130434782609,10.1304347826087,17.9130434782609,1301835.0,-4645329.7826087,3577,55.153340361879856,33.865733883907,9.363248529329994
2016-08-16,429,2016-08-16,67.4090909090909,26.3636363636364,4.13636363636364,22.2272727272727,1301837.72727273,-4645332.27272727,3577,54.99997070623949,35.28963363848391,8.116589160113636
2016-08-24,430,2016-08-24,56.6111111111111,38.9444444444444,3.27777777777778,23.4444444444444,1301845.0,-4645330.0,3577,58.52786309576741,35.87864496140248,3.992052515013232
2016-09-01,431,2016-09-01,57.3913043478261,35.1304347826087,5.78260869565217,22.3913043478261,1301835.0,-4645329.7826087,3577,60.85558392702012,34.46905067952899,3.1346802072929028
2016-09-25,432,2016-09-25,51.7391304347826,40.0869565217391,7.0,17.7391304347826,1301835.0,-4645329.7826087,3577,59.32222620677832,33.24094600357883,6.040268233562335
2016-10-03,433,2016-10-03,56.5652173913044,35.695652173913,6.26086956521739,21.7391304347826,1301835.0,-4645329.7826087,3577,61.35877126696502,31.88186081624899,5.373461247287049
2016-11-20,434,2016-11-20,80.8260869565217,15.0,2.73913043478261,18.8260869565217,1301835.0,-4645329.7826087,3577,62.11564862346474,32.256076742951215,4.307403322837391
2016-12-14,435,2016-12-14,60.0625,36.0,2.625,20.9375,1301838.75,-4645308.75,3577,64.65640643273336,31.314614476822605,2.6007216349780014
2016-12-22,436,2016-12-22,60.3913043478261,33.0434782608696,5.08695652173913,20.6521739130435,1301835.0,-4645329.7826087,3577,65.4669379968877,30.62218621001435,2.4405822947616747
2016-12-30,437,2016-12-30,60.0869565217391,35.7391304347826,2.78260869565217,21.304347826087,1301835.0,-4645329.7826087,3577,62.6591995645628,31.72105068784746,4.180408773496401
2017-01-07,438,2017-01-07,63.2608695652174,30.8695652173913,4.21739130434783,19.1304347826087,1301835.0,-4645329.7826087,3577,58.45283292826316,33.01578248113468,7.097837165950211
2017-01-15,439,2017-01-15,60.695652173913,36.4347826086956,1.60869565217391,21.695652173913,1301835.0,-4645329.7826087,3577,54.905578263942914,34.41404824302146,9.280953530283522
2017-01-23,440,2017-01-23,50.5263157894737,27.7368421052632,20.1052631578947,14.2631578947368,1301847.63157895,-4645344.47368421,3577,53.68377360580608,33.975793728798706,10.956331676377175
2017-01-31,441,2017-01-31,45.6666666666667,35.9333333333333,17.4,14.6,1301831.0,-4645307.0,3577,58.45819793921484,32.28252893561404,7.694906763078695
2017-02-24,442,2017-02-24,59.0,33.8260869565217,5.43478260869565,21.0,1301835.0,-4645329.7826087,3577,54.66828226669397,33.954765549038044,9.862937088237764
2017-03-04,443,2017-03-04,57.75,36.875,4.0,21.0,1301835.0,-4645376.25,3577,54.50911850191064,35.85627734816099,8.160702115008691
2017-03-12,444,2017-03-12,59.9130434782609,32.7391304347826,5.56521739130435,21.4782608695652,1301835.0,-4645329.7826087,3577,51.19636378396976,36.78850688922951,10.623623002949227
2017-03-20,445,2017-03-20,48.1304347826087,37.695652173913,12.8695652173913,16.0,1301835.0,-4645329.7826087,3577,48.002299994694724,35.51912053245976,15.202824558008192
2017-03-28,446,2017-03-28,43.0,37.5714285714286,18.1428571428571,13.5714285714286,1301796.42857143,-4645309.28571429,3577,44.64341762134116,34.6656293623979,19.621864286058436
2017-04-05,447,2017-04-05,25.5,34.0,40.5,11.0,1301775.0,-4645305.0,3577,43.80164419702955,33.01558762314964,22.10462285230327
2017-04-13,448,2017-04-13,59.6521739130435,32.2173913043478,6.43478260869565,22.8695652173913,1301835.0,-4645329.7826087,3577,43.588726869315124,33.37290927703907,22.09488877710276
2017-04-29,449,2017-04-29,33.4347826086956,23.5652173913043,41.9565217391304,16.3478260869565,1301835.0,-4645329.7826087,3577,44.793890258996896,31.122508136318885,22.913742354159517
2017-05-07,450,2017-05-07,62.1538461538462,33.7692307692308,2.76923076923077,23.7692307692308,1301841.92307692,-4645332.69230769,3577,50.91773143249701,31.562910935920755,16.094785779868843
2017-05-15,451,2017-05-15,56.9047619047619,36.4761904761905,4.85714285714286,22.8095238095238,1301839.28571429,-4645335.0,3577,55.4345185486847,30.404823740746423,12.444002544961908
2017-05-23,452,2017-05-23,54.75,30.25,13.0,23.25,1301782.5,-4645297.5,3577,55.96628021325898,30.30885530610569,11.926257511745945
2017-06-08,453,2017-06-08,43.7391304347826,26.5652173913043,28.2608695652174,17.2608695652174,1301835.0,-4645329.7826087,3577,55.03303008694346,28.672664444999008,14.431913210358172
2017-07-02,454,2017-07-02,61.5,24.5,11.5,24.5,1301805.0,-4645335.0,3577,52.37886890300155,27.862213572323764,18.14129745655671
2017-07-10,455,2017-07-10,64.0,35.0,0.0,25.0,1301895.0,-4645335.0,3577,54.27619333213521,26.63398279362034,17.508782021234175
2017-07-26,456,2017-07-26,34.5555555555556,17.3333333333333,46.8888888888889,12.4444444444444,1301828.33333333,-4645288.33333333,3577,52.51839728441662,26.474209982533075,19.652169626512425
2017-08-11,457,2017-08-11,58.0,31.8333333333333,8.83333333333333,24.0,1301815.0,-4645325.0,3577,54.9942099080732,28.81228351496661,14.885319047122929
2017-08-19,458,2017-08-19,61.125,30.28125,7.09375,17.53125,1301831.25,-4645328.4375,3577,56.40992967264786,32.39388098533206,9.933770702180576
2017-08-27,459,2017-08-27,57.0526315789474,39.5263157894737,2.52631578947368,24.3684210526316,1301841.31578947,-4645328.68421053,3577,56.7794282094459,34.53754168411914,7.345250520167374
2017-09-04,460,2017-09-04,58.1578947368421,32.8947368421053,7.10526315789474,23.6842105263158,1301841.31578947,-4645328.68421053,3577,56.070041759895645,36.524744324787235,6.0409659176670925
2017-09-28,461,2017-09-28,53.695652173913,41.1739130434783,3.78260869565217,20.695652173913,1301835.0,-4645329.7826087,3577,57.43841934496738,37.71782145761556,3.361027062715929
2017-10-06,462,2017-10-06,56.695652173913,36.6086956521739,5.17391304347826,21.2608695652174,1301835.0,-4645329.7826087,3577,56.69741506209138,39.23752073600389,2.6661414291813603
2017-10-14,463,2017-10-14,56.75,39.4166666666667,2.75,21.0,1301830.0,-4645362.5,3577,53.91719879075609,37.11717561752144,7.567856595049961
2017-10-22,464,2017-10-22,50.1739130434783,34.6086956521739,13.4782608695652,11.3913043478261,1301835.0,-4645329.7826087,3577,54.77268371226681,37.900928893713754,5.929493762477582
2017-10-30,465,2017-10-30,55.8260869565217,40.6086956521739,2.47826086956522,20.2608695652174,1301835.0,-4645329.7826087,3577,54.64037063441582,38.14240894393073,5.774076774072143
2017-11-07,466,2017-11-07,55.2608695652174,37.9130434782609,5.26086956521739,21.0,1301835.0,-4645329.7826087,3577,53.35494084934843,40.242401938552874,5.00051573026716
2017-11-23,467,2017-11-23,54.3478260869565,41.4782608695652,2.60869565217391,18.6521739130435,1301835.0,-4645329.7826087,3577,53.26912532989093,40.4147274152722,4.801387626855732
2017-12-09,468,2017-12-09,53.0434782608696,40.8260869565217,4.69565217391304,20.0869565217391,1301835.0,-4645329.7826087,3577,52.52676455997113,41.70579645821315,4.290141309759729
2017-12-17,469,2017-12-17,46.3333333333333,47.5555555555556,4.55555555555556,21.7777777777778,1301828.33333333,-4645288.33333333,3577,51.30124934068169,43.51155293158949,3.6830922999311637
2017-12-25,470,2017-12-25,51.8260869565217,42.0,4.69565217391304,19.1304347826087,1301835.0,-4645329.7826087,3577,50.31592149268743,44.646083388942515,3.6022191901510796
2018-01-02,471,2018-01-02,51.3913043478261,44.0869565217391,3.30434782608696,19.1739130434783,1301835.0,-4645329.7826087,3577,49.078185376333934,45.156155035337946,4.319750357776363
2018-01-10,472,2018-01-10,52.1739130434783,41.7391304347826,4.56521739130435,19.3478260869565,1301835.0,-4645329.7826087,3577,49.664001072729704,45.151598823687934,3.8421583651083906
2018-01-18,473,2018-01-18,44.7826086956522,50.304347826087,3.69565217391304,14.5217391304348,1301835.0,-4645329.7826087,3577,49.79412349663324,42.70326283846983,6.172378727297712
2018-01-26,474,2018-01-26,50.304347826087,45.0652173913044,3.19565217391304,18.9130434782609,1301835.0,-4645329.7826087,3577,51.84891985789719,44.43157471537985,2.450564903754736
2018-02-02,475,2018-02-02,56.0,36.0,7.0,21.0,1301775.0,-4645275.0,3577,53.04175522369023,42.83792239636419,2.972971824095352
2018-02-11,476,2018-02-11,51.8695652173913,42.1304347826087,4.73913043478261,20.9130434782609,1301835.0,-4645329.7826087,3577,51.8958913535314,41.446597062610365,5.619032412375224
2018-03-06,477,2018-03-06,54.0,37.0,8.0,23.0,1301775.0,-4645275.0,3577,52.43795698564297,38.125103766067845,8.348679991430124
2018-03-07,478,2018-03-07,52.7826086956522,41.6086956521739,4.52173913043478,20.5652173913043,1301835.0,-4645329.7826087,3577,52.712448249941545,35.34830594338088,10.789400631672544
2018-03-30,479,2018-03-30,54.7857142857143,40.0,4.14285714285714,21.5714285714286,1301830.71428571,-4645356.42857143,3577,51.44886679194935,30.795787579832236,16.448400468824712
2018-04-16,480,2018-04-16,43.3846153846154,13.1538461538462,42.0,10.6153846153846,1301851.15384615,-4645305.0,3577,54.35630682077913,33.261523600569994,10.819423543207082
2018-05-02,481,2018-05-02,53.75,38.5625,5.75,20.125,1301814.375,-4645333.125,3577,53.942822795563075,33.234119874472235,11.221431872742617
2018-05-18,482,2018-05-18,60.8571428571429,30.0,7.21428571428571,23.5,1301843.57142857,-4645341.42857143,3577,52.432767549560715,32.33980442460272,13.637526487580416
2018-05-26,483,2018-05-26,51.2173913043478,35.304347826087,12.3478260869565,15.8260869565217,1301835.0,-4645329.7826087,3577,50.49688337285636,32.01402433984855,15.987262273681868
2018-06-02,484,2018-06-02,52.625,36.125,9.75,22.375,1301835.0,-4645376.25,3577,50.03114361092703,29.97340207276204,18.76305719558055
2018-06-18,485,2018-06-18,52.5,42.0,4.5,24.5,1301850.0,-4645320.0,3577,49.26599138661582,31.653196820552452,17.96278460648264
2018-06-27,486,2018-06-27,24.0,5.85,69.8,12.45,1301842.5,-4645327.5,3577,48.42332408825017,29.794610744243478,20.79691413537586
2018-07-13,487,2018-07-13,63.75,31.0,3.5,25.0,1301827.5,-4645350.0,3577,50.5939225765905,27.492144964403717,20.833004628470565
2018-07-29,488,2018-07-29,58.5714285714286,29.7142857142857,10.8571428571429,24.5714285714286,1301830.71428571,-4645339.28571429,3577,53.33778470202408,28.171719668362208,17.25500448004107
2018-08-21,489,2018-08-21,54.5789473684211,33.6842105263158,10.2105263157895,23.5263157894737,1301841.31578947,-4645328.68421053,3577,55.859776450878904,27.01600453640505,15.759007768589143
2018-08-22,490,2018-08-22,52.5652173913044,35.4347826086956,10.1304347826087,22.7826086956522,1301835.0,-4645329.7826087,3577,55.043906184610975,28.062884440784078,15.417259300004599
2018-09-06,491,2018-09-06,58.0,17.0,24.0,25.0,1301895.0,-4645335.0,3577,52.77204422449919,30.15144837400704,15.58164168449321
2018-09-07,492,2018-09-07,54.6521739130435,36.9565217391304,6.65217391304348,21.8695652173913,1301835.0,-4645329.7826087,3577,51.98406562705138,32.872964232342774,13.721282260097272
2018-09-15,493,2018-09-15,33.8636363636364,23.7727272727273,41.3181818181818,20.5,1301832.27272727,-4645328.18181818,3577,47.87817278396152,31.544781901003486,19.270108137818962
2018-09-23,494,2018-09-23,52.3478260869565,40.0,6.1304347826087,19.2608695652174,1301835.0,-4645329.7826087,3577,49.04308482234964,34.85795283546791,14.713614598071196
2018-10-01,495,2018-10-01,48.695652173913,41.695652173913,8.26086956521739,17.2173913043478,1301835.0,-4645329.7826087,3577,47.97358196772204,37.108493944799605,13.578420361714507
2018-11-02,496,2018-11-02,56.1052631578947,39.6842105263158,3.15789473684211,19.4210526315789,1301831.84210526,-4645341.31578947,3577,47.88921143920399,39.12862220772861,11.58370431805146
2018-11-10,497,2018-11-10,54.1875,37.1875,6.75,21.375,1301820.0,-4645336.875,3577,49.27720988434052,39.419845946106165,9.83234150778851
2018-11-18,498,2018-11-18,35.6666666666667,34.3333333333333,28.6666666666667,17.3333333333333,1301835.0,-4645395.0,3577,51.77734709537756,37.675263180592,9.19195734498485
2018-12-04,499,2018-12-04,53.6363636363636,39.3636363636364,5.54545454545455,18.0909090909091,1301826.81818182,-4645365.0,3577,53.21655470074229,38.10540811183747,7.268561220852009
2018-12-11,500,2018-12-11,57.8695652173913,37.7826086956522,3.1304347826087,21.4347826086957,1301835.0,-4645329.7826087,3577,52.810779299120824,36.50327762716161,9.32008074175815
2018-12-27,501,2018-12-27,59.1764705882353,36.8235294117647,2.76470588235294,21.3529411764706,1301840.29411765,-4645312.05882353,3577,55.80995785547546,37.45464476947642,5.382084220548588
2019-01-05,502,2019-01-05,56.8695652173913,38.8260869565217,2.91304347826087,20.6086956521739,1301835.0,-4645329.7826087,3577,56.858736624964486,38.56110073769021,3.3144788520584996
2019-01-12,503,2019-01-12,55.7222222222222,39.8888888888889,3.16666666666667,20.3333333333333,1301835.0,-4645345.0,3577,58.45647898883889,39.04869672720987,1.2596503584286147
2019-01-13,504,2019-01-13,56.6086956521739,36.9130434782609,4.78260869565217,19.8695652173913,1301835.0,-4645329.7826087,3577,57.010141826812074,37.99701100710338,3.6183648261568715
2019-01-21,505,2019-01-21,56.0869565217391,39.2608695652174,3.60869565217391,20.4782608695652,1301835.0,-4645329.7826087,3577,56.54333530140529,39.09691166538549,2.915017249603844
2019-01-28,506,2019-01-28,56.1304347826087,39.5652173913044,3.0,20.2173913043478,1301835.0,-4645329.7826087,3577,56.02923188181629,40.17401908565508,2.3279116560332165
2019-01-29,507,2019-01-29,53.1739130434783,39.8695652173913,5.26086956521739,19.2608695652174,1301835.0,-4645329.7826087,3577,54.48374028681306,39.2020841189462,4.829066765851932
2019-02-14,508,2019-02-14,56.695652173913,36.304347826087,5.21739130434783,20.4347826086957,1301835.0,-4645329.7826087,3577,52.84405598465365,38.020540308048595,7.664430881429093
2019-02-22,509,2019-02-22,52.1111111111111,40.0,6.44444444444444,22.3333333333333,1301828.33333333,-4645358.33333333,3577,50.889137828556784,37.30806155600321,10.284317393617242
2019-03-10,510,2019-03-10,53.4444444444444,42.2222222222222,3.11111111111111,19.3333333333333,1301828.33333333,-4645371.66666667,3577,50.033023255951875,36.27465077199978,12.174030610359381
2019-03-17,511,2019-03-17,34.3333333333333,25.1111111111111,39.2222222222222,12.5555555555556,1301828.33333333,-4645288.33333333,3577,49.910686246762936,35.72789911467322,12.880304810576128
2019-03-18,512,2019-03-18,59.1739130434783,35.0869565217391,4.0,19.0,1301835.0,-4645329.7826087,3577,50.83052263884931,36.25817905065008,11.577148110259847
2019-03-26,513,2019-03-26,55.2608695652174,40.4782608695652,2.91304347826087,22.2608695652174,1301835.0,-4645329.7826087,3577,50.89588326474194,38.38369910413403,9.421975741909721
2019-04-03,514,2019-04-03,55.9565217391304,36.2173913043478,6.26086956521739,21.2173913043478,1301835.0,-4645329.7826087,3577,58.434643811806474,30.655827418781055,9.344941788889777
2019-04-18,515,2019-04-18,59.2307692307692,34.6153846153846,5.0,24.3076923076923,1301832.69230769,-4645339.61538462,3577,64.09834409550162,30.865260291900633,3.3347888183661913
2019-05-13,516,2019-05-13,58.4285714285714,35.2857142857143,4.71428571428571,24.0,1301826.42857143,-4645339.28571429,3577,61.56474200025291,34.52155892523449,2.249540150401303
2019-05-21,517,2019-05-21,62.9090909090909,29.0909090909091,6.0,24.3636363636364,1301837.72727273,-4645343.18181818,3577,57.689062544470445,38.55856075432455,2.2041060732536795
2019-06-06,518,2019-06-06,61.0,29.0,8.06666666666667,23.2666666666667,1301839.0,-4645339.0,3577,49.65490733513667,40.54467085465862,8.411871750987467
2019-06-14,519,2019-06-14,56.9,37.4,4.3,22.8,1301838.0,-4645341.0,3577,43.36596740022176,42.69109580708488,12.747822967177633
2019-07-07,520,2019-07-07,5.14285714285714,94.8571428571429,0.0,4.14285714285714,1301805.0,-4645356.42857143,3577,40.70689988097959,47.74695434537975,10.332068792694507
2019-07-16,521,2019-07-16,35.1739130434783,24.3913043478261,39.2173913043478,16.3478260869565,1301835.0,-4645329.7826087,3577,40.09953980450086,49.34099539501954,9.338494659195902
2019-08-08,522,2019-08-08,58.2,35.2,5.2,24.4,1301847.0,-4645347.0,3577,40.43929226872493,44.819910685619455,13.5354094149201
2019-08-09,523,2019-08-09,39.3913043478261,37.304347826087,21.8260869565217,19.0869565217391,1301835.0,-4645329.7826087,3577,41.76910026303669,37.10869128179116,19.81879073947696
2019-08-17,524,2019-08-17,53.5555555555556,37.7777777777778,6.83333333333333,22.4444444444444,1301840.0,-4645315.0,3577,45.06444310687816,28.550884523258787,25.022523902261714
2019-08-25,525,2019-08-25,55.9047619047619,35.3333333333333,7.0,23.2857142857143,1301839.28571429,-4645329.28571429,3577,47.81424341350939,23.007452613789184,27.761271707155295
2019-09-02,526,2019-09-02,27.6,4.2,68.0,12.2,1301799.0,-4645371.0,3577,48.25508986010351,23.586359160645564,26.849828929983754
2019-09-10,527,2019-09-10,41.9565217391304,21.3478260869565,35.3913043478261,11.4782608695652,1301835.0,-4645329.7826087,3577,43.48699442821824,31.222135052242095,24.172886869935354
2019-09-18,528,2019-09-18,51.7391304347826,42.0869565217391,5.0,21.6521739130435,1301835.0,-4645329.7826087,3577,46.33527355669616,30.3193734743696,22.225873198006106
2019-09-25,529,2019-09-25,54.0,41.4347826086956,3.30434782608696,21.5652173913043,1301835.0,-4645329.7826087,3577,50.065336019023505,35.3272782989381,13.413231942372498
2019-09-26,530,2019-09-26,52.3913043478261,40.5652173913044,5.39130434782609,17.0869565217391,1301835.0,-4645329.7826087,3577,51.78839156385831,40.31216642348089,6.65575941534922
2019-10-04,531,2019-10-04,53.8260869565217,41.3913043478261,3.69565217391304,20.3913043478261,1301835.0,-4645329.7826087,3577,55.14855120200911,43.736362587466566,0.0
2019-10-11,532,2019-10-11,53.5714285714286,41.2142857142857,3.78571428571429,20.5,1301809.28571429,-4645337.14285714,3577,56.01784808272059,44.519390355229724,0.0
2019-10-20,533,2019-10-20,54.9130434782609,41.5217391304348,2.30434782608696,20.6521739130435,1301835.0,-4645329.7826087,3577,52.7600477325799,40.78370512243912,5.114264185134326
2019-10-28,534,2019-10-28,50.9565217391304,41.8695652173913,5.60869565217391,17.6086956521739,1301835.0,-4645329.7826087,3577,52.087317918310276,40.73859839177579,5.7775959402010795
2019-11-05,535,2019-11-05,53.9130434782609,41.0,3.8695652173913,21.8695652173913,1301835.0,-4645329.7826087,3577,51.732556401279325,41.987440813319594,4.8714747136465535
2019-11-13,536,2019-11-13,48.8695652173913,42.1739130434783,7.21739130434783,15.8260869565217,1301835.0,-4645329.7826087,3577,51.62044472778659,42.206829738658136,4.734464552810865
2019-11-21,537,2019-11-21,51.7826086956522,43.9130434782609,3.21739130434783,20.0434782608696,1301835.0,-4645329.7826087,3577,51.26517074018942,42.4113638430109,4.9115405264915335
2019-11-29,538,2019-11-29,51.2608695652174,41.4347826086956,5.73913043478261,16.1739130434783,1301835.0,-4645329.7826087,3577,51.495681460838114,42.29151715394582,4.8784176373029915
2019-12-07,539,2019-12-07,51.7391304347826,43.5217391304348,3.56521739130435,20.1739130434783,1301835.0,-4645329.7826087,3577,50.673092613580565,42.40909601379066,5.645229391528815
2019-12-15,540,2019-12-15,52.0,42.1739130434783,4.52173913043478,19.304347826087,1301835.0,-4645329.7826087,3577,52.712803128071656,43.386308666503794,2.7309276203589326
2019-12-23,541,2019-12-23,51.1666666666667,44.5,3.33333333333333,18.3333333333333,1301845.0,-4645280.0,3577,50.93585929429595,44.59303429658604,3.3291674923906096
2019-12-30,542,2019-12-30,47.6666666666667,44.8666666666667,6.4,20.6,1301829.0,-4645353.0,3577,49.06639121306449,45.87873144393098,3.9068344461772346
2019-12-31,543,2019-12-31,47.7826086956522,46.8695652173913,4.0,18.2173913043478,1301835.0,-4645329.7826087,3577,45.60758272107724,47.155388508490766,6.047925972938879
2020-01-08,544,2020-01-08,44.4117647058824,51.0588235294118,3.52941176470588,17.2352941176471,1301831.47058824,-4645347.35294118,3577,42.5141967180856,48.33143906924698,7.968096169932093
2020-01-16,545,2020-01-16,44.2173913043478,49.0,5.39130434782609,17.3913043478261,1301835.0,-4645329.7826087,3577,39.79809872592185,48.72131322323985,10.24475257492796
2020-02-17,546,2020-02-17,24.9411764705882,46.0588235294118,27.5882352941176,16.8235294117647,1301822.64705882,-4645317.35294118,3577,38.840640695296415,48.276818198494006,11.710330680095659
2020-03-03,547,2020-03-03,48.7692307692308,46.6923076923077,3.30769230769231,19.1538461538462,1301841.92307692,-4645300.38461538,3577,42.83455842726169,46.26703531800498,9.538335404327391
2020-03-19,548,2020-03-19,41.4090909090909,44.9090909090909,12.5454545454545,17.4545454545455,1301833.63636364,-4645326.81818182,3577,44.48335950076181,45.11769028082384,8.808231378614543
2020-03-20,549,2020-03-20,48.5652173913044,43.1739130434783,6.65217391304348,18.7391304347826,1301835.0,-4645329.7826087,3577,44.95600866889539,43.682491528900684,10.117443544723951
2020-04-05,550,2020-04-05,52.3478260869565,38.6086956521739,7.52173913043478,22.6521739130435,1301835.0,-4645329.7826087,3577,49.49674130485106,36.63812563622467,11.97346066266591
2020-04-21,551,2020-04-21,54.2173913043478,35.5217391304348,8.34782608695652,22.7391304347826,1301835.0,-4645329.7826087,3577,48.954558472729786,33.46351314519104,15.871900826637521
2020-05-07,552,2020-05-07,48.6,35.0,14.6,19.8,1301793.0,-4645293.0,3577,52.9971866789206,35.13072001079369,10.529813829192936
2020-05-31,553,2020-05-31,34.4545454545455,32.5,32.9545454545455,17.2727272727273,1301835.0,-4645328.18181818,3577,51.98036446113985,34.964299071287115,12.382961710812921
2020-06-16,554,2020-06-16,65.6666666666667,23.0,11.0,24.3333333333333,1301855.0,-4645325.0,3577,53.210817751687706,34.39717691111713,12.377071684416977
2020-07-02,555,2020-07-02,62.0,33.0,3.0,25.0,1301895.0,-4645335.0,3577,52.16104051602975,33.792505051203605,14.515813870778123
2020-07-18,556,2020-07-18,41.6666666666667,63.6666666666667,0.0,11.0,1301805.0,-4645365.0,3577,52.300909450697276,31.413936741414744,16.889462987983897
2020-08-03,557,2020-08-03,69.6666666666667,24.0,5.0,24.3333333333333,1301865.0,-4645325.0,3577,53.83154784798853,32.98107802515206,13.606160395871319
2020-08-10,558,2020-08-10,27.4545454545455,9.09090909090909,63.1818181818182,8.18181818181818,1301826.81818182,-4645365.0,3577,53.308398598758004,32.69624900012587,13.868439274819398
2020-08-19,559,2020-08-19,60.0,35.8,2.8,17.4,1301799.0,-4645371.0,3577,51.44210704895839,31.427090244396886,16.37200659937672
2020-09-04,560,2020-09-04,54.7727272727273,35.9090909090909,8.13636363636364,19.5,1301832.27272727,-4645329.54545455,3577,48.811189741587086,30.240118916429516,19.713635129608612
2020-09-12,561,2020-09-12,53.6086956521739,36.5652173913044,8.30434782608696,23.0869565217391,1301835.0,-4645329.7826087,3577,50.5178539333819,30.309694253032895,17.45920334075504
2020-09-27,562,2020-09-27,49.8695652173913,42.5652173913044,6.0,20.0,1301835.0,-4645329.7826087,3577,51.048461965558346,33.39235565555789,13.683215090531029
2020-09-28,563,2020-09-28,42.1764705882353,16.4705882352941,39.8823529411765,10.0588235294118,1301845.58823529,-4645326.17647059,3577,49.658044628129474,38.88304517248969,10.39815038681552
2020-10-06,564,2020-10-06,53.9565217391304,41.5217391304348,3.34782608695652,21.1739130434783,1301835.0,-4645329.7826087,3577,52.761138123901716,38.07351566820805,7.855413665379791
2020-10-13,565,2020-10-13,51.0,43.5555555555556,4.33333333333333,20.1111111111111,1301841.66666667,-4645288.33333333,3577,50.077635076625945,36.82404124116102,11.961666682999416
2020-10-29,566,2020-10-29,56.0,40.5,2.5,19.5,1301880.0,-4645275.0,3577,54.03847057188477,39.45906193289069,5.363611806466112
2020-10-30,567,2020-10-30,56.0,38.0,5.0,19.0,1301880.0,-4645380.0,3577,54.416869919522284,40.115370023723955,4.345951593268687
2020-11-07,568,2020-11-07,52.2857142857143,41.7857142857143,4.5,21.0,1301815.71428571,-4645332.85714286,3577,53.86663816019747,40.174825705680476,4.718017756724654
2020-12-01,569,2020-12-01,57.1739130434783,35.8260869565217,5.34782608695652,19.695652173913,1301835.0,-4645329.7826087,3577,55.052672663121896,37.651059795115984,5.922517976217602
2021-01-01,570,2021-01-01,47.5652173913044,32.9565217391304,18.3478260869565,12.4782608695652,1301835.0,-4645329.7826087,3577,53.56570818268214,33.0970321858445,11.844792799938977
2021-02-11,571,2021-02-11,55.0,37.5,6.0,23.5,1301820.0,-4645395.0,3577,52.4771006950226,34.52881601131185,11.501984801215825
2021-02-19,572,2021-02-19,48.695652173913,31.5217391304348,18.1739130434783,14.2173913043478,1301835.0,-4645329.7826087,3577,50.2058830252994,35.91124404826922,12.474908745400906
2021-03-14,573,2021-03-14,58.5,34.3333333333333,5.66666666666667,21.5,1301790.0,-4645305.0,3577,49.504208744987444,36.413419765494,12.712093205845534
2021-03-22,574,2021-03-22,53.0,35.695652173913,10.0434782608696,15.5652173913043,1301835.0,-4645329.7826087,3577,49.81232026075809,37.39112130745707,11.373054862755701
2021-04-08,575,2021-04-08,37.6666666666667,45.3333333333333,15.6666666666667,21.3333333333333,1301825.0,-4645295.0,3577,56.07313104626845,33.53305092179269,8.874308847251404
2021-04-16,576,2021-04-16,59.3333333333333,34.6666666666667,4.61904761904762,23.4761904761905,1301833.57142857,-4645329.28571429,3577,61.23363693782755,34.49583453742312,2.5869639401739604
2021-05-10,577,2021-05-10,63.7777777777778,26.3333333333333,8.0,24.7777777777778,1301835.0,-4645345.0,3577,59.486528203843335,33.16171489478302,5.7177327316637765
2021-05-26,578,2021-05-26,67.4,25.8,4.8,25.0,1301847.0,-4645347.0,3577,58.83014211076329,30.653067182285906,9.022860510959855
2021-06-03,579,2021-06-03,62.6666666666667,28.3333333333333,7.66666666666667,24.0,1301875.0,-4645345.0,3577,51.89041689229364,27.384914654596926,19.427607076816724
2021-07-05,580,2021-07-05,48.5,27.0,23.5,24.5,1301790.0,-4645320.0,3577,45.28262327851098,25.84501981170057,27.711989988739106
2021-07-12,581,2021-07-12,11.0,47.9130434782609,40.1304347826087,3.65217391304348,1301835.0,-4645329.7826087,3577,37.38098212192419,25.829606298036953,35.711332168521594
2021-07-21,582,2021-07-21,31.3478260869565,0.695652173913043,67.5652173913043,5.8695652173913,1301835.0,-4645329.7826087,3577,31.816848808296477,27.63714925088855,39.43714052806207
2021-07-28,583,2021-07-28,46.5,31.5,20.5,19.5,1301820.0,-4645395.0,3577,33.07746441798981,28.78808474246192,36.86894266051071
2021-08-06,584,2021-08-06,28.0,35.0,35.0,24.0,1301835.0,-4645395.0,3577,37.51598807258495,30.513412217068975,30.523976360154325
2021-08-14,585,2021-08-14,57.6190476190476,34.2380952380952,6.28571428571429,20.2380952380952,1301839.28571429,-4645325.0,3577,46.419232335835964,32.61708126305834,19.310313749602834
2021-09-07,586,2021-09-07,50.3913043478261,35.4347826086956,12.7826086956522,18.0434782608696,1301835.0,-4645329.7826087,3577,53.52716411330498,35.354296598536834,9.492083296968145
2021-09-23,587,2021-09-23,55.4347826086956,38.304347826087,4.8695652173913,20.0434782608696,1301835.0,-4645329.7826087,3577,56.70748419704364,38.0395237418333,3.755776327588939
2021-11-01,588,2021-11-01,53.304347826087,39.1739130434783,6.26086956521739,21.4347826086957,1301835.0,-4645329.7826087,3577,54.9367490543206,40.37580997097153,3.336454298157938
2021-11-26,589,2021-11-26,58.7826086956522,36.695652173913,3.39130434782609,19.6521739130435,1301835.0,-4645329.7826087,3577,55.01773852072531,36.22226205615084,7.590741033094183
2021-12-20,590,2021-12-20,57.695652173913,35.8695652173913,4.91304347826087,20.0434782608696,1301835.0,-4645329.7826087,3577,55.735545963428336,37.339601462829165,5.649306407684885
2021-12-28,591,2021-12-28,47.0,39.0,13.0,15.5,1301880.0,-4645275.0,3577,54.8656243809951,37.856419309435594,5.8712884123092
2022-01-21,592,2022-01-21,57.3478260869565,36.0,4.91304347826087,20.5217391304348,1301835.0,-4645329.7826087,3577,56.314168971415896,36.799105278437494,5.405797224715514
2022-01-29,593,2022-01-29,55.2173913043478,34.8695652173913,8.26086956521739,20.5652173913043,1301835.0,-4645329.7826087,3577,54.97227490953953,35.359173603346534,8.156602080110085
2022-02-06,594,2022-02-06,57.1304347826087,36.3478260869565,5.0,19.7826086956522,1301835.0,-4645329.7826087,3577,53.58413368386991,34.413197435066024,10.431479387932267
2022-03-10,595,2022-03-10,60.6521739130435,33.6521739130435,4.0,17.6521739130435,1301835.0,-4645329.7826087,3577,52.82858091992266,31.72112682978103,13.852614904886487
2022-03-26,596,2022-03-26,47.5833333333333,30.3333333333333,20.75,14.1666666666667,1301850.0,-4645342.5,3577,56.14484812371859,31.7250473087685,10.428870420440594
2022-04-19,597,2022-04-19,47.1666666666667,24.8888888888889,26.1666666666667,16.2222222222222,1301828.33333333,-4645343.33333333,3577,56.282262578066664,30.68805874771592,11.252024519693155
2022-05-21,598,2022-05-21,58.8636363636364,31.7727272727273,7.40909090909091,22.7272727272727,1301836.36363636,-4645332.27272727,3577,54.81123011847852,29.171071609606642,14.256720698259713
2022-06-06,599,2022-06-06,60.0909090909091,29.6363636363636,8.31818181818182,22.7727272727273,1301836.36363636,-4645332.27272727,3577,54.77748971048365,27.26307768557634,16.081495786727793
2022-06-30,600,2022-06-30,63.25,27.1666666666667,7.66666666666667,24.1666666666667,1301827.5,-4645342.5,3577,54.533965359554685,26.00008723978894,17.5904917830423
2022-07-16,601,2022-07-16,52.2173913043478,32.5217391304348,13.3478260869565,17.0,1301835.0,-4645329.7826087,3577,54.81616444185529,25.72895000470212,17.578938147839324
2022-07-24,602,2022-07-24,37.5909090909091,11.8636363636364,49.0909090909091,18.6363636363636,1301832.27272727,-4645330.90909091,3577,54.8575065805065,26.18695225649155,17.08532852259881
2022-08-01,603,2022-08-01,60.6,29.0,8.4,23.7333333333333,1301839.0,-4645339.0,3577,53.55325219247375,26.990166666841255,17.663891024190757
2022-08-09,604,2022-08-09,57.3333333333333,32.3333333333333,8.4,23.0666666666667,1301839.0,-4645339.0,3577,53.22742774933331,28.64759269210071,16.303071800625627
2022-08-25,605,2022-08-25,57.0476190476191,33.2857142857143,8.0,23.047619047619,1301839.28571429,-4645335.0,3577,53.91532073105627,32.04044692442873,12.262676755932308
2022-09-02,606,2022-09-02,55.0,35.1304347826087,7.8695652173913,22.5217391304348,1301835.0,-4645329.7826087,3577,57.46571167527162,35.25276294644769,5.4905258876123675
2022-09-18,607,2022-09-18,55.5652173913044,36.3478260869565,6.47826086956522,20.3913043478261,1301835.0,-4645329.7826087,3577,58.62410109933646,37.285898633220064,2.31439158188971
2022-10-28,608,2022-10-28,55.9565217391304,35.9130434782609,6.43478260869565,20.1739130434783,1301835.0,-4645329.7826087,3577,58.10536736369672,37.60033076215575,2.528052469807843
2022-11-05,609,2022-11-05,55.0,37.7826086956522,5.43478260869565,20.1304347826087,1301835.0,-4645329.7826087,3577,56.39190985104822,36.56079565976468,5.289504679964214
2022-11-29,610,2022-11-29,58.2608695652174,34.8260869565217,5.30434782608696,20.8695652173913,1301835.0,-4645329.7826087,3577,54.04483536789521,34.49703961795543,9.703689604328627
2022-12-23,611,2022-12-23,58.4615384615385,32.3076923076923,7.15384615384615,22.8461538461538,1301828.07692308,-4645300.38461538,3577,52.00188139036963,32.02211717979186,14.213849863067843
2023-01-24,612,2023-01-24,40.4,28.8,29.2,14.85,1301844.0,-4645330.5,3577,51.57741606424,30.032391139498483,16.60152930454596
2023-02-09,613,2023-02-09,60.7391304347826,31.0434782608696,6.30434782608696,20.5217391304348,1301835.0,-4645329.7826087,3577,54.462438204911315,29.707532542460793,13.986573005324303
2023-02-17,614,2023-02-17,61.2173913043478,32.0,4.8695652173913,19.7826086956522,1301835.0,-4645329.7826087,3577,62.72457729742498,32.51052068522509,2.827127270161821
