time,Unnamed: 0,time_ymd,pv,npv,bs,ue,x,y,spatial_ref,pv_filter,npv_filter,bs_filter
1987-09-18,1,1987-09-18,25.3,50.8,22.55,13.05,1873917.0,-3105096.0,3577,25.40032249741999,49.10122692351791,23.93082645338844
1987-10-04,2,1987-10-04,25.8,45.8,27.05,12.35,1873917.0,-3105096.0,3577,27.286031254607106,46.10953875702327,25.375782593739267
1987-10-20,3,1987-10-20,31.35,42.4,25.0,12.9,1873917.0,-3105096.0,3577,30.573788118486277,43.781088200012356,24.692763819427903
1987-11-21,4,1987-11-21,37.85,36.7,24.45,13.5,1873917.0,-3105096.0,3577,34.54440796561541,41.927985058170826,22.774193591066652
1987-12-07,5,1987-12-07,39.95,33.05,25.8,12.95,1873917.0,-3105096.0,3577,38.595556004882646,40.41173058680799,20.353084037565466
1987-12-23,6,1987-12-23,42.0,59.6666666666667,0.0,7.0,1873925.0,-3105115.0,3577,42.241747777506305,39.143217490856806,18.003035956131953
1988-01-08,7,1988-01-08,36.2,42.9,19.45,13.4,1873917.0,-3105096.0,3577,45.11434915703492,38.08272992487388,16.138238812271354
1988-01-24,8,1988-01-24,47.4,25.95,25.5,13.15,1873917.0,-3105096.0,3577,46.96157634934023,37.23994349303391,15.013470739784282
1988-02-09,9,1988-02-09,47.4,35.0,16.4,13.7,1873917.0,-3105096.0,3577,47.883356426847726,35.663565639721305,15.387385524689725
1988-03-12,10,1988-03-12,55.75,30.45,12.6,15.85,1873917.0,-3105096.0,3577,48.10341315030998,34.5841564008695,16.00842841368918
1988-03-28,11,1988-03-28,48.9,39.85,9.85,14.5,1873917.0,-3105096.0,3577,45.85749529107977,35.394919786090966,17.29792158305832
1988-04-13,12,1988-04-13,35.9,41.35,21.35,20.5,1873917.0,-3105096.0,3577,42.00364264218126,38.757929016282354,17.77576804000687
1988-05-15,13,1988-05-15,40.0,40.4,18.4,16.7,1873917.0,-3105096.0,3577,39.69835350407513,43.74958864664093,15.380819026172766
1988-06-16,14,1988-06-16,36.45,44.75,17.55,16.7,1873917.0,-3105096.0,3577,38.2380794128415,44.19998267985224,16.25235337417757
1988-07-18,15,1988-07-18,35.9,46.95,15.95,17.7,1873917.0,-3105096.0,3577,39.37236246724822,43.00361774447819,16.400436251052994
1988-08-03,16,1988-08-03,37.55,45.55,15.55,16.25,1873917.0,-3105096.0,3577,39.73457280592909,43.36002980506977,15.69674489596856
1988-09-20,17,1988-09-20,48.15,38.05,12.6,16.25,1873917.0,-3105096.0,3577,39.86865463397375,43.175051659720125,15.773910094031578
1988-10-06,18,1988-10-06,44.35,39.4,15.15,14.85,1873917.0,-3105096.0,3577,37.54233078582362,45.19682139325427,16.061083807830634
1988-10-22,19,1988-10-22,28.7,51.5,18.7,12.65,1873917.0,-3105096.0,3577,35.206106793098435,46.09667741958075,17.47609387516247
1988-11-07,20,1988-11-07,24.7,52.05,21.95,13.15,1873917.0,-3105096.0,3577,28.672354649130547,50.64167358268769,19.480451694845073
1988-11-23,21,1988-11-23,22.25,53.35,23.0,13.95,1873917.0,-3105096.0,3577,21.93445697748775,55.07531482964097,21.768886531421984
1988-12-25,22,1988-12-25,26.25,53.8,18.9,14.55,1873917.0,-3105096.0,3577,20.636505445016283,55.79934941218938,22.345472948101197
1989-01-10,23,1989-01-10,26.4444444444444,54.5555555555556,17.6666666666667,19.7777777777778,1873941.66666667,-3105078.33333333,3577,25.020075968059835,52.942877332497915,20.775035903206184
1989-01-26,24,1989-01-26,25.25,51.7,21.85,12.9,1873917.0,-3105096.0,3577,34.32663079953588,45.936187187418724,18.478901903047756
1989-03-22,25,1989-03-22,25.9,52.3,20.6,14.1,1873917.0,-3105096.0,3577,41.69556135298546,44.22625985984459,12.79670267812492
1989-05-02,26,1989-05-02,67.55,23.95,7.15,17.1,1873917.0,-3105096.0,3577,47.34879167958955,41.4684884087299,9.927579798940549
1989-07-05,27,1989-07-05,60.2,33.7,4.85,16.65,1873917.0,-3105096.0,3577,48.00896786391424,40.42380292565447,10.331198986770204
1989-08-06,28,1989-08-06,43.7,45.75,9.2,14.3,1873917.0,-3105096.0,3577,46.92090901873483,39.67079138611052,12.177116846000473
1989-09-07,29,1989-09-07,38.3,48.15,12.45,13.05,1873917.0,-3105096.0,3577,45.534332609248416,39.35050685468053,13.897489301202391
1989-09-23,30,1989-09-23,34.55,50.75,13.5,12.55,1873917.0,-3105096.0,3577,43.856573715235896,39.46128659781321,15.46378683236037
1989-11-26,31,1989-11-26,43.6,20.0,35.4,11.8,1873893.0,-3105057.0,3577,41.33564593300818,40.16547446361088,17.2969516551534
1989-12-28,32,1989-12-28,38.65,47.15,12.75,14.4,1873917.0,-3105096.0,3577,41.66866678212805,40.592385632936846,16.529494035373915
1990-05-05,33,1990-05-05,60.95,32.2,5.5,16.15,1873917.0,-3105096.0,3577,47.22028405030795,38.589867717416126,12.944859165600269
1990-06-22,34,1990-06-22,49.5,43.05,6.3,15.95,1873917.0,-3105096.0,3577,49.73427222931123,39.81952196409806,9.19414795730448
1990-07-08,35,1990-07-08,44.7,46.35,7.85,14.85,1873917.0,-3105096.0,3577,49.21503713004526,43.047705081289976,6.475071986835726
1990-07-24,36,1990-07-24,42.4,48.25,8.0,13.7,1873917.0,-3105096.0,3577,47.71103617743772,45.986877828047426,5.084212691332674
1990-08-09,37,1990-08-09,49.0,45.05,4.75,15.75,1873917.0,-3105096.0,3577,45.305035831035255,48.06546363852147,5.445684037324089
1990-08-25,38,1990-08-25,42.75,46.35,9.75,13.4,1873917.0,-3105096.0,3577,44.62406958366044,45.622247721312114,8.637291346423183
1990-09-10,39,1990-09-10,42.55,47.6,8.75,13.45,1873917.0,-3105096.0,3577,40.54909827014484,49.03112645867332,9.267440299637059
1990-09-26,40,1990-09-26,37.45,51.55,9.85,13.1,1873917.0,-3105096.0,3577,36.12851328237785,52.08145662386371,10.635505206865847
1990-10-12,41,1990-10-12,36.1,51.8,11.0,13.8,1873917.0,-3105096.0,3577,31.4460163675287,55.09362294051873,12.329706207103744
1990-10-28,42,1990-10-28,29.2,55.95,13.65,12.95,1873917.0,-3105096.0,3577,29.276411050245688,55.64216804866128,13.898004936238152
1990-11-13,43,1990-11-13,24.35,57.7,16.7,12.95,1873917.0,-3105096.0,3577,30.338689947818548,54.19256424689051,14.211065405180928
1990-12-15,44,1990-12-15,20.05,62.5,16.05,12.9,1873917.0,-3105096.0,3577,33.9436521682601,50.93565351056849,13.803383922576907
1991-02-01,45,1991-02-01,45.15,42.15,11.5,14.0,1873917.0,-3105096.0,3577,37.53178245902143,47.353065664978104,13.77166749658804
1991-03-05,46,1991-03-05,55.6,31.65,11.35,13.55,1873917.0,-3105096.0,3577,40.90928359565519,44.76787871570485,12.983369416958809
1991-03-21,47,1991-03-21,40.6,45.95,12.0,13.2,1873917.0,-3105096.0,3577,42.512941392966,44.02093572061955,12.15649288791522
1991-04-06,48,1991-04-06,38.15,49.15,11.6,14.55,1873917.0,-3105096.0,3577,42.04356881507955,45.14733811079885,11.573647405224623
1991-04-22,49,1991-04-22,32.85,50.95,14.95,12.9,1873917.0,-3105096.0,3577,38.132238195235594,48.840150252217256,11.852516833010418
1991-05-08,50,1991-05-08,32.15,53.8,13.0,12.85,1873917.0,-3105096.0,3577,31.74126631881576,53.32769598821434,13.774702851326179
1991-05-24,51,1991-05-24,28.6,56.9,13.35,13.55,1873917.0,-3105096.0,3577,25.817834332845955,57.626517136106045,15.421097014438363
1991-06-25,52,1991-06-25,25.95,56.6,16.35,14.95,1873917.0,-3105096.0,3577,23.920424776458354,58.04557795145163,16.947738639067378
1991-07-27,53,1991-07-27,21.05,58.2,19.6,14.25,1873917.0,-3105096.0,3577,23.790351598861974,55.73034163977604,19.35071662083757
1991-08-28,54,1991-08-28,17.75,58.45,22.55,11.5,1873917.0,-3105096.0,3577,20.285237827185256,57.9950356145316,20.545286756583998
1991-09-13,55,1991-09-13,18.15,57.7,23.0,12.15,1873917.0,-3105096.0,3577,15.628749269304205,60.74421182531731,22.445332221954256
1991-09-29,56,1991-09-29,19.45,60.1,19.4,12.0,1873917.0,-3105096.0,3577,13.419538201734333,62.61794150121389,22.719116023292194
1991-10-15,57,1991-10-15,16.2,59.1,23.35,11.25,1873917.0,-3105096.0,3577,14.736978501372583,62.9920240749868,21.023370282964667
1991-10-31,58,1991-10-31,16.9,62.4,19.3,12.4,1873917.0,-3105096.0,3577,20.96220772261481,58.33638258025931,19.457292861933915
1991-11-16,59,1991-11-16,16.85,67.5,14.5,9.6,1873917.0,-3105096.0,3577,32.23342895494117,51.887020719211094,14.647018770700791
1991-12-18,60,1991-12-18,43.8,37.55,17.4,13.0,1873917.0,-3105096.0,3577,42.865499090686185,43.1783297971314,12.70926952304471
1992-01-03,61,1992-01-03,63.55,29.95,5.25,17.05,1873917.0,-3105096.0,3577,52.40808607026863,35.22312076467897,11.119792591307958
1992-01-19,62,1992-01-19,59.95,25.75,13.2,14.2,1873917.0,-3105096.0,3577,55.84050829200923,30.76708253046803,12.13675117452026
1992-02-04,63,1992-02-04,60.5,25.75,12.4,14.75,1873917.0,-3105096.0,3577,53.301083591323305,30.87769490570887,14.552684621877496
1992-03-07,64,1992-03-07,42.85,43.5,12.25,12.2,1873917.0,-3105096.0,3577,45.74097322954999,34.98205146246419,17.973368117947473
1992-04-24,65,1992-04-24,24.8125,39.875,34.0,9.8125,1873923.75,-3105084.375,3577,35.45366293922267,42.6491118015048,20.559954751128146
1992-05-10,66,1992-05-10,27.05,55.9,15.8,13.8,1873917.0,-3105096.0,3577,26.296421496456272,50.69447758123471,21.71205806576999
1992-05-26,67,1992-05-26,16.95,55.2,26.5,22.75,1873917.0,-3105096.0,3577,23.536192599966174,53.6115893394451,21.58260516572888
1992-06-11,68,1992-06-11,31.85,52.3,14.7,14.35,1873917.0,-3105096.0,3577,23.99240051743563,55.39345352788798,19.37989239862015
1992-06-27,69,1992-06-27,30.8,53.2,14.8,13.8,1873917.0,-3105096.0,3577,27.111489478010192,55.06771579812553,16.650749096102643
1992-07-13,70,1992-07-13,30.05,53.6,15.1,14.0,1873917.0,-3105096.0,3577,33.084990744544626,52.10066736668126,13.58743532009583
1992-07-29,71,1992-07-29,33.6,52.35,12.95,13.55,1873917.0,-3105096.0,3577,32.64729589295665,53.6727196951575,12.431769468919313
1992-08-14,72,1992-08-14,32.75,52.45,13.45,13.75,1873917.0,-3105096.0,3577,33.252795308401794,52.25033395396392,13.247985451079444
1992-08-30,73,1992-08-30,33.75,52.65,12.35,13.9,1873917.0,-3105096.0,3577,35.279653065758126,51.83744279924197,11.667053548757405
1992-09-15,74,1992-09-15,39.4,49.25,10.1,14.35,1873917.0,-3105096.0,3577,35.35830126810459,50.558441994249236,12.85561674463818
1992-10-01,75,1992-10-01,28.85,51.85,18.0,12.75,1873917.0,-3105096.0,3577,35.82459204178342,49.44289401844249,13.567718405993888
1992-12-20,76,1992-12-20,27.6363636363636,57.6363636363636,13.9090909090909,14.8181818181818,1873913.18181818,-3105126.81818182,3577,32.582992507065875,50.28316679098364,16.002969813747043
1993-01-21,77,1993-01-21,50.9,34.95,12.95,13.7,1873917.0,-3105096.0,3577,29.378734803047884,51.91352771910678,17.59919992756769
1993-04-11,78,1993-04-11,19.35,57.25,22.25,12.0,1873917.0,-3105096.0,3577,26.470396139179122,53.006616884374225,19.42797596436484
1993-04-27,79,1993-04-27,16.5,58.35,23.9,11.5,1873917.0,-3105096.0,3577,23.822591860711015,54.947178883590595,20.077724920727828
1993-06-14,80,1993-06-14,19.65,57.85,21.5,13.15,1873917.0,-3105096.0,3577,23.80239126198523,54.17323388684808,20.781761891356307
1993-07-16,81,1993-07-16,23.9,56.6,18.1,14.0,1873917.0,-3105096.0,3577,23.399616791873356,53.51347290479618,21.80046223126393
1993-08-01,82,1993-08-01,32.0,49.6,17.15,12.0,1873917.0,-3105096.0,3577,24.861549286622967,53.526122020386474,20.345185000754718
1993-08-17,83,1993-08-17,23.95,51.15,23.6,13.05,1873917.0,-3105096.0,3577,23.45116802701591,56.02649656843867,19.343696551124
1993-09-02,84,1993-09-02,26.15,55.05,17.55,14.45,1873917.0,-3105096.0,3577,25.364213340834933,55.79654138430394,17.672882071486242
1993-09-18,85,1993-09-18,23.8,52.8,22.35,12.65,1873917.0,-3105096.0,3577,22.898967286579964,58.01104700252441,17.940188140030664
1993-10-04,86,1993-10-04,15.65,70.0,13.5,21.85,1873917.0,-3105096.0,3577,21.877185044054837,58.13633007858145,18.85020567667345
1993-10-20,87,1993-10-20,25.8,59.55,13.4,13.4,1873917.0,-3105096.0,3577,20.918966366447766,56.62695852907855,21.32485142566093
1993-11-05,88,1993-11-05,14.2,54.55,29.9,9.55,1873917.0,-3105096.0,3577,25.72079824200183,54.66765680139476,18.396127865939356
1993-12-23,89,1993-12-23,48.4,35.75,14.55,13.85,1873917.0,-3105096.0,3577,32.41765815453411,48.005054504312035,18.341087434234847
1994-01-08,90,1994-01-08,32.35,41.1,25.35,12.15,1873917.0,-3105096.0,3577,39.742504979534644,39.450809987220495,19.536153359021956
1994-01-24,91,1994-01-24,41.8,39.05,17.95,12.3,1873917.0,-3105096.0,3577,47.23363706726005,31.645948440100053,19.848122659071706
1994-02-25,92,1994-02-25,53.35,32.4,12.95,14.95,1873917.0,-3105096.0,3577,51.68583861957703,27.13336725193905,19.94997185476764
1994-03-13,93,1994-03-13,64.25,25.1,9.5,17.45,1873917.0,-3105096.0,3577,51.85656947540848,28.379031533477757,18.603660232953118
1994-03-29,94,1994-03-29,41.4375,16.6875,40.8125,16.5625,1873908.75,-3105082.5,3577,49.65327702482533,31.629735705466274,17.54922140552683
1994-04-14,95,1994-04-14,48.6,39.65,10.45,13.65,1873917.0,-3105096.0,3577,44.46317927427944,36.756124564284704,17.627578265385225
1994-05-16,96,1994-05-16,35.6,49.5,13.8,14.15,1873917.0,-3105096.0,3577,41.200399445749326,41.483182142928264,16.188583861956054
1994-06-01,97,1994-06-01,31.25,53.75,13.9,14.55,1873917.0,-3105096.0,3577,33.59790020350664,49.24098080711123,16.0479743553636
1994-06-17,98,1994-06-17,28.85,53.9,16.15,14.4,1873917.0,-3105096.0,3577,27.25072879906064,55.39312850461404,16.23357698802503
1994-07-03,99,1994-07-03,26.9,55.85,16.05,13.75,1873917.0,-3105096.0,3577,22.75878049968267,59.20129819869647,16.860075721489615
1994-08-04,100,1994-08-04,22.5,55.4,21.0,12.65,1873917.0,-3105096.0,3577,19.56422200090638,60.735757431413994,18.480050444908365
1994-09-21,101,1994-09-21,14.85,60.35,23.5,11.85,1873917.0,-3105096.0,3577,16.08915407347829,59.16437003398194,23.528289473680694
1994-10-07,102,1994-10-07,15.85,60.8,22.05,13.35,1873917.0,-3105096.0,3577,18.99990582172961,56.279898893667564,23.48129641256225
1994-11-08,103,1994-11-08,20.6,51.55,26.6,12.45,1873917.0,-3105096.0,3577,25.42501028383002,50.549852778792584,22.829607698799336
1994-12-10,104,1994-12-10,33.85,48.8,16.15,13.8,1873917.0,-3105096.0,3577,34.969252419402,43.65438416072438,20.212295135202332
1995-01-11,105,1995-01-11,44.35,35.75,18.9,11.65,1873917.0,-3105096.0,3577,44.61954686180026,37.23662776851076,16.95913204442363
1995-01-27,106,1995-01-27,57.55,24.2,17.15,13.8,1873917.0,-3105096.0,3577,51.71938340296701,33.34126415379787,13.731484769098815
1995-02-28,107,1995-02-28,61.45,28.45,8.75,16.1,1873917.0,-3105096.0,3577,54.49924873886907,32.075061161743676,12.216412998764113
1995-03-07,108,1995-03-07,51.65,40.85,6.25,15.65,1873917.0,-3105096.0,3577,52.29374851154256,35.65521877502769,10.815522094003452
1995-03-16,109,1995-03-16,39.6,44.8,14.2,12.9,1873917.0,-3105096.0,3577,46.24296152762955,41.349523696111945,11.17584922816954
1995-03-23,110,1995-03-23,35.4,48.05,15.3,12.85,1873917.0,-3105096.0,3577,37.83975621900753,47.42017796444332,13.446353027775166
1995-04-17,111,1995-04-17,32.8,51.0,15.2,13.7,1873917.0,-3105096.0,3577,31.20391110437084,52.590438199563465,14.931847409554155
1995-04-24,112,1995-04-24,29.8,53.5,15.5,13.7,1873917.0,-3105096.0,3577,27.145383099868205,54.56611639134044,17.10462123016047
1995-05-19,113,1995-05-19,25.15,58.15,15.45,14.05,1873917.0,-3105096.0,3577,26.082796769789773,54.93443352312501,17.88962307042535
1995-05-26,114,1995-05-26,23.85,52.7,22.25,16.5,1873917.0,-3105096.0,3577,27.345333304462347,55.77803914351068,15.833680096990424
1995-06-11,115,1995-06-11,28.25,55.9,14.75,17.3,1873917.0,-3105096.0,3577,27.99722661239271,56.23034921733772,14.763817142607508
1995-06-20,116,1995-06-20,31.8,54.55,13.1,16.9,1873917.0,-3105096.0,3577,27.62575180237306,55.37538483187811,15.971418519558549
1995-06-27,117,1995-06-27,26.7,57.25,14.95,13.05,1873917.0,-3105096.0,3577,26.62491502305346,54.83293100087946,17.552180172765787
1995-07-13,118,1995-07-13,26.55,55.85,16.4,14.45,1873917.0,-3105096.0,3577,27.063606053385293,53.863816060092844,17.967096061830222
1995-08-07,119,1995-08-07,26.25,50.95,21.5,13.75,1873917.0,-3105096.0,3577,26.99356556755534,50.90905193876569,20.779628266467267
1995-08-23,120,1995-08-23,19.15,50.25,29.35,12.5,1873917.0,-3105096.0,3577,22.38191163840984,52.843587217727936,23.445969458814247
1995-09-08,121,1995-09-08,22.1,55.75,20.9,13.5,1873917.0,-3105096.0,3577,20.421882434727678,57.11788051988437,21.2298120524095
1995-09-24,122,1995-09-24,24.4,57.0,17.35,13.7,1873917.0,-3105096.0,3577,18.95447699406043,60.703601703663,19.311098733330585
1995-10-10,123,1995-10-10,24.35,55.85,18.55,13.6,1873917.0,-3105096.0,3577,20.537522052013777,60.618596320641856,18.08974821500586
1995-10-26,124,1995-10-26,13.0,65.0,22.0,5.0,1873965.0,-3105165.0,3577,24.365746085852223,57.37402887476615,17.63327155378679
1995-11-11,125,1995-11-11,25.3636363636364,70.7272727272727,3.81818181818182,12.3636363636364,1873888.63636364,-3105083.18181818,3577,31.577590460009056,50.15598991494667,17.65268957517497
1995-11-27,126,1995-11-27,53.2,30.35,15.3,15.2,1873917.0,-3105096.0,3577,40.7167587127138,40.36437000938227,18.192890967740475
1995-12-13,127,1995-12-13,41.8888888888889,17.6666666666667,39.4444444444444,19.5555555555556,1873901.66666667,-3105101.66666667,3577,49.122724036127906,30.989999324247442,18.95098080766245
1995-12-29,128,1995-12-29,64.1,22.65,12.0,14.35,1873917.0,-3105096.0,3577,57.24504437301218,23.649846480563472,17.899672491873577
1996-01-14,129,1996-01-14,59.95,26.65,11.9,15.9,1873917.0,-3105096.0,3577,62.13710301763672,23.142915479373087,13.299316909174404
1996-01-30,130,1996-01-30,60.6,28.15,9.8,15.75,1873917.0,-3105096.0,3577,61.02050090365444,27.304577402429956,10.21121371814241
1996-02-15,131,1996-02-15,53.55,35.4,9.75,14.8,1873917.0,-3105096.0,3577,53.147315683435394,35.147569850958256,10.40349728068077
1996-03-02,132,1996-03-02,45.5,41.65,11.6,13.45,1873917.0,-3105096.0,3577,43.59742468374826,42.6638469532309,12.526888464395526
1996-03-18,133,1996-03-18,37.85,47.45,13.6,12.35,1873917.0,-3105096.0,3577,35.13378636789639,43.19104737446554,20.430507439423174
1996-04-03,134,1996-04-03,23.3846153846154,51.9230769230769,23.6153846153846,10.9230769230769,1873914.23076923,-3105121.15384615,3577,26.58397814775127,45.01773149450494,27.208662957265695
1996-04-19,135,1996-04-19,16.6,32.05,50.0,14.7,1873917.0,-3105096.0,3577,22.672163951786672,44.13171217921689,31.89752038863255
1996-05-21,136,1996-05-21,18.6,38.9,40.85,22.9,1873917.0,-3105096.0,3577,20.14059549642721,40.35982868048233,38.04230519420472
1996-06-06,137,1996-06-06,24.0,40.8,33.7,18.75,1873917.0,-3105096.0,3577,20.51873781136394,35.953077655846755,41.96826234017796
1996-07-08,138,1996-07-08,27.95,37.5,33.0,18.0,1873917.0,-3105096.0,3577,21.426196824526556,34.06392089691175,42.82488496261375
1996-07-24,139,1996-07-24,24.45,34.6,39.3,17.45,1873917.0,-3105096.0,3577,23.589864136812267,32.42871621114766,42.28889487506383
1996-08-09,140,1996-08-09,20.0,17.3,60.8,21.6,1873932.0,-3105117.0,3577,25.706445257525004,31.776813743527264,40.956724544798924
1996-08-25,141,1996-08-25,27.55,35.8,35.45,16.85,1873917.0,-3105096.0,3577,27.845013242687102,30.964521855848496,39.814044469456476
1996-09-10,142,1996-09-10,28.5,37.4,32.8,15.95,1873917.0,-3105096.0,3577,30.58408062525252,28.49404187143699,39.700766416240356
1996-09-26,143,1996-09-26,32.5,31.05,35.2,14.75,1873917.0,-3105096.0,3577,33.92449176210278,29.621156552421475,35.307240901508074
1996-10-12,144,1996-10-12,39.3333333333333,24.0,36.0,12.0,1873955.0,-3105155.0,3577,33.74037685739967,33.428897573010225,31.70397388988247
1996-10-28,145,1996-10-28,36.15,35.4,27.25,14.95,1873917.0,-3105096.0,3577,33.246701595613025,36.34591569420748,29.231713178458037
1996-11-13,146,1996-11-13,35.65,37.4,25.5,14.85,1873917.0,-3105096.0,3577,32.64052480027224,38.121567905772736,27.969375825408797
1996-11-29,147,1996-11-29,26.2,43.9,28.4,14.3,1873917.0,-3105096.0,3577,32.17203049787708,37.93432743726294,28.524963735950184
1996-12-15,148,1996-12-15,24.25,46.4,27.85,14.8,1873917.0,-3105096.0,3577,31.930611184476383,41.29265734265117,25.404247764615484
1997-01-16,149,1997-01-16,28.75,41.6,28.4,14.2,1873917.0,-3105096.0,3577,31.414671242065936,43.97650198098457,23.24031912359738
1997-03-21,150,1997-03-21,49.65,35.05,14.15,13.45,1873917.0,-3105096.0,3577,33.60651598143356,44.589160839154175,20.44499989174606
1997-04-06,151,1997-04-06,36.95,46.5,15.3,13.45,1873917.0,-3105096.0,3577,37.35962783346126,44.62691225182819,16.780247461514303
1997-04-22,152,1997-04-22,31.55,49.75,17.4,13.25,1873917.0,-3105096.0,3577,40.06470371732931,46.192374807847784,12.516190001946645
1997-05-08,153,1997-05-08,33.75,53.4,11.55,16.15,1873917.0,-3105096.0,3577,40.38829591460567,47.90574270929592,10.486225075232795
1997-06-09,154,1997-06-09,41.5,49.2,8.05,15.6,1873917.0,-3105096.0,3577,35.52764619281116,52.019030505090846,11.214622529171939
1997-06-25,155,1997-06-25,38.85,50.55,9.3,15.05,1873917.0,-3105096.0,3577,26.612456429015914,57.806040399220606,14.316369698410904
1997-08-12,156,1997-08-12,23.6,57.75,17.65,14.15,1873917.0,-3105096.0,3577,22.279883738549138,59.43929074021065,17.01369698412788
1997-08-28,157,1997-08-28,17.45,59.3,21.8,12.35,1873917.0,-3105096.0,3577,24.951686548741648,56.174300158037894,17.58677715473118
1997-09-13,158,1997-09-13,15.25,61.15,22.35,13.65,1873917.0,-3105096.0,3577,27.050010825084183,53.25481283421664,18.417013791159643
1997-09-29,159,1997-09-29,24.4,55.95,18.2,14.55,1873917.0,-3105096.0,3577,30.535291952624853,48.55478468898795,19.5992541514184
1997-10-15,160,1997-10-15,47.0,38.05,13.65,14.7,1873917.0,-3105096.0,3577,37.82523219813676,46.36059234882072,14.440328866178103
1997-11-16,161,1997-11-16,66.8,24.3,7.6,16.6,1873917.0,-3105096.0,3577,46.851900885485215,40.421331918849106,11.360204810667511
1997-12-02,162,1997-12-02,44.65,40.45,13.6,13.9,1873917.0,-3105096.0,3577,52.72649223840386,35.53894974993515,10.38627595314747
1997-12-18,163,1997-12-18,37.15,49.05,12.5,13.55,1873917.0,-3105096.0,3577,50.95474788368763,35.2747234189906,12.47993786399173
1998-01-03,164,1998-01-03,49.05,39.25,10.15,15.15,1873917.0,-3105096.0,3577,45.37484249495955,38.028935460818325,15.316640325616365
1998-01-19,165,1998-01-19,48.7,40.7,9.5,14.55,1873917.0,-3105096.0,3577,37.51144753079177,44.09826582085985,17.153559289005642
1998-03-24,166,1998-03-24,32.0,29.0,38.0,8.0,1873965.0,-3105045.0,3577,31.926023512086854,49.89837948428534,16.982024941000727
1998-04-09,167,1998-04-09,26.3,61.6,10.75,12.9,1873917.0,-3105096.0,3577,33.240623308575,50.50891554265412,15.061830738918271
1998-04-25,168,1998-04-25,30.55,58.45,9.85,18.05,1873917.0,-3105096.0,3577,39.440971876414906,47.57362359002515,11.792396458029373
1998-05-11,169,1998-05-11,47.5,47.8,3.5,17.45,1873917.0,-3105096.0,3577,44.40394520339677,45.03185201021215,9.351943644589308
1998-05-27,170,1998-05-27,50.8,43.6,4.35,16.4,1873917.0,-3105096.0,3577,51.5701346640898,41.3976119855315,5.792704973044667
1998-09-16,171,1998-09-16,62.9,29.45,6.4,17.25,1873917.0,-3105096.0,3577,56.35827415617594,38.86884945549226,3.5124558877649608
1998-10-02,172,1998-10-02,64.35,27.55,6.7,16.25,1873917.0,-3105096.0,3577,57.47113760851292,37.928249962106534,3.373906666088823
1998-10-18,173,1998-10-18,50.9,42.45,5.65,14.8,1873917.0,-3105096.0,3577,50.84883576175386,40.94791589988347,7.031362986857291
1998-11-03,174,1998-11-03,40.6,52.75,5.45,15.05,1873917.0,-3105096.0,3577,43.59267574530081,48.850345320307056,6.375087141959254
1998-11-19,175,1998-11-19,34.65,60.3,3.9,15.25,1873917.0,-3105096.0,3577,38.80681709930356,54.10049497715097,5.938260733074086
1998-12-05,176,1998-12-05,28.125,61.8125,8.875,17.4375,1873910.625,-3105082.5,3577,38.66154982787533,55.29182787026388,4.857496914849129
1999-01-06,177,1999-01-06,45.85,49.35,3.55,14.85,1873917.0,-3105096.0,3577,40.11647199549077,54.40134258155891,4.241494186926989
1999-01-22,178,1999-01-22,41.05,53.55,4.25,15.2,1873917.0,-3105096.0,3577,42.9615557816732,51.898065556726536,3.8746184156395085
1999-03-27,179,1999-03-27,57.1,39.65,1.85,15.45,1873917.0,-3105096.0,3577,43.846833120433374,50.592351804534644,4.307090974040795
1999-04-12,180,1999-04-12,42.2,52.25,4.4,13.45,1873917.0,-3105096.0,3577,41.46298306955582,52.127040799749736,5.27626437030383
1999-04-28,181,1999-04-28,32.75,57.65,8.45,12.55,1873917.0,-3105096.0,3577,36.244269739542965,56.345404479413084,6.360319015349024
1999-05-30,182,1999-05-30,22.75,68.95,7.5,14.6,1873917.0,-3105096.0,3577,30.09242893329131,61.10128169043665,7.902703024528468
1999-06-15,183,1999-06-15,22.65,66.5,10.1,15.25,1873917.0,-3105096.0,3577,22.972849415802642,65.12790193551604,11.037197348573407
1999-07-09,184,1999-07-09,24.05,63.25,11.9,17.05,1873917.0,-3105096.0,3577,21.502868315840878,67.76584773811953,9.943109505883466
1999-07-25,185,1999-07-25,24.1,66.1,8.95,16.1,1873917.0,-3105096.0,3577,21.59543329856247,68.8630509810611,8.73491547304019
1999-08-02,186,1999-08-02,21.4,68.25,9.35,15.4,1873917.0,-3105096.0,3577,24.855783802183293,65.98970075634543,8.227256977829414
1999-08-10,187,1999-08-10,24.3,64.15,10.6,16.0,1873917.0,-3105096.0,3577,24.551156487330204,64.96489716801986,9.429371450094866
1999-08-18,188,1999-08-18,23.35,68.4,6.95,14.5,1873917.0,-3105096.0,3577,21.633227268691165,65.470968323235,11.716932178485708
1999-09-03,189,1999-09-03,30.2,63.2,5.65,15.1,1873917.0,-3105096.0,3577,20.867601020356965,63.59779582099702,14.300353534643884
1999-09-19,190,1999-09-19,14.5555555555556,55.0,28.7777777777778,16.7777777777778,1873885.0,-3105081.66666667,3577,20.535092905432222,60.7564150321754,17.410148237199003
1999-09-27,191,1999-09-27,16.9411764705882,59.6470588235294,22.1764705882353,19.0,1873924.41176471,-3105089.11764706,3577,21.710131001959848,57.118198069956065,19.86692441696698
1999-10-29,192,1999-10-29,21.55,58.95,18.25,16.4,1873917.0,-3105096.0,3577,25.991860510031824,53.33164686948265,19.341774694676563
1999-11-14,193,1999-11-14,36.95,45.55,16.25,14.3,1873917.0,-3105096.0,3577,32.38401786804144,47.670900167633164,18.605092517710396
1999-11-29,194,1999-11-29,49.1,34.1,15.45,14.1,1873917.0,-3105096.0,3577,41.46833242840636,41.46401945854977,15.780505997167271
1999-12-08,195,1999-12-08,38.75,47.4,12.5,14.45,1873917.0,-3105096.0,3577,50.398214348625686,36.289733889610076,12.010824345324462
2000-01-01,196,2000-01-01,59.25,30.3,9.25,14.0,1873917.0,-3105096.0,3577,56.52385039331017,32.462174722013245,9.779547325939962
2000-01-17,197,2000-01-17,60.2777777777778,28.9444444444444,9.38888888888889,16.8888888888889,1873911.66666667,-3105100.0,3577,55.17618260679059,32.30730970417412,11.256563167372565
2000-02-02,198,2000-02-02,51.8,31.75,15.45,12.9,1873917.0,-3105096.0,3577,50.333440387852505,37.11002462793847,11.374086556477538
2000-03-05,199,2000-03-05,46.55,44.95,7.3,14.65,1873917.0,-3105096.0,3577,43.563412218697025,43.31660552131338,11.955783418193683
2000-04-06,200,2000-04-06,32.2727272727273,50.1818181818182,16.2727272727273,14.5454545454545,1873907.72727273,-3105080.45454545,3577,36.81286317897083,49.15878658195683,12.863808690291432
2000-05-08,201,2000-05-08,24.75,59.8,14.5,14.45,1873917.0,-3105096.0,3577,30.887802946650012,54.16260096034125,13.79171874189963
2000-06-25,202,2000-06-25,24.5,61.4,12.8,15.3,1873917.0,-3105096.0,3577,25.045538357876303,59.77947136828878,14.026560174039085
2000-07-11,203,2000-07-11,28.25,57.65,12.95,16.35,1873917.0,-3105096.0,3577,25.11914733950666,60.18195601033149,13.546504983584303
2000-07-27,204,2000-07-27,25.85,57.35,15.55,14.65,1873917.0,-3105096.0,3577,23.32754948869151,61.119818210675945,14.380743611391619
2000-08-12,205,2000-08-12,22.45,61.55,15.0,13.1,1873917.0,-3105096.0,3577,21.675628396368182,61.10714672323666,16.106279633676607
2000-08-28,206,2000-08-28,22.65,60.5,15.75,13.75,1873917.0,-3105096.0,3577,20.386212085125443,61.9213470739694,16.53893134728801
2000-09-13,207,2000-09-13,17.0,64.5,17.2,12.9,1873917.0,-3105096.0,3577,19.079368464350132,62.22250427590055,17.493778821794784
2000-10-15,208,2000-10-15,15.75,62.85,20.15,12.45,1873917.0,-3105096.0,3577,19.06427504383876,60.79570298122022,18.888899954531805
2000-10-31,209,2000-10-31,11.55,65.6,21.65,14.15,1873917.0,-3105096.0,3577,19.171732447116575,61.87973326981691,17.597608738008585
2000-12-02,210,2000-12-02,30.25,53.7,14.65,11.9,1873917.0,-3105096.0,3577,18.69829071856656,60.742046266418,19.200268462185097
2000-12-18,211,2000-12-18,24.1,58.9,15.4,14.1,1873917.0,-3105096.0,3577,21.57636017233218,60.779611487574556,16.29121111086812
2001-01-03,212,2001-01-03,24.15,56.1,18.55,14.35,1873917.0,-3105096.0,3577,24.855380068843846,57.57151215656547,16.26675290653376
2001-01-19,213,2001-01-19,20.6,58.45,19.7,13.5,1873917.0,-3105096.0,3577,26.7964894238848,54.19585615621958,17.74875727986918
2001-02-04,214,2001-02-04,23.65,63.3,11.95,16.1,1873917.0,-3105096.0,3577,28.860165840347285,50.91385448915648,19.010074909607674
2001-02-20,215,2001-02-20,38.25,34.875,25.75,9.875,1873953.75,-3105093.75,3577,31.793213752187327,47.11964591135714,19.91095174175372
2001-03-24,216,2001-03-24,45.75,44.8,8.1,15.35,1873917.0,-3105096.0,3577,35.56286453484065,43.78124391088133,19.48364653921638
2001-04-09,217,2001-04-09,26.9,32.3,39.6,14.6,1873902.0,-3105096.0,3577,40.41191950463792,40.717024616244544,17.662198791917515
2001-04-25,218,2001-04-25,40.0,51.75,7.1,16.0,1873917.0,-3105096.0,3577,42.160097642289486,40.79099298533673,15.780021217170562
2001-05-11,219,2001-05-11,49.95,40.4,8.35,15.7,1873917.0,-3105096.0,3577,43.06800645174614,41.582075277657296,14.090795427480632
2001-05-27,220,2001-05-27,40.0,45.45,13.25,14.25,1873917.0,-3105096.0,3577,38.3294572300707,46.764168416715606,13.674554547617522
2001-06-12,221,2001-06-12,34.95,50.05,13.8,14.4,1873917.0,-3105096.0,3577,31.414166638310547,54.23427918829585,13.154561692175825
2001-07-14,222,2001-07-14,29.5,53.15,16.2,13.2,1873917.0,-3105096.0,3577,30.82143027250926,53.16926208465661,14.837906211433403
2001-07-30,223,2001-07-30,30.15,53.15,15.5,13.75,1873917.0,-3105096.0,3577,33.19836035725226,50.91093249262603,14.699919096706862
2001-08-15,224,2001-08-15,26.7,54.5,17.7,13.15,1873917.0,-3105096.0,3577,34.77425943342059,47.4874846897557,16.53859985854386
2001-10-18,225,2001-10-18,28.1,54.4,16.25,14.85,1873917.0,-3105096.0,3577,39.18033577018903,46.20636536160909,13.375660648120135
2001-11-19,226,2001-11-19,59.15,31.25,8.2,17.9,1873917.0,-3105096.0,3577,42.84770413777306,43.98672151227116,11.829496511558768
2001-12-21,227,2001-12-21,61.65,26.75,10.3,16.25,1873917.0,-3105096.0,3577,42.33485771632378,44.9439352020545,11.365826235156206
2002-01-22,228,2002-01-22,28.7142857142857,60.8571428571429,9.0,12.4285714285714,1873943.57142857,-3105117.85714286,3577,39.85746956380909,47.693044275380075,11.092172632895585
2002-03-11,229,2002-03-11,24.3076923076923,61.4615384615385,12.9230769230769,14.4615384615385,1873902.69230769,-3105075.0,3577,33.91516847173827,52.32718852761252,12.465824398835409
2002-04-12,230,2002-04-12,25.2631578947368,54.1052631578947,19.3684210526316,10.5263157894737,1873914.47368421,-3105092.36842105,3577,27.55518074134124,56.73535094215174,14.490760699545714
2002-05-14,231,2002-05-14,24.15,60.75,14.0,13.75,1873917.0,-3105096.0,3577,21.902478054274702,60.450339893987234,16.524808722441655
2002-05-30,232,2002-05-30,23.35,58.7,17.05,14.85,1873917.0,-3105096.0,3577,19.897868793065797,61.3958501382458,17.619575261226032
2002-07-01,233,2002-07-01,24.5,57.4,16.85,14.95,1873917.0,-3105096.0,3577,23.35716364331224,58.756464325703234,16.774708553123215
2002-07-17,234,2002-07-17,20.5,59.55,18.95,14.1,1873917.0,-3105096.0,3577,27.104340416476468,55.77926702343838,15.997138574187113
2002-09-19,235,2002-09-19,28.2,57.0,13.5,14.4,1873917.0,-3105096.0,3577,22.707680359396043,60.83020661918238,15.300411296376096
2002-10-05,236,2002-10-05,22.7,62.2,13.9,10.75,1873917.0,-3105096.0,3577,20.65853489837212,62.896050950832176,15.238329814227813
2002-10-21,237,2002-10-21,20.4,62.4,15.9,13.2,1873917.0,-3105096.0,3577,19.291755043063873,62.950211943823206,16.506473687626514
2002-11-06,238,2002-11-06,17.75,65.15,15.95,14.6,1873917.0,-3105096.0,3577,18.061767953406118,63.47922449067012,17.224334798326034
2002-11-22,239,2002-11-22,17.2,62.5,19.2,12.45,1873917.0,-3105096.0,3577,19.92328151724139,61.87340059320559,17.02651930112976
2002-12-08,240,2002-12-08,15.65,65.5,17.5,11.35,1873917.0,-3105096.0,3577,26.4372079932412,56.22669899758843,16.127759856240417
2003-01-09,241,2003-01-09,47.8,36.3,14.65,14.4,1873917.0,-3105096.0,3577,35.43956136741984,49.34345406914329,13.994473792459317
2003-01-25,242,2003-01-25,37.3,48.25,13.3,13.65,1873917.0,-3105096.0,3577,44.91979475632055,42.53598151074296,11.266160774208625
2003-03-14,243,2003-03-14,52.25,41.5,5.05,16.55,1873917.0,-3105096.0,3577,50.85740977288205,38.707616532068954,9.132779449651151
2003-03-30,244,2003-03-30,62.45,31.7,4.4,17.7,1873917.0,-3105096.0,3577,52.55976392028238,38.19786096256114,7.911182934711164
2003-04-15,245,2003-04-15,52.55,35.0,10.95,14.65,1873917.0,-3105096.0,3577,50.87778552715873,40.24859382103362,7.578959894593439
2003-05-17,246,2003-05-17,38.3,51.85,8.7,15.2,1873917.0,-3105096.0,3577,44.61862317248648,45.13361839398316,8.987545272064054
2003-07-28,247,2003-07-28,33.1,52.5,13.2,14.85,1873917.0,-3105096.0,3577,37.137463156033455,50.77545952498754,10.785001376331032
2003-08-05,248,2003-08-05,33.8,55.3,9.65,14.0,1873917.0,-3105096.0,3577,34.61047512858141,52.767815930191944,11.334010880758408
2003-08-29,249,2003-08-29,32.15,55.3,11.3,13.85,1873917.0,-3105096.0,3577,30.293841298016332,57.101406178951834,11.359187870950873
2003-09-14,250,2003-09-14,31.3,55.85,11.6,13.2,1873917.0,-3105096.0,3577,27.81030950473258,59.98331420900183,10.986076307591684
2003-09-22,251,2003-09-22,25.4285714285714,62.0,11.1428571428571,12.7142857142857,1873917.85714286,-3105143.57142857,3577,28.52307877880206,58.88593496286116,11.333603857441162
2003-10-24,252,2003-10-24,35.6,55.9,7.25,15.0,1873917.0,-3105096.0,3577,31.01129170107034,59.45637020357495,8.260956329530934
2003-11-01,253,2003-11-01,31.35,59.75,7.95,13.7,1873917.0,-3105096.0,3577,31.403894557450236,59.47315161617678,7.9457387813413005
2003-11-25,254,2003-11-25,24.05,60.95,13.75,13.0,1873917.0,-3105096.0,3577,33.36916983944349,56.49609322565135,8.955982562327971
2003-12-11,255,2003-12-11,39.1,50.5,9.1,15.25,1873917.0,-3105096.0,3577,37.00484211350531,50.98061407116373,10.806747535228897
2003-12-19,256,2003-12-19,54.6,39.3,4.85,15.4,1873917.0,-3105096.0,3577,42.4598418609191,43.02814414686837,13.281606628663479
2004-01-04,257,2004-01-04,44.25,43.5,11.15,11.0,1873917.0,-3105096.0,3577,50.66965913342865,32.86988676957226,15.180487314540782
2004-01-12,258,2004-01-12,43.3333333333333,20.6666666666667,34.6666666666667,8.0,1873965.0,-3105135.0,3577,55.30023062591895,27.939673587502234,15.437044792150848
2004-01-28,259,2004-01-28,66.9,24.1,7.35,16.0,1873917.0,-3105096.0,3577,58.76330078589262,25.80094719521579,14.091374569700642
2004-02-05,260,2004-02-05,63.5,22.9,12.5,14.1,1873917.0,-3105096.0,3577,58.90940050660532,27.723493688969427,12.05150685227905
2004-02-13,261,2004-02-13,62.6,30.6,5.55,13.9,1873917.0,-3105096.0,3577,56.741538389362724,32.4179498004527,9.531626216918914
2004-02-21,262,2004-02-21,50.85,42.75,5.05,14.4,1873917.0,-3105096.0,3577,54.935090605980236,37.63571413106454,6.154789019029586
2004-02-29,263,2004-02-29,37.2,57.0,4.6,7.8,1873959.0,-3105105.0,3577,52.06222801965059,43.1078005585681,3.6320877265144267
2004-03-08,264,2004-03-08,54.5,37.6,6.65,15.45,1873917.0,-3105096.0,3577,45.729217940106565,48.71087668780439,4.415372097140903
2004-03-16,265,2004-03-16,46.0,47.0,6.0,14.3333333333333,1873915.0,-3105155.0,3577,40.892383967538606,50.4300071445507,7.520645691530493
2004-04-01,266,2004-04-01,38.8,52.55,7.5,14.1,1873917.0,-3105096.0,3577,39.4753337041561,51.89214531597657,7.467730911621198
2004-04-09,267,2004-04-09,35.2,54.0,9.65,13.4,1873917.0,-3105096.0,3577,37.537433571424145,52.666397843634556,8.666011637801244
2004-04-17,268,2004-04-17,33.8,55.9,9.15,12.95,1873917.0,-3105096.0,3577,36.14789643554285,53.493928208006906,9.245252615922823
2004-05-03,269,2004-05-03,33.2307692307692,56.0,9.53846153846154,15.6153846153846,1873916.53846154,-3105070.38461538,3577,33.46460304400979,56.091138582771066,9.322485873258474
2004-05-11,270,2004-05-11,35.3,55.8,7.9,15.5,1873917.0,-3105096.0,3577,31.799969439938483,57.77344822359439,9.32811000621054
2004-05-19,271,2004-05-19,31.4,56.95,10.65,15.25,1873917.0,-3105096.0,3577,32.47545128126924,57.378271882907285,9.069806913732684
2004-05-27,272,2004-05-27,31.95,59.0,7.95,16.3,1873917.0,-3105096.0,3577,31.810838911024675,58.00439931584576,9.186766829263671
2004-06-04,273,2004-06-04,30.3,57.45,11.35,15.75,1873917.0,-3105096.0,3577,30.43209255616517,59.00807551580664,9.571747685511438
2004-06-12,274,2004-06-12,28.85,62.6,7.45,15.65,1873917.0,-3105096.0,3577,29.094985402780537,59.58950940699276,10.363357909057719
2004-06-20,275,2004-06-20,29.2,57.55,12.4,15.6,1873917.0,-3105096.0,3577,28.218488168174357,60.19903007208609,10.653805018509308
2004-06-28,276,2004-06-28,24.0,63.75,11.3,14.65,1873917.0,-3105096.0,3577,26.30491855924899,57.43032937134247,15.254028015326043
2004-07-06,277,2004-07-06,28.7,56.4,13.95,15.45,1873917.0,-3105096.0,3577,26.90742817553561,64.47851111735596,7.630971659917883
2004-07-14,278,2004-07-14,24.15,63.9,10.85,14.35,1873917.0,-3105096.0,3577,25.59881898287089,65.47089242026344,7.9630723765386815
2004-07-22,279,2004-07-22,25.25,60.6,13.25,14.3,1873917.0,-3105096.0,3577,24.27270706589229,61.87034575330864,12.870230285708244
2004-08-07,280,2004-08-07,22.25,63.65,12.9,14.75,1873917.0,-3105096.0,3577,21.943149072286662,57.84744744418802,19.205668557445875
2004-08-15,281,2004-08-15,20.2,64.1,14.65,14.1,1873917.0,-3105096.0,3577,20.259337721099406,54.41447206043916,24.23140574595321
2004-08-23,282,2004-08-23,23.6666666666667,66.6666666666667,9.0,13.6666666666667,1873925.0,-3105035.0,3577,18.751021978534666,51.61483686591274,28.51040597688778
2004-08-31,283,2004-08-31,7.0,3.5,88.0,14.5,1873860.0,-3105120.0,3577,17.570906222258095,51.9625267920856,29.281227673251152
2004-09-16,284,2004-09-16,20.2,67.1,11.35,14.65,1873917.0,-3105096.0,3577,15.640054720818648,55.64988741907415,27.48136731688952
2004-09-24,285,2004-09-24,17.0666666666667,74.1333333333333,7.53333333333333,15.6,1873905.0,-3105105.0,3577,15.680784746726683,60.52473099654857,22.51614164988442
2004-10-02,286,2004-10-02,20.15,66.75,11.85,14.25,1873917.0,-3105096.0,3577,16.787430178178447,65.72976033253688,16.20800244646752
2004-10-10,287,2004-10-10,15.3125,72.75,10.875,12.6875,1873916.25,-3105110.625,3577,18.980910768794928,70.4159496849794,9.330998181383787
2004-10-18,288,2004-10-18,19.4,72.4,6.9,11.95,1873917.0,-3105096.0,3577,21.17666094361028,73.47850274215479,4.202330119231073
2004-11-03,289,2004-11-03,23.15,66.35,9.4,13.5,1873917.0,-3105096.0,3577,25.422807720221225,70.67106055097503,2.8888895852391587
2004-11-11,290,2004-11-11,38.55,54.65,5.7,15.3,1873917.0,-3105096.0,3577,29.53583148763781,59.96534682523685,9.404474371154564
2004-11-19,291,2004-11-19,28.0,65.7,5.35,12.6,1873917.0,-3105096.0,3577,35.6391893540386,57.999563409804054,5.267557591774665
2004-11-27,292,2004-11-27,39.2,55.6,4.2,15.6,1873911.0,-3105039.0,3577,39.14420628865417,54.54926125690342,5.199718511079148
2004-12-21,293,2004-12-21,40.95,53.2,4.75,14.75,1873917.0,-3105096.0,3577,41.24787164928312,52.177547649236125,5.468700103871194
2004-12-29,294,2004-12-29,47.65,45.4,5.5,15.15,1873917.0,-3105096.0,3577,39.914307765310035,52.68909741064731,6.310051912401464
2005-01-14,295,2005-01-14,35.3684210526316,55.3684210526316,8.1578947368421,14.3157894736842,1873916.05263158,-3105092.36842105,3577,37.21458740867506,54.60129791179163,7.081759034511761
2005-01-22,296,2005-01-22,29.35,57.25,12.65,13.25,1873917.0,-3105096.0,3577,33.29646991430753,57.74085720915558,7.893079797828495
2005-01-30,297,2005-01-30,28.4285714285714,66.2857142857143,4.14285714285714,10.2857142857143,1873917.85714286,-3105143.57142857,3577,29.525198501998712,60.975526966099586,8.442233845670742
2005-02-07,298,2005-02-07,26.65,65.2,7.15,12.65,1873917.0,-3105096.0,3577,24.200512173174353,65.97756561508226,8.791163985109227
2005-03-03,299,2005-03-03,20.4,65.8666666666667,12.6,12.4666666666667,1873919.0,-3105115.0,3577,21.491759861448678,68.14449221680566,9.286273267223486
2005-03-11,300,2005-03-11,21.1,69.9,7.85,12.55,1873917.0,-3105096.0,3577,19.934450477009005,68.69017633009601,10.247164730330871
2005-03-27,301,2005-03-27,18.35,69.55,10.95,12.15,1873917.0,-3105096.0,3577,19.859154711255222,68.19087238844838,10.740606964396962
2005-04-04,302,2005-04-04,18.95,65.85,13.95,13.0,1873917.0,-3105096.0,3577,18.567266581757117,68.02156818126663,12.220658383047857
2005-04-12,303,2005-04-12,18.9,67.85,12.1,12.85,1873917.0,-3105096.0,3577,18.205653240649106,67.33966386834786,13.342216986501503
2005-04-20,304,2005-04-20,17.6363636363636,66.5454545454545,14.6363636363636,13.1818181818182,1873918.63636364,-3105129.54545455,3577,17.429271614957152,67.33202539086699,14.100212593483768
2005-04-28,305,2005-04-28,17.6,68.85,12.6,13.2,1873917.0,-3105096.0,3577,17.729585654984064,67.99806253882073,13.139808868303941
2005-05-14,306,2005-05-14,16.5,69.4,12.9,14.3,1873917.0,-3105096.0,3577,17.182623076330046,68.6278250035817,13.0512736208326
2005-05-22,307,2005-05-22,15.95,65.85,17.1,14.15,1873917.0,-3105096.0,3577,16.062081782555033,69.3100463707312,13.449622106009059
2005-05-30,308,2005-05-30,16.1,70.75,11.85,13.7,1873917.0,-3105096.0,3577,15.092140985946779,68.8255006603201,14.885657840609179
2005-06-07,309,2005-06-07,13.6,70.2,14.8,13.6,1873905.0,-3105147.0,3577,14.345286034912377,67.89477689492155,16.52022775985378
2005-06-15,310,2005-06-15,18.35,68.4,12.2,16.0,1873917.0,-3105096.0,3577,14.263576825649,66.85730476952389,17.605726471668117
2005-07-01,311,2005-07-01,9.05,60.45,29.25,12.45,1873917.0,-3105096.0,3577,14.949427713666967,65.43690777745527,18.377332986927758
2005-07-17,312,2005-07-17,15.75,64.15,18.8,14.8,1873917.0,-3105096.0,3577,16.886943139417397,63.36195306240799,18.53810864058265
2005-07-25,313,2005-07-25,20.8,63.5,14.6,14.8,1873920.0,-3105060.0,3577,17.431148108854476,62.733793760409775,18.62762995518135
2005-08-02,314,2005-08-02,18.4,64.25,16.05,14.05,1873917.0,-3105096.0,3577,18.331396364210953,62.302844472339814,18.201840986667992
2005-08-10,315,2005-08-10,22.3333333333333,60.6,16.0,14.4,1873919.0,-3105115.0,3577,20.147969574282342,62.993283032747314,15.731756478812958
2005-08-18,316,2005-08-18,20.6,62.4,15.95,13.9,1873917.0,-3105096.0,3577,21.863696984127138,62.806307778899026,14.217141527201331
2005-08-26,317,2005-08-26,19.3333333333333,63.6666666666667,15.6666666666667,17.0,1873919.0,-3105115.0,3577,22.00448627739319,63.32015054088412,13.578467456174412
2005-09-03,318,2005-09-03,18.95,68.15,12.0,14.8,1873917.0,-3105096.0,3577,22.81169759033194,63.270787056071725,12.708639502910057
2005-09-11,319,2005-09-11,30.9,57.8,10.15,14.95,1873917.0,-3105096.0,3577,21.048256078283885,65.39814999241267,12.336429669399969
2005-09-27,320,2005-09-27,25.45,61.0,12.25,14.05,1873917.0,-3105096.0,3577,23.92125686490654,62.35287983429467,12.566723317959834
2005-10-05,321,2005-10-05,22.7,60.25,15.65,12.95,1873917.0,-3105096.0,3577,28.919219823859475,55.92277791007606,14.031328526992063
2005-10-21,322,2005-10-21,28.85,59.3,10.7,14.35,1873917.0,-3105096.0,3577,33.758441042956136,51.32650775436386,13.782536967674224
2005-10-29,323,2005-10-29,42.75,43.7,12.6,12.35,1873917.0,-3105096.0,3577,39.80019809910858,45.4950756673599,13.56714008385632
2005-11-06,324,2005-11-06,39.6666666666667,34.6666666666667,25.0,8.0,1873965.0,-3105135.0,3577,45.11045160549131,40.46770589231286,13.254376067686781
2005-12-16,325,2005-12-16,72.0,22.15,4.35,17.85,1873917.0,-3105096.0,3577,51.40258802084659,35.68460481726204,11.773089758536916
2006-01-01,326,2006-01-01,43.25,47.7,7.55,13.45,1873917.0,-3105096.0,3577,56.23488106320083,32.69414857587744,9.845033294877027
2006-01-17,327,2006-01-17,50.2222222222222,43.7777777777778,4.66666666666667,15.1666666666667,1873916.66666667,-3105103.33333333,3577,57.132471999955726,33.53694640412406,8.037797445071787
2006-01-25,328,2006-01-25,62.0,23.0,14.0,11.0,1873965.0,-3105045.0,3577,53.76038930109334,35.557305388105036,9.328245748058592
2006-02-02,329,2006-02-02,49.2,43.55,5.9,14.35,1873917.0,-3105096.0,3577,50.07086401729617,46.061013702492886,2.546133123841718
2006-02-18,330,2006-02-18,49.6,45.5,3.6,15.2,1873920.0,-3105060.0,3577,45.22466440507561,50.33833445105912,3.2008151549168438
2006-02-26,331,2006-02-26,33.8571428571429,58.6428571428571,6.21428571428571,19.2857142857143,1873932.85714286,-3105090.0,3577,39.74086264611988,52.37374905795175,6.768518323780471
2006-04-07,332,2006-04-07,35.7,56.35,7.0,15.4,1873917.0,-3105096.0,3577,36.536667383178965,52.24716561817173,10.11875160443121
2006-04-15,333,2006-04-15,28.6,61.95,8.3,14.4,1873917.0,-3105096.0,3577,28.190619863448482,55.789207855259875,14.969320643234818
2006-05-01,334,2006-05-01,31.6,60.75,6.75,15.2,1873917.0,-3105096.0,3577,25.794670010068636,54.2294658772519,18.95726618582372
2006-05-09,335,2006-05-09,20.0,19.0,60.0,20.0,1873875.0,-3105015.0,3577,25.752035580514704,50.963289496873216,22.293663921214765
2006-05-17,336,2006-05-17,25.6,65.05,8.35,14.15,1873917.0,-3105096.0,3577,24.772689307592724,52.08421899307345,22.0677762639804
2006-05-25,337,2006-05-25,22.375,58.3125,18.125,15.125,1873920.0,-3105082.5,3577,25.639023283214495,53.098063739657974,20.14089215737522
2006-06-02,338,2006-06-02,28.45,60.9,9.4,14.25,1873917.0,-3105096.0,3577,25.14022595051631,56.61483342508039,17.078077417935546
2006-06-10,339,2006-06-10,32.5,53.4,12.9,13.4,1873917.0,-3105096.0,3577,25.909116889298772,60.56633505812168,12.355384398881007
2006-06-18,340,2006-06-18,18.3,68.65,11.95,15.45,1873917.0,-3105096.0,3577,25.937431531313106,64.8120848578569,8.10478631275724
2006-06-26,341,2006-06-26,25.0,62.45,11.4,14.2,1873917.0,-3105096.0,3577,25.472692091186737,65.78191317195751,7.598203576608013
2006-07-04,342,2006-07-04,25.85,63.1,10.05,13.8,1873917.0,-3105096.0,3577,22.821998203031946,63.44562098117652,12.59974506917043
2006-07-20,343,2006-07-20,20.6,70.5,7.65,14.6,1873917.0,-3105096.0,3577,21.588037194999913,67.26548637120388,9.988420403124794
2006-08-05,344,2006-08-05,22.05,68.25,8.55,14.65,1873917.0,-3105096.0,3577,19.872665028467015,69.02917604839948,9.969385026736479
2006-08-13,345,2006-08-13,18.25,66.0,14.5,14.5,1873905.0,-3105150.0,3577,20.35102838337828,67.62416267941573,10.7273679880475
2006-08-21,346,2006-08-21,17.25,68.45,12.85,13.9,1873917.0,-3105096.0,3577,20.65786003287971,67.02196047440903,10.980782602935395
2006-08-29,347,2006-08-29,20.2,72.6,6.2,16.65,1873917.0,-3105096.0,3577,18.314359925265947,69.87088751713459,10.522760321083279
2006-09-06,348,2006-09-06,20.9,66.95,10.75,13.7,1873917.0,-3105096.0,3577,17.37323344111465,71.44878166814816,9.998068231166352
2006-09-22,349,2006-09-22,16.75,71.7,10.4,13.95,1873917.0,-3105096.0,3577,17.490187041602656,72.39684790940993,9.059240390822538
2006-09-30,350,2006-09-30,17.25,68.75,12.6,14.5,1873917.0,-3105096.0,3577,16.002594455260063,74.72557127810063,8.319661353032906
2006-10-08,351,2006-10-08,10.0,90.0,0.0,21.0,1873845.0,-3105135.0,3577,14.97025178199832,74.6415606497743,9.463747702851192
2006-10-24,352,2006-10-24,14.2,71.25,13.45,13.5,1873917.0,-3105096.0,3577,14.68222382015871,73.84039822633008,10.52207958222644
2006-11-17,353,2006-11-17,20.8823529411765,66.2941176470588,11.7058823529412,14.0,1873917.35294118,-3105085.58823529,3577,14.478305074544494,73.76932356251277,10.742685519723622
2006-11-25,354,2006-11-25,19.0,69.0,10.75,13.0,1873917.0,-3105096.0,3577,18.204184406011958,71.05017192786117,9.711348131015233
2006-12-11,355,2006-12-11,16.2,71.0,11.65,12.9,1873917.0,-3105096.0,3577,23.96125667493686,65.9090361309508,9.009409007490891
2007-01-04,356,2007-01-04,31.9375,59.1875,7.625,14.3125,1873912.5,-3105091.875,3577,30.766309862855746,60.2263582828342,7.825618274178039
2007-01-12,357,2007-01-12,36.05,62.45,0.65,14.5,1873917.0,-3105096.0,3577,37.257967332278305,55.288940265734425,6.283564946952701
2007-01-28,358,2007-01-28,41.4,50.6,6.95,14.05,1873917.0,-3105096.0,3577,40.86737432047469,53.704399306049936,4.39592727852612
2007-03-01,359,2007-03-01,53.75,40.7,4.4,14.4,1873917.0,-3105096.0,3577,44.47657980528675,49.72606026472818,4.745853606698265
2007-03-17,360,2007-03-17,40.35,51.55,6.95,12.5,1873917.0,-3105096.0,3577,44.66433637089865,48.403234924538964,5.878418112223253
2007-03-25,361,2007-03-25,39.5384615384615,51.5384615384615,7.76923076923077,12.6153846153846,1873916.53846154,-3105070.38461538,3577,40.96748387061241,49.99621798479409,7.884362618804165
2007-04-02,362,2007-04-02,33.5,56.65,8.85,11.55,1873917.0,-3105096.0,3577,35.77700801222532,50.428235577227795,12.63526622222551
2007-04-10,363,2007-04-10,32.25,54.95,11.45,11.65,1873917.0,-3105096.0,3577,30.84607155466125,60.22712332022874,7.581443758669343
2007-04-18,364,2007-04-18,30.75,57.35,10.75,11.05,1873917.0,-3105096.0,3577,27.13133913002524,64.434867026272,7.1385375638877715
2007-04-26,365,2007-04-26,19.0,64.0,15.5,6.5,1873965.0,-3105060.0,3577,25.066497517720254,62.07715698208936,11.649709388014388
2007-05-04,366,2007-05-04,26.6,62.5,9.65,12.15,1873917.0,-3105096.0,3577,25.04655304209586,57.048036079177834,16.797745550469884
2007-05-28,367,2007-05-28,24.8,63.35,10.95,13.05,1873917.0,-3105096.0,3577,23.66258741258388,53.14805148411165,22.157696637724293
2007-06-21,368,2007-06-21,22.7,63.1,13.0,14.4,1873917.0,-3105096.0,3577,23.943790368554588,49.216413720431134,25.872081014956404
2007-06-28,369,2007-06-28,28.0,0.0,72.0,20.0,1873875.0,-3105015.0,3577,23.466115789951292,47.57814823634547,28.005969314479056
2007-06-29,370,2007-06-29,20.0,59.5,19.0,15.5,1873950.0,-3105165.0,3577,23.59125910209149,47.13891655299621,28.276581004130957
2007-07-07,371,2007-07-07,23.55,61.4,13.7,13.65,1873917.0,-3105096.0,3577,24.162821595325724,50.335031428831954,24.429673731837266
2007-07-14,372,2007-07-14,22.7,59.2,16.9,13.7,1873917.0,-3105096.0,3577,22.80604629288499,54.70034616225749,21.283107810658812
2007-07-15,373,2007-07-15,23.85,58.15,16.9,13.35,1873917.0,-3105096.0,3577,22.15459272409405,58.76562998404225,17.840060403989625
2007-07-30,374,2007-07-30,21.15,58.8,18.85,12.9,1873917.0,-3105096.0,3577,21.693851349885257,61.64333391066215,15.455787092162488
2007-07-31,375,2007-07-31,26.1111111111111,55.4444444444444,17.3333333333333,11.7777777777778,1873915.0,-3105055.0,3577,22.181990781832663,59.953892461159036,16.674120822415535
2007-08-08,376,2007-08-08,22.65,55.55,20.55,11.6,1873917.0,-3105096.0,3577,24.94589945657684,50.73754357097251,23.25077615882221
2007-08-15,377,2007-08-15,22.0,46.5,30.5,8.0,1873875.0,-3105030.0,3577,27.943773048412837,50.54686902364165,20.367451124723615
2007-08-31,378,2007-08-31,34.5,50.95,13.45,13.95,1873917.0,-3105096.0,3577,34.459457999855324,46.53605848914751,17.820021361504764
2007-09-09,379,2007-09-09,41.7,44.35,12.6,14.4,1873917.0,-3105096.0,3577,38.203040045604,44.2552635187244,16.35274848989775
2007-09-16,380,2007-09-16,43.0,39.4,16.35,13.05,1873917.0,-3105096.0,3577,41.34709057711537,41.61699141930718,15.834919569592127
2007-09-17,381,2007-09-17,46.35,40.35,12.2,14.05,1873917.0,-3105096.0,3577,44.108017541447495,41.418586075081436,13.230315298734379
2007-09-25,382,2007-09-25,43.5,40.8,14.5,13.4,1873917.0,-3105096.0,3577,44.220308587175055,41.38307136619211,13.177749031152633
2007-10-19,383,2007-10-19,41.35,42.3,15.0,13.2,1873917.0,-3105096.0,3577,42.11390374330923,42.58725273693677,14.112591020948045
2007-11-20,384,2007-11-20,31.6666666666667,48.3333333333333,19.0,13.0,1873925.0,-3105035.0,3577,40.47921041805887,42.39885542733205,15.996567725357902
2007-12-06,385,2007-12-06,50.2,37.95,10.6,14.65,1873917.0,-3105096.0,3577,39.472882071482985,44.20492325011787,15.224340210870437
2008-01-22,386,2008-01-22,40.5,48.55,9.9,14.55,1873917.0,-3105096.0,3577,41.03338673709578,43.154711439225096,14.668045782904262
2008-01-23,387,2008-01-23,36.3333333333333,37.7333333333333,24.9333333333333,10.5333333333333,1873931.0,-3105091.0,3577,43.28261923834032,42.370441735760465,13.153277115039842
2008-02-07,388,2008-02-07,50.35,42.9,5.4,17.05,1873917.0,-3105096.0,3577,46.645879971414786,40.99745718676993,11.130552729003064
2008-02-08,389,2008-02-08,48.8,38.5333333333333,11.3333333333333,18.6,1873929.0,-3105109.0,3577,49.54750048712157,39.304743914490345,9.865292962969495
2008-02-23,390,2008-02-23,48.95,43.05,6.65,14.95,1873917.0,-3105096.0,3577,51.004223949417565,38.954473648121066,8.711267112658991
2008-03-03,391,2008-03-03,58.1,34.45,6.05,15.45,1873917.0,-3105096.0,3577,50.388090237927905,40.630554894016306,7.684454090799685
2008-03-10,392,2008-03-10,46.3,45.55,7.0,18.3,1873917.0,-3105096.0,3577,51.08723361261298,41.343664436692315,6.296318026657645
2008-03-11,393,2008-03-11,49.15,38.9,10.8,12.95,1873917.0,-3105096.0,3577,48.27913151519242,44.24411439952575,6.248059212028868
2008-04-04,394,2008-04-04,43.45,49.1,6.2,13.7,1873917.0,-3105096.0,3577,44.59740775219985,45.934294961997075,8.288189467909591
2008-04-11,395,2008-04-11,40.05,52.45,6.35,14.75,1873917.0,-3105096.0,3577,41.880560568986624,48.87413341887703,8.068213924408187
2008-04-12,396,2008-04-12,39.9,49.65,9.3,14.15,1873917.0,-3105096.0,3577,38.049130012802905,51.228355072071025,9.566786303025367
2008-04-28,397,2008-04-28,37.75,48.5,12.5,14.1,1873917.0,-3105096.0,3577,35.01450594624852,52.498409302482514,11.344533027014439
2008-06-15,398,2008-06-15,30.6363636363636,55.5454545454545,12.6363636363636,15.0909090909091,1873918.63636364,-3105129.54545455,3577,33.359141590180776,52.612717608867925,12.874791420229963
2008-07-01,399,2008-07-01,29.4444444444444,53.6666666666667,15.8888888888889,14.2222222222222,1873915.0,-3105055.0,3577,29.32623613212815,53.99910066478356,15.500259197987667
2008-08-02,400,2008-08-02,28.5,54.0,16.3125,14.875,1873916.25,-3105110.625,3577,28.625361607147354,53.48056699843123,16.713681066327737
2008-08-18,401,2008-08-18,28.05,51.9,18.85,13.75,1873917.0,-3105096.0,3577,27.572480001465458,52.67272687907983,18.562479694755982
2008-09-11,402,2008-09-11,28.2,50.55,19.95,13.45,1873917.0,-3105096.0,3577,28.11426397819166,51.538006523912145,19.144864097028425
2008-09-19,403,2008-09-19,27.45,54.75,16.5,13.4,1873917.0,-3105096.0,3577,29.249304307659067,50.15655531258497,19.368731822869798
2008-09-27,404,2008-09-27,30.45,46.7,21.7,13.35,1873917.0,-3105096.0,3577,30.74911683681278,49.0461890768882,18.982310977555116
2008-10-21,405,2008-10-21,39.4,43.55,16.0,13.6,1873917.0,-3105096.0,3577,31.88430347992214,49.02267249121287,17.870784598564786
2008-10-29,406,2008-10-29,29.35,46.25,23.05,12.65,1873917.0,-3105096.0,3577,34.97855651712433,46.562603486196316,17.249686367668595
2008-11-06,407,2008-11-06,40.2727272727273,50.1818181818182,8.27272727272727,14.4545454545455,1873918.63636364,-3105129.54545455,3577,40.080490632356316,42.511899035379884,16.190170696877402
2008-11-14,408,2008-11-14,39.95,41.1,17.75,13.8,1873917.0,-3105096.0,3577,45.60042680369891,38.129041743502704,14.988572249588874
2008-11-22,409,2008-11-22,49.2,34.8666666666667,14.6666666666667,15.1333333333333,1873919.0,-3105115.0,3577,48.25883661792032,35.92300482142333,14.497237175056576
2008-11-30,410,2008-11-30,52.35,31.2,15.0,15.15,1873917.0,-3105096.0,3577,48.41680683515029,36.349916154765786,13.891166531186977
2008-12-16,411,2008-12-16,54.55,29.8,14.4,15.25,1873917.0,-3105096.0,3577,47.04740233965538,37.5563160781371,14.082354023683195
2009-01-09,412,2009-01-09,43.0,44.0,11.65,14.45,1873917.0,-3105096.0,3577,43.163234752856795,40.639212438741964,14.910623380744994
2009-02-10,413,2009-02-10,30.6,52.95,15.1,12.55,1873917.0,-3105096.0,3577,38.169573924521785,46.727710060830006,13.828550087681148
2009-02-18,414,2009-02-18,27.0,55.5,16.5,14.5,1873965.0,-3105060.0,3577,33.6488355813383,52.33773048416229,12.789952153108135
2009-02-26,415,2009-02-26,34.1,52.35,12.25,14.55,1873917.0,-3105096.0,3577,28.520162809322628,55.81310665597758,14.488588913664145
2009-03-06,416,2009-03-06,29.45,54.4,15.0,13.4,1873917.0,-3105096.0,3577,26.1281062590621,56.981462036407095,15.729150880077324
2009-03-14,417,2009-03-14,26.1333333333333,57.6666666666667,15.0,13.9333333333333,1873919.0,-3105115.0,3577,25.359534016031766,56.80759885108881,16.660875966136636
2009-03-22,418,2009-03-22,28.6,57.85,12.45,13.75,1873917.0,-3105096.0,3577,26.303553876460157,55.60065058779399,16.943198597066033
2009-03-30,419,2009-03-30,16.6,52.0,30.2,13.5,1873947.0,-3105111.0,3577,26.28513715386387,55.260734157475135,17.277437268611155
2009-04-07,420,2009-04-07,26.65,58.95,13.2,12.85,1873917.0,-3105096.0,3577,25.005601261479875,56.24166215620484,17.57715040377316
2009-04-15,421,2009-04-15,30.2,55.55,13.1,15.6,1873917.0,-3105096.0,3577,24.46324882547427,56.96209487106469,17.430856913981245
2009-04-23,422,2009-04-23,27.65,57.2,14.0,15.2,1873917.0,-3105096.0,3577,27.456434432436524,57.14088094567117,14.185641602976943
2009-05-01,423,2009-05-01,28.25,54.85,15.75,12.9,1873917.0,-3105096.0,3577,29.031897204957886,57.17290408249306,12.610236203423174
2009-05-09,424,2009-05-09,25.55,59.35,13.9,14.5,1873917.0,-3105096.0,3577,30.03013969174511,56.99051156960523,11.857945975591264
2009-05-25,425,2009-05-25,30.1,60.3,8.55,15.65,1873917.0,-3105096.0,3577,31.24463436459874,56.32558437433757,11.40137262118516
2009-06-10,426,2009-06-10,37.35,51.7,9.85,16.05,1873917.0,-3105096.0,3577,30.97580628864996,55.09535639797974,12.956124834915471
2009-06-18,427,2009-06-18,35.55,53.1,10.45,16.05,1873917.0,-3105096.0,3577,32.447891753924054,54.596584444099506,12.01732591453774
2009-06-26,428,2009-06-26,24.75,52.5,22.2,17.95,1873917.0,-3105096.0,3577,33.56948155043629,53.45526820959458,12.073622507521629
2009-07-12,429,2009-07-12,36.15,54.35,8.4,15.3,1873917.0,-3105096.0,3577,34.34854294311985,52.53979302430528,12.182084478986681
2009-07-20,430,2009-07-20,36.1111111111111,53.4444444444444,9.33333333333333,15.3333333333333,1873911.66666667,-3105135.0,3577,34.48710671852571,51.83732358112387,12.66673161719412
2009-07-28,431,2009-07-28,33.4,51.5,13.95,14.2,1873917.0,-3105096.0,3577,34.251984238666424,51.985432678768554,12.652841585657033
2009-08-05,432,2009-08-05,34.95,50.7,13.25,14.35,1873917.0,-3105096.0,3577,33.768008255928905,52.18318069958157,12.864106172463384
2009-08-21,433,2009-08-21,33.4,51.5,13.9,13.8,1873917.0,-3105096.0,3577,33.566576938708145,51.029898653110834,14.138494374560374
2009-09-14,434,2009-09-14,31.25,51.3,16.05,13.75,1873917.0,-3105096.0,3577,30.841121623469952,51.622992848217336,16.25576002944181
2009-09-30,435,2009-09-30,26.15,52.95,19.7,12.2,1873917.0,-3105096.0,3577,26.50811159943891,52.05765261569437,20.211885946867447
2009-10-08,436,2009-10-08,25.8,52.6,20.4,12.3,1873917.0,-3105096.0,3577,24.956575639698848,52.887400439250115,20.934077738563772
2009-10-16,437,2009-10-16,21.15,54.4,23.2,12.5,1873917.0,-3105096.0,3577,23.082984765489055,54.49802189553697,21.197781939419635
2009-10-24,438,2009-10-24,22.65,54.95,21.15,12.3,1873917.0,-3105096.0,3577,22.459509840001843,55.78833921495627,20.514800060617425
2009-11-01,439,2009-11-01,18.4,59.1,21.4,12.55,1873917.0,-3105096.0,3577,22.343565567556034,56.592667085228285,19.828272965421704
2009-11-09,440,2009-11-09,25.35,54.3,19.15,10.6,1873917.0,-3105096.0,3577,20.03781744570918,58.72696312974074,20.00083461429912
2009-12-27,441,2009-12-27,24.4,60.4,13.8,11.6,1873911.0,-3105039.0,3577,19.654361788878973,58.79496922065703,20.314279734710137
2010-01-12,442,2010-01-12,19.2,58.75,20.75,17.45,1873917.0,-3105096.0,3577,20.578190694751093,57.39184004848782,20.837111649956835
2010-01-20,443,2010-01-20,23.3,52.25,23.4,12.05,1873917.0,-3105096.0,3577,25.622772738093992,53.61805191711511,19.63094026716024
2010-02-13,444,2010-02-13,22.5,52.0,24.5,12.0,1873950.0,-3105165.0,3577,32.1740277266545,48.11740096847738,18.60964876196796
2010-02-21,445,2010-02-21,37.5,45.9,15.5,13.6,1873917.0,-3105096.0,3577,40.037141960200984,42.61960531727698,16.22121500789989
2010-03-17,446,2010-03-17,58.6,30.5,9.75,15.4,1873917.0,-3105096.0,3577,45.729135724949316,38.76243586134648,14.399614626857058
2010-03-25,447,2010-03-25,51.8333333333333,37.1666666666667,9.83333333333333,19.6111111111111,1873915.0,-3105096.66666667,3577,50.556528971536885,36.583852937562646,11.659516695892663
2010-04-02,448,2010-04-02,55.05,34.7,8.95,16.25,1873917.0,-3105096.0,3577,50.4738790621068,35.751560977716636,12.450141808653878
2010-04-26,449,2010-04-26,41.6,41.0,15.9,12.9,1873917.0,-3105096.0,3577,49.99867103999484,39.86048157208552,8.795593106582501
2010-05-04,450,2010-05-04,41.0,46.95,10.75,13.5,1873917.0,-3105096.0,3577,45.30600720228526,43.8444355438098,9.523899990616833
2010-05-12,451,2010-05-12,36.35,47.15,15.3,13.45,1873917.0,-3105096.0,3577,38.37545735997175,47.61760159344587,12.701575050334764
2010-06-05,452,2010-06-05,39.5,48.5,10.5,15.0,1873920.0,-3105030.0,3577,31.0833158232737,51.40429907932807,16.221523351991845
2010-06-21,453,2010-06-21,31.9,52.25,14.85,13.3,1873917.0,-3105096.0,3577,27.392537968578225,52.59069148480073,18.767398709710267
2010-07-07,454,2010-07-07,31.8,61.65,5.4,12.05,1873917.0,-3105096.0,3577,27.256547598305865,52.78531122535184,18.731542218374923
2010-07-23,455,2010-07-23,8.33333333333333,39.1666666666667,51.0,21.4166666666667,1873930.0,-3105102.5,3577,29.010072802056804,51.189580907960675,18.554890874948505
2010-08-16,456,2010-08-16,31.3,54.65,12.8,14.85,1873917.0,-3105096.0,3577,31.299411730568274,49.03323716938477,18.396500534876232
2010-09-01,457,2010-09-01,37.15,51.95,9.7,14.75,1873917.0,-3105096.0,3577,35.4730455302513,46.97707898564235,16.26568821508727
2010-10-27,458,2010-10-27,54.6153846153846,37.8461538461538,6.30769230769231,15.6923076923077,1873914.23076923,-3105121.15384615,3577,37.88591466135529,44.42571411843984,16.403062218884596
2010-11-28,459,2010-11-28,43.4210526315789,41.6315789473684,13.5789473684211,10.5263157894737,1873920.78947368,-3105093.94736842,3577,41.61744943554003,43.30291959060915,13.788960562845505
2011-01-15,460,2011-01-15,30.5882352941176,44.4117647058824,23.7647058823529,17.2941176470588,1873926.17647059,-3105090.88235294,3577,42.62573009728261,42.57528692631726,13.58703061699278
2011-01-23,461,2011-01-23,42.9,41.0,14.9,18.35,1873917.0,-3105096.0,3577,43.001084000692245,41.579353069682625,14.229685598767633
2011-02-24,462,2011-02-24,39.4375,42.375,16.9375,16.375,1873920.0,-3105082.5,3577,41.6519123214995,37.80347052701724,19.310167618341737
2011-03-20,463,2011-03-20,43.4,37.6,17.9,10.5,1873947.0,-3105111.0,3577,44.0703896825067,37.889929084116964,16.797588056199437
2011-04-13,464,2011-04-13,55.7,36.5,6.55,17.2,1873917.0,-3105096.0,3577,46.972877094622426,37.12801728554896,14.667864582769088
2011-04-21,465,2011-04-21,46.8947368421053,30.2105263157895,21.5789473684211,18.1578947368421,1873920.78947368,-3105093.94736842,3577,51.9309571239627,35.380761845908864,11.43224093586371
2011-04-29,466,2011-04-29,55.65,36.35,6.6,17.35,1873917.0,-3105096.0,3577,52.888072441046816,36.052849027482765,9.74863938499636
2011-05-06,467,2011-05-06,49.8,40.85,8.0,17.95,1873917.0,-3105096.0,3577,52.31324529335219,37.95540152407738,8.38880122233703
2011-05-15,468,2011-05-15,48.7,43.0,7.1,16.85,1873917.0,-3105096.0,3577,51.401368006273145,39.92550339508354,7.296348279930376
2011-05-23,469,2011-05-23,52.2,39.6,6.85,18.55,1873917.0,-3105096.0,3577,48.42721656499856,42.96572318425596,7.214759889096843
2011-05-31,470,2011-05-31,47.6,43.75,7.1,18.4,1873917.0,-3105096.0,3577,44.96437336222391,44.89900555421312,8.773293627414848
2011-06-23,471,2011-06-23,39.4,47.4,11.85,17.05,1873917.0,-3105096.0,3577,42.631863260050324,46.00098613485199,10.02588104311861
2011-06-24,472,2011-06-24,40.8,46.2,11.7,16.35,1873917.0,-3105096.0,3577,39.438432686649435,46.07396770511737,13.160646358857626
2011-07-02,473,2011-07-02,34.1666666666667,47.1666666666667,17.3888888888889,14.9444444444444,1873911.66666667,-3105090.0,3577,38.22261052830855,46.61284668732175,13.85584106956846
2011-07-09,474,2011-07-09,38.15,48.45,12.2,16.4,1873917.0,-3105096.0,3577,36.888142642459584,47.11740016353508,14.727303204057376
2011-07-18,475,2011-07-18,36.3,44.8,17.65,14.3,1873917.0,-3105096.0,3577,36.2733741781437,47.60851484785045,14.877959370943582
2011-07-26,476,2011-07-26,39.8461538461538,48.1538461538462,10.6923076923077,16.2307692307692,1873916.53846154,-3105070.38461538,3577,35.87876153773449,48.10828083164827,14.795580717869537
2011-08-03,477,2011-08-03,35.55,49.05,14.1,15.2,1873917.0,-3105096.0,3577,36.74745085825745,48.92617273176201,13.053403379979194
2011-08-11,478,2011-08-11,35.1111111111111,49.5,14.1666666666667,15.6666666666667,1873913.33333333,-3105088.33333333,3577,37.0930086398952,49.503824420392405,12.075463299895892
2011-08-19,479,2011-08-19,34.6,51.7,12.4,15.4,1873917.0,-3105096.0,3577,35.345848384364174,50.82056281020752,12.50866425257761
2011-08-27,480,2011-08-27,34.8,50.95,12.9,16.65,1873917.0,-3105096.0,3577,34.67613323407042,50.917606256560305,13.070868299754183
2011-09-12,481,2011-09-12,38.5,48.45,11.75,16.05,1873917.0,-3105096.0,3577,35.64396974118995,48.77212115104932,14.30078104399158
2011-09-20,482,2011-09-20,39.8,45.85,12.85,15.3,1873917.0,-3105096.0,3577,36.638012658131025,45.98679555737692,16.1319978782803
2011-09-27,483,2011-09-27,28.2,47.6,23.2,11.8,1873869.0,-3105075.0,3577,38.33170379671354,43.803850483874896,16.665169196126456
2011-10-14,484,2011-10-14,37.0,44.5,17.5,15.5,1873920.0,-3105030.0,3577,38.018809793571904,43.79217346120716,17.001741395856502
2011-11-07,485,2011-11-07,50.3,35.9,12.5,15.15,1873917.0,-3105096.0,3577,37.427699957415726,45.27549308276186,16.164926714150305
2011-11-15,486,2011-11-15,34.0,47.0,18.0,13.0,1873935.0,-3105165.0,3577,37.12626230242965,48.00033815909497,13.772660379231315
2012-01-18,487,2012-01-18,35.15,56.05,7.5,14.4,1873917.0,-3105096.0,3577,37.53903722034859,50.50094633475636,10.859199807626382
2012-02-19,488,2012-02-19,35.85,54.5,8.55,14.65,1873917.0,-3105096.0,3577,38.68921440946346,52.28959300998291,7.896561147036272
2012-03-06,489,2012-03-06,35.9,56.7,6.3,15.5,1873914.0,-3105132.0,3577,39.69100587829454,52.807751429320106,6.334930172628678
2012-05-09,490,2012-05-09,44.4666666666667,48.4,6.2,15.5333333333333,1873919.0,-3105115.0,3577,39.3749618577495,52.6832752823029,6.80158379896311
2012-07-28,491,2012-07-28,42.8461538461538,49.7692307692308,6.07692307692308,15.6153846153846,1873916.53846154,-3105070.38461538,3577,40.09321447385863,51.82857730504017,6.9633975415698774
2012-08-13,492,2012-08-13,39.85,49.7,9.25,14.6,1873917.0,-3105096.0,3577,41.524699961366345,49.41531905046991,7.9253406295582405
2012-08-29,493,2012-08-29,36.6111111111111,52.6666666666667,9.61111111111111,13.0,1873913.33333333,-3105088.33333333,3577,36.80336995344359,52.65198007750072,9.45071003310849
2012-09-14,494,2012-09-14,33.2,55.05,10.7,13.1,1873917.0,-3105096.0,3577,31.1898477256415,57.57401429803664,10.12886979935005
2012-09-30,495,2012-09-30,28.9,59.75,10.3,12.75,1873917.0,-3105096.0,3577,29.55342591953178,60.04831950125942,9.29229840129705
2012-10-16,496,2012-10-16,27.55,60.1,11.25,12.7,1873917.0,-3105096.0,3577,28.021388273608707,59.552393027675166,11.270750984270023
2012-11-01,497,2012-11-01,28.0,58.2857142857143,12.4285714285714,13.0,1873917.85714286,-3105143.57142857,3577,30.190402100778222,54.63003674525349,13.995580741116804
2012-12-03,498,2012-12-03,26.55,58.75,13.5,13.2,1873917.0,-3105096.0,3577,34.542477715929124,47.442691782804886,16.749094819462016
2013-02-05,499,2013-02-05,50.3529411764706,29.1176470588235,19.0588235294118,19.0,1873920.88235294,-3105101.47058824,3577,40.53061589556158,38.297020438427936,19.806761840313793
2013-02-21,500,2013-02-21,52.2857142857143,25.2857142857143,21.0,16.5714285714286,1873917.85714286,-3105143.57142857,3577,45.929303032808136,31.324853404792943,21.319509359567906
2013-03-25,501,2013-03-25,37.4,28.2,33.0,20.8,1873887.0,-3105051.0,3577,50.33994361081045,28.43186436199459,19.757425248789033
2013-04-10,502,2013-04-10,59.95,29.2,9.5,15.7,1873917.0,-3105096.0,3577,53.429504204057,29.712995006599243,15.374333195389761
2013-04-18,503,2013-04-18,51.85,33.45,13.05,16.3,1873917.0,-3105096.0,3577,52.140000826261,33.42895847598115,12.973683090192385
2013-04-26,504,2013-04-26,47.7,40.2,10.55,15.55,1873917.0,-3105096.0,3577,47.963119390738285,37.4585584430562,13.110985469493132
2013-06-13,505,2013-06-13,44.0,48.0,6.75,18.125,1873912.5,-3105138.75,3577,42.87994955757208,41.624492724438106,14.057662885569618
2013-06-29,506,2013-06-29,43.7,41.2,13.65,14.2,1873917.0,-3105096.0,3577,40.62063205223846,41.81661701361017,16.18132102874695
2013-07-06,507,2013-07-06,34.4210526315789,36.3684210526316,27.8947368421053,12.1052631578947,1873919.21052632,-3105100.26315789,3577,37.95903921725417,41.54176750412077,19.15157448059232
2013-07-07,508,2013-07-07,28.3,37.6,32.7,18.25,1873917.0,-3105096.0,3577,35.754429797018545,40.87227723392178,22.004367068483063
2013-07-23,509,2013-07-23,41.7,42.05,14.8,17.45,1873917.0,-3105096.0,3577,38.02324351548159,40.80115376448481,19.80443741256547
2013-07-31,510,2013-07-31,41.55,47.55,9.7,17.4,1873917.0,-3105096.0,3577,38.44746482130623,41.91313718146235,18.200573925917475
2013-08-08,511,2013-08-08,41.25,41.35,15.9,16.55,1873917.0,-3105096.0,3577,39.13233402575331,43.97105430281407,15.441037045348738
2013-08-24,512,2013-08-24,39.0,43.8,15.45,15.95,1873917.0,-3105096.0,3577,39.0873634756907,46.65580921711884,12.79791550581648
2013-09-01,513,2013-09-01,36.5,49.65,12.5,15.8,1873917.0,-3105096.0,3577,38.12232902342322,47.54212209584646,12.864274470932965
2013-09-17,514,2013-09-17,33.0,50.75,15.0,16.0,1873905.0,-3105150.0,3577,35.49892734769995,47.98226016826408,15.07337222958229
2013-09-25,515,2013-09-25,31.5,47.95,19.0,14.85,1873917.0,-3105096.0,3577,31.621991977509243,49.8687601145474,17.10162597864896
2013-10-03,516,2013-10-03,32.5,50.6111111111111,15.6111111111111,15.8888888888889,1873913.33333333,-3105088.33333333,3577,29.731813391602635,52.26790065415962,16.663090778213444
2013-10-11,517,2013-10-11,26.95,54.5,17.2,13.45,1873917.0,-3105096.0,3577,27.11394496629925,55.193873552267675,16.493527436512345
2013-10-19,518,2013-10-19,25.25,55.75,17.875,14.8125,1873916.25,-3105110.625,3577,24.53169014775485,56.00506953197296,18.28832820653377
2013-11-04,519,2013-11-04,21.3684210526316,60.4210526315789,17.0526315789474,15.2105263157895,1873919.21052632,-3105100.26315789,3577,21.773047441143117,57.53495701753199,19.513081844228275
2013-11-20,520,2013-11-20,18.0769230769231,60.3846153846154,20.4615384615385,15.3846153846154,1873914.23076923,-3105121.15384615,3577,20.69238438956282,58.475925935794116,19.661959167585554
2013-11-28,521,2013-11-28,22.75,55.4,20.7,14.9,1873917.0,-3105096.0,3577,20.526863499233343,58.278871250495655,19.97689192911872
2013-12-06,522,2013-12-06,19.05,57.6,22.05,15.65,1873917.0,-3105096.0,3577,20.920285133078515,57.578450303716366,20.235474060495264
2013-12-14,523,2013-12-14,22.85,54.45,21.15,15.5,1873917.0,-3105096.0,3577,23.45351358619891,55.965077694066665,19.26664830788304
2014-02-08,524,2014-02-08,25.95,59.0,13.85,13.6,1873917.0,-3105096.0,3577,24.9610124081357,55.16602250762952,18.550523287958736
2014-02-16,525,2014-02-16,28.75,53.55,16.4,12.9,1873917.0,-3105096.0,3577,24.837623073115758,57.03513482812079,16.900679400090723
2014-02-24,526,2014-02-24,23.0,57.3571428571429,18.5,14.1428571428571,1873932.85714286,-3105092.14285714,3577,24.33693039172983,57.99176649964971,16.4612749795589
2014-03-12,527,2014-03-12,27.1764705882353,55.8823529411765,15.8235294117647,11.5294117647059,1873915.58823529,-3105106.76470588,3577,26.514365847224756,56.84756093477699,15.440911383278408
2014-03-20,528,2014-03-20,30.7,53.6,14.35,11.75,1873917.0,-3105096.0,3577,30.491960525356077,53.03704009520919,15.206567262638565
2014-03-28,529,2014-03-28,25.9,58.15,14.9,17.3,1873917.0,-3105096.0,3577,35.13346856202824,49.27851368263126,14.277143271950827
2014-04-05,530,2014-04-05,41.1,45.1,12.25,15.1,1873917.0,-3105096.0,3577,41.02519641166816,44.34181962636955,13.230433716709282
2014-04-21,531,2014-04-21,55.65,28.15,14.45,15.65,1873917.0,-3105096.0,3577,47.16074027046733,40.55094033629214,10.900098890363154
2014-05-15,532,2014-05-15,55.7,37.8,5.3,15.85,1873917.0,-3105096.0,3577,51.49960176409962,36.799328862718006,10.280592654475656
2014-05-31,533,2014-05-31,47.0,38.35,13.3,14.75,1873917.0,-3105096.0,3577,52.07641633543241,34.82992470104497,11.72260940661785
2014-06-16,534,2014-06-16,52.15,40.95,5.75,17.35,1873917.0,-3105096.0,3577,52.53418951290139,40.24148275690198,5.863039264504422
2014-06-24,535,2014-06-24,49.95,36.6,11.9,15.4,1873917.0,-3105096.0,3577,53.265786226149785,38.07240576760131,7.264293446490505
2014-07-02,536,2014-07-02,47.45,42.65,8.65,15.5,1873917.0,-3105096.0,3577,47.557904479414404,40.099832211126525,11.019648617634587
2014-07-10,537,2014-07-10,43.1,42.4,12.95,15.0,1873917.0,-3105096.0,3577,42.936944943594874,42.16943752840956,13.553863473985288
2014-07-18,538,2014-07-18,43.9,46.75,8.15,15.25,1873917.0,-3105096.0,3577,37.9488912016719,43.6447993183222,17.10623695190003
2014-07-26,539,2014-07-26,41.0,44.05,13.5,15.7,1873917.0,-3105096.0,3577,33.62675497876234,46.00049223221911,19.10263869257392
2014-08-11,540,2014-08-11,21.0,21.5,56.5,10.0,1873950.0,-3105165.0,3577,29.06280468756815,48.50295710480744,21.182362219820355
2014-08-26,541,2014-08-26,11.0,88.0,0.0,3.0,1873965.0,-3105105.0,3577,27.89733347147791,50.00958205880059,20.879005359961994
2014-08-27,542,2014-08-27,40.8,44.1,13.55,14.65,1873917.0,-3105096.0,3577,27.89940539336407,50.68217780670584,20.16905764513822
2014-09-04,543,2014-09-04,30.7,44.1,23.9,12.55,1873917.0,-3105096.0,3577,29.072223596832245,52.121240678818026,17.54404249001509
2014-09-28,544,2014-09-28,35.65,49.15,13.7,14.6,1873917.0,-3105096.0,3577,31.42151870317035,51.466406374835216,15.754392898121187
2014-10-06,545,2014-10-06,27.4285714285714,55.4285714285714,16.1428571428571,13.8571428571429,1873917.85714286,-3105143.57142857,3577,32.67118330585334,51.63789345328821,14.296359600150025
2014-10-14,546,2014-10-14,32.6,50.2,15.75,14.15,1873917.0,-3105096.0,3577,30.886058910125495,51.93905730491642,15.779605456460672
2014-10-22,547,2014-10-22,25.05,57.4,16.1,13.65,1873917.0,-3105096.0,3577,26.434025236885056,53.86301340557502,18.40845702285055
2014-10-30,548,2014-10-30,25.2,56.3,17.15,13.0,1873917.0,-3105096.0,3577,23.085319556600925,61.68732204327259,13.991996934951498
2014-11-23,549,2014-11-23,21.75,58.625,18.375,13.25,1873912.5,-3105138.75,3577,22.24337721102094,61.18873471728596,15.33531677300798
2014-12-01,550,2014-12-01,17.3333333333333,68.6666666666667,13.0,16.3333333333333,1873905.0,-3105065.0,3577,21.391026790001106,60.151094499158674,17.241333015197966
2014-12-09,551,2014-12-09,26.625,58.75,13.5,15.0,1873912.5,-3105138.75,3577,23.066991029986603,57.8467839965065,17.824822847021586
2014-12-17,552,2014-12-17,30.7,51.5,16.4,13.85,1873917.0,-3105096.0,3577,27.198175887168887,53.388128284449955,18.159739539421523
2015-01-10,553,2015-01-10,28.5714285714286,41.2857142857143,28.7142857142857,14.9285714285714,1873924.28571429,-3105113.57142857,3577,35.151452656295056,45.69845001149925,17.807499950755393
2015-01-18,554,2015-01-18,36.55,45.75,16.3,13.8,1873917.0,-3105096.0,3577,41.6921403551576,39.989245628896654,16.90793722734565
2015-02-03,555,2015-02-03,55.4,31.25,11.85,15.6,1873917.0,-3105096.0,3577,47.315874475037205,35.830095666101386,15.451558885954489
2015-02-11,556,2015-02-11,51.7,34.95,12.0,19.2,1873917.0,-3105096.0,3577,51.20307217495227,33.75930239034264,13.59089398054895
2015-02-27,557,2015-02-27,58.0526315789474,31.4736842105263,9.1578947368421,15.1578947368421,1873919.21052632,-3105100.26315789,3577,53.09435314562434,34.476130151414225,10.98376090261212
2015-03-07,558,2015-03-07,48.55,37.55,12.4,14.6,1873917.0,-3105096.0,3577,52.79921808270783,36.37891726978685,9.392768344575643
2015-03-15,559,2015-03-15,43.8,44.7,10.05,14.45,1873917.0,-3105096.0,3577,50.20890149445698,37.76200044862507,10.551095572179214
2015-03-23,560,2015-03-23,50.8,37.35,10.3,15.3,1873917.0,-3105096.0,3577,46.901544289715545,42.39960181038251,9.20853964350649
2015-04-08,561,2015-04-08,47.65,39.65,10.95,15.55,1873917.0,-3105096.0,3577,44.005214786836035,44.53734963097178,9.938270959933153
2015-04-16,562,2015-04-16,41.0,47.0,10.85,13.0,1873917.0,-3105096.0,3577,43.10473210184966,43.17864403804772,12.198234712979508
2015-04-24,563,2015-04-24,40.15,46.0,12.35,15.1,1873917.0,-3105096.0,3577,43.30688274301771,42.929481690971116,12.313263353883968
2015-05-10,564,2015-05-10,46.65,38.9,12.8,15.9,1873917.0,-3105096.0,3577,43.959606069335535,39.181553024124966,15.415359375834505
2015-05-18,565,2015-05-18,43.55,41.65,13.5,14.5,1873917.0,-3105096.0,3577,43.76058152373289,35.83882526142051,18.970216934765183
2015-05-26,566,2015-05-26,41.1666666666667,17.8333333333333,39.5,9.33333333333333,1873950.0,-3105080.0,3577,43.94959911089286,32.824131647501346,21.76671501872415
2015-06-03,567,2015-06-03,49.35,39.95,9.4,15.95,1873917.0,-3105096.0,3577,45.235597220110584,30.642545844244047,22.642459243539452
2015-06-11,568,2015-06-11,46.4,32.5,19.55,12.75,1873917.0,-3105096.0,3577,45.3273614929894,31.399093940110916,21.838392257893638
2015-06-27,569,2015-06-27,38.0,26.05,34.35,10.2,1873917.0,-3105096.0,3577,43.0993349787403,35.39560429250302,20.131850657079845
2015-07-05,570,2015-07-05,45.4,45.0,8.4,15.5,1873917.0,-3105096.0,3577,41.492414319420504,39.82825997531285,17.300630832013695
2015-07-29,571,2015-07-29,40.5,44.15,13.9,15.25,1873917.0,-3105096.0,3577,40.66186429668794,42.9844822360238,14.951638918354952
2015-08-06,572,2015-08-06,39.4,48.15,11.35,15.15,1873917.0,-3105096.0,3577,39.59031567442467,45.68868629700218,13.353224937053298
2015-08-14,573,2015-08-14,37.2,45.0,16.35,14.25,1873917.0,-3105096.0,3577,39.52881418799149,44.84878103138223,14.256312188537798
2015-08-30,574,2015-08-30,38.55,45.35,14.45,15.3,1873917.0,-3105096.0,3577,40.59394447747967,46.66845575658392,11.408826156085881
2015-09-07,575,2015-09-07,45.55,41.85,11.4,12.4,1873917.0,-3105096.0,3577,41.45476131953386,44.71300073991994,12.4746459877747
2015-09-15,576,2015-09-15,39.7,44.6,14.35,14.5,1873917.0,-3105096.0,3577,40.38099410605181,43.830607363855236,14.44325831016336
2015-09-23,577,2015-09-23,40.375,48.0,10.4375,15.1875,1873916.25,-3105110.625,3577,38.956970433494384,46.723632568480795,13.02480366792
2015-10-01,578,2015-10-01,38.05,45.9,14.7,14.7,1873917.0,-3105096.0,3577,37.20955349057597,47.73299015680381,13.726065395629444
2015-10-09,579,2015-10-09,34.2941176470588,49.5882352941176,14.7647058823529,13.8235294117647,1873917.35294118,-3105085.58823529,3577,35.82263576888793,49.23792130287478,13.622832085050035
2015-10-17,580,2015-10-17,33.55,49.35,15.65,13.4,1873917.0,-3105096.0,3577,33.97380796675044,49.348124712650204,15.263714511219504
2015-10-25,581,2015-10-25,29.2,55.2,14.25,13.55,1873917.0,-3105096.0,3577,34.127058549713254,49.12018910791623,15.278649821765814
2015-11-02,582,2015-11-02,38.6,44.8,15.0,14.05,1873917.0,-3105096.0,3577,35.3860460200828,48.06995949778877,15.079489029907915
2015-11-18,583,2015-11-18,41.25,42.25,15.0,14.4,1873917.0,-3105096.0,3577,36.37380574260381,47.43836902488535,14.728291568200131
2015-11-26,584,2015-11-26,33.75,51.05,13.9,14.15,1873917.0,-3105096.0,3577,37.655176434377694,47.637333318650185,13.30558102660208
2015-12-04,585,2015-12-04,35.95,46.6,15.95,14.25,1873917.0,-3105096.0,3577,37.564806910439614,47.3128609143472,13.70696652646002
2015-12-12,586,2015-12-12,40.0,50.0,8.8,13.0,1873911.0,-3105039.0,3577,35.40811286691289,48.92372102491568,14.294335877196602
2015-12-20,587,2015-12-20,32.7,48.95,16.9,14.3,1873917.0,-3105096.0,3577,33.995124225614504,50.27840472220525,14.403271032371045
2015-12-28,588,2015-12-28,34.65,50.3,13.7,15.05,1873917.0,-3105096.0,3577,33.715820711790904,50.02386684522159,14.917486538227337
2016-01-13,589,2016-01-13,31.7142857142857,49.4285714285714,17.4285714285714,14.2857142857143,1873917.85714286,-3105143.57142857,3577,35.28703138965769,47.63997024646467,15.642884360219474
2016-01-21,590,2016-01-21,33.55,45.9,19.1,13.2,1873917.0,-3105096.0,3577,37.27487842394406,44.93150899667255,16.360801324575966
2016-02-14,591,2016-02-14,39.9,46.95,11.95,14.65,1873917.0,-3105096.0,3577,37.692955504649404,44.61100424749749,16.262910830408806
2016-02-22,592,2016-02-22,46.0,37.4,14.9,11.55,1873917.0,-3105096.0,3577,38.767419463372605,43.87253854992322,15.87940416272426
2016-03-09,593,2016-03-09,37.15,42.65,18.55,10.85,1873917.0,-3105096.0,3577,38.78099533945459,45.39160430302819,14.365649653695412
2016-03-17,594,2016-03-17,33.6,51.8,13.4,13.6,1873911.0,-3105039.0,3577,36.218171123314804,47.7795474527031,14.539192834212656
2016-03-25,595,2016-03-25,33.85,50.95,13.9,13.85,1873917.0,-3105096.0,3577,33.8357253712507,50.44343672458447,14.293722962712184
2016-04-02,596,2016-04-02,29.3333333333333,55.6666666666667,13.3333333333333,14.3333333333333,1873925.0,-3105035.0,3577,31.00321411790722,52.70617122543172,14.9113248600272
2016-04-26,597,2016-04-26,31.4,50.3,16.95,13.55,1873917.0,-3105096.0,3577,29.04418105928182,53.27036176304567,16.317069056084044
2016-05-04,598,2016-05-04,26.2105263157895,55.1052631578947,17.4736842105263,14.4210526315789,1873919.21052632,-3105100.26315789,3577,28.534861171087968,52.655405536284086,17.446690086837382
2016-05-12,599,2016-05-12,29.3,49.15,20.15,14.45,1873917.0,-3105096.0,3577,29.583878101145963,50.46066104065187,18.564066537446518
2016-05-28,600,2016-05-28,30.65,49.1,18.85,14.6,1873917.0,-3105096.0,3577,27.65239553504579,50.2479978714383,20.68539439214541
2016-06-29,601,2016-06-29,25.75,50.55,22.25,15.85,1873917.0,-3105096.0,3577,25.100125058252317,51.8087534512013,21.728486960323377
2016-07-31,602,2016-07-31,26.05,49.7,22.75,14.85,1873917.0,-3105096.0,3577,24.741933789958445,51.82379494927197,22.06488143869271
2016-08-08,603,2016-08-08,26.4,53.6,18.8,15.2,1873911.0,-3105039.0,3577,26.741749858415243,51.18729658803849,20.672407704724968
2016-08-15,604,2016-08-15,26.35,52.75,19.6,15.15,1873917.0,-3105096.0,3577,31.348474991952465,48.76700110491137,18.545764788682014
2016-08-16,605,2016-08-16,26.85,49.05,22.6,14.6,1873917.0,-3105096.0,3577,35.41625870643592,46.11567798792952,17.144406974443516
2016-09-25,606,2016-09-25,46.8,40.2,11.8,15.95,1873917.0,-3105096.0,3577,39.50427915736923,42.845675738084196,16.281186718335988
2016-10-03,607,2016-10-03,51.05,35.1,12.4,17.05,1873917.0,-3105096.0,3577,40.40235193082887,41.531879523978574,16.729466611817056
2016-10-19,608,2016-10-19,41.6,42.3,14.8,10.6,1873917.0,-3105096.0,3577,41.264677616838625,42.80833014593985,14.540447100197252
2016-11-04,609,2016-11-04,33.9,43.9,20.8,14.2,1873917.0,-3105096.0,3577,39.5072762634623,43.32833466842108,15.787441093475891
2016-11-20,610,2016-11-20,29.6,47.4,21.5,13.65,1873917.0,-3105096.0,3577,35.73503106799786,45.085569074881235,17.86413540020085
2016-11-28,611,2016-11-28,33.7222222222222,50.0555555555556,15.0555555555556,14.1111111111111,1873913.33333333,-3105088.33333333,3577,33.17110916259026,45.16718795479731,20.31116704073058
2016-12-30,612,2016-12-30,34.5333333333333,46.6666666666667,17.6,14.6,1873919.0,-3105115.0,3577,31.748963197100856,44.97648658530341,21.9494444324133
2017-01-07,613,2017-01-07,41.75,38.8,17.85,14.05,1873917.0,-3105096.0,3577,34.85112905669659,42.37028044194595,21.484223155582185
2017-01-15,614,2017-01-15,26.0,33.5,39.5,8.5,1873905.0,-3105030.0,3577,38.31690289414174,39.70765393876257,20.646290843656185
2017-01-22,615,2017-01-22,41.5,45.5,11.5,14.5,1873860.0,-3105075.0,3577,37.21470143203332,40.67645158418546,20.853766529305204
2017-01-23,616,2017-01-23,42.45,40.65,15.55,14.35,1873917.0,-3105096.0,3577,35.58653250773462,44.72531591215134,18.434969725833838
2017-01-31,617,2017-01-31,33.5,48.5,17.0,14.5,1873950.0,-3105165.0,3577,34.81524052142727,46.97385223994429,16.938737818766235
2017-02-08,618,2017-02-08,38.2222222222222,42.7777777777778,17.4444444444444,10.5555555555556,1873895.0,-3105075.0,3577,36.728122376414106,46.03042006152774,15.90102417362241
2017-02-16,619,2017-02-16,31.65,51.45,15.7,13.1,1873917.0,-3105096.0,3577,40.14606183289794,42.74377232673808,15.72375673861506
2017-02-24,620,2017-02-24,38.2,44.4,16.05,14.1,1873917.0,-3105096.0,3577,46.14629385062132,35.667664018123084,16.62952506729347
2017-04-05,621,2017-04-05,61.5,24.5,12.0,16.0,1873950.0,-3105165.0,3577,49.90520927300366,30.101191240815226,18.417762646707256
2017-04-13,622,2017-04-13,57.2,11.8,29.4,12.6,1873911.0,-3105039.0,3577,54.57688374576103,27.722802326668145,16.033534319135637
2017-04-29,623,2017-04-29,58.1,29.15,11.1,16.95,1873917.0,-3105096.0,3577,56.54369077773806,26.04594636529231,15.752303939608089
2017-05-07,624,2017-05-07,54.3333333333333,35.3333333333333,9.0,15.3333333333333,1873916.66666667,-3105103.33333333,3577,56.868865121797796,30.259026439672063,11.352479787153015
2017-05-15,625,2017-05-15,51.8,34.65,11.8,16.3,1873917.0,-3105096.0,3577,53.51332304671585,34.71447128325627,10.322102137759083
2017-05-23,626,2017-05-23,41.75,47.75,9.5,16.5,1873905.0,-3105150.0,3577,46.7359467871901,41.40286048792216,10.578728035478063
2017-05-31,627,2017-05-31,46.75,38.9,12.85,16.6,1873917.0,-3105096.0,3577,41.000366213125034,43.48346741770716,14.253449206185824
2017-06-08,628,2017-06-08,44.8,44.45,9.65,16.65,1873917.0,-3105096.0,3577,40.62359457641061,45.83855443198649,12.200994992145823
2017-06-24,629,2017-06-24,36.9,47.95,13.9,21.05,1873917.0,-3105096.0,3577,38.860773710684555,44.35559322791333,15.45305532761839
2017-07-02,630,2017-07-02,26.4615384615385,34.2307692307692,37.6923076923077,19.2307692307692,1873914.23076923,-3105116.53846154,3577,38.563047839667476,42.560040784802226,17.48113202586626
2017-07-10,631,2017-07-10,43.1,46.1,9.45,17.0,1873917.0,-3105096.0,3577,37.77886243310781,40.419449340841254,20.43901302317287
2017-07-18,632,2017-07-18,44.0,40.75,13.65,17.5,1873917.0,-3105096.0,3577,37.27422088508696,38.04756817366395,23.260297145099585
2017-07-26,633,2017-07-26,40.55,46.45,11.9,16.45,1873917.0,-3105096.0,3577,35.80792129993787,38.386061521230836,24.466678701147544
2017-08-03,634,2017-08-03,25.8571428571429,17.8571428571429,55.0,7.42857142857143,1873896.42857143,-3105130.71428571,3577,36.90259577288081,37.188215380708044,24.526100941208014
2017-08-19,635,2017-08-19,36.1,44.25,18.25,15.0,1873917.0,-3105096.0,3577,34.291162647778144,40.83196189378005,23.61829222218248
2017-08-27,636,2017-08-27,31.1428571428571,49.4285714285714,18.2857142857143,14.5714285714286,1873917.85714286,-3105143.57142857,3577,31.575257095840605,44.15718909572739,23.041524110560918
2017-09-04,637,2017-09-04,34.4,45.6,18.4,14.25,1873917.0,-3105096.0,3577,29.122373292337976,46.40311345001054,23.20077306593988
2017-09-12,638,2017-09-12,30.9,50.65,17.35,13.8,1873917.0,-3105096.0,3577,32.038692112835925,48.52426783741847,18.071556152822808
2017-09-20,639,2017-09-20,32.15,48.2,18.25,13.3,1873917.0,-3105096.0,3577,33.92624217886868,48.84079125208425,15.755866811205015
2017-09-28,640,2017-09-28,27.0,53.8,18.0,13.2,1873914.0,-3105132.0,3577,36.3181774881411,48.37256180351433,13.838946657056042
2017-11-07,641,2017-11-07,49.0,35.0,14.0,12.0,1873875.0,-3105015.0,3577,37.75051960422914,44.07896592570857,16.66267362668042
2017-11-23,642,2017-11-23,38.7,45.5,14.25,13.15,1873917.0,-3105096.0,3577,39.95570080074127,44.349868861781744,14.226792943896081
2017-12-09,643,2017-12-09,42.35,43.25,13.0,13.4,1873917.0,-3105096.0,3577,40.53313373931964,44.91591922009208,13.121921654195235
2017-12-17,644,2017-12-17,33.25,52.2,13.5,13.0,1873917.0,-3105096.0,3577,39.46498053029971,46.11377291438522,13.029776724821218
2018-01-02,645,2018-01-02,42.5,46.75,9.5,14.45,1873917.0,-3105096.0,3577,37.22665105791484,48.14513102995356,13.36266171908387
2018-01-10,646,2018-01-10,31.25,48.25,19.125,16.6875,1873916.25,-3105090.0,3577,33.388321585530214,51.03485260868399,14.413638142041563
2018-01-18,647,2018-01-18,30.2,53.8,14.85,13.0,1873917.0,-3105096.0,3577,28.565095276236516,54.50970159870273,15.777417396842285
2018-01-26,648,2018-01-26,31.15,53.85,13.6,12.2,1873917.0,-3105096.0,3577,29.31225044305101,53.221560482852844,16.20755281869591
2018-02-03,649,2018-02-03,28.4285714285714,51.2857142857143,19.2857142857143,13.7142857142857,1873922.14285714,-3105049.28571429,3577,31.663077479791014,50.924048088127165,16.106597504660115
2018-02-10,650,2018-02-10,35.25,49.15,14.25,13.25,1873917.0,-3105096.0,3577,37.326545168870005,45.98946330898923,15.313382374729652
2018-02-11,651,2018-02-11,35.8,47.65,15.1,13.35,1873917.0,-3105096.0,3577,42.856590988515336,41.62696259551815,14.122891033816313
2018-02-27,652,2018-02-27,52.9,32.95,12.45,15.25,1873917.0,-3105096.0,3577,48.26345498013788,37.915960763126506,12.390379800327288
2018-03-07,653,2018-03-07,61.7272727272727,27.0909090909091,9.90909090909091,16.3636363636364,1873918.63636364,-3105129.54545455,3577,49.83262040519949,36.532246517901065,12.193096946676606
2018-03-15,654,2018-03-15,48.95,37.55,12.05,15.1,1873917.0,-3105096.0,3577,49.60564900901902,37.22176084539728,11.750968901628559
2018-03-31,655,2018-03-31,41.2,45.05,12.4,13.8,1873917.0,-3105096.0,3577,46.63612399420878,40.388166561830666,11.585030829006019
2018-04-08,656,2018-04-08,36.95,49.8,12.0,13.5,1873917.0,-3105096.0,3577,41.09159637153675,45.26690707265601,12.317783314347757
2018-04-15,657,2018-04-15,36.0,49.75,12.9,14.0,1873917.0,-3105096.0,3577,36.70344021303226,49.308778064033845,12.651812119766888
2018-04-16,658,2018-04-16,36.95,47.35,14.3,13.45,1873917.0,-3105096.0,3577,33.00574920435108,52.88609300915012,12.791628959274107
2018-04-24,659,2018-04-24,34.1,52.4,12.15,13.55,1873917.0,-3105096.0,3577,33.16263396046182,52.58317456536485,12.912536534670828
2018-05-01,660,2018-05-01,31.0,56.5,11.25,12.35,1873917.0,-3105096.0,3577,33.85567234622456,51.913046396320375,12.94738357617421
2018-05-02,661,2018-05-02,33.85,50.2,14.6,12.85,1873917.0,-3105096.0,3577,33.24167225962395,52.082631145936055,13.380244213988346
2018-05-10,662,2018-05-10,35.25,49.6,14.0,14.4,1873917.0,-3105096.0,3577,32.51917664378478,51.81461062156882,14.394649158888496
2018-05-17,663,2018-05-17,29.15,55.65,14.05,14.65,1873917.0,-3105096.0,3577,31.810717919846294,52.1644428327013,14.854693758251909
2018-05-18,664,2018-05-18,32.0,48.8,17.85,14.0,1873917.0,-3105096.0,3577,30.808510192308013,52.202985854554186,15.8329964434641
2018-06-02,665,2018-06-02,28.6,55.35,15.0,14.6,1873917.0,-3105096.0,3577,29.975756919687143,52.45222711427951,16.42287695417199
2018-06-03,666,2018-06-03,30.65,51.3,16.85,13.7,1873917.0,-3105096.0,3577,28.519636906854714,54.41077430871158,15.945455431141198
2018-06-18,667,2018-06-18,27.1818181818182,55.0909090909091,16.8181818181818,14.3636363636364,1873918.63636364,-3105129.54545455,3577,27.837438666030064,55.467584863762895,15.59229568629842
2018-07-04,668,2018-07-04,26.4,58.15,14.3,15.7,1873917.0,-3105096.0,3577,27.554536991290547,54.6504958874424,16.64815845567074
2018-07-13,669,2018-07-13,26.0,53.5,19.0,16.0,1873920.0,-3105030.0,3577,27.16783079008961,54.17966438289299,17.464686692421203
2018-07-20,670,2018-07-20,28.1,54.6,16.3,16.2,1873920.0,-3105060.0,3577,26.21711505493833,53.40950688770043,19.095182245277897
2018-07-21,671,2018-07-21,25.95,51.35,21.4,15.2,1873917.0,-3105096.0,3577,25.343697633631926,51.60378012080027,21.698487735171796
2018-08-06,672,2018-08-06,26.0,46.75,25.75,13.3,1873917.0,-3105096.0,3577,24.410064230240977,51.733900387530426,22.49131192991002
2018-08-14,673,2018-08-14,20.65,53.05,24.8,14.3,1873917.0,-3105096.0,3577,24.020148237089156,50.858687133292534,23.725210048342966
2018-08-21,674,2018-08-21,23.6,53.35,21.75,14.55,1873917.0,-3105096.0,3577,23.0126453059885,51.400272250961166,24.2217686903439
2018-08-22,675,2018-08-22,22.5,50.5,25.65,13.85,1873917.0,-3105096.0,3577,22.827625479423098,51.917432180814515,23.87015400353041
2018-08-30,676,2018-08-30,22.25,54.85,21.65,13.55,1873917.0,-3105096.0,3577,22.96428638936334,52.15941620298426,23.460445648061224
2018-09-06,677,2018-09-06,24.7692307692308,53.0,20.7692307692308,11.5384615384615,1873916.53846154,-3105070.38461538,3577,22.203862391475177,52.95791855202829,23.48461430210306
2018-09-15,678,2018-09-15,21.3,49.35,27.95,12.9,1873917.0,-3105096.0,3577,21.318367988878624,54.40926032171349,22.985435905481893
2018-09-22,679,2018-09-22,21.4375,56.125,21.1875,13.9375,1873920.0,-3105082.5,3577,20.702577307780814,54.80571618782875,23.22055236677717
2018-09-23,680,2018-09-23,22.45,53.7,22.55,13.05,1873917.0,-3105096.0,3577,21.2293215348167,54.746271659189176,22.787388751397614
2018-10-01,681,2018-10-01,19.35,57.1,22.45,13.6,1873917.0,-3105096.0,3577,25.2175763164056,52.3691007478855,21.21469311429699
2018-10-09,682,2018-10-09,24.4,53.6,20.95,14.65,1873917.0,-3105096.0,3577,28.05275495025314,50.154966730888034,20.58160344953619
2018-10-24,683,2018-10-24,35.7,48.5,14.55,14.9,1873917.0,-3105096.0,3577,29.770645878884455,50.59375879537663,18.391730624893505
2018-10-25,684,2018-10-25,36.75,39.35,22.35,14.1,1873917.0,-3105096.0,3577,32.332457252924556,49.4696057382516,16.934160640698362
2018-11-09,685,2018-11-09,40.1,44.8,13.9,14.5,1873920.0,-3105060.0,3577,35.904762232238205,45.88509402331335,16.888561129270684
2018-11-18,686,2018-11-18,34.9,47.7,16.0,13.8,1873920.0,-3105060.0,3577,40.44382677587092,41.329575297821705,16.846269043131862
2018-12-11,687,2018-12-11,30.7777777777778,49.2222222222222,18.6666666666667,13.6666666666667,1873915.0,-3105055.0,3577,43.9865706431749,36.93240993915181,17.717474579081852
2018-12-20,688,2018-12-20,51.35,33.15,14.25,15.05,1873917.0,-3105096.0,3577,47.14045080760823,33.87272803684608,17.627295459955377
2018-12-27,689,2018-12-27,59.6666666666667,17.3333333333333,21.6666666666667,10.1666666666667,1873930.0,-3105145.0,3577,49.931839407473916,32.67671788843217,16.079320112289857
2018-12-28,690,2018-12-28,53.85,26.75,17.8,14.5,1873917.0,-3105096.0,3577,51.76913734800415,31.29742548270581,15.592309496486742
2019-01-05,691,2019-01-05,45.95,37.3,15.65,14.1,1873917.0,-3105096.0,3577,49.558741937955084,31.52252817600187,17.591330186838398
2019-01-12,692,2019-01-12,42.1764705882353,43.6470588235294,13.0,15.0,1873917.35294118,-3105085.58823529,3577,45.218421286107116,35.743723507713796,17.81276097483262
2019-01-13,693,2019-01-13,41.5,40.5,16.5,13.6,1873917.0,-3105096.0,3577,38.385149964055174,39.704433508370386,20.67893046066112
2019-01-21,694,2019-01-21,30.0,43.0,26.0,12.0,1873935.0,-3105165.0,3577,32.13701546364655,45.09480102267277,21.528116441783155
2019-01-29,695,2019-01-29,27.3333333333333,40.1666666666667,31.1666666666667,22.8333333333333,1873895.0,-3105105.0,3577,28.783123921169285,47.33600942645457,22.642601936442333
2019-02-13,696,2019-02-13,25.0,53.0,21.0,11.0,1873920.0,-3105030.0,3577,26.07637332757769,48.523089154649654,24.165946794330907
2019-02-14,697,2019-02-14,28.9,50.45,19.15,11.4,1873917.0,-3105096.0,3577,23.10187283192625,50.504756764878394,25.091822752142896
2019-02-22,698,2019-02-22,22.5,51.0,25.0,11.5,1873950.0,-3105165.0,3577,22.5055518859227,54.83541156483126,21.40388620270415
2019-03-02,699,2019-03-02,21.9230769230769,62.6923076923077,14.3846153846154,19.6923076923077,1873911.92307692,-3105081.92307692,3577,23.560032709956346,55.488604547875084,19.7018507807952
2019-03-10,700,2019-03-10,20.8571428571429,48.5714285714286,29.4285714285714,13.5714285714286,1873917.85714286,-3105143.57142857,3577,25.86295276525898,53.30835977548685,19.600616304388076
2019-03-18,701,2019-03-18,29.55,52.25,16.9,13.95,1873917.0,-3105096.0,3577,28.669459798966876,48.9346901927086,21.201910684663147
2019-04-03,702,2019-04-03,34.95,45.75,17.95,14.3,1873917.0,-3105096.0,3577,32.388453819227955,44.35390308666617,22.026276979204045
2019-04-11,703,2019-04-11,39.5,43.5,16.0,14.5,1873950.0,-3105165.0,3577,35.79365797660637,41.42201679006253,21.50734150778213
2019-04-19,704,2019-04-19,34.0909090909091,27.0,37.4545454545455,7.36363636363636,1873945.90909091,-3105099.54545455,3577,38.5161991335157,39.881034588173186,20.23925949237194
2019-04-27,705,2019-04-27,40.4,45.5,12.7,13.95,1873917.0,-3105096.0,3577,39.17327017198372,40.15849042597668,19.26460755680846
2019-05-05,706,2019-05-05,40.2,42.85,15.35,14.75,1873917.0,-3105096.0,3577,38.715492641324175,42.69503484131329,17.21893040817637
2019-05-20,707,2019-05-20,35.15,49.5,14.1,14.1,1873917.0,-3105096.0,3577,37.325862977433545,44.91809026885755,16.399934360598955
2019-05-21,708,2019-05-21,35.6,46.35,16.75,13.6,1873917.0,-3105096.0,3577,36.189758384025424,47.51653439439107,14.933051468652952
2019-06-05,709,2019-06-05,36.0,49.9,12.95,15.45,1873917.0,-3105096.0,3577,34.97806295870789,49.143915372545806,14.57866730792209
2019-06-06,710,2019-06-06,35.15,45.1,18.35,14.3,1873917.0,-3105096.0,3577,34.00165272033959,49.734472648087504,15.050757253580079
2019-06-14,711,2019-06-14,32.0,50.65,16.1,14.6,1873917.0,-3105096.0,3577,32.52011950896914,47.975249672920526,18.240623617865477
2019-06-21,712,2019-06-21,31.1,50.2,17.45,15.65,1873917.0,-3105096.0,3577,32.219745231543826,49.48463827193738,17.048865569412563
2019-06-22,713,2019-06-22,30.9,46.85,21.0,14.4,1873917.0,-3105096.0,3577,31.776871387122053,49.33621548729171,17.616444430180195
2019-06-30,714,2019-06-30,32.0,53.2857142857143,13.5714285714286,14.5714285714286,1873922.14285714,-3105049.28571429,3577,30.32447146506291,50.11656470463771,18.272468591777013
2019-07-08,715,2019-07-08,30.75,48.55,19.25,13.7,1873917.0,-3105096.0,3577,30.00795968736697,50.287037111487805,18.45267085855046
2019-07-16,716,2019-07-16,28.65,50.15,19.95,13.95,1873917.0,-3105096.0,3577,29.549004903760547,50.81618474404093,18.41795290622415
2019-07-23,717,2019-07-23,28.1875,53.0,17.8125,14.125,1873920.0,-3105082.5,3577,28.582699614622587,50.505728791324955,19.700274995898987
2019-07-24,718,2019-07-24,26.95,48.5,23.1,13.55,1873917.0,-3105096.0,3577,26.88804233691603,51.69642571050467,20.22949245027116
2019-08-01,719,2019-08-01,25.65,54.15,19.1,13.3,1873917.0,-3105096.0,3577,25.684563424188067,52.04619405361662,21.04738172044359
2019-08-08,720,2019-08-08,27.4,51.8,19.8,13.8,1873911.0,-3105039.0,3577,24.81250433003158,52.54807112391467,21.40506184991159
2019-08-09,721,2019-08-09,20.7,52.75,25.05,17.7,1873917.0,-3105096.0,3577,24.473334830800212,53.1601627474613,21.10335473349864
2019-08-17,722,2019-08-17,23.15,53.55,22.0,13.3,1873917.0,-3105096.0,3577,23.052304931906747,52.88053865638214,22.74314961354095
2019-08-24,723,2019-08-24,23.6,54.6,20.4,13.2666666666667,1873919.0,-3105115.0,3577,22.27818744722436,52.718511983364785,23.668987204742187
2019-08-25,724,2019-08-25,23.7,50.45,24.5,12.5,1873917.0,-3105096.0,3577,21.459524724498294,53.162489986785445,24.054560880292577
2019-09-09,725,2019-09-09,19.75,54.15,24.95,12.65,1873917.0,-3105096.0,3577,20.99483522305099,52.79954273553011,24.8402291480109
2019-09-10,726,2019-09-10,19.5,51.15,27.9,11.8,1873917.0,-3105096.0,3577,21.353897923235476,53.43643495458396,23.871287344958883
2019-09-18,727,2019-09-18,19.3,55.35,24.05,12.3,1873917.0,-3105096.0,3577,21.35513128284618,53.88850496616036,23.456038425239075
2019-09-26,728,2019-09-26,25.1,54.1,19.45,13.15,1873917.0,-3105096.0,3577,20.711070244631163,53.745916394651765,24.224559387067153
2019-10-04,729,2019-10-04,19.25,55.15,24.25,12.6,1873917.0,-3105096.0,3577,20.868443148543832,53.746924528750405,24.024001831346624
2019-10-12,730,2019-10-12,22.65,51.65,24.35,12.4,1873917.0,-3105096.0,3577,20.643554615114077,54.36530839401999,23.65107480390317
2019-10-20,731,2019-10-20,19.55,54.25,24.95,11.85,1873917.0,-3105096.0,3577,20.63650321632165,52.459209220929665,25.58288871936276
2019-10-27,732,2019-10-27,16.7647058823529,51.1764705882353,30.7647058823529,10.7058823529412,1873915.58823529,-3105106.76470588,3577,19.99114921683371,51.29812280234023,27.41442423902403
2019-10-28,733,2019-10-28,21.15,50.05,27.35,10.9,1873917.0,-3105096.0,3577,18.588211415243777,51.12628796262161,28.96694011688114
2019-11-05,734,2019-11-05,18.65,54.25,25.8,12.0,1873917.0,-3105096.0,3577,18.137994849802368,51.27870335818942,29.29702405588873
2019-11-12,735,2019-11-12,17.8,49.6,31.6,11.4,1873911.0,-3105039.0,3577,18.103820619370634,51.96322169907261,28.644688574942897
2019-11-13,736,2019-11-13,18.55,48.15,31.7,11.25,1873917.0,-3105096.0,3577,17.219651292067223,53.94367018884516,27.5409485706385
2019-11-21,737,2019-11-21,14.45,62.3,22.0,10.55,1873917.0,-3105096.0,3577,17.379009262452303,54.68514269375771,26.611531075003697
2019-11-28,738,2019-11-28,16.5,55.8,26.4,11.55,1873917.0,-3105096.0,3577,16.861403317738446,55.59228988396797,26.15785557548962
2019-11-29,739,2019-11-29,20.45,52.1,26.1,10.0,1873917.0,-3105096.0,3577,16.467808225281633,55.69943051544842,26.415950279304553
2019-12-07,740,2019-12-07,14.35,58.95,25.15,11.7,1873917.0,-3105096.0,3577,18.48201988929267,53.71037933513911,26.37606693271934
2019-12-14,741,2019-12-14,18.2,53.2,27.2,12.3,1873917.0,-3105096.0,3577,18.201068797041305,54.22628151001955,26.255090317315492
2019-12-15,742,2019-12-15,18.3,49.65,30.65,11.4,1873917.0,-3105096.0,3577,15.947879004378155,55.603108965329774,27.13900134952361
2019-12-23,743,2019-12-23,16.6,56.95,25.25,11.3,1873917.0,-3105096.0,3577,14.309815297404803,56.20325540155238,28.137025226502857
2019-12-30,744,2019-12-30,19.3333333333333,54.4166666666667,25.25,10.4166666666667,1873920.0,-3105067.5,3577,14.340422009415288,58.51619461684582,25.865464645068087
2019-12-31,745,2019-12-31,18.3,55.9,24.45,10.95,1873917.0,-3105096.0,3577,21.363926798851086,53.03195038082629,24.39306991145473
2020-01-08,746,2020-01-08,15.3333333333333,61.0555555555556,22.2777777777778,11.0,1873913.33333333,-3105088.33333333,3577,31.5747731859099,45.68168943289656,21.58586094078683
2020-02-01,747,2020-02-01,42.0,34.05,22.35,12.6,1873917.0,-3105096.0,3577,41.770696369056594,37.60826605635396,19.402710741358646
2020-02-09,748,2020-02-09,61.6666666666667,22.3333333333333,15.3333333333333,12.0,1873925.0,-3105035.0,3577,52.86722553557759,29.032220476276756,16.87148198875989
2020-02-16,749,2020-02-16,68.05,21.15,9.6,17.75,1873917.0,-3105096.0,3577,59.758861967961735,23.818379132315606,15.129848553848237
2020-02-17,750,2020-02-17,68.5789473684211,10.4736842105263,19.4736842105263,14.1578947368421,1873914.47368421,-3105092.36842105,3577,62.33385312430741,22.94564113578761,13.374618573899605
2020-03-19,751,2020-03-19,47.375,39.5,11.5,14.375,1873912.5,-3105138.75,3577,60.05566549982715,24.88251465279771,13.605778489066331
2020-03-20,752,2020-03-20,51.25,31.5,15.55,13.95,1873917.0,-3105096.0,3577,52.86058037475287,30.484647701613973,15.009124188321877
2020-03-28,753,2020-03-28,48.2777777777778,39.1666666666667,11.1111111111111,12.0,1873913.33333333,-3105088.33333333,3577,45.99617149201913,38.05695274352918,14.212349596734281
2020-04-04,754,2020-04-04,38.0,40.3333333333333,19.6666666666667,13.0,1873915.0,-3105155.0,3577,41.71467902076216,41.26428887992108,15.184647590545456
2020-04-05,755,2020-04-05,43.65,37.3,17.3,13.0,1873917.0,-3105096.0,3577,39.68045360865549,41.7914120327889,16.756401073210903
2020-04-13,756,2020-04-13,37.6363636363636,42.8181818181818,17.7272727272727,12.3636363636364,1873918.63636364,-3105129.54545455,3577,38.65161507409473,41.893160174041824,17.7490965430834
2020-04-20,757,2020-04-20,39.15,45.5,13.85,13.25,1873917.0,-3105096.0,3577,37.48671091796428,40.59798242453953,20.294994240946437
2020-04-21,758,2020-04-21,38.4,41.85,18.3,12.35,1873917.0,-3105096.0,3577,34.928127236769626,42.58489713213254,20.973001409882592
2020-04-29,759,2020-04-29,26.3333333333333,37.9166666666667,34.0833333333333,24.1666666666667,1873932.5,-3105107.5,3577,34.48868491797894,43.080709463154484,21.04688124834164
2020-05-15,760,2020-05-15,37.0,44.5,17.5,12.5,1873920.0,-3105030.0,3577,33.65169051793935,44.60009237407952,20.478407557351854
2020-06-07,761,2020-06-07,33.1,50.9,14.85,14.75,1873917.0,-3105096.0,3577,33.1467957738806,46.76820671587775,18.880855831472203
2020-06-08,762,2020-06-08,33.1,45.55,19.95,13.8,1873917.0,-3105096.0,3577,33.12855946942139,47.88842509399069,17.791184408983607
2020-06-23,763,2020-06-23,34.1,51.3,13.45,17.05,1873917.0,-3105096.0,3577,32.55476700801292,50.115896281213864,16.12406453195686
2020-07-02,764,2020-07-02,32.2,51.4,15.2,14.9,1873917.0,-3105096.0,3577,32.21645028517612,50.930833219060894,15.602195929283383
2020-07-10,765,2020-07-10,31.8,49.2,17.7,14.3,1873917.0,-3105096.0,3577,31.91178058267365,50.124443770875914,16.647180064515037
2020-07-18,766,2020-07-18,32.1,51.5,15.1,15.3,1873917.0,-3105096.0,3577,31.734946030916515,49.75933844276756,17.1265254353464
2020-08-11,767,2020-08-11,28.9,45.55,23.9,16.6,1873917.0,-3105096.0,3577,33.76302017555383,48.9386402726887,15.927143427605442
2020-08-26,768,2020-08-26,36.9333333333333,50.8666666666667,11.0,15.3333333333333,1873919.0,-3105115.0,3577,35.50312556380137,48.19845020819534,14.91522584742176
2020-08-27,769,2020-08-27,36.1,45.5,16.9,14.5,1873917.0,-3105096.0,3577,34.93885785696408,45.08072087870177,18.63435774751286
2020-09-11,770,2020-09-11,39.1111111111111,50.7777777777778,8.88888888888889,14.7777777777778,1873915.0,-3105055.0,3577,35.11375896205093,51.389844641075356,12.044798218635425
2020-09-12,771,2020-09-12,35.45,48.6,14.55,14.15,1873917.0,-3105096.0,3577,34.4479630059748,52.37081616172409,11.764133389828228
2020-09-28,772,2020-09-28,30.2777777777778,43.8333333333333,24.5,9.77777777777778,1873921.66666667,-3105103.33333333,3577,33.78892470934496,49.28846494876392,15.568619667224151
2020-10-06,773,2020-10-06,29.45,55.1,14.2,13.2,1873917.0,-3105096.0,3577,32.697478219275524,45.67175888130883,20.417079497726604
2020-10-14,774,2020-10-14,28.4,52.6,17.6,13.0,1873917.0,-3105096.0,3577,31.677107334027816,41.71067290212828,25.49225102473052
2020-10-29,775,2020-10-29,41.2,49.9,7.65,15.75,1873917.0,-3105096.0,3577,31.575871286205494,40.96941727545645,26.492633549163724
2020-10-30,776,2020-10-30,28.0,0.0,72.0,21.0,1873875.0,-3105135.0,3577,31.299771561694534,41.92096420588543,25.78321497541415
2020-11-14,777,2020-11-14,30.2857142857143,54.1428571428571,14.2857142857143,14.5714285714286,1873917.85714286,-3105143.57142857,3577,31.036915300761066,44.00539677786657,23.962873952533485
2020-11-30,778,2020-11-30,26.1052631578947,61.8421052631579,11.0,12.6842105263158,1873919.21052632,-3105100.26315789,3577,26.173286008250308,50.10926776769273,22.643700978828775
2020-12-01,779,2020-12-01,25.55,59.65,13.35,11.95,1873917.0,-3105096.0,3577,20.40864368372617,55.62471379646081,22.8611492975786
2020-12-09,780,2020-12-09,21.65,61.55,15.55,13.45,1873917.0,-3105096.0,3577,21.585803678150125,62.83225540752912,14.367622415467356
2020-12-17,781,2020-12-17,21.9473684210526,55.1052631578947,21.5789473684211,10.4210526315789,1873920.78947368,-3105093.94736842,3577,24.927173291101447,62.32082958388242,11.491169204347798
2020-12-25,782,2020-12-25,22.0,55.0,22.25,10.25,1873897.5,-3105037.5,3577,32.56052943308445,55.13519389197235,11.029083748252713
2021-01-02,783,2021-01-02,33.25,56.2,9.25,13.55,1873917.0,-3105096.0,3577,39.851850276164015,39.6148953559824,19.355177637660088
2021-01-17,784,2021-01-17,63.75,26.3125,8.6875,14.875,1873920.0,-3105082.5,3577,45.5076440912775,34.93789989340428,18.31244597222612
2021-01-18,785,2021-01-18,60.9,29.5,8.0,18.45,1873917.0,-3105096.0,3577,47.72636718014854,31.16833683059183,19.80871552066669
2021-02-02,786,2021-02-02,34.2,14.6,50.1,16.4,1873914.0,-3105078.0,3577,48.34258111123936,30.372905715755998,19.93858238062763
2021-02-03,787,2021-02-03,50.4,37.4,10.55,15.0,1873917.0,-3105096.0,3577,48.16598814253301,30.880420335322434,19.51227831358507
2021-02-18,788,2021-02-18,40.55,38.45,19.8,10.7,1873917.0,-3105096.0,3577,48.30843610519442,32.81037426602562,17.430616696727423
2021-02-19,789,2021-02-19,42.5,47.5,8.55,14.15,1873917.0,-3105096.0,3577,49.25487237220248,35.377593961760496,13.90474707181156
2021-03-23,790,2021-03-23,60.6,30.55,7.15,18.25,1873917.0,-3105096.0,3577,53.5154741027726,36.932531915962926,8.023570907935039
2021-04-07,791,2021-04-07,66.85,30.25,1.5,19.45,1873917.0,-3105096.0,3577,59.81923485869961,34.713696412801134,3.920606607873826
2021-04-08,792,2021-04-08,63.95,27.05,7.15,18.0,1873917.0,-3105096.0,3577,62.48091645195974,33.09130095909787,2.8246862528592045
2021-04-23,793,2021-04-23,58.45,36.9,3.4,17.6,1873917.0,-3105096.0,3577,61.07444533449814,30.71751451162757,6.631148830528643
2021-04-24,794,2021-04-24,56.1,33.0,9.05,16.15,1873917.0,-3105096.0,3577,60.06882278367449,33.53281505215989,4.8500814287184735
2021-05-02,795,2021-05-02,55.05,38.8,4.95,15.3,1873917.0,-3105096.0,3577,55.82807621943784,36.61319686504899,6.126585695005829
2021-05-10,796,2021-05-10,51.2,39.65,7.6,16.4,1873917.0,-3105096.0,3577,51.38698692088016,41.20086588677305,6.0040215202744935
2021-05-18,797,2021-05-18,53.4444444444444,40.5555555555556,4.55555555555556,16.7777777777778,1873915.0,-3105055.0,3577,49.00777803636977,43.17825516416203,6.454893180434013
2021-05-25,798,2021-05-25,47.0,46.65,5.15,16.65,1873917.0,-3105096.0,3577,47.00774399748153,44.476730390346034,7.119467838661823
2021-06-10,799,2021-06-10,41.9444444444444,47.7222222222222,9.0,15.8888888888889,1873913.33333333,-3105088.33333333,3577,44.219694293487976,45.608886555474164,8.71302294196901
2021-06-11,800,2021-06-11,41.25,45.55,11.55,15.1,1873917.0,-3105096.0,3577,41.16277769357649,46.90740568340486,10.47677501377035
2021-06-19,801,2021-06-19,37.75,48.3,12.4,16.5,1873917.0,-3105096.0,3577,39.05830419579835,47.65262075385202,11.74794720243461
2021-06-26,802,2021-06-26,40.5625,45.0,13.0,20.5,1873916.25,-3105110.625,3577,38.27753346154476,48.0595678143594,12.184465637559793
2021-06-27,803,2021-06-27,37.8,47.85,12.65,15.7,1873917.0,-3105096.0,3577,37.436546971255005,47.869331322265346,13.258709024032122
2021-07-12,804,2021-07-12,36.0,52.0,11.0,17.5,1873920.0,-3105030.0,3577,38.85056723461716,48.110132282570916,11.660628432453315
2021-07-13,805,2021-07-13,39.5,47.25,11.8,13.5,1873917.0,-3105096.0,3577,39.326795912200254,49.16257321968662,10.259976401306137
2021-07-21,806,2021-07-21,39.7,50.1,8.95,16.8,1873917.0,-3105096.0,3577,38.266548763408366,49.18277223291969,11.278374721252293
2021-07-28,807,2021-07-28,37.0,45.45,16.4,11.2,1873917.0,-3105096.0,3577,36.51713367900903,48.6224036025821,13.497542704971028
2021-07-29,808,2021-07-29,34.3,51.7,12.5,14.4,1873917.0,-3105096.0,3577,33.97639589512147,48.88460239450221,15.751147459349442
2021-08-14,809,2021-08-14,35.2,49.8,13.45,11.85,1873917.0,-3105096.0,3577,31.59074692153122,48.795700274949944,18.172052869728173
2021-08-22,810,2021-08-22,22.35,47.25,29.0,19.9,1873917.0,-3105096.0,3577,28.382406429843456,49.15190088548487,20.96158717443234
2021-08-30,811,2021-08-30,25.0,47.9,25.35,15.6,1873917.0,-3105096.0,3577,25.73997335754372,50.21251813201527,22.60730693454814
2021-09-07,812,2021-09-07,28.15,52.95,17.85,15.95,1873917.0,-3105096.0,3577,25.984303876778593,49.93240381908366,22.7024637900765
2021-09-14,813,2021-09-14,25.9,52.0,20.85,16.0,1873917.0,-3105096.0,3577,25.741008557628412,49.729822257595245,23.236670402706466
2021-09-15,814,2021-09-15,25.4,48.65,24.45,14.8,1873917.0,-3105096.0,3577,25.671462052303795,50.89635042789796,22.156696621625436
2021-09-23,815,2021-09-23,26.4,50.8,21.7,14.45,1873917.0,-3105096.0,3577,25.849461392261844,52.91790605599056,20.016531242034326
2021-09-30,816,2021-09-30,29.8823529411765,52.0,17.0,15.9411764705882,1873915.58823529,-3105106.76470588,3577,26.822867167803842,52.53607113692064,19.426111861462623
2021-10-01,817,2021-10-01,28.55,49.7,20.45,15.3,1873917.0,-3105096.0,3577,28.639921121730445,51.091259499932505,19.06416090854959
2021-10-09,818,2021-10-09,23.6923076923077,54.0769230769231,20.7692307692308,13.8461538461538,1873916.53846154,-3105070.38461538,3577,31.295481905329716,48.58359421795228,18.85369676762585
2021-10-25,819,2021-10-25,39.0,49.05,10.85,15.4,1873917.0,-3105096.0,3577,36.54124224768843,44.417263496796636,17.801902488435324
2021-11-17,820,2021-11-17,42.7222222222222,32.6111111111111,23.6666666666667,12.2777777777778,1873921.66666667,-3105103.33333333,3577,42.32948964546752,39.26009681884304,17.096105077741022
2021-11-18,821,2021-11-18,49.1,32.1,17.05,13.3,1873917.0,-3105096.0,3577,47.772738255776275,33.47280107067949,17.35123187421989
2021-12-12,822,2021-12-12,50.5,33.75,14.5,19.3,1873917.0,-3105096.0,3577,48.40927101659133,30.81233634686674,19.439719725972488
2021-12-20,823,2021-12-20,47.6666666666667,26.9333333333333,23.8666666666667,15.0666666666667,1873913.0,-3105113.0,3577,50.086949915433294,30.800354593339385,17.709166108755632
2021-12-28,824,2021-12-28,56.65,29.45,12.55,17.15,1873917.0,-3105096.0,3577,49.56689435434826,31.154564218027044,17.81923726428105
2022-01-13,825,2022-01-13,41.45,36.55,20.5,15.25,1873917.0,-3105096.0,3577,47.49115635395887,32.96862898452963,18.058541265233615
2022-01-29,826,2022-01-29,39.6875,36.1875,22.8125,13.125,1873927.5,-3105088.125,3577,46.06738704621144,34.193703076244404,18.268125617929392
2022-02-06,827,2022-02-06,42.9,39.9,15.7,16.05,1873917.0,-3105096.0,3577,44.11335716656265,34.45001344114606,19.968581534561526
2022-04-11,828,2022-04-11,59.4,29.75,8.9,16.8,1873917.0,-3105096.0,3577,42.531819264320646,35.989155426611354,19.90929333823773
2022-06-14,829,2022-06-14,32.25,31.75,34.85,13.6,1873917.0,-3105096.0,3577,40.75094493998684,38.11109742939669,19.566750110052133
2022-06-22,830,2022-06-22,37.3,43.75,17.3,14.65,1873917.0,-3105096.0,3577,39.38243764748594,39.94470571997065,19.112609874642622
2022-07-08,831,2022-07-08,36.3,44.9,17.15,14.8,1873917.0,-3105096.0,3577,37.79179701876505,42.98787075926526,17.699919623717292
2022-07-16,832,2022-07-16,37.6,47.4,13.55,15.0,1873917.0,-3105096.0,3577,36.041060642138845,45.60436142803883,16.814159215395094
2022-07-24,833,2022-07-24,35.25,48.1,15.1,13.95,1873917.0,-3105096.0,3577,34.14831642814879,48.538965716938336,15.837568739307859
2022-08-09,834,2022-08-09,35.6,48.8,14.3,13.9,1873917.0,-3105096.0,3577,33.871526770438116,50.71431617916929,13.976853796356355
2022-08-17,835,2022-08-17,35.95,47.85,14.75,14.05,1873917.0,-3105096.0,3577,36.61388967069534,48.80548507219605,13.134785338498546
2022-08-25,836,2022-08-25,35.7,46.75,15.9,13.5,1873917.0,-3105096.0,3577,37.20430730259896,46.77167290912722,14.624432224120442
2022-09-18,837,2022-09-18,43.35,45.65,9.65,14.7,1873917.0,-3105096.0,3577,41.523678797976004,44.258440321282,12.74356881508394
2022-10-12,838,2022-10-12,36.4,47.6,14.8,21.8,1873893.0,-3105099.0,3577,45.774516659803936,41.106027409117246,11.611748468248281
2022-10-28,839,2022-10-28,55.55,33.8,8.9,15.6,1873917.0,-3105096.0,3577,49.63229448569264,38.99214098594321,9.855514299940072
2022-11-05,840,2022-11-05,56.15,34.25,7.9,15.35,1873917.0,-3105096.0,3577,51.320819892174455,38.90073502348463,8.227911407476741
2022-12-07,841,2022-12-07,51.0,41.95,5.5,15.35,1873917.0,-3105096.0,3577,51.29309684123159,39.99383944228548,7.134889259346398
2022-12-15,842,2022-12-15,48.7,40.4,9.45,14.7,1873917.0,-3105096.0,3577,49.44697983904646,41.84726662656224,7.133394005375447
2022-12-31,843,2022-12-31,41.15,49.9,7.45,13.1,1873917.0,-3105096.0,3577,45.907958802463526,44.746242534555165,7.793740525899993
2023-01-08,844,2023-01-08,40.45,51.15,6.75,11.9,1873917.0,-3105096.0,3577,41.27564685486519,48.32069961771967,8.885317035046157
2023-01-16,845,2023-01-16,36.6,51.75,10.1,11.95,1873917.0,-3105096.0,3577,36.478915709333705,52.01814972952735,10.029506269444356
2023-01-24,846,2023-01-24,36.0,50.2,12.4,15.8,1873881.0,-3105063.0,3577,32.77589566865888,55.10368412547195,10.699685488230358
2023-02-09,847,2023-02-09,32.5,56.3,10.0,12.65,1873917.0,-3105096.0,3577,31.75397562533785,56.65997346306935,10.221226473045373
2023-02-17,848,2023-02-17,33.9,57.25,7.45,13.1,1873917.0,-3105096.0,3577,35.329803061575504,55.58726780185742,7.771495528035793
