time,Unnamed: 0,time_ymd,pv,npv,bs,ue,x,y,spatial_ref,pv_filter,npv_filter,bs_filter
1987-09-29,1,1987-09-29,10.6363636363636,53.7727272727273,34.3636363636364,10.8636363636364,-1431703.63636364,-3289193.18181818,3577,9.163905567543303,54.592905751703476,35.13112028437108
1987-10-31,2,1987-10-31,8.59090909090909,53.9090909090909,36.1363636363636,8.86363636363636,-1431703.63636364,-3289193.18181818,3577,11.302151695340509,52.78332125868247,34.47893277459841
1987-12-02,3,1987-12-02,9.72727272727273,50.0,38.7272727272727,10.5454545454545,-1431703.63636364,-3289193.18181818,3577,10.267539807400443,51.937060865595456,36.288280719395274
1987-12-18,4,1987-12-18,9.13636363636364,55.2727272727273,34.5454545454545,9.72727272727273,-1431703.63636364,-3289193.18181818,3577,8.057149735942254,51.76547974251795,38.7521287335529
1988-01-03,5,1988-01-03,8.27272727272727,54.6818181818182,35.8636363636364,10.3636363636364,-1431703.63636364,-3289193.18181818,3577,6.229291456528944,52.01505030179157,40.48362608818565
1988-01-19,6,1988-01-19,6.95454545454545,47.4090909090909,44.2272727272727,8.90909090909091,-1431703.63636364,-3289193.18181818,3577,5.903505088067365,52.46736219802409,40.51610671073104
1988-02-20,7,1988-02-20,7.86363636363636,52.9545454545455,38.0,10.1363636363636,-1431703.63636364,-3289193.18181818,3577,7.760560892808215,52.939122328089404,38.30308918494968
1988-03-07,8,1988-03-07,3.59090909090909,49.8181818181818,45.2272727272727,8.13636363636364,-1431703.63636364,-3289193.18181818,3577,12.042459276344323,53.28215483111957,33.71827675092017
1988-05-10,9,1988-05-10,24.2727272727273,52.6363636363636,22.1363636363636,11.5,-1431703.63636364,-3289193.18181818,3577,18.284463636557717,54.35836716992674,26.42204361919699
1988-05-26,10,1988-05-26,31.1363636363636,57.0909090909091,11.0909090909091,15.8181818181818,-1431703.63636364,-3289193.18181818,3577,27.70023657737851,53.36038654093021,17.804113139883057
1988-06-11,11,1988-06-11,30.0,59.1666666666667,9.33333333333333,10.3333333333333,-1431755.0,-3289210.0,3577,37.0131636353084,52.364479627066785,9.310465170441258
1988-06-27,12,1988-06-27,41.5454545454545,50.2727272727273,7.04545454545455,15.7272727272727,-1431703.63636364,-3289193.18181818,3577,43.273922952920145,51.08612079354349,4.043055312263828
1988-07-29,13,1988-07-29,51.2727272727273,43.0454545454545,4.45454545454545,16.2272727272727,-1431703.63636364,-3289193.18181818,3577,44.74699702210995,49.846603579357165,3.612470698453824
1988-08-14,14,1988-08-14,45.6666666666667,50.4444444444444,0.0,5.33333333333333,-1431661.66666667,-3289191.66666667,3577,41.60599860782183,50.78616011376299,5.7522616233556
1988-09-15,15,1988-09-15,38.0454545454545,48.1818181818182,12.5454545454545,13.5454545454545,-1431703.63636364,-3289193.18181818,3577,35.33197396467342,51.94171969318953,10.917279596281602
1988-10-17,16,1988-10-17,22.0454545454545,60.6363636363636,16.3181818181818,12.0454545454545,-1431703.63636364,-3289193.18181818,3577,29.46667053745137,55.076223710608915,13.899924027560541
1988-11-02,17,1988-11-02,17.6818181818182,61.7272727272727,19.3181818181818,9.27272727272727,-1431703.63636364,-3289193.18181818,3577,22.782414086519864,59.22445120628865,16.727460362132764
1988-11-18,18,1988-11-18,17.5454545454545,61.2272727272727,20.4090909090909,11.3636363636364,-1431703.63636364,-3289193.18181818,3577,16.381361953552,62.1673082991594,20.397018967519706
1988-12-04,19,1988-12-04,17.6363636363636,61.5,19.6818181818182,12.1363636363636,-1431703.63636364,-3289193.18181818,3577,14.454588754896161,62.678035961589785,21.98984213084644
1988-12-20,20,1988-12-20,15.6363636363636,60.5454545454545,22.8181818181818,12.1363636363636,-1431703.63636364,-3289193.18181818,3577,13.445924091855069,61.444188360024924,24.21592606661202
1989-02-06,21,1989-02-06,11.8636363636364,62.9545454545455,24.1818181818182,10.9545454545455,-1431703.63636364,-3289193.18181818,3577,12.490006475369066,61.02141825712543,25.318343210402496
1989-03-10,22,1989-03-10,12.7272727272727,58.7727272727273,27.3636363636364,11.6363636363636,-1431703.63636364,-3289193.18181818,3577,11.06240171311775,60.31125277761023,27.620207684233982
1989-03-26,23,1989-03-26,12.0454545454545,58.5454545454545,28.4545454545455,11.2727272727273,-1431703.63636364,-3289193.18181818,3577,12.595746921244618,60.227623066482636,26.217011527730975
1989-04-27,24,1989-04-27,14.5909090909091,61.2272727272727,23.1818181818182,12.6363636363636,-1431703.63636364,-3289193.18181818,3577,16.869982817630188,59.59414677637823,22.59998937172821
1989-05-13,25,1989-05-13,12.4545454545455,59.9545454545455,26.8636363636364,12.5909090909091,-1431703.63636364,-3289193.18181818,3577,21.632587648767938,59.11617287861831,18.364748395423977
1989-05-29,26,1989-05-29,29.2727272727273,60.8636363636364,9.0,15.9545454545455,-1431703.63636364,-3289193.18181818,3577,25.25020026412839,58.73753491090075,15.122586251348435
1989-06-30,27,1989-06-30,32.3636363636364,56.0454545454545,10.5909090909091,16.5,-1431703.63636364,-3289193.18181818,3577,26.11906317717918,58.53622861798176,14.402099870293615
1989-07-16,28,1989-07-16,34.6363636363636,56.2272727272727,8.04545454545454,14.5,-1431703.63636364,-3289193.18181818,3577,23.832976761484332,59.19138362340407,15.952515258451516
1989-10-04,29,1989-10-04,11.0,61.9545454545455,26.0,11.9545454545455,-1431703.63636364,-3289193.18181818,3577,19.216446654946452,59.51295172600223,20.130144131126197
1989-11-05,30,1989-11-05,8.0,60.3636363636364,30.4090909090909,11.7272727272727,-1431703.63636364,-3289193.18181818,3577,13.288943254885536,59.75186929590765,25.721659426975016
1989-11-21,31,1989-11-21,7.54545454545455,59.9090909090909,31.3181818181818,11.4090909090909,-1431703.63636364,-3289193.18181818,3577,8.637951972034555,60.43349164203875,29.69532297142322
1989-12-23,32,1989-12-23,6.5,61.2727272727273,30.8181818181818,10.8181818181818,-1431703.63636364,-3289193.18181818,3577,6.13866249146203,60.26316773571714,32.410787495640506
1990-01-08,33,1990-01-08,8.77272727272727,60.0454545454545,30.1818181818182,10.6363636363636,-1431703.63636364,-3289193.18181818,3577,8.225069329768356,59.83029706009391,30.813556553208567
1990-01-24,34,1990-01-24,12.0,56.5454545454545,30.3181818181818,11.1818181818182,-1431703.63636364,-3289193.18181818,3577,11.199936427207474,58.042635102012845,29.665250876335662
1990-02-25,35,1990-02-25,15.7727272727273,56.5,26.8181818181818,11.5,-1431703.63636364,-3289193.18181818,3577,13.762581212762084,56.40095437913338,28.764975525455327
1990-03-13,36,1990-03-13,16.0454545454545,57.5,25.5909090909091,11.4090909090909,-1431703.63636364,-3289193.18181818,3577,13.50704418013531,56.77249502537143,28.736087301379932
1990-03-29,37,1990-03-29,12.1363636363636,54.2727272727273,32.3181818181818,11.1818181818182,-1431703.63636364,-3289193.18181818,3577,13.773606073069239,54.48136116626719,30.777186224972215
1990-04-14,38,1990-04-14,11.8181818181818,56.0,31.2727272727273,11.8636363636364,-1431703.63636364,-3289193.18181818,3577,14.001408245566003,54.59897279752925,30.447431403379554
1990-04-30,39,1990-04-30,12.0,54.9545454545455,32.0454545454545,14.6363636363636,-1431703.63636364,-3289193.18181818,3577,14.557028532962171,56.44106428330187,28.058814672517194
1990-06-01,40,1990-06-01,16.1818181818182,58.9090909090909,24.1363636363636,12.8636363636364,-1431703.63636364,-3289193.18181818,3577,15.201694027894952,59.181728628806766,24.736878516919848
1990-06-17,41,1990-06-17,18.5454545454545,59.4090909090909,21.2727272727273,13.8636363636364,-1431703.63636364,-3289193.18181818,3577,15.872878036680893,61.20976757550568,22.00980260943342
1990-07-03,42,1990-07-03,16.8181818181818,57.5,24.5,12.8636363636364,-1431703.63636364,-3289193.18181818,3577,16.700421587978898,62.64324839246502,19.704315667442458
1990-08-04,43,1990-08-04,16.2727272727273,76.0454545454545,6.81818181818182,10.9545454545455,-1431703.63636364,-3289193.18181818,3577,16.000421194339424,62.59858998304445,20.363771185186646
1990-08-20,44,1990-08-20,13.8181818181818,58.4090909090909,26.6363636363636,12.2727272727273,-1431703.63636364,-3289193.18181818,3577,14.080315265930942,60.70518757908786,24.051288283904988
1990-09-21,45,1990-09-21,9.90909090909091,56.1363636363636,32.6363636363636,11.6818181818182,-1431703.63636364,-3289193.18181818,3577,11.760876753416504,58.31093097726057,28.70982760554522
1990-10-23,46,1990-10-23,10.8181818181818,51.9545454545455,35.8181818181818,11.0454545454545,-1431703.63636364,-3289193.18181818,3577,9.530281708158133,55.8663081922216,33.33925236035629
1990-11-08,47,1990-11-08,8.95454545454546,53.5,36.4090909090909,10.9090909090909,-1431703.63636364,-3289193.18181818,3577,8.467509973841388,53.596814668577004,36.710695580799865
1990-12-10,48,1990-12-10,6.09090909090909,52.3181818181818,40.4545454545455,14.3636363636364,-1431703.63636364,-3289193.18181818,3577,8.314981528461846,51.7464724973795,38.714135006558166
1990-12-26,49,1990-12-26,9.63636363636364,54.0909090909091,35.0909090909091,10.5,-1431703.63636364,-3289193.18181818,3577,8.228864015240488,51.37644342709716,39.17977814473149
1991-01-11,50,1991-01-11,8.36363636363636,54.1818181818182,36.2727272727273,10.8181818181818,-1431703.63636364,-3289193.18181818,3577,8.651012933026841,53.70609885469762,36.51042652815257
1991-01-27,51,1991-01-27,9.68181818181818,52.1363636363636,37.0454545454545,10.3181818181818,-1431703.63636364,-3289193.18181818,3577,9.706853658583139,53.12562711703486,36.06634893392024
1991-02-12,52,1991-02-12,10.4090909090909,50.3181818181818,38.1363636363636,10.2727272727273,-1431703.63636364,-3289193.18181818,3577,9.311918028494176,52.60740455715744,36.93574326039294
1991-02-28,53,1991-02-28,9.45454545454546,54.5454545454545,34.8181818181818,10.1363636363636,-1431703.63636364,-3289193.18181818,3577,9.207107556107017,52.51558025424394,37.166459349819924
1991-03-16,54,1991-03-16,9.59090909090909,54.0,35.5454545454545,10.1363636363636,-1431703.63636364,-3289193.18181818,3577,10.10031412437679,53.03759651549459,35.814844738706505
1991-04-01,55,1991-04-01,12.2727272727273,52.3636363636364,34.2272727272727,10.3181818181818,-1431703.63636364,-3289193.18181818,3577,11.213598672645697,53.52592510219068,34.22562042516496
1991-04-17,56,1991-04-17,11.7272727272727,52.3636363636364,34.7727272727273,10.7727272727273,-1431703.63636364,-3289193.18181818,3577,14.335908392196725,54.21486127156584,30.423040511411976
1991-05-03,57,1991-05-03,11.7727272727273,55.9545454545455,31.2272727272727,10.8181818181818,-1431703.63636364,-3289193.18181818,3577,16.54299134583156,54.689805128721844,27.684835429131905
1991-06-20,58,1991-06-20,23.8636363636364,57.8636363636364,17.4545454545455,14.8636363636364,-1431703.63636364,-3289193.18181818,3577,18.229890430422483,55.15305198600184,25.49099549479132
1991-08-23,59,1991-08-23,21.4545454545455,53.3181818181818,23.7727272727273,12.0,-1431703.63636364,-3289193.18181818,3577,18.29284914353598,55.54700056486452,24.9680758307234
1991-09-08,60,1991-09-08,15.5454545454545,55.0,28.1818181818182,14.3181818181818,-1431703.63636364,-3289193.18181818,3577,16.575795299547412,55.73108315831942,26.446875387485015
1991-09-24,61,1991-09-24,15.4545454545455,55.9545454545455,27.3636363636364,11.1818181818182,-1431703.63636364,-3289193.18181818,3577,14.19820933358578,55.92651044423358,28.609514465265885
1991-10-26,62,1991-10-26,5.81818181818182,56.7272727272727,36.0454545454545,7.22727272727273,-1431703.63636364,-3289193.18181818,3577,11.263605659748091,55.59461225517248,31.807857636307695
1991-11-11,63,1991-11-11,9.31818181818182,56.0,33.5454545454545,10.7272727272727,-1431703.63636364,-3289193.18181818,3577,8.198601989059535,55.223932695497766,35.24773214401169
1991-11-27,64,1991-11-27,6.68181818181818,53.5,38.4090909090909,10.5909090909091,-1431703.63636364,-3289193.18181818,3577,6.5984000519594375,56.35873997940422,35.243785907304414
1991-12-13,65,1991-12-13,8.72727272727273,54.5454545454545,35.4545454545455,10.3181818181818,-1431703.63636364,-3289193.18181818,3577,7.81285685887314,53.701893799971884,37.869631494309196
1991-12-29,66,1991-12-29,9.09090909090909,56.7727272727273,32.8181818181818,10.0,-1431703.63636364,-3289193.18181818,3577,8.349747775443115,52.66024230483053,38.3918367025543
1992-01-14,67,1992-01-14,7.45454545454545,51.6363636363636,39.6818181818182,8.95454545454546,-1431703.63636364,-3289193.18181818,3577,8.796514912049755,53.440663262988494,36.548838861667626
1992-01-30,68,1992-01-30,10.9090909090909,53.7272727272727,34.2272727272727,10.4090909090909,-1431703.63636364,-3289193.18181818,3577,9.478569277610923,54.918230727890396,33.527925775317335
1992-02-15,69,1992-02-15,11.8181818181818,53.1363636363636,33.7272727272727,9.86363636363636,-1431703.63636364,-3289193.18181818,3577,9.635764320114134,57.13421436429307,30.293190625862696
1992-03-02,70,1992-03-02,11.3636363636364,51.9545454545455,35.5909090909091,10.0909090909091,-1431703.63636364,-3289193.18181818,3577,12.913608907274305,57.53733622132705,26.06696497985159
1992-03-18,71,1992-03-18,13.0,75.25,0.0,2.25,-1431757.5,-3289177.5,3577,16.82310723332145,57.674949663331134,21.79834041556204
1992-05-21,72,1992-05-21,21.8636363636364,53.2272727272727,23.5909090909091,16.3181818181818,-1431703.63636364,-3289193.18181818,3577,22.04325213204705,56.81333660709396,17.638418434925807
1992-06-06,73,1992-06-06,26.7272727272727,52.9545454545455,19.2727272727273,12.0,-1431703.63636364,-3289193.18181818,3577,26.594752981323758,56.32277559197631,14.162857547741462
1992-06-22,74,1992-06-22,33.4545454545455,52.5909090909091,12.6818181818182,15.3181818181818,-1431703.63636364,-3289193.18181818,3577,30.49114310962999,55.21085352867529,12.22281672731815
1992-07-08,75,1992-07-08,35.7727272727273,50.7272727272727,12.3636363636364,15.4090909090909,-1431703.63636364,-3289193.18181818,3577,32.537734289347796,54.646078168938004,11.621432887403571
1992-09-10,76,1992-09-10,27.6818181818182,60.2727272727273,10.6363636363636,12.4545454545455,-1431703.63636364,-3289193.18181818,3577,31.33837454411151,54.70226923371336,13.37680852780568
1992-09-26,77,1992-09-26,28.5909090909091,56.1818181818182,14.0,14.3636363636364,-1431703.63636364,-3289193.18181818,3577,28.36061911631431,56.46593738374488,14.583446668724527
1992-10-12,78,1992-10-12,22.6818181818182,62.5454545454545,13.6363636363636,10.7727272727273,-1431703.63636364,-3289193.18181818,3577,23.24054428543247,60.418109683721255,14.620218509324097
1992-10-28,79,1992-10-28,20.3181818181818,57.2727272727273,21.1363636363636,12.0909090909091,-1431703.63636364,-3289193.18181818,3577,18.772673147283356,60.15369263440415,19.860122146356133
1992-12-15,80,1992-12-15,11.8636363636364,59.3181818181818,27.6818181818182,11.3636363636364,-1431703.63636364,-3289193.18181818,3577,14.67213858474545,59.3989674833943,24.797004009215303
1993-02-01,81,1993-02-01,12.5,60.3636363636364,26.0454545454545,9.63636363636364,-1431703.63636364,-3289193.18181818,3577,10.672047063545598,58.42727508910143,29.805650302409127
1993-02-17,82,1993-02-17,12.0454545454545,58.2272727272727,28.6363636363636,11.2272727272727,-1431703.63636364,-3289193.18181818,3577,8.638970514426564,57.83829975258888,32.470119804198816
1993-03-05,83,1993-03-05,6.5,55.0,37.5,11.0,-1431735.0,-3289140.0,3577,9.822648643221317,57.8321579911699,31.269621456501113
1993-04-06,84,1993-04-06,14.1363636363636,55.9090909090909,28.8636363636364,10.9090909090909,-1431703.63636364,-3289193.18181818,3577,14.065346137114354,56.45394515419002,28.38377594822429
1993-04-22,85,1993-04-22,13.8181818181818,56.8636363636364,28.2727272727273,11.4545454545455,-1431703.63636364,-3289193.18181818,3577,19.86973580879842,55.92467706792793,23.089031430148175
1993-05-24,86,1993-05-24,23.7727272727273,59.6363636363636,15.3636363636364,13.2272727272727,-1431703.63636364,-3289193.18181818,3577,25.233196018725607,55.30618565222299,18.365221747009052
1993-07-11,87,1993-07-11,37.6818181818182,53.8636363636364,7.31818181818182,14.0,-1431703.63636364,-3289193.18181818,3577,28.100940011293275,55.692472036820604,15.125583816687683
1993-08-28,88,1993-08-28,32.4545454545455,51.7727272727273,14.6363636363636,14.0454545454545,-1431703.63636364,-3289193.18181818,3577,28.708415423581435,55.9541449262728,14.252520769405791
1993-09-29,89,1993-09-29,22.2727272727273,56.6363636363636,20.0909090909091,12.5454545454545,-1431703.63636364,-3289193.18181818,3577,25.94188403771469,56.21339102776484,16.705347003121048
1993-10-15,90,1993-10-15,20.0909090909091,60.0,18.9545454545455,13.1363636363636,-1431703.63636364,-3289193.18181818,3577,20.801272046273183,56.77224703244119,21.282982567668398
1993-12-02,91,1993-12-02,11.1363636363636,58.9090909090909,28.7727272727273,12.0909090909091,-1431703.63636364,-3289193.18181818,3577,15.320914660906759,58.15714780574592,25.376914810488294
1993-12-18,92,1993-12-18,10.9545454545455,57.0909090909091,30.4545454545455,11.7727272727273,-1431703.63636364,-3289193.18181818,3577,10.329525526540593,59.47507375820588,29.0359589748795
1994-01-03,93,1994-01-03,9.31818181818182,59.0909090909091,30.4090909090909,11.8181818181818,-1431703.63636364,-3289193.18181818,3577,7.939934045688556,60.45789532729242,30.382840562191497
1994-01-19,94,1994-01-19,9.31818181818182,62.4090909090909,27.1363636363636,11.3636363636364,-1431703.63636364,-3289193.18181818,3577,9.55508100118145,60.15160437647579,29.06483932616343
1994-02-04,95,1994-02-04,10.3181818181818,60.6818181818182,28.0454545454545,11.2727272727273,-1431703.63636364,-3289193.18181818,3577,9.65090222189712,59.580201504087896,29.52237693350395
1994-02-20,96,1994-02-20,8.5,59.0454545454545,31.0909090909091,11.3636363636364,-1431703.63636364,-3289193.18181818,3577,9.073892544268336,59.58371139132983,30.14218704177443
1994-03-08,97,1994-03-08,11.8181818181818,57.8636363636364,29.0,11.8636363636364,-1431703.63636364,-3289193.18181818,3577,9.953480167452785,59.67152352290778,29.239711245687744
1994-03-24,98,1994-03-24,10.2727272727273,59.6363636363636,28.9545454545455,11.7727272727273,-1431703.63636364,-3289193.18181818,3577,9.958525150614843,59.34775595920219,29.557328683133456
1994-04-09,99,1994-04-09,12.0,59.5454545454545,27.4545454545455,11.5,-1431703.63636364,-3289193.18181818,3577,11.756515719010444,58.88349252772802,28.222629256469695
1994-04-25,100,1994-04-25,5.75,59.4,33.75,7.7,-1431709.5,-3289189.5,3577,13.402380240078777,59.17849606064313,26.35354275614226
1994-06-12,101,1994-06-12,19.3181818181818,60.1818181818182,19.6363636363636,13.6363636363636,-1431703.63636364,-3289193.18181818,3577,14.803274195546132,60.19173297852386,24.017937663233823
1994-07-14,102,1994-07-14,19.5909090909091,60.0,19.3181818181818,14.1818181818182,-1431703.63636364,-3289193.18181818,3577,16.012096544039,60.56504697103286,22.4830843234975
1994-07-30,103,1994-07-30,14.8636363636364,59.9090909090909,24.1818181818182,13.0454545454545,-1431703.63636364,-3289193.18181818,3577,16.747610607796695,60.47439768224116,21.824311278360913
1994-08-15,104,1994-08-15,18.9545454545455,60.5909090909091,19.6363636363636,15.0,-1431703.63636364,-3289193.18181818,3577,16.799697980036044,59.956368005753944,22.27037773652975
1994-09-16,105,1994-09-16,11.4,60.8,26.8,12.8,-1431753.0,-3289221.0,3577,15.702993924170878,59.4512272697661,23.833431710419404
1994-10-02,106,1994-10-02,14.9090909090909,58.2727272727273,25.7272727272727,11.3181818181818,-1431703.63636364,-3289193.18181818,3577,14.483586213952766,58.3832888192497,26.058110057683972
1994-10-18,107,1994-10-18,14.8181818181818,55.6818181818182,28.3181818181818,11.6363636363636,-1431703.63636364,-3289193.18181818,3577,12.66947708919094,57.36920636356875,28.816352870317033
1994-11-03,108,1994-11-03,12.4545454545455,56.5,29.9090909090909,11.5,-1431703.63636364,-3289193.18181818,3577,13.413834265929093,56.320018146775844,29.05360091638857
1994-12-05,109,1994-12-05,11.0909090909091,55.5454545454545,32.0,11.1363636363636,-1431703.63636364,-3289193.18181818,3577,12.359406706435546,55.23363394274473,31.14636404968052
1994-12-21,110,1994-12-21,13.6818181818182,55.0454545454545,30.0,11.1363636363636,-1431703.63636364,-3289193.18181818,3577,11.46816577736757,54.47743441471867,32.7959911745959
1995-01-06,111,1995-01-06,12.7727272727273,53.9545454545455,32.0909090909091,10.9545454545455,-1431703.63636364,-3289193.18181818,3577,11.813311512577979,54.16047504422713,32.816744049640924
1995-01-22,112,1995-01-22,11.3181818181818,54.7272727272727,32.8181818181818,11.7727272727273,-1431703.63636364,-3289193.18181818,3577,12.428027924789355,54.12553165943855,32.25629478879773
1995-02-07,113,1995-02-07,13.2272727272727,53.0454545454545,32.5909090909091,10.9545454545455,-1431703.63636364,-3289193.18181818,3577,14.41825188602343,54.51171176135179,29.95432009588614
1995-02-23,114,1995-02-23,13.5454545454545,54.5909090909091,30.9545454545455,10.8181818181818,-1431703.63636364,-3289193.18181818,3577,16.213093829894092,54.86086317284485,27.908169792488742
1995-05-14,115,1995-05-14,25.6818181818182,55.3636363636364,17.8636363636364,13.4090909090909,-1431703.63636364,-3289193.18181818,3577,20.61701231501091,54.97733423344762,23.535158902450632
1995-05-30,116,1995-05-30,24.0454545454545,55.3636363636364,19.7272727272727,13.2272727272727,-1431703.63636364,-3289193.18181818,3577,25.64831158146282,54.6163864280867,18.90868349213127
1995-06-15,117,1995-06-15,26.9545454545455,55.5,16.8181818181818,14.4545454545455,-1431703.63636364,-3289193.18181818,3577,29.63366622119345,54.3036683271615,15.274449445851605
1995-07-01,118,1995-07-01,28.5909090909091,54.2727272727273,16.5454545454545,14.5,-1431703.63636364,-3289193.18181818,3577,30.70761239885465,53.728521548806256,14.757258221652299
1995-07-17,119,1995-07-17,33.5454545454545,50.7727272727273,14.7727272727273,17.1363636363636,-1431703.63636364,-3289193.18181818,3577,28.79303218593529,53.4639406470174,16.84508806701068
1995-08-02,120,1995-08-02,33.0909090909091,52.5909090909091,13.2727272727273,15.1818181818182,-1431703.63636364,-3289193.18181818,3577,24.271802219729913,53.75386701673544,20.961510906765305
1995-10-21,121,1995-10-21,12.6818181818182,55.2727272727273,30.6818181818182,11.0909090909091,-1431703.63636364,-3289193.18181818,3577,19.07348660345841,53.924908823226126,25.870691368858083
1995-11-22,122,1995-11-22,10.5454545454545,55.6363636363636,32.7727272727273,11.0909090909091,-1431703.63636364,-3289193.18181818,3577,15.68934457042862,54.71986344642436,28.37946165851739
1995-12-08,123,1995-12-08,10.0909090909091,54.6818181818182,33.9090909090909,10.8181818181818,-1431703.63636364,-3289193.18181818,3577,11.39234744990272,55.95311014624842,31.42648682586296
1995-12-24,124,1995-12-24,10.6363636363636,56.0909090909091,32.0909090909091,11.1818181818182,-1431703.63636364,-3289193.18181818,3577,10.007430931015119,53.76106520835522,35.05048230688013
1996-01-09,125,1996-01-09,11.5454545454545,54.0454545454545,33.3636363636364,10.9545454545455,-1431703.63636364,-3289193.18181818,3577,9.863933561511583,52.78356170988368,36.22198614781805
1996-02-10,126,1996-02-10,14.2727272727273,51.4090909090909,33.2272727272727,10.4090909090909,-1431703.63636364,-3289193.18181818,3577,9.53653860915186,53.23050942864387,36.135860761805255
1996-02-26,127,1996-02-26,9.59090909090909,55.1818181818182,34.2272727272727,10.7727272727273,-1431703.63636364,-3289193.18181818,3577,9.135387410224208,55.104746013899046,34.69113169408175
1996-03-13,128,1996-03-13,7.0,50.75,41.0,7.0,-1431765.0,-3289200.0,3577,8.672385593577667,57.189869587201315,33.05491628761961
1996-04-14,129,1996-04-14,13.1818181818182,54.6363636363636,31.1363636363636,11.8181818181818,-1431703.63636364,-3289193.18181818,3577,12.34250185502464,57.86987899518698,28.71094898627539
1996-06-17,130,1996-06-17,7.18181818181818,74.5909090909091,17.0909090909091,12.4545454545455,-1431703.63636364,-3289193.18181818,3577,17.3921024092684,57.64515951258687,23.82337134087059
1996-08-04,131,1996-08-04,20.5454545454545,56.0909090909091,22.3636363636364,10.5454545454545,-1431703.63636364,-3289193.18181818,3577,22.688714747112687,57.33791939835271,18.814036670475602
1996-09-05,132,1996-09-05,36.4090909090909,50.8636363636364,11.5,14.7727272727273,-1431703.63636364,-3289193.18181818,3577,26.88698607893249,56.34437410323143,15.62198090749434
1996-09-21,133,1996-09-21,35.5454545454545,50.2272727272727,13.0,13.4090909090909,-1431703.63636364,-3289193.18181818,3577,28.85105662701626,55.35278716497985,14.66506438959077
1996-10-07,134,1996-10-07,27.0454545454545,53.4090909090909,18.4090909090909,12.5909090909091,-1431703.63636364,-3289193.18181818,3577,26.993556120205586,55.03488138654781,16.857902142184034
1996-10-23,135,1996-10-23,15.5,60.0,23.4375,13.5,-1431718.125,-3289205.625,3577,22.82487565909682,55.025117649018796,21.0471062324922
1996-11-08,136,1996-11-08,15.5454545454545,59.8181818181818,23.6818181818182,12.3636363636364,-1431703.63636364,-3289193.18181818,3577,17.33909096813423,56.311995772302566,25.28274355464029
1996-11-24,137,1996-11-24,12.5,58.1818181818182,28.2727272727273,11.1818181818182,-1431703.63636364,-3289193.18181818,3577,11.976795603306599,60.90858705042989,26.110118537992506
1996-12-10,138,1996-12-10,11.0454545454545,58.9090909090909,28.9545454545455,11.3636363636364,-1431703.63636364,-3289193.18181818,3577,10.049046309725899,60.16161679580425,28.790967029729288
1996-12-26,139,1996-12-26,10.7272727272727,57.6363636363636,30.5909090909091,11.0454545454545,-1431703.63636364,-3289193.18181818,3577,10.726919435755416,58.05512922202175,30.173838984680977
1997-01-11,140,1997-01-11,12.0909090909091,57.3181818181818,29.5909090909091,11.5,-1431703.63636364,-3289193.18181818,3577,11.206807077900233,55.701216739908105,31.96365398720328
1997-01-27,141,1997-01-27,11.3181818181818,55.1818181818182,32.3636363636364,11.0909090909091,-1431703.63636364,-3289193.18181818,3577,10.987424199778303,53.174166812633395,34.67940763148522
1997-02-12,142,1997-02-12,13.9090909090909,54.7727272727273,30.1818181818182,11.4090909090909,-1431703.63636364,-3289193.18181818,3577,10.953521007558205,52.59518696894777,35.298450265603044
1997-02-28,143,1997-02-28,9.13333333333333,43.2,46.2666666666667,7.73333333333333,-1431713.0,-3289175.0,3577,12.986249644902358,52.228818287437015,33.67204535777071
1997-04-01,144,1997-04-01,12.5909090909091,56.4545454545455,30.0,11.1818181818182,-1431703.63636364,-3289193.18181818,3577,15.079228492679661,54.08427812296975,29.781768736309765
1997-04-17,145,1997-04-17,15.3181818181818,57.0,26.6818181818182,12.3181818181818,-1431703.63636364,-3289193.18181818,3577,15.774662995319238,56.303497750013406,26.91765125764164
1997-05-03,146,1997-05-03,19.1818181818182,57.7272727272727,22.3636363636364,13.0454545454545,-1431703.63636364,-3289193.18181818,3577,16.01546380254275,57.9911801773522,25.056884854516944
1997-07-06,147,1997-07-06,20.2272727272727,63.4090909090909,15.3636363636364,13.9545454545455,-1431703.63636364,-3289193.18181818,3577,15.744926149933654,59.1225261119628,24.22870809022996
1997-07-22,148,1997-07-22,14.9545454545455,57.7272727272727,26.3636363636364,12.7727272727273,-1431703.63636364,-3289193.18181818,3577,14.937081438120583,58.851605294968294,25.295058380025054
1997-09-08,149,1997-09-08,8.0,59.3636363636364,31.6363636363636,22.9090909090909,-1431683.18181818,-3289198.63636364,3577,13.910894434393626,57.450852131254464,27.66637701354427
1997-09-24,150,1997-09-24,9.33333333333333,49.1111111111111,40.4444444444444,19.1111111111111,-1431691.66666667,-3289155.0,3577,12.208659152085417,54.8480077791845,31.84199263849785
1997-10-26,151,1997-10-26,15.8181818181818,54.4090909090909,28.7272727272727,11.6818181818182,-1431703.63636364,-3289193.18181818,3577,11.279675011167845,54.0679953314266,33.49311327568635
1997-11-11,152,1997-11-11,12.6818181818182,54.7727272727273,31.3181818181818,11.3181818181818,-1431703.63636364,-3289193.18181818,3577,11.63004572123454,53.101616415287054,34.07900083779112
1997-11-27,153,1997-11-27,13.0909090909091,53.7272727272727,32.0,11.4090909090909,-1431703.63636364,-3289193.18181818,3577,12.998310958202087,52.94366022693404,32.89169160263519
1997-12-13,154,1997-12-13,12.4545454545455,54.8181818181818,31.4545454545455,11.3181818181818,-1431703.63636364,-3289193.18181818,3577,14.050680110768095,54.43252197656112,30.37957843825673
1998-01-14,155,1998-01-14,13.2727272727273,53.6363636363636,31.9545454545455,11.0909090909091,-1431703.63636364,-3289193.18181818,3577,13.678700556407513,53.27293409751099,31.909696539969033
1998-02-15,156,1998-02-15,14.2727272727273,52.9545454545455,31.8636363636364,10.6818181818182,-1431703.63636364,-3289193.18181818,3577,14.628121479793943,56.17477094003134,28.124742958822658
1998-03-03,157,1998-03-03,15.6363636363636,55.1363636363636,28.1818181818182,10.7727272727273,-1431703.63636364,-3289193.18181818,3577,13.68093938147209,55.00588179527689,30.230393879031382
1998-03-19,158,1998-03-19,12.7272727272727,54.4545454545455,31.6363636363636,11.1363636363636,-1431703.63636364,-3289193.18181818,3577,13.17398278613954,53.091860222516516,32.623021469097395
1998-04-04,159,1998-04-04,13.7272727272727,52.7272727272727,32.3636363636364,10.5909090909091,-1431703.63636364,-3289193.18181818,3577,12.476018493185197,50.877205611718125,35.47086206081596
1998-04-20,160,1998-04-20,16.5,48.7272727272727,33.4545454545455,8.36363636363636,-1431703.63636364,-3289193.18181818,3577,13.871160784049206,48.894910043509526,36.018339667644746
1998-05-06,161,1998-05-06,17.7272727272727,54.1363636363636,27.0909090909091,11.3181818181818,-1431703.63636364,-3289193.18181818,3577,18.86228519580333,46.53993916299721,33.31677431068293
1998-05-22,162,1998-05-22,12.0,25.75,60.625,18.75,-1431663.75,-3289211.25,3577,25.819210201559265,44.357498046556984,28.515896396028644
1998-06-23,163,1998-06-23,38.5454545454545,51.6818181818182,8.68181818181818,15.4090909090909,-1431703.63636364,-3289193.18181818,3577,32.733337728970305,43.70196121075006,22.26507565752238
1998-07-09,164,1998-07-09,40.7272727272727,50.8181818181818,7.22727272727273,15.7272727272727,-1431703.63636364,-3289193.18181818,3577,37.421341956658594,45.188552370785985,16.115779239052937
1998-08-26,165,1998-08-26,45.5454545454545,45.9545454545455,7.22727272727273,15.0909090909091,-1431703.63636364,-3289193.18181818,3577,38.8131451998548,48.11083463397692,11.848411615121059
1998-09-11,166,1998-09-11,39.5454545454545,47.5909090909091,11.5454545454545,14.1818181818182,-1431703.63636364,-3289193.18181818,3577,37.32989751593186,51.684147051927134,9.821181597742182
1998-10-13,167,1998-10-13,24.8181818181818,56.8636363636364,17.2727272727273,12.1818181818182,-1431703.63636364,-3289193.18181818,3577,32.43427892118652,55.510955481324345,10.951902410843925
1998-10-29,168,1998-10-29,20.5909090909091,60.0,18.4090909090909,12.2272727272727,-1431703.63636364,-3289193.18181818,3577,23.27336496883011,58.715984128443694,16.967542449104798
1998-11-14,169,1998-11-14,17.2272727272727,60.2272727272727,21.5909090909091,11.0909090909091,-1431703.63636364,-3289193.18181818,3577,14.311084496700158,59.77381913048062,24.84676669375849
1998-11-30,170,1998-11-30,15.9545454545455,60.5,22.4545454545455,11.4090909090909,-1431703.63636364,-3289193.18181818,3577,12.000914227903726,62.314705980753516,24.646740959571524
1999-02-02,171,1999-02-02,11.9545454545455,60.5,26.4545454545455,11.2272727272727,-1431703.63636364,-3289193.18181818,3577,13.144994183973381,60.76470686644279,25.045620858169904
1999-03-06,172,1999-03-06,12.0,59.6818181818182,27.2272727272727,11.0454545454545,-1431703.63636364,-3289193.18181818,3577,19.093337847064262,56.65887981986208,23.17929003166485
1999-04-23,173,1999-04-23,22.7727272727273,54.1818181818182,21.9090909090909,10.0454545454545,-1431703.63636364,-3289193.18181818,3577,26.491513130828082,52.29166232022194,20.137475668150955
1999-06-10,174,1999-06-10,42.0909090909091,49.3636363636364,7.5,17.6818181818182,-1431703.63636364,-3289193.18181818,3577,33.671409367435885,48.98478189414696,16.25266641604704
1999-06-26,175,1999-06-26,44.1818181818182,37.3636363636364,17.4090909090909,9.72727272727273,-1431703.63636364,-3289193.18181818,3577,41.1047386331592,46.19870728763932,11.564061888011741
1999-07-12,176,1999-07-12,44.9545454545455,47.4090909090909,6.59090909090909,16.9090909090909,-1431703.63636364,-3289193.18181818,3577,46.78640690390627,44.360045386636,7.771654604892948
1999-08-05,177,1999-08-05,45.9545454545455,47.9090909090909,4.90909090909091,16.0,-1431703.63636364,-3289193.18181818,3577,47.9407212264163,45.73617035932705,5.190808319177929
1999-08-13,178,1999-08-13,42.1363636363636,49.3181818181818,7.36363636363636,15.9545454545455,-1431703.63636364,-3289193.18181818,3577,44.0079859628063,47.8900525311937,6.955272703653309
1999-08-21,179,1999-08-21,40.1818181818182,50.9090909090909,7.68181818181818,15.7272727272727,-1431703.63636364,-3289193.18181818,3577,36.77756871142192,52.260428988397535,9.811218334155217
1999-09-06,180,1999-09-06,32.6363636363636,54.8636363636364,11.5454545454545,14.5,-1431703.63636364,-3289193.18181818,3577,29.150684243981303,56.755494716364375,12.95736588207545
1999-09-30,181,1999-09-30,20.6363636363636,60.7727272727273,17.5909090909091,13.9090909090909,-1431703.63636364,-3289193.18181818,3577,22.77682645912264,60.32887943968858,15.771281631397475
1999-10-24,182,1999-10-24,11.7333333333333,65.4,21.4,9.46666666666667,-1431687.0,-3289205.0,3577,17.295171786205657,62.40088428021194,19.26200689262601
1999-11-09,183,1999-11-09,13.1818181818182,61.6818181818182,24.4090909090909,12.8181818181818,-1431703.63636364,-3289193.18181818,3577,12.777089109948964,65.52314315810457,20.682206900892233
1999-11-17,184,1999-11-17,11.8181818181818,72.5909090909091,14.5,11.0,-1431703.63636364,-3289193.18181818,3577,10.319985412544638,67.6574514779563,21.0144140970172
1999-11-25,185,1999-11-25,12.1363636363636,64.3636363636364,22.5,12.6363636363636,-1431703.63636364,-3289193.18181818,3577,10.43491281901957,68.00064572427165,20.528831146334408
1999-12-03,186,1999-12-03,12.4545454545455,66.5,20.0454545454545,12.2272727272727,-1431703.63636364,-3289193.18181818,3577,11.955407577000596,67.14930324240949,19.8526134715241
1999-12-19,187,1999-12-19,11.8636363636364,67.8636363636364,19.3636363636364,12.1818181818182,-1431703.63636364,-3289193.18181818,3577,12.112910414572148,66.20694899186364,20.658594824817456
2000-01-12,188,2000-01-12,9.26315789473684,66.4210526315789,23.0,8.89473684210526,-1431693.94736842,-3289194.47368421,3577,11.256749554728101,65.1406364126244,22.582365636049275
2000-01-28,189,2000-01-28,16.7272727272727,62.7727272727273,19.6363636363636,14.9545454545455,-1431703.63636364,-3289193.18181818,3577,13.171015158125655,63.93749443853663,21.931769468917885
2000-02-13,190,2000-02-13,15.4545454545455,59.2272727272727,24.3181818181818,13.0454545454545,-1431703.63636364,-3289193.18181818,3577,15.637589383372678,62.030148051977264,21.43787432662709
2000-02-29,191,2000-02-29,12.2727272727273,62.9545454545455,24.0909090909091,12.8181818181818,-1431703.63636364,-3289193.18181818,3577,17.722523070901882,61.133319235675415,20.25293790433861
2000-03-16,192,2000-03-16,19.7272727272727,60.2727272727273,19.1363636363636,13.7272727272727,-1431703.63636364,-3289193.18181818,3577,21.36658052865681,58.36548064271356,19.409174557497014
2000-04-17,193,2000-04-17,30.6363636363636,56.5,12.0909090909091,14.6818181818182,-1431703.63636364,-3289193.18181818,3577,24.238701747942528,56.85672243416332,18.05763535296406
2000-05-19,194,2000-05-19,29.2272727272727,56.0909090909091,13.7727272727273,14.7272727272727,-1431703.63636364,-3289193.18181818,3577,25.434929883206443,56.058266645947334,17.676198607891024
2000-06-04,195,2000-06-04,15.75,54.25,28.75,9.0,-1431690.0,-3289155.0,3577,24.633840206000336,56.14108851544316,18.327910251158997
2000-07-06,196,2000-07-06,26.2727272727273,55.2727272727273,17.9545454545455,15.6818181818182,-1431703.63636364,-3289193.18181818,3577,22.98909323156095,55.529411272648126,20.642815388942346
2000-08-23,197,2000-08-23,23.3636363636364,56.7272727272727,19.0454545454545,14.5454545454545,-1431703.63636364,-3289193.18181818,3577,19.125190890587,56.62944556849565,23.387040278181598
2000-09-24,198,2000-09-24,9.9375,61.125,28.0625,16.5,-1431720.0,-3289185.0,3577,14.43520483526954,58.90701815071185,25.809036709838516
2000-10-10,199,2000-10-10,11.4090909090909,59.7727272727273,27.9545454545455,13.0,-1431703.63636364,-3289193.18181818,3577,11.121758255112216,60.776813497498196,27.19477126096126
2000-10-26,200,2000-10-26,9.77272727272727,60.9090909090909,28.3181818181818,12.8181818181818,-1431703.63636364,-3289193.18181818,3577,9.727464626562526,61.850376122601624,27.483011500175998
2000-11-11,201,2000-11-11,8.77272727272727,60.5,29.8636363636364,12.5909090909091,-1431703.63636364,-3289193.18181818,3577,8.60676083345177,62.23004419587363,28.170785571727762
2000-11-27,202,2000-11-27,7.6,66.9,24.2,9.4,-1431726.0,-3289221.0,3577,7.955696825689293,61.28710707389077,29.744980431188345
2001-01-14,203,2001-01-14,9.45454545454546,57.1818181818182,32.5,12.2272727272727,-1431703.63636364,-3289193.18181818,3577,9.93076605704869,59.74213089892608,29.352976234990564
2001-02-15,204,2001-02-15,11.1363636363636,58.0,29.9090909090909,12.0909090909091,-1431703.63636364,-3289193.18181818,3577,10.919735415160176,58.00551095399649,30.094184664191403
2001-03-03,205,2001-03-03,13.0909090909091,56.0454545454545,30.0454545454545,13.0,-1431703.63636364,-3289193.18181818,3577,11.306747203681194,56.90403534685683,30.828213107602643
2001-03-19,206,2001-03-19,11.7272727272727,55.2272727272727,32.0454545454545,12.4090909090909,-1431703.63636364,-3289193.18181818,3577,11.827822051293403,55.60623938402448,31.61172081506534
2001-04-04,207,2001-04-04,11.3636363636364,54.5909090909091,33.0454545454545,12.3181818181818,-1431703.63636364,-3289193.18181818,3577,11.733537107416588,55.017932644324645,32.30148874485568
2001-04-20,208,2001-04-20,10.0,56.2272727272727,32.6818181818182,12.3636363636364,-1431703.63636364,-3289193.18181818,3577,11.19025387784017,55.849430895580724,32.03824110029653
2001-05-22,209,2001-05-22,11.9090909090909,56.4545454545455,30.9090909090909,13.3181818181818,-1431703.63636364,-3289193.18181818,3577,11.750216993812208,54.89006630857767,32.42656358557928
2001-06-07,210,2001-06-07,12.3636363636364,56.2727272727273,30.4090909090909,13.6818181818182,-1431703.63636364,-3289193.18181818,3577,11.497050655506584,55.04860563021859,32.56356885444494
2001-07-25,211,2001-07-25,8.27272727272727,54.9090909090909,35.9545454545455,13.1818181818182,-1431703.63636364,-3289193.18181818,3577,10.935042581959038,56.244222847226006,31.972048638100738
2001-08-10,212,2001-08-10,12.6363636363636,56.6818181818182,29.9090909090909,13.7727272727273,-1431703.63636364,-3289193.18181818,3577,10.174613593553804,57.81306351964088,31.185250718879626
2001-08-26,213,2001-08-26,10.8181818181818,56.5,31.7727272727273,13.0,-1431703.63636364,-3289193.18181818,3577,8.824374752743811,59.05554451176987,31.239037629970206
2001-09-11,214,2001-09-11,8.36363636363636,56.5909090909091,34.0909090909091,12.4545454545455,-1431703.63636364,-3289193.18181818,3577,7.498150878110344,59.53412264627249,32.00647635505024
2001-09-27,215,2001-09-27,0.0,73.0,26.0,16.0,-1431675.0,-3289245.0,3577,6.270738408789812,59.714434172629566,32.990311546034164
2001-10-13,216,2001-10-13,8.27272727272727,53.2272727272727,37.5,11.9545454545455,-1431703.63636364,-3289193.18181818,3577,5.753329698727088,59.01013228256927,34.17313744515599
2001-11-30,217,2001-11-30,6.45454545454545,56.6363636363636,35.6363636363636,9.36363636363636,-1431703.63636364,-3289193.18181818,3577,6.056665400458475,57.525705648128785,35.32600638876498
2001-12-16,218,2001-12-16,6.36363636363636,52.8636363636364,39.6818181818182,11.6818181818182,-1431703.63636364,-3289193.18181818,3577,6.213885045434921,55.73303265829874,36.97887336417604
2002-01-17,219,2002-01-17,7.31818181818182,54.2272727272727,37.4545454545455,11.4545454545455,-1431703.63636364,-3289193.18181818,3577,6.8736662999247695,53.936158550138664,38.1091680624413
2002-02-02,220,2002-02-02,7.04545454545455,54.5909090909091,37.3636363636364,11.1363636363636,-1431703.63636364,-3289193.18181818,3577,7.211933577257576,52.38970219197414,39.30188710810135
2002-02-18,221,2002-02-18,7.5,52.3636363636364,39.0,11.2727272727273,-1431703.63636364,-3289193.18181818,3577,7.127128852008171,51.77880211541135,39.995540063645564
2002-03-06,222,2002-03-06,6.5,52.6818181818182,39.8181818181818,11.4545454545455,-1431703.63636364,-3289193.18181818,3577,5.886573741484204,52.917564000866,40.11185465251854
2002-03-22,223,2002-03-22,3.86363636363636,51.9545454545455,42.9090909090909,13.9545454545455,-1431703.63636364,-3289193.18181818,3577,6.098327228638728,51.86972892010115,40.964337238887836
2002-04-07,224,2002-04-07,6.90909090909091,50.6818181818182,41.2727272727273,11.2272727272727,-1431703.63636364,-3289193.18181818,3577,5.945549806230033,52.70184178331437,40.301026583880116
2002-05-09,225,2002-05-09,8.31818181818182,52.8636363636364,37.9545454545455,12.0909090909091,-1431703.63636364,-3289193.18181818,3577,7.093327021977808,52.83162868653216,38.99314828149033
2002-05-25,226,2002-05-25,6.40909090909091,53.6363636363636,39.0,12.1363636363636,-1431703.63636364,-3289193.18181818,3577,8.476115918979843,52.96995953665582,37.53817080751506
2002-06-26,227,2002-06-26,7.40909090909091,55.0909090909091,36.5454545454545,12.6363636363636,-1431703.63636364,-3289193.18181818,3577,9.074857453268713,53.36963163489244,36.63605519163657
2002-07-28,228,2002-07-28,11.2727272727273,54.9545454545455,32.7727272727273,13.3181818181818,-1431703.63636364,-3289193.18181818,3577,8.736031207743954,53.97567124684247,36.42201859496561
2002-08-13,229,2002-08-13,9.45454545454546,52.2272727272727,37.3636363636364,12.5454545454545,-1431703.63636364,-3289193.18181818,3577,7.440496458226847,54.406149577968066,37.321295085432496
2002-08-29,230,2002-08-29,7.45454545454545,51.6363636363636,40.0,11.8181818181818,-1431703.63636364,-3289193.18181818,3577,5.583025474384059,54.356320712771904,39.14433441593003
2002-09-14,231,2002-09-14,0.0,55.7142857142857,43.8571428571429,20.4285714285714,-1431666.42857143,-3289172.14285714,3577,4.094798249877854,54.266677173086165,40.67851118765232
2002-09-30,232,2002-09-30,1.0,57.0909090909091,40.6363636363636,11.0909090909091,-1431703.63636364,-3289193.18181818,3577,3.2377307465960095,53.94146790444887,41.78084173073699
2002-11-17,233,2002-11-17,3.09090909090909,53.3636363636364,42.2272727272727,11.0454545454545,-1431703.63636364,-3289193.18181818,3577,2.0980910448962447,53.60105627554869,43.1752469315028
2002-12-03,234,2002-12-03,4.09090909090909,50.9090909090909,43.7727272727273,10.8181818181818,-1431703.63636364,-3289193.18181818,3577,2.3229281273184337,53.083059074326144,43.411313566809476
2002-12-19,235,2002-12-19,4.09090909090909,52.3636363636364,42.2727272727273,10.9090909090909,-1431703.63636364,-3289193.18181818,3577,2.8937330611967447,52.06569071231961,43.774741301472744
2003-01-04,236,2003-01-04,4.22727272727273,51.4545454545455,43.2727272727273,10.0909090909091,-1431703.63636364,-3289193.18181818,3577,4.92552142481706,51.483026402241926,42.31483152366283
2003-01-20,237,2003-01-20,4.63636363636364,49.3636363636364,44.6818181818182,10.6818181818182,-1431703.63636364,-3289193.18181818,3577,5.837534123629506,50.45984299966097,42.49924083796235
2003-02-05,238,2003-02-05,3.31818181818182,51.2272727272727,44.4545454545455,10.9545454545455,-1431703.63636364,-3289193.18181818,3577,5.071267460374505,49.5261811084985,44.298829090969974
2003-02-21,239,2003-02-21,8.22727272727273,48.7272727272727,41.8181818181818,10.9090909090909,-1431703.63636364,-3289193.18181818,3577,5.035276010226006,48.40458570418443,45.49108504779089
2003-03-09,240,2003-03-09,5.95454545454545,48.8181818181818,44.0909090909091,10.7272727272727,-1431703.63636364,-3289193.18181818,3577,5.843378687171786,47.795667602865635,45.330436802144064
2003-03-25,241,2003-03-25,9.22727272727273,47.3636363636364,42.6363636363636,10.9545454545455,-1431703.63636364,-3289193.18181818,3577,6.381889430579717,46.93964718084479,45.70770293595391
2003-04-26,242,2003-04-26,0.0,42.5,56.5,21.0,-1431750.0,-3289170.0,3577,7.249136453188285,47.821179383513936,43.88130684400786
2003-05-04,243,2003-05-04,11.0,49.7727272727273,38.1818181818182,10.9090909090909,-1431703.63636364,-3289193.18181818,3577,9.285485131247889,48.83203202650829,40.87234268685952
2003-05-12,244,2003-05-12,15.0454545454545,52.3636363636364,31.6818181818182,10.0454545454545,-1431703.63636364,-3289193.18181818,3577,12.167664871012338,49.89555364420931,36.92616994600682
2003-05-20,245,2003-05-20,13.4545454545455,52.6818181818182,32.5909090909091,12.3181818181818,-1431703.63636364,-3289193.18181818,3577,14.946508318586018,50.885362315695275,33.184319761292016
2003-05-28,246,2003-05-28,14.7727272727273,49.6363636363636,34.5909090909091,12.3181818181818,-1431703.63636364,-3289193.18181818,3577,17.11453927440162,53.2047870508247,28.673700349744472
2003-07-07,247,2003-07-07,21.3181818181818,55.0909090909091,22.5454545454545,12.1818181818182,-1431703.63636364,-3289193.18181818,3577,18.06513160354714,51.3542854556006,29.58724824288694
2003-07-15,248,2003-07-15,19.5454545454545,48.3181818181818,31.7272727272727,16.1818181818182,-1431703.63636364,-3289193.18181818,3577,18.12653445625311,49.589805916001716,31.334860326834246
2003-07-23,249,2003-07-23,13.7727272727273,52.1818181818182,32.6818181818182,12.5454545454545,-1431703.63636364,-3289193.18181818,3577,14.891118915938616,51.007426767513536,33.10928108241907
2003-08-08,250,2003-08-08,10.5,53.0909090909091,35.3181818181818,11.9545454545455,-1431703.63636364,-3289193.18181818,3577,12.287901548318857,54.23240094248615,32.43052102587437
2003-08-16,251,2003-08-16,9.72727272727273,54.5909090909091,34.5909090909091,11.8636363636364,-1431703.63636364,-3289193.18181818,3577,9.205081069311433,58.260367444363595,31.420192831909528
2003-09-01,252,2003-09-01,9.40909090909091,50.6363636363636,38.8181818181818,11.5,-1431703.63636364,-3289193.18181818,3577,6.5901093969780185,61.38463923008028,30.804237287746055
2003-09-09,253,2003-09-09,2.90909090909091,81.2727272727273,14.5454545454545,6.72727272727273,-1431672.27272727,-3289204.09090909,3577,5.30647671841384,62.14643043850367,31.296050720151335
2003-09-25,254,2003-09-25,1.84615384615385,66.3076923076923,30.5384615384615,10.0769230769231,-1431714.23076923,-3289189.61538462,3577,5.730181723707466,62.16943428088011,30.872573950109416
2003-10-03,255,2003-10-03,9.09090909090909,50.3636363636364,39.4090909090909,9.72727272727273,-1431703.63636364,-3289193.18181818,3577,6.244968567122255,59.104713500783824,33.49504339648676
2003-10-11,256,2003-10-11,8.09090909090909,55.3181818181818,35.4090909090909,10.8636363636364,-1431703.63636364,-3289193.18181818,3577,6.379840915108099,56.41301473861415,36.00172822911463
2003-10-19,257,2003-10-19,7.86363636363636,49.0909090909091,41.9090909090909,10.7727272727273,-1431703.63636364,-3289193.18181818,3577,6.835408898907843,52.69716401865045,39.312880123976456
2003-11-04,258,2003-11-04,5.31818181818182,51.2272727272727,42.3636363636364,10.9545454545455,-1431703.63636364,-3289193.18181818,3577,6.80746784061324,50.59205553250999,41.46514479719819
2003-11-12,259,2003-11-12,5.95454545454545,54.7727272727273,38.1363636363636,10.5,-1431703.63636364,-3289193.18181818,3577,6.801762077075528,49.587746625908466,42.50102691984324
2003-11-20,260,2003-11-20,5.09090909090909,51.2272727272727,42.4545454545455,9.63636363636364,-1431703.63636364,-3289193.18181818,3577,5.0478029335325445,53.7925860610835,40.03113951438715
2003-11-28,261,2003-11-28,5.0,55.5,38.4545454545455,10.6818181818182,-1431703.63636364,-3289193.18181818,3577,4.228357641669701,54.07572433507454,40.57576402706674
2003-12-06,262,2003-12-06,5.27272727272727,51.2272727272727,42.4090909090909,10.7272727272727,-1431703.63636364,-3289193.18181818,3577,4.616827960480521,53.7204178221548,40.55296551651141
2003-12-14,263,2003-12-14,3.59090909090909,56.3636363636364,38.8636363636364,10.3636363636364,-1431703.63636364,-3289193.18181818,3577,5.038389699238935,53.3951747661209,40.43818776213334
2003-12-22,264,2003-12-22,6.55555555555556,50.1111111111111,42.2777777777778,10.6111111111111,-1431710.0,-3289205.0,3577,5.950915550970956,52.44749821275914,40.47106278966076
2003-12-30,265,2003-12-30,4.18181818181818,54.3181818181818,40.2727272727273,10.5,-1431703.63636364,-3289193.18181818,3577,6.80042768939375,51.26017902726958,40.782096878628934
2004-01-07,266,2004-01-07,10.7727272727273,47.2272727272727,40.9090909090909,10.4545454545455,-1431703.63636364,-3289193.18181818,3577,7.281149847430777,50.703349610322036,40.826652285694884
2004-01-15,267,2004-01-15,6.86363636363636,52.3181818181818,39.5,10.3181818181818,-1431703.63636364,-3289193.18181818,3577,7.322620489935382,50.21269552304101,41.264833982101585
2004-01-23,268,2004-01-23,8.36363636363636,47.5454545454545,42.9090909090909,10.0909090909091,-1431703.63636364,-3289193.18181818,3577,7.21687480704216,50.47287086138599,41.10612759384125
2004-01-31,269,2004-01-31,7.45454545454545,52.4545454545455,38.9090909090909,9.95454545454546,-1431703.63636364,-3289193.18181818,3577,7.932354137139124,49.508161322328746,41.352060287068255
2004-02-08,270,2004-02-08,6.31818181818182,47.9545454545455,44.4545454545455,10.3636363636364,-1431703.63636364,-3289193.18181818,3577,8.848345605473177,50.13979989688427,39.77659515558694
2004-02-16,271,2004-02-16,7.81818181818182,53.0454545454545,38.0,10.2727272727273,-1431703.63636364,-3289193.18181818,3577,9.592228328550537,49.42036781957089,39.75530148767885
2004-03-11,272,2004-03-11,12.2727272727273,47.9090909090909,38.5454545454545,10.6363636363636,-1431703.63636364,-3289193.18181818,3577,9.932757445050978,49.49428279956967,39.30631591584683
2004-03-19,273,2004-03-19,13.2272727272727,46.5909090909091,38.8181818181818,10.4545454545455,-1431703.63636364,-3289193.18181818,3577,10.700277435984724,48.38843109872056,39.64839419397613
2004-03-27,274,2004-03-27,12.8421052631579,48.1052631578947,37.8421052631579,10.3684210526316,-1431708.15789474,-3289202.36842105,3577,11.034420043935931,48.42639390620357,39.27769956204939
2004-04-04,275,2004-04-04,7.54545454545455,51.7727272727273,39.3636363636364,7.27272727272727,-1431703.63636364,-3289193.18181818,3577,11.054517623042202,48.10886827482906,39.5696643114185
2004-04-12,276,2004-04-12,8.85714285714286,45.0,45.0,8.0,-1431752.14285714,-3289193.57142857,3577,11.185245739194045,48.70700759236777,38.84936237122096
2004-04-20,277,2004-04-20,13.3636363636364,50.5,34.9090909090909,11.2272727272727,-1431703.63636364,-3289193.18181818,3577,12.000826532110407,48.631934983994924,38.20199842522882
2004-04-28,278,2004-04-28,13.8636363636364,48.2727272727273,36.8181818181818,11.0454545454545,-1431703.63636364,-3289193.18181818,3577,13.473649500689152,49.56435898229343,35.902187610479174
2004-05-06,279,2004-05-06,15.6818181818182,50.9545454545455,32.2272727272727,11.0,-1431703.63636364,-3289193.18181818,3577,14.18625723750909,49.85591957777061,34.915324398883854
2004-05-14,280,2004-05-14,14.6818181818182,48.8181818181818,35.4545454545455,11.7727272727273,-1431703.63636364,-3289193.18181818,3577,16.255331659316987,47.74765424481038,35.031252754824344
2004-05-22,281,2004-05-22,19.4545454545455,49.4090909090909,30.4545454545455,16.8636363636364,-1431703.63636364,-3289193.18181818,3577,16.559457799667467,49.020877037245796,33.46664194678716
2004-05-30,282,2004-05-30,16.0454545454545,50.3636363636364,32.6818181818182,11.9090909090909,-1431703.63636364,-3289193.18181818,3577,17.777512524062086,51.35304549094946,29.887169121332974
2004-06-07,283,2004-06-07,14.2727272727273,52.5909090909091,31.8181818181818,8.54545454545454,-1431703.63636364,-3289193.18181818,3577,17.858283230979698,53.86448623146384,27.265748436754784
2004-06-15,284,2004-06-15,17.2727272727273,52.4545454545455,29.2272727272727,12.2272727272727,-1431703.63636364,-3289193.18181818,3577,16.819927609680242,57.35218342028632,24.732251283753357
2004-06-23,285,2004-06-23,23.4090909090909,58.4090909090909,17.2727272727273,13.1363636363636,-1431703.63636364,-3289193.18181818,3577,16.7709165306945,58.26873478336161,23.82152775453855
2004-07-09,286,2004-07-09,11.0,74.0,13.5,10.5,-1431645.0,-3289170.0,3577,15.597015096731326,59.254756970199864,23.951912333839516
2004-07-17,287,2004-07-17,18.4545454545455,51.8636363636364,28.6818181818182,12.6818181818182,-1431703.63636364,-3289193.18181818,3577,13.884074002848124,58.731719360910446,26.202948950848224
2004-07-25,288,2004-07-25,3.8,55.6,39.4,17.2,-1431669.0,-3289221.0,3577,12.737964475879185,57.32774964476067,28.793272699713675
2004-08-10,289,2004-08-10,15.5,50.9545454545455,32.3636363636364,11.6363636363636,-1431703.63636364,-3289193.18181818,3577,11.01778262906226,55.22483315566629,32.61857736034003
2004-08-18,290,2004-08-18,15.2727272727273,51.7272727272727,31.9545454545455,12.1363636363636,-1431703.63636364,-3289193.18181818,3577,10.849902394751028,52.57029169733474,35.39641669897265
2004-08-26,291,2004-08-26,3.90909090909091,58.7727272727273,36.0909090909091,16.2272727272727,-1431703.63636364,-3289193.18181818,3577,11.269219307370959,50.8856013649029,36.70336109147835
2004-09-03,292,2004-09-03,13.7333333333333,49.2666666666667,35.8666666666667,11.2666666666667,-1431705.0,-3289215.0,3577,11.639395189776707,50.97594991692094,36.22786469557674
2004-09-11,293,2004-09-11,12.3181818181818,50.5,35.8636363636364,11.2272727272727,-1431703.63636364,-3289193.18181818,3577,10.483807530359806,52.457793724454504,35.806490413605836
2004-09-19,294,2004-09-19,10.7647058823529,50.0588235294118,38.0,11.0588235294118,-1431710.29411765,-3289207.94117647,3577,9.942943482237686,51.553208790175646,37.23763655426484
2004-09-27,295,2004-09-27,9.81818181818182,51.0909090909091,37.7727272727273,11.2272727272727,-1431703.63636364,-3289193.18181818,3577,7.976210155411278,51.43599763893776,39.2795703217823
2004-10-05,296,2004-10-05,3.0,53.75,42.0,7.75,-1431697.5,-3289162.5,3577,8.38999872827829,50.628466337548865,39.680734970062005
2004-11-14,297,2004-11-14,8.0,49.9090909090909,40.5909090909091,10.6818181818182,-1431703.63636364,-3289193.18181818,3577,7.9520754745648095,50.299133821750935,40.472369932341365
2004-11-22,298,2004-11-22,8.77272727272727,51.0,39.0454545454545,10.3181818181818,-1431703.63636364,-3289193.18181818,3577,6.555891545857625,50.754556395953756,41.41102428858634
2004-11-30,299,2004-11-30,7.54545454545455,49.2727272727273,42.0,10.5454545454545,-1431703.63636364,-3289193.18181818,3577,7.516854319170214,49.39851321423323,41.83922508675611
2004-12-08,300,2004-12-08,9.28571428571429,46.0714285714286,43.4285714285714,10.6428571428571,-1431696.42857143,-3289170.0,3577,7.982439800723903,49.229374799792616,41.52282547173566
2004-12-16,301,2004-12-16,7.13636363636364,50.7727272727273,40.8181818181818,10.6818181818182,-1431703.63636364,-3289193.18181818,3577,8.084735668793499,48.77374886251083,41.87099672069492
2004-12-24,302,2004-12-24,6.59090909090909,49.7272727272727,42.3181818181818,11.1363636363636,-1431703.63636364,-3289193.18181818,3577,8.515671634865411,49.41771822322731,40.78159034885134
2005-01-17,303,2005-01-17,8.54545454545454,49.8636363636364,40.3181818181818,10.3181818181818,-1431703.63636364,-3289193.18181818,3577,7.809228837583989,49.61215993406358,41.32204271944717
2005-01-25,304,2005-01-25,9.25,48.5,41.0,10.75,-1431720.0,-3289185.0,3577,7.33148423487464,49.000465197615185,42.3684990776118
2005-02-02,305,2005-02-02,6.54545454545455,51.0454545454545,41.0909090909091,10.0909090909091,-1431703.63636364,-3289193.18181818,3577,7.912049461935698,49.36811176438919,41.53298432498488
2005-02-10,306,2005-02-10,8.22727272727273,47.0454545454545,43.6818181818182,10.3636363636364,-1431703.63636364,-3289193.18181818,3577,7.868594113456432,48.92710259061904,42.06077409783509
2005-02-18,307,2005-02-18,8.36363636363636,50.0454545454545,40.5,10.4090909090909,-1431703.63636364,-3289193.18181818,3577,7.86044626636966,49.010411485495624,41.974958899804875
2005-02-26,308,2005-02-26,4.5,45.9545454545455,48.3636363636364,13.8181818181818,-1431703.63636364,-3289193.18181818,3577,7.797664831649031,49.49886041343224,41.52839617460445
2005-03-06,309,2005-03-06,9.77272727272727,52.5909090909091,36.3636363636364,10.7272727272727,-1431703.63636364,-3289193.18181818,3577,7.308892416335737,49.4666173961062,42.024741231180236
2005-03-22,310,2005-03-22,10.9090909090909,51.7727272727273,36.3181818181818,10.6818181818182,-1431703.63636364,-3289193.18181818,3577,7.223137543569896,49.81090834298648,41.70869884407118
2005-03-30,311,2005-03-30,3.0,47.5,47.8,7.0,-1431723.0,-3289164.0,3577,7.79256129460065,50.172284231381745,40.76703603179212
2005-04-07,312,2005-04-07,9.81818181818182,51.9090909090909,37.1818181818182,10.7727272727273,-1431703.63636364,-3289193.18181818,3577,7.61226108538125,50.56524182262242,40.55725979620674
2005-04-15,313,2005-04-15,9.63636363636364,47.8636363636364,41.4545454545455,10.9090909090909,-1431703.63636364,-3289193.18181818,3577,10.836026484068768,50.071325522204646,37.96858953036264
2005-04-23,314,2005-04-23,10.1363636363636,52.4545454545455,36.2272727272727,10.7272727272727,-1431703.63636364,-3289193.18181818,3577,12.976090332406997,50.82136242591439,35.13695212751823
2005-05-09,315,2005-05-09,17.0,53.3636363636364,28.5454545454545,11.2727272727273,-1431703.63636364,-3289193.18181818,3577,14.465491586936082,52.038371001352274,32.44812224082778
2005-05-17,316,2005-05-17,18.1818181818182,52.0909090909091,28.9545454545455,13.6818181818182,-1431703.63636364,-3289193.18181818,3577,16.905022644113835,54.42936826752509,27.633362921903675
2005-05-25,317,2005-05-25,19.0909090909091,54.4090909090909,25.4090909090909,12.3636363636364,-1431703.63636364,-3289193.18181818,3577,18.83313520141271,56.14449130941399,24.006269694276224
2005-06-10,318,2005-06-10,24.0454545454545,58.2727272727273,16.6363636363636,14.9090909090909,-1431703.63636364,-3289193.18181818,3577,19.243675688226702,57.71422488759089,21.919944208148067
2005-06-18,319,2005-06-18,9.0,61.0,28.5,13.0,-1431660.0,-3289140.0,3577,20.730131206626844,56.69020325141066,21.481678811537677
2005-06-26,320,2005-06-26,24.8181818181818,56.1818181818182,18.1363636363636,15.5,-1431703.63636364,-3289193.18181818,3577,20.72962739483679,55.657341064031314,22.513741020211057
2005-07-04,321,2005-07-04,23.9545454545455,54.0909090909091,21.0,15.2727272727273,-1431703.63636364,-3289193.18181818,3577,20.880374621153933,55.66633769644477,22.390815254729716
2005-07-12,322,2005-07-12,20.7272727272727,53.8181818181818,24.3636363636364,13.2727272727273,-1431703.63636364,-3289193.18181818,3577,21.272436354335795,55.59003842889867,22.158913763469975
2005-07-28,323,2005-07-28,19.7272727272727,52.5454545454545,26.7272727272727,12.2727272727273,-1431703.63636364,-3289193.18181818,3577,20.27549919823751,54.98854611941321,23.83152854275493
2005-08-05,324,2005-08-05,19.4545454545455,51.5909090909091,28.1818181818182,12.4545454545455,-1431703.63636364,-3289193.18181818,3577,18.71327560702457,54.81744936739895,25.559171619257874
2005-08-13,325,2005-08-13,14.3333333333333,66.9444444444444,17.7222222222222,12.1666666666667,-1431696.66666667,-3289196.66666667,3577,16.52382934637121,55.27072686514583,27.219524416536956
2005-08-21,326,2005-08-21,16.1818181818182,52.8636363636364,30.0,12.6363636363636,-1431703.63636364,-3289193.18181818,3577,12.768628219512893,55.569691636809694,30.544851011635075
2005-09-06,327,2005-09-06,9.57142857142857,51.5714285714286,37.5714285714286,7.0,-1431666.42857143,-3289167.85714286,3577,11.871697820893916,54.55048235373905,32.427601200745805
2005-09-22,328,2005-09-22,9.40909090909091,51.6363636363636,37.6363636363636,14.6818181818182,-1431703.63636364,-3289193.18181818,3577,10.765549630028755,53.40162776835213,34.61677366320811
2005-09-30,329,2005-09-30,11.4545454545455,53.9090909090909,33.4090909090909,11.3636363636364,-1431703.63636364,-3289193.18181818,3577,10.196552813916902,52.41008916029242,36.14806560359074
2005-10-16,330,2005-10-16,9.31818181818182,52.9090909090909,36.5,10.9545454545455,-1431703.63636364,-3289193.18181818,3577,9.708613930396885,52.07755130692715,37.00398564752078
2005-10-24,331,2005-10-24,10.1363636363636,51.7727272727273,37.0909090909091,11.0909090909091,-1431703.63636364,-3289193.18181818,3577,9.128776608510677,52.580540890130564,37.13977008699222
2005-11-09,332,2005-11-09,9.40909090909091,52.9545454545455,36.5454545454545,10.0,-1431703.63636364,-3289193.18181818,3577,8.565275000821138,54.126989156815014,36.193101250934276
2005-11-17,333,2005-11-17,8.77272727272727,54.9090909090909,35.2272727272727,10.8636363636364,-1431703.63636364,-3289193.18181818,3577,8.685109711564925,52.807256070687544,37.442208509188546
2005-11-25,334,2005-11-25,7.31818181818182,53.2727272727273,38.3636363636364,10.9545454545455,-1431703.63636364,-3289193.18181818,3577,8.593744982851497,52.40967321447824,37.95348037832694
2005-12-27,335,2005-12-27,6.72727272727273,51.9090909090909,40.2272727272727,10.8636363636364,-1431703.63636364,-3289193.18181818,3577,9.310838471968527,51.78394895281262,37.87220196071304
2006-01-28,336,2006-01-28,11.3636363636364,48.8636363636364,38.6818181818182,10.8181818181818,-1431703.63636364,-3289193.18181818,3577,9.424772525531058,51.32650139052414,38.19848488128244
2006-02-13,337,2006-02-13,13.1818181818182,49.8636363636364,36.0,11.1818181818182,-1431703.63636364,-3289193.18181818,3577,11.040073689326217,50.93407048903054,36.945665339439735
2006-02-21,338,2006-02-21,12.0909090909091,52.7727272727273,34.0909090909091,10.7727272727273,-1431703.63636364,-3289193.18181818,3577,12.571739827859554,50.90081719574347,35.39053001599618
2006-03-09,339,2006-03-09,12.7727272727273,52.8636363636364,33.1818181818182,10.9090909090909,-1431703.63636364,-3289193.18181818,3577,13.77963663130923,51.232839774909266,33.80472229711805
2006-03-17,340,2006-03-17,12.5909090909091,49.1363636363636,36.9090909090909,10.9090909090909,-1431703.63636364,-3289193.18181818,3577,13.589393578555654,51.11374313836259,34.0659769445252
2006-04-10,341,2006-04-10,15.2727272727273,52.7727272727273,30.6818181818182,11.4090909090909,-1431703.63636364,-3289193.18181818,3577,15.696004951983486,52.40715518648876,30.68055558288706
2006-04-18,342,2006-04-18,21.2,52.2,25.4,11.8,-1431705.0,-3289245.0,3577,16.33140928871055,52.385861450672095,30.056411896570637
2006-04-26,343,2006-04-26,10.5,50.6,37.7,18.4,-1431669.0,-3289182.0,3577,16.675258178351676,51.14275693346138,31.000444025432337
2006-05-04,344,2006-05-04,17.9545454545455,50.0909090909091,31.0454545454545,11.9545454545455,-1431703.63636364,-3289193.18181818,3577,16.834435196098887,49.866776623312944,32.194094815958834
2006-05-12,345,2006-05-12,18.5,51.2727272727273,29.0454545454545,11.4090909090909,-1431703.63636364,-3289193.18181818,3577,16.046700414696893,48.8776026956365,34.01552711290451
2006-05-20,346,2006-05-20,20.7272727272727,51.7727272727273,26.5,12.1818181818182,-1431703.63636364,-3289193.18181818,3577,15.08385211748341,48.705570393573254,35.17414122606391
2006-05-28,347,2006-05-28,2.86363636363636,39.7272727272727,56.1818181818182,21.7727272727273,-1431703.63636364,-3289193.18181818,3577,14.186387549965504,48.38441285704845,36.356130050636295
2006-06-05,348,2006-06-05,17.5909090909091,50.6363636363636,30.8636363636364,12.1363636363636,-1431703.63636364,-3289193.18181818,3577,13.674565372705741,49.76678292154608,35.461106638922914
2006-06-13,349,2006-06-13,15.5,53.0909090909091,30.2727272727273,12.0,-1431703.63636364,-3289193.18181818,3577,13.71287634403106,51.00151748054164,34.18279539205008
2006-06-21,350,2006-06-21,12.4090909090909,54.1363636363636,32.3181818181818,13.6818181818182,-1431703.63636364,-3289193.18181818,3577,13.38298374858828,52.626702737164884,32.88186384400361
2006-06-29,351,2006-06-29,15.1818181818182,54.5454545454545,29.1818181818182,12.0909090909091,-1431703.63636364,-3289193.18181818,3577,14.037811049067056,53.42983473041779,31.47928668572725
2006-07-07,352,2006-07-07,14.6818181818182,51.3636363636364,32.8181818181818,12.1363636363636,-1431703.63636364,-3289193.18181818,3577,16.379013893506244,52.88274953303717,29.659125844598478
2006-07-15,353,2006-07-15,15.1363636363636,54.7727272727273,29.1818181818182,12.1363636363636,-1431703.63636364,-3289193.18181818,3577,16.846220961698318,53.08619998070375,29.01646417190595
2006-07-23,354,2006-07-23,16.8636363636364,50.3636363636364,31.7727272727273,12.0909090909091,-1431703.63636364,-3289193.18181818,3577,14.483665925966035,52.43703046179046,32.08324788073818
2006-08-08,355,2006-08-08,15.3181818181818,52.8636363636364,30.7727272727273,12.2727272727273,-1431703.63636364,-3289193.18181818,3577,13.85060000511523,53.9597729880509,31.240869038078007
2006-08-24,356,2006-08-24,12.1363636363636,51.1363636363636,35.7727272727273,11.8636363636364,-1431703.63636364,-3289193.18181818,3577,12.26380641592953,54.66911477676213,32.096363951270504
2006-09-09,357,2006-09-09,13.8181818181818,58.6818181818182,26.4090909090909,14.6818181818182,-1431703.63636364,-3289193.18181818,3577,10.52359140999568,54.86746982259813,33.60715558013114
2006-09-17,358,2006-09-17,0.2,61.8,37.2,20.4,-1431735.0,-3289173.0,3577,9.978598013299589,54.84071059814681,34.114477472986316
2006-09-25,359,2006-09-25,12.0909090909091,49.6818181818182,37.0454545454545,11.6363636363636,-1431703.63636364,-3289193.18181818,3577,9.503182083887115,53.99663864608176,35.35693538799541
2006-10-03,360,2006-10-03,12.0,50.5909090909091,35.9545454545455,10.6363636363636,-1431703.63636364,-3289193.18181818,3577,9.648849883579661,53.41787103973192,35.71212350834672
2006-10-19,361,2006-10-19,11.9545454545455,49.5909090909091,37.2727272727273,10.6818181818182,-1431703.63636364,-3289193.18181818,3577,10.002968534419349,51.63996839073468,37.04036011131574
2006-10-27,362,2006-10-27,9.6,53.0666666666667,36.0,11.1333333333333,-1431705.0,-3289215.0,3577,10.024022937376364,50.690049906929474,37.92391562138392
2006-11-04,363,2006-11-04,9.68181818181818,52.1818181818182,36.7272727272727,10.4545454545455,-1431703.63636364,-3289193.18181818,3577,9.804080369389915,49.805417858239004,39.04123123568781
2006-11-20,364,2006-11-20,6.81818181818182,49.6363636363636,42.2272727272727,9.27272727272727,-1431703.63636364,-3289193.18181818,3577,9.492696017743858,50.40916668470094,38.77851672672369
2006-12-06,365,2006-12-06,8.90909090909091,50.1363636363636,39.6363636363636,10.8636363636364,-1431703.63636364,-3289193.18181818,3577,7.935066692383268,50.73288340329517,40.09693054622794
2006-12-14,366,2006-12-14,8.25,48.5,42.125,11.0,-1431693.75,-3289151.25,3577,8.56470991715727,49.850884409700484,40.349832653970985
2006-12-22,367,2006-12-22,9.95454545454546,50.8636363636364,38.0454545454545,10.2727272727273,-1431703.63636364,-3289193.18181818,3577,8.98030237423573,49.297962915208586,40.49460098724199
2006-12-30,368,2006-12-30,9.86363636363636,48.4090909090909,40.4545454545455,10.6363636363636,-1431703.63636364,-3289193.18181818,3577,9.181750278990677,49.44630395403651,40.16677130918017
2007-01-07,369,2007-01-07,8.86363636363636,50.5909090909091,39.2727272727273,10.8636363636364,-1431703.63636364,-3289193.18181818,3577,9.317406840273446,49.6804246977266,39.788171967345605
2007-01-15,370,2007-01-15,8.86363636363636,49.5909090909091,40.3181818181818,10.7727272727273,-1431703.63636364,-3289193.18181818,3577,9.538867479268527,49.97715119104747,39.246614453651944
2007-01-23,371,2007-01-23,9.36363636363636,50.2727272727273,39.0909090909091,10.6818181818182,-1431703.63636364,-3289193.18181818,3577,9.360225968794786,49.71050171330881,39.685958532033396
2007-01-31,372,2007-01-31,9.63636363636364,49.0454545454545,40.1818181818182,10.8181818181818,-1431703.63636364,-3289193.18181818,3577,9.551762619591193,50.06845293742941,39.13970366812452
2007-02-08,373,2007-02-08,9.40909090909091,51.6363636363636,37.6818181818182,10.5909090909091,-1431703.63636364,-3289193.18181818,3577,9.192086762096643,49.836423075931535,39.794204985832884
2007-02-16,374,2007-02-16,11.2272727272727,47.9545454545455,39.6818181818182,10.7272727272727,-1431703.63636364,-3289193.18181818,3577,10.530341738192678,50.93395318443812,37.36484483711621
2007-02-24,375,2007-02-24,9.40909090909091,52.2727272727273,37.0909090909091,10.6363636363636,-1431703.63636364,-3289193.18181818,3577,10.931470302844957,50.81337744720041,37.05850960184773
2007-03-04,376,2007-03-04,9.63636363636364,49.5454545454545,39.6818181818182,10.8636363636364,-1431703.63636364,-3289193.18181818,3577,10.109544972335458,50.27511568082163,38.40356912999178
2007-03-12,377,2007-03-12,10.4090909090909,51.8181818181818,36.5909090909091,10.5,-1431703.63636364,-3289193.18181818,3577,9.16267450534129,49.307118578009025,40.310963452527936
2007-03-20,378,2007-03-20,10.0454545454545,47.9090909090909,40.8181818181818,10.8636363636364,-1431703.63636364,-3289193.18181818,3577,8.3119308217804,48.32392698772499,42.17466132234712
2007-03-28,379,2007-03-28,10.0,49.5454545454545,39.0909090909091,10.5454545454545,-1431703.63636364,-3289193.18181818,3577,7.71981719378169,47.93745559252862,43.17037606355847
2007-04-13,380,2007-04-13,0.0,42.0,57.0,22.0,-1431645.0,-3289245.0,3577,7.366948840631943,48.10296233459037,43.39596253731547
2007-04-21,381,2007-04-21,8.5,49.8181818181818,40.6818181818182,11.0454545454545,-1431703.63636364,-3289193.18181818,3577,7.796690081659346,48.15255206374667,43.014272878817536
2007-04-29,382,2007-04-29,11.5454545454545,51.4545454545455,36.0,10.5454545454545,-1431703.63636364,-3289193.18181818,3577,8.40973943028417,50.0344257487442,40.54849787138795
2007-05-07,383,2007-05-07,9.63636363636364,51.5909090909091,37.8181818181818,11.4545454545455,-1431703.63636364,-3289193.18181818,3577,9.000289465669471,50.38830772379133,39.65288356450162
2007-05-15,384,2007-05-15,10.0454545454545,52.6363636363636,36.2727272727273,11.4545454545455,-1431703.63636364,-3289193.18181818,3577,10.31501709660856,51.74880382774346,36.9967311748146
2007-05-23,385,2007-05-23,10.5,50.5,38.25,11.75,-1431720.0,-3289185.0,3577,11.628038300003897,52.53137504206238,34.92206660493502
2007-05-31,386,2007-05-31,11.5454545454545,53.0,34.4090909090909,11.8636363636364,-1431703.63636364,-3289193.18181818,3577,11.574048664533837,53.238106672379594,34.22943809637642
2007-06-16,387,2007-06-16,10.4545454545455,53.2727272727273,35.1818181818182,11.7272727272727,-1431703.63636364,-3289193.18181818,3577,10.161717117668307,52.38356338285191,36.51976155001222
2007-06-24,388,2007-06-24,11.5909090909091,50.2272727272727,37.4545454545455,14.0,-1431703.63636364,-3289193.18181818,3577,11.429326091863079,53.60483605895132,34.00799123476635
2007-07-02,389,2007-07-02,14.0454545454545,59.7272727272727,25.2272727272727,14.9545454545455,-1431703.63636364,-3289193.18181818,3577,12.480001282138451,54.192743648125365,32.367046617886146
2007-07-10,390,2007-07-10,9.71428571428571,52.0,37.2857142857143,12.0,-1431700.71428571,-3289210.71428571,3577,12.86155907137984,54.44105936280749,31.718378792607094
2007-07-18,391,2007-07-18,11.0909090909091,53.3636363636364,34.4090909090909,11.7727272727273,-1431703.63636364,-3289193.18181818,3577,13.043123355674183,54.31496283057534,31.637723520493914
2007-07-26,392,2007-07-26,16.6818181818182,53.8636363636364,28.5909090909091,14.0454545454545,-1431703.63636364,-3289193.18181818,3577,12.376626610089447,53.73453931376012,32.86583223980706
2007-08-03,393,2007-08-03,14.3636363636364,56.1818181818182,28.3181818181818,13.0,-1431703.63636364,-3289193.18181818,3577,11.291591605690687,53.28662668599955,34.349166032386336
2007-08-19,394,2007-08-19,6.0,49.0,44.0,6.0,-1431765.0,-3289170.0,3577,10.008963313633943,52.47915973696222,36.39884137814917
2007-09-20,395,2007-09-20,8.36363636363636,52.7727272727273,37.6363636363636,11.0454545454545,-1431703.63636364,-3289193.18181818,3577,8.82591697635192,51.79235217357157,38.30131422193894
2007-09-28,396,2007-09-28,7.31818181818182,51.5,40.0909090909091,11.1363636363636,-1431703.63636364,-3289193.18181818,3577,7.786498893731055,51.58428020051228,39.52182028497225
2007-10-06,397,2007-10-06,6.59090909090909,51.2272727272727,41.0454545454545,10.9090909090909,-1431703.63636364,-3289193.18181818,3577,7.052112115297101,50.36675694133426,41.47249429432878
2007-10-14,398,2007-10-14,8.95454545454546,49.9090909090909,40.0909090909091,11.0909090909091,-1431703.63636364,-3289193.18181818,3577,6.915918587462725,49.78686385384205,42.13884061336287
2007-10-30,399,2007-10-30,7.77272727272727,49.7272727272727,41.3181818181818,11.0,-1431703.63636364,-3289193.18181818,3577,7.961820897930036,49.51102617243164,41.4122738130557
2007-11-15,400,2007-11-15,6.63636363636364,49.8181818181818,42.4545454545455,11.0,-1431703.63636364,-3289193.18181818,3577,7.631773077282778,50.619464842620786,40.56750323822615
2008-01-18,401,2008-01-18,7.59090909090909,49.3636363636364,41.7272727272727,10.6818181818182,-1431703.63636364,-3289193.18181818,3577,5.992747190888714,51.86463391191013,40.8866265547882
2008-01-26,402,2008-01-26,7.0,54.0454545454545,37.7727272727273,10.4545454545455,-1431703.63636364,-3289193.18181818,3577,6.662971703218387,51.56621476843053,40.580659372519335
2008-02-03,403,2008-02-03,3.90909090909091,53.3181818181818,41.5,10.1818181818182,-1431703.63636364,-3289193.18181818,3577,6.554306187291416,52.95148742178628,39.35713693692278
2008-02-11,404,2008-02-11,6.90909090909091,56.4090909090909,35.6363636363636,9.90909090909091,-1431703.63636364,-3289193.18181818,3577,6.320334042539675,55.02153339670107,37.52382634720941
2008-03-06,405,2008-03-06,4.6,56.6,37.4,10.0,-1431681.0,-3289143.0,3577,6.480431783245329,56.43960939144444,35.913098553566016
2008-03-22,406,2008-03-22,10.3333333333333,51.4444444444444,37.4444444444444,10.7777777777778,-1431711.66666667,-3289231.66666667,3577,5.945274914595718,56.988713916090674,35.809507532834566
2008-03-30,407,2008-03-30,9.68181818181818,54.6363636363636,34.6818181818182,10.5,-1431703.63636364,-3289193.18181818,3577,6.325539433827252,56.74547954155885,35.629315519825255
2008-04-07,408,2008-04-07,0.0,69.0,29.0,14.0,-1431705.0,-3289125.0,3577,7.559544217859999,55.75647127053554,35.35374092086201
2008-04-23,409,2008-04-23,9.22727272727273,50.0454545454545,39.4545454545455,11.2727272727273,-1431703.63636364,-3289193.18181818,3577,8.668276582221253,55.525034617624115,34.6174718735883
2008-05-09,410,2008-05-09,10.3636363636364,50.4545454545455,38.0909090909091,11.4545454545455,-1431696.81818182,-3289160.45454545,3577,9.843160081309481,54.189385415214645,34.89525234123644
2008-05-25,411,2008-05-25,12.4090909090909,52.4545454545455,34.3181818181818,12.0,-1431703.63636364,-3289193.18181818,3577,11.638384249204375,53.2957445968906,34.142530422007454
2008-06-10,412,2008-06-10,17.1818181818182,52.7272727272727,29.5,14.3636363636364,-1431703.63636364,-3289193.18181818,3577,13.672452934060827,50.97031740501287,34.458168235112154
2008-07-12,413,2008-07-12,12.8636363636364,51.7727272727273,34.5909090909091,13.7727272727273,-1431703.63636364,-3289193.18181818,3577,16.049868049513854,49.11790162802659,33.99313556630809
2008-08-13,414,2008-08-13,13.9166666666667,51.0,34.1666666666667,12.1666666666667,-1431702.5,-3289162.5,3577,16.01123243488612,49.65305976507036,33.37209413158816
2008-10-08,415,2008-10-08,16.5,46.4090909090909,35.5,11.7272727272727,-1431703.63636364,-3289193.18181818,3577,14.271732934480596,51.55813161413292,33.017307441591846
2008-10-16,416,2008-10-16,14.8095238095238,51.1904761904762,32.8095238095238,11.4761904761905,-1431705.0,-3289196.42857143,3577,12.978767393907582,51.37390184321586,34.4238566418363
2008-11-01,417,2008-11-01,12.6363636363636,50.0,36.0,11.5,-1431703.63636364,-3289193.18181818,3577,11.953827074040593,50.939831277636785,35.80491748845421
2008-12-03,418,2008-12-03,7.5,58.0,33.5,12.0,-1431660.0,-3289245.0,3577,10.883033867341263,51.531071517835564,36.30583376656573
2008-12-11,419,2008-12-11,7.44444444444444,51.8888888888889,39.4444444444444,12.4444444444444,-1431691.66666667,-3289155.0,3577,9.64983306479785,52.98644192064452,36.16718863351448
2008-12-19,420,2008-12-19,11.7727272727273,49.5909090909091,37.5909090909091,11.0454545454545,-1431703.63636364,-3289193.18181818,3577,8.412306628073745,51.992958186378516,38.44215615278226
2008-12-27,421,2008-12-27,8.90909090909091,51.4090909090909,38.2272727272727,10.9545454545455,-1431703.63636364,-3289193.18181818,3577,7.869208835538938,52.094279371994645,38.91959470072453
2009-01-04,422,2009-01-04,10.2727272727273,50.0909090909091,38.5,11.0,-1431703.63636364,-3289193.18181818,3577,8.641386789710861,52.25661299640255,37.89858498132628
2009-01-12,423,2009-01-12,4.83333333333333,58.6666666666667,35.5,8.0,-1431695.0,-3289240.0,3577,9.485267558690017,52.77467454676068,36.52798811329787
2009-01-20,424,2009-01-20,10.125,50.25,38.375,11.125,-1431693.75,-3289151.25,3577,10.556455705377576,53.58621083859519,34.66013495604168
2009-02-21,425,2009-02-21,13.5454545454545,49.7727272727273,35.4090909090909,11.1363636363636,-1431703.63636364,-3289193.18181818,3577,10.964554041353697,53.99695973569359,33.80090773831473
2009-03-01,426,2009-03-01,11.7727272727273,63.0,24.0454545454545,8.63636363636364,-1431703.63636364,-3289193.18181818,3577,12.410079928513198,53.77360410486543,32.66862075910278
2009-03-09,427,2009-03-09,14.9545454545455,47.7727272727273,35.9545454545455,10.9090909090909,-1431703.63636364,-3289193.18181818,3577,13.686115003767059,52.50089995846318,32.68030537573392
2009-03-25,428,2009-03-25,12.0909090909091,48.6363636363636,38.3181818181818,10.8181818181818,-1431703.63636364,-3289193.18181818,3577,13.491908984624398,49.80368948528913,35.53142203278879
2009-04-02,429,2009-04-02,13.5454545454545,50.1363636363636,35.1363636363636,10.4545454545455,-1431703.63636364,-3289193.18181818,3577,12.917958542534453,47.54055652105882,38.31373541318788
2009-04-10,430,2009-04-10,11.9545454545455,45.3181818181818,41.4090909090909,10.1363636363636,-1431703.63636364,-3289193.18181818,3577,11.484091056704049,46.34197929848797,40.9352708929062
2009-04-26,431,2009-04-26,13.3636363636364,48.8181818181818,37.0,11.7272727272727,-1431696.81818182,-3289160.45454545,3577,11.404415209050441,45.57691569617427,41.75695372503783
2009-05-04,432,2009-05-04,9.0,40.5,48.5,7.0,-1431765.0,-3289230.0,3577,12.84191631616152,47.11797279556213,38.789130233678335
2009-05-12,433,2009-05-12,14.5909090909091,49.1363636363636,35.2727272727273,11.5454545454545,-1431703.63636364,-3289193.18181818,3577,15.083051060954805,50.541091050793575,33.19128324531713
2009-06-13,434,2009-06-13,18.9090909090909,57.3181818181818,22.6818181818182,15.7727272727273,-1431703.63636364,-3289193.18181818,3577,18.50216255739481,52.1491303517682,28.238169982747817
2009-06-21,435,2009-06-21,21.6363636363636,54.5,23.2272727272727,15.0909090909091,-1431703.63636364,-3289193.18181818,3577,21.22703851172433,54.42725737532129,23.400909110587577
2009-07-07,436,2009-07-07,26.3636363636364,58.4090909090909,14.2272727272727,16.3636363636364,-1431703.63636364,-3289193.18181818,3577,25.225985689885654,56.39536699344469,17.565329735465014
2009-07-15,437,2009-07-15,27.5,54.0,17.6666666666667,15.6666666666667,-1431710.0,-3289205.0,3577,26.501553400156254,56.511020923903,16.218171124304355
2009-07-31,438,2009-07-31,24.7272727272727,54.1818181818182,20.3181818181818,14.5454545454545,-1431703.63636364,-3289193.18181818,3577,26.120651020801922,56.00058849115149,17.114215505853814
2009-08-08,439,2009-08-08,24.8636363636364,55.3636363636364,18.9090909090909,13.8181818181818,-1431703.63636364,-3289193.18181818,3577,24.045515231551597,54.10267530573506,20.87776244770022
2009-08-16,440,2009-08-16,23.2272727272727,53.6363636363636,22.2727272727273,14.1818181818182,-1431703.63636364,-3289193.18181818,3577,22.568616789905278,52.87360676193266,23.551075062470368
2009-09-01,441,2009-09-01,22.25,53.0,23.5,12.75,-1431720.0,-3289185.0,3577,21.07957669968331,52.48806484817522,25.344417895638436
2009-09-09,442,2009-09-09,12.3333333333333,50.6666666666667,35.6666666666667,17.6666666666667,-1431765.0,-3289185.0,3577,20.23332785517959,52.020007748131135,26.62913536411591
2009-09-17,443,2009-09-17,23.7272727272727,52.6818181818182,22.5454545454545,12.6818181818182,-1431703.63636364,-3289193.18181818,3577,19.628114919133655,52.203886108254906,26.989233301641313
2009-09-25,444,2009-09-25,20.8636363636364,51.2272727272727,26.7727272727273,12.3636363636364,-1431703.63636364,-3289193.18181818,3577,18.50554293721763,52.08575290456022,28.233678227200613
2009-10-03,445,2009-10-03,18.8636363636364,51.4545454545455,28.6818181818182,12.1818181818182,-1431703.63636364,-3289193.18181818,3577,17.801421793327382,52.2265782814537,28.8292188157048
2009-10-27,446,2009-10-27,15.0454545454545,55.9545454545455,27.7272727272727,12.1363636363636,-1431703.63636364,-3289193.18181818,3577,16.84949948728195,52.766371666603035,29.245878495269004
2009-11-04,447,2009-11-04,14.3,52.45,32.1,11.2,-1431705.0,-3289200.0,3577,14.989950184909945,53.16505474541551,30.715702282514478
2009-11-28,448,2009-11-28,10.8636363636364,52.2272727272727,35.7727272727273,11.7727272727273,-1431703.63636364,-3289193.18181818,3577,12.439615853700676,53.66930323170726,32.70919220566917
2009-12-06,449,2009-12-06,12.6363636363636,53.5909090909091,32.5909090909091,11.0909090909091,-1431703.63636364,-3289193.18181818,3577,9.651565996625052,53.73534750500596,35.43613813008866
2009-12-14,450,2009-12-14,11.7272727272727,53.4090909090909,33.6818181818182,11.0454545454545,-1431703.63636364,-3289193.18181818,3577,9.9731833041697,53.646713896846606,35.237201301367165
2009-12-22,451,2009-12-22,5.2,55.2,38.4,15.0,-1431729.0,-3289239.0,3577,9.792988098306083,53.406082961499976,35.66003825192008
2010-01-07,452,2010-01-07,8.86363636363636,53.5909090909091,36.5,11.5454545454545,-1431703.63636364,-3289193.18181818,3577,9.238478792994723,53.21771920966877,36.37621447648347
2010-01-15,453,2010-01-15,11.4545454545455,53.1818181818182,34.1818181818182,11.0909090909091,-1431703.63636364,-3289193.18181818,3577,9.86831728486521,54.48866730807235,34.45150467085641
2010-01-23,454,2010-01-23,12.5,52.1818181818182,34.1818181818182,11.1363636363636,-1431703.63636364,-3289193.18181818,3577,10.164246767397533,54.114346226989426,34.51031926136955
2010-01-31,455,2010-01-31,10.2727272727273,53.8181818181818,34.5,11.0454545454545,-1431703.63636364,-3289193.18181818,3577,10.388684305654355,53.19242832642684,35.21012898584143
2010-02-08,456,2010-02-08,7.0,54.875,36.875,11.125,-1431693.75,-3289151.25,3577,10.482652063511765,52.33879317432573,35.93062051701398
2010-02-16,457,2010-02-16,11.4545454545455,52.5454545454545,34.8181818181818,10.8181818181818,-1431703.63636364,-3289193.18181818,3577,10.620271978699911,51.616842967982166,36.532201931190286
2010-03-28,458,2010-03-28,13.3636363636364,51.5,34.0909090909091,11.1363636363636,-1431703.63636364,-3289193.18181818,3577,9.586982536178983,51.24246327834079,37.97444393489421
2010-04-05,459,2010-04-05,5.44444444444444,44.5555555555556,48.6666666666667,6.44444444444444,-1431691.66666667,-3289155.0,3577,9.749274773759682,50.86304511152473,38.22124225103529
2010-04-13,460,2010-04-13,12.0,52.5909090909091,34.3181818181818,11.5909090909091,-1431703.63636364,-3289193.18181818,3577,10.558195393122055,50.472406322912455,37.822473086997405
2010-04-21,461,2010-04-21,10.0909090909091,52.9545454545455,35.7272727272727,11.0,-1431703.63636364,-3289193.18181818,3577,10.66614399297887,50.043471960998986,38.15921304279163
2010-04-29,462,2010-04-29,12.4090909090909,51.5,35.1363636363636,11.7727272727273,-1431703.63636364,-3289193.18181818,3577,10.462629600750743,50.75980916227837,37.60874656349749
2010-05-07,463,2010-05-07,9.13636363636364,50.8636363636364,38.6818181818182,11.6818181818182,-1431703.63636364,-3289193.18181818,3577,10.970853824848797,52.13436891468762,35.71009341769433
2010-05-15,464,2010-05-15,13.8181818181818,51.0454545454545,33.9545454545455,12.0454545454545,-1431703.63636364,-3289193.18181818,3577,12.102567298540722,53.08203015437657,33.63014959990254
2010-05-31,465,2010-05-31,10.8181818181818,51.5454545454545,36.5909090909091,13.0454545454545,-1431703.63636364,-3289193.18181818,3577,12.930167621412526,52.061564155104065,33.89322200924567
2010-07-02,466,2010-07-02,11.1818181818182,54.4545454545455,33.1818181818182,9.90909090909091,-1431703.63636364,-3289193.18181818,3577,12.55505103302552,51.75720643929834,34.622601364293374
2010-07-18,467,2010-07-18,16.5714285714286,55.5714285714286,26.7857142857143,12.7857142857143,-1431709.28571429,-3289217.14285714,3577,13.318791045709974,52.69494405818555,33.00818137673824
2010-08-03,468,2010-08-03,13.75,51.375,34.0,12.25,-1431693.75,-3289151.25,3577,12.70804990112428,54.05281901463899,32.2805834047694
2010-08-19,469,2010-08-19,9.45,50.8,38.95,16.05,-1431700.5,-3289192.5,3577,11.998169105027713,55.32097076859832,31.73881376855148
2010-09-04,470,2010-09-04,11.3181818181818,54.9545454545455,32.8181818181818,13.0909090909091,-1431703.63636364,-3289193.18181818,3577,10.594266906747734,56.07706056959374,32.31053150339184
2010-09-20,471,2010-09-20,9.81818181818182,63.8636363636364,25.0454545454545,11.3181818181818,-1431703.63636364,-3289193.18181818,3577,10.06361837571228,55.535314600955076,33.30191005869511
2010-10-06,472,2010-10-06,9.36363636363636,53.2727272727273,36.1363636363636,11.4090909090909,-1431703.63636364,-3289193.18181818,3577,8.817156211364008,55.29227857702969,34.731636046188974
2010-10-14,473,2010-10-14,6.59090909090909,56.6818181818182,35.4545454545455,11.0909090909091,-1431703.63636364,-3289193.18181818,3577,8.402998832951138,55.72764066310943,34.620157647488526
2010-10-22,474,2010-10-22,10.2857142857143,51.0,37.5714285714286,11.1428571428571,-1431700.71428571,-3289146.42857143,3577,9.043822957852006,54.03243979649028,35.69325488127375
2010-11-07,475,2010-11-07,8.59090909090909,51.2727272727273,38.9090909090909,11.1363636363636,-1431703.63636364,-3289193.18181818,3577,8.50385022848307,53.21735284603897,37.107610854755606
2010-11-23,476,2010-11-23,8.625,53.875,36.375,11.0,-1431708.75,-3289211.25,3577,7.68752786522866,53.28858118848176,37.90117248591915
2010-12-01,477,2010-12-01,6.45454545454545,58.3636363636364,34.1363636363636,10.9545454545455,-1431703.63636364,-3289193.18181818,3577,7.6408377288959715,53.924417949212874,37.3027719965815
2010-12-09,478,2010-12-09,8.54545454545454,52.6363636363636,37.6363636363636,11.2727272727273,-1431696.81818182,-3289160.45454545,3577,7.174032506567317,55.67715322485107,35.96487460376592
2010-12-25,479,2010-12-25,5.72727272727273,53.0454545454545,40.1818181818182,11.5,-1431703.63636364,-3289193.18181818,3577,7.10349286935868,55.51742125731585,36.20421968264799
2011-01-02,480,2011-01-02,5.22222222222222,63.5555555555556,29.7777777777778,9.0,-1431735.0,-3289198.33333333,3577,6.746976242788627,56.253475536713665,35.81190591079587
2011-01-10,481,2011-01-10,9.68181818181818,50.4090909090909,38.6818181818182,11.3181818181818,-1431703.63636364,-3289193.18181818,3577,7.482350291137516,55.3351129942308,36.001519905644855
2011-01-26,482,2011-01-26,8.18181818181818,53.6363636363636,37.0909090909091,11.2727272727273,-1431710.45454545,-3289225.90909091,3577,7.565209019331165,55.02030950566575,36.25099082360012
2011-02-03,483,2011-02-03,7.0,57.0909090909091,34.9545454545455,11.1818181818182,-1431703.63636364,-3289193.18181818,3577,8.30539790837303,54.458276364931606,36.13403424685605
2011-02-27,484,2011-02-27,9.36363636363636,53.0454545454545,36.5454545454545,11.5454545454545,-1431703.63636364,-3289193.18181818,3577,8.570255150608505,54.38076394943018,35.98022518807233
2011-03-07,485,2011-03-07,7.68181818181818,54.6818181818182,36.4090909090909,11.1818181818182,-1431703.63636364,-3289193.18181818,3577,9.346168553607434,52.916233682425826,36.713930744283196
2011-03-15,486,2011-03-15,10.3636363636364,50.9090909090909,37.7727272727273,11.0454545454545,-1431703.63636364,-3289193.18181818,3577,9.046802658074302,52.50656637437114,37.4374235385628
2011-03-23,487,2011-03-23,8.18181818181818,54.0,36.8181818181818,11.0,-1431703.63636364,-3289193.18181818,3577,8.803797784417652,53.18613113044114,36.94557551822196
2011-03-31,488,2011-03-31,11.2272727272727,49.8181818181818,37.8636363636364,11.1363636363636,-1431703.63636364,-3289193.18181818,3577,9.021762711054585,51.10820520846908,38.78454051204751
2011-04-08,489,2011-04-08,6.86363636363636,53.2272727272727,38.7727272727273,11.2272727272727,-1431703.63636364,-3289193.18181818,3577,8.911744350024728,50.717546103476145,39.284771565265714
2011-04-16,490,2011-04-16,9.2,50.25,39.55,11.2,-1431705.0,-3289200.0,3577,9.255088582750895,52.04624311816835,37.612162979619384
2011-04-24,491,2011-04-24,6.54545454545455,54.5454545454545,37.5909090909091,11.0,-1431703.63636364,-3289193.18181818,3577,7.927255269089348,52.927979158451045,37.94652599896628
2011-05-02,492,2011-05-02,10.2941176470588,51.8235294117647,36.7647058823529,11.5882352941176,-1431710.29411765,-3289207.94117647,3577,8.130769356637673,55.38514133368243,35.27424690641443
2011-05-10,493,2011-05-10,8.72727272727273,54.7727272727273,35.3181818181818,11.7272727272727,-1431703.63636364,-3289193.18181818,3577,7.777482891171774,56.55727145354636,34.4881567296209
2011-05-18,494,2011-05-18,7.76923076923077,62.8461538461538,28.1538461538462,12.4615384615385,-1431730.38461538,-3289201.15384615,3577,7.369153627451231,57.306438305150785,34.11207344086671
2011-06-03,495,2011-06-03,6.66666666666667,58.6666666666667,33.3333333333333,15.5555555555556,-1431685.0,-3289158.33333333,3577,8.199014076552828,57.09242183872068,33.48118213878528
2011-06-19,496,2011-06-19,7.18181818181818,53.6818181818182,37.9545454545455,14.0454545454545,-1431703.63636364,-3289193.18181818,3577,9.918275927427372,56.57115148364002,32.29253935275323
2011-07-05,497,2011-07-05,19.8,56.2,23.2,14.8,-1431681.0,-3289143.0,3577,13.584194422714804,54.94963815705718,30.293918675164274
2011-07-21,498,2011-07-21,9.6,48.4,40.4,18.0,-1431687.0,-3289221.0,3577,18.237857442725748,53.36424073425606,27.243113842249244
2011-08-06,499,2011-08-06,25.5454545454545,54.5909090909091,18.6818181818182,14.0454545454545,-1431703.63636364,-3289193.18181818,3577,22.78613398195769,51.555343608642474,24.533471377621463
2011-08-30,500,2011-08-30,27.5,53.0909090909091,18.5454545454545,13.0,-1431703.63636364,-3289193.18181818,3577,25.558552902202326,50.90632061270861,22.417216787612933
2011-09-07,501,2011-09-07,28.0,50.0588235294118,20.8235294117647,12.9411764705882,-1431703.23529412,-3289177.94117647,3577,25.578296925886672,51.674547672702246,21.595801380230526
2011-09-23,502,2011-09-23,25.0,51.0909090909091,22.7727272727273,12.8636363636364,-1431703.63636364,-3289193.18181818,3577,24.000795658039458,51.74849580312461,23.1179300062827
2011-10-09,503,2011-10-09,19.8181818181818,51.8636363636364,27.0909090909091,12.0,-1431703.63636364,-3289193.18181818,3577,21.004916867536856,51.87556574812967,26.042614333395356
2011-11-02,504,2011-11-02,13.9090909090909,53.1818181818182,31.7272727272727,11.7727272727273,-1431703.63636364,-3289193.18181818,3577,18.237908890128555,52.668556199368645,27.99409251455475
2011-11-10,505,2011-11-10,14.5454545454545,53.0909090909091,31.3181818181818,12.9090909090909,-1431703.63636364,-3289193.18181818,3577,13.660795806412855,52.817015832062474,32.344697720701056
2011-11-26,506,2011-11-26,12.7727272727273,53.9545454545455,32.1818181818182,11.1363636363636,-1431703.63636364,-3289193.18181818,3577,12.024429161973778,53.9419792518817,32.85589833207733
2011-12-12,507,2011-12-12,14.7727272727273,53.5454545454545,30.6818181818182,11.9090909090909,-1431703.63636364,-3289193.18181818,3577,12.161948588664341,54.76176384937364,31.957327183678757
2011-12-28,508,2011-12-28,9.57142857142857,55.2857142857143,33.7142857142857,21.4285714285714,-1431679.28571429,-3289197.85714286,3577,12.526782194308813,54.60218730550715,31.74214016106295
2012-01-29,509,2012-01-29,11.9230769230769,54.3846153846154,32.4615384615385,11.5384615384615,-1431711.92307692,-3289219.61538462,3577,12.493015206161601,54.006103707119244,32.39319106685711
2012-02-14,510,2012-02-14,11.6363636363636,53.3636363636364,34.2272727272727,11.7727272727273,-1431703.63636364,-3289193.18181818,3577,11.25273565927471,53.056589508153564,34.59152518179842
2012-03-01,511,2012-03-01,14.5,52.8,31.5,11.5,-1431705.0,-3289230.0,3577,9.628581264209057,52.11267568710737,37.147275884215574
2012-03-17,512,2012-03-17,12.1818181818182,51.5909090909091,35.2727272727273,11.6363636363636,-1431703.63636364,-3289193.18181818,3577,10.417481718761447,51.80495284804464,36.68187424272429
2012-04-02,513,2012-04-02,5.36842105263158,48.5263157894737,44.8947368421053,16.9473684210526,-1431712.89473684,-3289189.73684211,3577,13.417718312213296,50.90649708479637,34.66723040375855
2012-04-18,514,2012-04-18,13.5,52.0909090909091,33.4545454545455,11.8181818181818,-1431703.63636364,-3289193.18181818,3577,16.120672485429697,51.33709980217525,31.57116455145506
2012-05-20,515,2012-05-20,18.0,53.5909090909091,27.2727272727273,13.0,-1431703.63636364,-3289193.18181818,3577,17.897664229349388,52.81697281564285,28.280096423784734
2012-06-21,516,2012-06-21,25.8636363636364,54.4545454545455,18.7272727272727,16.7272727272727,-1431703.63636364,-3289193.18181818,3577,19.4308996204215,54.37518960046256,25.166542057294095
2012-08-08,517,2012-08-08,26.0454545454545,54.8181818181818,18.3636363636364,14.6363636363636,-1431703.63636364,-3289193.18181818,3577,19.9198880799796,55.432351537532355,23.602530418753375
2012-09-09,518,2012-09-09,14.9090909090909,54.0,30.0,12.6818181818182,-1431703.63636364,-3289193.18181818,3577,19.11245824183085,55.67782582193959,24.058078540621217
2012-09-25,519,2012-09-25,8.41666666666667,61.0833333333333,28.9166666666667,10.0,-1431702.5,-3289162.5,3577,16.15153330554825,55.49976812383956,27.118876189749983
2012-10-11,520,2012-10-11,15.3181818181818,52.6818181818182,30.7727272727273,9.90909090909091,-1431703.63636364,-3289193.18181818,3577,12.195392143221648,54.80898771854076,31.69540084472507
2012-10-27,521,2012-10-27,11.5,52.3636363636364,34.8181818181818,11.8636363636364,-1431703.63636364,-3289193.18181818,3577,9.702655492549901,54.50370513246142,34.501661158987844
2012-11-12,522,2012-11-12,9.81818181818182,52.8181818181818,36.1818181818182,11.8636363636364,-1431703.63636364,-3289193.18181818,3577,8.939040811893403,53.899262877090464,35.93409177837293
2012-12-14,523,2012-12-14,8.04545454545454,54.6818181818182,36.1363636363636,11.4090909090909,-1431703.63636364,-3289193.18181818,3577,9.054896974681716,52.61561612464993,37.248643542632465
2013-01-15,524,2013-01-15,9.18181818181818,55.2727272727273,34.5454545454545,11.9090909090909,-1431703.63636364,-3289193.18181818,3577,10.530003700210393,54.25585932501812,34.183168365544326
2013-01-31,525,2013-01-31,10.5,52.3181818181818,36.2727272727273,11.9090909090909,-1431703.63636364,-3289193.18181818,3577,10.382783812489544,54.7142343185394,33.838210896659945
2013-02-16,526,2013-02-16,10.0,52.1363636363636,36.8181818181818,11.7727272727273,-1431703.63636364,-3289193.18181818,3577,9.426244737529561,52.892241483529645,36.647946428038736
2013-03-04,527,2013-03-04,11.1363636363636,51.7272727272727,36.0454545454545,11.5,-1431703.63636364,-3289193.18181818,3577,10.47991208060007,50.741243804035236,37.71096008667567
2013-03-20,528,2013-03-20,8.5,52.0454545454545,38.0909090909091,10.1363636363636,-1431703.63636364,-3289193.18181818,3577,9.155946220960336,47.45302164763878,42.22362769512435
2013-03-29,529,2013-03-29,11.4545454545455,49.4090909090909,37.8636363636364,11.5454545454545,-1431703.63636364,-3289193.18181818,3577,7.396884834837573,44.94108152612264,46.50584800436697
2013-04-05,530,2013-04-05,0.25,29.625,69.4375,21.75,-1431716.25,-3289207.5,3577,5.55212526004732,43.72384001446815,49.59216310825126
2013-04-21,531,2013-04-21,6.13636363636364,45.0,47.7727272727273,16.9545454545455,-1431703.63636364,-3289193.18181818,3577,4.2116526170136614,43.858071600501034,50.82431737625534
2013-04-29,532,2013-04-29,7.31818181818182,53.6818181818182,37.3636363636364,11.3636363636364,-1431703.63636364,-3289193.18181818,3577,4.88543809131972,45.48567700241663,48.5870780640621
2013-05-07,533,2013-05-07,0.0,41.8571428571429,57.5238095238095,23.6190476190476,-1431703.57142857,-3289192.14285714,3577,6.793085819330237,48.206763929842865,44.002089025284675
2013-05-23,534,2013-05-23,12.2,56.2,30.8,13.0,-1431717.0,-3289197.0,3577,9.336560554558039,51.488913162540435,38.18967842247246
2013-05-31,535,2013-05-31,11.8636363636364,53.3181818181818,33.5,16.5,-1431703.63636364,-3289193.18181818,3577,11.692677713503453,54.616915697578804,32.648971367074424
2013-06-08,536,2013-06-08,15.0,55.0,29.0,11.0,-1431765.0,-3289215.0,3577,13.42443891599337,55.30410287713149,30.218082625691395
2013-06-16,537,2013-06-16,16.9545454545455,54.9090909090909,27.2272727272727,15.3181818181818,-1431703.63636364,-3289193.18181818,3577,13.530436998968636,53.81104761407222,31.636800474359077
2013-07-02,538,2013-07-02,10.4545454545455,52.9545454545455,35.3636363636364,12.7272727272727,-1431703.63636364,-3289193.18181818,3577,13.685815099618317,56.09412864084133,29.13537960772258
2013-07-10,539,2013-07-10,11.1818181818182,54.7272727272727,32.8636363636364,12.6363636363636,-1431703.63636364,-3289193.18181818,3577,13.654905405128549,52.385879726795054,32.68435604642548
2013-07-18,540,2013-07-18,12.4090909090909,53.1818181818182,33.2272727272727,15.5454545454545,-1431703.63636364,-3289193.18181818,3577,11.735158311993038,50.386830169541476,36.64396931522757
2013-08-03,541,2013-08-03,12.2272727272727,52.2272727272727,34.4545454545455,12.7272727272727,-1431703.63636364,-3289193.18181818,3577,12.421545173091296,53.95563780434913,32.430179657095735
2013-08-11,542,2013-08-11,13.55,55.7,29.45,11.0,-1431705.0,-3289200.0,3577,11.588013839053465,56.396909929352944,30.8471804253492
2013-08-19,543,2013-08-19,10.5,51.3181818181818,36.9090909090909,12.5454545454545,-1431703.63636364,-3289193.18181818,3577,10.912695171418545,58.648118698067705,29.387770897828418
2013-08-27,544,2013-08-27,11.5454545454545,52.5,34.9090909090909,12.0454545454545,-1431703.63636364,-3289193.18181818,3577,9.822519726261566,59.38767199588152,29.857672724119134
2013-09-12,545,2013-09-12,5.33333333333333,87.0,7.33333333333333,23.0,-1431675.0,-3289185.0,3577,8.18512098184084,58.87197502749676,32.00121119615433
2013-09-28,546,2013-09-28,10.4545454545455,51.4090909090909,37.0454545454545,11.9545454545455,-1431703.63636364,-3289193.18181818,3577,7.397671917161387,57.088306149232025,34.542634609966896
2013-10-06,547,2013-10-06,2.0,42.0,54.8,19.0,-1431759.0,-3289209.0,3577,7.445040441803373,54.30586140716427,37.21776211034174
2013-10-14,548,2013-10-14,10.4090909090909,50.6363636363636,37.8181818181818,11.7727272727273,-1431703.63636364,-3289193.18181818,3577,7.90697528630514,50.986537112279414,39.94403401763523
2013-10-22,549,2013-10-22,9.27272727272727,49.0,40.3636363636364,11.7272727272727,-1431703.63636364,-3289193.18181818,3577,8.67593876045463,48.68305690338974,41.33236874372732
2013-10-30,550,2013-10-30,10.5,50.4,37.6,12.0,-1431693.0,-3289158.0,3577,9.29015305776836,46.604587855390434,42.69499785966478
2013-11-07,551,2013-11-07,9.13636363636364,48.5909090909091,41.0909090909091,11.4090909090909,-1431703.63636364,-3289193.18181818,3577,9.63979473180967,47.438831466421505,41.521819346501715
2013-11-15,552,2013-11-15,8.90909090909091,50.5,39.1818181818182,11.1363636363636,-1431703.63636364,-3289193.18181818,3577,8.97834466997901,51.71109983827891,38.029014017810255
2013-11-23,553,2013-11-23,7.72727272727273,48.7272727272727,42.1818181818182,11.0,-1431703.63636364,-3289193.18181818,3577,8.977817693634718,49.59842726142516,40.106944370055544
2013-12-01,554,2013-12-01,8.31578947368421,49.9473684210526,40.6315789473684,11.0,-1431698.68421053,-3289185.0,3577,7.640340121163192,48.3537296468846,42.74605865788362
2013-12-09,555,2013-12-09,8.22727272727273,47.4090909090909,43.0909090909091,10.9545454545455,-1431703.63636364,-3289193.18181818,3577,7.872909139387737,48.717357650859476,42.20749362847105
2014-01-02,556,2014-01-02,7.08333333333333,50.1666666666667,41.5833333333333,11.0833333333333,-1431702.5,-3289162.5,3577,7.796300063398974,49.19335366429192,41.820375810627965
2014-01-10,557,2014-01-10,8.77272727272727,47.9090909090909,42.0454545454545,10.9090909090909,-1431703.63636364,-3289193.18181818,3577,8.073129246061953,49.7776281889781,40.93457733623695
2014-01-18,558,2014-01-18,8.68181818181818,50.1818181818182,39.9090909090909,10.9545454545455,-1431703.63636364,-3289193.18181818,3577,8.352845104192191,50.701983650794375,39.76982496313133
2014-01-26,559,2014-01-26,7.63636363636364,53.3636363636364,38.0909090909091,11.6363636363636,-1431703.63636364,-3289193.18181818,3577,9.066115611329508,51.320706347012646,38.449023025219944
2014-02-03,560,2014-02-03,10.5909090909091,52.0909090909091,35.9545454545455,11.5454545454545,-1431703.63636364,-3289193.18181818,3577,9.650630477297458,51.60627267505599,37.600130135195506
2014-02-19,561,2014-02-19,9.68181818181818,51.7727272727273,37.4090909090909,11.4545454545455,-1431703.63636364,-3289193.18181818,3577,10.191634411730991,51.6348622121576,37.06270088375858
2014-02-27,562,2014-02-27,10.9545454545455,49.7272727272727,38.2727272727273,11.4545454545455,-1431703.63636364,-3289193.18181818,3577,10.427512869600449,51.23591713427002,37.23742793838554
2014-03-07,563,2014-03-07,11.375,51.625,36.125,11.25,-1431693.75,-3289151.25,3577,11.427243223737033,50.949157758923576,36.631845565812625
2014-03-15,564,2014-03-15,11.0,48.3181818181818,39.5454545454545,11.4545454545455,-1431703.63636364,-3289193.18181818,3577,11.074118213727244,49.88593153491789,38.036066246485476
2014-03-23,565,2014-03-23,9.52941176470588,52.0,37.4117647058824,11.5882352941176,-1431703.23529412,-3289177.94117647,3577,9.755456179388096,50.06081337743972,39.1950216055967
2014-03-31,566,2014-03-31,10.8181818181818,49.6818181818182,38.5909090909091,11.7272727272727,-1431703.63636364,-3289193.18181818,3577,9.892350056938142,49.657105735517945,39.44554866293363
2014-04-08,567,2014-04-08,11.0,50.5454545454545,37.5454545454545,11.3636363636364,-1431703.63636364,-3289193.18181818,3577,10.307026846625217,50.29037995730882,38.33930264105723
2014-04-16,568,2014-04-16,10.1363636363636,49.7727272727273,38.9545454545455,11.5909090909091,-1431703.63636364,-3289193.18181818,3577,10.573508139927222,51.071781406033544,37.21875351308289
2014-04-24,569,2014-04-24,6.40909090909091,51.5454545454545,40.5,9.81818181818182,-1431703.63636364,-3289193.18181818,3577,11.843572223870448,52.18217836201856,34.805997978771366
2014-05-10,570,2014-05-10,19.4761904761905,54.3333333333333,25.3333333333333,14.1904761904762,-1431700.71428571,-3289190.71428571,3577,13.588453698609197,53.27745923041355,31.976604673639258
2014-05-18,571,2014-05-18,20.3181818181818,52.0909090909091,26.3181818181818,13.1818181818182,-1431703.63636364,-3289193.18181818,3577,18.165369795182812,54.18684889553766,26.478816054886988
2014-05-26,572,2014-05-26,13.7727272727273,59.8636363636364,25.3181818181818,15.4545454545455,-1431703.63636364,-3289193.18181818,3577,21.193556877714563,54.86107278591681,22.82765591223719
2014-06-03,573,2014-06-03,23.5454545454545,51.5454545454545,23.6818181818182,13.0909090909091,-1431703.63636364,-3289193.18181818,3577,22.904500181305078,54.48701842297988,21.55336834100936
2014-06-11,574,2014-06-11,27.2272727272727,54.7272727272727,17.2727272727273,14.0909090909091,-1431703.63636364,-3289193.18181818,3577,23.467594887518192,54.19049638792706,21.319317890099953
2014-06-19,575,2014-06-19,26.0,52.3181818181818,20.5909090909091,15.1363636363636,-1431703.63636364,-3289193.18181818,3577,22.752114617717737,53.37559325934548,22.848264176011973
2014-06-27,576,2014-06-27,23.4090909090909,53.6818181818182,21.8181818181818,13.2272727272727,-1431703.63636364,-3289193.18181818,3577,20.850367710904976,52.71276523456989,25.39090288639587
2014-07-05,577,2014-07-05,8.0,51.0,40.0,17.0,-1431765.0,-3289155.0,3577,20.053794080951235,52.51468711417266,26.442407016002846
2014-07-13,578,2014-07-13,21.3636363636364,54.1818181818182,23.3636363636364,13.2727272727273,-1431703.63636364,-3289193.18181818,3577,18.159048452248676,52.808962873126106,28.031545024068276
2014-07-29,579,2014-07-29,20.2272727272727,53.7272727272727,25.0909090909091,12.7727272727273,-1431703.63636364,-3289193.18181818,3577,17.1084879094986,53.27193943123349,28.591891643393133
2014-08-06,580,2014-08-06,16.2727272727273,51.9545454545455,30.8181818181818,12.2727272727273,-1431703.63636364,-3289193.18181818,3577,16.750751710994084,53.030594089269,29.15776870188198
2014-08-14,581,2014-08-14,15.2857142857143,54.4761904761905,29.1428571428571,11.952380952381,-1431705.0,-3289196.42857143,3577,16.166925180080675,53.91166245330936,28.855506652082674
2014-08-22,582,2014-08-22,15.8636363636364,54.8636363636364,28.1363636363636,10.6818181818182,-1431703.63636364,-3289193.18181818,3577,14.484162263290424,54.55773947414002,29.835130883747283
2014-09-15,583,2014-09-15,13.0,54.0,31.8,12.0,-1431717.0,-3289197.0,3577,11.964458142474943,55.20662970577712,31.69273993666988
2014-09-23,584,2014-09-23,9.95454545454546,53.4545454545455,35.3181818181818,11.8181818181818,-1431703.63636364,-3289193.18181818,3577,8.396553840191773,55.079553667077114,35.36768782863102
2014-10-01,585,2014-10-01,1.25,59.0,38.75,19.25,-1431705.0,-3289192.5,3577,7.774923148901729,54.9086278202436,36.125969513172116
2014-10-17,586,2014-10-17,9.45454545454546,54.0454545454545,35.2727272727273,11.2727272727273,-1431703.63636364,-3289193.18181818,3577,7.297763100956492,54.502660441154966,36.99800614527055
2014-10-25,587,2014-10-25,7.45454545454545,52.2727272727273,39.1818181818182,11.5909090909091,-1431703.63636364,-3289193.18181818,3577,7.363413816691634,52.99902091528092,38.478805883106375
2014-11-02,588,2014-11-02,9.68181818181818,51.3181818181818,37.7727272727273,11.2727272727273,-1431703.63636364,-3289193.18181818,3577,8.071941779019095,52.417335858617065,38.362562585171574
2014-11-10,589,2014-11-10,8.90909090909091,51.3181818181818,38.4545454545455,11.2272727272727,-1431703.63636364,-3289193.18181818,3577,8.946663173582749,51.634605520187435,38.23764215425622
2014-11-18,590,2014-11-18,9.63636363636364,52.0,37.2727272727273,11.2272727272727,-1431703.63636364,-3289193.18181818,3577,9.40322996732932,51.30874149772904,38.11826668967954
2014-12-04,591,2014-12-04,9.09090909090909,51.6363636363636,38.2272727272727,11.0909090909091,-1431703.63636364,-3289193.18181818,3577,9.46247026263772,51.16055784912325,38.2087334281198
2014-12-12,592,2014-12-12,8.18181818181818,49.9545454545455,40.7727272727273,11.1363636363636,-1431703.63636364,-3289193.18181818,3577,8.576742354182672,51.84912826172958,38.41521591739145
2014-12-20,593,2014-12-20,8.0,54.6,36.0,11.2,-1431693.0,-3289161.0,3577,9.067331908169285,51.12105769265152,38.66864320592988
2014-12-28,594,2014-12-28,9.36363636363636,49.0909090909091,40.4545454545455,11.1818181818182,-1431703.63636364,-3289193.18181818,3577,8.917859089965837,50.91014895601808,39.04549798638718
2015-01-05,595,2015-01-05,10.2857142857143,51.3809523809524,37.3809523809524,11.0952380952381,-1431700.71428571,-3289190.71428571,3577,8.964268211381988,50.8512293129442,39.055315685340815
2015-01-13,596,2015-01-13,9.13636363636364,48.9090909090909,40.6363636363636,11.0454545454545,-1431703.63636364,-3289193.18181818,3577,8.783787420009018,49.109315817864626,40.90965198606017
2015-01-21,597,2015-01-21,8.0,51.0454545454545,39.9090909090909,11.0,-1431703.63636364,-3289193.18181818,3577,9.530828726577377,52.69562523037671,36.703316947612045
2015-01-29,598,2015-01-29,9.5,50.1818181818182,39.3181818181818,11.0909090909091,-1431703.63636364,-3289193.18181818,3577,9.520669873328174,52.79587433861906,36.645089126085594
2015-02-06,599,2015-02-06,8.40909090909091,53.2727272727273,37.0454545454545,10.8636363636364,-1431703.63636364,-3289193.18181818,3577,8.694367270780273,49.56891265221513,40.65350973259173
2015-02-14,600,2015-02-14,9.81818181818182,48.3636363636364,40.7727272727273,10.9545454545455,-1431703.63636364,-3289193.18181818,3577,8.432905962597928,47.274180927424645,43.13249823634767
2015-02-22,601,2015-02-22,10.6818181818182,49.0909090909091,39.1363636363636,10.8636363636364,-1431703.63636364,-3289193.18181818,3577,9.216919865947496,44.70345603359292,44.869021821590394
2015-03-10,602,2015-03-10,10.1818181818182,50.7727272727273,38.1363636363636,11.0909090909091,-1431703.63636364,-3289193.18181818,3577,10.635573264336111,43.98586847995144,44.14205678924973
2015-03-18,603,2015-03-18,7.0,17.0,74.0,13.0,-1431645.0,-3289245.0,3577,12.425462378880173,44.173456293207664,42.1447097793784
2015-04-03,604,2015-04-03,15.4545454545455,52.5909090909091,30.8636363636364,12.2727272727273,-1431703.63636364,-3289193.18181818,3577,14.228356220191975,45.62908589674022,38.8707461503632
2015-04-11,605,2015-04-11,20.0454545454545,60.4545454545455,18.4090909090909,12.5,-1431703.63636364,-3289193.18181818,3577,15.775330214393424,47.92418403436545,35.04557165322193
2015-04-19,606,2015-04-19,18.0454545454545,50.7727272727273,30.0,12.3181818181818,-1431703.63636364,-3289193.18181818,3577,17.377531840518248,51.3081676274676,30.094767742807154
2015-04-27,607,2015-04-27,17.7272727272727,52.7272727272727,28.5,12.0,-1431703.63636364,-3289193.18181818,3577,19.184911204750705,53.51114065593987,26.15624112260366
2015-05-05,608,2015-05-05,18.7727272727273,50.6363636363636,29.3181818181818,12.1363636363636,-1431703.63636364,-3289193.18181818,3577,20.39729353112103,54.91709360157738,23.582341525625342
2015-05-13,609,2015-05-13,19.1363636363636,52.4545454545455,27.1363636363636,12.1818181818182,-1431703.63636364,-3289193.18181818,3577,20.522089084568414,54.352146024527435,24.054606665495243
2015-05-29,610,2015-05-29,22.0,54.3333333333333,22.8333333333333,13.1666666666667,-1431710.0,-3289205.0,3577,20.4012668305489,50.57151414116601,27.853395502138845
2015-06-22,611,2015-06-22,24.5,53.0909090909091,21.2272727272727,15.8636363636364,-1431703.63636364,-3289193.18181818,3577,21.3801725059785,52.590143133901094,24.926459927159815
2015-07-08,612,2015-07-08,21.2727272727273,51.0,26.5,12.4545454545455,-1431703.63636364,-3289193.18181818,3577,22.887021014445132,53.21866678212632,22.777469645465104
2015-07-16,613,2015-07-16,21.0909090909091,53.4090909090909,24.4090909090909,12.8181818181818,-1431703.63636364,-3289193.18181818,3577,23.475316338597388,52.443983776793274,22.934659439440708
2015-07-24,614,2015-07-24,23.3636363636364,52.7272727272727,22.7727272727273,14.5454545454545,-1431703.63636364,-3289193.18181818,3577,23.917208577140276,52.17655489270244,22.721618750886407
2015-08-09,615,2015-08-09,25.7272727272727,51.9090909090909,21.0909090909091,15.9090909090909,-1431703.63636364,-3289193.18181818,3577,23.580496340132566,51.737939375561794,23.429070085554066
2015-08-25,616,2015-08-25,24.0454545454545,50.2727272727273,24.4545454545455,13.2727272727273,-1431703.63636364,-3289193.18181818,3577,23.629603368763924,51.349099910308105,23.755889012007056
2015-09-02,617,2015-09-02,23.4166666666667,51.3333333333333,23.8333333333333,12.9166666666667,-1431702.5,-3289162.5,3577,22.687684231517025,51.571272052829215,24.482728735750683
2015-09-10,618,2015-09-10,18.8181818181818,53.1818181818182,26.8181818181818,11.0,-1431703.63636364,-3289193.18181818,3577,21.090335853279488,51.988146528386444,25.6488282334008
2015-09-18,619,2015-09-18,19.5,51.5909090909091,27.6363636363636,12.0909090909091,-1431703.63636364,-3289193.18181818,3577,18.353701228874375,52.08855840659173,28.253680694008576
2015-09-26,620,2015-09-26,16.1363636363636,52.4090909090909,30.2727272727273,11.8636363636364,-1431703.63636364,-3289193.18181818,3577,15.784646514942477,52.92438446251336,30.05647317313066
2015-10-04,621,2015-10-04,16.0454545454545,52.9545454545455,29.7727272727273,11.7272727272727,-1431703.63636364,-3289193.18181818,3577,14.45485003316196,53.43584855897597,30.9326886173167
2015-10-12,622,2015-10-12,9.22727272727273,55.6818181818182,33.8181818181818,11.6818181818182,-1431703.63636364,-3289193.18181818,3577,13.894864610947522,53.48510303843028,31.49656811899517
2015-10-20,623,2015-10-20,15.1818181818182,52.3636363636364,31.4545454545455,11.5454545454545,-1431696.81818182,-3289160.45454545,3577,13.605863786272678,53.46132556812876,31.83683311715486
2015-10-28,624,2015-10-28,13.6818181818182,52.0,33.1818181818182,11.3181818181818,-1431703.63636364,-3289193.18181818,3577,13.689267318662992,52.98386077754836,32.2179237874377
2015-11-05,625,2015-11-05,15.1666666666667,54.1666666666667,29.8333333333333,11.5,-1431710.0,-3289205.0,3577,13.24192924066076,52.59902725100365,33.0320980267455
2015-11-21,626,2015-11-21,14.3636363636364,50.8636363636364,33.4090909090909,10.9545454545455,-1431703.63636364,-3289193.18181818,3577,13.612875163112397,51.4798515585098,33.77440516139703
2015-11-29,627,2015-11-29,11.3636363636364,51.5,35.9545454545455,11.2727272727273,-1431703.63636364,-3289193.18181818,3577,13.253000025584612,51.293714166490076,34.307927507331335
2015-12-07,628,2015-12-07,12.2727272727273,51.4545454545455,35.0,11.0,-1431703.63636364,-3289193.18181818,3577,12.654485162082494,51.42223781471537,34.74294614288467
2015-12-15,629,2015-12-15,12.1363636363636,49.7272727272727,37.0,11.2272727272727,-1431703.63636364,-3289193.18181818,3577,11.851789780721315,51.87242830346476,35.063974303203516
2015-12-23,630,2015-12-23,12.3181818181818,53.1818181818182,33.3636363636364,11.1818181818182,-1431703.63636364,-3289193.18181818,3577,12.225867433999577,51.66871392046528,34.876803607307835
2016-01-08,631,2016-01-08,14.0909090909091,51.6818181818182,33.1363636363636,10.4545454545455,-1431703.63636364,-3289193.18181818,3577,12.722125233803594,51.64656710208992,34.392111922222185
2016-01-24,632,2016-01-24,11.1818181818182,54.0,33.4090909090909,11.1363636363636,-1431703.63636364,-3289193.18181818,3577,13.701550349451473,51.62009451285347,33.49006060080707
2016-02-01,633,2016-02-01,15.0909090909091,48.9090909090909,34.7727272727273,11.5,-1431703.63636364,-3289193.18181818,3577,13.911440937332465,50.9300591049741,33.948978406896195
2016-02-09,634,2016-02-09,15.6363636363636,50.1363636363636,33.0454545454545,11.2272727272727,-1431703.63636364,-3289193.18181818,3577,15.611152005886513,50.65221451781348,32.59923161555095
2016-02-17,635,2016-02-17,14.2272727272727,49.9545454545455,34.7272727272727,11.1818181818182,-1431703.63636364,-3289193.18181818,3577,15.112120359233211,50.473400790027085,33.322999966535626
2016-02-25,636,2016-02-25,15.2727272727273,50.7727272727273,33.0454545454545,11.1818181818182,-1431703.63636364,-3289193.18181818,3577,13.757883124472677,49.989704356992135,35.19836088481774
2016-03-04,637,2016-03-04,13.5909090909091,50.1363636363636,35.2272727272727,11.5,-1431703.63636364,-3289193.18181818,3577,12.450981048220957,50.22576016721061,36.259042393008244
2016-03-12,638,2016-03-12,13.5,50.9545454545455,34.4090909090909,11.4090909090909,-1431703.63636364,-3289193.18181818,3577,12.787486788469966,50.267190732142424,35.848342482167666
2016-03-20,639,2016-03-20,14.0,51.0909090909091,33.8181818181818,11.5909090909091,-1431703.63636364,-3289193.18181818,3577,13.611675546517308,50.41255296911737,34.78739133087049
2016-04-05,640,2016-04-05,4.54545454545455,49.3636363636364,44.6818181818182,23.4090909090909,-1431703.63636364,-3289193.18181818,3577,15.878360451817127,50.468659401384784,32.46053861702124
2016-04-21,641,2016-04-21,25.0,49.8636363636364,23.9090909090909,12.2727272727273,-1431703.63636364,-3289193.18181818,3577,18.013933856740053,50.92886047247799,29.84891621184449
2016-04-29,642,2016-04-29,25.1363636363636,52.5,21.2272727272727,11.0454545454545,-1431703.63636364,-3289193.18181818,3577,20.725916638944774,51.55491567255507,26.524261975003874
2016-05-07,643,2016-05-07,25.9090909090909,51.7727272727273,21.2727272727273,11.5454545454545,-1431703.63636364,-3289193.18181818,3577,23.71979062310821,50.80943317869102,24.344266344403444
2016-05-15,644,2016-05-15,22.0,53.4545454545455,23.4545454545455,12.1818181818182,-1431703.63636364,-3289193.18181818,3577,27.36133357213724,55.135148602210464,16.426713168618964
2016-05-31,645,2016-05-31,26.9545454545455,54.2727272727273,17.7272727272727,14.5909090909091,-1431703.63636364,-3289193.18181818,3577,29.76714546359471,55.12899962406598,14.00299756533715
2016-06-08,646,2016-06-08,29.5454545454545,51.3181818181818,17.8181818181818,16.0454545454545,-1431703.63636364,-3289193.18181818,3577,30.423331804695103,52.76064844245874,15.685030280721694
2016-07-18,647,2016-07-18,34.5454545454545,52.5909090909091,11.8181818181818,16.8181818181818,-1431703.63636364,-3289193.18181818,3577,29.31255769279534,48.81069512155189,20.66202106365038
2016-07-26,648,2016-07-26,31.0454545454545,50.6363636363636,17.1363636363636,15.0909090909091,-1431703.63636364,-3289193.18181818,3577,29.507154399213015,45.1128731949098,24.13334934133896
2016-08-11,649,2016-08-11,28.5909090909091,49.4545454545455,20.5454545454545,14.0454545454545,-1431703.63636364,-3289193.18181818,3577,27.660323492995946,43.09649778872328,27.99612658660929
2016-08-19,650,2016-08-19,19.0,15.6666666666667,64.0,9.44444444444444,-1431711.66666667,-3289228.33333333,3577,24.823695724480064,42.102576895843924,31.835243141317743
2016-09-20,651,2016-09-20,21.5454545454545,52.6818181818182,24.7727272727273,12.3636363636364,-1431703.63636364,-3289193.18181818,3577,20.808672470222966,43.87172073633566,34.14556988184398
2016-09-28,652,2016-09-28,19.1818181818182,51.2727272727273,28.3636363636364,12.4090909090909,-1431703.63636364,-3289193.18181818,3577,17.88993247112878,47.07692898150964,33.92161848845834
2016-10-06,653,2016-10-06,16.3181818181818,54.5909090909091,28.0454545454545,12.2272727272727,-1431703.63636364,-3289193.18181818,3577,15.999088724388884,50.8229560101142,32.0921470873576
2016-10-22,654,2016-10-22,15.9090909090909,54.9090909090909,28.0909090909091,12.0,-1431703.63636364,-3289193.18181818,3577,15.309044459619138,54.671332607716224,28.958794793718695
2016-10-30,655,2016-10-30,13.3181818181818,54.1818181818182,31.4090909090909,11.7272727272727,-1431703.63636364,-3289193.18181818,3577,14.432929721556878,57.41710639486308,27.044412384684165
2016-11-07,656,2016-11-07,12.9090909090909,57.8181818181818,28.2272727272727,10.4090909090909,-1431703.63636364,-3289193.18181818,3577,13.689910427313386,57.437607471795346,27.657970512455545
2016-11-15,657,2016-11-15,14.5,53.0,31.0909090909091,11.7727272727273,-1431703.63636364,-3289193.18181818,3577,12.601037437089584,54.04037659497026,32.10739963666588
2016-11-23,658,2016-11-23,12.5909090909091,55.6818181818182,30.4545454545455,11.5909090909091,-1431703.63636364,-3289193.18181818,3577,12.537641784051388,56.356322540383914,29.869783045545546
2016-12-01,659,2016-12-01,11.9090909090909,56.0454545454545,30.7727272727273,11.0,-1431703.63636364,-3289193.18181818,3577,13.013161339081158,54.70079751376427,31.074812184714663
2016-12-09,660,2016-12-09,12.4090909090909,56.3181818181818,30.1363636363636,11.3636363636364,-1431703.63636364,-3289193.18181818,3577,13.211843040155175,54.49035189408704,31.147908100900914
2016-12-17,661,2016-12-17,13.6818181818182,54.1363636363636,31.1363636363636,11.8636363636364,-1431703.63636364,-3289193.18181818,3577,13.043512918264707,55.448650701949454,30.398030621217746
2016-12-25,662,2016-12-25,13.5909090909091,55.8181818181818,29.7272727272727,11.7727272727273,-1431703.63636364,-3289193.18181818,3577,13.086900527934326,55.026209834814026,30.866092674559766
2017-01-02,663,2017-01-02,13.3636363636364,52.7272727272727,32.7727272727273,11.7727272727273,-1431703.63636364,-3289193.18181818,3577,12.58416289592572,55.98768026231302,30.45654671812391
2017-01-10,664,2017-01-10,13.1363636363636,54.3181818181818,31.5,11.5,-1431703.63636364,-3289193.18181818,3577,12.371372365319287,56.52772206683548,30.04575666382139
2017-01-18,665,2017-01-18,9.04545454545454,66.5,23.3181818181818,8.63636363636364,-1431703.63636364,-3289193.18181818,3577,11.325560263920515,57.68334287908432,29.891329891606873
2017-01-26,666,2017-01-26,12.3181818181818,54.5909090909091,32.0454545454545,11.3636363636364,-1431703.63636364,-3289193.18181818,3577,12.595495976017581,58.13778270701128,28.1033038169219
2017-02-03,667,2017-02-03,13.3181818181818,53.1363636363636,32.5,11.8636363636364,-1431703.63636364,-3289193.18181818,3577,12.556974407521345,58.24352807338146,28.05114558955963
2017-02-11,668,2017-02-11,10.1333333333333,63.8666666666667,24.6,11.4,-1431705.0,-3289215.0,3577,12.315173886998657,57.11151763143593,29.468333271002663
2017-02-19,669,2017-02-19,15.4545454545455,53.0909090909091,30.3636363636364,12.1818181818182,-1431703.63636364,-3289193.18181818,3577,12.02537499089528,55.70243013388818,31.26117198309244
2017-02-27,670,2017-02-27,13.2272727272727,53.5454545454545,32.5,12.1818181818182,-1431703.63636364,-3289193.18181818,3577,12.102042202096673,53.48426032171361,33.44744222846735
2017-03-07,671,2017-03-07,14.1363636363636,51.7727272727273,33.1363636363636,12.0,-1431703.63636364,-3289193.18181818,3577,11.738454715373859,51.91203270881637,35.43587660579814
2017-03-15,672,2017-03-15,1.72727272727273,52.1363636363636,45.3636363636364,23.9545454545455,-1431703.63636364,-3289193.18181818,3577,11.799034205308812,51.69666626645869,35.57288236671326
2017-03-23,673,2017-03-23,17.4090909090909,49.1363636363636,32.4090909090909,9.95454545454546,-1431703.63636364,-3289193.18181818,3577,13.134927104978605,50.2442788565145,35.70809886707187
2017-03-31,674,2017-03-31,16.0454545454545,51.2272727272727,31.7727272727273,11.7727272727273,-1431703.63636364,-3289193.18181818,3577,14.730090717986052,50.071211413590625,34.25170684929534
2017-04-08,675,2017-04-08,16.3181818181818,50.0909090909091,32.4545454545455,11.7727272727273,-1431703.63636364,-3289193.18181818,3577,15.871406668195727,51.70791718834853,31.395851755894938
2017-04-16,676,2017-04-16,16.3636363636364,52.4545454545455,30.1818181818182,11.6818181818182,-1431703.63636364,-3289193.18181818,3577,17.565294823383944,51.68048051019415,29.707679739338715
2017-04-24,677,2017-04-24,20.3181818181818,53.3181818181818,25.3636363636364,14.5909090909091,-1431703.63636364,-3289193.18181818,3577,17.853380928103835,52.305492565405956,28.790143785284457
2017-05-02,678,2017-05-02,16.1,53.0,30.05,12.15,-1431705.0,-3289200.0,3577,17.444427891273012,53.013743644470324,28.520719935843744
2017-05-10,679,2017-05-10,15.2272727272727,52.6818181818182,30.8636363636364,12.0454545454545,-1431703.63636364,-3289193.18181818,3577,15.68061842463522,53.511153496087815,29.814729528839912
2017-05-18,680,2017-05-18,15.2857142857143,53.5714285714286,30.1428571428571,12.5714285714286,-1431700.71428571,-3289146.42857143,3577,16.260540346226072,53.37821983813306,29.367208670863157
2017-05-26,681,2017-05-26,16.5,52.4090909090909,30.0909090909091,13.0454545454545,-1431703.63636364,-3289193.18181818,3577,15.805059210418523,53.18985011610167,30.0062410851136
2017-06-03,682,2017-06-03,15.2727272727273,54.9090909090909,28.9090909090909,12.5909090909091,-1431703.63636364,-3289193.18181818,3577,15.65153485692234,53.20180396579826,30.11812230830919
2017-06-19,683,2017-06-19,17.1818181818182,53.8181818181818,28.0909090909091,13.1363636363636,-1431703.63636364,-3289193.18181818,3577,15.505818442742683,53.652175856783664,29.80591278971076
2017-06-27,684,2017-06-27,15.6818181818182,52.3636363636364,30.6818181818182,12.8636363636364,-1431703.63636364,-3289193.18181818,3577,16.21582800818417,54.404365476901674,28.374008696056254
2017-07-05,685,2017-07-05,15.55,54.4,29.1,12.85,-1431705.0,-3289200.0,3577,16.179633636836414,54.876166351699936,27.942428436556
2017-07-21,686,2017-07-21,15.0909090909091,55.6363636363636,28.1818181818182,12.8636363636364,-1431703.63636364,-3289193.18181818,3577,16.026325981924497,54.83127940170464,28.083310792777503
2017-07-29,687,2017-07-29,16.4090909090909,56.6818181818182,25.9545454545455,14.1363636363636,-1431703.63636364,-3289193.18181818,3577,15.81138221005703,54.80166294442144,28.334846151123955
2017-08-06,688,2017-08-06,15.4545454545455,53.5909090909091,29.9545454545455,13.0454545454545,-1431703.63636364,-3289193.18181818,3577,15.174803624342763,54.444173003580275,29.324858430932608
2017-08-22,689,2017-08-22,15.9090909090909,53.4090909090909,29.6363636363636,12.8181818181818,-1431703.63636364,-3289193.18181818,3577,14.062806245313544,52.74714382651378,32.159202758683065
2017-10-01,690,2017-10-01,11.5,50.9545454545455,36.2727272727273,12.2272727272727,-1431703.63636364,-3289193.18181818,3577,12.839051995887715,52.37055529112743,33.74577438724961
2017-10-09,691,2017-10-09,11.5,51.9166666666667,35.5833333333333,12.1666666666667,-1431702.5,-3289162.5,3577,11.941909116159412,51.201069482046435,35.73964391531033
2017-10-25,692,2017-10-25,10.4090909090909,52.7272727272727,35.8181818181818,11.8636363636364,-1431703.63636364,-3289193.18181818,3577,10.856781410284691,52.20092395889948,35.78069058003376
2017-11-02,693,2017-11-02,9.04545454545454,51.2727272727273,38.4545454545455,11.9090909090909,-1431703.63636364,-3289193.18181818,3577,9.488796844120657,54.28661991308322,35.00137073402723
2017-11-10,694,2017-11-10,10.2222222222222,54.5,34.0555555555556,12.0,-1431700.0,-3289181.66666667,3577,9.315451458212593,55.664939138875795,33.79993093490299
2017-11-18,695,2017-11-18,9.58823529411765,62.9411764705882,26.0588235294118,12.7647058823529,-1431703.23529412,-3289177.94117647,3577,8.50553441029133,57.03339665333729,33.199286059376995
2017-11-26,696,2017-11-26,9.09090909090909,52.6818181818182,36.9545454545455,11.5,-1431703.63636364,-3289193.18181818,3577,8.511557335010968,56.65438205359297,33.56402853477321
2017-12-12,697,2017-12-12,5.0,62.4,31.4,12.4,-1431732.0,-3289200.0,3577,8.205232783326293,56.1654360683134,34.366681224893696
2017-12-20,698,2017-12-20,9.04545454545454,51.0,38.8181818181818,11.8181818181818,-1431703.63636364,-3289193.18181818,3577,8.066822729318845,55.630087140215245,35.06140506209932
2017-12-28,699,2017-12-28,10.3636363636364,51.6363636363636,36.7727272727273,11.4090909090909,-1431703.63636364,-3289193.18181818,3577,8.369059771427706,55.006288913144815,35.43341370526648
2018-01-05,700,2018-01-05,6.26666666666667,56.2666666666667,36.1333333333333,8.73333333333333,-1431687.0,-3289201.0,3577,8.946707574821689,53.59535796289021,36.24102559599608
2018-01-13,701,2018-01-13,12.9545454545455,51.2272727272727,34.8181818181818,11.1363636363636,-1431703.63636364,-3289193.18181818,3577,10.091294564387885,53.15438049640166,35.593623324513175
2018-01-21,702,2018-01-21,8.40909090909091,59.2272727272727,31.0909090909091,10.1818181818182,-1431703.63636364,-3289193.18181818,3577,10.907936387380474,53.41754384420429,34.52806185883266
2018-02-06,703,2018-02-06,11.5909090909091,50.6818181818182,36.5454545454545,11.8181818181818,-1431703.63636364,-3289193.18181818,3577,11.547849186181272,52.701816384189605,34.66341618789735
2018-02-14,704,2018-02-14,13.4090909090909,50.6818181818182,35.0,11.5454545454545,-1431703.63636364,-3289193.18181818,3577,11.516265187105013,52.76180574279984,34.627389638220365
2018-02-22,705,2018-02-22,11.3181818181818,50.0909090909091,37.4090909090909,11.8181818181818,-1431703.63636364,-3289193.18181818,3577,11.86264695057087,51.576851828152876,35.484730524184826
2018-03-02,706,2018-03-02,11.8,53.8,33.6,11.4,-1431705.0,-3289245.0,3577,12.04859099995424,51.02826148426287,35.84321165277567
2018-03-10,707,2018-03-10,10.8636363636364,50.8181818181818,36.9090909090909,11.7272727272727,-1431703.63636364,-3289193.18181818,3577,11.342010789658957,51.19387831419153,36.358544635769704
2018-03-18,708,2018-03-18,12.0454545454545,51.0909090909091,35.7727272727273,11.6363636363636,-1431703.63636364,-3289193.18181818,3577,11.708825792837542,50.91880691781422,36.281609749659495
2018-03-26,709,2018-03-26,10.8181818181818,50.2272727272727,37.7272727272727,11.8181818181818,-1431703.63636364,-3289193.18181818,3577,11.198651194005544,51.45941772833769,36.16668470847499
2018-04-03,710,2018-04-03,11.9090909090909,52.8636363636364,34.3636363636364,11.7727272727273,-1431703.63636364,-3289193.18181818,3577,11.019949653497116,51.02382503507548,36.77340334868636
2018-04-11,711,2018-04-11,11.6818181818182,49.0454545454545,38.0,11.8181818181818,-1431703.63636364,-3289193.18181818,3577,12.013293503567533,50.49350524228742,36.380552138539954
2018-04-19,712,2018-04-19,10.8181818181818,51.5454545454545,36.4545454545455,11.9545454545455,-1431703.63636364,-3289193.18181818,3577,12.162594793327575,50.690950619876304,36.04173957199032
2018-05-05,713,2018-05-05,13.3636363636364,50.5454545454545,35.0,11.8181818181818,-1431703.63636364,-3289193.18181818,3577,11.947416149848948,51.2928270013051,35.700659247867534
2018-05-13,714,2018-05-13,10.8636363636364,51.9090909090909,36.1363636363636,12.1818181818182,-1431703.63636364,-3289193.18181818,3577,11.528594470543236,51.640165702570016,35.741626302203564
2018-05-21,715,2018-05-21,13.2727272727273,52.9090909090909,33.0909090909091,12.2727272727273,-1431703.63636364,-3289193.18181818,3577,11.697640032355432,52.60630777890054,34.70065826376875
2018-05-29,716,2018-05-29,13.7272727272727,51.8636363636364,33.3181818181818,12.9545454545455,-1431703.63636364,-3289193.18181818,3577,12.09493996012251,53.348125980400596,33.59810186997976
2018-06-14,717,2018-06-14,7.31818181818182,56.3636363636364,35.1818181818182,15.0,-1431703.63636364,-3289193.18181818,3577,12.918513164289449,54.38080150920602,31.836784732290813
2018-06-22,718,2018-06-22,14.75,52.75,31.75,13.75,-1431693.75,-3289151.25,3577,13.734759259876817,54.14841245159887,31.212619002158384
2018-07-08,719,2018-07-08,17.0454545454545,55.3636363636364,26.7727272727273,13.6818181818182,-1431703.63636364,-3289193.18181818,3577,15.013676514870438,54.18774196531621,29.85336581515422
2018-08-25,720,2018-08-25,17.3636363636364,53.8181818181818,27.9090909090909,12.7727272727273,-1431703.63636364,-3289193.18181818,3577,16.595513689797734,53.498295540646126,28.902124472764694
2018-09-02,721,2018-09-02,15.9545454545455,51.5909090909091,31.1818181818182,12.9090909090909,-1431703.63636364,-3289193.18181818,3577,17.03470041076036,52.60707793472277,29.273359162645548
2018-09-10,722,2018-09-10,16.2272727272727,52.4545454545455,30.2727272727273,12.5909090909091,-1431703.63636364,-3289193.18181818,3577,16.864549115390975,52.02543045189327,30.011591209236617
2018-09-18,723,2018-09-18,16.3636363636364,50.2272727272727,32.0,12.5,-1431703.63636364,-3289193.18181818,3577,15.542651339651572,51.39311146212996,31.813008902154166
2018-09-26,724,2018-09-26,15.3636363636364,52.5909090909091,30.9545454545455,12.0909090909091,-1431703.63636364,-3289193.18181818,3577,13.44871356127489,51.47790966772395,33.80463643448644
2018-10-20,725,2018-10-20,10.8181818181818,49.9090909090909,38.0454545454545,11.7272727272727,-1431703.63636364,-3289193.18181818,3577,12.26150165623667,50.997329014912154,35.54110335203246
2018-10-28,726,2018-10-28,9.6,51.6,37.6,11.8,-1431681.0,-3289143.0,3577,11.490045568699205,50.640816272799285,36.70817515582657
2018-11-13,727,2018-11-13,11.4090909090909,51.4090909090909,36.0454545454545,11.6818181818182,-1431703.63636364,-3289193.18181818,3577,11.268677336593607,50.147174437572936,37.4642154566458
2018-11-21,728,2018-11-21,11.8181818181818,48.5,38.4090909090909,11.6818181818182,-1431703.63636364,-3289193.18181818,3577,10.969947217852274,49.56305858157425,38.32004889987006
2018-11-29,729,2018-11-29,12.0,49.2857142857143,38.0,11.5714285714286,-1431700.71428571,-3289146.42857143,3577,11.221027143414998,49.380514995832705,38.23175037739622
2018-12-07,730,2018-12-07,10.9545454545455,48.1818181818182,39.4090909090909,11.4090909090909,-1431703.63636364,-3289193.18181818,3577,11.631073489554034,49.309727652722685,37.87709563866471
2018-12-15,731,2018-12-15,12.8125,49.8125,36.125,11.0,-1431708.75,-3289211.25,3577,11.4471870762207,49.915007884733754,37.46338251531193
2018-12-31,732,2018-12-31,10.1818181818182,51.7272727272727,36.9545454545455,11.4545454545455,-1431703.63636364,-3289193.18181818,3577,10.98318310242929,50.15413570737547,37.707251972620696
2019-01-08,733,2019-01-08,9.45454545454546,50.3636363636364,38.9545454545455,11.3181818181818,-1431703.63636364,-3289193.18181818,3577,10.786117414809878,50.66140832147675,37.41571586307872
2019-01-16,734,2019-01-16,11.7727272727273,51.4090909090909,35.8636363636364,11.0909090909091,-1431703.63636364,-3289193.18181818,3577,10.884166266464826,51.17717862983423,36.84650049499626
2019-02-01,735,2019-02-01,10.2272727272727,51.0,37.8181818181818,11.2727272727273,-1431703.63636364,-3289193.18181818,3577,10.841673858788072,51.118478112788665,36.94951203454029
2019-02-09,736,2019-02-09,10.8636363636364,50.5909090909091,37.3181818181818,11.3636363636364,-1431703.63636364,-3289193.18181818,3577,10.41285127411134,51.156313272281565,37.39283974538834
2019-02-17,737,2019-02-17,12.4545454545455,50.3636363636364,36.2272727272727,10.9545454545455,-1431703.63636364,-3289193.18181818,3577,10.219265606331358,51.11705118691409,37.56887117947631
2019-02-25,738,2019-02-25,9.68181818181818,51.9090909090909,37.1818181818182,11.2272727272727,-1431703.63636364,-3289193.18181818,3577,10.693907714153102,51.11748062308445,37.12724177735583
2019-03-13,739,2019-03-13,9.81818181818182,51.6363636363636,37.5,11.0,-1431703.63636364,-3289193.18181818,3577,11.48477106906432,50.58005940020382,36.850463871426555
2019-03-29,740,2019-03-29,11.1363636363636,49.8636363636364,37.8636363636364,11.1363636363636,-1431703.63636364,-3289193.18181818,3577,12.483286176248004,50.636623888347266,35.81978457792727
2019-04-06,741,2019-04-06,13.5909090909091,50.9090909090909,34.6363636363636,11.5,-1431703.63636364,-3289193.18181818,3577,13.531735925204199,50.27482326285404,35.148756253592
2019-04-22,742,2019-04-22,16.7727272727273,49.7727272727273,32.4090909090909,11.6363636363636,-1431703.63636364,-3289193.18181818,3577,13.817148233132642,50.36822015585688,34.76991326526411
2019-04-30,743,2019-04-30,15.1363636363636,49.4090909090909,34.3636363636364,11.9090909090909,-1431703.63636364,-3289193.18181818,3577,13.768386131176063,50.76013657043015,34.3899303623429
2019-05-08,744,2019-05-08,13.6363636363636,51.8636363636364,33.2727272727273,12.0,-1431703.63636364,-3289193.18181818,3577,14.041810145945385,51.608638476629665,33.294090935797186
2019-05-24,745,2019-05-24,11.4,54.6,33.1333333333333,11.6666666666667,-1431705.0,-3289215.0,3577,13.74379586076537,52.16473565836706,33.03643362922352
2019-06-01,746,2019-06-01,13.3181818181818,50.0,35.4090909090909,12.2727272727273,-1431703.63636364,-3289193.18181818,3577,14.468539256969395,52.91349598894545,31.600664519826708
2019-06-09,747,2019-06-09,15.5714285714286,56.2857142857143,27.2857142857143,15.5714285714286,-1431700.71428571,-3289146.42857143,3577,15.668631959088376,53.17504055189724,30.10043404385765
2019-06-17,748,2019-06-17,19.0454545454545,52.1818181818182,27.7727272727273,14.0909090909091,-1431703.63636364,-3289193.18181818,3577,17.755571194915568,53.64309276424996,27.587051938581737
2019-06-25,749,2019-06-25,21.4545454545455,52.5909090909091,25.0,15.4545454545455,-1431703.63636364,-3289193.18181818,3577,19.91203013141923,53.3904086344198,25.646872688242347
2019-07-03,750,2019-07-03,20.3181818181818,52.2272727272727,26.2727272727273,14.0454545454545,-1431703.63636364,-3289193.18181818,3577,21.37973535048927,53.02749223756031,24.52143727367116
2019-07-11,751,2019-07-11,23.2,55.4,20.2,14.9,-1431693.0,-3289158.0,3577,22.34842703032632,52.991488781404875,23.567786430659357
2019-07-19,752,2019-07-19,19.9545454545455,51.3636363636364,27.5454545454545,13.4545454545455,-1431703.63636364,-3289193.18181818,3577,22.014517146233544,52.41694190975706,24.513950445835324
2019-08-12,753,2019-08-12,22.0909090909091,52.5,24.5909090909091,12.8636363636364,-1431703.63636364,-3289193.18181818,3577,21.28206776336209,51.51818620444365,26.118999759032434
2019-08-20,754,2019-08-20,19.6818181818182,49.9545454545455,29.0909090909091,12.4545454545455,-1431703.63636364,-3289193.18181818,3577,19.869836889817044,51.32832183295815,27.689592750804472
2019-08-28,755,2019-08-28,19.7272727272727,51.5909090909091,27.7272727272727,12.0909090909091,-1431703.63636364,-3289193.18181818,3577,18.190553535963147,50.83195920318721,29.81991727663952
2019-09-05,756,2019-09-05,16.4090909090909,50.1818181818182,32.1818181818182,12.3181818181818,-1431703.63636364,-3289193.18181818,3577,16.37596092339726,50.81542378251443,31.636810122043215
2019-09-21,757,2019-09-21,12.5909090909091,50.0,36.1363636363636,11.7727272727273,-1431703.63636364,-3289193.18181818,3577,14.230823848257678,50.98630823158628,33.55569688309126
2019-09-29,758,2019-09-29,13.2,53.2,32.2,11.2,-1431705.0,-3289245.0,3577,12.824510755215266,51.491466090895486,34.49519287354404
2019-10-07,759,2019-10-07,10.6363636363636,51.2272727272727,36.9545454545455,11.4090909090909,-1431703.63636364,-3289193.18181818,3577,11.177932467193386,51.53147542015334,36.12228856141912
2019-10-15,760,2019-10-15,11.25,52.5,35.4166666666667,11.1666666666667,-1431702.5,-3289162.5,3577,10.543582297239599,51.846634086423705,36.48666234318661
2019-10-23,761,2019-10-23,10.5,50.2727272727273,38.0909090909091,11.1363636363636,-1431703.63636364,-3289193.18181818,3577,10.139981676076419,51.25609304851434,37.46075364263662
2019-11-08,762,2019-11-08,9.68181818181818,50.9545454545455,38.1818181818182,11.1363636363636,-1431703.63636364,-3289193.18181818,3577,10.324436750976158,50.85914493611456,37.710278322853625
2019-11-16,763,2019-11-16,10.2727272727273,51.2727272727273,37.3636363636364,10.9090909090909,-1431703.63636364,-3289193.18181818,3577,9.850593805292583,50.72103668916874,38.26764148225723
2019-11-24,764,2019-11-24,8.81818181818182,51.1818181818182,38.5,10.9090909090909,-1431703.63636364,-3289193.18181818,3577,9.421718374503342,51.20656334939275,38.18456923036989
2019-12-02,765,2019-12-02,10.5454545454545,50.4090909090909,38.0,11.0454545454545,-1431703.63636364,-3289193.18181818,3577,9.427405482216905,51.612121343326706,37.71638810105738
2019-12-10,766,2019-12-10,8.90909090909091,51.0909090909091,38.8181818181818,11.0454545454545,-1431703.63636364,-3289193.18181818,3577,9.273308875193212,52.09671921098107,37.39585904291228
2019-12-18,767,2019-12-18,8.63636363636364,54.7727272727273,35.4090909090909,11.2727272727273,-1431703.63636364,-3289193.18181818,3577,9.130824635537595,52.40828001156518,37.275175218808826
2019-12-26,768,2019-12-26,8.31818181818182,53.2272727272727,37.1818181818182,11.0,-1431703.63636364,-3289193.18181818,3577,8.869130587958422,52.25151206799737,37.68396646977566
2020-01-03,769,2020-01-03,11.0909090909091,50.3636363636364,37.4545454545455,10.7272727272727,-1431703.63636364,-3289193.18181818,3577,9.540631476599655,51.61306312600222,37.65682994179478
2020-01-11,770,2020-01-11,9.04545454545454,49.7727272727273,39.8636363636364,10.9090909090909,-1431703.63636364,-3289193.18181818,3577,10.109485926399703,50.8101771574817,37.926337242824715
2020-01-19,771,2020-01-19,8.95454545454546,52.5454545454545,37.4545454545455,11.0,-1431703.63636364,-3289193.18181818,3577,9.634925867826198,50.424859126230714,38.75532938774694
2020-01-27,772,2020-01-27,9.68181818181818,48.4090909090909,40.7272727272727,10.9545454545455,-1431703.63636364,-3289193.18181818,3577,9.345660812588761,50.47261843137814,39.06119323962818
2020-02-04,773,2020-02-04,11.2272727272727,50.6818181818182,36.9545454545455,10.7727272727273,-1431703.63636364,-3289193.18181818,3577,8.834072063595082,50.83750558475383,39.21371479631519
2020-02-12,774,2020-02-12,9.54545454545454,50.6818181818182,38.7272727272727,11.2272727272727,-1431703.63636364,-3289193.18181818,3577,8.747509737657602,51.533577455466755,38.60079239645226
2020-02-20,775,2020-02-20,4.04545454545455,53.9545454545455,40.8636363636364,14.9545454545455,-1431703.63636364,-3289193.18181818,3577,8.47873559033016,51.82922242406409,38.539193708059315
2020-02-28,776,2020-02-28,8.45454545454546,52.6363636363636,37.6363636363636,10.3636363636364,-1431703.63636364,-3289193.18181818,3577,9.298884622271919,51.43326431518739,38.108755724989834
2020-03-23,777,2020-03-23,12.8636363636364,49.5454545454545,36.5,10.9545454545455,-1431703.63636364,-3289193.18181818,3577,9.714321001260164,50.36729327525083,38.6898149697135
2020-03-31,778,2020-03-31,10.7272727272727,48.6363636363636,39.2727272727273,10.5909090909091,-1431703.63636364,-3289193.18181818,3577,10.318349114998286,49.82215560965166,38.61919209413708
2020-04-08,779,2020-04-08,10.9090909090909,49.5909090909091,38.2727272727273,10.5909090909091,-1431703.63636364,-3289193.18181818,3577,10.774404177301516,48.85745720645072,39.07475215467876
2020-05-02,780,2020-05-02,10.5454545454545,49.1363636363636,39.0454545454545,10.8636363636364,-1431703.63636364,-3289193.18181818,3577,11.869321503150282,49.18918613049595,37.6618990353806
2020-05-10,781,2020-05-10,13.5909090909091,48.5,36.6818181818182,12.0,-1431703.63636364,-3289193.18181818,3577,12.26506704665822,50.228862047036344,36.24911086661179
2020-05-18,782,2020-05-18,9.72727272727273,51.6363636363636,37.3181818181818,10.9545454545455,-1431703.63636364,-3289193.18181818,3577,12.276306498420176,51.96674040847201,34.5954181743107
2020-05-26,783,2020-05-26,13.5454545454545,55.4090909090909,30.0,13.7272727272727,-1431703.63636364,-3289193.18181818,3577,12.981422759288726,53.08941522872617,32.82264314384152
2020-06-19,784,2020-06-19,14.2727272727273,53.0,31.5909090909091,13.3181818181818,-1431703.63636364,-3289193.18181818,3577,13.432613738968406,53.08302252208014,32.380155043044844
2020-06-27,785,2020-06-27,15.7272727272727,54.6363636363636,28.7272727272727,12.2272727272727,-1431703.63636364,-3289193.18181818,3577,13.34130003867887,53.187592874328494,32.35566342565742
2020-07-05,786,2020-07-05,11.2272727272727,51.8181818181818,35.8181818181818,11.8181818181818,-1431703.63636364,-3289193.18181818,3577,13.391044497130963,53.11924188954072,32.386415799390875
2020-07-13,787,2020-07-13,13.0909090909091,51.2272727272727,34.6363636363636,11.6818181818182,-1431703.63636364,-3289193.18181818,3577,13.19715984996577,52.88089549065397,32.83541726893995
2020-07-21,788,2020-07-21,11.5,51.3181818181818,35.6818181818182,11.8636363636364,-1431703.63636364,-3289193.18181818,3577,13.061846710265316,52.00650292571834,33.83571925223875
2020-07-29,789,2020-07-29,12.4705882352941,53.0,33.5294117647059,11.5882352941176,-1431710.29411765,-3289207.94117647,3577,11.738705386596884,52.70311113034783,34.45145323046167
2020-08-14,790,2020-08-14,13.3636363636364,54.8636363636364,31.0,13.9545454545455,-1431703.63636364,-3289193.18181818,3577,11.503059592514177,51.142072394246,36.27685307853967
2020-08-30,791,2020-08-30,10.45,50.6,37.8,11.25,-1431705.0,-3289200.0,3577,10.2585125136268,50.70535113633147,37.93936403049922
2020-09-15,792,2020-09-15,8.0,50.8181818181818,40.0454545454545,10.9545454545455,-1431703.63636364,-3289193.18181818,3577,9.443984886323008,52.244378334857444,37.24831509720275
2020-09-23,793,2020-09-23,7.27272727272727,49.9090909090909,41.5454545454545,10.9090909090909,-1431703.63636364,-3289193.18181818,3577,7.355687565029028,52.89408635270496,38.61120341058009
2020-10-01,794,2020-10-01,5.8,53.0,40.0666666666667,10.9333333333333,-1431697.0,-3289173.0,3577,6.005677967170259,53.208047370578115,39.57812005767076
2020-10-09,795,2020-10-09,6.81818181818182,49.1818181818182,42.6818181818182,10.8181818181818,-1431703.63636364,-3289193.18181818,3577,4.6746786309162385,52.61653896342104,41.275218104295895
2020-10-17,796,2020-10-17,1.8,65.6,31.2,7.2,-1431705.0,-3289161.0,3577,4.616085843759361,51.80531393739174,42.14886458717058
2020-10-25,797,2020-10-25,6.81818181818182,48.0454545454545,43.7727272727273,10.5454545454545,-1431703.63636364,-3289193.18181818,3577,4.635988694670806,50.9002802713675,43.06527265772331
2020-11-10,798,2020-11-10,2.0,42.0,54.3333333333333,18.3333333333333,-1431675.0,-3289245.0,3577,5.048646470331614,49.56899812823641,44.04949787991629
2020-11-18,799,2020-11-18,7.86363636363636,47.8181818181818,43.0909090909091,10.3636363636364,-1431703.63636364,-3289193.18181818,3577,5.118315065176106,48.320344867621614,45.3081896712845
2020-11-26,800,2020-11-26,5.5,47.5454545454545,45.7272727272727,10.4545454545455,-1431703.63636364,-3289193.18181818,3577,5.773729085436637,47.309297373039236,45.76348199131078
2020-12-04,801,2020-12-04,7.0,51.0,41.5,11.0,-1431690.0,-3289125.0,3577,6.33177694807209,47.34903784646955,45.224341949440735
2020-12-12,802,2020-12-12,4.54545454545455,49.6818181818182,44.3636363636364,10.7272727272727,-1431703.63636364,-3289193.18181818,3577,6.986357436539339,47.827701991218625,44.07150659640855
2020-12-20,803,2020-12-20,8.31818181818182,48.0909090909091,42.5,10.4545454545455,-1431703.63636364,-3289193.18181818,3577,6.613508922824009,50.503997409844075,41.7469133737014
2020-12-28,804,2020-12-28,5.54545454545455,47.2727272727273,45.7727272727273,10.5909090909091,-1431703.63636364,-3289193.18181818,3577,6.868166171007816,49.05861194813458,42.831813228513845
2021-01-05,805,2021-01-05,9.13636363636364,49.5454545454545,40.1363636363636,10.6363636363636,-1431703.63636364,-3289193.18181818,3577,6.593217130930755,48.21621703185858,43.958249930942486
2021-01-13,806,2021-01-13,5.40909090909091,49.6363636363636,43.5909090909091,10.2727272727273,-1431703.63636364,-3289193.18181818,3577,6.964953284822777,48.86188663573241,42.98839944181266
2021-01-21,807,2021-01-21,6.5,49.0,43.5,10.25,-1431720.0,-3289245.0,3577,6.393429958725941,49.40806941439469,43.04931418144959
2021-01-29,808,2021-01-29,6.09090909090909,49.1818181818182,43.7272727272727,10.3181818181818,-1431703.63636364,-3289193.18181818,3577,6.902145466878466,49.961421025725386,42.070202993360226
2021-02-22,809,2021-02-22,8.81818181818182,47.7272727272727,42.3181818181818,10.4545454545455,-1431703.63636364,-3289193.18181818,3577,7.571856935632894,50.349428927383656,40.92638841596856
2021-03-02,810,2021-03-02,7.59090909090909,54.5454545454545,37.0,12.4545454545455,-1431703.63636364,-3289193.18181818,3577,8.42150925348097,48.86657980352717,41.52108136726147
2021-03-10,811,2021-03-10,8.16666666666667,48.3333333333333,41.6666666666667,7.83333333333333,-1431690.0,-3289145.0,3577,9.039588659767425,48.36461029353635,41.344332607062135
2021-03-18,812,2021-03-18,11.2272727272727,46.3181818181818,41.2272727272727,10.6818181818182,-1431703.63636364,-3289193.18181818,3577,9.494644533624243,50.492358471804906,38.753199797663456
2021-03-26,813,2021-03-26,13.7272727272727,47.3636363636364,37.6363636363636,10.5909090909091,-1431703.63636364,-3289193.18181818,3577,11.740324831372881,46.30860063099732,40.50193769078612
2021-04-03,814,2021-04-03,9.09090909090909,48.8636363636364,40.7272727272727,10.7272727272727,-1431703.63636364,-3289193.18181818,3577,13.07951453743545,46.69383074941063,38.79474583020301
2021-04-19,815,2021-04-19,11.8181818181818,48.2727272727273,38.6818181818182,11.0,-1431703.63636364,-3289193.18181818,3577,13.304448389585714,49.52372892141364,35.83948198343946
2021-05-05,816,2021-05-05,16.6818181818182,58.0,24.0,12.0454545454545,-1431703.63636364,-3289193.18181818,3577,13.043952712076294,54.186938448540275,31.629159343325732
2021-05-21,817,2021-05-21,17.1818181818182,48.6818181818182,32.6818181818182,11.5909090909091,-1431703.63636364,-3289193.18181818,3577,15.29267889442163,57.850436972719365,25.76431060261241
2021-06-06,818,2021-06-06,19.5,50.5,28.9090909090909,13.4545454545455,-1431703.63636364,-3289193.18181818,3577,17.111211707888028,61.00626264156172,20.83984683811984
2021-06-14,819,2021-06-14,7.0,93.0,0.0,7.0,-1431765.0,-3289245.0,3577,18.261677317894687,62.19289519935931,18.676261467209997
2021-06-22,820,2021-06-22,23.3636363636364,52.4090909090909,23.0909090909091,13.7272727272727,-1431703.63636364,-3289193.18181818,3577,20.932326140879162,63.46787523855251,14.809852650865086
2021-06-30,821,2021-06-30,28.7333333333333,54.6666666666667,15.4666666666667,15.4,-1431705.0,-3289215.0,3577,22.67670831372996,61.191217146668194,15.29836588732365
2021-07-16,822,2021-07-16,29.5454545454545,52.3636363636364,16.8636363636364,14.8636363636364,-1431703.63636364,-3289193.18181818,3577,25.085674668699333,56.012865617346414,17.903783909586206
2021-08-01,823,2021-08-01,15.5833333333333,60.3333333333333,23.75,11.4166666666667,-1431702.5,-3289222.5,3577,27.209843711964602,51.66820343554724,19.956187620426146
2021-08-25,824,2021-08-25,30.4545454545455,44.5454545454545,23.3636363636364,12.5,-1431703.63636364,-3289193.18181818,3577,28.53083050732497,44.32622075831376,25.78993924500859
2021-09-02,825,2021-09-02,33.25,46.25,18.875,15.3125,-1431699.375,-3289175.625,3577,27.70326907822976,42.65544580664967,28.252673058713036
2021-09-10,826,2021-09-10,21.0,34.0,43.5,8.5,-1431660.0,-3289140.0,3577,24.087933241349308,46.76980466291616,27.839943739060043
2021-09-18,827,2021-09-18,24.4545454545455,49.2727272727273,25.0909090909091,12.0,-1431703.63636364,-3289193.18181818,3577,22.101700883783167,46.770536012437276,29.79645176569864
2021-10-04,828,2021-10-04,18.7,53.1,27.2,11.4,-1431705.0,-3289230.0,3577,19.231132560091144,50.23392041394389,29.265586109636054
2021-10-12,829,2021-10-12,15.4545454545455,50.9545454545455,32.2272727272727,10.8636363636364,-1431703.63636364,-3289193.18181818,3577,15.893888712842164,53.83365398555984,29.083638321988893
2021-10-20,830,2021-10-20,9.5,67.5,22.0,14.0,-1431765.0,-3289170.0,3577,12.13782403917321,57.24471046824542,29.533102381711828
2021-11-03,831,2021-11-03,12.4090909090909,51.5909090909091,34.7727272727273,11.2272727272727,-1431703.63636364,-3289193.18181818,3577,11.739018932093465,57.061182414537264,30.02669368345814
2021-11-05,832,2021-11-05,12.5,55.9545454545455,30.3636363636364,8.81818181818182,-1431703.63636364,-3289193.18181818,3577,12.022580641984991,55.49715939843173,31.24950672040693
2021-11-08,833,2021-11-08,11.9545454545455,50.8181818181818,35.8636363636364,11.0,-1431703.63636364,-3289193.18181818,3577,11.128785287325712,52.696444450559845,34.891151966519686
2021-11-13,834,2021-11-13,12.7727272727273,51.0,34.9090909090909,11.0454545454545,-1431703.63636364,-3289193.18181818,3577,11.872717628556,51.94809763835161,34.89562745163125
2021-11-29,835,2021-11-29,11.4090909090909,51.6363636363636,35.7272727272727,11.0,-1431703.63636364,-3289193.18181818,3577,11.969218369582483,51.37746787408275,35.4117391193049
2021-12-15,836,2021-12-15,11.0,52.2272727272727,35.6363636363636,10.9090909090909,-1431703.63636364,-3289193.18181818,3577,11.772810921134539,51.357688469698786,35.60644998119838
2021-12-23,837,2021-12-23,11.4545454545455,53.2272727272727,33.9545454545455,10.8181818181818,-1431703.63636364,-3289193.18181818,3577,11.011174443342817,53.5012783445014,34.262793778127815
2021-12-31,838,2021-12-31,9.72727272727273,55.7272727272727,33.3636363636364,10.7727272727273,-1431703.63636364,-3289193.18181818,3577,11.11139704652065,53.23504612470886,34.42784980287985
2022-01-08,839,2022-01-08,13.6818181818182,50.9545454545455,34.2272727272727,10.5454545454545,-1431703.63636364,-3289193.18181818,3577,11.617788769067651,53.790715617051504,33.373501955399604
2022-01-16,840,2022-01-16,10.3636363636364,53.9090909090909,34.4545454545455,10.7272727272727,-1431703.63636364,-3289193.18181818,3577,11.477589115076851,53.111935348628776,34.167716044153394
2022-01-24,841,2022-01-24,11.2272727272727,52.6363636363636,34.7272727272727,10.5909090909091,-1431703.63636364,-3289193.18181818,3577,11.269807451201768,52.501482052979966,34.98877241530814
2022-02-01,842,2022-02-01,12.0,52.5909090909091,34.2727272727273,10.8636363636364,-1431703.63636364,-3289193.18181818,3577,11.064981036411966,51.94637841752179,35.71185780163573
2022-02-17,843,2022-02-17,12.6363636363636,50.5454545454545,35.5454545454545,10.8636363636364,-1431703.63636364,-3289193.18181818,3577,11.398436069979542,51.43640654306928,35.86690554027477
2022-03-05,844,2022-03-05,11.1818181818182,50.8636363636364,36.6363636363636,10.7727272727273,-1431703.63636364,-3289193.18181818,3577,12.372360728677494,51.21958429036189,35.07758668762928
2022-03-21,845,2022-03-21,10.8636363636364,51.0909090909091,36.6818181818182,10.8181818181818,-1431703.63636364,-3289193.18181818,3577,14.539584285993609,50.97166144984128,33.143794129998014
2022-04-06,846,2022-04-06,17.7727272727273,51.5909090909091,29.2727272727273,12.0,-1431703.63636364,-3289193.18181818,3577,16.659779942355577,50.66503503063399,31.351262959758138
2022-04-14,847,2022-04-14,18.9545454545455,50.8181818181818,28.8181818181818,12.0454545454545,-1431703.63636364,-3289193.18181818,3577,17.85554772649921,50.78733195689935,30.05931623493799
2022-04-22,848,2022-04-22,19.4090909090909,50.6363636363636,28.8636363636364,11.8181818181818,-1431703.63636364,-3289193.18181818,3577,17.48943165224921,50.964205916351375,30.27236862333512
2022-04-30,849,2022-04-30,18.3181818181818,51.5454545454545,28.8636363636364,12.0,-1431703.63636364,-3289193.18181818,3577,16.59814648246712,51.99216788464531,30.22692370018123
2022-05-08,850,2022-05-08,15.4545454545455,52.1363636363636,31.2272727272727,12.0454545454545,-1431703.63636364,-3289193.18181818,3577,15.089792138621853,52.71716406306103,31.01583611996883
2022-05-24,851,2022-05-24,9.11111111111111,54.4444444444444,35.4444444444444,11.1111111111111,-1431705.0,-3289185.0,3577,13.802532567658567,53.65583261219946,31.39353974042499
2022-06-01,852,2022-06-01,13.2272727272727,53.3636363636364,32.1818181818182,12.3181818181818,-1431703.63636364,-3289193.18181818,3577,13.47631569106178,54.531913344176495,30.878493305170366
2022-06-09,853,2022-06-09,12.9090909090909,57.0,28.9090909090909,12.0454545454545,-1431703.63636364,-3289193.18181818,3577,14.499324252066245,54.71415501656731,29.671202050595305
2022-06-25,854,2022-06-25,20.5909090909091,55.2272727272727,23.0909090909091,13.9545454545455,-1431703.63636364,-3289193.18181818,3577,16.380384633970696,54.7040505074479,27.76162619942108
2022-07-03,855,2022-07-03,18.5,52.0454545454545,28.2272727272727,12.9545454545455,-1431703.63636364,-3289193.18181818,3577,18.541533567283658,54.498944717906454,25.830590977645933
2022-07-11,856,2022-07-11,20.8181818181818,54.5909090909091,23.6818181818182,14.1363636363636,-1431703.63636364,-3289193.18181818,3577,20.10128411788677,53.71502528805412,25.01648529723022
2022-07-19,857,2022-07-19,19.0454545454545,53.0909090909091,26.5454545454545,13.5454545454545,-1431703.63636364,-3289193.18181818,3577,20.527318476935424,53.378341316554554,24.89834804779549
2022-07-27,858,2022-07-27,20.0454545454545,53.0909090909091,25.5,13.9545454545455,-1431703.63636364,-3289193.18181818,3577,20.5333632499377,53.52024717940045,24.73281845276971
2022-08-04,859,2022-08-04,22.2272727272727,55.0909090909091,21.5,14.0,-1431703.63636364,-3289193.18181818,3577,21.269443334596343,53.62617033964389,23.833634139569213
2022-08-12,860,2022-08-12,20.0,52.1363636363636,26.6818181818182,13.5454545454545,-1431703.63636364,-3289193.18181818,3577,21.65998988345976,53.64384869281338,23.38085612670121
2022-08-20,861,2022-08-20,21.7727272727273,53.0,23.7272727272727,14.1818181818182,-1431703.63636364,-3289193.18181818,3577,22.12181471778664,53.87385918330792,22.669393932829887
2022-09-05,862,2022-09-05,23.4090909090909,55.4090909090909,19.9090909090909,13.6818181818182,-1431703.63636364,-3289193.18181818,3577,22.201261024364932,51.453441295538866,24.985623298735234
2022-09-13,863,2022-09-13,23.0,50.9545454545455,24.7272727272727,10.8181818181818,-1431703.63636364,-3289193.18181818,3577,21.02639353328597,51.287672783161895,26.37776211966642
2022-10-07,864,2022-10-07,17.6363636363636,50.5454545454545,30.4545454545455,12.0909090909091,-1431703.63636364,-3289193.18181818,3577,18.646623851799774,52.16607456713629,27.881867780400047
2022-10-15,865,2022-10-15,15.3181818181818,51.3636363636364,32.0454545454545,11.8636363636364,-1431703.63636364,-3289193.18181818,3577,16.121519488108675,53.42170312096338,29.192648190532932
2022-10-23,866,2022-10-23,14.1363636363636,54.2727272727273,30.4090909090909,11.2272727272727,-1431703.63636364,-3289193.18181818,3577,13.760010746358239,55.120857189523335,29.901890257219314
2022-10-31,867,2022-10-31,12.6818181818182,53.1818181818182,32.9545454545455,11.7727272727273,-1431703.63636364,-3289193.18181818,3577,11.583443716428185,55.96415222828685,31.257803412456774
2022-11-08,868,2022-11-08,6.54545454545455,69.0454545454545,23.3181818181818,13.7727272727273,-1431703.63636364,-3289193.18181818,3577,10.581930172274767,56.792163226576356,31.415248416088083
2022-11-16,869,2022-11-16,12.7272727272727,52.6818181818182,33.3181818181818,11.6818181818182,-1431703.63636364,-3289193.18181818,3577,10.205920311041211,57.830008859693436,30.794259779056755
2022-11-24,870,2022-11-24,11.5909090909091,52.2727272727273,34.9545454545455,11.7272727272727,-1431703.63636364,-3289193.18181818,3577,10.993081034734324,55.47281293150152,32.41055378386022
2022-12-02,871,2022-12-02,11.1363636363636,54.5454545454545,33.1363636363636,11.7272727272727,-1431703.63636364,-3289193.18181818,3577,11.731169337275084,53.05563322125997,34.11266400359614
2022-12-10,872,2022-12-10,11.3181818181818,52.8636363636364,34.8181818181818,11.5909090909091,-1431703.63636364,-3289193.18181818,3577,11.609331985209769,52.454402408728946,34.850788635789044
2022-12-18,873,2022-12-18,11.4090909090909,54.4090909090909,33.1818181818182,11.5,-1431703.63636364,-3289193.18181818,3577,11.274738021147801,53.58861677303039,34.05257254472195
2022-12-26,874,2022-12-26,11.5909090909091,52.3636363636364,35.0454545454545,11.6818181818182,-1431703.63636364,-3289193.18181818,3577,11.051703874911654,54.45146252364492,33.41045221414427
2023-01-11,875,2023-01-11,12.1363636363636,52.0909090909091,34.5909090909091,11.5909090909091,-1431703.63636364,-3289193.18181818,3577,10.65643799167284,55.85493297150439,32.389045426541415
2023-01-19,876,2023-01-19,6.19047619047619,67.7142857142857,24.8095238095238,8.42857142857143,-1431706.42857143,-3289190.71428571,3577,10.222836025663666,57.35255009812217,31.30431238179721
2023-01-27,877,2023-01-27,8.0,60.75,30.125,11.1875,-1431718.125,-3289188.75,3577,9.965383249770746,58.281154100702864,30.610645210932688
2023-02-04,878,2023-02-04,14.0909090909091,51.9545454545455,32.8636363636364,10.3181818181818,-1431703.63636364,-3289193.18181818,3577,10.179154555536753,57.76090339215051,30.90086797611121
2023-02-12,879,2023-02-12,12.2272727272727,50.0909090909091,36.5909090909091,11.4545454545455,-1431703.63636364,-3289193.18181818,3577,11.239814453160392,54.69527460106828,32.90623667063842
2023-02-20,880,2023-02-20,12.2272727272727,51.5454545454545,35.0454545454545,11.1818181818182,-1431703.63636364,-3289193.18181818,3577,13.603617071496407,47.77106257175882,37.49643921896233
