time,Unnamed: 0,time_ymd,pv,npv,bs,ue,x,y,spatial_ref,pv_filter,npv_filter,bs_filter
1987-09-05,1,1987-09-05,13.9444444444444,34.0555555555556,50.7777777777778,6.83333333333333,1234253.33333333,-2594728.33333333,3577,14.211892749302427,31.9777309559301,52.67436838283078
1987-09-12,2,1987-09-12,15.1666666666667,28.5555555555556,55.2222222222222,7.72222222222222,1234253.33333333,-2594728.33333333,3577,14.054393199775031,32.75924560857485,51.972124619828406
1987-09-21,3,1987-09-21,13.5,30.0555555555556,55.1666666666667,7.38888888888889,1234253.33333333,-2594728.33333333,3577,13.912196015008194,32.14474445498703,52.69892591164514
1987-10-23,4,1987-10-23,12.3333333333333,33.1111111111111,53.3333333333333,7.27777777777778,1234253.33333333,-2594728.33333333,3577,13.767487576827106,31.09014880506112,53.904684200865766
1987-10-30,5,1987-10-30,14.1666666666667,34.3333333333333,50.2222222222222,8.16666666666667,1234253.33333333,-2594728.33333333,3577,13.610949796295515,30.299112473544877,54.883936172377815
1987-11-08,6,1987-11-08,12.2222222222222,42.6666666666667,44.0,6.77777777777778,1234253.33333333,-2594728.33333333,3577,13.441760113715736,30.223021780039293,55.17584325337161
1987-11-24,7,1987-11-24,15.8888888888889,22.3333333333333,60.6111111111111,7.05555555555556,1234253.33333333,-2594728.33333333,3577,13.267591498628644,31.060995548998594,54.56419161334023
1987-12-01,8,1987-12-01,13.0,18.5,67.3888888888889,7.0,1234253.33333333,-2594728.33333333,3577,13.104612449811718,32.75988510972541,53.077392164071526
1987-12-10,9,1987-12-10,14.3333333333333,33.3333333333333,51.1111111111111,7.16666666666667,1234253.33333333,-2594728.33333333,3577,12.950575052740295,36.04792266556434,50.02793955269988
1987-12-17,10,1987-12-17,10.3,37.2,52.0,8.5,1234263.0,-2594712.0,3577,12.67387040204187,37.99215517883681,48.34803380313495
1987-12-26,11,1987-12-26,12.6111111111111,52.1666666666667,34.1666666666667,7.55555555555556,1234253.33333333,-2594728.33333333,3577,12.57090071950565,38.546930365810056,47.9078003180099
1988-01-02,12,1988-01-02,12.8888888888889,49.2777777777778,36.6666666666667,8.55555555555556,1234253.33333333,-2594728.33333333,3577,13.275316874386109,36.30701152991632,49.33678292810686
1988-01-11,13,1988-01-11,13.8888888888889,26.6111111111111,58.2777777777778,6.77777777777778,1234253.33333333,-2594728.33333333,3577,14.241807212393333,33.76782350775656,50.84158926727828
1988-01-18,14,1988-01-18,16.2777777777778,11.6111111111111,71.0,6.55555555555556,1234253.33333333,-2594728.33333333,3577,15.130003295635728,26.400032715818256,57.26939675390833
1988-01-27,15,1988-01-27,14.2777777777778,20.0,64.3888888888889,6.66666666666667,1234253.33333333,-2594728.33333333,3577,14.614894555984423,20.863341877495813,63.309376100951226
1988-02-28,16,1988-02-28,14.5555555555556,24.0555555555556,60.2777777777778,6.16666666666667,1234253.33333333,-2594728.33333333,3577,12.982957484081366,20.22595305060524,65.59847768642173
1988-03-06,17,1988-03-06,13.4444444444444,24.7222222222222,60.5,7.11111111111111,1234253.33333333,-2594728.33333333,3577,11.202321445635288,21.97046730046683,65.72481619764623
1988-03-15,18,1988-03-15,9.72727272727273,30.7272727272727,58.8181818181818,9.72727272727273,1234264.09090909,-2594728.63636364,3577,11.475568650630258,27.03202749965645,60.368347463891496
1988-03-22,19,1988-03-22,8.66666666666667,23.0,67.1666666666667,4.55555555555556,1234253.33333333,-2594728.33333333,3577,12.598365717840316,29.018321407143432,57.27344008837666
1988-04-07,20,1988-04-07,13.6111111111111,32.5555555555556,52.6111111111111,7.11111111111111,1234253.33333333,-2594728.33333333,3577,15.115552786954954,27.44873938020166,56.30242234857212
1988-04-16,21,1988-04-16,19.9444444444444,25.6666666666667,53.1666666666667,7.27777777777778,1234253.33333333,-2594728.33333333,3577,18.792259777621418,24.949485764567896,55.14308229843573
1988-04-23,22,1988-04-23,27.4444444444444,19.6666666666667,51.7222222222222,7.61111111111111,1234253.33333333,-2594728.33333333,3577,22.41774376294162,23.602049309476136,52.83454093205627
1988-05-02,23,1988-05-02,25.8333333333333,20.8333333333333,52.2777777777778,7.83333333333333,1234253.33333333,-2594728.33333333,3577,25.73692870596508,22.599946836785577,50.48909793336286
1988-05-09,24,1988-05-09,23.5,17.8888888888889,57.5555555555556,8.0,1234253.33333333,-2594728.33333333,3577,26.995713265059045,18.159316431759542,53.70005364431808
1988-05-18,25,1988-05-18,27.8333333333333,25.2222222222222,45.7222222222222,9.11111111111111,1234253.33333333,-2594728.33333333,3577,27.076539387680832,17.452325108669246,54.4090957202331
1988-05-25,26,1988-05-25,26.4444444444444,18.1666666666667,54.3888888888889,8.44444444444444,1234253.33333333,-2594728.33333333,3577,25.411242696068605,19.138526248430512,54.35813361044747
1988-06-10,27,1988-06-10,25.1666666666667,15.7222222222222,57.8333333333333,8.27777777777778,1234253.33333333,-2594728.33333333,3577,24.709967019560832,22.316927310732034,51.8275286804621
1988-06-19,28,1988-06-19,24.8333333333333,17.6666666666667,56.5,8.11111111111111,1234253.33333333,-2594728.33333333,3577,25.42357848549417,22.98699666346382,50.44943962125869
1988-06-26,29,1988-06-26,25.3333333333333,21.2777777777778,52.4444444444444,7.94444444444444,1234253.33333333,-2594728.33333333,3577,27.671899995425257,21.158724660269492,50.08233562102781
1988-07-05,30,1988-07-05,30.3888888888889,41.7222222222222,26.5,12.2222222222222,1234253.33333333,-2594728.33333333,3577,29.727516893147126,20.164320028094103,49.06636500753413
1988-07-12,31,1988-07-12,28.9444444444444,13.0,57.0,8.44444444444444,1234253.33333333,-2594728.33333333,3577,31.316892429890856,18.246898612220974,49.40119340582997
1988-07-21,32,1988-07-21,38.0555555555556,4.94444444444444,56.1111111111111,8.5,1234253.33333333,-2594728.33333333,3577,32.92102376467211,17.454081178536782,48.55659476401783
1988-07-28,33,1988-07-28,33.6666666666667,11.7777777777778,53.7222222222222,8.88888888888889,1234253.33333333,-2594728.33333333,3577,33.13618562379678,15.704993492916849,50.0843779543395
1988-08-06,34,1988-08-06,31.7777777777778,17.0555555555556,49.8888888888889,8.83333333333333,1234253.33333333,-2594728.33333333,3577,32.488936759829755,12.96350862759338,53.4214014399693
1988-08-13,35,1988-08-13,28.1111111111111,22.6111111111111,47.9444444444444,9.55555555555556,1234253.33333333,-2594728.33333333,3577,30.727656416506314,13.07559159106952,55.064826642217795
1988-08-29,36,1988-08-29,27.3333333333333,13.6111111111111,57.8888888888889,8.16666666666667,1234253.33333333,-2594728.33333333,3577,28.181286549703387,15.853215412036585,54.80587128728724
1988-09-07,37,1988-09-07,27.3333333333333,19.3888888888889,52.1666666666667,8.22222222222222,1234253.33333333,-2594728.33333333,3577,25.732876514606403,21.274163401095223,51.77863897367767
1988-09-14,38,1988-09-14,24.3888888888889,17.2777777777778,57.2222222222222,8.05555555555556,1234253.33333333,-2594728.33333333,3577,23.015131067759185,22.673927895286756,53.125119978053206
1988-09-23,39,1988-09-23,22.0,23.5555555555556,53.2222222222222,7.72222222222222,1234253.33333333,-2594728.33333333,3577,21.63871508608026,25.036284492937114,52.13847933970993
1988-10-09,40,1988-10-09,17.6111111111111,37.3888888888889,43.8333333333333,9.5,1234253.33333333,-2594728.33333333,3577,19.718456294304737,28.761572620701457,50.36246965967574
1988-10-16,41,1988-10-16,17.3888888888889,30.8888888888889,50.5,7.44444444444444,1234253.33333333,-2594728.33333333,3577,17.689175633445437,33.01498793603564,48.087286294709436
1988-10-25,42,1988-10-25,16.8333333333333,35.3333333333333,46.6111111111111,7.16666666666667,1234253.33333333,-2594728.33333333,3577,15.870886767169232,35.73043605860409,47.16338065098969
1988-11-01,43,1988-11-01,15.6666666666667,35.8333333333333,47.2222222222222,7.38888888888889,1234253.33333333,-2594728.33333333,3577,15.352215895557258,36.832354264237296,46.58556270010682
1988-11-10,44,1988-11-10,15.5,37.3888888888889,45.8888888888889,7.38888888888889,1234253.33333333,-2594728.33333333,3577,15.266748215662345,37.87822617698212,45.652885126562516
1988-11-17,45,1988-11-17,13.8888888888889,37.1111111111111,48.0,7.55555555555556,1234253.33333333,-2594728.33333333,3577,15.12690972597867,36.85398639887252,46.867816050471575
1988-11-26,46,1988-11-26,14.0,37.3888888888889,47.2777777777778,7.83333333333333,1234253.33333333,-2594728.33333333,3577,14.678561033048002,37.00544381658379,47.218058171611474
1988-12-12,47,1988-12-12,16.6111111111111,35.3888888888889,46.9444444444444,7.5,1234253.33333333,-2594728.33333333,3577,14.751727804357177,35.6568627450927,48.3892990394466
1988-12-19,48,1988-12-19,14.7222222222222,39.4444444444444,44.7222222222222,7.61111111111111,1234253.33333333,-2594728.33333333,3577,14.196884299049362,34.450950322462205,50.12077671210049
1988-12-28,49,1988-12-28,11.3888888888889,31.8888888888889,55.6111111111111,6.38888888888889,1234253.33333333,-2594728.33333333,3577,13.135717739430953,36.07755814876018,49.6205830633001
1989-01-04,50,1989-01-04,13.2777777777778,33.3333333333333,52.1666666666667,7.22222222222222,1234253.33333333,-2594728.33333333,3577,11.919022326141295,37.69467116989772,49.337173834070484
1989-01-13,51,1989-01-13,13.0555555555556,38.1111111111111,47.5555555555556,6.94444444444444,1234253.33333333,-2594728.33333333,3577,11.887219419725398,38.45049927711891,48.71466510784669
1989-01-20,52,1989-01-20,13.6111111111111,35.8888888888889,49.5,7.22222222222222,1234253.33333333,-2594728.33333333,3577,13.156681124171428,37.44909321843746,48.53435522165449
1989-02-05,53,1989-02-05,10.5,48.5,41.0,17.0,1234215.0,-2594670.0,3577,16.63168238709786,34.20144767512677,48.309733438209214
1989-02-14,54,1989-02-14,21.1111111111111,29.2222222222222,48.7222222222222,7.61111111111111,1234253.33333333,-2594728.33333333,3577,20.61661867543912,30.062405430822004,48.41847024663639
1989-02-21,55,1989-02-21,26.3333333333333,18.1666666666667,54.2777777777778,8.22222222222222,1234253.33333333,-2594728.33333333,3577,23.851034758151926,26.2423400472897,48.96376121297989
1989-03-02,56,1989-03-02,31.0555555555556,18.0555555555556,49.6111111111111,8.5,1234253.33333333,-2594728.33333333,3577,26.89944695826646,22.572382553803354,49.510134688145854
1989-03-09,57,1989-03-09,30.4444444444444,18.0,50.5,8.77777777777778,1234253.33333333,-2594728.33333333,3577,30.221061532202533,18.096465969528293,50.593822242421474
1989-03-25,58,1989-03-25,31.0555555555556,19.5,48.3333333333333,8.16666666666667,1234253.33333333,-2594728.33333333,3577,32.97825480332729,15.548718910945688,50.322501028375854
1989-04-10,59,1989-04-10,29.7777777777778,22.3888888888889,46.8333333333333,10.3333333333333,1234253.33333333,-2594728.33333333,3577,35.60707335319808,15.40033461550258,47.878046961631135
1989-04-19,60,1989-04-19,38.5,16.4444444444444,44.2777777777778,9.94444444444444,1234253.33333333,-2594728.33333333,3577,37.28663390272742,18.407443090102852,43.303424817350226
1989-04-26,61,1989-04-26,43.0,12.6111111111111,43.1111111111111,11.0555555555556,1234253.33333333,-2594728.33333333,3577,39.5645812735537,19.201472933668192,40.19406496495678
1989-05-05,62,1989-05-05,42.1666666666667,11.4444444444444,45.2777777777778,10.7777777777778,1234253.33333333,-2594728.33333333,3577,41.15979874957587,16.858860094151694,40.87183336099133
1989-05-21,63,1989-05-21,41.4444444444444,29.0555555555556,28.2222222222222,12.5555555555556,1234253.33333333,-2594728.33333333,3577,41.340426171689344,17.849323191425803,39.610509717314926
1989-05-28,64,1989-05-28,39.8888888888889,23.5555555555556,35.4444444444444,12.7777777777778,1234253.33333333,-2594728.33333333,3577,39.80587369286465,20.63850580104144,38.35415960028389
1989-06-13,65,1989-06-13,35.3888888888889,19.5555555555556,43.8333333333333,11.7222222222222,1234253.33333333,-2594728.33333333,3577,37.66744005907531,24.07284562702163,37.0097967048376
1989-06-22,66,1989-06-22,36.1666666666667,18.5555555555556,44.0555555555556,11.3333333333333,1234253.33333333,-2594728.33333333,3577,35.53798523457438,26.82885415237959,36.37521680245595
1989-06-29,67,1989-06-29,34.7777777777778,25.8333333333333,38.0,11.1666666666667,1234253.33333333,-2594728.33333333,3577,34.92251882963438,27.744004705300895,36.096462361162864
1989-07-15,68,1989-07-15,33.6666666666667,44.0,21.1666666666667,19.8333333333333,1234260.0,-2594685.0,3577,35.133487771253435,26.580869422970725,37.02404372372861
1989-07-24,69,1989-07-24,36.5,21.5555555555556,40.7777777777778,11.0,1234253.33333333,-2594728.33333333,3577,35.312484213407735,25.42866627695968,38.0056266402959
1989-07-31,70,1989-07-31,36.1111111111111,20.8888888888889,41.5,10.7777777777778,1234253.33333333,-2594728.33333333,3577,35.097647955956305,25.903756687671947,37.72447256702749
1989-08-09,71,1989-08-09,34.1111111111111,21.9444444444444,42.8888888888889,10.5,1234253.33333333,-2594728.33333333,3577,34.29210184582099,24.1165154479633,40.349049451119534
1989-08-16,72,1989-08-16,32.7222222222222,23.1111111111111,42.9444444444444,10.5555555555556,1234253.33333333,-2594728.33333333,3577,32.54799716764264,22.53775889825453,43.71847865199969
1989-09-01,73,1989-09-01,30.6666666666667,23.1111111111111,44.9444444444444,9.83333333333333,1234253.33333333,-2594728.33333333,3577,30.107146935497944,23.903166614235715,44.77976626865048
1989-09-17,74,1989-09-17,26.6666666666667,29.7777777777778,42.2777777777778,9.44444444444444,1234253.33333333,-2594728.33333333,3577,28.298500038980272,24.453899062345606,46.00192771472359
1989-09-26,75,1989-09-26,25.1666666666667,28.5555555555556,45.1111111111111,8.5,1234253.33333333,-2594728.33333333,3577,26.646763786807178,28.09533789628072,43.98310918324829
1989-10-03,76,1989-10-03,24.1666666666667,31.7777777777778,42.8888888888889,8.5,1234253.33333333,-2594728.33333333,3577,22.780436362840554,34.150136827695036,41.772869767673214
1989-10-12,77,1989-10-12,21.2352941176471,38.7058823529412,38.6470588235294,11.2941176470588,1234250.29411765,-2594725.58823529,3577,18.712007018050492,42.115938109922,37.85922262847576
1989-11-04,78,1989-11-04,19.9444444444444,40.3333333333333,38.2222222222222,8.5,1234253.33333333,-2594728.33333333,3577,18.09997011426353,45.19505974103731,35.491824016040184
1989-11-13,79,1989-11-13,19.4444444444444,41.7222222222222,37.7777777777778,8.05555555555556,1234253.33333333,-2594728.33333333,3577,19.218366934262793,44.98158666642786,34.60113391737352
1989-11-20,80,1989-11-20,11.0,68.7222222222222,19.1666666666667,5.61111111111111,1234253.33333333,-2594728.33333333,3577,21.453273542051967,44.83073120852452,32.55770819155873
1989-11-29,81,1989-11-29,18.1666666666667,46.8333333333333,34.0555555555556,9.88888888888889,1234253.33333333,-2594728.33333333,3577,22.570276685006498,43.22466812613678,33.08658414977353
1989-12-15,82,1989-12-15,38.2222222222222,14.7222222222222,45.9444444444444,7.66666666666667,1234253.33333333,-2594728.33333333,3577,24.066469579305164,36.64744350329305,38.21813706032766
1989-12-22,83,1989-12-22,33.7222222222222,22.5,42.6111111111111,9.44444444444444,1234253.33333333,-2594728.33333333,3577,25.856023991787737,31.71582841569619,41.38033636166326
1990-02-17,84,1990-02-17,18.5,44.2777777777778,35.9444444444444,6.27777777777778,1234253.33333333,-2594728.33333333,3577,27.073936201595608,30.140448444486907,41.681955228843904
1990-02-24,85,1990-02-24,23.3888888888889,35.9444444444444,39.7777777777778,8.88888888888889,1234253.33333333,-2594728.33333333,3577,28.90417872460784,27.353994818387005,42.60321601342636
1990-03-12,86,1990-03-12,26.2222222222222,19.1111111111111,53.5,8.5,1234253.33333333,-2594728.33333333,3577,30.24191426048558,28.427960240649476,40.199206881863425
1990-04-06,87,1990-04-06,37.7222222222222,29.5,31.6666666666667,12.2777777777778,1234253.33333333,-2594728.33333333,3577,31.103793351466717,34.7358654417426,33.01463431648699
1990-04-22,88,1990-04-22,36.3888888888889,45.7222222222222,16.6666666666667,14.0,1234253.33333333,-2594728.33333333,3577,33.975911773120316,35.63760130477863,29.2329210177464
1990-04-29,89,1990-04-29,37.8888888888889,27.6111111111111,33.2777777777778,12.1111111111111,1234253.33333333,-2594728.33333333,3577,38.41072068625674,32.38847272438119,28.014352864193903
1990-05-08,90,1990-05-08,40.8333333333333,25.1666666666667,32.8888888888889,10.9444444444444,1234253.33333333,-2594728.33333333,3577,40.29563676776697,31.127500294678306,27.367182181419594
1990-05-24,91,1990-05-24,36.7777777777778,45.2222222222222,16.7222222222222,14.8333333333333,1234253.33333333,-2594728.33333333,3577,39.804994455143316,30.823428377603342,28.162429246016366
1990-06-09,92,1990-06-09,40.5555555555556,26.6666666666667,31.6111111111111,12.7222222222222,1234253.33333333,-2594728.33333333,3577,40.16023415868018,28.76218002842961,29.921310028116693
1990-06-16,93,1990-06-16,40.8333333333333,16.8333333333333,41.1666666666667,9.66666666666667,1234253.33333333,-2594728.33333333,3577,40.99432645097667,25.01285779923178,32.84476222091829
1990-06-25,94,1990-06-25,42.5,24.0555555555556,32.3333333333333,12.7222222222222,1234253.33333333,-2594728.33333333,3577,42.494239850270645,25.382854503593748,30.978652926016718
1990-07-02,95,1990-07-02,43.3333333333333,29.2777777777778,26.2222222222222,13.0555555555556,1234253.33333333,-2594728.33333333,3577,42.492228789436055,27.99790714960575,28.29362330135902
1990-07-11,96,1990-07-11,42.7777777777778,30.9444444444444,25.0555555555556,12.2777777777778,1234253.33333333,-2594728.33333333,3577,42.289739500259486,28.404285772702575,28.04910981690749
1990-07-18,97,1990-07-18,42.7222222222222,32.8888888888889,23.0555555555556,12.2222222222222,1234253.33333333,-2594728.33333333,3577,42.04229001132397,29.924842615240614,26.725184688029
1990-07-27,98,1990-07-27,40.2777777777778,28.8333333333333,29.5,11.5555555555556,1234253.33333333,-2594728.33333333,3577,40.6828044676281,33.23024361259158,24.756814393033615
1990-08-03,99,1990-08-03,37.2222222222222,36.5,24.8333333333333,15.0,1234253.33333333,-2594728.33333333,3577,39.77944003020808,32.21541324172421,26.65438500267825
1990-08-12,100,1990-08-12,38.5,29.2777777777778,30.8888888888889,11.2777777777778,1234253.33333333,-2594728.33333333,3577,38.44500013230089,30.96109343012904,29.25119256388171
1990-08-19,101,1990-08-19,39.2222222222222,29.1111111111111,30.5555555555556,11.7222222222222,1234253.33333333,-2594728.33333333,3577,36.88690068101282,31.278472988994636,30.496667075609906
1990-08-28,102,1990-08-28,36.0555555555556,32.0,30.5555555555556,10.7777777777778,1234253.33333333,-2594728.33333333,3577,35.3681371947573,32.56847469695282,30.768967358746053
1990-09-13,103,1990-09-13,32.5,35.0,31.2777777777778,10.5,1234253.33333333,-2594728.33333333,3577,33.638853406650256,34.18315928996533,30.927469503316296
1990-09-20,104,1990-09-20,32.0555555555556,34.8888888888889,31.6111111111111,10.6111111111111,1234253.33333333,-2594728.33333333,3577,32.10967017158488,34.92913656690226,31.711085612009683
1990-09-29,105,1990-09-29,28.7222222222222,38.6666666666667,31.5,9.72222222222222,1234253.33333333,-2594728.33333333,3577,30.014581393833883,36.03484716177677,32.72151257754486
1990-10-06,106,1990-10-06,28.3333333333333,37.1666666666667,33.2777777777778,9.77777777777778,1234253.33333333,-2594728.33333333,3577,27.99490378901725,36.92593113799994,33.8682995710809
1990-10-15,107,1990-10-15,27.8888888888889,37.3333333333333,33.7222222222222,7.94444444444444,1234253.33333333,-2594728.33333333,3577,26.461134324907444,37.94703885724992,34.39609478927851
1990-10-22,108,1990-10-22,25.0,36.1111111111111,37.5555555555556,10.0,1234253.33333333,-2594728.33333333,3577,25.50037767529644,39.538899353134944,33.80021096893657
1990-11-07,109,1990-11-07,23.9444444444444,39.0555555555556,35.7777777777778,9.88888888888889,1234253.33333333,-2594728.33333333,3577,24.56323294867819,40.647092501575585,33.575209104615865
1990-11-16,110,1990-11-16,21.1666666666667,46.1111111111111,31.6111111111111,8.94444444444444,1234253.33333333,-2594728.33333333,3577,21.828997284102375,40.901263167510905,35.9934772829456
1990-11-23,111,1990-11-23,22.3333333333333,41.8333333333333,34.4444444444444,7.5,1234253.33333333,-2594728.33333333,3577,19.473913942951285,42.911086333680515,36.2887339698431
1990-12-02,112,1990-12-02,20.7777777777778,48.3333333333333,29.5555555555556,8.11111111111111,1234253.33333333,-2594728.33333333,3577,19.012320153184188,44.941507237166135,34.74473840572392
1990-12-18,113,1990-12-18,21.6666666666667,36.9444444444444,40.1111111111111,8.05555555555556,1234253.33333333,-2594728.33333333,3577,21.733375671452926,44.61032569081436,32.38458290934587
1990-12-25,114,1990-12-25,21.6111111111111,39.8333333333333,37.1666666666667,8.5,1234253.33333333,-2594728.33333333,3577,27.57847347011022,42.01305986754274,29.188629567882167
1991-01-26,115,1991-01-26,28.9444444444444,44.0555555555556,25.9444444444444,11.2777777777778,1234253.33333333,-2594728.33333333,3577,35.40559681116428,36.37991368795778,27.026152210358696
1991-02-11,116,1991-02-11,49.1666666666667,40.7777777777778,9.05555555555556,14.6111111111111,1234253.33333333,-2594728.33333333,3577,42.83395036335572,32.15942829100245,23.86157478571984
1991-02-20,117,1991-02-20,54.2222222222222,20.8888888888889,23.6666666666667,12.3333333333333,1234253.33333333,-2594728.33333333,3577,48.98951650344106,28.79796777009971,21.056393898496026
1991-02-27,118,1991-02-27,54.1111111111111,21.2777777777778,23.3888888888889,12.6111111111111,1234253.33333333,-2594728.33333333,3577,52.56442731674142,27.43289407530486,18.802922052145263
1991-03-08,119,1991-03-08,51.7222222222222,25.5,21.5,11.0,1234253.33333333,-2594728.33333333,3577,52.64559021988575,28.3349318380236,17.75935588319226
1991-03-15,120,1991-03-15,45.8888888888889,31.2777777777778,21.5555555555556,10.9444444444444,1234253.33333333,-2594728.33333333,3577,49.33472736413175,29.00884048871233,20.355571672906105
1991-03-24,121,1991-03-24,40.9444444444444,41.6111111111111,16.0555555555556,9.77777777777778,1234253.33333333,-2594728.33333333,3577,43.19646452617942,32.346606094279274,23.130579430885582
1991-03-31,122,1991-03-31,41.6111111111111,34.1666666666667,22.9444444444444,10.5555555555556,1234253.33333333,-2594728.33333333,3577,38.56703255464288,36.92771607476938,23.25574270929961
1991-04-09,123,1991-04-09,34.5,41.0,23.3888888888889,10.3888888888889,1234253.33333333,-2594728.33333333,3577,35.291055349873595,40.367758316668684,23.166893993515927
1991-04-16,124,1991-04-16,32.3888888888889,35.1111111111111,31.2222222222222,7.44444444444444,1234253.33333333,-2594728.33333333,3577,32.116635514463525,40.27703686062216,26.393519621069863
1991-04-25,125,1991-04-25,28.3333333333333,41.9444444444444,28.6666666666667,9.22222222222222,1234253.33333333,-2594728.33333333,3577,29.238864756591884,41.74119291596854,27.835944366477783
1991-05-02,126,1991-05-02,27.8888888888889,46.8333333333333,24.0555555555556,9.38888888888889,1234253.33333333,-2594728.33333333,3577,26.9425562866277,43.63703041805399,28.17958110625858
1991-05-11,127,1991-05-11,27.2777777777778,46.5555555555556,24.8888888888889,9.27777777777778,1234253.33333333,-2594728.33333333,3577,24.576416156626404,46.698202663577035,27.44005459780453
1991-05-18,128,1991-05-18,18.2727272727273,47.5454545454545,32.6363636363636,17.6363636363636,1234242.27272727,-2594715.0,3577,22.886182944862348,49.90972783977948,25.860008318912442
1991-05-27,129,1991-05-27,24.7777777777778,50.1111111111111,23.6666666666667,9.44444444444444,1234253.33333333,-2594728.33333333,3577,23.012570989066305,51.05015514865583,24.528663958860143
1991-06-03,130,1991-06-03,22.6666666666667,55.5555555555556,20.6666666666667,9.83333333333333,1234253.33333333,-2594728.33333333,3577,22.79402525110038,51.23590196274487,24.521858368041038
1991-06-12,131,1991-06-12,23.3333333333333,48.2777777777778,26.6666666666667,9.22222222222222,1234253.33333333,-2594728.33333333,3577,23.275079487853944,49.34931750551618,25.900899706975206
1991-06-28,132,1991-06-28,23.0,49.5555555555556,26.2222222222222,10.1111111111111,1234253.33333333,-2594728.33333333,3577,23.89307338687786,49.51464514157274,25.176877130433738
1991-07-05,133,1991-07-05,26.0,44.1111111111111,28.3333333333333,9.05555555555556,1234253.33333333,-2594728.33333333,3577,24.547615954733025,45.720652584422865,28.36384564867113
1991-07-14,134,1991-07-14,24.8333333333333,43.8888888888889,29.8888888888889,10.0,1234253.33333333,-2594728.33333333,3577,24.319478423189956,42.55462098959917,31.820508009357745
1991-07-30,135,1991-07-30,20.3888888888889,42.7777777777778,35.7222222222222,9.05555555555556,1234253.33333333,-2594728.33333333,3577,22.35696329813643,42.49233463474315,33.91490758982512
1991-08-06,136,1991-08-06,22.5555555555556,46.1666666666667,30.1666666666667,9.44444444444444,1234253.33333333,-2594728.33333333,3577,20.787521559964283,44.0993334151163,33.98030916451462
1991-08-22,137,1991-08-22,18.7777777777778,44.4444444444444,35.6666666666667,9.22222222222222,1234253.33333333,-2594728.33333333,3577,18.469917079821457,48.6820286696375,31.718526055982633
1991-08-31,138,1991-08-31,15.4444444444444,42.2777777777778,41.0555555555556,7.44444444444444,1234253.33333333,-2594728.33333333,3577,16.40116935008331,52.08143232755459,30.29563797055605
1991-09-07,139,1991-09-07,13.5,72.8888888888889,12.4444444444444,9.38888888888889,1234253.33333333,-2594728.33333333,3577,14.249129783183378,57.196810929000534,27.324605906645168
1991-09-23,140,1991-09-23,12.6666666666667,62.1666666666667,23.8333333333333,8.05555555555556,1234253.33333333,-2594728.33333333,3577,12.880770072718594,62.01982795325524,23.767555286127582
1991-10-09,141,1991-10-09,12.9444444444444,58.5,27.0,7.66666666666667,1234253.33333333,-2594728.33333333,3577,11.704526811336182,64.6204218897621,22.292113802946368
1991-10-18,142,1991-10-18,11.9444444444444,66.6666666666667,19.8888888888889,7.61111111111111,1234253.33333333,-2594728.33333333,3577,11.01410388716724,65.57549897641798,22.05596209775444
1991-10-25,143,1991-10-25,10.2222222222222,61.3333333333333,27.4444444444444,7.5,1234253.33333333,-2594728.33333333,3577,11.545499048593292,65.15025342733347,21.96768831443425
1991-11-19,144,1991-11-19,10.2777777777778,69.1111111111111,19.2777777777778,7.77777777777778,1234253.33333333,-2594728.33333333,3577,11.432481519167109,61.52659603897072,25.742686450112938
1991-12-05,145,1991-12-05,13.1111111111111,56.3333333333333,29.1111111111111,7.77777777777778,1234253.33333333,-2594728.33333333,3577,13.140481981037276,56.370874739287345,29.171607718042985
1991-12-12,146,1991-12-12,12.7777777777778,52.3333333333333,33.7222222222222,8.72222222222222,1234253.33333333,-2594728.33333333,3577,12.16906021395003,58.52637953720668,28.01172597611808
1991-12-28,147,1991-12-28,13.2222222222222,57.3333333333333,28.1666666666667,8.72222222222222,1234253.33333333,-2594728.33333333,3577,11.859115085119509,52.93795901380248,33.91346424472854
1992-01-06,148,1992-01-06,11.9444444444444,49.5555555555556,37.0555555555556,7.83333333333333,1234253.33333333,-2594728.33333333,3577,10.562329655207332,51.47728535653462,36.68042655658208
1992-01-13,149,1992-01-13,11.0,48.8333333333333,38.9444444444444,8.16666666666667,1234253.33333333,-2594728.33333333,3577,10.297932889262615,52.615664864883016,35.83920895065872
1992-01-22,150,1992-01-22,12.0555555555556,57.6666666666667,29.0555555555556,7.94444444444444,1234253.33333333,-2594728.33333333,3577,11.711845773763518,53.76827455309625,33.358709745701674
1992-01-29,151,1992-01-29,4.11111111111111,58.2222222222222,36.7777777777778,6.22222222222222,1234253.33333333,-2594728.33333333,3577,15.086244680669665,54.06973160997122,29.702624001381192
1992-02-14,152,1992-02-14,26.4444444444444,36.5555555555556,35.7777777777778,9.5,1234253.33333333,-2594728.33333333,3577,19.982299777962414,51.55516585237179,27.31569926461161
1992-02-23,153,1992-02-23,20.8333333333333,74.1666666666667,3.83333333333333,7.83333333333333,1234270.0,-2594765.0,3577,23.967653433594112,49.551558692418176,25.357984464791844
1992-03-01,154,1992-03-01,33.1111111111111,38.8888888888889,26.7777777777778,10.1111111111111,1234253.33333333,-2594728.33333333,3577,26.03771460737014,49.5954291666292,23.22344305161298
1992-03-10,155,1992-03-10,27.0,42.5,29.3888888888889,9.11111111111111,1234253.33333333,-2594728.33333333,3577,25.426497650952037,48.93850147100193,24.44794575908763
1992-03-17,156,1992-03-17,22.1666666666667,45.0555555555556,31.5555555555556,9.05555555555556,1234253.33333333,-2594728.33333333,3577,22.571445582278123,49.526225580397764,26.714500325951434
1992-04-02,157,1992-04-02,16.3333333333333,57.0,25.4444444444444,9.27777777777778,1234253.33333333,-2594728.33333333,3577,18.74297632192091,51.22516784899922,28.816319903002885
1992-04-27,158,1992-04-27,11.6666666666667,57.3888888888889,29.8333333333333,8.38888888888889,1234253.33333333,-2594728.33333333,3577,15.14299219871752,52.00318858986813,31.657218770217103
1992-05-13,159,1992-05-13,14.2777777777778,53.0,31.4444444444444,9.0,1234253.33333333,-2594728.33333333,3577,15.444176222811702,50.5046956827067,32.81533361718627
1992-05-29,160,1992-05-29,17.1666666666667,45.7222222222222,35.8333333333333,9.44444444444444,1234253.33333333,-2594728.33333333,3577,16.013322075239202,52.353083105397246,30.37327790887705
1992-06-05,161,1992-06-05,20.3888888888889,47.6111111111111,30.7222222222222,9.44444444444444,1234253.33333333,-2594728.33333333,3577,18.68931275122947,47.599124130076746,32.423067300771415
1992-06-14,162,1992-06-14,22.0,44.4444444444444,32.2222222222222,9.33333333333333,1234253.33333333,-2594728.33333333,3577,20.256448745609806,45.88098296611541,32.59952586113089
1992-06-21,163,1992-06-21,20.4444444444444,43.7222222222222,34.6666666666667,9.44444444444444,1234253.33333333,-2594728.33333333,3577,20.001075292093972,40.36998227090501,38.32866050357738
1992-07-07,164,1992-07-07,17.5,42.0,39.1666666666667,9.27777777777778,1234253.33333333,-2594728.33333333,3577,18.49467646216594,40.53941775458196,39.716814489254375
1992-07-23,165,1992-07-23,16.1666666666667,43.7777777777778,38.8333333333333,9.11111111111111,1234253.33333333,-2594728.33333333,3577,16.20317126973231,43.36197892234395,39.226203449107814
1992-08-08,166,1992-08-08,12.9444444444444,43.1111111111111,42.7777777777778,9.5,1234253.33333333,-2594728.33333333,3577,14.451741756693156,46.80033966720573,37.55699890064655
1992-08-17,167,1992-08-17,13.2777777777778,44.2222222222222,41.3333333333333,8.77777777777778,1234253.33333333,-2594728.33333333,3577,12.899339910173904,49.79027113236894,36.14446681628803
1992-08-24,168,1992-08-24,11.1111111111111,46.8333333333333,40.7777777777778,9.0,1234253.33333333,-2594728.33333333,3577,12.525348748257105,52.17197697382674,34.11572139590205
1992-09-02,169,1992-09-02,15.2777777777778,77.8333333333333,5.94444444444444,10.8333333333333,1234253.33333333,-2594728.33333333,3577,12.409586457572228,53.09371880268917,33.27845494718061
1992-09-09,170,1992-09-09,11.5555555555556,45.6111111111111,41.3333333333333,8.66666666666667,1234253.33333333,-2594728.33333333,3577,12.313308122903809,52.06216848166533,34.367944748744556
1992-09-18,171,1992-09-18,11.3333333333333,43.0,44.4444444444444,8.33333333333333,1234253.33333333,-2594728.33333333,3577,11.818768778519338,49.68189636300349,37.17835174800562
1992-09-25,172,1992-09-25,10.5,44.2222222222222,43.8888888888889,8.38888888888889,1234253.33333333,-2594728.33333333,3577,10.810391363021331,47.09280708970409,40.7403915314071
1992-10-04,173,1992-10-04,11.5,44.5555555555556,42.5,7.77777777777778,1234253.33333333,-2594728.33333333,3577,9.643754766044342,45.04706748359327,43.9318741114341
1992-10-11,174,1992-10-11,7.22222222222222,46.1666666666667,45.3333333333333,8.38888888888889,1234253.33333333,-2594728.33333333,3577,8.654059047246605,43.77950377794925,46.187437605387345
1992-10-20,175,1992-10-20,8.27777777777778,44.3333333333333,46.0,8.05555555555556,1234253.33333333,-2594728.33333333,3577,8.021648973660154,43.61688088312824,47.01563022460152
1992-10-27,176,1992-10-27,6.61111111111111,48.1111111111111,44.0,8.44444444444444,1234253.33333333,-2594728.33333333,3577,8.059809815226568,45.76289448424988,44.89152058810831
1992-11-05,177,1992-11-05,7.72222222222222,45.6111111111111,45.3888888888889,8.16666666666667,1234253.33333333,-2594728.33333333,3577,7.4087685620182295,44.71553111490523,46.604818126482996
1992-11-21,178,1992-11-21,9.0,42.1666666666667,47.6111111111111,7.5,1234253.33333333,-2594728.33333333,3577,6.854528856075817,43.53708194110021,48.402981950962335
1992-11-28,179,1992-11-28,7.16666666666667,38.1666666666667,53.5,7.83333333333333,1234253.33333333,-2594728.33333333,3577,6.762902903768767,43.22662081639764,48.81356070829027
1992-12-07,180,1992-12-07,7.94444444444444,42.2222222222222,48.6666666666667,7.38888888888889,1234253.33333333,-2594728.33333333,3577,8.111070216332159,42.45421829631724,48.25338644842569
1992-12-14,181,1992-12-14,7.0,47.1666666666667,44.6111111111111,7.77777777777778,1234253.33333333,-2594728.33333333,3577,9.69479625981029,41.993174180474426,47.13512717072385
1993-01-08,182,1993-01-08,10.1111111111111,45.3888888888889,43.3888888888889,7.88888888888889,1234253.33333333,-2594728.33333333,3577,11.763352746323125,41.573213680018625,45.47045833422864
1993-01-31,183,1993-01-31,14.6666666666667,32.6666666666667,51.3888888888889,7.44444444444444,1234253.33333333,-2594728.33333333,3577,13.62275650046345,41.050689076998744,44.13699870819954
1993-02-25,184,1993-02-25,18.2222222222222,43.3333333333333,37.2222222222222,8.11111111111111,1234253.33333333,-2594728.33333333,3577,15.064548798292682,39.42322847430618,44.294077955062036
1993-03-04,185,1993-03-04,17.3888888888889,35.0555555555556,46.3888888888889,7.77777777777778,1234253.33333333,-2594728.33333333,3577,15.585008215036856,37.11135888534715,46.070636106232925
1993-03-13,186,1993-03-13,12.5555555555556,37.9444444444444,48.2222222222222,7.55555555555556,1234253.33333333,-2594728.33333333,3577,14.948192330543051,35.251558211305266,48.57538952275067
1993-03-20,187,1993-03-20,12.7222222222222,33.7777777777778,52.3333333333333,7.61111111111111,1234253.33333333,-2594728.33333333,3577,14.055144202200932,33.90333436772557,50.80792805405049
1993-03-29,188,1993-03-29,12.3888888888889,32.1111111111111,54.2222222222222,7.55555555555556,1234253.33333333,-2594728.33333333,3577,12.453322219574229,34.91199564109257,51.407729353542095
1993-04-05,189,1993-04-05,11.1111111111111,34.4444444444444,53.1666666666667,7.83333333333333,1234253.33333333,-2594728.33333333,3577,11.32505454641507,33.92028645588508,53.56118460142429
1993-04-14,190,1993-04-14,12.1111111111111,34.7222222222222,52.0555555555556,7.5,1234253.33333333,-2594728.33333333,3577,11.20169544937178,33.285312039177015,54.28742413416526
1993-04-21,191,1993-04-21,12.3333333333333,34.7222222222222,51.7222222222222,7.77777777777778,1234253.33333333,-2594728.33333333,3577,11.7023365351521,34.92732276323083,52.13902059412118
1993-04-30,192,1993-04-30,11.3333333333333,33.3333333333333,54.0555555555556,7.66666666666667,1234253.33333333,-2594728.33333333,3577,11.460315226567364,33.26115645619791,54.037698971127455
1993-05-16,193,1993-05-16,9.55555555555556,38.0555555555556,51.2222222222222,7.55555555555556,1234253.33333333,-2594728.33333333,3577,10.82638843784192,34.41144716995595,53.521452919277756
1993-06-08,194,1993-06-08,12.1111111111111,29.8888888888889,56.6666666666667,8.22222222222222,1234253.33333333,-2594728.33333333,3577,10.986219662688615,36.8906088751235,50.88666974579527
1993-06-17,195,1993-06-17,11.5555555555556,43.8333333333333,43.2777777777778,8.44444444444444,1234253.33333333,-2594728.33333333,3577,11.083677931973508,39.483514593415826,48.193912210932865
1993-06-24,196,1993-06-24,9.94444444444444,35.5,53.5,8.05555555555556,1234253.33333333,-2594728.33333333,3577,11.179511235237143,41.771019314356735,45.832161818223085
1993-07-03,197,1993-07-03,10.5555555555556,42.2777777777778,45.9444444444444,8.16666666666667,1234253.33333333,-2594728.33333333,3577,11.729180348373664,42.95656132652395,44.13352746324223
1993-07-10,198,1993-07-10,14.2777777777778,56.0555555555556,28.5,10.8888888888889,1234253.33333333,-2594728.33333333,3577,12.136002800087681,41.86195366380498,44.800837621264364
1993-07-19,199,1993-07-19,12.6111111111111,37.4444444444444,48.6666666666667,7.94444444444444,1234253.33333333,-2594728.33333333,3577,12.128470944258599,39.852523809174194,46.79016408427475
1993-08-20,200,1993-08-20,10.4444444444444,32.3333333333333,56.0555555555556,8.05555555555556,1234253.33333333,-2594728.33333333,3577,12.022214283822377,39.17414680262392,47.574942085770886
1993-09-05,201,1993-09-05,12.2222222222222,35.7777777777778,50.7222222222222,7.83333333333333,1234253.33333333,-2594728.33333333,3577,11.8113872711378,37.19538923408337,49.753064101353885
1993-09-28,202,1993-09-28,11.3333333333333,37.0,50.3333333333333,7.83333333333333,1234253.33333333,-2594728.33333333,3577,11.094525873161963,38.49053285894816,49.16239075681066
1993-10-07,203,1993-10-07,9.44444444444444,40.0,49.2777777777778,7.66666666666667,1234253.33333333,-2594728.33333333,3577,9.840712435138187,39.90008082731946,49.022665329159565
1993-10-14,204,1993-10-14,9.44444444444444,48.5555555555556,40.8888888888889,8.44444444444444,1234253.33333333,-2594728.33333333,3577,9.01177529041171,42.993512163784374,46.69431634756015
1993-10-23,205,1993-10-23,8.61111111111111,45.9444444444444,44.2222222222222,7.83333333333333,1234253.33333333,-2594728.33333333,3577,8.04892097926033,45.54092725299475,45.12138652540456
1993-10-30,206,1993-10-30,6.55555555555556,40.5,51.5555555555556,7.94444444444444,1234253.33333333,-2594728.33333333,3577,7.089370725592582,44.344159624338744,47.28875922838065
1993-11-08,207,1993-11-08,7.66666666666667,46.9444444444444,44.0,7.83333333333333,1234253.33333333,-2594728.33333333,3577,8.313352626044882,41.41049215661598,49.03707953552423
1993-11-24,208,1993-11-24,7.44444444444444,37.2222222222222,54.1111111111111,7.61111111111111,1234253.33333333,-2594728.33333333,3577,7.9706098854693685,39.68181697902465,51.11756887762316
1993-12-10,209,1993-12-10,9.66666666666667,34.2222222222222,54.9444444444444,7.22222222222222,1234253.33333333,-2594728.33333333,3577,7.902657198321647,38.97292525155718,51.90797231663328
1993-12-17,210,1993-12-17,10.8333333333333,36.5,51.7777777777778,10.6666666666667,1234253.33333333,-2594728.33333333,3577,10.100720229201691,38.067265895433565,50.653174998368655
1994-01-11,211,1994-01-11,17.5555555555556,38.5,42.6111111111111,7.55555555555556,1234253.33333333,-2594728.33333333,3577,14.935356181483982,35.678324083891496,48.275439558714076
1994-01-18,212,1994-01-18,17.4444444444444,34.2222222222222,47.1666666666667,7.66666666666667,1234253.33333333,-2594728.33333333,3577,21.84988729880045,31.45567848044157,45.60131320347357
1994-01-27,213,1994-01-27,16.5555555555556,36.3333333333333,45.9444444444444,7.27777777777778,1234253.33333333,-2594728.33333333,3577,28.17399164302769,27.846539940963012,42.860706373083886
1994-02-12,214,1994-02-12,43.3888888888889,20.8888888888889,34.6666666666667,9.38888888888889,1234253.33333333,-2594728.33333333,3577,33.13916973978398,26.851803339415415,38.83368815566379
1994-02-19,215,1994-02-19,43.2222222222222,14.6111111111111,41.0555555555556,7.44444444444444,1234253.33333333,-2594728.33333333,3577,36.79349700866179,22.544938549579133,39.48404622552641
1994-03-23,216,1994-03-23,37.0,22.3888888888889,39.3888888888889,9.38888888888889,1234253.33333333,-2594728.33333333,3577,36.694956952227,23.40490304328963,38.67473183850317
1994-04-01,217,1994-04-01,31.0,34.8333333333333,32.7777777777778,8.44444444444444,1234253.33333333,-2594728.33333333,3577,33.471449431196746,28.990310343247174,36.25711027877671
1994-04-08,218,1994-04-08,23.8333333333333,37.4444444444444,37.3888888888889,11.4444444444444,1234253.33333333,-2594728.33333333,3577,28.956795870104237,35.650611858036854,34.05038838010468
1994-04-24,219,1994-04-24,25.6111111111111,36.0,37.0555555555556,8.11111111111111,1234253.33333333,-2594728.33333333,3577,23.307434911146593,41.575897099110676,33.7786810712457
1994-05-19,220,1994-05-19,21.6666666666667,40.9444444444444,36.1111111111111,7.72222222222222,1234253.33333333,-2594728.33333333,3577,19.55730681426983,44.99747174049904,34.10231031437953
1994-06-04,221,1994-06-04,14.4,62.8,21.2666666666667,5.26666666666667,1234247.0,-2594723.0,3577,20.320704785407617,44.21614958827917,34.138280158089316
1994-06-11,222,1994-06-11,23.8333333333333,35.4444444444444,39.6111111111111,8.55555555555556,1234253.33333333,-2594728.33333333,3577,21.167211529437452,41.06085744320423,36.46500128697728
1994-06-27,223,1994-06-27,23.4444444444444,30.7222222222222,44.6666666666667,8.22222222222222,1234253.33333333,-2594728.33333333,3577,21.531473342615627,38.53797440948567,38.62719117826901
1994-07-06,224,1994-07-06,21.8888888888889,35.7777777777778,40.8333333333333,7.55555555555556,1234253.33333333,-2594728.33333333,3577,21.79114676173174,36.168219465427676,40.72446181269102
1994-07-13,225,1994-07-13,22.2222222222222,34.2222222222222,42.1666666666667,7.94444444444444,1234253.33333333,-2594728.33333333,3577,20.9678855715976,34.36991130643868,43.36942898861754
1994-07-22,226,1994-07-22,18.5555555555556,37.8888888888889,42.3333333333333,7.38888888888889,1234253.33333333,-2594728.33333333,3577,20.447025145474093,34.01122224867848,44.247771114327946
1994-07-29,227,1994-07-29,18.7222222222222,35.1666666666667,44.8333333333333,7.77777777777778,1234253.33333333,-2594728.33333333,3577,19.046632074492997,35.6573883632654,43.985526857037286
1994-08-07,228,1994-08-07,16.3333333333333,39.5,42.8333333333333,7.33333333333333,1234253.33333333,-2594728.33333333,3577,17.104154187742946,38.864900493377675,42.650477145826784
1994-08-14,229,1994-08-14,17.4444444444444,38.2777777777778,42.9444444444444,7.61111111111111,1234253.33333333,-2594728.33333333,3577,16.203194122696317,39.588821051663444,42.84098546791403
1994-08-30,230,1994-08-30,14.4444444444444,43.8888888888889,40.2777777777778,7.5,1234253.33333333,-2594728.33333333,3577,15.178939911135753,42.35584470568359,41.09809093554608
1994-09-08,231,1994-09-08,16.5,41.3333333333333,40.6111111111111,6.83333333333333,1234253.33333333,-2594728.33333333,3577,14.162069612531859,44.604055559157246,39.809412293926464
1994-09-15,232,1994-09-15,12.4444444444444,43.8888888888889,42.2777777777778,7.27777777777778,1234253.33333333,-2594728.33333333,3577,13.94843890199715,45.58986146291964,39.08942485102893
1994-09-24,233,1994-09-24,11.2222222222222,51.2222222222222,36.2222222222222,7.11111111111111,1234253.33333333,-2594728.33333333,3577,12.923758663075592,46.76427985498492,38.952506729590695
1994-10-10,234,1994-10-10,11.8333333333333,53.4444444444444,33.5555555555556,7.22222222222222,1234253.33333333,-2594728.33333333,3577,11.822804130851866,47.71475772249052,39.12013923468448
1994-10-17,235,1994-10-17,13.4444444444444,42.3333333333333,42.8333333333333,7.16666666666667,1234253.33333333,-2594728.33333333,3577,10.74266720551387,48.48158291656018,39.442534417760726
1994-11-02,236,1994-11-02,10.3333333333333,41.5,46.7777777777778,7.0,1234253.33333333,-2594728.33333333,3577,10.177864619039543,48.00907503228766,40.48417612658493
1994-11-11,237,1994-11-11,9.77777777777778,51.2777777777778,37.7222222222222,6.83333333333333,1234253.33333333,-2594728.33333333,3577,9.863894962964682,46.70155352043198,42.12174615889157
1994-12-04,238,1994-12-04,6.2,50.2,42.0,4.6,1234227.0,-2594691.0,3577,10.42448755234977,45.32334273912542,42.936782687550256
1994-12-13,239,1994-12-13,11.2222222222222,44.8333333333333,42.8888888888889,7.55555555555556,1234253.33333333,-2594728.33333333,3577,10.4520159922621,44.549507939594164,43.700187153740984
1994-12-20,240,1994-12-20,12.0555555555556,39.8333333333333,46.8333333333333,7.77777777777778,1234253.33333333,-2594728.33333333,3577,9.914463761211502,44.171175917299365,44.659725379532944
1994-12-29,241,1994-12-29,11.4444444444444,41.1666666666667,46.2222222222222,7.44444444444444,1234253.33333333,-2594728.33333333,3577,8.280439546692172,44.84740835359362,45.68336135827712
1995-01-05,242,1995-01-05,11.8888888888889,42.0555555555556,44.8888888888889,7.55555555555556,1234253.33333333,-2594728.33333333,3577,9.576935104797446,41.526628514238425,47.734542375402086
1995-01-14,243,1995-01-14,11.7222222222222,43.0555555555556,43.9444444444444,7.44444444444444,1234253.33333333,-2594728.33333333,3577,14.733496912442076,36.94277834308244,47.16797529954718
1995-01-21,244,1995-01-21,14.1111111111111,33.6666666666667,51.1111111111111,7.61111111111111,1234253.33333333,-2594728.33333333,3577,21.913139492083584,32.82831530354261,44.11724412497745
1995-01-30,245,1995-01-30,23.6666666666667,31.3333333333333,43.9444444444444,8.0,1234253.33333333,-2594728.33333333,3577,28.961829536128604,29.17082590611568,40.67828439190059
1995-02-06,246,1995-02-06,39.4444444444444,25.6111111111111,33.7222222222222,8.33333333333333,1234253.33333333,-2594728.33333333,3577,35.08913377643503,26.391551860588173,37.330649914235664
1995-02-15,247,1995-02-15,53.2777777777778,12.8888888888889,32.5555555555556,10.6111111111111,1234253.33333333,-2594728.33333333,3577,38.089893938185455,26.15964719834298,34.53343508915747
1995-03-03,248,1995-03-03,38.3333333333333,31.1666666666667,29.2222222222222,8.88888888888889,1234253.33333333,-2594728.33333333,3577,37.10919386770226,28.113659817989998,33.51769420809167
1995-03-19,249,1995-03-19,24.2777777777778,37.6666666666667,36.8333333333333,8.0,1234253.33333333,-2594728.33333333,3577,33.352159364538295,31.97658533416571,33.398414966521436
1995-03-26,250,1995-03-26,22.1666666666667,40.8888888888889,35.5555555555556,8.11111111111111,1234253.33333333,-2594728.33333333,3577,26.69299087564943,36.53678004141857,35.433877955544475
1995-04-04,251,1995-04-04,19.7777777777778,39.5,39.4444444444444,7.27777777777778,1234253.33333333,-2594728.33333333,3577,19.77906596327354,40.90690424126347,37.97356272897501
1995-04-11,252,1995-04-11,18.3333333333333,41.7777777777778,38.6111111111111,7.61111111111111,1234253.33333333,-2594728.33333333,3577,15.796330776204584,44.307264115307035,38.59085737103736
1995-04-20,253,1995-04-20,17.2222222222222,40.2777777777778,41.0555555555556,7.77777777777778,1234253.33333333,-2594728.33333333,3577,15.314592700039322,44.965934650138465,38.39696921584893
1995-04-27,254,1995-04-27,17.1111111111111,46.9444444444444,34.7222222222222,8.16666666666667,1234253.33333333,-2594728.33333333,3577,16.828217877750955,43.15549758118773,38.694301914110376
1995-05-06,255,1995-05-06,13.1666666666667,46.8888888888889,38.5,7.16666666666667,1234253.33333333,-2594728.33333333,3577,16.447755718651074,44.22342260422096,38.009765432360375
1995-05-13,256,1995-05-13,18.0,46.7777777777778,34.1666666666667,8.55555555555556,1234253.33333333,-2594728.33333333,3577,15.623651374423027,45.360292614155796,37.73503190994887
1995-05-22,257,1995-05-22,16.8333333333333,40.3888888888889,41.4444444444444,8.11111111111111,1234253.33333333,-2594728.33333333,3577,15.621523643193132,45.74472998620921,37.38194158781837
1995-05-29,258,1995-05-29,14.2222222222222,43.3333333333333,41.0555555555556,8.44444444444444,1234253.33333333,-2594728.33333333,3577,16.038931828403122,45.04445863733116,37.74032176972789
1995-06-07,259,1995-06-07,16.2777777777778,46.4444444444444,36.2222222222222,8.11111111111111,1234253.33333333,-2594728.33333333,3577,16.577442681155382,44.17258558434368,38.086753459812776
1995-06-23,260,1995-06-23,16.5555555555556,47.7222222222222,34.5555555555556,8.0,1234253.33333333,-2594728.33333333,3577,17.065418413713097,43.037573881220695,38.683981996669715
1995-06-30,261,1995-06-30,17.7777777777778,40.1666666666667,40.9444444444444,7.88888888888889,1234253.33333333,-2594728.33333333,3577,16.926305204940462,42.18253504320984,39.62717794760546
1995-07-09,262,1995-07-09,18.0,37.5555555555556,43.1111111111111,7.83333333333333,1234253.33333333,-2594728.33333333,3577,16.737580616835107,40.17371259630721,41.777416941497385
1995-07-16,263,1995-07-16,17.1666666666667,38.9444444444444,42.5,8.5,1234253.33333333,-2594728.33333333,3577,17.201877070295566,38.56745593587122,42.94086134023573
1995-07-25,264,1995-07-25,15.1111111111111,37.8333333333333,45.5,7.77777777777778,1234253.33333333,-2594728.33333333,3577,16.656533181298485,36.02990731318366,46.000015636231666
1995-08-01,265,1995-08-01,15.3333333333333,35.3888888888889,48.0555555555556,7.88888888888889,1234253.33333333,-2594728.33333333,3577,15.820239787729662,35.508628798097156,47.342057151647595
1995-08-10,266,1995-08-10,15.2222222222222,34.3333333333333,49.3333333333333,7.72222222222222,1234253.33333333,-2594728.33333333,3577,15.086713767826042,36.493470066220006,47.13750027062015
1995-08-17,267,1995-08-17,16.6111111111111,37.3333333333333,44.9444444444444,8.44444444444444,1234253.33333333,-2594728.33333333,3577,14.180900454892125,37.429329012914735,47.16153677762878
1995-08-26,268,1995-08-26,11.9444444444444,40.2222222222222,46.5,7.66666666666667,1234253.33333333,-2594728.33333333,3577,13.253825465897776,37.97994351708954,47.598107774571226
1995-09-11,269,1995-09-11,11.3888888888889,37.0555555555556,50.2222222222222,7.72222222222222,1234253.33333333,-2594728.33333333,3577,12.32494148438236,38.83627294617427,47.63448127379302
1995-09-18,270,1995-09-18,12.1666666666667,43.2777777777778,43.3333333333333,8.16666666666667,1234253.33333333,-2594728.33333333,3577,11.13508747873907,40.10725256854688,47.508815230170356
1995-09-27,271,1995-09-27,9.38888888888889,39.0,50.5,8.05555555555556,1234253.33333333,-2594728.33333333,3577,9.869952201220084,40.60104859020662,48.222117579695514
1995-10-04,272,1995-10-04,9.44444444444444,39.7222222222222,49.5555555555556,8.44444444444444,1234253.33333333,-2594728.33333333,3577,9.258284199459293,41.860645030917425,47.57647323436086
1995-10-13,273,1995-10-13,8.88888888888889,44.2777777777778,45.3888888888889,7.83333333333333,1234253.33333333,-2594728.33333333,3577,9.579786914150809,42.49077702482642,46.65385697892741
1995-10-20,274,1995-10-20,8.88888888888889,42.8888888888889,46.8333333333333,7.77777777777778,1234253.33333333,-2594728.33333333,3577,8.674309178951843,44.18257232962458,45.88353287578609
1995-10-29,275,1995-10-29,8.22222222222222,44.6666666666667,46.0,7.55555555555556,1234253.33333333,-2594728.33333333,3577,7.496388028894646,44.721825302313995,46.48403900879987
1995-11-05,276,1995-11-05,9.33333333333333,45.0555555555556,44.3333333333333,7.94444444444444,1234253.33333333,-2594728.33333333,3577,7.572470357298949,44.66365488655846,46.46534287864863
1995-11-21,277,1995-11-21,9.05555555555556,46.1666666666667,43.5555555555556,8.05555555555556,1234253.33333333,-2594728.33333333,3577,9.190513133236221,43.39258264954213,46.18385690676023
1995-12-07,278,1995-12-07,7.66666666666667,37.3888888888889,53.6666666666667,8.11111111111111,1234253.33333333,-2594728.33333333,3577,10.996237680446564,40.818086797956866,46.953667419604685
1995-12-23,279,1995-12-23,8.38888888888889,40.2222222222222,50.0,7.94444444444444,1234253.33333333,-2594728.33333333,3577,13.226878212944339,34.92778583644935,50.56270131656375
1996-01-17,280,1996-01-17,21.2222222222222,31.2222222222222,46.2777777777778,7.88888888888889,1234253.33333333,-2594728.33333333,3577,15.10670048905115,33.27127911647537,50.267739312623455
1996-02-02,281,1996-02-02,18.4444444444444,34.7777777777778,45.6111111111111,8.05555555555556,1234253.33333333,-2594728.33333333,3577,15.836559209621832,34.35575088825348,48.4389994250603
1996-02-09,282,1996-02-09,15.2222222222222,29.9444444444444,53.3888888888889,7.88888888888889,1234253.33333333,-2594728.33333333,3577,15.027671331074625,37.30603246082564,46.329608300189605
1996-02-18,283,1996-02-18,10.8333333333333,39.0555555555556,48.5,7.38888888888889,1234253.33333333,-2594728.33333333,3577,12.993337759589654,41.4987418841846,44.158577920181216
1996-02-25,284,1996-02-25,10.8333333333333,42.8333333333333,45.2222222222222,7.88888888888889,1234253.33333333,-2594728.33333333,3577,10.563288276908965,43.45622214042616,44.715194334382694
1996-03-12,285,1996-03-12,7.88888888888889,63.3333333333333,27.6111111111111,8.05555555555556,1234253.33333333,-2594728.33333333,3577,8.701411591503163,42.63750027062082,47.459229109376814
1996-03-21,286,1996-03-21,7.44444444444444,34.0555555555556,57.3888888888889,6.61111111111111,1234253.33333333,-2594728.33333333,3577,8.704760152127268,40.06846988580135,50.056386681766185
1996-03-28,287,1996-03-28,10.8333333333333,29.7222222222222,58.2222222222222,7.5,1234253.33333333,-2594728.33333333,3577,11.517456056154025,35.30760931534397,52.04926738207692
1996-04-06,288,1996-04-06,15.0555555555556,27.1111111111111,56.7222222222222,7.05555555555556,1234253.33333333,-2594728.33333333,3577,14.214928518331964,30.39299881404691,54.246762697218976
1996-04-13,289,1996-04-13,19.0,21.1111111111111,58.8888888888889,7.33333333333333,1234253.33333333,-2594728.33333333,3577,17.023022557075734,25.936792309853463,55.83884931716915
1996-04-22,290,1996-04-22,19.3333333333333,29.6666666666667,49.5,7.44444444444444,1234253.33333333,-2594728.33333333,3577,18.998133273672217,22.721158957997687,57.048478353423405
1996-05-08,291,1996-05-08,19.9444444444444,26.5555555555556,52.2777777777778,7.77777777777778,1234253.33333333,-2594728.33333333,3577,20.623396383455216,23.111113516682835,55.049335940968604
1996-05-15,292,1996-05-15,20.1666666666667,27.5,51.1666666666667,9.05555555555556,1234253.33333333,-2594728.33333333,3577,20.86790866511916,27.747119925134363,50.19262402543389
1996-05-24,293,1996-05-24,19.9444444444444,24.6666666666667,54.1666666666667,7.61111111111111,1234253.33333333,-2594728.33333333,3577,20.51986042852608,28.352907498414098,49.92293619692257
1996-05-31,294,1996-05-31,19.8888888888889,27.8333333333333,51.2777777777778,7.88888888888889,1234253.33333333,-2594728.33333333,3577,19.4107928535144,30.934878674812122,48.45513602324025
1996-06-16,295,1996-06-16,18.1666666666667,29.4444444444444,51.1111111111111,7.88888888888889,1234253.33333333,-2594728.33333333,3577,18.206160196869554,31.11918301855916,49.472930062705956
1996-06-25,296,1996-06-25,17.9444444444444,42.0,38.7222222222222,8.88888888888889,1234253.33333333,-2594728.33333333,3577,16.487036355454944,31.256156468226084,51.03874539632291
1996-07-11,297,1996-07-11,13.8333333333333,30.9444444444444,54.0,9.33333333333333,1234253.33333333,-2594728.33333333,3577,14.357735487764298,31.944334990769832,52.37244557986807
1996-08-03,298,1996-08-03,12.5555555555556,26.1666666666667,59.8333333333333,6.44444444444444,1234253.33333333,-2594728.33333333,3577,12.60818954007619,31.82801941779794,54.22609519822329
1996-08-12,299,1996-08-12,9.94444444444444,29.6666666666667,59.2222222222222,7.5,1234253.33333333,-2594728.33333333,3577,11.499950685707477,28.808506594879997,58.36574244468107
1996-08-19,300,1996-08-19,12.0,22.9444444444444,63.6111111111111,7.38888888888889,1234253.33333333,-2594728.33333333,3577,10.83068359229188,27.053539683566605,60.827146194010155
1996-08-28,301,1996-08-28,10.4444444444444,34.3333333333333,54.0,7.88888888888889,1234253.33333333,-2594728.33333333,3577,11.175876411168861,25.73273819403465,61.84901046664828
1996-09-04,302,1996-09-04,13.7777777777778,23.3888888888889,61.6111111111111,7.27777777777778,1234253.33333333,-2594728.33333333,3577,12.73550460547175,25.51232496433351,60.53434439656446
1996-09-13,303,1996-09-13,14.8888888888889,24.3333333333333,59.7777777777778,7.0,1234253.33333333,-2594728.33333333,3577,15.177108065650685,27.74413580914711,55.90444213508395
1996-09-20,304,1996-09-20,15.6666666666667,23.3333333333333,59.7777777777778,7.33333333333333,1234253.33333333,-2594728.33333333,3577,17.143160588978457,27.059124226302806,54.68237988361011
1996-10-15,305,1996-10-15,17.8333333333333,37.8333333333333,43.1666666666667,7.38888888888889,1234253.33333333,-2594728.33333333,3577,18.536254423248558,27.23405524643505,53.15883651950972
1996-10-22,306,1996-10-22,21.4444444444444,22.8333333333333,54.6111111111111,7.5,1234253.33333333,-2594728.33333333,3577,18.58663919499554,29.01295041387486,51.322318204663496
1996-10-31,307,1996-10-31,19.7777777777778,32.1111111111111,47.1666666666667,7.77777777777778,1234253.33333333,-2594728.33333333,3577,18.19546741527892,30.067428271758143,50.6264526666928
1996-11-07,308,1996-11-07,15.9444444444444,31.1666666666667,51.7777777777778,8.22222222222222,1234253.33333333,-2594728.33333333,3577,16.994131599392187,32.84122482264408,49.016958102090115
1996-11-23,309,1996-11-23,13.8888888888889,30.0555555555556,54.8888888888889,7.83333333333333,1234253.33333333,-2594728.33333333,3577,15.928850303460909,33.995835949391264,48.92321644642897
1996-12-02,310,1996-12-02,13.9444444444444,41.5,43.2777777777778,7.83333333333333,1234253.33333333,-2594728.33333333,3577,15.741109595596404,34.10995282666602,48.998835701614766
1996-12-09,311,1996-12-09,14.1111111111111,36.1666666666667,48.3888888888889,7.66666666666667,1234253.33333333,-2594728.33333333,3577,13.975141989071789,35.886127288598715,48.94512883057045
1996-12-25,312,1996-12-25,15.6666666666667,35.3333333333333,48.0555555555556,7.61111111111111,1234253.33333333,-2594728.33333333,3577,12.393570138150334,40.01681857873211,46.40123550339577
1997-01-03,313,1997-01-03,13.8888888888889,40.6111111111111,44.2222222222222,7.44444444444444,1234253.33333333,-2594728.33333333,3577,10.89803368286178,41.19304860945111,46.697775564641674
1997-01-10,314,1997-01-10,13.5555555555556,38.1111111111111,47.2777777777778,7.66666666666667,1234253.33333333,-2594728.33333333,3577,12.248699185229874,41.26527600365991,45.281752990724584
1997-01-19,315,1997-01-19,12.9444444444444,39.6111111111111,46.0555555555556,7.44444444444444,1234253.33333333,-2594728.33333333,3577,16.6824039393674,37.82667951243235,44.259121339610104
1997-01-26,316,1997-01-26,12.6111111111111,45.5,40.6666666666667,6.61111111111111,1234253.33333333,-2594728.33333333,3577,23.414882331287508,32.62209857565405,42.74112162346819
1997-02-11,317,1997-02-11,33.0555555555556,26.2222222222222,39.5,8.0,1234253.33333333,-2594728.33333333,3577,30.791288690664892,28.013080314933696,39.953302974968835
1997-02-20,318,1997-02-20,40.9444444444444,16.3333333333333,41.3888888888889,9.38888888888889,1234253.33333333,-2594728.33333333,3577,36.7424086061802,23.914739199565346,38.13413607375885
1997-03-08,319,1997-03-08,50.6666666666667,16.8888888888889,31.4444444444444,11.0,1234253.33333333,-2594728.33333333,3577,40.17781650753187,22.720752415795463,35.95564720796381
1997-03-15,320,1997-03-15,38.0,25.5,35.3333333333333,9.94444444444444,1234253.33333333,-2594728.33333333,3577,39.81562348899216,24.810517655715195,34.223473121300806
1997-03-24,321,1997-03-24,30.5,33.6666666666667,34.7222222222222,8.16666666666667,1234253.33333333,-2594728.33333333,3577,34.89788694277339,29.770055881506558,34.17362719838987
1997-03-31,322,1997-03-31,25.0555555555556,41.0555555555556,32.5555555555556,8.27777777777778,1234253.33333333,-2594728.33333333,3577,28.566048674403564,39.21878826367406,30.961266631540624
1997-04-09,323,1997-04-09,21.7777777777778,46.3333333333333,30.7222222222222,7.61111111111111,1234253.33333333,-2594728.33333333,3577,21.54910778142181,46.753491461033896,30.38816555093785
1997-04-16,324,1997-04-16,20.1666666666667,46.0,32.3333333333333,8.05555555555556,1234253.33333333,-2594728.33333333,3577,18.29916842967299,47.95100953661799,32.40056249748548
1997-05-02,325,1997-05-02,17.2777777777778,48.1111111111111,33.2222222222222,7.44444444444444,1234253.33333333,-2594728.33333333,3577,17.53984881514986,46.211674237744965,34.85943715462126
1997-05-11,326,1997-05-11,17.7777777777778,48.5,32.3333333333333,7.16666666666667,1234253.33333333,-2594728.33333333,3577,18.976753354340453,42.644985148342656,37.031265121578684
1997-05-27,327,1997-05-27,23.2777777777778,38.4444444444444,37.0,9.38888888888889,1234253.33333333,-2594728.33333333,3577,20.224547673222936,38.962222107488955,39.4942828730576
1997-06-19,328,1997-06-19,16.4615384615385,23.4615384615385,58.9230769230769,11.2307692307692,1234245.0,-2594724.23076923,3577,21.11362734272638,35.717883466717126,41.90186516269479
1997-06-28,329,1997-06-28,24.2777777777778,37.2222222222222,37.2222222222222,9.5,1234253.33333333,-2594728.33333333,3577,21.326252985454396,33.89039373806073,43.527712549675556
1997-07-05,330,1997-07-05,21.6666666666667,39.2222222222222,37.8333333333333,9.38888888888889,1234253.33333333,-2594728.33333333,3577,20.29431693970568,34.766678985981954,43.7690417927909
1997-07-21,331,1997-07-21,19.0,35.8333333333333,44.0555555555556,9.16666666666667,1234253.33333333,-2594728.33333333,3577,18.781185737601135,36.58874453586934,43.45593078826532
1997-07-30,332,1997-07-30,17.1111111111111,39.5555555555556,42.1111111111111,8.66666666666667,1234253.33333333,-2594728.33333333,3577,16.648189721418966,40.16469828165465,42.01874900653744
1997-08-06,333,1997-08-06,11.0,41.625,46.25,6.375,1234218.75,-2594718.75,3577,14.616760974463007,42.30599885216424,41.93448911041759
1997-08-15,334,1997-08-15,13.5,45.0555555555556,40.3333333333333,8.27777777777778,1234253.33333333,-2594728.33333333,3577,13.38022039879425,43.598034705226326,41.884182982473945
1997-08-22,335,1997-08-22,12.5,45.4444444444444,41.0,8.44444444444444,1234253.33333333,-2594728.33333333,3577,11.936029742529508,43.398407749794444,43.492171055632056
1997-09-07,336,1997-09-07,14.0555555555556,40.9444444444444,43.5555555555556,8.77777777777778,1234253.33333333,-2594728.33333333,3577,12.03564942109654,44.7170186624454,42.03487061613369
1997-09-16,337,1997-09-16,10.6111111111111,45.8888888888889,42.3888888888889,8.33333333333333,1234253.33333333,-2594728.33333333,3577,12.735413193615631,44.194533751415676,41.80951032111398
1997-09-23,338,1997-09-23,10.9444444444444,43.8333333333333,43.9444444444444,8.44444444444444,1234253.33333333,-2594728.33333333,3577,10.287087353649284,46.16226175784308,42.24210730789048
1997-10-02,339,1997-10-02,11.0555555555556,51.2777777777778,36.1666666666667,8.27777777777778,1234253.33333333,-2594728.33333333,3577,9.028246263539035,46.60580681787417,43.015720433670666
1997-10-09,340,1997-10-09,9.05555555555556,42.0555555555556,47.6111111111111,8.5,1234253.33333333,-2594728.33333333,3577,7.829898172002272,47.64674279108554,43.17562923831628
1997-10-25,341,1997-10-25,8.38888888888889,47.3888888888889,43.0,8.16666666666667,1234253.33333333,-2594728.33333333,3577,9.149756676071103,48.34914517885936,41.17096663226077
1997-11-10,342,1997-11-10,9.27777777777778,49.5555555555556,39.7222222222222,8.33333333333333,1234253.33333333,-2594728.33333333,3577,12.506152258472376,46.0454052311569,40.15124813266626
1997-11-19,343,1997-11-19,10.0,48.5555555555556,40.2222222222222,8.0,1234253.33333333,-2594728.33333333,3577,17.799761126383856,41.343360973385785,39.62165354424822
1998-01-22,344,1998-01-22,34.2777777777778,26.2777777777778,38.3333333333333,9.16666666666667,1234253.33333333,-2594728.33333333,3577,23.12375842251656,36.58735244802811,39.14059143470321
1998-02-07,345,1998-02-07,25.4444444444444,39.2777777777778,34.1111111111111,8.5,1234253.33333333,-2594728.33333333,3577,28.30310487585605,31.084956495168584,39.49824633570172
1998-02-23,346,1998-02-23,34.3333333333333,22.3333333333333,42.2222222222222,9.11111111111111,1234253.33333333,-2594728.33333333,3577,31.462133841386105,27.125687693795108,40.27189253814038
1998-03-03,347,1998-03-03,31.7777777777778,20.8888888888889,46.2777777777778,8.55555555555556,1234253.33333333,-2594728.33333333,3577,32.74240499781806,24.275393852789612,41.8195914852199
1998-03-11,348,1998-03-11,29.0,29.0555555555556,40.7777777777778,8.33333333333333,1234253.33333333,-2594728.33333333,3577,30.729215229210652,25.93086376986918,42.121719697564785
1998-03-19,349,1998-03-19,25.6666666666667,30.0,42.8333333333333,8.11111111111111,1234253.33333333,-2594728.33333333,3577,25.919380756838187,30.770390256453766,41.99735146174146
1998-03-27,350,1998-03-27,24.1666666666667,31.7222222222222,42.8333333333333,7.66666666666667,1234253.33333333,-2594728.33333333,3577,21.00473296912611,34.873273097726084,42.797836666251314
1998-04-12,351,1998-04-12,20.4444444444444,38.4444444444444,39.7222222222222,7.16666666666667,1234253.33333333,-2594728.33333333,3577,20.384052480024657,35.8561249551908,42.458758819433584
1998-04-20,352,1998-04-20,20.4444444444444,39.6666666666667,38.6666666666667,7.61111111111111,1234253.33333333,-2594728.33333333,3577,20.062688085904874,36.987836209192906,41.67202267975638
1998-04-28,353,1998-04-28,16.9444444444444,35.3888888888889,46.4444444444444,14.4444444444444,1234253.33333333,-2594728.33333333,3577,25.04961145008118,31.325712258961982,42.35695636441679
1998-05-06,354,1998-05-06,28.9444444444444,25.8333333333333,44.0555555555556,10.5,1234253.33333333,-2594728.33333333,3577,31.214788499704582,26.132688200522573,41.437829537258786
1998-05-22,355,1998-05-22,39.7777777777778,16.3888888888889,42.7222222222222,10.6666666666667,1234253.33333333,-2594728.33333333,3577,34.686671924965744,22.808395655414643,41.33840386125327
1998-05-30,356,1998-05-30,43.2222222222222,19.1111111111111,36.3333333333333,10.4444444444444,1234253.33333333,-2594728.33333333,3577,37.82974272939103,19.11522789923523,41.8591849175469
1998-06-07,357,1998-06-07,39.3333333333333,17.3333333333333,42.0555555555556,10.2777777777778,1234253.33333333,-2594728.33333333,3577,37.52975010177144,18.916826177522655,42.3812610223037
1998-06-23,358,1998-06-23,36.2777777777778,20.9444444444444,41.6666666666667,10.4444444444444,1234253.33333333,-2594728.33333333,3577,34.398149221218205,22.21102405758782,42.204838616323855
1998-07-01,359,1998-07-01,21.4444444444444,35.3888888888889,42.2222222222222,10.6666666666667,1234253.33333333,-2594728.33333333,3577,29.769012498656565,27.231845018127583,41.816472798528125
1998-07-09,360,1998-07-09,21.3529411764706,26.9411764705882,50.4117647058824,6.76470588235294,1234252.05882353,-2594725.58823529,3577,25.393738033144174,30.86124069378024,42.58785202938638
1998-07-17,361,1998-07-17,32.3888888888889,29.2777777777778,37.0555555555556,9.44444444444444,1234253.33333333,-2594728.33333333,3577,24.238348632080207,32.67248023430379,41.97853399154904
1998-07-25,362,1998-07-25,19.0,40.0,40.0,12.0,1234260.0,-2594685.0,3577,25.254475041941674,32.51452344777301,41.11688838286294
1998-08-02,363,1998-08-02,30.4444444444444,29.8888888888889,38.4444444444444,7.05555555555556,1234253.33333333,-2594728.33333333,3577,27.189353999766983,31.456670921699914,40.17826535955603
1998-08-10,364,1998-08-10,29.3888888888889,28.8888888888889,40.6666666666667,10.6666666666667,1234253.33333333,-2594728.33333333,3577,28.95680039824571,29.91086466700662,39.952001629558964
1998-08-18,365,1998-08-18,29.1666666666667,27.8333333333333,41.8888888888889,9.94444444444444,1234253.33333333,-2594728.33333333,3577,28.054201712001202,31.32043555909415,39.44601245493027
1998-09-19,366,1998-09-19,25.0,34.5,39.1666666666667,9.66666666666667,1234253.33333333,-2594728.33333333,3577,24.36606189091711,33.58535610365377,40.870232875234976
1998-09-27,367,1998-09-27,22.1111111111111,33.8888888888889,42.6666666666667,9.88888888888889,1234253.33333333,-2594728.33333333,3577,21.75186860125526,35.83710386013621,41.20939838404166
1998-10-05,368,1998-10-05,20.2777777777778,39.1666666666667,39.5,9.22222222222222,1234253.33333333,-2594728.33333333,3577,20.540737212560764,38.25921996819258,40.009825571739114
1998-10-13,369,1998-10-13,16.9444444444444,44.3888888888889,37.6111111111111,7.94444444444444,1234253.33333333,-2594728.33333333,3577,20.01604879468357,39.95516128178069,38.868777077749606
1998-10-29,370,1998-10-29,16.2777777777778,41.6111111111111,40.8333333333333,9.0,1234253.33333333,-2594728.33333333,3577,21.186998587924208,38.50085037081365,39.166671477811136
1998-11-14,371,1998-11-14,27.8333333333333,31.9444444444444,39.1666666666667,10.1666666666667,1234253.33333333,-2594728.33333333,3577,21.94466060255206,38.343339666863336,38.585100314196715
1998-11-22,372,1998-11-22,29.1666666666667,38.4444444444444,31.2777777777778,10.2222222222222,1234253.33333333,-2594728.33333333,3577,24.932198520430102,36.59292771211726,37.3589173124721
1998-11-30,373,1998-11-30,28.1666666666667,27.8333333333333,42.7777777777778,9.33333333333333,1234253.33333333,-2594728.33333333,3577,28.176769738685053,34.24365263219237,36.416605410408025
1998-12-16,374,1998-12-16,29.2777777777778,34.6111111111111,34.9444444444444,9.44444444444444,1234253.33333333,-2594728.33333333,3577,32.04692280543197,31.281090598423347,35.49963383708983
1998-12-24,375,1998-12-24,26.0,36.0,36.8888888888889,8.83333333333333,1234253.33333333,-2594728.33333333,3577,35.76219892937626,28.691739117431403,34.395009359400504
1999-01-09,376,1999-01-09,42.6111111111111,31.3333333333333,24.8333333333333,11.6666666666667,1234253.33333333,-2594728.33333333,3577,37.60850312397738,28.463899877208313,32.7814265198117
1999-01-17,377,1999-01-17,45.2777777777778,17.8333333333333,35.7777777777778,11.0555555555556,1234253.33333333,-2594728.33333333,3577,37.50099315888228,29.307595225547512,31.98078495291638
1999-01-25,378,1999-01-25,36.1428571428571,28.8571428571429,33.7142857142857,8.14285714285714,1234257.85714286,-2594766.42857143,3577,37.0299935702357,30.49650384015255,31.248146590247167
1999-02-02,379,1999-02-02,37.1111111111111,33.1666666666667,28.6111111111111,10.3333333333333,1234253.33333333,-2594728.33333333,3577,35.54982392907558,32.765038195373876,30.436817052911564
1999-02-18,380,1999-02-18,30.2777777777778,36.5555555555556,31.8333333333333,9.94444444444444,1234253.33333333,-2594728.33333333,3577,33.66740363179489,33.041726247603684,32.056617101503946
1999-02-26,381,1999-02-26,27.7777777777778,41.3333333333333,29.6111111111111,8.55555555555556,1234253.33333333,-2594728.33333333,3577,34.01715501560196,33.488452380088255,31.317602761870518
1999-03-06,382,1999-03-06,33.6111111111111,30.5555555555556,34.6111111111111,10.5,1234253.33333333,-2594728.33333333,3577,34.23875299106986,32.790017687845605,31.850526666311374
1999-03-14,383,1999-03-14,40.8888888888889,26.4444444444444,31.7777777777778,10.7222222222222,1234253.33333333,-2594728.33333333,3577,37.02955575555641,30.323644020233907,31.54355362559225
1999-03-22,384,1999-03-22,42.9444444444444,24.6111111111111,31.3888888888889,10.8333333333333,1234253.33333333,-2594728.33333333,3577,38.924861516186965,27.197034991148563,32.79147581004676
1999-04-15,385,1999-04-15,40.7777777777778,25.8333333333333,32.3333333333333,11.5,1234253.33333333,-2594728.33333333,3577,39.15705605023905,26.906501651079658,32.81275071677058
1999-05-01,386,1999-05-01,38.5,29.5,30.7222222222222,10.8888888888889,1234253.33333333,-2594728.33333333,3577,38.912477357517986,27.84406640830372,32.061574905997354
1999-05-09,387,1999-05-09,28.0,32.6666666666667,38.0,6.33333333333333,1234215.0,-2594775.0,3577,36.449362642855654,29.81029153164929,32.499955496854646
1999-05-17,388,1999-05-17,36.8888888888889,32.7222222222222,29.1111111111111,11.1111111111111,1234253.33333333,-2594728.33333333,3577,33.602405935992245,32.734100350968504,32.39681886740223
1999-06-02,389,1999-06-02,33.5,34.4444444444444,30.8333333333333,10.1666666666667,1234253.33333333,-2594728.33333333,3577,31.830055135777915,34.41047471619712,32.47571391456352
1999-06-10,390,1999-06-10,32.4444444444444,33.4444444444444,32.8333333333333,10.6666666666667,1234253.33333333,-2594728.33333333,3577,31.046184036117456,35.61374581730085,32.10384386854493
1999-06-18,391,1999-06-18,29.4444444444444,35.5555555555556,33.8333333333333,10.1111111111111,1234253.33333333,-2594728.33333333,3577,30.15890207143623,36.297382613940655,32.3238842340961
1999-06-26,392,1999-06-26,27.3333333333333,37.7222222222222,33.8333333333333,10.1666666666667,1234253.33333333,-2594728.33333333,3577,29.38252794676501,36.58453732369595,32.81255397508776
1999-07-04,393,1999-07-04,28.4722222222222,40.3055555555556,29.8055555555556,9.88888888888889,1234253.33333333,-2594728.33333333,3577,27.884954570708892,37.58378979121453,33.25037587111393
1999-07-12,394,1999-07-12,26.5,37.8888888888889,34.2777777777778,9.66666666666667,1234253.33333333,-2594728.33333333,3577,25.530687922324965,39.09178171329292,34.05942372040935
1999-07-20,395,1999-07-20,24.7777777777778,37.8888888888889,36.0833333333333,9.36111111111111,1234253.33333333,-2594728.33333333,3577,24.889970796313833,39.914321230878755,33.84185748891126
1999-07-28,396,1999-07-28,23.6111111111111,40.6666666666667,34.2777777777778,9.16666666666667,1234253.33333333,-2594728.33333333,3577,23.681567400604127,41.58901229488844,33.38136605396169
1999-07-29,397,1999-07-29,23.2777777777778,42.9444444444444,32.3888888888889,9.05555555555556,1234253.33333333,-2594728.33333333,3577,22.589936035753112,42.17785740230931,33.874060322197685
1999-08-05,398,1999-08-05,19.3055555555556,45.9166666666667,33.4722222222222,7.80555555555556,1234253.33333333,-2594728.33333333,3577,21.339813952813873,42.77977981769912,34.54876341408334
1999-08-13,399,1999-08-13,21.3888888888889,43.0,34.3888888888889,9.27777777777778,1234253.33333333,-2594728.33333333,3577,20.517448238033417,43.91558235365628,34.236213047353445
1999-08-14,400,1999-08-14,20.4444444444444,43.0,35.1666666666667,9.0,1234253.33333333,-2594728.33333333,3577,19.816726445206452,44.854903524401465,33.99064110983108
1999-08-21,401,1999-08-21,18.8888888888889,46.1944444444444,33.6388888888889,8.69444444444444,1234253.33333333,-2594728.33333333,3577,19.060102694000754,44.697720837807026,34.93469585109929
1999-08-29,402,1999-08-29,18.3333333333333,41.2777777777778,38.9444444444444,8.88888888888889,1234253.33333333,-2594728.33333333,3577,18.39758865145584,44.76230632112315,35.55267969044526
1999-08-30,403,1999-08-30,17.9444444444444,48.7222222222222,32.1111111111111,8.66666666666667,1234253.33333333,-2594728.33333333,3577,17.9031395161399,44.55081536969414,36.24700325473777
1999-09-06,404,1999-09-06,17.1111111111111,47.3611111111111,34.2222222222222,8.52777777777778,1234253.33333333,-2594728.33333333,3577,17.06747457908191,46.65796209293961,34.964524983095615
1999-09-14,405,1999-09-14,15.4444444444444,44.8333333333333,38.5555555555556,8.38888888888889,1234253.33333333,-2594728.33333333,3577,16.404599098869078,47.464521374730985,34.83159590666811
1999-09-15,406,1999-09-15,17.2222222222222,48.2222222222222,33.1666666666667,8.33333333333333,1234253.33333333,-2594728.33333333,3577,16.222632974178527,49.24243566889889,33.23670979862436
1999-09-22,407,1999-09-22,15.4166666666667,52.2777777777778,30.9166666666667,8.13888888888889,1234253.33333333,-2594728.33333333,3577,15.646420744715623,51.509979528547674,31.503893423393386
1999-09-30,408,1999-09-30,14.6666666666667,53.2222222222222,30.7777777777778,8.16666666666667,1234253.33333333,-2594728.33333333,3577,15.016079465767636,52.950161895200424,30.703061816060348
1999-10-01,409,1999-10-01,14.0,58.1666666666667,26.5,8.11111111111111,1234253.33333333,-2594728.33333333,3577,14.31130908994474,54.172173028202096,30.17990755374207
1999-10-08,410,1999-10-08,15.1111111111111,48.8888888888889,34.7222222222222,8.27777777777778,1234253.33333333,-2594728.33333333,3577,12.876837558724201,56.53546539459008,29.24942807450111
1999-10-17,411,1999-10-17,11.0555555555556,62.8888888888889,24.6666666666667,8.11111111111111,1234253.33333333,-2594728.33333333,3577,12.241462613751828,56.542849307546746,29.866161616157157
1999-10-24,412,1999-10-24,12.2777777777778,50.1944444444444,36.25,8.5,1234253.33333333,-2594728.33333333,3577,11.891685971405572,54.29144324886548,32.49747474746991
1999-11-01,413,1999-11-01,13.6111111111111,52.0,33.1666666666667,9.33333333333333,1234253.33333333,-2594728.33333333,3577,13.498918693963118,51.238575622855876,33.9630902078607
1999-11-02,414,1999-11-02,14.5555555555556,53.8333333333333,30.1666666666667,8.0,1234253.33333333,-2594728.33333333,3577,16.34874164363084,47.86061977237731,34.55053932994596
1999-11-09,415,1999-11-09,19.8333333333333,42.2777777777778,36.6388888888889,9.36111111111111,1234253.33333333,-2594728.33333333,3577,20.778388793865556,45.14818914315143,32.872017838537715
1999-12-02,416,1999-12-02,28.8333333333333,35.6111111111111,34.5555555555556,10.0,1234253.33333333,-2594728.33333333,3577,26.97003615579063,41.5094848821567,30.365891439996815
1999-12-04,417,1999-12-04,30.1111111111111,38.7222222222222,30.1111111111111,10.1111111111111,1234253.33333333,-2594728.33333333,3577,32.69670628648467,37.39354457891051,28.784393560511543
1999-12-18,418,1999-12-18,39.0,39.0,20.8333333333333,10.8333333333333,1234253.33333333,-2594728.33333333,3577,35.796963442468936,36.04592242981797,27.010850346759614
1999-12-20,419,1999-12-20,38.5555555555556,35.7777777777778,24.4444444444444,12.0555555555556,1234253.33333333,-2594728.33333333,3577,37.33706558319004,34.128022605184675,27.371312704319433
2000-01-05,420,2000-01-05,40.5,31.375,26.8125,8.5625,1234246.875,-2594724.375,3577,39.460893767389436,31.052694424593803,28.261561645264827
2000-01-12,421,2000-01-12,37.5555555555556,25.9444444444444,35.3333333333333,8.83333333333333,1234253.33333333,-2594728.33333333,3577,39.619638597484574,30.242329106548212,28.82919385891386
2000-01-28,422,2000-01-28,31.7222222222222,35.0,31.8888888888889,9.44444444444444,1234253.33333333,-2594728.33333333,3577,37.75785730238609,30.584845376100635,30.30860189266498
2000-02-29,423,2000-02-29,36.7777777777778,31.1666666666667,30.7222222222222,8.66666666666667,1234253.33333333,-2594728.33333333,3577,34.708941596885936,32.83614658408762,31.142646108154068
2000-03-25,424,2000-03-25,40.8888888888889,30.3888888888889,27.4444444444444,10.6111111111111,1234253.33333333,-2594728.33333333,3577,31.970026811055632,36.282502614867994,30.467961170430407
2000-04-01,425,2000-04-01,35.0555555555556,35.0,28.6111111111111,10.3888888888889,1234253.33333333,-2594728.33333333,3577,32.27849519430369,38.76603145669606,27.69103880592808
2000-04-10,426,2000-04-10,20.1538461538462,55.2307692307692,23.4615384615385,6.46153846153846,1234242.69230769,-2594715.0,3577,32.932896480879215,39.452623571812715,26.396439731575093
2000-04-17,427,2000-04-17,30.3888888888889,38.7222222222222,29.7222222222222,10.0,1234253.33333333,-2594728.33333333,3577,34.146089931867195,38.85235612274205,25.826139816029382
2000-05-12,428,2000-05-12,39.7777777777778,32.7777777777778,26.3333333333333,11.6111111111111,1234253.33333333,-2594728.33333333,3577,35.55403671240248,36.819400228777894,26.456776599068426
2000-05-28,429,2000-05-28,44.1666666666667,30.8333333333333,23.6666666666667,12.1666666666667,1234253.33333333,-2594728.33333333,3577,35.968338374858384,36.484338304647196,26.30967410509767
2000-06-04,430,2000-06-04,38.2777777777778,34.1111111111111,26.3888888888889,11.4444444444444,1234253.33333333,-2594728.33333333,3577,37.13516454966246,35.42967753052959,26.160827754179415
2000-06-20,431,2000-06-20,30.5,38.4285714285714,29.8571428571429,9.64285714285714,1234240.71428571,-2594723.57142857,3577,37.159102058001004,35.685809387875985,25.842667678696213
2000-06-29,432,2000-06-29,33.3333333333333,41.0555555555556,24.1111111111111,10.8333333333333,1234253.33333333,-2594728.33333333,3577,34.178497285303315,38.52705808123191,25.953772405780924
2000-07-06,433,2000-07-06,31.0,41.5555555555556,26.0,10.7777777777778,1234253.33333333,-2594728.33333333,3577,29.09245467294567,42.6951825264455,26.872199352071522
2000-07-15,434,2000-07-15,25.2222222222222,46.5,27.0555555555556,10.3888888888889,1234253.33333333,-2594728.33333333,3577,25.953363114349926,43.97155063717874,28.731095529852873
2000-07-22,435,2000-07-22,26.3333333333333,42.3333333333333,30.1111111111111,10.2222222222222,1234253.33333333,-2594728.33333333,3577,23.83332731939185,44.71281298680012,30.09622214730126
2000-08-16,436,2000-08-16,19.7777777777778,46.7222222222222,32.0555555555556,9.33333333333333,1234253.33333333,-2594728.33333333,3577,21.797787351963652,45.78898913263552,31.03012656417768
2000-08-23,437,2000-08-23,18.3333333333333,46.7222222222222,33.5555555555556,9.38888888888889,1234253.33333333,-2594728.33333333,3577,18.93963810526995,47.78121912486522,31.905837712334524
2000-09-08,438,2000-09-08,17.5555555555556,47.9444444444444,33.0555555555556,9.05555555555556,1234253.33333333,-2594728.33333333,3577,16.225363903380057,50.99278585191134,31.418077278753728
2000-09-17,439,2000-09-17,14.8333333333333,56.0555555555556,27.7222222222222,8.5,1234253.33333333,-2594728.33333333,3577,15.13359241377591,53.57473400351856,29.911408680754082
2000-09-24,440,2000-09-24,13.2777777777778,55.5,29.8888888888889,8.72222222222222,1234253.33333333,-2594728.33333333,3577,13.974290415464804,54.4563159578558,30.216685790984698
2000-10-03,441,2000-10-03,12.3888888888889,59.3333333333333,27.0555555555556,8.27777777777778,1234253.33333333,-2594728.33333333,3577,12.13939826942742,57.28082443871062,29.280520133456932
2000-10-10,442,2000-10-10,13.1111111111111,57.3888888888889,28.2222222222222,8.55555555555556,1234253.33333333,-2594728.33333333,3577,11.983120079093522,58.72340696798024,28.004320412984946
2000-10-26,443,2000-10-26,13.3888888888889,56.0,29.3333333333333,9.61111111111111,1234253.33333333,-2594728.33333333,3577,12.196510953784683,59.495324764665725,27.06378911765503
2000-11-04,444,2000-11-04,12.8888888888889,52.8333333333333,33.0,9.16666666666667,1234253.33333333,-2594728.33333333,3577,14.548712897007935,54.868067433074714,29.330364853580278
2000-11-11,445,2000-11-11,13.7777777777778,58.5555555555556,26.4444444444444,9.5,1234253.33333333,-2594728.33333333,3577,17.328132294788432,52.124481020281756,29.32340570968377
2000-11-20,446,2000-11-20,20.4444444444444,59.1666666666667,19.1666666666667,10.6666666666667,1234253.33333333,-2594728.33333333,3577,20.243471130226844,51.246699041999804,27.33139758550162
2000-11-27,447,2000-11-27,28.5,38.7222222222222,31.6666666666667,10.1111111111111,1234253.33333333,-2594728.33333333,3577,22.955208560587355,49.81015978014521,26.106850467408616
2000-12-13,448,2000-12-13,26.4,41.0,31.6,8.0,1234281.0,-2594763.0,3577,26.738431894369775,47.61877314555815,24.532432260387658
2000-12-22,449,2000-12-22,29.4444444444444,44.5555555555556,24.6666666666667,10.9444444444444,1234253.33333333,-2594728.33333333,3577,29.93270079659247,45.446146943996816,23.49045671324437
2000-12-29,450,2000-12-29,27.7692307692308,63.1538461538462,8.23076923076923,11.7692307692308,1234238.07692308,-2594719.61538462,3577,32.37713404585985,43.83255272418707,22.638822134174806
2001-01-07,451,2001-01-07,35.4444444444444,35.6666666666667,27.5555555555556,10.5,1234253.33333333,-2594728.33333333,3577,34.32320021805101,42.29263997624882,22.21199695490863
2001-01-14,452,2001-01-14,38.0,33.1111111111111,27.6111111111111,11.1111111111111,1234253.33333333,-2594728.33333333,3577,35.670053901532256,40.506104424531344,22.61364038834528
2001-01-23,453,2001-01-23,40.7222222222222,36.5,21.5,10.1111111111111,1234253.33333333,-2594728.33333333,3577,37.9474921971412,36.681128336874224,24.13251723270416
2001-01-30,454,2001-01-30,35.1666666666667,39.7222222222222,24.0,9.94444444444444,1234253.33333333,-2594728.33333333,3577,39.98163389625044,32.73431273549859,26.076321220518324
2001-02-08,455,2001-02-08,41.3333333333333,31.6111111111111,25.8888888888889,9.83333333333333,1234253.33333333,-2594728.33333333,3577,40.799244945464125,31.717333815923958,26.283058200296466
2001-02-15,456,2001-02-15,40.9444444444444,29.0,28.7777777777778,9.94444444444444,1234253.33333333,-2594728.33333333,3577,40.77089663002364,33.33094219161831,24.663219477457268
2001-02-24,457,2001-02-24,39.4444444444444,32.8333333333333,26.4444444444444,9.22222222222222,1234253.33333333,-2594728.33333333,3577,39.267787424128265,38.17868732574044,21.335999913396094
2001-03-03,458,2001-03-03,40.2222222222222,42.7777777777778,15.8333333333333,10.2777777777778,1234253.33333333,-2594728.33333333,3577,37.868633946027614,38.773440525756726,22.05579370749319
2001-03-12,459,2001-03-12,33.9444444444444,48.5,16.2222222222222,8.77777777777778,1234253.33333333,-2594728.33333333,3577,35.28518935484349,40.86921248685344,22.511211183034433
2001-03-19,460,2001-03-19,32.3333333333333,39.0555555555556,27.0555555555556,8.94444444444444,1234253.33333333,-2594728.33333333,3577,32.25207901832804,42.97420982869258,23.400770024605528
2001-04-04,461,2001-04-04,26.9444444444444,45.0,26.7222222222222,8.94444444444444,1234253.33333333,-2594728.33333333,3577,28.00620518112358,45.5886021443229,24.980962278172157
2001-04-13,462,2001-04-13,25.2777777777778,45.1111111111111,28.2222222222222,8.22222222222222,1234253.33333333,-2594728.33333333,3577,25.0194178026958,46.19145732148139,27.349692447211574
2001-05-06,463,2001-05-06,23.2777777777778,42.5,32.7777777777778,8.5,1234253.33333333,-2594728.33333333,3577,22.566217064665715,45.74744588056599,30.258469428743545
2001-05-15,464,2001-05-15,20.0,50.3888888888889,28.2222222222222,8.11111111111111,1234253.33333333,-2594728.33333333,3577,20.45314901816145,46.79868823985774,31.33197658893785
2001-05-22,465,2001-05-22,20.0,48.6666666666667,29.7777777777778,7.38888888888889,1234253.33333333,-2594728.33333333,3577,19.7340191628088,48.18355861543998,30.698441908963634
2001-05-31,466,2001-05-31,17.6666666666667,51.2777777777778,29.7222222222222,7.88888888888889,1234253.33333333,-2594728.33333333,3577,19.118369934156558,48.98716385093364,30.498721436797375
2001-06-16,467,2001-06-16,19.8888888888889,44.2777777777778,34.6666666666667,7.66666666666667,1234253.33333333,-2594728.33333333,3577,18.68931635959221,48.56843259938512,31.318370655827295
2001-06-23,468,2001-06-23,17.9444444444444,48.6666666666667,31.8888888888889,8.11111111111111,1234253.33333333,-2594728.33333333,3577,17.798026706692774,48.97115113987449,31.855801405332272
2001-07-02,469,2001-07-02,16.7777777777778,50.8888888888889,30.8888888888889,8.72222222222222,1234253.33333333,-2594728.33333333,3577,17.421433915239366,46.835459861768655,34.436384564862415
2001-07-09,470,2001-07-09,18.2777777777778,44.4444444444444,36.0555555555556,8.66666666666667,1234253.33333333,-2594728.33333333,3577,16.314052648415544,46.06575278865612,36.40172383515495
2001-08-03,471,2001-08-03,12.7222222222222,50.5,35.5555555555556,8.5,1234253.33333333,-2594728.33333333,3577,14.671565620479846,49.432379282217084,34.7396710616473
2001-08-19,472,2001-08-19,12.0555555555556,50.0,36.9444444444444,8.33333333333333,1234253.33333333,-2594728.33333333,3577,12.522678559828405,51.93014330010456,34.41295546558189
2001-08-26,473,2001-08-26,12.3888888888889,49.7222222222222,36.9444444444444,8.44444444444444,1234253.33333333,-2594728.33333333,3577,10.594184281489216,54.67666423702756,33.6129646067676
2001-09-04,474,2001-09-04,10.1666666666667,56.2222222222222,32.4444444444444,8.33333333333333,1234253.33333333,-2594728.33333333,3577,9.002641321525443,56.68552156477004,33.20685901645154
2001-09-20,475,2001-09-20,6.27777777777778,70.1111111111111,22.3333333333333,7.61111111111111,1234253.33333333,-2594728.33333333,3577,8.661690734444875,58.140218570550424,32.03022725468064
2001-10-06,476,2001-10-06,9.5,56.4444444444444,32.7222222222222,8.27777777777778,1234253.33333333,-2594728.33333333,3577,9.702277598560999,57.44714109419131,31.638675394088594
2001-10-29,477,2001-10-29,10.5555555555556,45.4444444444444,42.8333333333333,8.72222222222222,1234253.33333333,-2594728.33333333,3577,11.133013872950308,54.506757260619054,33.12242212551314
2001-11-07,478,2001-11-07,15.8888888888889,54.1666666666667,28.7777777777778,9.66666666666667,1234253.33333333,-2594728.33333333,3577,14.03573722458963,51.20276232194969,33.52317170273326
2001-11-23,479,2001-11-23,17.6666666666667,46.3333333333333,34.8888888888889,9.16666666666667,1234253.33333333,-2594728.33333333,3577,18.414504655987983,45.52127250114184,34.861207935506144
2001-11-30,480,2001-11-30,25.1111111111111,38.9444444444444,34.6666666666667,9.5,1234253.33333333,-2594728.33333333,3577,23.59981092178883,39.203011298980655,36.067244245257456
2001-12-09,481,2001-12-09,24.5,38.1111111111111,36.2222222222222,9.16666666666667,1234253.33333333,-2594728.33333333,3577,28.17326155096633,35.988694999525535,34.6752449476856
2001-12-25,482,2001-12-25,31.0,35.0555555555556,32.7777777777778,9.72222222222222,1234253.33333333,-2594728.33333333,3577,30.85268137434859,36.81402378151055,31.150222154861474
2002-01-10,483,2002-01-10,39.5,29.6111111111111,29.7777777777778,10.3333333333333,1234253.33333333,-2594728.33333333,3577,35.27454588754371,30.198866492979636,33.335297485447306
2002-01-17,484,2002-01-17,33.1111111111111,29.0555555555556,36.6111111111111,9.77777777777778,1234253.33333333,-2594728.33333333,3577,35.751422055751064,29.901897277125027,33.14936745400646
2002-01-26,485,2002-01-26,33.8888888888889,37.5555555555556,27.3333333333333,9.44444444444444,1234253.33333333,-2594728.33333333,3577,33.95072900954746,33.933073290653375,30.899576859324558
2002-02-02,486,2002-02-02,30.8333333333333,40.2222222222222,27.5,10.0555555555556,1234253.33333333,-2594728.33333333,3577,30.144475235802,38.98399210008535,29.620055039555254
2002-02-11,487,2002-02-11,28.6111111111111,34.2222222222222,36.1666666666667,8.55555555555556,1234253.33333333,-2594728.33333333,3577,25.904101746203132,44.07858773492789,28.707799596340195
2002-02-18,488,2002-02-18,24.7777777777778,39.5,34.3333333333333,8.38888888888889,1234253.33333333,-2594728.33333333,3577,21.037839697279274,49.240237574595525,28.39706664164444
2002-02-27,489,2002-02-27,5.2,81.8,11.6,4.0,1234209.0,-2594727.0,3577,18.975862218274244,49.753709036054516,29.997072896139628
2002-03-06,490,2002-03-06,21.8888888888889,39.4444444444444,37.3888888888889,8.83333333333333,1234253.33333333,-2594728.33333333,3577,17.67962910841904,50.547907029323596,30.52656596928587
2002-03-15,491,2002-03-15,18.4444444444444,48.0,32.2777777777778,8.33333333333333,1234253.33333333,-2594728.33333333,3577,16.128463727532527,50.450047028986845,32.14105811628551
2002-03-22,492,2002-03-22,17.5555555555556,44.4444444444444,36.8333333333333,8.33333333333333,1234253.33333333,-2594728.33333333,3577,15.66755913504906,50.25289571109252,32.79667838181279
2002-03-31,493,2002-03-31,16.5,46.9444444444444,35.3888888888889,8.16666666666667,1234253.33333333,-2594728.33333333,3577,15.122579690688887,49.80359320761052,33.784675764546876
2002-04-07,494,2002-04-07,15.2777777777778,48.3888888888889,35.0,8.16666666666667,1234253.33333333,-2594728.33333333,3577,14.886772944975066,47.87077995962727,35.97331423306119
2002-04-16,495,2002-04-16,7.44444444444444,64.2222222222222,26.7222222222222,5.94444444444444,1234253.33333333,-2594728.33333333,3577,13.864190848708919,48.82582553324855,36.00780007745414
2002-04-23,496,2002-04-23,14.0,43.7222222222222,41.0555555555556,8.22222222222222,1234253.33333333,-2594728.33333333,3577,11.430890231198129,53.19147295771886,34.0346595269145
2002-05-02,497,2002-05-02,12.6666666666667,50.3333333333333,35.8888888888889,7.66666666666667,1234253.33333333,-2594728.33333333,3577,12.231170961819295,50.63865614948449,35.77456392935735
2002-05-09,498,2002-05-09,13.1111111111111,49.4444444444444,36.0,7.94444444444444,1234253.33333333,-2594728.33333333,3577,12.327734357144275,50.19158361417672,36.12702880194601
2002-05-25,499,2002-05-25,14.0,46.1666666666667,38.4444444444444,8.16666666666667,1234253.33333333,-2594728.33333333,3577,12.789615613143104,48.87122715604957,37.041098048832445
2002-06-03,500,2002-06-03,11.4444444444444,53.0555555555556,34.2222222222222,8.22222222222222,1234253.33333333,-2594728.33333333,3577,13.170377266350513,48.067649584670264,37.47361685441621
2002-06-19,501,2002-06-19,12.6111111111111,47.3333333333333,38.6666666666667,7.94444444444444,1234253.33333333,-2594728.33333333,3577,13.352878631514388,47.34865203595146,38.00565310162264
2002-06-26,502,2002-06-26,13.3888888888889,47.4444444444444,38.0,8.11111111111111,1234253.33333333,-2594728.33333333,3577,12.536113697102518,48.84766334456007,37.29666996229905
2002-07-05,503,2002-07-05,12.9444444444444,46.1666666666667,39.6111111111111,7.94444444444444,1234253.33333333,-2594728.33333333,3577,12.795247064594998,46.988834522883224,38.912467133823554
2002-07-12,504,2002-07-12,12.8888888888889,46.6666666666667,39.1111111111111,7.94444444444444,1234253.33333333,-2594728.33333333,3577,12.65289354608052,46.17926105541515,39.83763329892766
2002-07-21,505,2002-07-21,12.5555555555556,44.9444444444444,41.0,7.77777777777778,1234253.33333333,-2594728.33333333,3577,12.497077226177543,45.15963517046434,40.959073949779906
2002-07-28,506,2002-07-28,12.2777777777778,46.0555555555556,40.3888888888889,7.77777777777778,1234253.33333333,-2594728.33333333,3577,12.577191298551668,44.444051132899006,41.56384276197897
2002-08-06,507,2002-08-06,11.1666666666667,47.7777777777778,39.5555555555556,7.66666666666667,1234253.33333333,-2594728.33333333,3577,12.10080682990721,45.992648562301156,40.5296595389414
2002-08-13,508,2002-08-13,13.0,41.1666666666667,44.4444444444444,7.66666666666667,1234253.33333333,-2594728.33333333,3577,12.002451281087275,47.07903517190742,39.56231642453962
2002-08-29,509,2002-08-29,11.8333333333333,48.2777777777778,38.6111111111111,8.11111111111111,1234253.33333333,-2594728.33333333,3577,11.850456217327519,48.37743714832776,38.47734188755286
2002-09-07,510,2002-09-07,11.5555555555556,52.3888888888889,34.8888888888889,7.77777777777778,1234253.33333333,-2594728.33333333,3577,11.810943442520617,48.91238534426658,38.00068919727795
2002-09-14,511,2002-09-14,11.7222222222222,52.2222222222222,34.7777777777778,7.83333333333333,1234253.33333333,-2594728.33333333,3577,11.204635062218514,50.80519411788002,36.72745434819189
2002-09-23,512,2002-09-23,9.61111111111111,52.8333333333333,36.3333333333333,7.5,1234253.33333333,-2594728.33333333,3577,10.588248524779438,51.2319503681656,36.896649274352725
2002-09-30,513,2002-09-30,10.9444444444444,48.3888888888889,39.1666666666667,7.66666666666667,1234253.33333333,-2594728.33333333,3577,9.87825985503855,52.29077750593996,36.512385103710905
2002-10-25,514,2002-10-25,8.94444444444444,52.3333333333333,37.4444444444444,7.11111111111111,1234253.33333333,-2594728.33333333,3577,9.137550787704212,54.00035241675302,35.49826918866635
2002-11-01,515,2002-11-01,8.61111111111111,56.5555555555556,33.4444444444444,7.38888888888889,1234253.33333333,-2594728.33333333,3577,8.63136725675295,56.19823021834567,33.784561499726706
2002-11-10,516,2002-11-10,6.94444444444444,60.6111111111111,31.1111111111111,7.16666666666667,1234253.33333333,-2594728.33333333,3577,8.207055070830922,57.895138573148515,32.53063018852004
2002-11-17,517,2002-11-17,9.88888888888889,55.0555555555556,33.6111111111111,7.66666666666667,1234253.33333333,-2594728.33333333,3577,8.231917892907376,59.046556298869476,31.364959429970213
2002-11-26,518,2002-11-26,7.72222222222222,67.0555555555556,23.8888888888889,7.22222222222222,1234253.33333333,-2594728.33333333,3577,8.032685752498796,62.193960322434,28.43934582788647
2002-12-03,519,2002-12-03,8.44444444444444,60.6111111111111,29.7222222222222,7.72222222222222,1234253.33333333,-2594728.33333333,3577,9.25515214059968,58.24419113737129,31.139925090384832
2002-12-12,520,2002-12-12,9.11111111111111,56.4444444444444,33.0,7.16666666666667,1234253.33333333,-2594728.33333333,3577,9.858109554702512,57.3268863918933,31.419611692052825
2002-12-19,521,2002-12-19,10.1666666666667,53.7222222222222,34.7777777777778,7.61111111111111,1234253.33333333,-2594728.33333333,3577,9.35104558324233,60.09510681955604,29.20808104863395
2002-12-28,522,2002-12-28,9.44444444444444,66.2777777777778,22.8333333333333,7.22222222222222,1234253.33333333,-2594728.33333333,3577,8.74311659702396,63.09541383108552,26.842722443531112
2003-01-04,523,2003-01-04,8.94444444444444,62.3888888888889,27.3888888888889,7.72222222222222,1234253.33333333,-2594728.33333333,3577,8.701175243743604,64.64643577955306,25.334931236630226
2003-01-13,524,2003-01-13,9.5,56.1666666666667,32.9444444444444,6.0,1234253.33333333,-2594728.33333333,3577,7.2831991924473325,68.16452780964148,23.225646408111967
2003-01-20,525,2003-01-20,0.0,99.0,0.0,4.0,1234215.0,-2594655.0,3577,4.852355268569722,71.53130705722518,22.343846147828877
2003-01-29,526,2003-01-29,9.05555555555556,57.5555555555556,32.1111111111111,6.88888888888889,1234253.33333333,-2594728.33333333,3577,5.2997862345764695,68.02400733939967,25.445131687194444
2003-02-05,527,2003-02-05,10.5555555555556,51.9444444444444,36.0555555555556,6.94444444444444,1234253.33333333,-2594728.33333333,3577,8.812528115158392,60.146920502948674,29.85078157136534
2003-02-14,528,2003-02-14,9.66666666666667,57.8888888888889,31.2222222222222,7.16666666666667,1234253.33333333,-2594728.33333333,3577,14.166553754980447,51.9013476633368,32.7608083995419
2003-02-21,529,2003-02-21,12.3125,53.125,33.5625,6.125,1234260.0,-2594726.25,3577,20.57856052186241,42.64324207783321,35.546628315779344
2003-03-02,530,2003-03-02,32.3888888888889,22.1111111111111,44.3888888888889,8.83333333333333,1234253.33333333,-2594728.33333333,3577,26.28995735516241,34.64065668593014,37.84290947699825
2003-03-09,531,2003-03-09,38.1111111111111,26.7222222222222,33.8333333333333,9.38888888888889,1234253.33333333,-2594728.33333333,3577,29.480505820284698,32.45740448061943,36.85111594631168
2003-03-18,532,2003-03-18,28.1666666666667,40.9444444444444,29.6666666666667,7.5,1234253.33333333,-2594728.33333333,3577,29.071627052853362,35.82295658417412,33.92068743519475
2003-03-25,533,2003-03-25,23.9444444444444,40.6111111111111,34.0,8.22222222222222,1234253.33333333,-2594728.33333333,3577,27.1908449522573,37.040692408720915,34.53417525456483
2003-04-03,534,2003-04-03,22.0555555555556,36.3888888888889,40.4444444444444,7.55555555555556,1234253.33333333,-2594728.33333333,3577,22.996841930855528,41.450283677444645,34.29802535355428
2003-04-10,535,2003-04-10,15.3888888888889,56.1111111111111,27.5555555555556,9.77777777777778,1234253.33333333,-2594728.33333333,3577,17.442834513265346,48.35779923550097,32.97083300256181
2003-04-26,536,2003-04-26,13.8333333333333,48.3333333333333,36.4444444444444,7.77777777777778,1234253.33333333,-2594728.33333333,3577,13.13845363013124,52.015420037471074,33.64528125382884
2003-05-05,537,2003-05-05,14.0,43.9444444444444,40.7222222222222,7.38888888888889,1234253.33333333,-2594728.33333333,3577,12.641160353232763,49.85548627498346,36.311273006314
2003-05-12,538,2003-05-12,12.6111111111111,58.3888888888889,27.8888888888889,9.44444444444444,1234253.33333333,-2594728.33333333,3577,13.507178236278373,48.877261541340914,36.42642788927073
2003-05-21,539,2003-05-21,13.2777777777778,41.6666666666667,43.9444444444444,7.66666666666667,1234253.33333333,-2594728.33333333,3577,12.558378498005094,45.68763245697548,40.57969550229005
2003-05-28,540,2003-05-28,12.2222222222222,44.1111111111111,42.3888888888889,7.94444444444444,1234253.33333333,-2594728.33333333,3577,12.930712218635966,41.25713914567788,44.609288887919995
2003-06-29,541,2003-06-29,14.8333333333333,32.5,51.5,8.27777777777778,1234253.33333333,-2594728.33333333,3577,13.672239181525056,36.40993526596699,48.73546491347621
2003-07-07,542,2003-07-07,14.3333333333333,34.6666666666667,49.8888888888889,8.22222222222222,1234253.33333333,-2594728.33333333,3577,13.657013530920851,34.45635138542028,50.694790245866265
2003-07-15,543,2003-07-15,12.0555555555556,33.2777777777778,53.3888888888889,7.94444444444444,1234253.33333333,-2594728.33333333,3577,13.394401045679643,32.390818488196146,52.93961404951325
2003-07-23,544,2003-07-23,10.6111111111111,27.3888888888889,60.6111111111111,6.05555555555556,1234253.33333333,-2594728.33333333,3577,13.637678829908708,30.401657463150247,54.633017481306524
2003-07-24,545,2003-07-24,18.7272727272727,39.9090909090909,40.0,8.81818181818182,1234247.72727273,-2594753.18181818,3577,13.124733555212883,33.64528941364915,51.87702820054987
2003-07-31,546,2003-07-31,10.1666666666667,33.1111111111111,55.4444444444444,7.66666666666667,1234253.33333333,-2594728.33333333,3577,12.475866613917113,36.77207153480175,49.424845020812874
2003-08-08,547,2003-08-08,10.5,39.6111111111111,48.5555555555556,7.88888888888889,1234253.33333333,-2594728.33333333,3577,11.448471158573597,40.86052628298008,46.40538632333606
2003-08-09,548,2003-08-09,11.1666666666667,41.5555555555556,46.0555555555556,7.72222222222222,1234253.33333333,-2594728.33333333,3577,10.406849350416616,42.83940555175492,45.57293944444967
2003-08-16,549,2003-08-16,10.6111111111111,45.0555555555556,43.2222222222222,8.0,1234253.33333333,-2594728.33333333,3577,9.134158325333434,44.96919119751267,44.813443436501764
2003-08-24,550,2003-08-24,5.33333333333333,58.0,35.6666666666667,19.0,1234235.0,-2594705.0,3577,7.604132537567943,46.67526659786027,44.66827359086754
2003-09-01,551,2003-09-01,8.05555555555556,41.2777777777778,49.7222222222222,7.66666666666667,1234253.33333333,-2594728.33333333,3577,6.880093504705481,47.65696558342907,44.37051089604607
2003-09-09,552,2003-09-09,6.27777777777778,42.7777777777778,49.7222222222222,7.77777777777778,1234253.33333333,-2594728.33333333,3577,7.196798299738399,49.64206184251883,42.00036985717473
2003-09-17,553,2003-09-17,6.66666666666667,49.8333333333333,42.2777777777778,7.55555555555556,1234253.33333333,-2594728.33333333,3577,6.479204404126037,49.206906526558605,43.0557726587074
2003-09-25,554,2003-09-25,7.38888888888889,54.0,37.1666666666667,7.5,1234253.33333333,-2594728.33333333,3577,6.803708675224685,49.74268163895901,42.10681475386728
2003-09-26,555,2003-09-26,6.83333333333333,52.7222222222222,39.0,7.72222222222222,1234253.33333333,-2594728.33333333,3577,7.257210711543995,49.69499050999855,41.67681278129572
2003-10-03,556,2003-10-03,7.86111111111111,48.6944444444444,42.0833333333333,7.58333333333333,1234253.33333333,-2594728.33333333,3577,7.017857185812794,49.4840215683795,42.10457937314892
2003-10-11,557,2003-10-11,6.0,48.6666666666667,44.1111111111111,7.5,1234253.33333333,-2594728.33333333,3577,6.995971262998081,53.02428849099884,38.74697017807894
2003-10-12,558,2003-10-12,7.27777777777778,48.3888888888889,43.1111111111111,7.38888888888889,1234253.33333333,-2594728.33333333,3577,7.0024392532122,48.97026348264009,42.820588596124
2003-10-19,559,2003-10-19,6.66666666666667,52.0555555555556,40.1666666666667,7.16666666666667,1234253.33333333,-2594728.33333333,3577,6.315168233897939,47.963760611586295,44.49318079580573
2003-10-27,560,2003-10-27,4.72222222222222,49.7777777777778,44.2777777777778,7.33333333333333,1234253.33333333,-2594728.33333333,3577,5.623258664279495,49.98837866638979,43.16796868421611
2003-11-04,561,2003-11-04,5.94444444444444,54.5555555555556,38.2222222222222,7.08333333333333,1234253.33333333,-2594728.33333333,3577,5.122878583404132,54.083808434419566,39.526039749718066
2003-11-12,562,2003-11-12,6.83333333333333,55.4444444444444,36.5555555555556,7.27777777777778,1234253.33333333,-2594728.33333333,3577,4.794407518865004,57.07044907276253,36.82240360258386
2003-11-13,563,2003-11-13,1.0,44.0,53.0,7.0,1234185.0,-2594775.0,3577,4.554610765910393,58.97178019777756,35.11603712764179
2003-11-20,564,2003-11-20,5.5,82.7222222222222,10.9444444444444,9.38888888888889,1234253.33333333,-2594728.33333333,3577,4.847061580687909,60.18707598267305,33.58335040365975
2003-11-28,565,2003-11-28,6.33333333333333,60.3333333333333,32.0555555555556,7.22222222222222,1234253.33333333,-2594728.33333333,3577,5.81118631309066,61.16486914687951,31.675300275914733
2003-11-29,566,2003-11-29,6.77777777777778,56.5,35.2222222222222,7.16666666666667,1234253.33333333,-2594728.33333333,3577,6.244635243562628,62.6398438096963,29.829052057197153
2003-12-06,567,2003-12-06,6.88888888888889,53.5833333333333,38.2222222222222,7.72222222222222,1234253.33333333,-2594728.33333333,3577,8.77386390698953,58.9722497012835,30.978336407838796
2003-12-14,568,2003-12-14,7.83333333333333,61.3333333333333,29.5555555555556,8.05555555555556,1234253.33333333,-2594728.33333333,3577,8.455169912777599,58.24880994081123,32.008443687767304
2003-12-15,569,2003-12-15,9.53846153846154,59.7692307692308,29.5384615384615,8.69230769230769,1234254.23076923,-2594747.30769231,3577,5.617299942257427,57.94462861632749,35.15899078032394
2003-12-22,570,2003-12-22,6.23076923076923,57.2307692307692,35.3461538461538,8.76923076923077,1234250.76923077,-2594739.23076923,3577,3.6356082011708875,56.37085625997619,38.68666857869662
2003-12-30,571,2003-12-30,6.5,50.0,42.0555555555556,7.55555555555556,1234253.33333333,-2594728.33333333,3577,5.399335958158675,55.48184605608162,37.944940667011686
2003-12-31,572,2003-12-31,7.72222222222222,46.1111111111111,44.8888888888889,7.5,1234253.33333333,-2594728.33333333,3577,10.507148979462238,48.8728011027295,39.43507935859692
2004-01-07,573,2004-01-07,0.0,62.0,37.0,6.0,1234185.0,-2594775.0,3577,16.95922932086051,40.5800148490014,41.297258753254
2004-01-31,574,2004-01-31,32.1111111111111,24.2777777777778,42.6111111111111,8.83333333333333,1234253.33333333,-2594728.33333333,3577,25.417186297332528,32.48242834405721,40.935533688474685
2004-02-08,575,2004-02-08,44.5428571428571,18.8857142857143,35.3428571428571,9.48571428571429,1234255.28571429,-2594727.0,3577,32.75649321041782,28.219528558283578,37.862953775730915
2004-02-16,576,2004-02-16,39.0555555555556,22.3333333333333,37.3333333333333,8.88888888888889,1234253.33333333,-2594728.33333333,3577,37.19324371877997,26.78469853159856,34.84435563575908
2004-02-24,577,2004-02-24,35.0555555555556,33.2777777777778,30.4722222222222,9.25,1234253.33333333,-2594728.33333333,3577,37.63145952773875,27.208793614362303,34.01024439955818
2004-03-03,578,2004-03-03,30.0,29.0,39.8888888888889,8.33333333333333,1234253.33333333,-2594728.33333333,3577,34.50656868071215,30.142939190148308,34.13697400809893
2004-03-11,579,2004-03-11,30.75,42.25,25.625,9.25,1234245.0,-2594763.75,3577,28.397274981636087,36.52209512193487,33.87789115768486
2004-03-19,580,2004-03-19,18.0555555555556,43.7777777777778,37.1666666666667,6.94444444444444,1234253.33333333,-2594728.33333333,3577,21.406709166303507,43.84074771117459,33.56821040156452
2004-03-27,581,2004-03-27,20.7222222222222,40.2222222222222,37.8333333333333,8.05555555555556,1234253.33333333,-2594728.33333333,3577,19.16247099992944,44.459301792112484,35.17255938075845
2004-04-04,582,2004-04-04,19.7222222222222,43.0,36.1111111111111,7.83333333333333,1234253.33333333,-2594728.33333333,3577,19.684392404977686,44.18285489879257,34.84160004941216
2004-04-05,583,2004-04-05,17.0555555555556,50.8888888888889,30.4444444444444,7.66666666666667,1234253.33333333,-2594728.33333333,3577,18.207423725222856,46.29776510038975,34.15927523628248
2004-04-12,584,2004-04-12,16.8333333333333,46.2222222222222,35.8333333333333,7.61111111111111,1234253.33333333,-2594728.33333333,3577,16.822707306450916,45.742434466111845,36.097583659884734
2004-04-20,585,2004-04-20,17.3333333333333,41.2222222222222,39.9444444444444,7.16666666666667,1234253.33333333,-2594728.33333333,3577,14.580464083557871,44.88443857483436,39.21336369168598
2004-04-21,586,2004-04-21,15.2777777777778,47.0555555555556,36.3888888888889,7.33333333333333,1234253.33333333,-2594728.33333333,3577,13.577774650528035,47.94487865075385,37.21890643755412
2004-04-28,587,2004-04-28,12.0,50.5555555555556,36.2777777777778,9.27777777777778,1234253.33333333,-2594728.33333333,3577,11.115984325270588,49.16807873927884,38.549418933314115
2004-05-07,588,2004-05-07,0.0,52.0,47.0,15.0,1234215.0,-2594655.0,3577,9.463403383680603,50.044171772492476,39.3119694203227
2004-05-14,589,2004-05-14,13.1111111111111,39.6111111111111,46.0555555555556,7.61111111111111,1234253.33333333,-2594728.33333333,3577,7.936753219259767,48.42593173939199,42.411773125389104
2004-05-23,590,2004-05-23,9.66666666666667,62.4444444444444,26.6666666666667,7.0,1234251.66666667,-2594761.66666667,3577,9.032157127357015,49.786742755001555,39.96653844950464
2004-06-07,591,2004-06-07,12.7222222222222,46.1111111111111,39.8888888888889,8.0,1234253.33333333,-2594728.33333333,3577,10.291968156306604,46.285948751182445,42.20760977458913
2004-06-08,592,2004-06-08,5.4,33.0,60.0,5.6,1234251.0,-2594679.0,3577,10.881509360638045,42.00201024074585,45.77219192290279
2004-06-15,593,2004-06-15,12.0277777777778,41.0833333333333,45.6111111111111,8.13888888888889,1234253.33333333,-2594728.33333333,3577,10.949762132352674,37.949220659248745,49.7036111619488
2004-06-24,594,2004-06-24,14.8181818181818,33.7272727272727,50.3636363636364,8.09090909090909,1234261.36363636,-2594704.09090909,3577,10.448760428986846,34.07621130003115,54.040523553743746
2004-07-09,595,2004-07-09,12.2777777777778,42.1666666666667,44.2222222222222,7.94444444444444,1234253.33333333,-2594728.33333333,3577,9.156366759236207,32.483872368049894,56.93277587408456
2004-07-10,596,2004-07-10,0.0,17.0,81.0,5.0,1234215.0,-2594655.0,3577,9.616506870867942,31.92654494237188,57.05856722630426
2004-07-18,597,2004-07-18,10.0,41.5555555555556,47.1666666666667,7.88888888888889,1234253.33333333,-2594728.33333333,3577,9.255823121959779,36.10295382676255,53.273408361700646
2004-07-25,598,2004-07-25,13.4444444444444,35.1111111111111,50.3333333333333,8.0,1234253.33333333,-2594728.33333333,3577,9.56899536519541,38.117661631052,50.966140696902315
2004-08-02,599,2004-08-02,10.6666666666667,43.0,45.0,7.77777777777778,1234253.33333333,-2594728.33333333,3577,9.148424357520396,39.220885555125946,50.31886000532545
2004-08-03,600,2004-08-03,9.11111111111111,45.7777777777778,43.9444444444444,7.55555555555556,1234253.33333333,-2594728.33333333,3577,11.024271837023232,41.258724836058505,46.45050399574591
2004-08-10,601,2004-08-10,9.66666666666667,39.0,50.0555555555556,7.83333333333333,1234253.33333333,-2594728.33333333,3577,11.711776382172351,41.4851680562502,45.59989854023466
2004-08-11,602,2004-08-11,11.7692307692308,42.2307692307692,44.6153846153846,7.84615384615385,1234256.53846154,-2594710.38461538,3577,10.984860512722658,43.282570886279586,44.50965237032682
2004-08-18,603,2004-08-18,10.6111111111111,39.2777777777778,48.9444444444444,7.88888888888889,1234253.33333333,-2594728.33333333,3577,8.56922079534479,41.314900243567564,48.82965382107305
2004-08-19,604,2004-08-19,8.77777777777778,40.7222222222222,49.2777777777778,7.55555555555556,1234253.33333333,-2594728.33333333,3577,8.112004967326456,43.59489638724521,47.06879550815499
2004-08-27,605,2004-08-27,8.11111111111111,47.0555555555556,43.5,7.5,1234253.33333333,-2594728.33333333,3577,7.707707351788122,44.61281834561922,46.471981798039884
2004-09-03,606,2004-09-03,1.66666666666667,48.3333333333333,49.0,7.66666666666667,1234215.0,-2594775.0,3577,6.87004167011209,45.36845914996897,46.515917636408574
2004-09-04,607,2004-09-04,8.72222222222222,48.2777777777778,41.6666666666667,7.88888888888889,1234253.33333333,-2594728.33333333,3577,6.571479075288522,45.35855951154433,46.849802417913885
2004-09-11,608,2004-09-11,7.33333333333333,39.4444444444444,52.0,7.94444444444444,1234253.33333333,-2594728.33333333,3577,6.80357636859083,45.1101911908619,46.864884786385716
2004-09-12,609,2004-09-12,9.0,47.1333333333333,42.5333333333333,8.2,1234251.0,-2594739.0,3577,7.440449986888506,44.194316022100324,47.08937989507309
2004-09-20,610,2004-09-20,7.05555555555556,40.2222222222222,51.3888888888889,7.33333333333333,1234253.33333333,-2594728.33333333,3577,7.8010865982990545,43.05185061604013,47.86137363718143
2004-09-27,611,2004-09-27,7.38888888888889,40.6111111111111,50.8333333333333,7.61111111111111,1234253.33333333,-2594728.33333333,3577,8.069430913082961,43.357752751299344,47.27433766378604
2004-10-05,612,2004-10-05,8.0,49.2352941176471,41.5882352941176,7.58823529411765,1234257.35294118,-2594725.58823529,3577,7.481161940913145,43.52247535947487,47.705294968081475
2004-10-06,613,2004-10-06,6.16666666666667,45.1111111111111,47.2222222222222,7.16666666666667,1234253.33333333,-2594728.33333333,3577,6.486496303832796,44.160276680758145,48.08454740588422
2004-10-13,614,2004-10-13,6.94444444444444,40.1111111111111,51.6111111111111,7.22222222222222,1234253.33333333,-2594728.33333333,3577,6.81633897578068,44.964745667325,46.933424496538954
2004-10-14,615,2004-10-14,6.94444444444444,47.7222222222222,44.2777777777778,7.11111111111111,1234253.33333333,-2594728.33333333,3577,6.9930308769307565,44.28512332281475,47.47774512461474
2004-10-22,616,2004-10-22,6.88888888888889,42.4444444444444,49.3888888888889,7.11111111111111,1234253.33333333,-2594728.33333333,3577,7.049814478605995,44.049032535276176,47.660712110076695
2004-10-29,617,2004-10-29,6.11111111111111,40.0555555555556,52.5555555555556,6.88888888888889,1234253.33333333,-2594728.33333333,3577,7.150920802622524,42.410421808703575,49.19796774786024
2004-11-06,618,2004-11-06,9.66666666666667,47.2222222222222,41.8333333333333,8.16666666666667,1234253.33333333,-2594728.33333333,3577,7.371448297143792,41.5361938391379,49.87414641247442
2004-11-07,619,2004-11-07,7.38888888888889,39.2777777777778,52.2222222222222,7.16666666666667,1234253.33333333,-2594728.33333333,3577,7.732285774080276,41.317925957967134,49.69748592530584
2004-11-14,620,2004-11-14,7.05555555555556,36.7222222222222,54.9444444444444,7.16666666666667,1234253.33333333,-2594728.33333333,3577,8.431910023240027,39.10963718083876,51.18328369256395
2004-11-15,621,2004-11-15,7.57142857142857,39.7142857142857,51.2857142857143,7.28571428571429,1234240.71428571,-2594766.42857143,3577,8.151984066843529,38.00794991042102,52.56886251003111
2004-11-23,622,2004-11-23,10.8333333333333,39.0,48.9444444444444,7.38888888888889,1234253.33333333,-2594728.33333333,3577,7.65170141176219,38.50505359792711,52.61684170661711
2004-11-30,623,2004-11-30,9.33333333333333,37.2777777777778,52.1666666666667,7.61111111111111,1234253.33333333,-2594728.33333333,3577,9.509762854962677,38.57374359386168,50.51896847561726
2004-12-08,624,2004-12-08,11.7777777777778,35.6666666666667,51.2777777777778,7.11111111111111,1234253.33333333,-2594728.33333333,3577,13.406563680555486,38.71643509568629,46.60652539754011
2004-12-16,625,2004-12-16,12.5555555555556,38.0,48.3333333333333,7.88888888888889,1234253.33333333,-2594728.33333333,3577,16.735553747935146,36.08587280452066,46.007995294172645
2004-12-17,626,2004-12-17,14.4444444444444,41.2777777777778,42.8888888888889,6.77777777777778,1234253.33333333,-2594728.33333333,3577,17.294071769301375,34.46751098917767,47.2140251389407
2005-01-10,627,2005-01-10,26.3333333333333,29.8333333333333,42.7777777777778,7.88888888888889,1234253.33333333,-2594728.33333333,3577,17.114757791225813,31.36979863101684,50.5400005695983
2005-01-17,628,2005-01-17,24.1111111111111,27.3333333333333,47.6666666666667,7.77777777777778,1234253.33333333,-2594728.33333333,3577,15.979344357050934,30.247879270707557,52.768615006416724
2005-01-18,629,2005-01-18,9.0,24.0,67.0,5.0,1234215.0,-2594655.0,3577,15.485834770662164,29.05268901204999,54.47051802256095
2005-01-25,630,2005-01-25,4.0,28.0,66.0,5.0,1234215.0,-2594655.0,3577,14.2966134312862,28.817207560237307,55.8484301216416
2005-02-02,631,2005-02-02,13.8333333333333,43.7777777777778,41.3333333333333,7.22222222222222,1234253.33333333,-2594728.33333333,3577,14.268499474379684,31.345686262477248,53.22881394920074
2005-02-03,632,2005-02-03,21.0,24.125,53.4375,7.5,1234252.5,-2594735.625,3577,14.282774157385015,34.39388496779624,50.054777502331945
2005-02-10,633,2005-02-10,17.2222222222222,42.8888888888889,38.7777777777778,8.44444444444444,1234255.0,-2594695.0,3577,15.135990772211409,38.51521796915959,45.01488735292243
2005-02-11,634,2005-02-11,19.1111111111111,35.6111111111111,44.1666666666667,7.77777777777778,1234253.33333333,-2594728.33333333,3577,17.2460915417546,40.47959350590325,40.957183769097156
2005-02-18,635,2005-02-18,13.5,45.0,40.0,18.5,1234305.0,-2594730.0,3577,17.796716871017622,40.52883893711462,40.448381919931606
2005-02-19,636,2005-02-19,16.0555555555556,43.2777777777778,39.4444444444444,7.66666666666667,1234253.33333333,-2594728.33333333,3577,15.75623104105842,40.542655358051775,42.57323127078682
2005-02-26,637,2005-02-26,11.5,36.5,51.0,6.5,1234200.0,-2594775.0,3577,13.690454196644113,41.75021559966757,43.33143668766087
2005-02-27,638,2005-02-27,15.6666666666667,44.2777777777778,38.8888888888889,7.72222222222222,1234253.33333333,-2594728.33333333,3577,13.650587802288552,41.71547698946457,43.41461471104786
2005-03-06,639,2005-03-06,14.9444444444444,36.2222222222222,47.3888888888889,7.38888888888889,1234253.33333333,-2594728.33333333,3577,14.012108462570769,38.98714971818106,45.739441178869335
2005-03-14,640,2005-03-14,13.7222222222222,40.5,44.5555555555556,7.55555555555556,1234253.33333333,-2594728.33333333,3577,13.551553881273211,40.404845068925724,44.749752827145535
2005-03-15,641,2005-03-15,12.2777777777778,45.5555555555556,40.7777777777778,7.55555555555556,1234253.33333333,-2594728.33333333,3577,13.793903550867416,39.54648653719271,45.297265342150226
2005-03-22,642,2005-03-22,13.7222222222222,36.2777777777778,48.7222222222222,7.33333333333333,1234253.33333333,-2594728.33333333,3577,13.263334704509177,40.73692509760015,44.56009607866527
2005-03-23,643,2005-03-23,13.6111111111111,36.2777777777778,48.4444444444444,7.16666666666667,1234253.33333333,-2594728.33333333,3577,12.954740306131542,40.66185671912622,44.9735723512746
2005-03-31,644,2005-03-31,11.2222222222222,48.5,39.1111111111111,7.22222222222222,1234253.33333333,-2594728.33333333,3577,12.328460563276511,41.4999561445082,44.82254858474715
2005-04-07,645,2005-04-07,12.9444444444444,42.1666666666667,43.3888888888889,7.5,1234253.33333333,-2594728.33333333,3577,12.191771341567074,43.889978799474534,42.64350116290416
2005-04-15,646,2005-04-15,13.5,37.0555555555556,48.3333333333333,7.38888888888889,1234253.33333333,-2594728.33333333,3577,12.464692725705376,41.744017843440055,44.5210980044207
2005-04-16,647,2005-04-16,10.3888888888889,46.5,42.0,7.44444444444444,1234253.33333333,-2594728.33333333,3577,12.21169526550495,41.02060091670643,45.58110463102312
2005-04-23,648,2005-04-23,12.3333333333333,40.7222222222222,45.7777777777778,7.61111111111111,1234253.33333333,-2594728.33333333,3577,12.50339022922136,40.40611260516911,45.93768282685954
2005-04-24,649,2005-04-24,13.1538461538462,42.3076923076923,43.3076923076923,7.61538461538461,1234256.53846154,-2594710.38461538,3577,12.509499069587275,38.770085451334936,47.58244671486292
2005-05-01,650,2005-05-01,12.2727272727273,30.3636363636364,56.1818181818182,7.0,1234261.36363636,-2594704.09090909,3577,12.159771968631581,38.49453951740717,48.1643177486813
2005-05-02,651,2005-05-02,13.6111111111111,32.4444444444444,52.6111111111111,7.05555555555556,1234253.33333333,-2594728.33333333,3577,11.804956899577245,39.26336964061809,47.70939548517913
2005-05-09,652,2005-05-09,9.5,50.6111111111111,38.8888888888889,5.72222222222222,1234253.33333333,-2594728.33333333,3577,11.74979569853716,38.01503086269452,48.90399515230453
2005-05-17,653,2005-05-17,12.8888888888889,36.8888888888889,48.7222222222222,7.72222222222222,1234253.33333333,-2594728.33333333,3577,11.510232971877967,36.778042622946074,50.35656787540681
2005-05-18,654,2005-05-18,8.77777777777778,36.6111111111111,53.2222222222222,7.05555555555556,1234253.33333333,-2594728.33333333,3577,10.965209693059926,36.826578352710015,50.84067339079677
2005-05-25,655,2005-05-25,13.5,33.9444444444444,51.1111111111111,7.55555555555556,1234253.33333333,-2594728.33333333,3577,12.388847994109295,36.8233379967071,49.41570744356383
2005-06-02,656,2005-06-02,13.0,31.5714285714286,54.0,7.21428571428571,1234255.71428571,-2594719.28571429,3577,13.257649729009977,33.960213419186665,51.44875282955009
2005-06-03,657,2005-06-03,11.7222222222222,34.5,52.6666666666667,7.33333333333333,1234253.33333333,-2594728.33333333,3577,12.763540982579318,33.75266159708379,52.21833120439152
2005-06-10,658,2005-06-10,13.0,37.5,48.3888888888889,7.5,1234253.33333333,-2594728.33333333,3577,11.831393838358004,35.50827320254032,51.46467773711587
2005-06-11,659,2005-06-11,13.2777777777778,36.3333333333333,49.2222222222222,7.16666666666667,1234253.33333333,-2594728.33333333,3577,9.781222561406851,36.701273099100426,52.45643503382657
2005-06-26,660,2005-06-26,10.7222222222222,35.8333333333333,52.3333333333333,8.16666666666667,1234253.33333333,-2594728.33333333,3577,9.155594405593037,36.8461687091663,52.9161079718276
2005-06-27,661,2005-06-27,1.75,33.75,63.5,4.75,1234260.0,-2594677.5,3577,8.730400576374516,35.76740296167006,54.442316713206395
2005-07-05,662,2005-07-05,10.0,48.7777777777778,40.1111111111111,10.0,1234251.66666667,-2594761.66666667,3577,10.709700602113877,34.786583815216375,53.42209063725291
2005-07-12,663,2005-07-12,16.5555555555556,18.5555555555556,63.8333333333333,9.66666666666667,1234253.33333333,-2594728.33333333,3577,14.431223403357482,33.68551898737154,50.74645839196164
2005-07-13,664,2005-07-13,19.6666666666667,29.4444444444444,49.7777777777778,7.77777777777778,1234253.33333333,-2594728.33333333,3577,19.45811833505043,32.06918494301916,47.36228082202608
2005-07-21,665,2005-07-21,27.1111111111111,39.4444444444444,32.1666666666667,10.5,1234253.33333333,-2594728.33333333,3577,25.211555300560835,30.115540376371783,43.60592469105752
2005-07-28,666,2005-07-28,27.8888888888889,23.1111111111111,48.1666666666667,8.83333333333333,1234253.33333333,-2594728.33333333,3577,30.58339587828296,27.572842620052107,40.818636471881184
2005-08-05,667,2005-08-05,35.1111111111111,31.1666666666667,32.5555555555556,11.3333333333333,1234253.33333333,-2594728.33333333,3577,33.49724328161272,24.234579661820614,41.27131647364142
2005-08-06,668,2005-08-06,34.6666666666667,18.3888888888889,46.0555555555556,9.72222222222222,1234253.33333333,-2594728.33333333,3577,33.64810511429021,21.275170735693877,44.13165976053682
2005-08-13,669,2005-08-13,33.0,16.9444444444444,49.3333333333333,9.38888888888889,1234253.33333333,-2594728.33333333,3577,33.68060987556022,20.75430056699097,44.59525044654592
2005-08-21,670,2005-08-21,32.4444444444444,20.0555555555556,46.3888888888889,9.0,1234253.33333333,-2594728.33333333,3577,32.55699621206328,18.805209152729574,47.66315965645976
2005-08-22,671,2005-08-22,30.1666666666667,19.2777777777778,49.3888888888889,8.66666666666667,1234253.33333333,-2594728.33333333,3577,30.005835076309552,20.666703953078578,48.27650197390871
2005-08-29,672,2005-08-29,26.4444444444444,22.6111111111111,49.8333333333333,8.94444444444444,1234253.33333333,-2594728.33333333,3577,28.135376218508036,24.470926819994375,46.252933669654134
2005-08-30,673,2005-08-30,27.5333333333333,31.3333333333333,40.0666666666667,8.73333333333333,1234261.0,-2594719.0,3577,26.286317965807736,27.28969559851505,45.270061449703206
2005-09-06,674,2005-09-06,25.3529411764706,33.0,40.3529411764706,8.94117647058824,1234255.58823529,-2594732.64705882,3577,25.039447329008304,30.196905347829627,43.56075410960028
2005-09-07,675,2005-09-07,22.3333333333333,30.0555555555556,46.5555555555556,8.38888888888889,1234253.33333333,-2594728.33333333,3577,24.020392697406027,30.97722762273382,43.83911216163339
2005-09-14,676,2005-09-14,22.6111111111111,28.6111111111111,47.4444444444444,8.83333333333333,1234253.33333333,-2594728.33333333,3577,22.497049632813876,32.70991349551232,43.65560770700347
2005-09-15,677,2005-09-15,23.8333333333333,36.0833333333333,39.0833333333333,9.0,1234250.0,-2594750.0,3577,20.71944533945681,33.705440328500316,44.41917723810157
2005-09-23,678,2005-09-23,17.6666666666667,32.2222222222222,49.0,7.94444444444444,1234253.33333333,-2594728.33333333,3577,18.96092211072807,34.0580146547588,45.83829106100319
2005-09-30,679,2005-09-30,16.8888888888889,33.6666666666667,48.2222222222222,8.0,1234253.33333333,-2594728.33333333,3577,17.45566333947061,35.572347672961556,45.828899150782654
2005-10-01,680,2005-10-01,17.0555555555556,42.5555555555556,39.2222222222222,8.0,1234253.33333333,-2594728.33333333,3577,16.721982372225742,37.100773753244994,44.98944684789031
2005-10-08,681,2005-10-08,13.0,37.6666666666667,48.0555555555556,9.77777777777778,1234253.33333333,-2594728.33333333,3577,15.965956371071464,37.15603943699365,45.63591566873528
2005-10-09,682,2005-10-09,16.8888888888889,33.7222222222222,48.2222222222222,7.66666666666667,1234253.33333333,-2594728.33333333,3577,15.119772384476015,37.657705297792575,45.9472920440344
2005-10-16,683,2005-10-16,16.9444444444444,40.5,41.2222222222222,8.77777777777778,1234253.33333333,-2594728.33333333,3577,14.91341613322816,38.21078371232601,45.562713344440276
2005-10-24,684,2005-10-24,14.5555555555556,39.5555555555556,44.4444444444444,8.61111111111111,1234253.33333333,-2594728.33333333,3577,14.642365546388142,40.183152674632765,43.8747182470027
2005-10-25,685,2005-10-25,13.0555555555556,37.6666666666667,48.0,8.16666666666667,1234253.33333333,-2594728.33333333,3577,13.734654234652202,42.14129987658772,42.83639803608202
2005-11-01,686,2005-11-01,12.2777777777778,46.5555555555556,40.0,8.66666666666667,1234253.33333333,-2594728.33333333,3577,13.27496806598777,45.20277795818919,40.20716091613322
2005-11-02,687,2005-11-02,12.7777777777778,50.7777777777778,35.1111111111111,8.0,1234253.33333333,-2594728.33333333,3577,13.182652916397096,46.03771340457962,39.48852059532583
2005-11-09,688,2005-11-09,13.8888888888889,44.1666666666667,40.7222222222222,8.11111111111111,1234253.33333333,-2594728.33333333,3577,12.8901578297844,45.49722228235483,40.35150312363332
2005-11-18,689,2005-11-18,12.9444444444444,48.0,37.7222222222222,7.88888888888889,1234253.33333333,-2594728.33333333,3577,13.681181907186062,44.540151455005486,40.55574198762447
2005-11-25,690,2005-11-25,14.7777777777778,43.2222222222222,40.7777777777778,8.0,1234253.33333333,-2594728.33333333,3577,14.215759644550094,44.96047880567332,39.61015850334144
2005-11-26,691,2005-11-26,14.1666666666667,39.7777777777778,44.7777777777778,7.55555555555556,1234253.33333333,-2594728.33333333,3577,13.699808275657638,44.60592469105733,40.469333727841615
2005-12-20,692,2005-12-20,13.2777777777778,40.9444444444444,44.7777777777778,7.55555555555556,1234253.33333333,-2594728.33333333,3577,13.11426602293281,46.67253747284006,38.97587087834185
2005-12-27,693,2005-12-27,12.0,57.7333333333333,28.9333333333333,8.2,1234251.0,-2594739.0,3577,12.355819447148882,49.116911674489444,37.27558076597769
2006-01-20,694,2006-01-20,12.1666666666667,49.8333333333333,36.6666666666667,7.66666666666667,1234253.33333333,-2594728.33333333,3577,11.64402058209935,49.322119744712964,37.71555396787033
2006-01-29,695,2006-01-29,9.77777777777778,50.6111111111111,38.2777777777778,7.72222222222222,1234253.33333333,-2594728.33333333,3577,11.357278669041687,48.40912458713592,38.90611978320376
2006-02-05,696,2006-02-05,10.8333333333333,46.7222222222222,41.0555555555556,8.0,1234253.33333333,-2594728.33333333,3577,11.432279450853592,48.115221036266476,39.16133591210405
2006-02-06,697,2006-02-06,13.6111111111111,46.1666666666667,38.9444444444444,8.05555555555556,1234253.33333333,-2594728.33333333,3577,11.642710746424171,44.80672045532059,42.308782033233925
2006-02-13,698,2006-02-13,11.0555555555556,31.5555555555556,56.2222222222222,13.5555555555556,1234253.33333333,-2594728.33333333,3577,11.846014322792735,41.3202994459899,45.59924007879983
2006-02-14,699,2006-02-14,12.5,41.7777777777778,44.5555555555556,6.5,1234253.33333333,-2594728.33333333,3577,11.322615293201824,38.57157668612203,48.903400521040275
2006-02-21,700,2006-02-21,13.1333333333333,45.6666666666667,40.2,7.0,1234249.0,-2594725.0,3577,11.887042850508555,38.61858403034297,48.26207995649999
2006-02-22,701,2006-02-22,12.3333333333333,34.3333333333333,52.0,5.0,1234215.0,-2594775.0,3577,13.869975054183506,36.33080988498402,48.579159059027965
2006-03-01,702,2006-03-01,13.5,29.0,56.0,6.5,1234200.0,-2594775.0,3577,16.564606532096313,33.625640785078474,48.6035407660722
2006-03-02,703,2006-03-02,18.8888888888889,35.9444444444444,43.9444444444444,7.22222222222222,1234253.33333333,-2594728.33333333,3577,19.123919596052946,30.874433787741843,48.797123413215196
2006-03-17,704,2006-03-17,22.8333333333333,27.6111111111111,48.5555555555556,8.44444444444444,1234253.33333333,-2594728.33333333,3577,22.37726274413245,28.197453217572814,48.21839495213386
2006-03-26,705,2006-03-26,30.5555555555556,26.1111111111111,42.2222222222222,9.22222222222222,1234253.33333333,-2594728.33333333,3577,24.24992626911768,26.522146927715703,48.022724025193604
2006-04-02,706,2006-04-02,25.4444444444444,20.1111111111111,53.3333333333333,8.5,1234253.33333333,-2594728.33333333,3577,25.90713060588834,26.6092922557279,46.29462041226054
2006-04-03,707,2006-04-03,24.2222222222222,27.6111111111111,46.8333333333333,8.5,1234253.33333333,-2594728.33333333,3577,27.985446270271815,25.905613650191825,44.96764140571516
2006-04-10,708,2006-04-10,26.5,29.0,43.2222222222222,9.22222222222222,1234253.33333333,-2594728.33333333,3577,29.253599341830274,23.460963529071492,46.13066362601275
2006-04-19,709,2006-04-19,33.1666666666667,23.0555555555556,42.6111111111111,8.72222222222222,1234253.33333333,-2594728.33333333,3577,30.89373371725852,20.944985698852562,46.98535485841284
2006-04-26,710,2006-04-26,31.1666666666667,19.5555555555556,48.2777777777778,9.16666666666667,1234253.33333333,-2594728.33333333,3577,32.90968749172592,18.512712261935512,47.43554622191684
2006-05-04,711,2006-05-04,38.8,8.2,52.0,8.8,1234245.0,-2594775.0,3577,35.08165027266669,16.315120483229514,47.51339063412658
2006-05-05,712,2006-05-05,37.4444444444444,16.2222222222222,45.2222222222222,9.33333333333333,1234253.33333333,-2594728.33333333,3577,36.30860161509773,15.367945951535,47.24761066246428
2006-05-12,713,2006-05-12,32.8333333333333,17.1666666666667,48.7777777777778,9.22222222222222,1234253.33333333,-2594728.33333333,3577,36.040169496820425,16.497718311957335,46.36804578289953
2006-05-13,714,2006-05-13,36.4444444444444,17.4444444444444,45.0,9.44444444444444,1234253.33333333,-2594728.33333333,3577,35.02891741900503,18.765604364672754,45.06993488107365
2006-05-20,715,2006-05-20,32.7222222222222,21.3888888888889,44.8333333333333,9.33333333333333,1234253.33333333,-2594728.33333333,3577,33.98936976335847,19.967298611258467,44.92526479367912
2006-05-21,716,2006-05-21,32.8888888888889,26.5555555555556,39.4444444444444,8.94444444444444,1234253.33333333,-2594728.33333333,3577,33.03117192147344,20.314290778487013,45.58474840005093
2006-05-28,717,2006-05-28,31.5555555555556,17.9444444444444,49.3888888888889,9.22222222222222,1234253.33333333,-2594728.33333333,3577,31.57844890078604,19.850060390868016,47.53214007977928
2006-05-29,718,2006-05-29,34.7222222222222,17.0,47.2777777777778,9.16666666666667,1234253.33333333,-2594728.33333333,3577,31.812378519995796,17.987102180738674,49.165321321785534
2006-06-05,719,2006-06-05,29.4545454545455,10.3636363636364,59.2727272727273,8.72727272727273,1234261.36363636,-2594704.09090909,3577,31.705346042768873,17.229222883315444,50.007318517621
2006-06-06,720,2006-06-06,30.6666666666667,20.2777777777778,48.0,8.66666666666667,1234253.33333333,-2594728.33333333,3577,31.23211398488214,17.591612393608084,50.109245220446425
2006-06-13,721,2006-06-13,30.6111111111111,23.4444444444444,44.6666666666667,9.55555555555556,1234253.33333333,-2594728.33333333,3577,31.611884077028307,19.56739448436313,47.725820125503915
2006-06-14,722,2006-06-14,32.8461538461538,20.0,45.9230769230769,9.61538461538461,1234256.53846154,-2594710.38461538,3577,31.263143416257062,21.136104052931735,46.43192921454177
2006-06-21,723,2006-06-21,32.8235294117647,22.0,44.1176470588235,9.47058823529412,1234257.35294118,-2594725.58823529,3577,31.07375402553761,24.034040091312043,43.68114137160735
2006-06-22,724,2006-06-22,28.6666666666667,25.6666666666667,44.5,9.0,1234253.33333333,-2594728.33333333,3577,30.304857130546388,23.805100017443927,44.63170874501334
2006-06-30,725,2006-06-30,29.4444444444444,27.9444444444444,41.3333333333333,8.83333333333333,1234253.33333333,-2594728.33333333,3577,29.745015340761967,24.491702746752818,44.529323542135046
2006-07-07,726,2006-07-07,29.5,21.6666666666667,47.3888888888889,8.94444444444444,1234253.33333333,-2594728.33333333,3577,28.698048646407408,25.103242899269027,44.96639495313577
2006-07-08,727,2006-07-08,26.8333333333333,21.8888888888889,50.1111111111111,8.66666666666667,1234253.33333333,-2594728.33333333,3577,27.92715082991761,27.092603747853765,43.74750697237891
2006-07-16,728,2006-07-16,27.3888888888889,32.2777777777778,39.2777777777778,9.94444444444444,1234253.33333333,-2594728.33333333,3577,27.267708535415235,27.697600948188686,43.795602169935464
2006-07-23,729,2006-07-23,26.3333333333333,24.3333333333333,48.0,8.77777777777778,1234253.33333333,-2594728.33333333,3577,27.295402860960586,27.323182725928596,44.176091568636416
2006-07-24,730,2006-07-24,27.8333333333333,35.1666666666667,35.8888888888889,9.5,1234253.33333333,-2594728.33333333,3577,25.47446347537023,25.714419597679274,47.63150020015088
2006-08-08,731,2006-08-08,24.9411764705882,22.5882352941176,51.1176470588235,9.05882352941176,1234257.35294118,-2594725.58823529,3577,24.222642278093023,25.229628563625877,49.34527524519502
2006-08-09,732,2006-08-09,22.3333333333333,21.3888888888889,55.2222222222222,8.44444444444444,1234253.33333333,-2594728.33333333,3577,23.68582636529831,25.71198275004117,49.37763100938467
2006-08-24,733,2006-08-24,22.5555555555556,22.3333333333333,53.8333333333333,8.33333333333333,1234253.33333333,-2594728.33333333,3577,22.991580274676444,25.389351679094723,50.37110369344181
2006-08-25,734,2006-08-25,20.7222222222222,27.4444444444444,50.5555555555556,8.22222222222222,1234253.33333333,-2594728.33333333,3577,22.138892037358943,26.23973820549641,50.376117407342804
2006-09-01,735,2006-09-01,19.8333333333333,28.7222222222222,50.1111111111111,8.77777777777778,1234253.33333333,-2594728.33333333,3577,21.7222230712455,28.067585766179242,48.97916000710753
2006-09-02,736,2006-09-02,28.5,37.8333333333333,32.5,9.41666666666667,1234250.0,-2594750.0,3577,21.318846676701806,30.788403627772503,46.61657714388761
2006-09-10,737,2006-09-10,17.3888888888889,29.8333333333333,51.6111111111111,7.61111111111111,1234253.33333333,-2594728.33333333,3577,20.38117208677822,32.66005692439367,45.724000579029266
2006-09-17,738,2006-09-17,17.7777777777778,28.8333333333333,52.0555555555556,7.83333333333333,1234253.33333333,-2594728.33333333,3577,19.271459137313673,32.99428184987276,46.488637320144875
2006-09-18,739,2006-09-18,18.5,35.1111111111111,45.1111111111111,7.83333333333333,1234253.33333333,-2594728.33333333,3577,17.71801413108603,34.71168052925094,46.353739549850744
2006-09-25,740,2006-09-25,16.5,36.0,46.3333333333333,7.94444444444444,1234253.33333333,-2594728.33333333,3577,16.429150167656893,34.92009845093389,47.40060838845555
2006-09-26,741,2006-09-26,14.5,39.1111111111111,45.1111111111111,7.44444444444444,1234253.33333333,-2594728.33333333,3577,15.157103487656123,36.78815163560981,46.789978022288246
2006-10-03,742,2006-10-03,14.3333333333333,32.0,52.5555555555556,7.61111111111111,1234253.33333333,-2594728.33333333,3577,14.624795595500723,37.72954562570575,46.39893651371881
2006-10-11,743,2006-10-11,16.7692307692308,48.2307692307692,33.5384615384615,8.07692307692308,1234254.23076923,-2594747.30769231,3577,15.0012857799213,40.4610958357028,43.31385178288555
2006-10-12,744,2006-10-12,12.3888888888889,37.5555555555556,48.8888888888889,7.22222222222222,1234253.33333333,-2594728.33333333,3577,13.75734759802188,40.67991019062095,44.35595008837974
2006-10-19,745,2006-10-19,14.3333333333333,35.5,48.9444444444444,7.44444444444444,1234253.33333333,-2594728.33333333,3577,13.605909239867657,40.678142277921864,44.502693411474574
2006-10-20,746,2006-10-20,12.8333333333333,47.6666666666667,38.3888888888889,7.33333333333333,1234253.33333333,-2594728.33333333,3577,13.262922518457543,40.547755108001496,44.939941947913326
2006-11-04,747,2006-11-04,12.9444444444444,38.1111111111111,47.6666666666667,8.11111111111111,1234253.33333333,-2594728.33333333,3577,12.685335595312234,41.3761172277424,44.64048531182897
2006-11-13,748,2006-11-13,11.9444444444444,45.6111111111111,41.0,7.38888888888889,1234253.33333333,-2594728.33333333,3577,12.131345421531718,41.7217689563424,44.77878173531231
2006-11-20,749,2006-11-20,12.8888888888889,35.7777777777778,50.0,7.44444444444444,1234253.33333333,-2594728.33333333,3577,12.785666861516319,42.448502649734706,43.382491261741734
2006-11-21,750,2006-11-21,13.2222222222222,44.0555555555556,41.2222222222222,7.22222222222222,1234253.33333333,-2594728.33333333,3577,13.244433980190506,44.36006155866175,40.985575449656
2006-11-29,751,2006-11-29,11.6111111111111,44.0,42.9444444444444,8.11111111111111,1234253.33333333,-2594728.33333333,3577,13.138581576660107,41.214644660458944,44.31707765917628
2006-12-06,752,2006-12-06,15.2777777777778,44.8333333333333,38.7222222222222,7.61111111111111,1234253.33333333,-2594728.33333333,3577,13.847054132655783,38.50945812013349,46.39184052960447
2006-12-15,753,2006-12-15,15.3888888888889,34.2777777777778,49.2222222222222,6.88888888888889,1234253.33333333,-2594728.33333333,3577,14.267701424820041,38.86965811965232,45.67417326394971
2006-12-22,754,2006-12-22,15.5,36.1666666666667,47.2777777777778,7.16666666666667,1234253.33333333,-2594728.33333333,3577,14.171744234435621,34.654527533005336,50.044699194846515
2006-12-23,755,2006-12-23,12.6,25.6,60.6,5.8,1234251.0,-2594679.0,3577,15.580547371971583,32.442976877051585,50.84198111696756
2006-12-30,756,2006-12-30,20.2777777777778,30.0,48.5555555555556,6.94444444444444,1234253.33333333,-2594728.33333333,3577,17.99388729473007,30.75331950867335,50.09517843167964
2007-01-08,757,2007-01-08,22.4166666666667,40.4166666666667,35.8333333333333,8.0,1234260.0,-2594707.5,3577,25.181805922633338,30.26856752439774,43.29913234604182
2007-01-31,758,2007-01-31,25.5,27.7777777777778,45.5,8.5,1234253.33333333,-2594728.33333333,3577,30.06741943589555,29.798529518160713,38.86102585197028
2007-02-08,759,2007-02-08,34.5555555555556,19.0,45.2777777777778,10.0555555555556,1234253.33333333,-2594728.33333333,3577,33.93163753237075,29.308457373111263,35.44751062754821
2007-02-16,760,2007-02-16,43.7692307692308,39.6923076923077,15.0769230769231,14.1538461538462,1234254.23076923,-2594747.30769231,3577,35.36769084028619,27.446741648440344,35.931463239197825
2007-02-17,761,2007-02-17,38.5,23.7777777777778,36.5555555555556,9.27777777777778,1234253.33333333,-2594728.33333333,3577,35.005972811814225,26.505000681884084,37.289431864206016
2007-02-24,762,2007-02-24,36.2222222222222,19.2777777777778,43.3333333333333,10.0,1234253.33333333,-2594728.33333333,3577,33.287206013266776,24.52870336907838,41.029069710416294
2007-02-25,763,2007-02-25,13.0,27.0,59.0,6.0,1234215.0,-2594655.0,3577,32.54725188018343,24.250398816601432,42.10142774586062
2007-03-05,764,2007-03-05,36.1666666666667,24.7222222222222,37.8888888888889,9.38888888888889,1234253.33333333,-2594728.33333333,3577,31.30778598633572,24.849759016878423,42.76265938553939
2007-03-12,765,2007-03-12,33.4444444444444,24.7222222222222,41.0555555555556,9.61111111111111,1234253.33333333,-2594728.33333333,3577,30.260830315719808,24.374632802826344,44.264593282924366
2007-03-13,766,2007-03-13,36.1111111111111,25.1666666666667,37.3333333333333,9.55555555555556,1234253.33333333,-2594728.33333333,3577,32.05871287294956,22.944717477221776,43.926898179213595
2007-03-21,767,2007-03-21,34.0,22.4444444444444,42.5,8.83333333333333,1234253.33333333,-2594728.33333333,3577,33.566911073098005,25.165636599378942,40.14030276568377
2007-03-28,768,2007-03-28,31.5555555555556,25.4444444444444,41.8333333333333,8.94444444444444,1234253.33333333,-2594728.33333333,3577,32.98003492894641,24.857259183880835,40.98405825340198
2007-04-05,769,2007-04-05,26.8333333333333,25.7777777777778,46.1666666666667,8.11111111111111,1234253.33333333,-2594728.33333333,3577,30.753735256826637,25.925747111501735,42.12346614513168
2007-04-06,770,2007-04-06,29.5,26.4444444444444,42.8888888888889,8.5,1234253.33333333,-2594728.33333333,3577,26.763624576314065,26.88488480902938,45.14919858262837
2007-04-13,771,2007-04-13,29.3333333333333,25.3333333333333,44.2777777777778,8.66666666666667,1234253.33333333,-2594728.33333333,3577,26.685649060258065,27.884022410334012,44.19321218856163
2007-04-21,772,2007-04-21,20.0,36.4,42.0,7.4,1234245.0,-2594775.0,3577,25.842539469470566,29.679999085876986,43.258048453088435
2007-04-22,773,2007-04-22,27.6111111111111,27.0555555555556,44.2222222222222,8.27777777777778,1234253.33333333,-2594728.33333333,3577,25.559007212254144,30.181295484696545,42.9761323987266
2007-04-29,774,2007-04-29,26.9444444444444,29.4444444444444,42.5,8.22222222222222,1234253.33333333,-2594728.33333333,3577,25.546545315176882,28.922145370700232,44.26072470832466
2007-04-30,775,2007-04-30,26.6111111111111,28.2222222222222,43.7222222222222,8.22222222222222,1234253.33333333,-2594728.33333333,3577,25.241008957961604,31.021577691970776,42.46394871566895
2007-05-07,776,2007-05-07,23.6666666666667,38.0555555555556,37.0,8.38888888888889,1234253.33333333,-2594728.33333333,3577,25.641289540547437,32.90603255070495,40.17807053362536
2007-05-08,777,2007-05-08,24.7777777777778,31.7777777777778,42.2222222222222,8.11111111111111,1234253.33333333,-2594728.33333333,3577,25.83827794549009,35.92166936288811,36.97110400646402
2007-05-15,778,2007-05-15,24.8888888888889,33.3888888888889,40.4444444444444,8.72222222222222,1234253.33333333,-2594728.33333333,3577,25.131202963897472,39.14607767929404,34.4660419361487
2007-05-16,779,2007-05-16,26.2307692307692,46.6153846153846,25.9230769230769,9.23076923076923,1234254.23076923,-2594747.30769231,3577,23.804919538662112,42.525895329294556,32.35211537687834
2007-05-23,780,2007-05-23,23.1428571428571,51.2857142857143,24.2857142857143,8.57142857142857,1234240.71428571,-2594766.42857143,3577,22.816717311950853,41.61042104146985,34.359660185804124
2007-05-24,781,2007-05-24,23.5555555555556,33.2777777777778,41.8888888888889,7.72222222222222,1234253.33333333,-2594728.33333333,3577,22.29216379132692,40.55663728454263,35.95939486936806
2007-06-01,782,2007-06-01,17.6,41.2,40.0,7.0,1234245.0,-2594775.0,3577,22.38728774598885,38.025006043671475,38.35483219645543
2007-06-08,783,2007-06-08,23.7222222222222,31.8333333333333,43.2777777777778,9.05555555555556,1234253.33333333,-2594728.33333333,3577,22.38852604355961,35.49862489657149,40.87680314709951
2007-06-09,784,2007-06-09,23.6111111111111,30.0555555555556,45.1111111111111,8.83333333333333,1234253.33333333,-2594728.33333333,3577,23.469630657767183,32.54466371922424,42.70428029274737
2007-06-16,785,2007-06-16,23.0555555555556,30.0,45.7777777777778,8.22222222222222,1234253.33333333,-2594728.33333333,3577,23.91380308717413,30.371445376084814,44.40152589068335
2007-06-24,786,2007-06-24,30.0,35.1666666666667,33.1666666666667,11.5833333333333,1234250.0,-2594750.0,3577,25.58808099364993,29.42077530312386,43.707911971063346
2007-07-02,787,2007-07-02,23.4444444444444,26.2777777777778,49.1111111111111,9.61111111111111,1234253.33333333,-2594728.33333333,3577,25.085588096110662,27.920314394923246,45.76438284796734
2007-07-03,788,2007-07-03,23.6111111111111,28.0,47.2222222222222,9.11111111111111,1234253.33333333,-2594728.33333333,3577,26.173079930041965,26.057647203154172,46.562902182090255
2007-07-10,789,2007-07-10,25.0555555555556,25.0555555555556,48.7222222222222,9.33333333333333,1234253.33333333,-2594728.33333333,3577,24.709816671113273,26.154324863299315,47.980129949163
2007-07-18,790,2007-07-18,22.2222222222222,18.6666666666667,58.2222222222222,5.94444444444444,1234253.33333333,-2594728.33333333,3577,22.889516744002464,24.401733457457382,51.58770125642417
2007-07-19,791,2007-07-19,25.9444444444444,24.5,48.4444444444444,9.0,1234253.33333333,-2594728.33333333,3577,20.839438683088797,23.164459551453017,54.904057243058304
2007-07-27,792,2007-07-27,16.4444444444444,28.7777777777778,53.4444444444444,14.1666666666667,1234253.33333333,-2594728.33333333,3577,19.45832581590804,23.45157577200572,55.97012997321757
2007-08-03,793,2007-08-03,23.6666666666667,27.7777777777778,47.2777777777778,9.0,1234253.33333333,-2594728.33333333,3577,19.489231442788903,25.788904765681107,53.49186675037268
2007-08-04,794,2007-08-04,8.0,20.0,71.0,5.0,1234215.0,-2594655.0,3577,19.0967522329723,25.620112773359725,54.118360311850665
2007-08-12,795,2007-08-12,23.0555555555556,25.2222222222222,50.5,8.61111111111111,1234253.33333333,-2594728.33333333,3577,19.24280119604912,27.34521374737684,52.2580965645903
2007-08-20,796,2007-08-20,24.1666666666667,32.0555555555556,42.6111111111111,10.2777777777778,1234253.33333333,-2594728.33333333,3577,19.64012234754979,29.637924854638687,49.54324622744936
2007-08-27,797,2007-08-27,21.0555555555556,32.9444444444444,44.7222222222222,9.44444444444444,1234253.33333333,-2594728.33333333,3577,20.651803820531423,30.05458851433634,48.09972792944211
2007-08-28,798,2007-08-28,19.6666666666667,29.6111111111111,49.6666666666667,9.16666666666667,1234253.33333333,-2594728.33333333,3577,21.045527915493842,31.04531502209057,46.66862841320348
2007-09-04,799,2007-09-04,17.8888888888889,28.6666666666667,52.2777777777778,8.44444444444444,1234253.33333333,-2594728.33333333,3577,19.4733402132754,32.381916329279925,46.8218394952071
2007-09-12,800,2007-09-12,17.6,40.6,40.0,9.0,1234245.0,-2594775.0,3577,18.466322428858383,32.757226227499984,47.404012739918976
2007-09-13,801,2007-09-13,18.6666666666667,27.5555555555556,52.4444444444444,8.72222222222222,1234253.33333333,-2594728.33333333,3577,15.724435351367998,31.24594359888013,51.638980902131095
2007-09-20,802,2007-09-20,16.6111111111111,25.8888888888889,56.2777777777778,8.72222222222222,1234253.33333333,-2594728.33333333,3577,15.834308794058757,31.829508468822617,50.95302753661126
2007-09-21,803,2007-09-21,11.0,37.0,50.6666666666667,7.66666666666667,1234215.0,-2594775.0,3577,15.414153442014925,31.940881787626246,51.25783435689792
2007-09-28,804,2007-09-28,16.7777777777778,34.1111111111111,47.6666666666667,8.72222222222222,1234253.33333333,-2594728.33333333,3577,15.33034264827321,31.361010400777072,51.99342399020118
2007-09-29,805,2007-09-29,16.5555555555556,30.1111111111111,52.1111111111111,8.33333333333333,1234253.33333333,-2594728.33333333,3577,15.073950452181123,31.968736516052513,51.7317889170634
2007-10-06,806,2007-10-06,14.6111111111111,32.3333333333333,51.8333333333333,8.27777777777778,1234253.33333333,-2594728.33333333,3577,14.851187419653893,33.82254728943909,50.1106620087255
2007-10-07,807,2007-10-07,15.2222222222222,36.9444444444444,46.6666666666667,8.16666666666667,1234253.33333333,-2594728.33333333,3577,15.323513481630078,36.98705389655761,46.41890517680278
2007-10-14,808,2007-10-14,15.0555555555556,31.6111111111111,52.0,8.0,1234253.33333333,-2594728.33333333,3577,15.690060721830662,35.874110226997004,47.22349664368766
2007-10-23,809,2007-10-23,16.3076923076923,43.1538461538462,39.5384615384615,8.23076923076923,1234254.23076923,-2594747.30769231,3577,16.377575539656508,36.94190712866177,45.472789407311836
2007-11-08,810,2007-11-08,13.7777777777778,42.7222222222222,42.0,8.05555555555556,1234253.33333333,-2594728.33333333,3577,14.276714208775736,39.433565290640225,45.03709209132097
2007-11-24,811,2007-11-24,17.8888888888889,33.5,47.3888888888889,8.0,1234253.33333333,-2594728.33333333,3577,14.143588699720407,38.84088081995267,45.747662115649064
2007-12-01,812,2007-12-01,17.6111111111111,33.0555555555556,48.2222222222222,8.16666666666667,1234253.33333333,-2594728.33333333,3577,17.300579283177605,36.53938866453906,44.91443117709204
2007-12-10,813,2007-12-10,16.7777777777778,33.3333333333333,48.6666666666667,7.0,1234255.0,-2594695.0,3577,19.67052617254052,32.71924081658403,46.411540285305804
2007-12-17,814,2007-12-17,21.7647058823529,40.1176470588235,36.7647058823529,8.29411764705882,1234255.58823529,-2594732.64705882,3577,25.622506296153745,29.255624593925546,43.97812265724486
2008-01-02,815,2008-01-02,25.0,19.5,54.5,8.0,1234200.0,-2594775.0,3577,31.153677339066952,23.404449564070894,44.31296971507564
2008-01-19,816,2008-01-19,47.0,17.2222222222222,34.8333333333333,10.6111111111111,1234253.33333333,-2594728.33333333,3577,34.0089460863859,22.33901753055489,42.58300652886613
2008-01-26,817,2008-01-26,38.4444444444444,22.7777777777778,37.6666666666667,10.0555555555556,1234253.33333333,-2594728.33333333,3577,35.342081172024876,21.849233300741588,41.7865003579292
2008-01-27,818,2008-01-27,28.0,21.5,49.5,8.0,1234260.0,-2594685.0,3577,34.88922004460546,23.314443660506463,40.837673380054824
2008-02-04,819,2008-02-04,40.0,28.7222222222222,30.1666666666667,9.27777777777778,1234253.33333333,-2594728.33333333,3577,32.31919944722229,26.971777155437312,39.71454610262977
2008-02-19,820,2008-02-19,17.0,30.0,52.0,14.0,1234185.0,-2594775.0,3577,29.027893174628957,33.50570966801571,36.367462961566076
2008-02-27,821,2008-02-27,25.5833333333333,47.9166666666667,25.5833333333333,16.3333333333333,1234260.0,-2594737.5,3577,25.68506305507379,38.893293320122325,34.228985249149495
2008-02-28,822,2008-02-28,31.7777777777778,35.2222222222222,31.7222222222222,9.11111111111111,1234253.33333333,-2594728.33333333,3577,24.74853620751085,40.21724328302675,33.78431192130377
2008-03-06,823,2008-03-06,23.6666666666667,45.6666666666667,29.0,8.33333333333333,1234215.0,-2594775.0,3577,25.811054098975944,43.13389190787926,29.76761061435539
2008-03-07,824,2008-03-07,26.1111111111111,41.4444444444444,31.0555555555556,8.61111111111111,1234253.33333333,-2594728.33333333,3577,25.076137055235478,44.087642921227655,29.508029208489205
2008-03-14,825,2008-03-14,24.1666666666667,44.7222222222222,30.0,8.55555555555556,1234253.33333333,-2594728.33333333,3577,24.150226364619044,43.64299881404493,30.857285043812958
2008-03-22,826,2008-03-22,21.7222222222222,38.2777777777778,38.7777777777778,8.22222222222222,1234253.33333333,-2594728.33333333,3577,24.217970668818445,43.977174399381454,30.458329424269163
2008-03-23,827,2008-03-23,24.2222222222222,50.5,23.8888888888889,8.88888888888889,1234253.33333333,-2594728.33333333,3577,20.524770207429675,44.28006427696168,33.89162523062946
2008-03-30,828,2008-03-30,16.3333333333333,46.6111111111111,35.7777777777778,9.77777777777778,1234253.33333333,-2594728.33333333,3577,20.175956697238497,43.50516507056105,35.03477138615934
2008-03-31,829,2008-03-31,22.5555555555556,34.7777777777778,41.2222222222222,8.38888888888889,1234253.33333333,-2594728.33333333,3577,20.07622936918301,42.207120923445885,36.370521721135475
2008-04-08,830,2008-04-08,18.7222222222222,46.8333333333333,33.1111111111111,8.0,1234253.33333333,-2594728.33333333,3577,19.2038776067385,42.02781536488338,37.427049129055916
2008-04-15,831,2008-04-15,17.3333333333333,40.8333333333333,40.6111111111111,7.88888888888889,1234253.33333333,-2594728.33333333,3577,18.964783691772126,40.95894317396659,38.77604948136314
2008-04-16,832,2008-04-16,19.0,36.1111111111111,43.5555555555556,7.94444444444444,1234253.33333333,-2594728.33333333,3577,18.406736097030283,41.10450644048396,39.23360113944949
2008-04-23,833,2008-04-23,22.375,38.625,37.75,8.75,1234245.0,-2594763.75,3577,18.312688222585574,38.756051634352886,41.72827809366731
2008-04-24,834,2008-04-24,15.1818181818182,49.5454545454545,34.1818181818182,12.5454545454545,1234247.72727273,-2594753.18181818,3577,18.635223311726293,40.15903683831593,39.9839838992608
2008-05-02,835,2008-05-02,18.8888888888889,33.0,47.0,7.55555555555556,1234255.0,-2594695.0,3577,19.32234149500959,39.11646332448589,40.32008326132407
2008-05-25,836,2008-05-25,19.0,39.5,39.8888888888889,8.22222222222222,1234253.33333333,-2594728.33333333,3577,20.545775334366404,38.01173302882556,40.13267162520714
2008-06-10,837,2008-06-10,21.8333333333333,36.7222222222222,40.2222222222222,9.22222222222222,1234253.33333333,-2594728.33333333,3577,20.59568216206663,39.284010650350105,38.745579864980215
2008-06-19,838,2008-06-19,22.9444444444444,34.9444444444444,40.7777777777778,9.16666666666667,1234253.33333333,-2594728.33333333,3577,20.812477297381296,38.52509977122403,39.2385440496837
2008-06-26,839,2008-06-26,21.0,47.125,30.25,9.5,1234245.0,-2594763.75,3577,20.805716127694435,37.91257508400904,39.856846026344726
2008-07-12,840,2008-07-12,20.6666666666667,30.7777777777778,47.2777777777778,8.66666666666667,1234253.33333333,-2594728.33333333,3577,20.389290319240832,37.546893680789,40.69663411922866
2008-07-21,841,2008-07-21,14.7222222222222,42.1111111111111,41.7777777777778,7.16666666666667,1234253.33333333,-2594728.33333333,3577,18.850938252137404,36.929122699468664,42.92747459747365
2008-07-28,842,2008-07-28,19.5555555555556,32.8888888888889,46.3333333333333,9.05555555555556,1234253.33333333,-2594728.33333333,3577,17.80510588987833,34.21030194283645,46.73367859703893
2008-08-06,843,2008-08-06,18.3888888888889,30.3888888888889,50.1111111111111,8.72222222222222,1234253.33333333,-2594728.33333333,3577,16.5861356515129,32.34156767016876,49.81818560341762
2008-08-13,844,2008-08-13,15.2222222222222,33.1666666666667,50.4444444444444,7.5,1234253.33333333,-2594728.33333333,3577,16.03578406255276,31.620149900581357,51.10575456736592
2008-08-21,845,2008-08-21,16.8888888888889,28.7222222222222,53.0,8.66666666666667,1234253.33333333,-2594728.33333333,3577,16.771319798998952,32.96273806526456,49.015593150442854
2008-08-22,846,2008-08-22,16.3888888888889,32.5555555555556,49.7222222222222,7.77777777777778,1234253.33333333,-2594728.33333333,3577,16.858200683548738,32.164887407757305,49.72577854670537
2008-08-30,847,2008-08-30,16.1666666666667,34.8333333333333,47.7777777777778,8.38888888888889,1234253.33333333,-2594728.33333333,3577,17.351648315880908,30.100384009251364,51.31354327059121
2008-09-07,848,2008-09-07,18.5882352941176,31.8235294117647,48.4117647058824,9.0,1234255.58823529,-2594732.64705882,3577,18.016347488747176,31.93382734594449,48.834817937846395
2008-09-15,849,2008-09-15,20.7222222222222,33.7222222222222,44.3888888888889,9.38888888888889,1234253.33333333,-2594728.33333333,3577,19.203897835067643,29.666633848521442,49.98133089174328
2008-09-22,850,2008-09-22,20.2222222222222,21.5,57.3333333333333,8.27777777777778,1234253.33333333,-2594728.33333333,3577,20.031274746603117,29.017064306603682,49.84823795591721
2008-10-08,851,2008-10-08,16.3888888888889,21.3333333333333,61.1111111111111,7.61111111111111,1234253.33333333,-2594728.33333333,3577,20.04633174224371,29.329135261796907,49.53118919629112
2008-10-16,852,2008-10-16,22.8461538461538,43.8461538461538,32.0769230769231,8.84615384615385,1234254.23076923,-2594747.30769231,3577,18.911890715566603,29.163566587801867,50.85925956112774
2008-10-17,853,2008-10-17,18.4444444444444,28.6666666666667,51.9444444444444,7.94444444444444,1234253.33333333,-2594728.33333333,3577,18.062228207421114,29.846510023662574,51.001283722659316
2008-10-24,854,2008-10-24,15.8888888888889,23.2222222222222,59.7222222222222,7.77777777777778,1234253.33333333,-2594728.33333333,3577,17.472991764080856,31.720042918068494,49.68417284803495
2008-11-01,855,2008-11-01,17.5882352941176,42.7647058823529,38.4705882352941,7.94117647058824,1234255.58823529,-2594732.64705882,3577,17.328291406614696,34.244471327013855,47.27365718287792
2008-11-02,856,2008-11-02,14.6666666666667,29.3333333333333,54.9444444444444,7.38888888888889,1234253.33333333,-2594728.33333333,3577,17.579821451618592,34.683778208533795,46.543999138336005
2008-11-09,857,2008-11-09,17.5555555555556,33.4444444444444,47.7777777777778,8.5,1234253.33333333,-2594728.33333333,3577,17.317078528492488,34.01900347230657,47.43623419019003
2008-11-17,858,2008-11-17,22.3636363636364,39.0,37.0909090909091,8.27272727272727,1234247.72727273,-2594753.18181818,3577,17.04663831355191,35.93323262463134,45.75046746306474
2008-12-03,859,2008-12-03,15.1666666666667,40.4444444444444,43.2777777777778,7.88888888888889,1234253.33333333,-2594728.33333333,3577,17.89140712729461,38.33672498204794,42.475418070625395
2008-12-04,860,2008-12-04,15.5,35.1111111111111,48.1111111111111,7.83333333333333,1234253.33333333,-2594728.33333333,3577,15.62832692491737,37.79335274490418,45.280746990769856
2008-12-11,861,2008-12-11,15.3333333333333,34.9444444444444,48.3888888888889,7.94444444444444,1234253.33333333,-2594728.33333333,3577,15.623765673976079,39.40775406021585,43.665780528668655
2008-12-12,862,2008-12-12,14.0,48.5555555555556,36.2222222222222,7.66666666666667,1234253.33333333,-2594728.33333333,3577,14.23046103413763,43.06955274838441,41.450384304776215
2008-12-19,863,2008-12-19,15.7222222222222,40.1111111111111,43.0,6.0,1234253.33333333,-2594728.33333333,3577,13.826970587030418,42.38347273640758,42.60104738741873
2008-12-20,864,2008-12-20,13.7222222222222,36.2777777777778,48.7222222222222,7.5,1234253.33333333,-2594728.33333333,3577,14.503294435180802,40.09034498352787,44.267188435912466
2008-12-28,865,2008-12-28,15.6111111111111,47.6666666666667,35.6666666666667,7.33333333333333,1234253.33333333,-2594728.33333333,3577,19.42775336118698,39.10161750873243,40.38724948941064
2009-01-21,866,2009-01-21,28.8,37.4,32.9,7.2,1234254.0,-2594709.0,3577,22.26258681119029,34.62049477869395,42.13597345206623
2009-02-05,867,2009-02-05,16.0,23.0,60.0,6.0,1234215.0,-2594655.0,3577,26.31497759206344,29.85993538624673,42.83571725831148
2009-02-06,868,2009-02-06,37.8888888888889,22.0555555555556,39.0,9.55555555555556,1234253.33333333,-2594728.33333333,3577,29.556235130534105,26.1294223492327,43.28000894873313
2009-02-13,869,2009-02-13,33.9444444444444,27.7777777777778,37.3333333333333,10.2777777777778,1234253.33333333,-2594728.33333333,3577,33.08370679887212,25.385990170816115,40.467875949294054
2009-02-14,870,2009-02-14,38.9444444444444,30.3333333333333,29.5555555555556,11.2222222222222,1234253.33333333,-2594728.33333333,3577,35.47004938645273,24.64208890524313,38.76283554765946
2009-02-21,871,2009-02-21,24.6666666666667,16.6666666666667,57.3333333333333,6.0,1234265.0,-2594675.0,3577,36.0382488856119,26.11462758087756,36.66152306585193
2009-02-22,872,2009-02-22,44.4444444444444,35.6666666666667,18.6111111111111,12.3333333333333,1234253.33333333,-2594728.33333333,3577,39.114682187431754,28.056112446201144,31.601710123377213
2009-03-01,873,2009-03-01,37.8333333333333,26.8888888888889,34.2222222222222,10.3888888888889,1234253.33333333,-2594728.33333333,3577,40.481390470548504,28.955123995367348,29.309835675156357
2009-03-02,874,2009-03-02,42.3888888888889,30.3333333333333,26.1111111111111,10.7777777777778,1234253.33333333,-2594728.33333333,3577,38.516657405196554,26.881479717389013,33.38757183648325
2009-03-09,875,2009-03-09,35.5555555555556,27.2777777777778,35.8333333333333,8.77777777777778,1234253.33333333,-2594728.33333333,3577,38.05233304706422,27.912389433747496,32.86020938125709
2009-03-10,876,2009-03-10,39.5555555555556,27.7222222222222,31.5555555555556,9.88888888888889,1234253.33333333,-2594728.33333333,3577,34.31469090410484,31.494475313629238,33.02592629854931
2009-03-17,877,2009-03-17,35.0,28.2777777777778,35.5,10.3888888888889,1234253.33333333,-2594728.33333333,3577,30.819751059757404,33.66967681946236,34.35329884304058
2009-03-25,878,2009-03-25,15.0,40.0,44.0,7.0,1234185.0,-2594775.0,3577,27.493582562236288,34.55167939569173,36.76536048180009
2009-04-02,879,2009-04-02,30.5555555555556,35.6666666666667,32.6666666666667,9.5,1234253.33333333,-2594728.33333333,3577,28.46421756474146,38.02605832217357,32.31229091836878
2009-04-10,880,2009-04-10,29.7,48.1,20.7,10.6,1234260.0,-2594700.0,3577,30.309542237437917,35.857116321015525,32.600208662414694
2009-04-18,881,2009-04-18,32.7777777777778,29.2222222222222,36.7777777777778,9.94444444444444,1234253.33333333,-2594728.33333333,3577,33.190038810412666,34.155587507248754,31.373359910689054
2009-04-19,882,2009-04-19,39.8,26.3333333333333,32.7333333333333,10.8,1234251.0,-2594739.0,3577,34.170158387308646,31.226674800336113,33.26777562266048
2009-04-26,883,2009-04-26,36.8823529411765,34.5882352941176,27.0588235294118,10.7058823529412,1234255.58823529,-2594732.64705882,3577,35.383571931007936,33.5724314435792,29.811512078034678
2009-04-27,884,2009-04-27,32.1666666666667,29.3333333333333,37.2777777777778,9.5,1234253.33333333,-2594728.33333333,3577,34.6011157340554,34.82106115013988,29.366936317487394
2009-05-04,885,2009-05-04,29.5555555555556,30.3888888888889,38.7777777777778,9.55555555555556,1234253.33333333,-2594728.33333333,3577,29.646682888729103,35.6066994843667,33.54498783556743
2009-05-12,886,2009-05-12,21.5,50.5,27.0,18.5,1234305.0,-2594715.0,3577,26.404796037645873,35.191150398393354,37.14699012312737
2009-05-13,887,2009-05-13,25.1111111111111,40.0,33.6666666666667,8.11111111111111,1234253.33333333,-2594728.33333333,3577,22.282774893206835,35.88945533108173,40.47970403500669
2009-05-20,888,2009-05-20,26.2777777777778,37.3888888888889,35.0,9.55555555555556,1234253.33333333,-2594728.33333333,3577,20.396791840059613,33.983500584478946,44.22137694555538
2009-05-21,889,2009-05-21,17.5,9.0,71.5,7.5,1234200.0,-2594775.0,3577,19.98721613682161,31.606573771839507,46.97963892882149
2009-05-28,890,2009-05-28,15.6666666666667,34.5,48.6111111111111,5.16666666666667,1234253.33333333,-2594728.33333333,3577,23.264941204201982,32.689051463313575,42.66957882764932
2009-05-29,891,2009-05-29,25.8888888888889,40.7777777777778,32.0555555555556,9.05555555555556,1234253.33333333,-2594728.33333333,3577,24.6659931056179,33.06598612944869,40.95262099441056
2009-06-05,892,2009-06-05,26.4444444444444,38.7777777777778,33.5555555555556,10.3333333333333,1234253.33333333,-2594728.33333333,3577,24.756350117027523,34.022434393946355,39.914428880367204
2009-06-06,893,2009-06-06,29.0,36.1666666666667,33.6111111111111,8.05555555555556,1234253.33333333,-2594728.33333333,3577,23.737435079536784,37.476332748772975,37.48332214740324
2009-06-13,894,2009-06-13,24.7222222222222,36.2222222222222,37.8888888888889,9.61111111111111,1234253.33333333,-2594728.33333333,3577,22.767729690326895,38.671346713136614,37.191036345829566
2009-06-22,895,2009-06-22,23.5,42.1666666666667,32.8333333333333,9.0,1234253.33333333,-2594728.33333333,3577,21.202332926787957,38.4132898405287,38.947643859402746
2009-06-29,896,2009-06-29,3.0,27.0,68.0,5.0,1234215.0,-2594655.0,3577,18.75532534200984,35.2739865913188,44.43144231069264
2009-06-30,897,2009-06-30,22.5,37.8888888888889,38.1666666666667,8.94444444444444,1234253.33333333,-2594728.33333333,3577,17.245408358408874,36.993545841837545,44.27592428210963
2009-07-08,898,2009-07-08,21.5,43.1666666666667,34.0555555555556,8.88888888888889,1234253.33333333,-2594728.33333333,3577,18.11792490275191,37.79723647524943,42.638265243522056
2009-07-16,899,2009-07-16,19.8333333333333,38.6666666666667,40.2777777777778,8.77777777777778,1234253.33333333,-2594728.33333333,3577,19.12861287319204,38.39742747791712,41.09935145693048
2009-07-24,900,2009-07-24,21.6111111111111,37.0555555555556,40.1111111111111,8.55555555555556,1234253.33333333,-2594728.33333333,3577,20.686993776773953,38.7044209660251,39.32505454641091
2009-07-31,901,2009-07-31,20.0,38.9444444444444,39.6666666666667,8.55555555555556,1234253.33333333,-2594728.33333333,3577,21.11626024474006,39.721786813112146,37.94758372002387
2009-08-01,902,2009-08-01,18.7777777777778,39.5,40.4444444444444,8.44444444444444,1234253.33333333,-2594728.33333333,3577,20.31411639615672,40.242326816624214,38.218048549312186
2009-08-08,903,2009-08-08,19.1111111111111,38.5,41.1111111111111,8.44444444444444,1234253.33333333,-2594728.33333333,3577,17.663713823153927,38.49429998965027,42.56757741741626
2009-08-09,904,2009-08-09,17.0555555555556,43.2222222222222,38.5555555555556,8.11111111111111,1234253.33333333,-2594728.33333333,3577,18.371299323308975,40.604225152206695,39.783190321884064
2009-08-16,905,2009-08-16,18.5555555555556,40.5555555555556,39.7222222222222,8.27777777777778,1234253.33333333,-2594728.33333333,3577,17.69120473609374,41.702779160977265,39.388056559877306
2009-08-17,906,2009-08-17,16.8333333333333,42.1666666666667,39.7777777777778,7.83333333333333,1234253.33333333,-2594728.33333333,3577,17.198541277724225,42.62177336039524,39.02655273862122
2009-08-24,907,2009-08-24,17.8333333333333,40.2222222222222,40.7777777777778,8.11111111111111,1234253.33333333,-2594728.33333333,3577,17.311853305063376,42.559596274164825,38.97404865515738
2009-08-25,908,2009-08-25,17.9444444444444,46.4444444444444,34.4444444444444,7.83333333333333,1234253.33333333,-2594728.33333333,3577,17.234391749392728,43.69185636939211,37.905388728912484
2009-09-02,909,2009-09-02,16.1666666666667,47.1666666666667,35.5,7.66666666666667,1234253.33333333,-2594728.33333333,3577,17.819434382661047,43.839630388921286,37.16544343169174
2009-09-09,910,2009-09-09,16.0,38.3888888888889,44.5,8.44444444444444,1234253.33333333,-2594728.33333333,3577,17.555474691218663,44.601947997749846,36.66645016489669
2009-09-10,911,2009-09-10,18.9230769230769,48.9230769230769,31.0,8.76923076923077,1234254.23076923,-2594747.30769231,3577,16.449104043528838,45.92780748662415,36.452661889188946
2009-09-17,912,2009-09-17,16.2777777777778,43.6111111111111,38.7222222222222,8.11111111111111,1234253.33333333,-2594728.33333333,3577,15.215354027568964,46.1533948309302,37.472785728198076
2009-09-18,913,2009-09-18,14.2777777777778,50.7222222222222,34.0,8.05555555555556,1234253.33333333,-2594728.33333333,3577,13.736016252803925,46.802500336310914,38.28421750247803
2009-09-25,914,2009-09-25,12.3888888888889,44.1666666666667,42.2222222222222,7.83333333333333,1234253.33333333,-2594728.33333333,3577,12.821922209988898,46.96911815129736,39.01097303109103
2009-09-26,915,2009-09-26,7.5,51.9444444444444,39.3888888888889,6.38888888888889,1234253.33333333,-2594728.33333333,3577,12.064979951379687,48.72856507625961,37.96339556555706
2009-10-04,916,2009-10-04,13.1666666666667,46.2222222222222,39.3333333333333,7.61111111111111,1234253.33333333,-2594728.33333333,3577,11.225457773681875,48.55735308854372,38.9785242277444
2009-10-11,917,2009-10-11,13.1111111111111,48.8333333333333,36.7777777777778,7.77777777777778,1234253.33333333,-2594728.33333333,3577,11.554394178231462,50.56723685670296,36.62547600317951
2009-10-12,918,2009-10-12,12.8888888888889,52.7777777777778,32.9444444444444,7.5,1234253.33333333,-2594728.33333333,3577,12.455302523412104,51.682655150139674,34.580438825015705
2009-10-19,919,2009-10-19,12.1111111111111,51.5,35.1666666666667,7.16666666666667,1234253.33333333,-2594728.33333333,3577,12.34178222877728,52.16048296388074,34.192085176600195
2009-10-20,920,2009-10-20,10.9444444444444,54.4444444444444,33.3888888888889,7.38888888888889,1234253.33333333,-2594728.33333333,3577,12.080305349962984,52.15891958058362,34.47339481982931
2009-10-27,921,2009-10-27,12.0,50.1666666666667,36.6666666666667,7.94444444444444,1234253.33333333,-2594728.33333333,3577,11.644895524150751,50.5898083684386,36.52473893495021
2009-10-28,922,2009-10-28,12.5555555555556,56.0555555555556,29.9444444444444,7.38888888888889,1234253.33333333,-2594728.33333333,3577,10.351523605392034,50.484977011285274,37.9731874592499
2009-11-04,923,2009-11-04,8.28571428571429,35.5714285714286,55.0,6.42857142857143,1234262.14285714,-2594689.28571429,3577,10.928092230067275,47.56242487368237,40.31005393483953
2009-11-05,924,2009-11-05,10.5555555555556,53.8888888888889,34.3888888888889,7.44444444444444,1234253.33333333,-2594728.33333333,3577,11.904527123267922,46.477523614215905,40.393200697314676
2009-11-13,925,2009-11-13,13.9,43.3,41.6,7.4,1234260.0,-2594700.0,3577,12.08386004987399,46.72011186135282,39.91143932407921
2009-11-21,926,2009-11-21,11.8888888888889,49.0,37.9444444444444,7.33333333333333,1234253.33333333,-2594728.33333333,3577,11.845183341966546,46.122243571034026,40.73452858960703
2009-11-28,927,2009-11-28,12.6666666666667,45.7777777777778,39.9444444444444,7.72222222222222,1234253.33333333,-2594728.33333333,3577,12.572104555929375,45.92100014120679,40.14317186034641
2009-11-29,928,2009-11-29,16.4615384615385,41.4615384615385,40.6923076923077,7.38461538461539,1234256.53846154,-2594710.38461538,3577,11.98157211169235,47.281494431824285,39.44404504820962
2009-12-07,929,2009-12-07,10.8888888888889,50.8888888888889,37.0,7.33333333333333,1234253.33333333,-2594728.33333333,3577,13.56256326656641,44.169233665710834,40.936436963482095
2009-12-22,930,2009-12-22,13.8888888888889,37.1111111111111,47.7777777777778,7.22222222222222,1234255.0,-2594695.0,3577,17.722708362369232,36.55691789589652,44.40653530720388
2010-01-15,931,2010-01-15,24.7222222222222,33.8888888888889,40.3333333333333,9.0,1234253.33333333,-2594728.33333333,3577,24.008567994737597,33.759333076875635,41.10392239105744
2010-01-16,932,2010-01-16,30.5,36.1111111111111,32.3333333333333,9.0,1234253.33333333,-2594728.33333333,3577,32.130149921425954,32.07038957054587,34.91576567652281
2010-01-24,933,2010-01-24,35.7777777777778,26.7222222222222,36.8333333333333,7.72222222222222,1234253.33333333,-2594728.33333333,3577,38.18046161158097,32.76666916678053,28.366700417177352
2010-02-08,934,2010-02-08,56.3529411764706,16.7058823529412,25.7647058823529,11.4705882352941,1234257.35294118,-2594725.58823529,3577,45.63859505223014,34.54851667158002,19.140705959210273
2010-02-16,935,2010-02-16,47.5384615384615,50.8461538461538,1.61538461538462,10.8461538461538,1234265.76923077,-2594740.38461538,3577,49.476086814087076,36.586123441699826,13.284924832546217
2010-03-05,936,2010-03-05,45.0,51.4285714285714,3.28571428571429,11.1428571428571,1234253.57142857,-2594740.71428571,3577,49.10098445060518,39.27666255188326,10.927667444679665
2010-03-12,937,2010-03-12,48.0555555555556,36.2777777777778,14.3333333333333,13.2222222222222,1234253.33333333,-2594728.33333333,3577,47.81919889752973,38.09314326922292,13.222074065536225
2010-03-20,938,2010-03-20,43.8888888888889,30.5,24.2777777777778,11.5555555555556,1234253.33333333,-2594728.33333333,3577,45.283428359668214,37.5976418877099,16.061966381188277
2010-03-21,939,2010-03-21,49.4444444444444,34.1666666666667,15.1666666666667,11.2777777777778,1234253.33333333,-2594728.33333333,3577,41.70933396959629,35.5179550800444,21.543228540567128
2010-03-28,940,2010-03-28,30.0,30.0,39.0,8.0,1234185.0,-2594775.0,3577,39.78584265558425,32.458753166450094,26.423252014870897
2010-03-29,941,2010-03-29,43.7777777777778,33.8888888888889,20.8333333333333,11.0,1234253.33333333,-2594728.33333333,3577,40.038315320168294,31.070645741170157,27.486064921284353
2010-04-05,942,2010-04-05,40.6666666666667,35.7777777777778,22.1111111111111,11.0555555555556,1234253.33333333,-2594728.33333333,3577,39.41753011779514,35.23815662321327,24.062270783048913
2010-04-13,943,2010-04-13,34.6,41.8,22.5,11.0,1234260.0,-2594700.0,3577,38.74812413248368,38.20107642614812,21.8217119138139
2010-04-14,944,2010-04-14,40.7777777777778,34.3333333333333,23.6111111111111,11.3333333333333,1234253.33333333,-2594728.33333333,3577,38.562547833931106,39.76084366203444,20.361454772963388
2010-04-29,945,2010-04-29,40.5625,44.625,13.4375,12.25,1234252.5,-2594735.625,3577,37.073108979673464,41.30507927479805,20.28689431780639
2010-04-30,946,2010-04-30,33.8888888888889,41.0555555555556,23.7222222222222,10.3888888888889,1234253.33333333,-2594728.33333333,3577,35.871939522643196,42.576173861349204,20.19534802840664
2010-05-08,947,2010-05-08,33.3888888888889,42.1666666666667,23.0555555555556,10.2222222222222,1234253.33333333,-2594728.33333333,3577,31.191949857555365,42.766696087606434,24.66857457893822
2010-05-23,948,2010-05-23,27.1111111111111,44.8333333333333,26.6666666666667,8.88888888888889,1234253.33333333,-2594728.33333333,3577,31.63891531633152,42.59662379022198,24.333609185994266
2010-05-31,949,2010-05-31,30.1538461538462,44.5384615384615,23.7692307692308,12.0769230769231,1234256.53846154,-2594710.38461538,3577,30.107275023531237,43.6826538892354,24.783036833809422
2010-06-08,950,2010-06-08,27.6111111111111,42.5,28.6111111111111,11.1111111111111,1234253.33333333,-2594728.33333333,3577,28.10918931983315,45.03906478676933,25.517195925444973
2010-06-09,951,2010-06-09,30.1666666666667,43.9444444444444,24.5,11.1666666666667,1234253.33333333,-2594728.33333333,3577,27.640896831179617,45.66664326400556,25.38594652486588
2010-06-17,952,2010-06-17,27.1111111111111,47.6666666666667,24.0555555555556,12.1666666666667,1234253.33333333,-2594728.33333333,3577,27.077725546450935,46.89277988629551,24.76815152248973
2010-06-25,953,2010-06-25,31.0588235294118,49.4117647058824,18.3529411764706,11.0,1234255.58823529,-2594732.64705882,3577,25.281962085279833,47.648696866456945,25.845027402925993
2010-07-11,954,2010-07-11,12.1111111111111,53.6666666666667,33.0,7.88888888888889,1234271.66666667,-2594705.0,3577,23.501887603666034,49.55816778158894,25.74146968080715
2010-08-03,955,2010-08-03,24.3888888888889,46.1111111111111,28.2777777777778,11.1111111111111,1234253.33333333,-2594728.33333333,3577,20.898828937707627,50.792013352491104,27.086917711071397
2010-08-12,956,2010-08-12,21.3888888888889,51.4444444444444,25.7777777777778,11.0555555555556,1234253.33333333,-2594728.33333333,3577,18.694425730481953,52.65913482851777,27.405399094112923
2010-08-27,957,2010-08-27,16.5,53.3333333333333,29.0555555555556,11.1111111111111,1234253.33333333,-2594728.33333333,3577,15.83103346197265,55.34975041095592,27.56177577152399
2010-08-28,958,2010-08-28,14.0555555555556,59.8888888888889,24.7222222222222,9.16666666666667,1234253.33333333,-2594728.33333333,3577,14.582973876725127,56.10802928631262,27.987065434611797
2010-09-12,959,2010-09-12,15.2777777777778,56.4444444444444,27.0,10.7222222222222,1234253.33333333,-2594728.33333333,3577,14.662452735752325,56.18717750257157,27.841959478223753
2010-09-13,960,2010-09-13,13.5,54.875,30.25,9.625,1234260.0,-2594692.5,3577,16.522806621329032,55.68285309208261,26.516487423012308
2010-09-28,961,2010-09-28,16.7777777777778,59.5555555555556,22.4444444444444,11.1111111111111,1234253.33333333,-2594728.33333333,3577,18.18684109350385,54.10999051990322,26.431409021780205
2010-10-06,962,2010-10-06,23.0,47.2222222222222,28.3333333333333,10.3888888888889,1234253.33333333,-2594728.33333333,3577,23.014333053575662,51.3929823287787,24.263499981671522
2010-10-22,963,2010-10-22,31.3529411764706,41.5294117647059,25.9411764705882,10.3529411764706,1234257.35294118,-2594725.58823529,3577,27.15877949323182,49.13957283281353,22.355950232608684
2010-10-23,964,2010-10-23,31.6666666666667,52.4444444444444,14.7777777777778,12.0,1234253.33333333,-2594728.33333333,3577,30.93579222735562,46.33909293471977,21.456342313059196
2010-10-31,965,2010-10-31,33.8333333333333,46.2222222222222,18.5,12.0555555555556,1234253.33333333,-2594728.33333333,3577,34.93440134823861,44.307204765458344,19.546764442230973
2010-12-01,966,2010-12-01,36.4444444444444,41.5,20.6666666666667,12.5,1234253.33333333,-2594728.33333333,3577,36.6563476497032,42.08783961558947,20.08546618123148
2010-12-09,967,2010-12-09,39.0,39.7777777777778,20.1666666666667,9.11111111111111,1234253.33333333,-2594728.33333333,3577,40.849956493173174,38.588399197718175,19.445034189201937
2010-12-18,968,2010-12-18,45.1818181818182,32.6363636363636,21.4545454545455,16.0909090909091,1234228.63636364,-2594723.18181818,3577,45.37763872780826,36.19145702560999,17.331305697182835
2011-01-02,969,2011-01-02,50.1111111111111,32.2777777777778,16.4444444444444,13.4444444444444,1234253.33333333,-2594728.33333333,3577,49.241415526863705,32.15488699218456,17.49025518868474
2011-01-03,970,2011-01-03,53.3888888888889,31.7222222222222,13.5555555555556,13.8888888888889,1234253.33333333,-2594728.33333333,3577,55.14037194204745,28.50522211774912,15.187481458898555
2011-01-10,971,2011-01-10,57.1111111111111,26.0555555555556,15.5555555555556,13.9444444444444,1234253.33333333,-2594728.33333333,3577,57.960742325495836,27.46963420605003,13.325377768240982
2011-01-18,972,2011-01-18,70.1,23.9,4.8,15.3,1234257.0,-2594757.0,3577,59.34638766805062,26.484965876912376,12.827786317567698
2011-01-19,973,2011-01-19,49.5,31.5,17.5,11.0,1234260.0,-2594670.0,3577,58.5939082417323,26.51095619206677,13.555873692868584
2011-01-26,974,2011-01-26,59.9333333333333,23.1333333333333,15.6666666666667,15.2666666666667,1234251.0,-2594739.0,3577,59.83832297732332,27.35885913192005,11.47468492979159
2011-01-27,975,2011-01-27,62.5,28.4444444444444,7.66666666666667,13.3888888888889,1234253.33333333,-2594728.33333333,3577,58.50145236599471,29.261417461103473,10.972520513540552
2011-02-11,976,2011-02-11,48.0,33.0,18.0,10.0,1234185.0,-2594775.0,3577,57.33912896528139,30.441186092884323,10.980424030731983
2011-02-12,977,2011-02-12,62.0555555555556,32.0,4.72222222222222,12.9444444444444,1234253.33333333,-2594728.33333333,3577,55.657340732874204,31.90277038062939,11.210737044171907
2011-02-19,978,2011-02-19,57.9444444444444,33.0555555555556,7.66666666666667,13.3888888888889,1234253.33333333,-2594728.33333333,3577,54.88791944209079,32.483121281878056,11.416555408813773
2011-02-20,979,2011-02-20,57.3333333333333,33.7777777777778,7.44444444444444,12.7777777777778,1234253.33333333,-2594728.33333333,3577,53.21394511920032,33.37024291497478,12.17463393159806
2011-02-27,980,2011-02-27,38.75,34.0,26.25,6.75,1234230.0,-2594775.0,3577,52.61632760083986,34.89372108798834,11.136909701923518
2011-03-23,981,2011-03-23,57.7777777777778,30.7777777777778,10.0555555555556,15.0,1234253.33333333,-2594728.33333333,3577,52.24672468913173,35.05752776634607,11.307217687711361
2011-04-08,982,2011-04-08,47.3333333333333,42.7222222222222,8.44444444444444,13.7222222222222,1234253.33333333,-2594728.33333333,3577,49.88339214963857,37.09205534746776,11.647802146252422
2011-04-09,983,2011-04-09,49.8888888888889,38.5,10.2222222222222,13.0,1234253.33333333,-2594728.33333333,3577,45.037993654085994,40.20295416657045,13.453572399390824
2011-04-16,984,2011-04-16,44.9166666666667,42.9166666666667,10.75,13.3333333333333,1234260.0,-2594707.5,3577,42.702354095846175,42.72758605343107,13.274378459515798
2011-04-17,985,2011-04-17,46.2222222222222,44.5,8.11111111111111,10.9444444444444,1234253.33333333,-2594728.33333333,3577,39.124536626078765,45.9242346061163,13.659178111188456
2011-05-03,986,2011-05-03,17.6,48.8,32.6,23.8,1234263.0,-2594739.0,3577,35.729665552880036,48.88547561828566,14.11910171012126
2011-05-10,987,2011-05-10,35.6111111111111,53.0555555555556,10.0,12.2222222222222,1234253.33333333,-2594728.33333333,3577,31.755508165720148,51.21731424749237,15.783225202727472
2011-05-11,988,2011-05-11,34.7777777777778,51.7222222222222,12.0,11.7222222222222,1234253.33333333,-2594728.33333333,3577,32.43147659014047,51.34996127023226,14.884409106543092
2011-05-18,989,2011-05-18,35.4,52.6666666666667,10.5333333333333,11.6,1234261.0,-2594719.0,3577,31.594540426888635,53.80094045960116,13.209786962261752
2011-05-19,990,2011-05-19,30.8333333333333,57.3888888888889,10.4444444444444,11.1111111111111,1234253.33333333,-2594728.33333333,3577,32.25718485160726,54.97680063313918,11.36130415851607
2011-05-26,991,2011-05-26,32.6111111111111,53.7222222222222,12.2222222222222,11.8888888888889,1234253.33333333,-2594728.33333333,3577,32.48890296149871,57.0681147026263,9.00044491112467
2011-06-03,992,2011-06-03,30.7222222222222,56.1666666666667,11.5555555555556,11.5,1234253.33333333,-2594728.33333333,3577,32.002079619721876,58.386401524163695,8.173628401181348
2011-06-04,993,2011-06-04,29.4444444444444,59.8333333333333,9.44444444444444,10.9444444444444,1234253.33333333,-2594728.33333333,3577,28.433278967330423,59.713112309078596,10.434421615534601
2011-06-11,994,2011-06-11,25.6666666666667,68.7222222222222,4.33333333333333,8.22222222222222,1234253.33333333,-2594728.33333333,3577,28.057836161082733,60.873488998092895,9.645347617637196
2011-06-12,995,2011-06-12,30.4444444444444,56.7777777777778,11.2222222222222,11.4444444444444,1234253.33333333,-2594728.33333333,3577,28.04690658762639,59.961639495686256,10.5818552461785
2011-06-20,996,2011-06-20,27.1666666666667,59.9444444444444,11.3333333333333,11.2222222222222,1234253.33333333,-2594728.33333333,3577,27.878865366060552,60.02655574558703,10.75252881462531
2011-06-27,997,2011-06-27,26.1666666666667,57.1666666666667,15.5,10.6666666666667,1234253.33333333,-2594728.33333333,3577,26.7547781199206,60.698474985617636,11.266455059320709
2011-07-06,998,2011-07-06,26.2777777777778,61.5555555555556,11.0,11.6666666666667,1234253.33333333,-2594728.33333333,3577,26.321696687315544,60.40686755623935,12.03145756759531
2011-07-13,999,2011-07-13,26.5555555555556,61.1666666666667,11.1111111111111,12.0555555555556,1234253.33333333,-2594728.33333333,3577,25.31402082080438,61.34514230178951,12.118366048228488
2011-07-14,1000,2011-07-14,25.8461538461538,63.0,9.92307692307692,9.38461538461539,1234256.53846154,-2594710.38461538,3577,24.059098366370318,63.3834083872689,11.339828987660116
2011-07-21,1001,2011-07-21,18.25,70.75,9.75,10.5,1234230.0,-2594775.0,3577,22.242698524250326,65.81163444397755,10.694239692987813
2011-07-22,1002,2011-07-22,22.2222222222222,62.3333333333333,14.0555555555556,11.8333333333333,1234253.33333333,-2594728.33333333,3577,21.474443493313814,65.99333956376313,11.206958709040876
2011-07-29,1003,2011-07-29,22.6666666666667,64.7777777777778,11.2222222222222,11.8333333333333,1234253.33333333,-2594728.33333333,3577,20.49777669341544,66.61057466784023,11.522596492706713
2011-08-07,1004,2011-08-07,18.4444444444444,68.6111111111111,11.5555555555556,10.7222222222222,1234253.33333333,-2594728.33333333,3577,20.065082142061755,65.88788997379342,12.731484843116668
2011-08-14,1005,2011-08-14,19.7777777777778,64.9444444444444,14.0,11.5,1234253.33333333,-2594728.33333333,3577,19.91921083996281,65.19740691024546,13.638048880545057
2011-08-15,1006,2011-08-15,19.7222222222222,63.8333333333333,15.3333333333333,10.6666666666667,1234253.33333333,-2594728.33333333,3577,20.042386835727502,63.78488444818761,14.972431507258985
2011-08-22,1007,2011-08-22,21.5555555555556,64.0555555555556,13.2222222222222,11.0,1234253.33333333,-2594728.33333333,3577,20.113467371978288,63.62232349692699,15.109086819610873
2011-08-23,1008,2011-08-23,18.9444444444444,63.6666666666667,16.2777777777778,10.2222222222222,1234253.33333333,-2594728.33333333,3577,19.039229819025717,64.88365165105682,14.926224167127504
2011-08-30,1009,2011-08-30,18.6111111111111,62.5555555555556,17.7222222222222,11.1666666666667,1234253.33333333,-2594728.33333333,3577,19.29277653890366,63.55178241090606,15.963850820659575
2011-08-31,1010,2011-08-31,17.9444444444444,66.4444444444444,14.2777777777778,10.5555555555556,1234253.33333333,-2594728.33333333,3577,18.81984376991833,65.31018899400277,14.66418757111261
2011-09-07,1011,2011-09-07,18.3333333333333,68.1111111111111,12.2222222222222,10.6666666666667,1234253.33333333,-2594728.33333333,3577,17.34057862501873,67.84934093253514,13.542514180863535
2011-09-08,1012,2011-09-08,16.4444444444444,71.0555555555556,11.3333333333333,10.3333333333333,1234253.33333333,-2594728.33333333,3577,15.483017541451744,71.04269986118771,12.228578202841064
2011-09-15,1013,2011-09-15,14.7777777777778,67.5555555555556,16.3333333333333,10.7222222222222,1234253.33333333,-2594728.33333333,3577,14.605360583686565,70.37476695989577,13.741572067421389
2011-09-16,1014,2011-09-16,15.7777777777778,69.8333333333333,13.2222222222222,10.1111111111111,1234253.33333333,-2594728.33333333,3577,15.822645663587576,68.68594404390592,14.188688053430496
2011-09-23,1015,2011-09-23,10.625,80.125,8.0625,8.75,1234258.125,-2594735.625,3577,15.19652429411353,69.51893843877417,14.080104724236197
2011-10-01,1016,2011-10-01,14.2222222222222,64.0555555555556,20.3888888888889,10.1111111111111,1234253.33333333,-2594728.33333333,3577,13.864576536697026,70.57255372108169,14.412467319551759
2011-10-02,1017,2011-10-02,16.2222222222222,66.4444444444444,16.2777777777778,9.61111111111111,1234253.33333333,-2594728.33333333,3577,12.530128130836502,72.28506659975257,14.043045326552608
2011-10-09,1018,2011-10-09,17.5,64.8333333333333,16.3333333333333,10.75,1234250.0,-2594750.0,3577,11.562028596970404,74.58081606821614,12.759381441165639
2011-10-18,1019,2011-10-18,7.33333333333333,91.7777777777778,0.222222222222222,6.44444444444444,1234251.66666667,-2594761.66666667,3577,10.650526664798425,75.99017682623814,12.302303128232355
2011-10-25,1020,2011-10-25,0.0,85.0,14.0,7.5,1234260.0,-2594670.0,3577,10.545719646405564,77.34868231031254,11.047967786526947
2011-10-26,1021,2011-10-26,13.6666666666667,69.3888888888889,15.4444444444444,9.33333333333333,1234253.33333333,-2594728.33333333,3577,9.342755545946794,79.73105825820267,9.836857918069741
2011-11-03,1022,2011-11-03,13.6470588235294,77.2352941176471,8.11764705882353,9.76470588235294,1234255.58823529,-2594732.64705882,3577,7.641496919905555,81.46335749273644,9.722550196639371
2011-11-10,1023,2011-11-10,12.0,76.9444444444444,9.94444444444444,9.83333333333333,1234253.33333333,-2594728.33333333,3577,10.23550973150865,77.18347033766919,11.337861459261209
2011-11-11,1024,2011-11-11,11.8888888888889,73.8888888888889,12.8333333333333,9.44444444444444,1234253.33333333,-2594728.33333333,3577,14.954290696825192,71.58862161672684,12.174643859454948
2011-11-19,1025,2011-11-19,13.6428571428571,76.1428571428571,8.85714285714286,9.5,1234251.42857143,-2594742.85714286,3577,19.16354121963714,65.39440220513166,14.09602729027311
2011-11-26,1026,2011-11-26,16.6923076923077,62.8461538461538,19.0769230769231,11.3846153846154,1234256.53846154,-2594710.38461538,3577,21.983027644361087,64.30637464277004,12.39401646128833
2011-12-12,1027,2011-12-12,33.4,52.6,12.8,10.7333333333333,1234261.0,-2594737.0,3577,23.56886557819341,62.3779334111729,12.740768228931568
2011-12-21,1028,2011-12-21,34.7777777777778,52.2777777777778,11.7222222222222,11.6666666666667,1234253.33333333,-2594728.33333333,3577,26.052650420023923,59.466352669746556,13.187065259055212
2012-01-13,1029,2012-01-13,20.0,63.3888888888889,15.2222222222222,10.4444444444444,1234253.33333333,-2594728.33333333,3577,26.98756526010512,58.37271375173786,13.440749323940786
2012-01-22,1030,2012-01-22,22.0555555555556,64.6666666666667,12.1111111111111,10.0,1234253.33333333,-2594728.33333333,3577,26.620590954118782,58.233565756824504,14.01458286625974
2012-01-29,1031,2012-01-29,27.8,63.7333333333333,7.46666666666667,18.1333333333333,1234247.0,-2594721.0,3577,26.37183140745502,56.842925017077036,15.657271536907201
2012-03-01,1032,2012-03-01,26.0,48.0,25.0,7.5,1234260.0,-2594670.0,3577,27.775504887265463,54.61178841797221,16.48289093087608
2012-03-10,1033,2012-03-10,32.8888888888889,44.8333333333333,21.0555555555556,10.4444444444444,1234253.33333333,-2594728.33333333,3577,30.86330078589681,49.81300983157823,18.197138087228254
2012-03-26,1034,2012-03-26,34.6666666666667,47.6666666666667,16.4444444444444,10.9444444444444,1234253.33333333,-2594728.33333333,3577,35.6146701595565,45.28528317227331,17.969266371740474
2012-04-02,1035,2012-04-02,36.6666666666667,45.9333333333333,16.2666666666667,12.2,1234261.0,-2594719.0,3577,37.24247115113434,42.9465089090412,18.662489866511848
2012-04-11,1036,2012-04-11,39.5555555555556,39.5555555555556,19.6111111111111,11.3888888888889,1234253.33333333,-2594728.33333333,3577,35.2371681162055,44.7009665415886,18.840979046882403
2012-04-18,1037,2012-04-18,34.7222222222222,49.1666666666667,15.0,11.7222222222222,1234253.33333333,-2594728.33333333,3577,32.63295780454142,47.66591316650144,18.451523867096242
2012-05-13,1038,2012-05-13,26.1666666666667,51.1111111111111,21.5,10.7777777777778,1234253.33333333,-2594728.33333333,3577,29.274883038155643,51.03315511721513,18.420174689164547
2012-05-29,1039,2012-05-29,22.5,54.0,22.1111111111111,11.4444444444444,1234253.33333333,-2594728.33333333,3577,25.36554657535465,52.06940278635142,21.268870580608294
2012-07-07,1040,2012-07-07,20.8333333333333,53.4444444444444,24.3888888888889,11.3888888888889,1234253.33333333,-2594728.33333333,3577,22.570725482605884,53.518999991294905,22.586294568596514
2012-07-16,1041,2012-07-16,23.7692307692308,55.0769230769231,19.6923076923077,12.2307692307692,1234256.53846154,-2594710.38461538,3577,20.243225298949824,53.5522767566031,24.81307237653617
2012-08-01,1042,2012-08-01,20.9444444444444,50.4444444444444,27.3888888888889,11.0555555555556,1234253.33333333,-2594728.33333333,3577,20.593384797835157,52.57404593282796,25.517077341338425
2012-08-08,1043,2012-08-08,19.6666666666667,51.8333333333333,27.1666666666667,11.2222222222222,1234253.33333333,-2594728.33333333,3577,20.741576462221133,51.16425107733896,26.799803376337216
2012-08-24,1044,2012-08-24,19.2222222222222,50.3333333333333,29.1666666666667,7.77777777777778,1234253.33333333,-2594728.33333333,3577,19.494864467116845,51.33956518259434,27.895029707270766
2012-09-02,1045,2012-09-02,17.1111111111111,53.6111111111111,27.9444444444444,10.0555555555556,1234253.33333333,-2594728.33333333,3577,16.644051114398707,53.18405021268351,28.85152983858127
2012-09-09,1046,2012-09-09,16.6666666666667,52.1111111111111,29.8888888888889,10.0555555555556,1234253.33333333,-2594728.33333333,3577,14.303277892225497,55.44749581312078,28.860007259607897
2012-09-25,1047,2012-09-25,13.9444444444444,61.4444444444444,23.5,10.3333333333333,1234253.33333333,-2594728.33333333,3577,12.041456479535174,57.7674765106112,28.759362689553257
2012-10-04,1048,2012-10-04,3.0,60.0,35.0,8.0,1234215.0,-2594655.0,3577,10.632579666633813,60.46305439839413,27.421041240468938
2012-10-20,1049,2012-10-20,11.0,62.2352941176471,25.3529411764706,9.47058823529412,1234257.35294118,-2594725.58823529,3577,10.178634403091085,61.23147533782206,27.118617213131472
2012-11-05,1050,2012-11-05,11.1666666666667,63.8888888888889,23.5,9.16666666666667,1234253.33333333,-2594728.33333333,3577,9.377925480091267,61.319990032419426,27.82665729623975
2012-11-12,1051,2012-11-12,12.2777777777778,57.6666666666667,28.7777777777778,9.83333333333333,1234253.33333333,-2594728.33333333,3577,9.373225707899234,61.92123726653853,27.260231342744127
2012-11-21,1052,2012-11-21,8.0,63.2,27.4,9.0,1234245.0,-2594775.0,3577,7.249646981844052,64.76679191222021,26.54968462201721
2012-11-28,1053,2012-11-28,11.8333333333333,61.3333333333333,25.3888888888889,9.83333333333333,1234253.33333333,-2594728.33333333,3577,10.535013146466692,63.03855195977729,25.0608018319691
2012-12-07,1054,2012-12-07,11.7777777777778,58.6111111111111,28.2777777777778,9.05555555555556,1234253.33333333,-2594728.33333333,3577,14.592538868078485,59.38987871230654,24.714338444893862
2012-12-14,1055,2012-12-14,12.0555555555556,62.3333333333333,24.2222222222222,9.22222222222222,1234253.33333333,-2594728.33333333,3577,19.26364021255374,53.63632521790524,25.810425748593467
2013-02-16,1056,2013-02-16,26.7333333333333,54.2,17.8666666666667,10.6,1234251.0,-2594739.0,3577,26.71335238548461,46.41673402983945,25.660055976315135
2013-02-25,1057,2013-02-25,34.6111111111111,34.0555555555556,30.1666666666667,10.7777777777778,1234253.33333333,-2594728.33333333,3577,32.966993103211095,40.22946396568087,25.613148152153624
2013-03-13,1058,2013-03-13,53.5,18.0,27.5,10.5,1234200.0,-2594775.0,3577,36.27075109272711,35.60417102676635,26.96178743856359
2013-03-20,1059,2013-03-20,25.6666666666667,40.0,33.0,8.33333333333333,1234265.0,-2594675.0,3577,39.02229607337385,32.72514619882554,26.956450670068918
2013-03-29,1060,2013-03-29,38.0555555555556,37.1666666666667,23.4444444444444,10.4444444444444,1234253.33333333,-2594728.33333333,3577,38.2469286819075,31.930216670149996,28.39847510590119
2013-04-13,1061,2013-04-13,33.1666666666667,36.1666666666667,28.9444444444444,10.4444444444444,1234253.33333333,-2594728.33333333,3577,33.562803072395596,34.662471103023215,30.270196367095856
2013-04-14,1062,2013-04-14,27.0,42.3888888888889,29.1111111111111,7.16666666666667,1234253.33333333,-2594728.33333333,3577,27.93408724058464,39.482124170972774,31.019429830570694
2013-04-22,1063,2013-04-22,28.8333333333333,35.3888888888889,34.1666666666667,9.66666666666667,1234253.33333333,-2594728.33333333,3577,24.608160673172492,41.42529125500643,32.40915465682784
2013-04-29,1064,2013-04-29,28.5555555555556,36.6111111111111,33.1666666666667,9.83333333333333,1234253.33333333,-2594728.33333333,3577,23.569208397378254,41.083153516583906,33.86484516514971
2013-04-30,1065,2013-04-30,10.0,48.0,41.0,6.0,1234215.0,-2594655.0,3577,23.903103432511628,40.410500576129195,34.31514838789869
2013-05-07,1066,2013-05-07,24.1666666666667,43.8333333333333,30.6111111111111,9.33333333333333,1234253.33333333,-2594728.33333333,3577,21.267454251971202,41.9969960380114,35.406827262859125
2013-05-24,1067,2013-05-24,27.6111111111111,36.9444444444444,34.0,9.61111111111111,1234253.33333333,-2594728.33333333,3577,23.028690092154147,41.87304937923504,33.77139939523336
2013-05-31,1068,2013-05-31,24.6111111111111,39.4444444444444,34.6111111111111,10.0,1234253.33333333,-2594728.33333333,3577,23.097923748075097,41.25888258627579,34.23900471732777
2013-06-08,1069,2013-06-08,21.8333333333333,46.2777777777778,30.5,10.0555555555556,1234253.33333333,-2594728.33333333,3577,22.21014262654797,40.966262409754734,35.3724467826582
2013-06-25,1070,2013-06-25,18.6666666666667,38.0,41.7222222222222,13.1111111111111,1234253.33333333,-2594728.33333333,3577,21.996668278398722,39.30034507975097,37.182047914240485
2013-07-02,1071,2013-07-02,23.1111111111111,37.3888888888889,37.8888888888889,10.1111111111111,1234253.33333333,-2594728.33333333,3577,20.98119802453855,39.07308137338514,38.38621990324202
2013-07-03,1072,2013-07-03,20.0,41.1666666666667,37.3333333333333,9.94444444444444,1234253.33333333,-2594728.33333333,3577,18.2432950606298,40.782801220101646,39.49729372793796
2013-07-10,1073,2013-07-10,13.5,39.75,45.3333333333333,6.16666666666667,1234260.0,-2594707.5,3577,19.059512726692553,40.91477347900887,38.54455004918823
2013-07-11,1074,2013-07-11,21.7777777777778,41.8333333333333,35.0,9.44444444444444,1234253.33333333,-2594728.33333333,3577,19.948456943810008,40.58861597638081,38.00031994149072
2013-07-18,1075,2013-07-18,22.8888888888889,41.5555555555556,34.1111111111111,9.5,1234253.33333333,-2594728.33333333,3577,20.34780407071125,41.464048679212766,36.80730982123622
2013-07-26,1076,2013-07-26,19.3888888888889,43.5555555555556,35.6666666666667,10.1666666666667,1234253.33333333,-2594728.33333333,3577,20.596263901214385,42.04096874916681,35.98772795831082
2013-07-27,1077,2013-07-27,20.9444444444444,39.9444444444444,37.7222222222222,9.55555555555556,1234253.33333333,-2594728.33333333,3577,20.51268940897118,40.91781773437509,37.16078984654281
2013-08-03,1078,2013-08-03,21.5555555555556,38.1111111111111,38.7777777777778,9.61111111111111,1234253.33333333,-2594728.33333333,3577,20.648627258531306,40.330841758854305,37.52802254504481
2013-08-11,1079,2013-08-11,18.0,41.7777777777778,38.8888888888889,9.72222222222222,1234253.33333333,-2594728.33333333,3577,20.3720691073602,38.80169280323499,39.32767662333639
2013-08-12,1080,2013-08-12,19.2777777777778,39.3888888888889,39.8333333333333,9.38888888888889,1234253.33333333,-2594728.33333333,3577,19.012397011310597,38.96108019946446,40.52081508102574
2013-08-19,1081,2013-08-19,19.1666666666667,37.4444444444444,41.6111111111111,9.38888888888889,1234253.33333333,-2594728.33333333,3577,18.75391928332826,39.74278507869245,40.00801056528012
2013-08-28,1082,2013-08-28,17.7777777777778,42.2777777777778,38.5555555555556,8.88888888888889,1234253.33333333,-2594728.33333333,3577,17.57172059106782,41.45027031791119,39.473222941483286
2013-09-04,1083,2013-09-04,17.6111111111111,43.1111111111111,37.8333333333333,9.05555555555556,1234253.33333333,-2594728.33333333,3577,16.12631511934677,45.485105451816935,36.90761208175517
2013-09-05,1084,2013-09-05,15.4444444444444,45.5555555555556,37.8333333333333,8.77777777777778,1234253.33333333,-2594728.33333333,3577,15.215877088165822,46.91857325680155,36.45413951373159
2013-09-12,1085,2013-09-12,10.6,56.0,31.8,8.8,1234245.0,-2594775.0,3577,13.966053176267797,48.69858040135952,36.0122446181216
2013-09-21,1086,2013-09-21,14.0,46.0555555555556,38.6666666666667,8.55555555555556,1234253.33333333,-2594728.33333333,3577,12.462220012527737,50.45265664846957,35.885343672490016
2013-09-29,1087,2013-09-29,12.25,53.25,33.25,7.4375,1234260.0,-2594722.5,3577,12.214622580719825,49.69318048651674,36.883594819347806
2013-10-07,1088,2013-10-07,14.0,48.5555555555556,36.4444444444444,8.22222222222222,1234255.0,-2594695.0,3577,12.536452453633245,48.808644485881786,37.38378365699787
2013-10-14,1089,2013-10-14,11.4285714285714,41.4285714285714,46.0,7.57142857142857,1234262.14285714,-2594689.28571429,3577,13.085417334641383,49.50661670629972,36.1580787633365
2013-10-23,1090,2013-10-23,12.0555555555556,57.1111111111111,29.4444444444444,8.27777777777778,1234253.33333333,-2594728.33333333,3577,13.257609487174054,50.22755495277963,35.24045371552581
2013-10-31,1091,2013-10-31,15.4444444444444,47.6111111111111,35.4444444444444,8.16666666666667,1234253.33333333,-2594728.33333333,3577,13.64677573887894,50.779766758861314,34.27512142140109
2013-11-07,1092,2013-11-07,15.3333333333333,50.7222222222222,32.4444444444444,8.5,1234253.33333333,-2594728.33333333,3577,13.450762258035773,51.355702347180724,33.830411160901434
2013-11-08,1093,2013-11-08,12.3333333333333,58.6111111111111,28.0,7.72222222222222,1234253.33333333,-2594728.33333333,3577,13.854680278439805,51.89677994862976,32.90162310169558
2013-11-15,1094,2013-11-15,13.1111111111111,51.4444444444444,34.2222222222222,8.72222222222222,1234253.33333333,-2594728.33333333,3577,14.712036587421377,52.76221207412368,31.181040579642733
2013-11-16,1095,2013-11-16,14.6666666666667,45.7777777777778,38.0555555555556,8.11111111111111,1234253.33333333,-2594728.33333333,3577,15.175987540149356,52.07507155726192,31.460455652014435
2013-11-23,1096,2013-11-23,17.7777777777778,49.3888888888889,31.5555555555556,8.94444444444444,1234253.33333333,-2594728.33333333,3577,15.3585779115942,49.90349150332924,33.442280328885275
2013-12-01,1097,2013-12-01,14.2222222222222,54.1111111111111,30.3888888888889,8.44444444444444,1234253.33333333,-2594728.33333333,3577,15.855794489306057,49.372346349893164,33.45522593161415
2013-12-02,1098,2013-12-02,17.6111111111111,53.6111111111111,27.3888888888889,7.55555555555556,1234253.33333333,-2594728.33333333,3577,15.759195010353647,48.715175691174615,34.17077629112724
2013-12-09,1099,2013-12-09,16.0,42.0555555555556,40.5555555555556,7.72222222222222,1234253.33333333,-2594728.33333333,3577,15.737954383075868,48.595791807084865,34.28342997731031
2013-12-17,1100,2013-12-17,11.875,48.25,38.625,7.375,1234260.0,-2594692.5,3577,14.591307213596046,51.679221363424176,32.41649827640056
2013-12-18,1101,2013-12-18,16.1111111111111,48.6111111111111,33.8333333333333,7.55555555555556,1234253.33333333,-2594728.33333333,3577,14.23540778107128,47.85428108182811,36.53519176041849
2013-12-26,1102,2013-12-26,12.7222222222222,55.1666666666667,30.8333333333333,7.55555555555556,1234253.33333333,-2594728.33333333,3577,13.669181394798542,47.77970404208081,37.147177598797434
2014-01-02,1103,2014-01-02,12.5555555555556,52.4444444444444,33.5555555555556,8.22222222222222,1234253.33333333,-2594728.33333333,3577,13.263592401748305,50.23292522749976,35.15945505302565
2014-01-03,1104,2014-01-03,15.9444444444444,45.7777777777778,37.0,7.66666666666667,1234253.33333333,-2594728.33333333,3577,12.484335495943533,53.83948679458711,32.4183331288546
2014-01-11,1105,2014-01-11,10.625,53.25,34.875,7.0,1234260.0,-2594692.5,3577,13.345832701867867,55.04304415913501,30.38878544915242
2014-01-18,1106,2014-01-18,14.8888888888889,45.6111111111111,38.1111111111111,8.0,1234253.33333333,-2594728.33333333,3577,14.250587862427851,55.64607795024921,28.922509508031503
2014-01-26,1107,2014-01-26,10.6666666666667,82.8333333333333,5.75,7.83333333333333,1234257.5,-2594720.0,3577,13.313404045213224,55.94187589155794,29.509884207635217
2014-01-27,1108,2014-01-27,16.0555555555556,45.5555555555556,37.1111111111111,7.55555555555556,1234253.33333333,-2594728.33333333,3577,13.5210424680219,55.094816346356104,30.140399890782376
2014-02-04,1109,2014-02-04,16.5555555555556,47.6666666666667,34.3333333333333,8.33333333333333,1234253.33333333,-2594728.33333333,3577,13.916848588286168,53.25573368838829,31.53898505175122
2014-02-11,1110,2014-02-11,16.6111111111111,45.9444444444444,35.8888888888889,7.94444444444444,1234253.33333333,-2594728.33333333,3577,15.872559543996829,48.29988441210631,34.45509963891801
2014-02-12,1111,2014-02-12,11.8888888888889,50.5555555555556,36.2222222222222,8.0,1234255.0,-2594695.0,3577,17.992472955318576,42.736796399328725,37.88193016133624
2014-02-27,1112,2014-02-27,16.5555555555556,36.1666666666667,45.8333333333333,5.77777777777778,1234253.33333333,-2594728.33333333,3577,20.076929391554877,39.667554925288954,38.81462547599736
2014-03-07,1113,2014-03-07,29.2222222222222,40.1111111111111,29.6111111111111,9.44444444444444,1234253.33333333,-2594728.33333333,3577,22.378409241254193,37.86095823680398,38.31068797043455
2014-03-15,1114,2014-03-15,24.1111111111111,36.6666666666667,37.4444444444444,8.83333333333333,1234253.33333333,-2594728.33333333,3577,22.897291562922817,42.22526407200698,33.50541795665133
2014-03-16,1115,2014-03-16,23.0,40.4444444444444,35.2777777777778,8.5,1234253.33333333,-2594728.33333333,3577,22.205147449726184,40.75743142306,35.64881008224128
2014-03-23,1116,2014-03-23,18.7777777777778,48.2222222222222,31.6111111111111,9.11111111111111,1234253.33333333,-2594728.33333333,3577,21.32404059648324,43.21696002655108,34.06305613890244
2014-03-31,1117,2014-03-31,20.7777777777778,46.0,31.6666666666667,8.72222222222222,1234253.33333333,-2594728.33333333,3577,19.448373951467026,45.46691131365374,33.66604723105769
2014-04-01,1118,2014-04-01,13.8,45.6,39.4,7.4,1234251.0,-2594679.0,3577,16.785853534148238,48.47438351121838,33.327789204254834
2014-04-08,1119,2014-04-08,14.6111111111111,48.5555555555556,35.3888888888889,8.5,1234253.33333333,-2594728.33333333,3577,15.652165859593854,47.82679979118895,35.1118941258208
2014-04-09,1120,2014-04-09,17.8333333333333,43.1666666666667,37.5555555555556,8.22222222222222,1234253.33333333,-2594728.33333333,3577,16.373257461490297,46.19618066831002,36.04112811852213
2014-04-16,1121,2014-04-16,21.0,50.0555555555556,27.5,10.2777777777778,1234253.33333333,-2594728.33333333,3577,16.120821073741613,42.36401559547898,40.05545940329535
2014-04-17,1122,2014-04-17,12.3333333333333,38.5,47.6666666666667,7.33333333333333,1234240.0,-2594770.0,3577,16.66022071576365,41.27494514226736,40.645412914847746
2014-04-25,1123,2014-04-25,16.1111111111111,39.7777777777778,42.7222222222222,8.38888888888889,1234253.33333333,-2594728.33333333,3577,16.777346076086964,39.94383596127675,41.83186368255858
2014-05-02,1124,2014-05-02,17.0555555555556,31.6666666666667,49.8333333333333,8.0,1234253.33333333,-2594728.33333333,3577,16.472459206749225,38.32570801382832,43.696878214354825
2014-05-18,1125,2014-05-18,16.0,39.3888888888889,43.1111111111111,8.11111111111111,1234253.33333333,-2594728.33333333,3577,15.1285591722648,37.00622923687386,46.382391571876525
2014-05-26,1126,2014-05-26,14.9444444444444,42.3333333333333,41.2777777777778,8.27777777777778,1234253.33333333,-2594728.33333333,3577,14.401729919848329,37.62244342192787,46.50184458087605
2014-05-27,1127,2014-05-27,15.5555555555556,43.1111111111111,39.8333333333333,8.27777777777778,1234253.33333333,-2594728.33333333,3577,14.262690576383575,38.749183767116406,45.543828518143336
2014-06-03,1128,2014-06-03,11.2941176470588,29.7647058823529,57.3529411764706,5.82352941176471,1234250.29411765,-2594727.35294118,3577,14.595787031315712,40.924820469797055,43.07179884806267
2014-06-04,1129,2014-06-04,13.4444444444444,42.8888888888889,42.3888888888889,8.16666666666667,1234253.33333333,-2594728.33333333,3577,13.96203917493091,40.43716574001891,44.22118732963091
2014-06-11,1130,2014-06-11,16.2352941176471,41.8823529411765,40.7058823529412,8.47058823529412,1234257.35294118,-2594725.58823529,3577,14.547750596191335,40.536981826722624,43.52139426569663
2014-06-12,1131,2014-06-12,15.7222222222222,44.0,38.8333333333333,8.27777777777778,1234253.33333333,-2594728.33333333,3577,14.983197052055761,38.78936180863232,44.84713278461818
2014-06-19,1132,2014-06-19,16.0555555555556,36.5,45.9444444444444,8.72222222222222,1234253.33333333,-2594728.33333333,3577,16.23933560364962,39.54570741929187,42.77903473433281
2014-06-27,1133,2014-06-27,16.2777777777778,35.5,46.7222222222222,8.5,1234253.33333333,-2594728.33333333,3577,16.747873164055182,38.637594219760665,43.1471525484321
2014-06-28,1134,2014-06-28,15.0,35.3333333333333,48.1111111111111,8.38888888888889,1234253.33333333,-2594728.33333333,3577,16.66048526372164,36.42798990215197,45.39888715588832
2014-07-05,1135,2014-07-05,16.9444444444444,38.0555555555556,43.5,8.5,1234253.33333333,-2594728.33333333,3577,15.256256734995889,33.00523145110298,50.225886881945925
2014-07-13,1136,2014-07-13,15.8461538461538,31.5384615384615,51.3076923076923,8.38461538461539,1234256.53846154,-2594710.38461538,3577,14.63902558537361,31.940970375825938,51.9409240974452
2014-07-21,1137,2014-07-21,15.6666666666667,33.9444444444444,48.7222222222222,8.38888888888889,1234253.33333333,-2594728.33333333,3577,14.114675811325425,31.492066619433707,52.98601283220079
2014-07-22,1138,2014-07-22,9.0,23.8,66.0,6.0,1234251.0,-2594679.0,3577,13.899008100612452,32.138196967244525,52.54763816003802
2014-07-29,1139,2014-07-29,14.1818181818182,35.3636363636364,49.0,8.18181818181818,1234261.36363636,-2594704.09090909,3577,13.82781340468029,33.119285230269895,51.656266069928265
2014-07-30,1140,2014-07-30,14.4444444444444,35.9444444444444,48.2777777777778,8.22222222222222,1234253.33333333,-2594728.33333333,3577,13.785426648855282,34.57013754657698,50.30889287473436
2014-08-06,1141,2014-08-06,16.6111111111111,37.3333333333333,44.6111111111111,8.61111111111111,1234253.33333333,-2594728.33333333,3577,13.790654443112938,36.50328313065649,48.37239450765756
2014-08-07,1142,2014-08-07,13.0555555555556,40.2777777777778,45.4444444444444,8.33333333333333,1234253.33333333,-2594728.33333333,3577,14.378778365829426,38.309253744654725,45.96356996975504
2014-08-22,1143,2014-08-22,14.5555555555556,38.0555555555556,45.9444444444444,8.22222222222222,1234253.33333333,-2594728.33333333,3577,14.457588507121962,39.039480540093905,45.17335657118264
2014-08-30,1144,2014-08-30,12.0,38.6111111111111,48.2777777777778,7.88888888888889,1234253.33333333,-2594728.33333333,3577,13.655765802822604,39.86312036775838,45.15447761731916
2014-08-31,1145,2014-08-31,13.3888888888889,36.8888888888889,48.2777777777778,7.94444444444444,1234253.33333333,-2594728.33333333,3577,12.47587929785887,38.827043957069115,47.38173831671577
2014-09-07,1146,2014-09-07,13.3888888888889,40.9444444444444,44.0555555555556,8.05555555555556,1234253.33333333,-2594728.33333333,3577,12.378517251580428,38.98076983215719,47.22258786963967
2014-09-08,1147,2014-09-08,12.2222222222222,40.0,46.5555555555556,7.66666666666667,1234253.33333333,-2594728.33333333,3577,12.205361545916995,39.3342245989246,46.997559543992196
2014-09-15,1148,2014-09-15,10.3888888888889,41.1666666666667,47.1111111111111,7.66666666666667,1234253.33333333,-2594728.33333333,3577,12.330323958805085,40.297201594409195,45.900690640621896
2014-09-16,1149,2014-09-16,12.3888888888889,39.2777777777778,46.6666666666667,7.77777777777778,1234253.33333333,-2594728.33333333,3577,12.283855463420196,40.68233538047173,45.56546171406174
2014-09-23,1150,2014-09-23,14.5,38.7222222222222,45.0555555555556,7.55555555555556,1234253.33333333,-2594728.33333333,3577,12.571282003168683,41.10474355365383,44.80841398023391
2014-09-24,1151,2014-09-24,11.2777777777778,43.6666666666667,43.7222222222222,7.61111111111111,1234253.33333333,-2594728.33333333,3577,12.22947262575564,41.72421524123688,44.58632406464557
2014-10-01,1152,2014-10-01,11.8888888888889,44.5,42.4444444444444,7.88888888888889,1234253.33333333,-2594728.33333333,3577,12.057588266564803,42.028201760393614,44.468359469900804
2014-10-02,1153,2014-10-02,12.3888888888889,39.8333333333333,46.2222222222222,7.38888888888889,1234253.33333333,-2594728.33333333,3577,11.474435952762423,42.420385084465416,44.66794583125184
2014-10-09,1154,2014-10-09,11.3888888888889,40.7222222222222,46.2777777777778,7.33333333333333,1234253.33333333,-2594728.33333333,3577,11.446989542963074,41.73170379671302,45.439264038328446
2014-10-10,1155,2014-10-10,9.77777777777778,45.3333333333333,43.6111111111111,7.27777777777778,1234253.33333333,-2594728.33333333,3577,11.158549053284236,41.55229119005587,45.91529428603046
2014-10-17,1156,2014-10-17,10.1111111111111,39.6666666666667,49.0555555555556,7.44444444444444,1234253.33333333,-2594728.33333333,3577,10.692322125757066,41.66097988697986,46.26636512781333
2014-10-18,1157,2014-10-18,11.7777777777778,39.7777777777778,46.8888888888889,7.33333333333333,1234253.33333333,-2594728.33333333,3577,10.424879901658532,41.04158878616471,47.151174161229044
2014-10-25,1158,2014-10-25,11.2777777777778,41.0,46.3333333333333,7.44444444444444,1234253.33333333,-2594728.33333333,3577,10.437578932933413,41.02824746632185,47.203000473891265
2014-11-10,1159,2014-11-10,11.2222222222222,43.2777777777778,44.2777777777778,7.66666666666667,1234253.33333333,-2594728.33333333,3577,10.244109347822993,42.21567304384012,46.252383924977636
2014-11-11,1160,2014-11-11,6.0,46.0,46.75,7.0,1234230.0,-2594775.0,3577,9.742426647997952,43.12226215476345,45.863667034712805
2014-11-18,1161,2014-11-18,9.77777777777778,41.6111111111111,47.3333333333333,7.44444444444444,1234253.33333333,-2594728.33333333,3577,9.134285219423177,44.362573099408564,45.21909076474963
2014-11-26,1162,2014-11-26,12.2777777777778,42.8333333333333,43.5,7.55555555555556,1234253.33333333,-2594728.33333333,3577,9.139114411558872,46.980283905973465,42.59713471941937
2014-11-27,1163,2014-11-27,9.27777777777778,52.7222222222222,36.7777777777778,7.44444444444444,1234253.33333333,-2594728.33333333,3577,9.396180187200455,49.81439784844611,39.489070870643914
2014-12-04,1164,2014-12-04,6.61111111111111,51.8333333333333,40.2222222222222,6.05555555555556,1234253.33333333,-2594728.33333333,3577,10.860954147330231,48.85862194220596,38.844859045317634
2014-12-05,1165,2014-12-05,12.3333333333333,46.1666666666667,40.0,7.44444444444444,1234253.33333333,-2594728.33333333,3577,11.677900943224271,48.60659127593385,38.18188445540815
2014-12-12,1166,2014-12-12,13.7777777777778,50.6111111111111,33.8888888888889,7.55555555555556,1234253.33333333,-2594728.33333333,3577,11.804648052324294,48.34074370760955,38.31442430977462
2014-12-13,1167,2014-12-13,13.2222222222222,49.8333333333333,35.5,8.55555555555556,1234253.33333333,-2594728.33333333,3577,10.98500845559504,47.637843065080524,39.89122289818289
2014-12-20,1168,2014-12-20,10.8333333333333,39.5555555555556,48.1111111111111,7.27777777777778,1234253.33333333,-2594728.33333333,3577,12.203722146444766,45.279562714540475,41.09528002097047
2014-12-21,1169,2014-12-21,12.5,36.8333333333333,49.1666666666667,7.11111111111111,1234253.33333333,-2594728.33333333,3577,12.614963399172028,43.89315325197022,42.147107897256404
2015-01-13,1170,2015-01-13,7.8,57.8,33.4,12.4,1234269.0,-2594733.0,3577,12.216733541654303,43.24190487874053,43.240802102947356
2015-01-21,1171,2015-01-21,13.8333333333333,39.3888888888889,45.6666666666667,7.33333333333333,1234253.33333333,-2594728.33333333,3577,12.13681107334175,42.74019186866846,43.80512435620142
2015-01-22,1172,2015-01-22,15.2222222222222,39.5555555555556,43.7222222222222,7.38888888888889,1234253.33333333,-2594728.33333333,3577,12.069240271250823,42.0909415661675,44.490046030674065
2015-01-29,1173,2015-01-29,14.3333333333333,39.8888888888889,44.1666666666667,7.77777777777778,1234253.33333333,-2594728.33333333,3577,12.012391719046247,41.53450557010309,45.03639545008841
2015-01-30,1174,2015-01-30,5.7,43.6,49.2,15.0,1234248.0,-2594757.0,3577,11.51857861780288,41.35940784361222,45.639974464812845
2015-02-07,1175,2015-02-07,12.4444444444444,40.5555555555556,45.4444444444444,7.38888888888889,1234253.33333333,-2594728.33333333,3577,10.246589736371469,40.84718247008662,47.36452714811139
2015-02-15,1176,2015-02-15,9.44444444444444,44.6666666666667,44.6111111111111,7.38888888888889,1234253.33333333,-2594728.33333333,3577,9.118888936999019,42.6413215267641,46.741126133921
2015-02-22,1177,2015-02-22,6.75,41.5,50.375,6.375,1234260.0,-2594692.5,3577,8.012752555321015,46.41179116720221,44.1947231904596
2015-02-23,1178,2015-02-23,11.1666666666667,46.2777777777778,41.0,7.5,1234253.33333333,-2594728.33333333,3577,8.68345457432016,46.9987599259975,42.989132513506874
2015-03-03,1179,2015-03-03,7.38888888888889,52.6666666666667,38.6111111111111,7.44444444444444,1234253.33333333,-2594728.33333333,3577,9.60101827996423,47.338952035229795,41.739032140883474
2015-03-10,1180,2015-03-10,9.22222222222222,46.8333333333333,42.8333333333333,7.61111111111111,1234253.33333333,-2594728.33333333,3577,10.339150615464881,46.85099867452108,41.4966998515698
2015-03-11,1181,2015-03-11,12.1666666666667,45.8333333333333,40.7222222222222,7.5,1234253.33333333,-2594728.33333333,3577,10.23875754448359,45.774146562065404,42.6658514773776
2015-03-18,1182,2015-03-18,12.0555555555556,39.9444444444444,46.4444444444444,7.33333333333333,1234253.33333333,-2594728.33333333,3577,11.3985093853498,42.78513522940126,44.410696931201116
2015-03-27,1183,2015-03-27,11.5,41.0555555555556,46.0555555555556,7.38888888888889,1234253.33333333,-2594728.33333333,3577,11.497400776036839,40.458204334359266,46.64631309522251
2015-04-11,1184,2015-04-11,10.3333333333333,36.7222222222222,51.6111111111111,7.16666666666667,1234253.33333333,-2594728.33333333,3577,11.425415743525491,37.539427376883054,49.60825539269068
2015-04-12,1185,2015-04-12,11.2777777777778,37.2777777777778,49.9444444444444,7.0,1234253.33333333,-2594728.33333333,3577,11.63960394610375,35.12945121613327,51.79486457813856
2015-04-28,1186,2015-04-28,11.3333333333333,34.3333333333333,52.8333333333333,7.05555555555556,1234253.33333333,-2594728.33333333,3577,10.911816425746665,35.00623765638723,52.725476965407154
2015-05-05,1187,2015-05-05,12.0,33.2222222222222,53.5,7.05555555555556,1234253.33333333,-2594728.33333333,3577,11.002314446312049,34.55123224172061,53.18710061260714
2015-05-06,1188,2015-05-06,10.3333333333333,35.6666666666667,53.0,6.94444444444444,1234253.33333333,-2594728.33333333,3577,11.543810759343529,33.74117440461865,53.407272577270064
2015-05-14,1189,2015-05-14,11.8333333333333,30.6111111111111,56.0555555555556,6.72222222222222,1234253.33333333,-2594728.33333333,3577,11.58957958611763,32.81500299210609,54.236378749027736
2015-05-22,1190,2015-05-22,10.8888888888889,35.1666666666667,52.6666666666667,6.77777777777778,1234253.33333333,-2594728.33333333,3577,11.325687283434625,33.234432497221206,54.03221029763659
2015-05-30,1191,2015-05-30,11.6111111111111,38.5555555555556,48.3333333333333,6.88888888888889,1234253.33333333,-2594728.33333333,3577,10.834337185910865,34.770843808445626,52.96541999855724
2015-06-06,1192,2015-06-06,12.3888888888889,30.2222222222222,55.6666666666667,6.94444444444444,1234253.33333333,-2594728.33333333,3577,11.229599373287371,37.37332346319225,49.89394760118836
2015-06-07,1193,2015-06-07,9.27777777777778,36.7777777777778,52.3333333333333,6.72222222222222,1234253.33333333,-2594728.33333333,3577,10.706434745770249,39.028447826475166,48.73105959783431
2015-06-14,1194,2015-06-14,9.41176470588235,44.5294117647059,44.9411764705882,11.7647058823529,1234255.58823529,-2594732.64705882,3577,10.504704698565828,40.673994250750155,47.32167018516701
2015-06-15,1195,2015-06-15,11.6666666666667,44.0555555555556,42.7222222222222,6.94444444444444,1234253.33333333,-2594728.33333333,3577,10.44626577817098,40.18343181737228,47.9380400958366
2015-07-01,1196,2015-07-01,11.7222222222222,40.8888888888889,46.0,7.0,1234253.33333333,-2594728.33333333,3577,10.922210168065394,38.96126527714,48.680979626610664
2015-07-08,1197,2015-07-08,11.2777777777778,34.7222222222222,52.3888888888889,6.88888888888889,1234253.33333333,-2594728.33333333,3577,11.460693285951088,38.12589845452142,49.000033819549344
2015-07-09,1198,2015-07-09,8.28571428571429,33.4285714285714,57.0,6.42857142857143,1234240.71428571,-2594766.42857143,3577,11.8930219095927,36.91209659438938,49.77541635198878
2015-07-16,1199,2015-07-16,15.6428571428571,35.9285714285714,47.0,7.42857142857143,1234251.42857143,-2594742.85714286,3577,11.86789397898308,35.254612574130135,51.43314517489675
2015-07-17,1200,2015-07-17,11.6111111111111,33.3888888888889,53.5555555555556,6.88888888888889,1234253.33333333,-2594728.33333333,3577,11.364057935627898,35.57270390023453,51.652702585858236
2015-07-24,1201,2015-07-24,10.7777777777778,42.9444444444444,44.8333333333333,6.33333333333333,1234253.33333333,-2594728.33333333,3577,11.02941703069019,36.76761647668033,50.83376973296084
2015-07-25,1202,2015-07-25,9.66666666666667,35.4444444444444,53.5555555555556,6.55555555555556,1234253.33333333,-2594728.33333333,3577,10.597872200037795,37.215277670380445,50.77438711958078
2015-08-01,1203,2015-08-01,9.0,36.3888888888889,53.2777777777778,6.83333333333333,1234253.33333333,-2594728.33333333,3577,9.96570388675502,36.71722498347336,51.90464540618564
2015-08-02,1204,2015-08-02,10.2222222222222,35.8333333333333,52.4444444444444,6.66666666666667,1234253.33333333,-2594728.33333333,3577,9.17142747173569,34.65606924894332,54.75353799965985
2015-08-09,1205,2015-08-09,10.4444444444444,32.7777777777778,55.3333333333333,6.77777777777778,1234253.33333333,-2594728.33333333,3577,9.645117696199838,34.159515235361525,54.75598807796131
2015-08-10,1206,2015-08-10,8.77777777777778,32.0,57.6666666666667,6.61111111111111,1234253.33333333,-2594728.33333333,3577,10.215121823479414,33.47268847423147,54.82746493271989
2015-08-17,1207,2015-08-17,8.77777777777778,32.5555555555556,57.3333333333333,6.72222222222222,1234253.33333333,-2594728.33333333,3577,9.45491952148156,32.670029660736866,56.41167088844264
2015-08-18,1208,2015-08-18,10.5,33.8333333333333,54.2777777777778,6.72222222222222,1234253.33333333,-2594728.33333333,3577,8.773586063058431,33.050247653957896,56.74842494965486
2015-08-25,1209,2015-08-25,9.72222222222222,34.5,54.2777777777778,6.22222222222222,1234253.33333333,-2594728.33333333,3577,8.187975251441525,32.75774174225698,57.675012809679124
2015-08-26,1210,2015-08-26,8.27777777777778,36.0555555555556,54.2222222222222,6.55555555555556,1234253.33333333,-2594728.33333333,3577,7.726785598301486,33.088412103887045,57.92365786946965
2015-09-02,1211,2015-09-02,1.5,26.5,71.0,4.0,1234200.0,-2594715.0,3577,7.5885167464103676,33.38155669579319,57.80468654151999
2015-09-03,1212,2015-09-03,10.0555555555556,34.8333333333333,53.9444444444444,6.83333333333333,1234253.33333333,-2594728.33333333,3577,7.718973492966164,33.410293696666415,57.639545009505426
2015-09-10,1213,2015-09-10,10.1666666666667,35.2777777777778,53.1666666666667,6.94444444444444,1234253.33333333,-2594728.33333333,3577,8.03970642360617,33.944088419315534,56.71485635107079
2015-09-11,1214,2015-09-11,8.55555555555556,35.7222222222222,54.5,6.88888888888889,1234253.33333333,-2594728.33333333,3577,8.475263470618255,34.60238608999701,55.56974363784679
2015-09-18,1215,2015-09-18,8.22222222222222,34.4444444444444,56.0,6.88888888888889,1234253.33333333,-2594728.33333333,3577,9.057348911836732,35.56315717305896,54.00447677536654
2015-09-19,1216,2015-09-19,9.22222222222222,36.2777777777778,52.6666666666667,6.77777777777778,1234253.33333333,-2594728.33333333,3577,9.513086328874383,36.103561213462925,52.93719644647648
2015-09-26,1217,2015-09-26,9.5,36.7777777777778,52.3888888888889,6.88888888888889,1234253.33333333,-2594728.33333333,3577,9.354625079081883,36.52648899087981,52.69455931065052
2015-09-27,1218,2015-09-27,8.55555555555556,37.3333333333333,52.8333333333333,6.72222222222222,1234253.33333333,-2594728.33333333,3577,8.641424966501072,37.028602288658675,52.97077707293634
2015-10-04,1219,2015-10-04,8.22222222222222,36.5,54.1111111111111,7.0,1234253.33333333,-2594728.33333333,3577,8.66884611776123,38.03760034254822,51.935891421951766
2015-10-05,1220,2015-10-05,9.66666666666667,39.2222222222222,49.7777777777778,7.05555555555556,1234253.33333333,-2594728.33333333,3577,8.299981236512506,38.41449383089677,51.96889350758543
2015-10-12,1221,2015-10-12,8.88888888888889,40.0555555555556,49.5,6.83333333333333,1234253.33333333,-2594728.33333333,3577,8.629186602869526,41.00098388023471,49.04633137759339
2015-10-20,1222,2015-10-20,7.0,43.5,48.3333333333333,6.83333333333333,1234253.33333333,-2594728.33333333,3577,8.60719844311047,41.88011864296067,48.158447538006904
2015-10-28,1223,2015-10-28,8.0,41.4444444444444,49.0,6.83333333333333,1234253.33333333,-2594728.33333333,3577,8.69331923666159,41.73974683726381,48.18099788068109
2015-10-29,1224,2015-10-29,8.33333333333333,37.7222222222222,52.6666666666667,6.61111111111111,1234253.33333333,-2594728.33333333,3577,8.551996507103588,41.366239195954364,48.717081508095895
2015-11-06,1225,2015-11-06,11.3888888888889,45.8888888888889,41.5,7.38888888888889,1234253.33333333,-2594728.33333333,3577,8.126177228343199,39.767783815765476,50.80841879138333
2015-11-13,1226,2015-11-13,8.61111111111111,40.9444444444444,48.9444444444444,6.61111111111111,1234253.33333333,-2594728.33333333,3577,7.813213102685622,38.055808140941764,52.89436277515982
2015-11-21,1227,2015-11-21,4.0,26.6,68.4,5.8,1234251.0,-2594679.0,3577,7.985798687035885,36.35009826773988,54.396461158372524
2015-11-22,1228,2015-11-22,8.77777777777778,39.6666666666667,50.2222222222222,6.61111111111111,1234253.33333333,-2594728.33333333,3577,8.07936075725905,36.715542495127394,53.86792559666248
2015-11-30,1229,2015-11-30,7.83333333333333,39.1111111111111,51.6111111111111,6.66666666666667,1234253.33333333,-2594728.33333333,3577,8.274407289409623,37.57531596766568,52.79241607271301
2015-12-07,1230,2015-12-07,9.22222222222222,36.0,53.5555555555556,7.05555555555556,1234253.33333333,-2594728.33333333,3577,8.71969710847884,37.96811178818233,51.90561587071886
2015-12-08,1231,2015-12-08,10.1111111111111,42.6111111111111,45.6111111111111,7.05555555555556,1234253.33333333,-2594728.33333333,3577,8.622838660108144,40.290410100597,49.72129237489297
2015-12-15,1232,2015-12-15,9.72222222222222,42.0555555555556,46.7777777777778,7.27777777777778,1234253.33333333,-2594728.33333333,3577,9.057995548944422,42.63648569154006,46.94882433064634
2015-12-16,1233,2015-12-16,8.53846153846154,45.6923076923077,44.6153846153846,7.61538461538461,1234256.53846154,-2594710.38461538,3577,9.172236775950573,43.87658677750902,45.57445976795141
2015-12-23,1234,2015-12-23,9.16666666666667,37.5,52.1666666666667,6.94444444444444,1234253.33333333,-2594728.33333333,3577,9.834232555831472,42.59547496508043,46.2994746778912
2015-12-24,1235,2015-12-24,9.55555555555556,45.2777777777778,43.8888888888889,6.88888888888889,1234253.33333333,-2594728.33333333,3577,12.118300542566418,42.757041164750916,43.865630492916154
2016-01-09,1236,2016-01-09,13.2777777777778,45.1111111111111,40.2222222222222,6.33333333333333,1234253.33333333,-2594728.33333333,3577,13.161583223738916,40.59301165611586,44.960513501468924
2016-01-16,1237,2016-01-16,19.7222222222222,33.7222222222222,45.1111111111111,7.22222222222222,1234253.33333333,-2594728.33333333,3577,14.899652357378162,39.22215708664277,44.579877733860116
2016-01-17,1238,2016-01-17,19.6111111111111,39.5555555555556,39.6666666666667,7.38888888888889,1234253.33333333,-2594728.33333333,3577,18.776522900240025,37.83264108281404,42.0579973068598
2016-01-24,1239,2016-01-24,22.5555555555556,30.2222222222222,46.0,7.72222222222222,1234253.33333333,-2594728.33333333,3577,24.40474884592167,33.76986223270548,40.43750075173619
2016-01-25,1240,2016-01-25,23.9444444444444,33.2222222222222,41.2222222222222,7.27777777777778,1234253.33333333,-2594728.33333333,3577,28.867321704778696,29.956314755071872,39.85952162731752
2016-02-01,1241,2016-02-01,29.8888888888889,27.3333333333333,41.5,7.83333333333333,1234253.33333333,-2594728.33333333,3577,34.67498394278062,24.378962282983384,39.63062633959875
2016-02-09,1242,2016-02-09,45.0,26.0,27.8,8.6,1234245.0,-2594775.0,3577,37.34661595713669,21.6892441923369,39.61230932809289
2016-02-10,1243,2016-02-10,43.5,11.3333333333333,43.7777777777778,8.83333333333333,1234253.33333333,-2594728.33333333,3577,37.04754108120427,20.455355531977837,41.14429692254156
2016-02-17,1244,2016-02-17,33.7777777777778,17.9444444444444,46.7777777777778,8.22222222222222,1234253.33333333,-2594728.33333333,3577,36.003043052573275,21.096126783430115,41.54077209339748
2016-02-25,1245,2016-02-25,27.7222222222222,28.1666666666667,43.0555555555556,7.77777777777778,1234253.33333333,-2594728.33333333,3577,31.69865750863729,24.620995018050166,42.349507518618864
2016-02-26,1246,2016-02-26,29.6111111111111,26.5,42.1111111111111,7.66666666666667,1234253.33333333,-2594728.33333333,3577,26.16208073831522,28.550588644237635,43.90346336669212
2016-03-05,1247,2016-03-05,11.8,39.0,48.0,4.8,1234251.0,-2594679.0,3577,21.456973221134092,32.03084007495295,45.067600811634335
2016-03-13,1248,2016-03-13,24.3333333333333,36.1666666666667,38.1666666666667,6.88888888888889,1234253.33333333,-2594728.33333333,3577,19.061588738056468,36.173654862503966,43.27083889621944
2016-03-20,1249,2016-03-20,23.3888888888889,37.0555555555556,37.8888888888889,7.27777777777778,1234253.33333333,-2594728.33333333,3577,19.108724960966683,38.60840255375285,40.80395446486168
2016-03-28,1250,2016-03-28,13.375,34.25,50.875,6.5,1234260.0,-2594692.5,3577,18.774665607867135,38.46228101103689,41.28316295846639
2016-03-29,1251,2016-03-29,21.8888888888889,37.7222222222222,38.8333333333333,7.33333333333333,1234253.33333333,-2594728.33333333,3577,18.851826235337352,38.14431810019476,41.56022688181511
2016-04-05,1252,2016-04-05,20.5,38.6666666666667,39.5555555555556,7.22222222222222,1234253.33333333,-2594728.33333333,3577,19.263889773794013,37.63964466905082,41.71371129729641
2016-04-06,1253,2016-04-06,15.8888888888889,46.5,36.1666666666667,7.16666666666667,1234253.33333333,-2594728.33333333,3577,19.286576813276724,37.11017456914735,42.18220938847245
2016-04-13,1254,2016-04-13,17.1,30.9,50.9,6.8,1234260.0,-2594700.0,3577,17.403524330843723,38.26730866312339,42.94773509084014
2016-04-14,1255,2016-04-14,20.1111111111111,37.7222222222222,40.5555555555556,7.0,1234253.33333333,-2594728.33333333,3577,17.761581684566657,39.79010317167618,41.075968364274935
2016-04-21,1256,2016-04-21,20.1666666666667,37.5555555555556,40.8333333333333,7.27777777777778,1234253.33333333,-2594728.33333333,3577,17.812826148736825,39.79603111026667,40.94538863268903
2016-04-22,1257,2016-04-22,13.8571428571429,44.5714285714286,40.0,6.42857142857143,1234240.71428571,-2594766.42857143,3577,16.828304521413486,41.110108415829835,40.59934514229573
2016-04-29,1258,2016-04-29,15.5555555555556,45.7222222222222,37.2777777777778,6.55555555555556,1234253.33333333,-2594728.33333333,3577,17.74976519867898,42.54973268904523,38.19338899833685
2016-04-30,1259,2016-04-30,19.1111111111111,43.0555555555556,36.3888888888889,6.72222222222222,1234253.33333333,-2594728.33333333,3577,18.641239359193253,43.04284985739453,36.75213386544107
2016-05-07,1260,2016-05-07,19.3888888888889,42.7222222222222,36.3888888888889,7.61111111111111,1234253.33333333,-2594728.33333333,3577,17.906380169535403,44.48795872169822,36.00605122431209
2016-05-16,1261,2016-05-16,18.7777777777778,38.5555555555556,40.9444444444444,7.22222222222222,1234253.33333333,-2594728.33333333,3577,17.702868510915412,43.16285846935358,37.62944399940741
2016-05-24,1262,2016-05-24,15.6111111111111,49.2222222222222,33.7222222222222,7.11111111111111,1234253.33333333,-2594728.33333333,3577,16.510596902235303,43.82570869102724,38.11408079364165
2016-06-08,1263,2016-06-08,17.7777777777778,35.0555555555556,45.5,8.11111111111111,1234253.33333333,-2594728.33333333,3577,14.460773832288702,41.30447107071878,42.76466258199363
2016-06-09,1264,2016-06-09,12.8888888888889,40.6111111111111,45.2222222222222,7.88888888888889,1234253.33333333,-2594728.33333333,3577,13.416650772685927,37.18361377184351,48.05846509870557
2016-06-16,1265,2016-06-16,11.2222222222222,38.3888888888889,49.4444444444444,11.5555555555556,1234253.33333333,-2594728.33333333,3577,15.639168536999016,31.43976800632678,51.74216564308668
2016-07-02,1266,2016-07-02,20.7777777777778,22.7777777777778,55.2777777777778,8.55555555555556,1234253.33333333,-2594728.33333333,3577,20.01238750928853,24.613134199817832,54.33145457912447
2016-07-10,1267,2016-07-10,22.4444444444444,16.3333333333333,59.9444444444444,8.88888888888889,1234253.33333333,-2594728.33333333,3577,26.52156838688949,17.801579741205565,54.7302111373237
2016-07-27,1268,2016-07-27,38.0,2.5,59.0,10.25,1234230.0,-2594775.0,3577,34.39515541217811,11.586260316908742,53.0500936971446
2016-08-03,1269,2016-08-03,46.4444444444444,12.7777777777778,39.6666666666667,11.7777777777778,1234253.33333333,-2594728.33333333,3577,41.75535781727105,8.086242275095557,49.10727902987232
2016-08-04,1270,2016-08-04,46.7222222222222,10.3888888888889,41.6666666666667,11.6666666666667,1234253.33333333,-2594728.33333333,3577,48.24547812008389,6.107346385983249,44.463468935598534
2016-08-11,1271,2016-08-11,49.5,6.88888888888889,42.3888888888889,13.8888888888889,1234253.33333333,-2594728.33333333,3577,52.429586409454714,7.828282828281661,38.535969362589015
2016-08-20,1272,2016-08-20,56.9444444444444,7.11111111111111,34.6111111111111,11.9444444444444,1234253.33333333,-2594728.33333333,3577,54.674067418641265,9.889644239487968,34.22829629949864
2016-08-27,1273,2016-08-27,55.4444444444444,9.94444444444444,33.1666666666667,14.0555555555556,1234253.33333333,-2594728.33333333,3577,56.687330557291105,10.3421329272707,31.667876670967935
2016-08-28,1274,2016-08-28,56.0,13.8888888888889,29.0,13.5555555555556,1234253.33333333,-2594728.33333333,3577,57.015840712426595,11.571339736972668,30.10303679807874
2016-09-04,1275,2016-09-04,59.5,14.8333333333333,24.6666666666667,15.1666666666667,1234253.33333333,-2594728.33333333,3577,58.41842093234408,11.76750597183856,28.640293143384834
2016-09-05,1276,2016-09-05,58.9444444444444,9.5,30.3333333333333,14.0555555555556,1234253.33333333,-2594728.33333333,3577,58.276384949750835,14.01012386306293,26.48749461752161
2016-09-12,1277,2016-09-12,57.4444444444444,12.9444444444444,28.1111111111111,13.8333333333333,1234253.33333333,-2594728.33333333,3577,57.46092022871349,14.856873089068996,26.487233612616635
2016-09-13,1278,2016-09-13,57.6666666666667,16.7222222222222,24.3333333333333,13.5555555555556,1234253.33333333,-2594728.33333333,3577,57.44869990689565,14.113971339975404,27.1898660335152
2016-10-06,1279,2016-10-06,53.8333333333333,18.8888888888889,26.3333333333333,15.0555555555556,1234253.33333333,-2594728.33333333,3577,56.70206229957703,14.511887149655864,27.50445031404371
2016-10-07,1280,2016-10-07,55.3888888888889,14.0,29.1666666666667,14.3333333333333,1234253.33333333,-2594728.33333333,3577,54.374502346630436,16.765843719401587,27.52781566558244
2016-10-14,1281,2016-10-14,51.3333333333333,18.8888888888889,28.2222222222222,13.7777777777778,1234253.33333333,-2594728.33333333,3577,50.87343908240981,20.420904688703498,27.346177901901363
2016-10-15,1282,2016-10-15,53.2777777777778,19.8333333333333,25.7777777777778,13.1666666666667,1234253.33333333,-2594728.33333333,3577,49.3813786832289,23.876041914738035,25.31572211757592
2016-10-30,1283,2016-10-30,43.7222222222222,28.5,26.0,12.0555555555556,1234253.33333333,-2594728.33333333,3577,45.68387398634394,27.55414925631232,25.27668733055353
2016-11-07,1284,2016-11-07,36.0555555555556,38.5555555555556,24.1111111111111,11.4444444444444,1234253.33333333,-2594728.33333333,3577,40.892813584757945,32.012415173401095,25.550849047749267
2016-11-08,1285,2016-11-08,39.2777777777778,35.4444444444444,23.5,10.8888888888889,1234253.33333333,-2594728.33333333,3577,36.77288122953209,35.95390196318451,25.722933069678465
2016-11-15,1286,2016-11-15,36.2222222222222,35.9444444444444,26.2777777777778,10.8888888888889,1234253.33333333,-2594728.33333333,3577,32.524927772600925,39.48179701275085,26.469588718810776
2016-11-16,1287,2016-11-16,33.8333333333333,39.1666666666667,25.5555555555556,10.1666666666667,1234253.33333333,-2594728.33333333,3577,31.25488391896593,39.556582736143376,27.633808915538545
2016-11-23,1288,2016-11-23,18.8,44.2,35.6,8.0,1234251.0,-2594679.0,3577,30.9039026015879,40.51080921142234,26.975680393799728
2016-11-24,1289,2016-11-24,33.5,41.4444444444444,23.3333333333333,9.77777777777778,1234253.33333333,-2594728.33333333,3577,30.113945988911716,43.69142123785433,24.68880027119716
2016-12-01,1290,2016-12-01,33.1111111111111,44.2222222222222,21.1111111111111,10.6111111111111,1234253.33333333,-2594728.33333333,3577,28.388685062650804,46.09819557806486,23.992823614158432
2016-12-02,1291,2016-12-02,29.6666666666667,47.3888888888889,21.5,10.0555555555556,1234253.33333333,-2594728.33333333,3577,27.894179858929203,48.480241345797346,22.181332995809306
2016-12-17,1292,2016-12-17,32.1111111111111,47.0555555555556,19.3888888888889,9.77777777777778,1234253.33333333,-2594728.33333333,3577,29.251784520415534,48.64892730776739,20.66816885582948
2016-12-18,1293,2016-12-18,21.8461538461538,59.0,17.8461538461538,8.46153846153846,1234270.38461538,-2594724.23076923,3577,29.9917198807604,48.50851040678847,20.164212628415367
2016-12-25,1294,2016-12-25,28.0,45.0,26.0,9.0,1234185.0,-2594775.0,3577,32.79603896143057,45.65715067393358,20.2800314316121
2016-12-26,1295,2016-12-26,39.6111111111111,32.5,26.2222222222222,11.4444444444444,1234253.33333333,-2594728.33333333,3577,33.58789546036006,42.914050927500114,22.24151623031975
2017-01-03,1296,2017-01-03,39.2307692307692,44.9230769230769,14.7692307692308,9.76923076923077,1234254.23076923,-2594747.30769231,3577,35.8818941239702,39.720046379483165,23.120531991092946
2017-01-10,1297,2017-01-10,36.5,36.3888888888889,25.8333333333333,11.5555555555556,1234253.33333333,-2594728.33333333,3577,37.5237413614352,36.970081584150826,24.228119767292135
2017-01-11,1298,2017-01-11,38.2777777777778,34.7777777777778,25.6111111111111,11.0555555555556,1234253.33333333,-2594728.33333333,3577,38.042287698271544,34.65074222170631,25.952871636840143
2017-01-18,1299,2017-01-18,40.2777777777778,30.4444444444444,27.7777777777778,11.5555555555556,1234253.33333333,-2594728.33333333,3577,37.616173366465446,33.0114501676729,27.998077390309476
2017-01-19,1300,2017-01-19,26.6666666666667,41.3333333333333,30.6666666666667,9.83333333333333,1234260.0,-2594685.0,3577,37.10856231170038,35.10553517292692,26.364864779840623
2017-01-26,1301,2017-01-26,39.7222222222222,30.2777777777778,28.6666666666667,12.5,1234253.33333333,-2594728.33333333,3577,36.205890772448825,33.42275790679673,28.91152461097257
2017-01-27,1302,2017-01-27,40.4444444444444,29.7777777777778,28.1666666666667,12.0,1234253.33333333,-2594728.33333333,3577,35.80671771666711,31.782094434364044,30.940719374294197
2017-02-03,1303,2017-02-03,34.6666666666667,33.2777777777778,30.5555555555556,11.5,1234253.33333333,-2594728.33333333,3577,35.38108862637982,32.60360951001094,30.629789847098934
2017-02-04,1304,2017-02-04,35.6153846153846,36.3846153846154,26.8461538461538,11.3076923076923,1234256.53846154,-2594710.38461538,3577,34.83612620609003,32.95888030098065,30.863692894648032
2017-02-12,1305,2017-02-12,33.3333333333333,35.7777777777778,29.3333333333333,10.6666666666667,1234253.33333333,-2594728.33333333,3577,33.49220229341483,34.79342878516271,30.445899562976447
2017-02-20,1306,2017-02-20,24.0,26.5,48.5,15.0,1234290.0,-2594715.0,3577,32.08435200188708,36.612223180745936,30.01769272773823
2017-02-27,1307,2017-02-27,37.2,44.5333333333333,17.1333333333333,12.6,1234251.0,-2594739.0,3577,29.78782168090784,39.58514512695571,29.330310112867036
2017-02-28,1308,2017-02-28,32.9444444444444,41.5555555555556,23.8888888888889,10.7777777777778,1234253.33333333,-2594728.33333333,3577,30.445290825242797,39.62282995145882,28.612409728474738
2017-03-15,1309,2017-03-15,27.0,41.4444444444444,30.2222222222222,11.8888888888889,1234251.66666667,-2594761.66666667,3577,31.278611853133835,38.458579962607914,28.839011670366
2017-03-16,1310,2017-03-16,28.8333333333333,37.5555555555556,32.1111111111111,10.7777777777778,1234253.33333333,-2594728.33333333,3577,31.481992465733885,37.488533224595734,29.55280718592969
2017-03-23,1311,2017-03-23,35.1666666666667,33.2222222222222,29.9444444444444,11.6111111111111,1234253.33333333,-2594728.33333333,3577,31.643917378626263,36.71352836619317,30.16254020317035
2017-03-31,1312,2017-03-31,31.5625,34.5625,32.625,10.875,1234260.0,-2594722.5,3577,31.523534038196512,34.887357693041345,32.06177992114044
2017-04-01,1313,2017-04-01,31.7222222222222,32.1666666666667,34.6111111111111,10.4444444444444,1234253.33333333,-2594728.33333333,3577,30.31751210175682,34.03215641856775,34.18234289789507
2017-04-08,1314,2017-04-08,29.5555555555556,37.1666666666667,31.6666666666667,10.5,1234253.33333333,-2594728.33333333,3577,30.617176854788397,36.88135918088929,31.05180045272462
2017-04-09,1315,2017-04-09,27.6666666666667,42.3333333333333,28.6666666666667,10.3333333333333,1234253.33333333,-2594728.33333333,3577,29.75264546684383,38.7593229998358,29.98008033417804
2017-04-17,1316,2017-04-17,29.2777777777778,39.1666666666667,30.0,10.1111111111111,1234253.33333333,-2594728.33333333,3577,28.457964915197536,40.08808694315063,29.944452563256153
2017-04-24,1317,2017-04-24,29.0555555555556,40.0,29.3888888888889,10.1666666666667,1234253.33333333,-2594728.33333333,3577,26.738502489079018,41.82395900022985,29.95528967935642
2017-04-25,1318,2017-04-25,25.7142857142857,44.8571428571429,28.0,10.0,1234240.71428571,-2594766.42857143,3577,28.28708864234759,40.991016121814944,29.234661451375345
2017-05-03,1319,2017-05-03,28.8888888888889,37.7222222222222,31.8333333333333,9.83333333333333,1234253.33333333,-2594728.33333333,3577,28.39282163914094,39.84931646869906,30.266293862651555
2017-05-10,1320,2017-05-10,28.0555555555556,37.6111111111111,32.8333333333333,10.0555555555556,1234253.33333333,-2594728.33333333,3577,28.007225832299046,39.05742142274066,31.44492916783466
2017-05-11,1321,2017-05-11,26.2222222222222,40.6111111111111,31.8888888888889,9.88888888888889,1234253.33333333,-2594728.33333333,3577,27.186508537897673,39.53806015105733,31.81238438203905
2017-05-18,1322,2017-05-18,28.3333333333333,40.8333333333333,29.3333333333333,9.33333333333333,1234253.33333333,-2594728.33333333,3577,26.682862888741255,39.677309274826555,32.14999121964584
2017-05-19,1323,2017-05-19,32.5555555555556,33.1666666666667,32.5,7.55555555555556,1234253.33333333,-2594728.33333333,3577,26.649721279748263,39.0263931115266,32.8409626149515
2017-05-26,1324,2017-05-26,15.6666666666667,46.6666666666667,36.3333333333333,14.0,1234295.0,-2594715.0,3577,26.272586031096047,40.04461534337098,32.23397345687885
2017-06-03,1325,2017-06-03,28.4444444444444,41.3333333333333,29.0,10.6666666666667,1234251.66666667,-2594761.66666667,3577,26.083424831098945,40.48884929998877,31.974935109605255
2017-06-04,1326,2017-06-04,29.6666666666667,36.3888888888889,32.2777777777778,10.1111111111111,1234253.33333333,-2594728.33333333,3577,26.904303814516503,40.16270348158294,31.499196537891514
2017-06-11,1327,2017-06-11,28.9444444444444,36.6666666666667,32.8888888888889,10.0555555555556,1234253.33333333,-2594728.33333333,3577,28.17102917721692,39.05338091560418,31.365622165927075
2017-06-12,1328,2017-06-12,27.7777777777778,41.4444444444444,29.7222222222222,10.0555555555556,1234253.33333333,-2594728.33333333,3577,29.21115056253938,38.011806562884466,31.372470838410432
2017-06-20,1329,2017-06-20,29.8333333333333,38.8333333333333,29.6111111111111,10.0,1234253.33333333,-2594728.33333333,3577,31.886793632918888,34.93281709689855,31.655478336588168
2017-07-13,1330,2017-07-13,33.0,30.0555555555556,35.3888888888889,10.5555555555556,1234253.33333333,-2594728.33333333,3577,32.384270184574945,33.433914039172194,32.63158015015113
2017-07-14,1331,2017-07-14,31.5555555555556,35.4444444444444,31.6666666666667,10.6111111111111,1234253.33333333,-2594728.33333333,3577,29.880274524232917,34.87043933018643,33.7858027765098
2017-07-22,1332,2017-07-22,30.5,29.8888888888889,37.8888888888889,10.0,1234253.33333333,-2594728.33333333,3577,29.15138440142558,34.86102886166104,34.53915158476652
2017-07-29,1333,2017-07-29,27.3333333333333,36.7222222222222,34.4444444444444,9.83333333333333,1234253.33333333,-2594728.33333333,3577,27.37897544289415,35.13272060503368,35.99812251933367
2017-07-30,1334,2017-07-30,26.0555555555556,37.4444444444444,35.2222222222222,9.72222222222222,1234253.33333333,-2594728.33333333,3577,25.097862476660403,36.777248338980215,36.68185419468789
2017-08-06,1335,2017-08-06,16.0,47.0,36.0,8.0,1234185.0,-2594775.0,3577,23.47512281522129,39.45609506945648,35.72392805801487
2017-08-07,1336,2017-08-07,26.8333333333333,33.5,37.8888888888889,9.61111111111111,1234253.33333333,-2594728.33333333,3577,22.68148600018592,40.112325714304774,35.81226183920969
2017-08-14,1337,2017-08-14,24.3333333333333,36.7777777777778,37.2777777777778,9.38888888888889,1234253.33333333,-2594728.33333333,3577,22.87021914930876,39.150990594619785,36.577619632431166
2017-08-15,1338,2017-08-15,22.3333333333333,42.4444444444444,34.0555555555556,9.38888888888889,1234253.33333333,-2594728.33333333,3577,23.136457100030377,38.89242239578573,36.56824149766605
2017-08-22,1339,2017-08-22,23.7647058823529,39.7058823529412,35.2352941176471,9.58823529411765,1234257.35294118,-2594725.58823529,3577,23.46791705633093,37.884619841999,37.18996062921935
2017-08-23,1340,2017-08-23,24.0,35.8888888888889,38.5555555555556,9.11111111111111,1234253.33333333,-2594728.33333333,3577,23.179587576870556,37.88711958835232,37.46766348040604
2017-08-30,1341,2017-08-30,20.9444444444444,35.1111111111111,42.3333333333333,8.55555555555556,1234253.33333333,-2594728.33333333,3577,22.662681619152455,38.34304272994284,37.58069657531854
2017-08-31,1342,2017-08-31,22.4117647058824,41.9411764705882,34.3529411764706,9.29411764705882,1234255.58823529,-2594732.64705882,3577,21.289872514418597,39.84900707054544,37.449678905236965
2017-09-07,1343,2017-09-07,21.1111111111111,41.2222222222222,36.2222222222222,9.0,1234253.33333333,-2594728.33333333,3577,22.00809143505956,39.10865501886588,37.38035893161906
2017-09-08,1344,2017-09-08,21.6111111111111,39.3888888888889,37.5,8.94444444444444,1234253.33333333,-2594728.33333333,3577,21.663485868374742,39.891058337385005,36.95129677834916
2017-09-15,1345,2017-09-15,21.5555555555556,40.9444444444444,36.0555555555556,8.83333333333333,1234253.33333333,-2594728.33333333,3577,21.047837444528913,42.860660065762005,34.624557073468296
2017-09-23,1346,2017-09-23,22.3529411764706,43.4705882352941,32.7647058823529,9.29411764705882,1234255.58823529,-2594732.64705882,3577,22.21813372613216,41.284546243780184,35.13927998941587
2017-09-24,1347,2017-09-24,20.6666666666667,43.1666666666667,34.6111111111111,9.11111111111111,1234253.33333333,-2594728.33333333,3577,21.83980980496547,42.95298826029153,33.86085107904397
2017-10-02,1348,2017-10-02,20.7777777777778,45.1111111111111,32.9444444444444,8.33333333333333,1234253.33333333,-2594728.33333333,3577,19.846805500542764,46.734770330180844,32.05692328422225
2017-10-09,1349,2017-10-09,18.0555555555556,50.9444444444444,29.7222222222222,8.66666666666667,1234253.33333333,-2594728.33333333,3577,17.953745636177864,51.781807576054064,28.92248578835288
2017-10-10,1350,2017-10-10,19.6111111111111,50.5,28.5555555555556,8.27777777777778,1234253.33333333,-2594728.33333333,3577,16.625970322346014,53.416538437120956,28.586206598290282
2017-10-17,1351,2017-10-17,16.5625,49.8125,32.375,5.6875,1234258.125,-2594731.875,3577,16.252485763945277,54.017408395689785,28.30156284911372
2017-10-18,1352,2017-10-18,7.0,75.0,16.0,6.0,1234215.0,-2594655.0,3577,16.176496244753253,53.44829110946732,28.93857008296115
2017-10-25,1353,2017-10-25,19.2222222222222,42.5,37.0,8.66666666666667,1234253.33333333,-2594728.33333333,3577,16.633777890695818,51.190574793781494,30.71640702727478
2017-10-26,1354,2017-10-26,22.1666666666667,40.2222222222222,36.2777777777778,8.5,1234253.33333333,-2594728.33333333,3577,17.302263304844487,47.614818022830846,33.59144923096797
2017-11-02,1355,2017-11-02,19.8888888888889,39.8888888888889,38.7222222222222,8.66666666666667,1234253.33333333,-2594728.33333333,3577,18.44913286621034,43.83820256236965,36.245790862544666
2017-11-03,1356,2017-11-03,16.6111111111111,50.1111111111111,31.8333333333333,8.27777777777778,1234253.33333333,-2594728.33333333,3577,18.855331318802843,41.012474207275474,38.6378937413527
2017-11-10,1357,2017-11-10,16.5294117647059,39.4705882352941,42.5882352941176,7.52941176470588,1234257.35294118,-2594725.58823529,3577,18.47896370510374,40.118365865901296,39.930314874217096
2017-11-11,1358,2017-11-11,19.0555555555556,40.1111111111111,39.1111111111111,8.27777777777778,1234253.33333333,-2594728.33333333,3577,18.847719176902775,41.93659063951871,37.701240353461074
2017-11-18,1359,2017-11-18,18.2777777777778,43.1111111111111,37.1111111111111,8.88888888888889,1234253.33333333,-2594728.33333333,3577,17.345941660271627,45.419903261910676,35.677519135991304
2017-11-19,1360,2017-11-19,17.2777777777778,44.6666666666667,36.6111111111111,8.44444444444444,1234253.33333333,-2594728.33333333,3577,17.196594356489815,44.814055124738644,36.56379924937019
2017-11-26,1361,2017-11-26,15.9444444444444,47.5,35.1666666666667,8.83333333333333,1234253.33333333,-2594728.33333333,3577,17.19419684708084,43.64643981243219,37.78078106760844
2017-11-27,1362,2017-11-27,18.7777777777778,47.3333333333333,32.6666666666667,7.27777777777778,1234253.33333333,-2594728.33333333,3577,16.492578942130297,43.82230122413405,38.3368110167361
2017-12-04,1363,2017-12-04,18.1666666666667,41.2777777777778,39.1111111111111,8.61111111111111,1234253.33333333,-2594728.33333333,3577,15.315311073765798,44.552205933641645,38.83639761156938
2017-12-12,1364,2017-12-12,6.5,41.0,51.5,6.75,1234260.0,-2594677.5,3577,14.300179802590694,45.91855613982045,38.51520295200287
2017-12-13,1365,2017-12-13,17.8333333333333,48.2777777777778,32.3888888888889,8.44444444444444,1234253.33333333,-2594728.33333333,3577,14.639921030979204,45.748889225662566,38.303600424337745
2017-12-20,1366,2017-12-20,16.8333333333333,44.3333333333333,37.3333333333333,8.44444444444444,1234253.33333333,-2594728.33333333,3577,14.991319632377753,47.679050567588334,35.97870344309436
2017-12-21,1367,2017-12-21,12.8333333333333,57.7777777777778,28.2777777777778,8.33333333333333,1234253.33333333,-2594728.33333333,3577,14.727580791239571,50.313215508254444,33.62662346253177
2017-12-28,1368,2017-12-28,15.5555555555556,49.6111111111111,33.5555555555556,8.5,1234253.33333333,-2594728.33333333,3577,15.412613272518081,51.81740000624676,31.494943481006914
2017-12-29,1369,2017-12-29,16.8888888888889,53.6666666666667,28.0555555555556,8.27777777777778,1234253.33333333,-2594728.33333333,3577,15.960910456070613,52.44961763382033,30.33844878890867
2018-01-05,1370,2018-01-05,16.6875,43.5,38.5,7.4375,1234248.75,-2594726.25,3577,15.71351358909176,51.495191255245494,31.519542892603212
2018-01-06,1371,2018-01-06,11.3888888888889,61.5555555555556,25.9444444444444,7.27777777777778,1234253.33333333,-2594728.33333333,3577,13.838190039232895,50.14454620026628,34.75663998883294
2018-01-13,1372,2018-01-13,14.1666666666667,45.2222222222222,39.5555555555556,7.94444444444444,1234253.33333333,-2594728.33333333,3577,13.446939627278198,51.135159645987926,34.15621925373735
2018-01-14,1373,2018-01-14,16.5555555555556,47.4444444444444,34.4444444444444,7.61111111111111,1234253.33333333,-2594728.33333333,3577,13.444523978771212,50.58339287131099,34.681451331600925
2018-01-21,1374,2018-01-21,9.5,54.1666666666667,34.8333333333333,7.33333333333333,1234255.0,-2594685.0,3577,13.320793220365541,51.5690448182631,33.821383638716036
2018-01-22,1375,2018-01-22,13.8888888888889,50.4444444444444,34.5,7.88888888888889,1234253.33333333,-2594728.33333333,3577,13.746841630160013,51.05959692181837,33.86376145353967
2018-01-29,1376,2018-01-29,13.9444444444444,51.7222222222222,33.1111111111111,8.27777777777778,1234253.33333333,-2594728.33333333,3577,15.307136018434042,48.38561730666268,34.89847510590023
2018-01-30,1377,2018-01-30,18.0,49.9444444444444,30.6666666666667,8.38888888888889,1234253.33333333,-2594728.33333333,3577,16.05410881258163,45.88056367436485,36.58807027165613
2018-02-06,1378,2018-02-06,18.2777777777778,38.1111111111111,41.7777777777778,8.27777777777778,1234253.33333333,-2594728.33333333,3577,15.24034073676617,46.71252608891825,36.50653409726452
2018-02-07,1379,2018-02-07,12.6111111111111,46.5555555555556,39.4444444444444,6.44444444444444,1234253.33333333,-2594728.33333333,3577,14.958121434542154,44.88574295170433,38.635946084023175
2018-02-15,1380,2018-02-15,16.5,39.9444444444444,41.9444444444444,7.72222222222222,1234253.33333333,-2594728.33333333,3577,15.174800471416454,43.50271200842114,39.78969027849118
2018-02-22,1381,2018-02-22,17.3888888888889,40.0,41.0,7.5,1234253.33333333,-2594728.33333333,3577,15.962858197078248,41.72958013645648,40.82233809692118
2018-02-23,1382,2018-02-23,13.5333333333333,50.9333333333333,34.2,15.0,1234249.0,-2594735.0,3577,19.832811453051406,37.070934138492284,41.6801055418283
2018-03-11,1383,2018-03-11,24.1538461538462,31.9230769230769,42.6923076923077,9.23076923076923,1234256.53846154,-2594710.38461538,3577,24.881557158405066,33.3890686593661,40.34778834194759
2018-03-18,1384,2018-03-18,33.8333333333333,21.9444444444444,43.0555555555556,9.44444444444444,1234253.33333333,-2594728.33333333,3577,30.950532527257472,28.530456281627874,39.169609425259694
2018-03-19,1385,2018-03-19,38.3333333333333,19.7222222222222,40.2222222222222,9.72222222222222,1234253.33333333,-2594728.33333333,3577,35.879757186789206,22.668917406053797,40.0216228824171
2018-03-26,1386,2018-03-26,42.3333333333333,18.6666666666667,37.5,10.4444444444444,1234253.33333333,-2594728.33333333,3577,42.260820751243685,18.622034423130103,37.660424939295225
2018-03-27,1387,2018-03-27,42.7692307692308,18.9230769230769,36.8461538461538,10.3076923076923,1234256.53846154,-2594710.38461538,3577,44.25474788600168,16.07756595069106,38.209258152072145
2018-04-03,1388,2018-04-03,39.9444444444444,23.8333333333333,34.8888888888889,10.1111111111111,1234253.33333333,-2594728.33333333,3577,42.55327591456091,17.04811392035772,38.93531288112748
2018-04-04,1389,2018-04-04,41.8333333333333,12.6111111111111,44.1111111111111,9.94444444444444,1234253.33333333,-2594728.33333333,3577,38.65885534776358,21.12530506856219,38.77172507310054
2018-04-11,1390,2018-04-11,39.6111111111111,20.4444444444444,38.3333333333333,9.83333333333333,1234253.33333333,-2594728.33333333,3577,35.18058253731399,22.23510304789739,41.16241906858103
2018-04-12,1391,2018-04-12,34.4375,24.9375,39.5,7.875,1234246.875,-2594731.875,3577,31.732768876682314,23.153245465533608,43.78254072406788
2018-04-19,1392,2018-04-19,13.6,30.0,55.0,6.6,1234251.0,-2594679.0,3577,31.769006595064596,24.91828500578724,41.81866681913688
2018-04-20,1393,2018-04-20,37.9444444444444,25.3888888888889,34.8888888888889,9.61111111111111,1234253.33333333,-2594728.33333333,3577,31.236792430131416,25.566029550081474,41.669651744877726
2018-04-28,1394,2018-04-28,34.0555555555556,23.1666666666667,41.3888888888889,9.16666666666667,1234253.33333333,-2594728.33333333,3577,30.555312141414404,25.34648812381316,42.60345671244689
2018-05-05,1395,2018-05-05,31.7777777777778,21.6666666666667,45.1666666666667,7.61111111111111,1234253.33333333,-2594728.33333333,3577,30.13006779511749,25.12371580315343,43.29602788598682
2018-05-06,1396,2018-05-06,33.1666666666667,28.0555555555556,37.2222222222222,9.16666666666667,1234253.33333333,-2594728.33333333,3577,29.257287238900535,23.26801376929651,46.052946497029936
2018-05-13,1397,2018-05-13,31.7777777777778,24.9444444444444,41.4444444444444,9.0,1234253.33333333,-2594728.33333333,3577,31.221896146504506,25.436436673866872,41.869771217060524
2018-05-21,1398,2018-05-21,14.8,21.4,63.2,6.0,1234251.0,-2594679.0,3577,29.847762063353596,26.633576712089866,42.08709431566203
2018-05-22,1399,2018-05-22,31.3888888888889,29.5555555555556,37.4444444444444,9.11111111111111,1234253.33333333,-2594728.33333333,3577,25.943704730078565,27.893939747696294,44.7534912324501
2018-05-29,1400,2018-05-29,30.2222222222222,31.5555555555556,36.5,9.05555555555556,1234253.33333333,-2594728.33333333,3577,26.177424398782705,27.99675445459038,44.37467201043299
2018-06-06,1401,2018-06-06,29.0,29.7647058823529,39.7058823529412,9.17647058823529,1234257.35294118,-2594725.58823529,3577,24.950505291058832,27.972652148025873,45.68588983002796
2018-06-07,1402,2018-06-07,29.2777777777778,29.5555555555556,39.7222222222222,8.94444444444444,1234253.33333333,-2594728.33333333,3577,24.400243203645132,28.878770615244186,45.32209230169991
2018-06-22,1403,2018-06-22,7.0,18.0,74.0,5.0,1234215.0,-2594655.0,3577,24.15858417467965,28.100105477391395,46.28203374257137
2018-06-23,1404,2018-06-23,28.1111111111111,33.3333333333333,37.0555555555556,9.27777777777778,1234253.33333333,-2594728.33333333,3577,23.91456118700344,27.5771846478416,47.01761177292029
2018-06-30,1405,2018-06-30,27.7777777777778,30.3888888888889,40.1666666666667,8.94444444444444,1234253.33333333,-2594728.33333333,3577,22.188610323281942,27.917741145109026,48.49519114027362
2018-07-08,1406,2018-07-08,24.5555555555556,30.8888888888889,43.1666666666667,8.72222222222222,1234253.33333333,-2594728.33333333,3577,25.91124991279404,30.888453550532336,41.705579489253395
2018-07-09,1407,2018-07-09,27.2222222222222,29.4444444444444,41.5555555555556,8.66666666666667,1234253.33333333,-2594728.33333333,3577,27.403144567846354,32.760574957929364,38.268973945775755
2018-07-16,1408,2018-07-16,25.7222222222222,28.2222222222222,44.6111111111111,8.61111111111111,1234253.33333333,-2594728.33333333,3577,27.192790010123403,33.319071031959865,37.91392700840551
2018-07-17,1409,2018-07-17,27.5,44.0,27.0625,9.3125,1234252.5,-2594735.625,3577,26.66188799160537,34.14262655129017,37.61543377932134
2018-07-25,1410,2018-07-25,24.6666666666667,32.1111111111111,41.6111111111111,8.33333333333333,1234253.33333333,-2594728.33333333,3577,22.684240114886876,32.18268563221642,43.5805473465238
2018-08-01,1411,2018-08-01,24.9444444444444,30.2222222222222,43.2222222222222,8.55555555555556,1234253.33333333,-2594728.33333333,3577,21.734081707762662,31.9584039970989,44.73653599581723
2018-08-09,1412,2018-08-09,9.8,25.4,63.2,5.8,1234251.0,-2594679.0,3577,19.850781210530567,30.54333445192121,48.00816563466775
2018-08-10,1413,2018-08-10,23.0555555555556,32.8888888888889,42.5,8.33333333333333,1234253.33333333,-2594728.33333333,3577,18.496159499252713,29.390110921066274,50.571755149727466
2018-08-17,1414,2018-08-17,21.8333333333333,30.8333333333333,45.6666666666667,8.16666666666667,1234253.33333333,-2594728.33333333,3577,18.33676969744807,28.41231468049928,51.67403749930068
2018-08-18,1415,2018-08-18,13.4,23.8,61.4,6.4,1234251.0,-2594679.0,3577,18.64831886379595,29.153959757128764,50.68814045430935
2018-08-26,1416,2018-08-26,22.1111111111111,35.2222222222222,41.2222222222222,8.22222222222222,1234253.33333333,-2594728.33333333,3577,20.107169576206818,31.717016858265985,46.654100393064
2018-09-02,1417,2018-09-02,21.3888888888889,32.7777777777778,44.2222222222222,7.88888888888889,1234253.33333333,-2594728.33333333,3577,20.85735444465783,32.74061957993357,44.880549722029066
2018-09-03,1418,2018-09-03,21.1111111111111,34.1111111111111,43.3333333333333,8.0,1234251.66666667,-2594761.66666667,3577,20.84581430629197,35.33765132305398,42.30496832988915
2018-09-10,1419,2018-09-10,19.5,36.375,42.375,8.125,1234245.0,-2594763.75,3577,19.193006582641285,36.21575676139422,43.03290290871599
2018-09-11,1420,2018-09-11,19.7222222222222,39.1666666666667,39.7222222222222,7.88888888888889,1234253.33333333,-2594728.33333333,3577,20.018926513496446,37.48884847168297,40.89479704869278
2018-09-18,1421,2018-09-18,18.7222222222222,38.5,41.0555555555556,7.61111111111111,1234253.33333333,-2594728.33333333,3577,18.68453428842877,39.18738595627465,40.54080081879513
2018-09-26,1422,2018-09-26,15.6111111111111,43.9444444444444,39.1111111111111,7.72222222222222,1234253.33333333,-2594728.33333333,3577,17.612363849749663,42.15708577374767,38.681445193846095
2018-09-27,1423,2018-09-27,18.3333333333333,42.3888888888889,37.5555555555556,7.66666666666667,1234253.33333333,-2594728.33333333,3577,17.4830668026781,45.79688464219288,35.225160366955336
2018-10-04,1424,2018-10-04,18.0555555555556,40.8888888888889,39.5,7.5,1234253.33333333,-2594728.33333333,3577,16.54358102691493,47.80130835340921,34.20787899800775
2018-10-05,1425,2018-10-05,16.2352941176471,56.4117647058824,26.1764705882353,7.70588235294118,1234255.58823529,-2594732.64705882,3577,15.98978195287621,48.5457535893135,34.07136950435393
2018-10-12,1426,2018-10-12,13.3333333333333,55.5,29.8333333333333,10.3888888888889,1234253.33333333,-2594728.33333333,3577,15.55847536421302,48.466151430087244,34.578651226998325
2018-10-20,1427,2018-10-20,18.5,45.2222222222222,34.7777777777778,7.88888888888889,1234253.33333333,-2594728.33333333,3577,14.801199962635483,46.51147618865173,37.33138523552859
2018-10-28,1428,2018-10-28,10.2727272727273,38.5454545454545,49.9090909090909,15.0909090909091,1234261.36363636,-2594704.09090909,3577,15.348530316425904,46.61181200179857,36.630384045437935
2018-10-29,1429,2018-10-29,16.2222222222222,45.2222222222222,37.0555555555556,7.55555555555556,1234253.33333333,-2594728.33333333,3577,14.877580907819896,46.79064417661588,36.951917484598525
2018-11-05,1430,2018-11-05,16.8333333333333,44.0555555555556,37.6666666666667,7.5,1234253.33333333,-2594728.33333333,3577,14.621383064982787,44.75159791615803,39.21811467690091
2018-11-06,1431,2018-11-06,14.0,46.9444444444444,37.6666666666667,7.27777777777778,1234253.33333333,-2594728.33333333,3577,14.69081707186815,42.02177241053453,41.86378640977279
2018-11-13,1432,2018-11-13,14.6111111111111,46.0555555555556,38.0,7.61111111111111,1234253.33333333,-2594728.33333333,3577,14.482078111287368,42.829052895336815,41.31483148874629
2018-11-14,1433,2018-11-14,16.3333333333333,47.5555555555556,34.7222222222222,7.33333333333333,1234253.33333333,-2594728.33333333,3577,14.05355531980707,42.33220511857654,42.28648836542942
2018-11-29,1434,2018-11-29,8.2,26.0,64.6,5.8,1234251.0,-2594679.0,3577,14.671851643366473,39.344620291982864,44.62093355560181
2018-11-30,1435,2018-11-30,18.2222222222222,33.5555555555556,46.6666666666667,7.16666666666667,1234253.33333333,-2594728.33333333,3577,14.387718576570915,36.23650773031039,47.986419325421444
2018-12-07,1436,2018-12-07,17.7777777777778,41.2777777777778,39.5555555555556,7.27777777777778,1234253.33333333,-2594728.33333333,3577,16.16165104245358,33.813824359330155,48.627634766327205
2018-12-08,1437,2018-12-08,15.6666666666667,39.7777777777778,43.3333333333333,7.05555555555556,1234253.33333333,-2594728.33333333,3577,17.965571408293187,32.518263126617406,48.14355750887541
2018-12-16,1438,2018-12-16,19.4444444444444,25.9444444444444,53.0555555555556,7.22222222222222,1234253.33333333,-2594728.33333333,3577,19.83022051907205,32.324341293376705,46.42067736184691
2018-12-23,1439,2018-12-23,21.8888888888889,30.5,46.0,7.72222222222222,1234253.33333333,-2594728.33333333,3577,21.310343010959024,33.458357088383046,43.80522346589806
2018-12-24,1440,2018-12-24,21.1111111111111,35.6111111111111,42.1666666666667,7.33333333333333,1234253.33333333,-2594728.33333333,3577,21.485099867449588,35.70638632093206,41.405413987451155
2018-12-31,1441,2018-12-31,23.6666666666667,35.8,39.2,8.0,1234251.0,-2594739.0,3577,21.457296229738844,35.298118359103775,41.792087101059195
2019-01-01,1442,2019-01-01,19.3333333333333,42.7777777777778,36.1666666666667,7.27777777777778,1234253.33333333,-2594728.33333333,3577,21.203717335293113,39.01029105053289,38.32985126328208
2019-01-08,1443,2019-01-08,19.1111111111111,40.9444444444444,38.3888888888889,7.77777777777778,1234253.33333333,-2594728.33333333,3577,18.30805915790163,43.55518509697425,36.67122162322853
2019-01-09,1444,2019-01-09,15.6666666666667,47.1111111111111,36.1111111111111,7.27777777777778,1234253.33333333,-2594728.33333333,3577,15.208087062573972,46.71953399197284,36.658931539731014
2019-01-17,1445,2019-01-17,17.1666666666667,44.0,37.2222222222222,7.33333333333333,1234253.33333333,-2594728.33333333,3577,14.649431994175764,46.38328163468611,37.59363637636615
2019-01-24,1446,2019-01-24,17.6666666666667,43.0555555555556,37.7777777777778,7.55555555555556,1234253.33333333,-2594728.33333333,3577,17.315371611125727,43.72400640901172,37.54468296429127
2019-01-25,1447,2019-01-25,11.4444444444444,48.1666666666667,39.3888888888889,9.27777777777778,1234253.33333333,-2594728.33333333,3577,21.756712651355198,39.447239510519005,37.419076805339664
2019-02-09,1448,2019-02-09,26.6666666666667,32.6111111111111,39.0555555555556,9.0,1234253.33333333,-2594728.33333333,3577,27.615148586005887,34.55643422725407,36.43944459797132
2019-02-17,1449,2019-02-17,39.0,28.1666666666667,31.6111111111111,9.72222222222222,1234253.33333333,-2594728.33333333,3577,32.042188128142186,30.141186319291478,36.33922982256078
2019-02-18,1450,2019-02-18,40.6111111111111,21.2222222222222,36.3888888888889,9.44444444444444,1234253.33333333,-2594728.33333333,3577,35.453375212976546,26.195182496125597,36.81434428902466
2019-02-25,1451,2019-02-25,36.0555555555556,23.6666666666667,38.5555555555556,8.94444444444444,1234253.33333333,-2594728.33333333,3577,36.112054733338724,23.351929702864123,38.98233253623311
2019-03-05,1452,2019-03-05,29.3529411764706,31.7058823529412,37.8235294117647,9.29411764705882,1234257.35294118,-2594725.58823529,3577,33.79230038740903,25.843309373256623,38.79900273887758
2019-03-06,1453,2019-03-06,28.7222222222222,30.2777777777778,39.3333333333333,8.83333333333333,1234253.33333333,-2594728.33333333,3577,28.89602103826347,31.432194956383707,38.2321804761264
2019-03-13,1454,2019-03-13,24.9444444444444,31.3333333333333,42.1111111111111,8.66666666666667,1234253.33333333,-2594728.33333333,3577,24.77820354280764,39.220504968100094,34.540271652127856
2019-03-14,1455,2019-03-14,26.3888888888889,39.0,33.3888888888889,9.11111111111111,1234253.33333333,-2594728.33333333,3577,24.228315250207586,40.74799034059735,33.61236391505702
2019-03-21,1456,2019-03-21,23.3333333333333,44.5555555555556,31.0,9.44444444444444,1234253.33333333,-2594728.33333333,3577,27.201805730295828,38.53281647536707,33.040972452774255
2019-03-30,1457,2019-03-30,29.3076923076923,48.3846153846154,21.1538461538462,13.0769230769231,1234256.53846154,-2594710.38461538,3577,32.01123212568736,32.370611116554194,34.51089881202279
2019-04-07,1458,2019-04-07,39.6111111111111,17.3888888888889,41.6111111111111,10.3333333333333,1234253.33333333,-2594728.33333333,3577,37.155180660267355,23.849920171365703,37.95665053417734
2019-04-14,1459,2019-04-14,45.6666666666667,11.7222222222222,41.3888888888889,11.0,1234253.33333333,-2594728.33333333,3577,41.634271411852296,17.84738814023533,39.57642235808015
2019-04-15,1460,2019-04-15,42.0,0.0,58.0,8.0,1234215.0,-2594655.0,3577,44.51564937668107,11.711827916994068,42.7006243207656
2019-04-23,1461,2019-04-23,48.3333333333333,16.0555555555556,34.1111111111111,11.9444444444444,1234253.33333333,-2594728.33333333,3577,45.125729976401956,8.671454593934834,45.00091060271383
2019-05-09,1462,2019-05-09,43.2777777777778,15.2222222222222,39.8888888888889,10.8888888888889,1234253.33333333,-2594728.33333333,3577,44.89405791477043,14.35284606372745,39.369342110346004
2019-05-16,1463,2019-05-16,40.4444444444444,20.8333333333333,37.0555555555556,10.6111111111111,1234253.33333333,-2594728.33333333,3577,42.43704345189778,20.042594797700144,36.00878973107539
2019-05-24,1464,2019-05-24,38.6666666666667,28.8333333333333,31.0555555555556,10.3333333333333,1234253.33333333,-2594728.33333333,3577,39.46097315136973,24.852518998026095,34.071795593462355
2019-06-01,1465,2019-06-01,37.2222222222222,18.6111111111111,42.3333333333333,10.2222222222222,1234253.33333333,-2594728.33333333,3577,37.01286982710578,25.189737335244388,36.19382801580405
2019-06-09,1466,2019-06-09,38.5,32.2777777777778,27.8888888888889,9.72222222222222,1234253.33333333,-2594728.33333333,3577,35.17470850442462,22.52857703012163,40.7902843630337
2019-06-17,1467,2019-06-17,34.0555555555556,24.9444444444444,39.5555555555556,10.7222222222222,1234253.33333333,-2594728.33333333,3577,33.068147538730855,20.177313742326202,45.40736611169371
2019-06-18,1468,2019-06-18,27.2,1.6,70.2,8.8,1234245.0,-2594775.0,3577,32.21803628087978,21.511620611927004,44.91961505985604
2019-06-25,1469,2019-06-25,31.0555555555556,29.2777777777778,38.1666666666667,10.3333333333333,1234253.33333333,-2594728.33333333,3577,31.04697607173926,23.154783125367913,44.41877816025762
2019-06-26,1470,2019-06-26,33.1111111111111,26.2777777777778,39.1666666666667,10.3888888888889,1234253.33333333,-2594728.33333333,3577,30.685009177264668,26.343944325364546,41.563768189149
2019-07-03,1471,2019-07-03,31.5555555555556,28.5,38.1666666666667,10.1111111111111,1234253.33333333,-2594728.33333333,3577,30.118731973216654,28.556930341755812,39.87160483135121
2019-07-04,1472,2019-07-04,29.2222222222222,44.1666666666667,25.2777777777778,9.88888888888889,1234253.33333333,-2594728.33333333,3577,31.84387456368405,33.68499955496358,32.94079759249546
2019-07-11,1473,2019-07-11,31.5,30.2777777777778,36.9444444444444,10.5,1234253.33333333,-2594728.33333333,3577,32.222448105725036,36.251272428976016,29.979820592200014
2019-07-12,1474,2019-07-12,31.1666666666667,28.8888888888889,38.1111111111111,10.3333333333333,1234253.33333333,-2594728.33333333,3577,30.635910185441226,33.632612141895066,34.181785706548396
2019-07-19,1475,2019-07-19,30.0,30.1666666666667,38.5,10.3333333333333,1234253.33333333,-2594728.33333333,3577,28.098324276338666,28.54525247713677,41.90128000653689
2019-07-28,1476,2019-07-28,27.2777777777778,30.8888888888889,40.2222222222222,9.55555555555556,1234253.33333333,-2594728.33333333,3577,25.831600116425996,26.622760108824245,46.06732242644867
2019-08-04,1477,2019-08-04,27.2777777777778,32.6111111111111,38.6666666666667,9.61111111111111,1234253.33333333,-2594728.33333333,3577,24.334283535518296,24.473412380529467,49.70083545624598
2019-08-05,1478,2019-08-05,13.0,4.0,81.5,18.5,1234200.0,-2594775.0,3577,23.277092967127736,24.69749750845721,50.517388700043696
2019-08-12,1479,2019-08-12,25.3333333333333,34.2222222222222,39.1111111111111,9.66666666666667,1234253.33333333,-2594728.33333333,3577,23.05702089815417,27.923155277929993,47.52940706289279
2019-08-13,1480,2019-08-13,25.6111111111111,33.4444444444444,39.3888888888889,9.44444444444444,1234253.33333333,-2594728.33333333,3577,23.62276085493889,29.03185981048495,45.84232591999991
2019-08-20,1481,2019-08-20,25.2222222222222,31.5555555555556,41.5,9.16666666666667,1234253.33333333,-2594728.33333333,3577,24.380770433404727,32.043609880950484,42.02866314298062
2019-08-28,1482,2019-08-28,27.6363636363636,38.8181818181818,32.1818181818182,10.3636363636364,1234247.72727273,-2594753.18181818,3577,24.929038339086397,35.75584486905784,37.85450131812337
2019-08-29,1483,2019-08-29,23.1666666666667,35.4444444444444,39.9444444444444,8.72222222222222,1234253.33333333,-2594728.33333333,3577,25.054200842689518,37.97793902334648,35.510149003843495
2019-09-05,1484,2019-09-05,22.3888888888889,37.2222222222222,38.8888888888889,8.77777777777778,1234253.33333333,-2594728.33333333,3577,24.104772780256603,39.534473043382526,34.99261274783062
2019-09-06,1485,2019-09-06,20.8823529411765,37.9411764705882,40.0,8.76470588235294,1234255.58823529,-2594732.64705882,3577,21.22834929191678,37.79428981934168,39.66121037640718
2019-09-13,1486,2019-09-13,21.9230769230769,44.0,32.8461538461538,9.38461538461539,1234254.23076923,-2594747.30769231,3577,20.794176371390535,40.41268292806568,37.5218053360412
2019-09-14,1487,2019-09-14,20.3333333333333,38.7222222222222,39.6111111111111,8.33333333333333,1234253.33333333,-2594728.33333333,3577,19.706124613949868,41.65502467341217,37.32656830084229
2019-09-21,1488,2019-09-21,19.0555555555556,41.3333333333333,38.1111111111111,8.38888888888889,1234253.33333333,-2594728.33333333,3577,19.167125674351418,42.014638066352795,37.43110044145443
2019-09-22,1489,2019-09-22,16.7777777777778,47.5555555555556,34.4444444444444,8.0,1234255.0,-2594695.0,3577,18.371021697076966,43.41879584831041,36.75238998517799
2019-09-30,1490,2019-09-30,18.3333333333333,41.1666666666667,38.8333333333333,8.11111111111111,1234253.33333333,-2594728.33333333,3577,17.06929979835038,45.25543519997407,36.210987921866035
2019-10-07,1491,2019-10-07,18.2222222222222,45.6666666666667,34.6666666666667,8.16666666666667,1234253.33333333,-2594728.33333333,3577,16.993756433074175,44.9262027355204,36.59921925603683
2019-10-15,1492,2019-10-15,14.8888888888889,45.8888888888889,37.7222222222222,7.05555555555556,1234253.33333333,-2594728.33333333,3577,16.890328201106964,45.402261956252644,36.299207672267265
2019-10-23,1493,2019-10-23,17.0,44.8888888888889,36.7777777777778,7.83333333333333,1234253.33333333,-2594728.33333333,3577,16.85888414990331,46.18250686361455,35.62904690767936
2019-10-24,1494,2019-10-24,15.1666666666667,49.0,34.6111111111111,7.77777777777778,1234253.33333333,-2594728.33333333,3577,16.878833584713426,44.31560974284773,37.47561691833579
2019-11-01,1495,2019-11-01,19.7777777777778,42.0555555555556,37.0555555555556,8.16666666666667,1234253.33333333,-2594728.33333333,3577,16.498799617992216,43.607209955500664,38.5726445896667
2019-11-08,1496,2019-11-08,17.2777777777778,36.7777777777778,44.3333333333333,8.0,1234253.33333333,-2594728.33333333,3577,15.729133439657417,43.51008004722526,39.4641086467653
2019-11-09,1497,2019-11-09,12.0,50.7142857142857,36.0714285714286,7.64285714285714,1234251.42857143,-2594742.85714286,3577,15.568389299037133,41.944869715761286,41.099763841243764
2019-11-17,1498,2019-11-17,15.3333333333333,37.3888888888889,45.7222222222222,7.33333333333333,1234253.33333333,-2594728.33333333,3577,15.135835089662418,41.634317597563495,41.808334319837016
2019-11-24,1499,2019-11-24,15.3888888888889,40.4444444444444,42.6111111111111,7.61111111111111,1234253.33333333,-2594728.33333333,3577,14.405627291747102,42.724466638782495,41.378657372593835
2019-11-25,1500,2019-11-25,13.2777777777778,48.7777777777778,36.7222222222222,7.44444444444444,1234253.33333333,-2594728.33333333,3577,14.507606734956845,42.71372799437847,41.26623856990718
2019-12-03,1501,2019-12-03,15.6666666666667,41.3333333333333,41.3888888888889,7.27777777777778,1234253.33333333,-2594728.33333333,3577,14.509888579882393,44.59620084824693,39.424164370046206
2019-12-10,1502,2019-12-10,15.8888888888889,44.1111111111111,38.4444444444444,7.61111111111111,1234253.33333333,-2594728.33333333,3577,16.518851282275946,45.497539686791185,36.56928252196248
2019-12-18,1503,2019-12-18,13.6666666666667,50.4444444444444,34.5555555555556,7.55555555555556,1234253.33333333,-2594728.33333333,3577,14.816689099026384,46.87375893425805,36.875439941964245
2019-12-19,1504,2019-12-19,15.5,48.7777777777778,34.2222222222222,7.38888888888889,1234253.33333333,-2594728.33333333,3577,12.125099209429075,52.12589950393722,34.33406339550665
2019-12-26,1505,2019-12-26,15.3478260869565,46.5217391304348,36.8695652173913,7.60869565217391,1234252.82608696,-2594717.60869565,3577,12.629699505858596,52.05263948297227,33.85084153891697
2020-01-03,1506,2020-01-03,13.7857142857143,58.2142857142857,26.5714285714286,8.14285714285714,1234251.42857143,-2594742.85714286,3577,15.629391173876641,49.85969436554237,33.017583719725764
2020-01-04,1507,2020-01-04,15.4444444444444,46.0555555555556,36.8333333333333,7.27777777777778,1234253.33333333,-2594728.33333333,3577,20.02992032719824,46.65406214012331,31.86806979756428
2020-01-11,1508,2020-01-11,14.8333333333333,46.0555555555556,37.5,7.55555555555556,1234253.33333333,-2594728.33333333,3577,24.83783624878958,41.16478653411008,32.461971920777124
2020-02-05,1509,2020-02-05,43.7222222222222,33.8888888888889,20.9444444444444,10.3888888888889,1234253.33333333,-2594728.33333333,3577,30.88849175233151,34.885572340338996,32.70032114502617
2020-02-12,1510,2020-02-12,45.2777777777778,13.1666666666667,40.1388888888889,9.63888888888889,1234253.33333333,-2594728.33333333,3577,37.93395325303494,27.628889391067265,32.93730643430651
2020-02-20,1511,2020-02-20,37.8888888888889,28.1666666666667,32.5555555555556,9.16666666666667,1234253.33333333,-2594728.33333333,3577,43.5942319410083,21.000292441734995,33.95090499380612
2020-02-21,1512,2020-02-21,39.4444444444444,25.3333333333333,33.7777777777778,9.05555555555556,1234253.33333333,-2594728.33333333,3577,46.63541938834014,17.034808261686855,34.98206788649127
2020-02-28,1513,2020-02-28,46.5217391304348,15.1304347826087,36.7826086956522,10.0434782608696,1234252.82608696,-2594717.60869565,3577,46.859272564373924,17.905628169557374,33.91041921614173
2020-03-07,1514,2020-03-07,53.0,12.9444444444444,33.0555555555556,11.3888888888889,1234253.33333333,-2594728.33333333,3577,44.628423607371886,18.554430635394347,35.48769149554393
2020-03-15,1515,2020-03-15,42.1666666666667,21.4166666666667,34.9444444444444,9.66666666666667,1234253.33333333,-2594728.33333333,3577,41.34601676758483,24.17850954850863,33.13013641284112
2020-03-23,1516,2020-03-23,33.3333333333333,32.0555555555556,33.3888888888889,8.83333333333333,1234253.33333333,-2594728.33333333,3577,39.0939180568741,27.083156628145176,32.4525076578299
2020-03-24,1517,2020-03-24,35.1666666666667,33.2222222222222,30.1111111111111,8.66666666666667,1234253.33333333,-2594728.33333333,3577,34.37169374184243,31.281803962370226,32.92722175019356
2020-03-31,1518,2020-03-31,29.9166666666667,36.8611111111111,31.6111111111111,8.52777777777778,1234253.33333333,-2594728.33333333,3577,27.630285943424127,36.473710084533295,34.4522894102129
2020-04-16,1519,2020-04-16,24.2777777777778,38.4722222222222,35.8333333333333,8.02777777777778,1234253.33333333,-2594728.33333333,3577,25.151937057414166,42.151974591021585,31.128102017525478
2020-04-25,1520,2020-04-25,21.7222222222222,47.5,29.1666666666667,7.72222222222222,1234253.33333333,-2594728.33333333,3577,23.50143115153229,44.070150682486066,30.83794729427002
2020-05-02,1521,2020-05-02,18.84375,33.75,45.875,9.40625,1234252.5,-2594731.875,3577,22.125035501891276,43.02257124896635,33.291494967809356
2020-05-09,1522,2020-05-09,23.3846153846154,52.1538461538462,22.9230769230769,9.0,1234254.23076923,-2594747.30769231,3577,19.592167131541135,40.2382053447009,38.606915006212645
2020-05-11,1523,2020-05-11,21.2222222222222,35.5555555555556,41.6666666666667,7.33333333333333,1234253.33333333,-2594728.33333333,3577,17.33370969019078,38.561650875910445,42.632348213289696
2020-05-18,1524,2020-05-18,21.6666666666667,43.3888888888889,33.3333333333333,7.88888888888889,1234253.33333333,-2594728.33333333,3577,16.92115744179228,36.00934593706147,45.652658563017305
2020-05-25,1525,2020-05-25,3.0,20.0,76.0,5.0,1234215.0,-2594655.0,3577,16.582068862408445,33.97785422880178,48.063773624822645
2020-06-03,1526,2020-06-03,18.2,32.48,47.72,9.36,1234255.8,-2594722.2,3577,16.486633186840603,33.594398855089246,48.5675860673085
2020-06-10,1527,2020-06-10,19.8888888888889,39.3888888888889,39.5555555555556,8.33333333333333,1234253.33333333,-2594728.33333333,3577,17.00758137829211,35.07556906192961,46.53429642384652
2020-06-12,1528,2020-06-12,20.1666666666667,43.2222222222222,35.2222222222222,7.94444444444444,1234253.33333333,-2594728.33333333,3577,17.466147167673192,35.70882316857015,45.448753130247894
2020-06-19,1529,2020-06-19,20.9444444444444,33.8888888888889,43.6111111111111,7.88888888888889,1234253.33333333,-2594728.33333333,3577,20.145489787127634,40.567605923482205,37.89854522841574
2020-06-26,1530,2020-06-26,18.3333333333333,41.1111111111111,39.0555555555556,8.27777777777778,1234253.33333333,-2594728.33333333,3577,21.260064325076613,41.33925369435587,35.979284870610776
2020-06-28,1531,2020-06-28,19.3888888888889,42.2222222222222,37.0,7.83333333333333,1234253.33333333,-2594728.33333333,3577,20.55899709165655,41.26991373606855,36.73281815535137
2020-07-05,1532,2020-07-05,19.6388888888889,38.6388888888889,40.4166666666667,8.08333333333333,1234253.33333333,-2594728.33333333,3577,18.654879949768794,37.407618817365545,42.476248433362834
2020-07-12,1533,2020-07-12,19.4444444444444,38.7222222222222,40.4444444444444,8.16666666666667,1234253.33333333,-2594728.33333333,3577,18.405768208397035,36.76313419981601,43.340758381618784
2020-07-14,1534,2020-07-14,20.1666666666667,37.8888888888889,40.2777777777778,7.77777777777778,1234253.33333333,-2594728.33333333,3577,17.179555738376706,38.00514552526369,43.32538471160116
2020-07-21,1535,2020-07-21,10.5,28.2,59.7,21.7,1234245.0,-2594721.0,3577,16.65084219186138,36.94529878445735,44.866847565912074
2020-07-30,1536,2020-07-30,18.3888888888889,39.5,40.5555555555556,7.5,1234253.33333333,-2594728.33333333,3577,16.280750282236287,35.84060580338921,46.306729938837805
2020-08-06,1537,2020-08-06,18.4444444444444,42.2777777777778,37.7222222222222,7.77777777777778,1234253.33333333,-2594728.33333333,3577,15.680331397583146,37.75946880643864,45.022865639553366
2020-08-13,1538,2020-08-13,11.0,42.0,45.75,14.0,1234260.0,-2594692.5,3577,15.930296424221163,39.64113666756562,42.93797432621512
2020-08-15,1539,2020-08-15,18.8333333333333,36.7222222222222,42.6666666666667,7.88888888888889,1234253.33333333,-2594728.33333333,3577,16.46601467021261,40.39513620227175,41.683859751816144
2020-08-22,1540,2020-08-22,18.5,34.8888888888889,45.3333333333333,7.72222222222222,1234253.33333333,-2594728.33333333,3577,16.062722735440023,43.36496016089319,39.0909223585755
2020-08-29,1541,2020-08-29,13.7692307692308,53.7692307692308,31.0769230769231,8.38461538461539,1234254.23076923,-2594747.30769231,3577,16.02986777154495,44.32603075888017,38.20051401126683
2020-08-31,1542,2020-08-31,15.7777777777778,44.2222222222222,38.5555555555556,7.44444444444444,1234253.33333333,-2594728.33333333,3577,14.92937644207069,43.813359160414414,39.872890588144216
2020-09-07,1543,2020-09-07,16.0,40.9444444444444,41.5,7.5,1234253.33333333,-2594728.33333333,3577,15.960292107601589,45.15626048390615,37.51384332173842
2020-09-14,1544,2020-09-14,13.4444444444444,46.2777777777778,39.0,7.44444444444444,1234253.33333333,-2594728.33333333,3577,16.148589139417872,44.33043558673998,38.24680386956548
2020-09-16,1545,2020-09-16,14.8888888888889,46.8888888888889,37.1111111111111,7.33333333333333,1234253.33333333,-2594728.33333333,3577,14.776290241800659,41.44687138064406,42.56557572444648
2020-09-23,1546,2020-09-23,19.9375,31.1875,47.875,7.8125,1234252.5,-2594735.625,3577,15.948689047117842,40.38624632987269,42.38058921509706
2020-10-02,1547,2020-10-02,13.8888888888889,42.3333333333333,42.1666666666667,7.44444444444444,1234253.33333333,-2594728.33333333,3577,16.127468270461222,37.070132589283375,45.50618202746007
2020-10-09,1548,2020-10-09,15.1666666666667,37.4444444444444,46.0555555555556,7.44444444444444,1234253.33333333,-2594728.33333333,3577,14.232737592642593,38.03566325314981,46.329524105058994
2020-10-16,1549,2020-10-16,9.75,34.0,55.0,6.5,1234260.0,-2594692.5,3577,12.141969378229184,38.41874944370498,47.95372304853015
2020-10-18,1550,2020-10-18,13.2777777777778,43.4444444444444,41.3888888888889,7.27777777777778,1234253.33333333,-2594728.33333333,3577,10.42535334891991,39.551685736857806,48.52424970110005
2020-10-25,1551,2020-10-25,14.9444444444444,43.4444444444444,40.1666666666667,7.77777777777778,1234253.33333333,-2594728.33333333,3577,10.121905077205415,41.46041159991776,46.953210661021
2020-11-01,1552,2020-11-01,4.5,29.75,64.5,5.0,1234260.0,-2594677.5,3577,12.348602721665891,41.02495122695747,45.27199176811503
2020-11-10,1553,2020-11-10,13.0277777777778,53.0277777777778,32.6111111111111,8.66666666666667,1234253.33333333,-2594728.33333333,3577,16.6993658431327,37.71160171527255,44.300208262662935
2020-11-17,1554,2020-11-17,24.3888888888889,31.3333333333333,43.2222222222222,7.83333333333333,1234253.33333333,-2594728.33333333,3577,21.36793005755535,34.57397409951073,42.76060497809084
2020-11-19,1555,2020-11-19,29.2222222222222,28.0,41.4444444444444,8.0,1234253.33333333,-2594728.33333333,3577,26.576316614238344,29.41377001051484,42.75595019015432
2020-11-26,1556,2020-11-26,31.7777777777778,25.1666666666667,41.5555555555556,8.72222222222222,1234253.33333333,-2594728.33333333,3577,29.983145079889834,25.883011725113114,42.813949208679645
2020-12-03,1557,2020-12-03,31.6666666666667,21.8333333333333,45.2222222222222,8.33333333333333,1234253.33333333,-2594728.33333333,3577,31.628676363191776,26.209871655688154,40.71183855703371
2020-12-05,1558,2020-12-05,30.8333333333333,26.4444444444444,41.1111111111111,8.05555555555556,1234253.33333333,-2594728.33333333,3577,31.91716556576762,26.142477663371565,40.478954825698004
2020-12-12,1559,2020-12-12,29.5277777777778,27.2222222222222,41.9166666666667,8.55555555555556,1234253.33333333,-2594728.33333333,3577,29.48205174597925,26.507176088441447,42.55039920519161
2020-12-19,1560,2020-12-19,26.8571428571429,33.6428571428571,38.0,8.42857142857143,1234260.0,-2594715.0,3577,28.54728072065109,30.614844821496575,39.42068938972375
2020-12-21,1561,2020-12-21,25.7777777777778,35.7777777777778,36.9444444444444,8.22222222222222,1234253.33333333,-2594728.33333333,3577,27.83058410457378,30.930757580907738,39.899818619626885
2021-01-04,1562,2021-01-04,28.8888888888889,28.7222222222222,41.2777777777778,8.33333333333333,1234253.33333333,-2594728.33333333,3577,27.373841758512604,31.75609959355615,39.51010341567026
2021-01-13,1563,2021-01-13,31.3888888888889,25.3888888888889,41.8611111111111,9.13888888888889,1234253.33333333,-2594728.33333333,3577,27.32096841926156,32.1279738493313,39.12930207047269
2021-01-20,1564,2021-01-20,24.2777777777778,36.5555555555556,37.7222222222222,9.38888888888889,1234253.33333333,-2594728.33333333,3577,27.19770795079986,32.85809958874485,38.55702656476073
2021-01-22,1565,2021-01-22,26.4444444444444,34.6666666666667,37.5,8.61111111111111,1234253.33333333,-2594728.33333333,3577,26.400964017059128,34.152726014950034,38.040584458535434
2021-01-29,1566,2021-01-29,22.6111111111111,35.2222222222222,40.5555555555556,8.66666666666667,1234253.33333333,-2594728.33333333,3577,24.60758187460606,36.16520253052222,37.84406099575814
2021-02-07,1567,2021-02-07,26.1111111111111,39.0555555555556,33.3888888888889,8.61111111111111,1234253.33333333,-2594728.33333333,3577,22.800653938421434,37.563506840591025,38.23748379243165
2021-02-14,1568,2021-02-14,22.0555555555556,38.0,38.8333333333333,8.5,1234253.33333333,-2594728.33333333,3577,21.033383369293542,38.476463852619105,39.14480299541635
2021-02-21,1569,2021-02-21,19.6111111111111,37.5,41.7777777777778,8.94444444444444,1234253.33333333,-2594728.33333333,3577,21.119968438850734,36.41775579081537,41.17883045746208
2021-02-23,1570,2021-02-23,19.5555555555556,33.1666666666667,45.6666666666667,8.33333333333333,1234253.33333333,-2594728.33333333,3577,21.887530941707247,34.82626755768651,41.97761852869584
2021-03-02,1571,2021-03-02,23.1111111111111,32.7222222222222,42.8333333333333,8.33333333333333,1234253.33333333,-2594728.33333333,3577,23.658724509920678,32.04355895222291,42.923428738437806
2021-03-11,1572,2021-03-11,26.9444444444444,26.2777777777778,45.3888888888889,8.11111111111111,1234253.33333333,-2594728.33333333,3577,25.354619666535392,27.6610021385522,45.5120994416592
2021-03-18,1573,2021-03-18,26.7777777777778,29.5555555555556,42.2222222222222,8.30555555555556,1234253.33333333,-2594728.33333333,3577,26.86964203237023,24.042035621753406,47.53480626699731
2021-03-27,1574,2021-03-27,31.5555555555556,20.6666666666667,46.0,8.33333333333333,1234253.33333333,-2594728.33333333,3577,28.89257137341072,24.144234076893024,45.37272582937538
2021-04-03,1575,2021-04-03,27.5555555555556,24.2222222222222,46.6666666666667,8.27777777777778,1234253.33333333,-2594728.33333333,3577,29.13721115055821,24.545424475761376,44.789517585950506
2021-04-12,1576,2021-04-12,28.6111111111111,16.9444444444444,52.9444444444444,8.33333333333333,1234253.33333333,-2594728.33333333,3577,28.03163391475668,25.91619036278091,44.59793878291663
2021-04-19,1577,2021-04-19,22.1111111111111,33.4166666666667,43.0833333333333,10.0277777777778,1234253.33333333,-2594728.33333333,3577,26.447727835405697,26.875279987604927,45.19661698038676
2021-04-26,1578,2021-04-26,29.4375,34.0,35.25,9.875,1234252.5,-2594735.625,3577,24.70747792870311,27.57240274899404,46.285370136284286
2021-04-28,1579,2021-04-28,23.1111111111111,30.9444444444444,44.4444444444444,8.11111111111111,1234253.33333333,-2594728.33333333,3577,22.825714470721962,28.316507188669135,47.426125352920224
2021-05-05,1580,2021-05-05,19.6060606060606,19.0,60.0606060606061,10.3636363636364,1234255.0,-2594724.09090909,3577,21.93688874001778,28.089035283653082,48.53801406145376
2021-05-14,1581,2021-05-14,21.2222222222222,28.3888888888889,48.7222222222222,8.0,1234253.33333333,-2594728.33333333,3577,20.357054528509742,27.95162551309143,50.216800357787534
2021-05-21,1582,2021-05-21,21.2222222222222,26.5555555555556,50.6111111111111,7.61111111111111,1234253.33333333,-2594728.33333333,3577,21.555888202866146,28.394430935613528,48.53144697000839
2021-05-30,1583,2021-05-30,20.0555555555556,30.8333333333333,47.8888888888889,7.88888888888889,1234253.33333333,-2594728.33333333,3577,22.07902999425115,28.208352766835134,48.25797499753634
2021-06-06,1584,2021-06-06,22.3870967741935,31.9354838709677,44.2258064516129,8.90322580645161,1234253.70967742,-2594736.29032258,3577,21.648338145327767,30.01201484990554,46.970444726793666
2021-06-13,1585,2021-06-13,23.6153846153846,28.0,47.0769230769231,8.92307692307692,1234254.23076923,-2594747.30769231,3577,21.282320239297533,30.631349243938324,46.743875544481185
2021-06-22,1586,2021-06-22,19.8333333333333,34.4444444444444,44.3333333333333,8.0,1234253.33333333,-2594728.33333333,3577,20.82658195707099,27.609189343981807,50.28880800732734
2021-07-08,1587,2021-07-08,26.7692307692308,21.7692307692308,50.2307692307692,8.53846153846154,1234256.53846154,-2594710.38461538,3577,19.45485701642849,25.378453433828724,53.91760842785809
2021-07-15,1588,2021-07-15,5.25,24.75,69.0,4.5,1234260.0,-2594677.5,3577,18.145487248609008,26.33493919457066,54.23294224391341
2021-07-17,1589,2021-07-17,19.5555555555556,25.8333333333333,52.9444444444444,7.94444444444444,1234253.33333333,-2594728.33333333,3577,16.621280663362107,28.474403600966166,53.5698140907176
2021-07-24,1590,2021-07-24,18.6086956521739,28.1304347826087,51.9130434782609,7.69565217391304,1234252.82608696,-2594717.60869565,3577,15.48046389433511,30.88724720172798,52.2727447862617
2021-07-31,1591,2021-07-31,19.2777777777778,33.2777777777778,46.2777777777778,8.0,1234253.33333333,-2594728.33333333,3577,15.505178570262984,33.38836165416939,49.64528372121821
2021-08-02,1592,2021-08-02,9.66666666666667,48.4444444444444,40.1111111111111,8.22222222222222,1234251.66666667,-2594731.66666667,3577,15.524741652287842,34.777872246881415,48.2001643289352
2021-08-09,1593,2021-08-09,16.8055555555556,32.1666666666667,49.5833333333333,7.86111111111111,1234253.33333333,-2594728.33333333,3577,15.80441499915623,35.62440322124809,47.02001391467641
2021-08-18,1594,2021-08-18,16.1666666666667,30.7777777777778,51.4444444444444,7.72222222222222,1234253.33333333,-2594728.33333333,3577,16.709723062863674,34.6882015062405,47.07351348789598
2021-08-25,1595,2021-08-25,17.0555555555556,29.1666666666667,52.2777777777778,7.86111111111111,1234253.33333333,-2594728.33333333,3577,15.200629274725923,34.549553844647434,48.708014114910114
2021-09-03,1596,2021-09-03,15.9444444444444,36.6666666666667,45.8333333333333,7.5,1234253.33333333,-2594728.33333333,3577,16.350624046303025,34.286965934925206,47.800096477186656
2021-09-10,1597,2021-09-10,15.1388888888889,34.5833333333333,48.8611111111111,7.58333333333333,1234253.33333333,-2594728.33333333,3577,16.004820099646036,34.94321308231251,47.537988339624434
2021-09-17,1598,2021-09-17,18.0,38.6666666666667,41.6666666666667,8.66666666666667,1234251.66666667,-2594761.66666667,3577,16.298060558904552,35.10518636180734,47.063676902469055
2021-09-19,1599,2021-09-19,14.2777777777778,39.2222222222222,45.0555555555556,7.38888888888889,1234253.33333333,-2594728.33333333,3577,15.102573294906758,36.482826468300736,46.86098439661616
2021-09-26,1600,2021-09-26,13.5769230769231,33.8461538461538,50.9615384615385,7.34615384615385,1234250.76923077,-2594739.23076923,3577,14.898964923457338,36.00588711455956,47.596201710017255
2021-10-03,1601,2021-10-03,14.2777777777778,32.8888888888889,51.5555555555556,7.44444444444444,1234253.33333333,-2594728.33333333,3577,14.173778001287364,34.76669944289515,49.621370219740605
2021-10-05,1602,2021-10-05,14.1666666666667,33.2777777777778,50.8888888888889,7.33333333333333,1234253.33333333,-2594728.33333333,3577,13.569365889079371,34.82710526930269,50.220274574409544
2021-10-19,1603,2021-10-19,15.8823529411765,33.4705882352941,49.3529411764706,8.23529411764706,1234255.58823529,-2594732.64705882,3577,12.415233186059147,36.77088539130773,49.480645310986176
2021-10-21,1604,2021-10-21,8.0,44.0,47.0,11.0,1234215.0,-2594775.0,3577,12.108279583149269,36.619396668464496,49.936312109153924
2021-10-28,1605,2021-10-28,12.5555555555556,37.7222222222222,48.2222222222222,7.83333333333333,1234253.33333333,-2594728.33333333,3577,12.20198535927591,38.068916892825854,48.33758622965765
2021-11-04,1606,2021-11-04,12.0555555555556,34.6111111111111,51.9444444444444,7.16666666666667,1234253.33333333,-2594728.33333333,3577,11.991684209675512,38.3122359085241,48.31914259781866
2021-11-06,1607,2021-11-06,12.4444444444444,42.5,43.5,7.22222222222222,1234253.33333333,-2594728.33333333,3577,12.171652716451488,37.02709141057703,49.428599239236526
2021-11-13,1608,2021-11-13,13.2777777777778,31.2222222222222,54.1388888888889,7.08333333333333,1234253.33333333,-2594728.33333333,3577,12.922875491531357,36.02731215747432,49.67416533970152
2021-11-22,1609,2021-11-22,16.3333333333333,30.7222222222222,51.5,7.55555555555556,1234253.33333333,-2594728.33333333,3577,14.348031963582521,34.172460635941235,50.071113117636315
2021-12-06,1610,2021-12-06,13.0,40.0555555555556,45.8333333333333,7.44444444444444,1234253.33333333,-2594728.33333333,3577,16.718348821697234,32.5021047721327,49.44010425620503
2021-12-15,1611,2021-12-15,16.9444444444444,27.3611111111111,54.4444444444444,7.33333333333333,1234253.33333333,-2594728.33333333,3577,17.702414716343934,30.69712545795678,50.26858787926148
2021-12-22,1612,2021-12-22,18.6111111111111,31.7777777777778,48.0555555555556,7.66666666666667,1234253.33333333,-2594728.33333333,3577,16.93460443924586,30.078318911905747,51.62690611761047
2021-12-31,1613,2021-12-31,20.7222222222222,28.8333333333333,48.9722222222222,7.52777777777778,1234253.33333333,-2594728.33333333,3577,16.61051813683145,29.48415327362256,52.56724183967979
2022-01-07,1614,2022-01-07,21.0555555555556,23.1111111111111,54.6111111111111,7.88888888888889,1234253.33333333,-2594728.33333333,3577,18.32043704489252,28.555898951405545,51.73430963600467
2022-01-09,1615,2022-01-09,19.5555555555556,27.5555555555556,51.4444444444444,7.11111111111111,1234253.33333333,-2594728.33333333,3577,22.75915261209041,25.263162104489616,50.56452293835438
2022-01-16,1616,2022-01-16,19.6666666666667,25.5555555555556,53.2777777777778,7.66666666666667,1234253.33333333,-2594728.33333333,3577,30.061386669741342,21.696469938726768,46.81744631356935
2022-02-01,1617,2022-02-01,33.8333333333333,27.0555555555556,37.9444444444444,8.44444444444444,1234253.33333333,-2594728.33333333,3577,37.1997553530006,19.658997693050495,41.712298623283104
2022-02-10,1618,2022-02-10,54.6666666666667,7.61111111111111,36.0555555555556,11.3888888888889,1234253.33333333,-2594728.33333333,3577,43.549310682431134,16.898610419505737,38.05074019547136
2022-02-17,1619,2022-02-17,51.2777777777778,13.8333333333333,33.1666666666667,11.7222222222222,1234253.33333333,-2594728.33333333,3577,47.10959559875265,16.814064676291277,34.47955501670158
2022-02-26,1620,2022-02-26,48.5555555555556,18.3333333333333,31.6666666666667,10.9444444444444,1234253.33333333,-2594728.33333333,3577,47.05883194891779,18.325809897014587,32.99254211560221
2022-03-05,1621,2022-03-05,40.8333333333333,22.0555555555556,35.4444444444444,10.3333333333333,1234253.33333333,-2594728.33333333,3577,43.16109415179977,20.620672069585403,34.57616050959187
2022-03-21,1622,2022-03-21,30.4444444444444,30.0555555555556,37.7222222222222,8.77777777777778,1234253.33333333,-2594728.33333333,3577,36.621516426464495,24.559512726691736,37.17226323727314
2022-03-30,1623,2022-03-30,28.9444444444444,29.7777777777778,39.7222222222222,8.44444444444444,1234253.33333333,-2594728.33333333,3577,28.883725321801467,31.331333097582313,38.146540422076484
2022-04-06,1624,2022-04-06,26.2222222222222,34.6666666666667,37.6111111111111,8.5,1234253.33333333,-2594728.33333333,3577,24.457989035384728,37.8022593161856,36.18559012366518
2022-04-14,1625,2022-04-14,24.6111111111111,36.8888888888889,36.9444444444444,8.5,1234253.33333333,-2594728.33333333,3577,23.41267401328969,38.65020651862183,36.38688504477433
2022-04-15,1626,2022-04-15,24.2222222222222,38.5555555555556,35.6111111111111,8.0,1234253.33333333,-2594728.33333333,3577,23.301970647168396,39.81441709304894,35.38471762155444
2022-04-30,1627,2022-04-30,24.2777777777778,45.7222222222222,28.6666666666667,11.0555555555556,1234253.33333333,-2594728.33333333,3577,25.010087779433896,39.28583645456125,34.270847315733846
2022-05-01,1628,2022-05-01,25.7777777777778,42.6666666666667,30.0555555555556,10.9444444444444,1234253.33333333,-2594728.33333333,3577,28.14902898958207,36.632325878450445,33.80004378146289
2022-05-08,1629,2022-05-08,34.5555555555556,21.6666666666667,42.5,10.2222222222222,1234253.33333333,-2594728.33333333,3577,32.37181291360375,32.10917101473898,34.11656695557115
2022-05-09,1630,2022-05-09,36.4444444444444,22.7222222222222,39.3333333333333,9.44444444444444,1234253.33333333,-2594728.33333333,3577,38.199378880487735,25.97382613945694,34.4310742576945
2022-05-17,1631,2022-05-17,44.3888888888889,28.6666666666667,25.6111111111111,12.1111111111111,1234253.33333333,-2594728.33333333,3577,44.0293203528432,20.080228337191286,34.494548966680014
2022-05-24,1632,2022-05-24,49.6666666666667,13.7222222222222,35.1111111111111,12.2777777777778,1234253.33333333,-2594728.33333333,3577,49.381437619820346,15.494287961777918,33.70622995854687
2022-06-09,1633,2022-06-09,54.6111111111111,10.5,33.4444444444444,13.8333333333333,1234253.33333333,-2594728.33333333,3577,52.57465702511357,12.175514372106997,33.74832752386425
2022-06-10,1634,2022-06-10,54.7777777777778,11.0555555555556,32.6111111111111,13.4444444444444,1234253.33333333,-2594728.33333333,3577,54.89790017343377,12.108320643922557,31.430672526643043
2022-06-17,1635,2022-06-17,55.6111111111111,13.2777777777778,29.4444444444444,13.6111111111111,1234253.33333333,-2594728.33333333,3577,55.85030466608579,12.802130617918182,29.68726199840306
2022-06-18,1636,2022-06-18,55.0,13.0,30.3888888888889,13.3888888888889,1234253.33333333,-2594728.33333333,3577,56.566147302980966,12.557635175280357,29.157859855997913
2022-06-25,1637,2022-06-25,55.3333333333333,15.2222222222222,27.5555555555556,13.6666666666667,1234253.33333333,-2594728.33333333,3577,55.85043336435691,14.75075474920455,27.63047959951573
2022-06-26,1638,2022-06-26,54.8888888888889,15.9444444444444,27.2777777777778,13.3333333333333,1234253.33333333,-2594728.33333333,3577,55.62343487265257,17.53591283157583,25.07315594621724
2022-07-03,1639,2022-07-03,59.1666666666667,22.2222222222222,17.0,16.6111111111111,1234253.33333333,-2594728.33333333,3577,55.100885011093496,18.449647703514884,24.7117483479676
2022-07-11,1640,2022-07-11,52.1111111111111,17.0,29.1666666666667,14.1666666666667,1234253.33333333,-2594728.33333333,3577,54.56549779768778,19.174160033290264,24.553272664724133
2022-07-12,1641,2022-07-12,53.7222222222222,18.1111111111111,26.5555555555556,13.7222222222222,1234253.33333333,-2594728.33333333,3577,52.93136653507378,19.123563570929107,26.280063074176816
2022-07-19,1642,2022-07-19,51.3333333333333,20.4444444444444,26.6111111111111,13.7222222222222,1234253.33333333,-2594728.33333333,3577,52.025436551744555,19.302301413753625,27.04636144728621
2022-07-20,1643,2022-07-20,52.7222222222222,19.4444444444444,26.1666666666667,13.5,1234253.33333333,-2594728.33333333,3577,51.8472387605437,19.085286058967412,27.466480715702616
2022-07-27,1644,2022-07-27,49.7777777777778,19.6666666666667,28.9444444444444,13.9444444444444,1234253.33333333,-2594728.33333333,3577,51.799421940281064,19.468800892946593,27.105299241518097
2022-07-28,1645,2022-07-28,51.6111111111111,18.0555555555556,28.6111111111111,13.2222222222222,1234253.33333333,-2594728.33333333,3577,52.0812519094175,19.473348632788458,26.80711617243722
2022-08-04,1646,2022-08-04,52.2777777777778,21.0,25.2222222222222,13.3888888888889,1234253.33333333,-2594728.33333333,3577,52.236884202820676,21.576011363933862,24.55680765742315
2022-08-05,1647,2022-08-05,55.7777777777778,24.5555555555556,17.9444444444444,13.8888888888889,1234253.33333333,-2594728.33333333,3577,51.12295616319619,22.804860945724442,24.395555940443906
2022-08-13,1648,2022-08-13,48.8333333333333,22.1111111111111,27.3333333333333,12.7777777777778,1234253.33333333,-2594728.33333333,3577,50.070082823945306,23.67071524965911,24.52434081226282
2022-08-20,1649,2022-08-20,46.1111111111111,25.0555555555556,27.1111111111111,12.7222222222222,1234253.33333333,-2594728.33333333,3577,48.34422216929232,24.495028878926163,25.38707267963852
2022-08-21,1650,2022-08-21,47.3333333333333,24.7777777777778,26.1111111111111,12.3888888888889,1234253.33333333,-2594728.33333333,3577,46.91676830221019,24.543481973818867,26.78509433462593
2022-08-28,1651,2022-08-28,45.1111111111111,28.0,25.0555555555556,12.0555555555556,1234253.33333333,-2594728.33333333,3577,46.05933591691416,23.961652726355027,28.26721369445405
2022-09-05,1652,2022-09-05,46.8333333333333,17.4444444444444,33.9444444444444,11.6111111111111,1234253.33333333,-2594728.33333333,3577,46.12373677233668,22.628798102478925,29.535210403627048
2022-09-06,1653,2022-09-06,46.1666666666667,21.5,30.7777777777778,12.3888888888889,1234253.33333333,-2594728.33333333,3577,46.33572206946127,21.769851407619036,30.243699197255054
2022-09-13,1654,2022-09-13,47.2222222222222,23.7222222222222,27.6111111111111,14.1666666666667,1234253.33333333,-2594728.33333333,3577,47.35681655804788,21.19283090490202,29.79001614140489
2022-09-14,1655,2022-09-14,48.2777777777778,20.5,29.5555555555556,13.0,1234253.33333333,-2594728.33333333,3577,46.9942891645608,20.8403395709866,30.52088159518044
2022-09-22,1656,2022-09-22,46.6666666666667,21.1111111111111,30.3333333333333,12.8888888888889,1234253.33333333,-2594728.33333333,3577,46.27100367811754,21.861543513243042,30.209787804210542
2022-09-29,1657,2022-09-29,42.8888888888889,22.5,32.8888888888889,12.3888888888889,1234253.33333333,-2594728.33333333,3577,44.69930190208163,23.449336181530832,30.15930199830678
2022-09-30,1658,2022-09-30,43.5555555555556,24.7777777777778,30.1666666666667,11.8333333333333,1234253.33333333,-2594728.33333333,3577,42.8555007084355,24.611849622681873,30.843583489089728
2022-10-07,1659,2022-10-07,43.5555555555556,25.0555555555556,29.6111111111111,11.8333333333333,1234253.33333333,-2594728.33333333,3577,41.71835044899439,24.301199660329168,32.31212217434645
2022-10-15,1660,2022-10-15,38.1111111111111,26.6666666666667,33.7222222222222,10.3333333333333,1234253.33333333,-2594728.33333333,3577,40.59753765325915,24.960507672578267,32.846271719331824
2022-10-16,1661,2022-10-16,39.3333333333333,25.4444444444444,33.5555555555556,11.7777777777778,1234253.33333333,-2594728.33333333,3577,39.76504266286954,25.232380966123344,33.47147468973594
2022-10-23,1662,2022-10-23,39.0555555555556,23.3888888888889,36.1111111111111,12.5555555555556,1234253.33333333,-2594728.33333333,3577,39.51243562078885,25.165857190621246,33.80521817363419
2022-10-24,1663,2022-10-24,42.1111111111111,23.5555555555556,32.8888888888889,11.4444444444444,1234253.33333333,-2594728.33333333,3577,38.977187930742474,25.252721306897108,34.250512988897974
2022-10-31,1664,2022-10-31,38.1111111111111,28.2777777777778,32.0,12.2777777777778,1234253.33333333,-2594728.33333333,3577,38.49669473972304,26.654121592198113,33.34158084776783
2022-11-08,1665,2022-11-08,36.0,28.5,34.0555555555556,11.6666666666667,1234253.33333333,-2594728.33333333,3577,38.09731754313229,28.288276910563717,32.099964878597866
2022-11-09,1666,2022-11-09,37.1666666666667,29.5,31.7777777777778,11.0,1234253.33333333,-2594728.33333333,3577,37.25581968770268,29.595246342919957,31.625085097216605
2022-11-16,1667,2022-11-16,37.0,32.8888888888889,28.6111111111111,12.0,1234253.33333333,-2594728.33333333,3577,35.34646777370708,32.377773928852704,30.786519637908228
2022-12-02,1668,2022-12-02,34.0,33.6666666666667,30.8333333333333,11.8888888888889,1234253.33333333,-2594728.33333333,3577,34.52329558985391,34.09677268035893,29.907812345888374
2022-12-03,1669,2022-12-03,34.0555555555556,36.6666666666667,27.7777777777778,11.1111111111111,1234253.33333333,-2594728.33333333,3577,33.32368817972037,36.015708405795905,29.18757111481134
2022-12-10,1670,2022-12-10,31.0,33.7222222222222,33.8888888888889,10.9444444444444,1234253.33333333,-2594728.33333333,3577,32.1729067286295,36.82963957266813,29.542369395306164
2022-12-11,1671,2022-12-11,31.8888888888889,40.0,26.7777777777778,10.5,1234253.33333333,-2594728.33333333,3577,31.65167151389591,38.228176020739966,28.65414203958668
2022-12-19,1672,2022-12-19,32.1666666666667,41.6111111111111,24.6111111111111,10.5555555555556,1234253.33333333,-2594728.33333333,3577,31.90250684987052,37.90012172209747,28.73930421143615
2022-12-27,1673,2022-12-27,33.5555555555556,33.3333333333333,31.5555555555556,10.9444444444444,1234253.33333333,-2594728.33333333,3577,32.91680799420247,37.52980026508876,28.057917830359457
2023-01-03,1674,2023-01-03,30.7222222222222,38.6111111111111,29.1111111111111,10.9444444444444,1234253.33333333,-2594728.33333333,3577,34.21193959119145,37.01603556401764,27.24321687943572
2023-01-19,1675,2023-01-19,38.1666666666667,31.7777777777778,28.7222222222222,12.1111111111111,1234253.33333333,-2594728.33333333,3577,35.71946779570618,34.87139228160901,27.84521910837697
2023-01-20,1676,2023-01-20,40.4444444444444,35.7222222222222,22.1111111111111,12.9444444444444,1234253.33333333,-2594728.33333333,3577,37.343931643596235,32.11931601250489,28.941004128310592
2023-02-04,1677,2023-02-04,36.1666666666667,27.6666666666667,34.5555555555556,12.5,1234253.33333333,-2594728.33333333,3577,38.940538095852844,29.179999395169705,30.26161059442788
2023-02-05,1678,2023-02-05,39.3888888888889,30.8888888888889,28.0555555555556,10.2222222222222,1234253.33333333,-2594728.33333333,3577,40.35454345180866,26.632932255223302,31.38977345324089
2023-02-12,1679,2023-02-12,41.8888888888889,22.8888888888889,33.6666666666667,12.2222222222222,1234253.33333333,-2594728.33333333,3577,41.421253349142894,25.2169016054465,31.7599239425864
2023-02-13,1680,2023-02-13,42.7777777777778,23.2222222222222,32.4444444444444,11.6111111111111,1234253.33333333,-2594728.33333333,3577,41.96602276388133,25.829991645781092,30.65818959162599
2023-02-20,1681,2023-02-20,41.4444444444444,31.2222222222222,25.8888888888889,11.7777777777778,1234253.33333333,-2594728.33333333,3577,41.80425601039626,29.529583763329768,27.22239422084609
