time,Unnamed: 0,time_ymd,pv,npv,bs,ue,x,y,spatial_ref,pv_filter,npv_filter,bs_filter
1987-09-02,1,1987-09-02,1.0,39.2857142857143,58.2857142857143,6.14285714285714,568096.428571429,-3273325.0,3577,0.9134191688371237,38.29487935525089,59.40971300801031
1987-09-11,2,1987-09-11,0.238095238095238,33.9047619047619,64.7619047619048,6.90476190476191,568096.428571429,-3273325.0,3577,0.45452859506375687,35.24403796606363,63.090948660165864
1987-09-18,3,1987-09-18,0.333333333333333,33.0476190476191,65.4285714285714,7.33333333333333,568096.428571429,-3273325.0,3577,0.20273854031041283,33.323494039991175,65.36653217292317
1987-09-27,4,1987-09-27,0.0,32.7619047619048,66.2857142857143,6.28571428571429,568096.428571429,-3273325.0,3577,0.09819411345285067,32.11881972762116,66.72739487157888
1987-10-20,5,1987-10-20,0.380952380952381,29.1428571428571,69.2380952380952,6.80952380952381,568096.428571429,-3273325.0,3577,0.08947677545643284,31.29969038283945,67.57026507081794
1987-11-05,6,1987-11-05,0.0,33.3809523809524,65.6666666666667,6.85714285714286,568096.428571429,-3273325.0,3577,0.13360433937612404,30.61988456283018,68.19766807471363
1987-11-14,7,1987-11-14,0.0,29.8095238095238,69.1428571428571,6.80952380952381,568096.428571429,-3273325.0,3577,0.1960309703564922,29.91728402807573,68.8179261767276
1987-11-21,8,1987-11-21,0.380952380952381,26.8095238095238,71.6666666666667,6.76190476190476,568096.428571429,-3273325.0,3577,0.25064718563166827,29.113873742352354,69.54515865969938
1987-11-30,9,1987-11-30,0.333333333333333,34.5714285714286,64.0476190476191,7.04761904761905,568096.428571429,-3273325.0,3577,0.2498749960049896,27.32799295647183,71.32076798329604
1987-12-07,10,1987-12-07,0.285714285714286,25.5238095238095,73.0952380952381,6.61904761904762,568096.428571429,-3273325.0,3577,0.26420638185340123,26.701185295608546,71.92181915091057
1988-01-17,11,1988-01-17,0.0,23.5238095238095,75.5238095238095,6.76190476190476,568096.428571429,-3273325.0,3577,0.21808428929168713,26.9228171209555,71.79404187143052
1988-01-24,12,1988-01-24,0.428571428571429,19.8095238095238,78.4285714285714,6.71428571428571,568096.428571429,-3273325.0,3577,0.19468354143273847,27.50653165203836,71.2547947408522
1988-02-09,13,1988-02-09,0.0,33.2380952380952,65.8095238095238,6.76190476190476,568096.428571429,-3273325.0,3577,0.1352507141980625,26.90773416469606,71.97511569956316
1988-02-18,14,1988-02-18,0.0,31.3333333333333,67.9047619047619,6.61904761904762,568096.428571429,-3273325.0,3577,0.03402582969145931,25.957073885862542,73.09164932074056
1988-02-25,15,1988-02-25,0.0,29.0952380952381,70.0476190476191,6.76190476190476,568096.428571429,-3273325.0,3577,0.0,27.112095335001477,72.08728010894117
1988-03-05,16,1988-03-05,0.0,25.047619047619,74.0476190476191,6.42857142857143,568096.428571429,-3273325.0,3577,0.04545712285649661,29.304975726023976,69.76793691343734
1988-03-12,17,1988-03-12,0.0,24.4761904761905,74.5238095238095,6.80952380952381,568096.428571429,-3273325.0,3577,0.018410897667860252,30.446458598156845,68.61077106586919
1988-03-21,18,1988-03-21,0.0,28.8095238095238,70.2380952380952,6.52380952380952,568096.428571429,-3273325.0,3577,0.0,31.829330628087497,67.41719683823942
1988-04-06,19,1988-04-06,0.0476190476190476,44.0476190476191,54.8571428571429,6.71428571428571,568096.428571429,-3273325.0,3577,0.0,34.40438818147285,64.5067574324444
1988-04-13,20,1988-04-13,1.0,39.8571428571429,57.7619047619048,7.19047619047619,568096.428571429,-3273325.0,3577,0.6470856285096808,37.49387867034367,60.5983253072946
1988-04-29,21,1988-04-29,1.61904761904762,33.1428571428571,63.8571428571429,7.52380952380952,568096.428571429,-3273325.0,3577,1.9082630475816484,38.62055282178544,58.158084433617546
1988-05-24,22,1988-05-24,1.76190476190476,38.9047619047619,58.0952380952381,7.19047619047619,568096.428571429,-3273325.0,3577,3.6827197570226122,38.08583470192808,56.842725901540945
1988-06-09,23,1988-06-09,5.61904761904762,36.9047619047619,55.9523809523809,8.04761904761905,568096.428571429,-3273325.0,3577,5.342603732695813,36.4137379648161,56.80702476057665
1988-06-16,24,1988-06-16,8.80952380952381,35.3333333333333,54.3809523809524,9.23809523809524,568096.428571429,-3273325.0,3577,7.01072096118431,34.43579743269629,57.132300104427785
1988-06-25,25,1988-06-25,8.33333333333333,28.9047619047619,61.4285714285714,7.61904761904762,568096.428571429,-3273325.0,3577,8.013114852122943,32.98201592009147,57.597261355766676
1988-07-11,26,1988-07-11,8.0,35.5238095238095,55.0952380952381,7.85714285714286,568096.428571429,-3273325.0,3577,8.400621050774596,32.86638748248163,57.30217460557162
1988-07-18,27,1988-07-18,7.66666666666667,33.1904761904762,57.5714285714286,8.42857142857143,568096.428571429,-3273325.0,3577,8.08831003877323,32.15571116189829,58.27741608236094
1988-07-27,28,1988-07-27,6.28571428571429,32.3333333333333,60.0476190476191,7.52380952380952,568096.428571429,-3273325.0,3577,6.927571912091003,31.699360495021363,59.90288555612739
1988-08-03,29,1988-08-03,6.57142857142857,29.5238095238095,62.4285714285714,7.90476190476191,568096.428571429,-3273325.0,3577,5.429817860157607,32.14649643441731,60.98159528808773
1988-08-12,30,1988-08-12,3.57142857142857,31.047619047619,63.7142857142857,7.28571428571429,568096.428571429,-3273325.0,3577,4.223933960775436,32.25064099986216,62.07151568760549
1988-08-19,31,1988-08-19,3.66666666666667,33.9047619047619,61.0952380952381,7.71428571428571,568096.428571429,-3273325.0,3577,3.1462129202062576,31.782848730212383,63.655212692354894
1988-08-28,32,1988-08-28,1.52380952380952,33.9047619047619,63.3333333333333,6.90476190476191,568096.428571429,-3273325.0,3577,2.027806043285616,31.237376658424616,65.37036544465909
1988-09-13,33,1988-09-13,0.952380952380952,30.0,67.7619047619048,7.04761904761905,568096.428571429,-3273325.0,3577,1.1685486855763743,31.581350538002155,65.90318247283207
1988-09-20,34,1988-09-20,1.04761904761905,29.9047619047619,67.6666666666667,7.09523809523809,568096.428571429,-3273325.0,3577,0.575131782562037,31.873617610454957,66.27388504167699
1988-09-29,35,1988-09-29,0.0,32.6190476190476,66.1428571428571,6.85714285714286,568096.428571429,-3273325.0,3577,0.2138769383351109,33.57122624536983,65.05011319948429
1988-10-06,36,1988-10-06,0.142857142857143,32.2857142857143,66.4761904761905,6.80952380952381,568096.428571429,-3273325.0,3577,0.18329451765981522,31.62987476918891,67.05731317185423
1988-10-15,37,1988-10-15,0.238095238095238,35.2380952380952,63.4285714285714,6.66666666666667,568096.428571429,-3273325.0,3577,0.02217184260527568,30.930068125883913,67.99904713448589
1988-10-22,38,1988-10-22,0.0,33.9523809523809,65.1904761904762,6.80952380952381,568096.428571429,-3273325.0,3577,0.18450177273703952,33.458796363590096,65.40925199670353
1988-10-31,39,1988-10-31,0.0,36.6190476190476,62.6666666666667,6.71428571428571,568096.428571429,-3273325.0,3577,0.0,37.97698302728691,61.212521998116564
1988-11-07,40,1988-11-07,0.142857142857143,33.9523809523809,64.8571428571429,6.80952380952381,568096.428571429,-3273325.0,3577,0.0,41.381670960612105,57.919886099444014
1988-11-23,41,1988-11-23,0.0,34.8095238095238,64.3333333333333,6.76190476190476,568096.428571429,-3273325.0,3577,0.0,43.241593030286225,56.00317458598356
1988-12-02,42,1988-12-02,0.0,62.0833333333333,37.25,5.0,568125.0,-3273330.0,3577,0.07491785819958094,43.47672270968833,55.53957162547664
1988-12-09,43,1988-12-09,0.0952380952380952,48.3333333333333,50.4285714285714,8.85714285714286,568096.428571429,-3273325.0,3577,0.4251022455356196,41.88645590734749,56.67295063037251
1988-12-18,44,1988-12-18,0.0952380952380952,32.7619047619048,66.0952380952381,6.95238095238095,568096.428571429,-3273325.0,3577,0.8724866464803257,38.56152310021705,59.37353668002933
1989-01-10,45,1989-01-10,1.85714285714286,25.8571428571429,70.8095238095238,6.38095238095238,568096.428571429,-3273325.0,3577,1.068030009206322,35.578537303764215,62.09129131961021
1989-01-19,46,1989-01-19,1.66666666666667,30.8571428571429,66.2857142857143,6.28571428571429,568096.428571429,-3273325.0,3577,1.331958031648237,32.63842272278319,64.71615149555359
1989-01-26,47,1989-01-26,1.47619047619048,32.8095238095238,64.2857142857143,6.52380952380952,568096.428571429,-3273325.0,3577,1.2673899887520306,29.142593474632463,68.26714539329619
1989-02-04,48,1989-02-04,0.476190476190476,32.9523809523809,65.2380952380952,6.04761904761905,568096.428571429,-3273325.0,3577,0.8749640452425547,28.968019596498223,68.90064527834396
1989-02-11,49,1989-02-11,0.380952380952381,33.4285714285714,65.0476190476191,6.42857142857143,568096.428571429,-3273325.0,3577,0.20975154876080482,33.9070560502398,64.7281709518455
1989-02-20,50,1989-02-20,0.0,35.6190476190476,63.5238095238095,4.0,568096.428571429,-3273325.0,3577,0.0,33.67163589763703,65.31708745330059
1989-02-27,51,1989-02-27,1.0,26.4285714285714,71.2380952380952,6.09523809523809,568096.428571429,-3273325.0,3577,0.4023473946073948,32.27584850649383,66.15656789030412
1989-03-08,52,1989-03-08,0.333333333333333,33.0,65.5238095238095,6.09523809523809,568096.428571429,-3273325.0,3577,1.8962188482309552,31.739667453284998,65.1066869147267
1989-03-15,53,1989-03-15,3.52380952380952,37.8571428571429,57.1904761904762,8.66666666666667,568096.428571429,-3273325.0,3577,3.714676963902423,32.77323630960912,62.21513419500104
1989-03-31,54,1989-03-31,6.66666666666667,29.0,62.9523809523809,7.19047619047619,568096.428571429,-3273325.0,3577,6.743338189157626,32.517124774085865,59.34579868015512
1989-04-16,55,1989-04-16,10.6666666666667,26.9047619047619,60.9047619047619,7.47619047619048,568096.428571429,-3273325.0,3577,9.624443152305497,33.294628745862155,55.62785769441284
1989-05-02,56,1989-05-02,12.1666666666667,42.8333333333333,43.6666666666667,10.0,568060.0,-3273320.0,3577,11.956126948385227,33.63647162950066,53.02439201664416
1989-05-11,57,1989-05-11,13.047619047619,33.8095238095238,51.9047619047619,8.0,568096.428571429,-3273325.0,3577,13.651646083532581,34.03881541574532,51.030916967441854
1989-05-18,58,1989-05-18,15.4285714285714,29.3809523809524,53.9047619047619,7.80952380952381,568096.428571429,-3273325.0,3577,14.824046954075683,33.05275838711877,50.865720450852166
1989-06-12,59,1989-06-12,16.9047619047619,29.7619047619048,52.0,8.33333333333333,568096.428571429,-3273325.0,3577,15.133158379286122,31.755406873823162,51.87637388410607
1989-06-19,60,1989-06-19,12.3333333333333,37.0833333333333,49.5,14.8333333333333,568097.5,-3273297.5,3577,15.551104726024981,30.7973808956735,52.381141562248274
1989-06-28,61,1989-06-28,16.0,26.4285714285714,56.4285714285714,8.09523809523809,568096.428571429,-3273325.0,3577,15.911826563526958,29.517170394100955,53.27590624029454
1989-07-05,62,1989-07-05,17.4285714285714,30.047619047619,50.9047619047619,9.0,568096.428571429,-3273325.0,3577,16.472138800309718,29.013627239629088,53.1936659831317
1989-07-14,63,1989-07-14,16.8571428571429,26.1904761904762,55.5238095238095,7.95238095238095,568096.428571429,-3273325.0,3577,16.705370480909803,30.634069490876044,51.32238813816993
1989-07-21,64,1989-07-21,16.3809523809524,29.7142857142857,52.6190476190476,9.0,568096.428571429,-3273325.0,3577,16.703684344548748,30.329569553249218,51.58277481032128
1989-07-30,65,1989-07-30,16.952380952381,36.7619047619048,45.0476190476191,9.04761904761905,568096.428571429,-3273325.0,3577,16.251015238628934,29.8297174961217,52.535441338839064
1989-08-06,66,1989-08-06,14.9047619047619,29.3333333333333,54.4285714285714,8.85714285714286,568096.428571429,-3273325.0,3577,15.431096251527403,29.300879718831993,53.89663587186001
1989-08-15,67,1989-08-15,13.952380952381,26.5238095238095,58.0952380952381,8.14285714285714,568096.428571429,-3273325.0,3577,13.51421127891515,30.032381189497436,55.13654096161012
1989-08-31,68,1989-08-31,11.4285714285714,29.8095238095238,57.2857142857143,7.71428571428571,568096.428571429,-3273325.0,3577,12.000267018841075,29.461787954043622,57.241828347082944
1989-09-07,69,1989-09-07,10.1428571428571,28.4761904761905,60.1428571428571,7.71428571428571,568096.428571429,-3273325.0,3577,10.221965856639237,30.11095612333554,58.32841255750599
1989-09-16,70,1989-09-16,8.19047619047619,30.8571428571429,59.8095238095238,6.14285714285714,568096.428571429,-3273325.0,3577,8.475008995131555,30.20155077120573,59.96541332763344
1989-09-23,71,1989-09-23,7.42857142857143,33.7619047619048,57.3333333333333,7.52380952380952,568096.428571429,-3273325.0,3577,6.130405198515724,33.015953087155616,59.50203666301847
1989-10-09,72,1989-10-09,3.71428571428571,37.4761904761905,57.4761904761905,6.76190476190476,568096.428571429,-3273325.0,3577,4.348332781768658,35.770038011518764,58.52414149317299
1989-10-18,73,1989-10-18,3.57142857142857,33.8571428571429,61.1428571428571,6.47619047619048,568096.428571429,-3273325.0,3577,2.864641034919241,37.00043609640581,58.77790321133097
1989-11-03,74,1989-11-03,1.57142857142857,36.9523809523809,60.0476190476191,6.90476190476191,568096.428571429,-3273325.0,3577,2.2062274670630555,37.650697341868174,58.8059619688789
1989-11-10,75,1989-11-10,1.14285714285714,37.4285714285714,60.0952380952381,6.90476190476191,568096.428571429,-3273325.0,3577,2.0265039398163314,33.542140006531255,63.03650065104233
1989-11-19,76,1989-11-19,0.571428571428571,38.9047619047619,59.2857142857143,7.0,568096.428571429,-3273325.0,3577,2.238329008452511,32.908765898699045,63.473702638940836
1989-12-05,77,1989-12-05,5.47619047619048,28.4285714285714,64.7142857142857,7.33333333333333,568096.428571429,-3273325.0,3577,2.5086479567899973,34.25283359570773,61.859229908369265
1989-12-21,78,1989-12-21,2.66666666666667,35.0,61.0,7.0,568096.428571429,-3273325.0,3577,2.5741361321852847,38.28687385884957,57.78009542056665
1989-12-28,79,1989-12-28,2.66666666666667,34.8571428571429,60.9523809523809,7.23809523809524,568096.428571429,-3273325.0,3577,2.1622567319158534,42.63253980281208,53.868795291387855
1990-03-02,80,1990-03-02,0.761904761904762,45.3809523809524,52.3809523809524,7.57142857142857,568096.428571429,-3273325.0,3577,1.7786741122651795,46.77546318489893,50.13307087648444
1990-03-10,81,1990-03-10,0.25,73.25,25.625,5.125,568087.5,-3273303.75,3577,0.9584700645070746,49.6320240646792,48.18498722638871
1990-03-18,82,1990-03-18,0.285714285714286,42.0,56.4761904761905,7.61904761904762,568096.428571429,-3273325.0,3577,0.418280120292442,50.98489771321829,47.43388152094875
1990-03-26,83,1990-03-26,0.285714285714286,46.8095238095238,51.8571428571429,7.14285714285714,568096.428571429,-3273325.0,3577,0.0,48.02700395578937,50.982152522392596
1990-04-03,84,1990-04-03,0.952380952380952,38.8571428571429,58.9047619047619,7.71428571428571,568096.428571429,-3273325.0,3577,0.2180989804828474,44.495065048463985,54.20126558167544
1990-04-11,85,1990-04-11,0.357142857142857,41.2857142857143,57.4285714285714,4.85714285714286,568105.714285714,-3273345.0,3577,0.22571468778895631,40.113962147237906,58.534445301851406
1990-04-27,86,1990-04-27,0.19047619047619,34.6666666666667,64.0,6.04761904761905,568096.428571429,-3273325.0,3577,0.7600626927251168,35.43929522489366,62.625908534180894
1990-05-05,87,1990-05-05,1.14285714285714,37.3333333333333,60.1428571428571,7.76190476190476,568096.428571429,-3273325.0,3577,1.13740748415654,33.34762348074545,64.32005095007227
1990-05-29,88,1990-05-29,0.714285714285714,32.4761904761905,65.7142857142857,4.90476190476191,568096.428571429,-3273325.0,3577,1.8563188617365407,34.51240116951678,62.44341739271145
1990-06-06,89,1990-06-06,3.57142857142857,39.8571428571429,55.1904761904762,8.0,568096.428571429,-3273325.0,3577,2.5054259466020423,32.19211129427369,64.0465932416301
1990-06-14,90,1990-06-14,3.28571428571429,20.5714285714286,75.0,8.71428571428571,568082.142857143,-3273340.71428571,3577,3.0524176545843815,32.119844036247926,63.531774726811676
1990-06-22,91,1990-06-22,3.76190476190476,34.1904761904762,60.8095238095238,8.23809523809524,568096.428571429,-3273325.0,3577,3.4616199074398235,32.59665824371221,62.58308770691738
1990-08-01,92,1990-08-01,2.61904761904762,35.2857142857143,60.5714285714286,7.28571428571429,568096.428571429,-3273325.0,3577,3.2659316947237764,33.135210506722586,62.215875971284646
1990-08-09,93,1990-08-09,3.33333333333333,36.7142857142857,58.4761904761905,8.52380952380952,568096.428571429,-3273325.0,3577,2.7878447661725234,33.86488592775298,61.940647667001855
1990-08-17,94,1990-08-17,1.47619047619048,34.1428571428571,63.0476190476191,7.14285714285714,568096.428571429,-3273325.0,3577,2.1792686158007983,34.75830068161056,61.679678739922
1990-08-25,95,1990-08-25,2.0,34.3809523809524,62.2857142857143,7.76190476190476,568096.428571429,-3273325.0,3577,1.4610343217152182,35.56819127525907,61.680241168681604
1990-09-02,96,1990-09-02,0.952380952380952,36.9047619047619,60.9047619047619,6.95238095238095,568096.428571429,-3273325.0,3577,1.1098468095370464,36.792728903225914,60.86269243972552
1990-09-10,97,1990-09-10,0.285714285714286,32.5714285714286,66.0476190476191,7.61904761904762,568096.428571429,-3273325.0,3577,0.7244870712361896,36.164025781310215,62.00004520365587
1990-09-18,98,1990-09-18,1.0,40.6923076923077,57.3846153846154,8.69230769230769,568090.384615385,-3273317.30769231,3577,0.5211877905375577,36.992014177767174,61.42200214645118
1990-09-26,99,1990-09-26,0.238095238095238,35.8095238095238,62.8571428571429,7.33333333333333,568096.428571429,-3273325.0,3577,0.3226525796184754,37.256484406276414,61.361428917980845
1990-10-04,100,1990-10-04,0.238095238095238,40.3809523809524,58.2380952380952,6.85714285714286,568096.428571429,-3273325.0,3577,0.3116862497666979,36.97301610828088,61.66391598398299
1990-10-12,101,1990-10-12,0.238095238095238,35.6190476190476,63.0952380952381,7.61904761904762,568096.428571429,-3273325.0,3577,0.1587710535078718,36.57035320002145,62.23693318667384
1990-10-20,102,1990-10-20,0.19047619047619,34.9523809523809,63.9047619047619,6.85714285714286,568096.428571429,-3273325.0,3577,0.1782685838413124,36.44758868978376,62.36633986001952
1990-10-28,103,1990-10-28,0.0476190476190476,32.8571428571429,66.0,6.80952380952381,568096.428571429,-3273325.0,3577,0.07714782637382084,36.022194047909075,62.91510973743898
1990-11-21,104,1990-11-21,0.0,39.1428571428571,60.0476190476191,6.04761904761905,568096.428571429,-3273325.0,3577,0.006025965778286763,36.024894610028554,63.036074348758426
1990-11-29,105,1990-11-29,0.0,36.7619047619048,62.3333333333333,7.04761904761905,568096.428571429,-3273325.0,3577,0.04862526534352426,36.63279857396958,62.43795110976839
1990-12-07,106,1990-12-07,0.0476190476190476,38.8571428571429,60.2380952380952,7.0,568096.428571429,-3273325.0,3577,0.0,36.829235779694685,62.295552744459826
1990-12-15,107,1990-12-15,0.0,35.5714285714286,63.5238095238095,7.04761904761905,568096.428571429,-3273325.0,3577,0.0,38.18418732969248,60.9346339934484
1990-12-23,108,1990-12-23,0.0,36.5238095238095,62.5238095238095,6.80952380952381,568096.428571429,-3273325.0,3577,0.0047197384658677986,37.54864124523007,61.565320128778396
1990-12-31,109,1990-12-31,0.0,39.1904761904762,60.0,6.85714285714286,568096.428571429,-3273325.0,3577,0.02497811785737106,37.22028745248005,61.8843942435181
1991-01-08,110,1991-01-08,0.0,34.6666666666667,64.3809523809524,6.95238095238095,568096.428571429,-3273325.0,3577,0.011196234106449132,36.168291976336135,62.91518801115383
1991-01-16,111,1991-01-16,0.0476190476190476,39.0476190476191,60.0,7.19047619047619,568096.428571429,-3273325.0,3577,0.024660581936120016,35.80757426267729,63.24074790018118
1991-01-24,112,1991-01-24,0.0476190476190476,34.2857142857143,64.8095238095238,6.95238095238095,568096.428571429,-3273325.0,3577,0.08435114936661647,35.839529923115926,63.11896153381277
1991-02-01,113,1991-02-01,0.0,31.8571428571429,67.1428571428571,7.42857142857143,568096.428571429,-3273325.0,3577,0.0,34.264524948730376,64.85914601393507
1991-02-09,114,1991-02-09,0.0476190476190476,38.0952380952381,60.8095238095238,7.85714285714286,568096.428571429,-3273325.0,3577,0.0,34.55246301685415,64.51676599972849
1991-02-17,115,1991-02-17,0.0,33.5238095238095,65.3809523809524,7.0,568096.428571429,-3273325.0,3577,0.05027274067521005,36.36336934478804,62.574098759847914
1991-02-25,116,1991-02-25,0.142857142857143,38.9523809523809,60.0,6.80952380952381,568096.428571429,-3273325.0,3577,0.19893728562456242,38.2686704420393,60.50321917503676
1991-03-05,117,1991-03-05,0.0,38.5238095238095,60.5714285714286,7.04761904761905,568096.428571429,-3273325.0,3577,0.3644219557531705,39.40641608133275,59.16830434786207
1991-03-21,118,1991-03-21,0.238095238095238,38.2380952380952,60.4285714285714,7.28571428571429,568096.428571429,-3273325.0,3577,0.44221000877340977,40.57128629883438,57.98378814167421
1991-03-29,119,1991-03-29,1.57142857142857,51.8095238095238,45.4285714285714,7.57142857142857,568096.428571429,-3273325.0,3577,0.39142488058890823,40.85197671265169,57.80468035575531
1991-04-06,120,1991-04-06,0.0476190476190476,35.2380952380952,63.9047619047619,7.57142857142857,568096.428571429,-3273325.0,3577,0.4434585022819648,41.33896444112544,57.282611093748045
1991-04-22,121,1991-04-22,0.0952380952380952,37.3809523809524,61.6190476190476,7.23809523809524,568096.428571429,-3273325.0,3577,0.23510957566681603,42.09216892497999,56.80948154012319
1991-05-08,122,1991-05-08,0.0,41.6666666666667,57.5714285714286,7.76190476190476,568096.428571429,-3273325.0,3577,0.13656931303988107,41.298027050342874,57.68146198485893
1991-05-17,123,1991-05-17,0.0,42.2857142857143,56.9047619047619,9.04761904761905,568096.428571429,-3273325.0,3577,0.2150872862946848,40.31448118444422,58.54911651814801
1991-06-09,124,1991-06-09,0.523809523809524,41.8571428571429,56.4285714285714,7.28571428571429,568096.428571429,-3273325.0,3577,0.3654312663600044,38.18431104498646,60.44768647244525
1991-06-25,125,1991-06-25,0.761904761904762,36.6190476190476,61.6190476190476,8.04761904761905,568096.428571429,-3273325.0,3577,0.598618100165998,35.62734685334773,62.66730483138216
1991-07-20,126,1991-07-20,0.142857142857143,31.4285714285714,67.2857142857143,7.0,568096.428571429,-3273325.0,3577,0.8632904762934427,34.323781481671105,63.633901702003655
1991-08-12,127,1991-08-12,1.95238095238095,29.6666666666667,66.8571428571429,7.90476190476191,568096.428571429,-3273325.0,3577,0.7785898312212932,31.48937852652554,66.56320975205429
1991-08-21,128,1991-08-21,0.523809523809524,29.6666666666667,68.9047619047619,7.04761904761905,568096.428571429,-3273325.0,3577,0.6381781273421182,30.66722854028899,67.55981273627324
1991-09-13,129,1991-09-13,0.0,30.6666666666667,68.3333333333333,7.04761904761905,568096.428571429,-3273325.0,3577,0.40440055300730354,30.344717202297822,68.19541346165715
1991-09-22,130,1991-09-22,0.0,32.8571428571429,66.1904761904762,6.85714285714286,568096.428571429,-3273325.0,3577,0.16221446252403576,31.165818701417773,67.6964006066072
1991-09-29,131,1991-09-29,0.0,35.1428571428571,63.9047619047619,7.28571428571429,568096.428571429,-3273325.0,3577,0.007545601972845484,32.52251772994322,66.55279498622157
1991-10-08,132,1991-10-08,0.0,32.0952380952381,67.0,6.85714285714286,568096.428571429,-3273325.0,3577,0.0,32.980044723073846,66.28553077468496
1991-10-15,133,1991-10-15,0.0,29.3333333333333,69.8095238095238,6.85714285714286,568096.428571429,-3273325.0,3577,0.0,32.582849554980896,66.68187540013169
1991-10-24,134,1991-10-24,0.0476190476190476,31.2857142857143,67.8095238095238,6.76190476190476,568096.428571429,-3273325.0,3577,0.06963933898917352,31.97273211823817,67.0269988009826
1991-10-31,135,1991-10-31,0.0,35.8095238095238,63.3809523809524,6.80952380952381,568096.428571429,-3273325.0,3577,0.0347639976122896,31.28401320041718,67.81517450556684
1991-11-09,136,1991-11-09,0.0,30.0,69.0952380952381,6.76190476190476,568096.428571429,-3273325.0,3577,0.009943616754760777,30.977655986939283,68.14494483843312
1991-11-16,137,1991-11-16,0.0,29.2857142857143,69.7142857142857,6.80952380952381,568096.428571429,-3273325.0,3577,0.0009227099010379364,31.171576617392393,67.97853230359955
1991-12-02,138,1991-12-02,0.0,31.1428571428571,67.9047619047619,6.80952380952381,568096.428571429,-3273325.0,3577,0.0,31.695014995319866,67.46542312175978
1991-12-11,139,1991-12-11,0.0,31.7619047619048,67.7619047619048,6.0,568096.428571429,-3273325.0,3577,0.0,30.925649170226603,68.2334291095799
1991-12-18,140,1991-12-18,0.0,31.3809523809524,67.7619047619048,6.76190476190476,568096.428571429,-3273325.0,3577,0.0009227099010379364,30.340056228596605,68.8391639320329
1992-01-03,141,1992-01-03,0.0,31.8571428571429,67.1428571428571,6.80952380952381,568096.428571429,-3273325.0,3577,0.16253096748450357,31.115650087781685,67.88971709404132
1992-01-12,142,1992-01-12,0.0,30.8095238095238,68.4285714285714,6.42857142857143,568096.428571429,-3273325.0,3577,0.0,32.28139352906673,67.0534738738973
1992-01-19,143,1992-01-19,0.0476190476190476,30.6666666666667,68.3809523809524,6.57142857142857,568096.428571429,-3273325.0,3577,0.0,31.525618859979474,67.8686153887291
1992-01-28,144,1992-01-28,0.0,31.3333333333333,67.8571428571429,6.66666666666667,568096.428571429,-3273325.0,3577,0.0,31.93183493492613,67.28847829156422
1992-02-04,145,1992-02-04,0.0,37.0,62.1904761904762,6.85714285714286,568096.428571429,-3273325.0,3577,0.11422117614066389,33.663019127410365,65.32848678668137
1992-02-13,146,1992-02-13,0.0,33.9523809523809,65.0476190476191,6.76190476190476,568096.428571429,-3273325.0,3577,0.5898941100178619,34.37083246989854,64.09278234664275
1992-02-20,147,1992-02-20,0.0,31.6666666666667,67.4285714285714,6.85714285714286,568096.428571429,-3273325.0,3577,0.9758157219456085,35.22908876468722,62.716046595294216
1992-03-16,148,1992-03-16,3.28571428571429,35.8571428571429,59.4761904761905,6.66666666666667,568096.428571429,-3273325.0,3577,1.1872544380282557,36.141111726245654,61.46152196615675
1992-04-01,149,1992-04-01,1.23809523809524,41.9047619047619,55.6190476190476,6.0,568096.428571429,-3273325.0,3577,1.3066695945950983,35.73662044868942,61.68179292326978
1992-04-17,150,1992-04-17,1.28571428571429,33.7619047619048,63.5714285714286,6.66666666666667,568096.428571429,-3273325.0,3577,1.516904148482872,35.815727100551484,61.38617522827133
1992-04-24,151,1992-04-24,1.80952380952381,32.2380952380952,64.6666666666667,7.23809523809524,568096.428571429,-3273325.0,3577,1.9050681001142578,36.29855077842152,60.54708449444387
1992-05-03,152,1992-05-03,0.80952380952381,40.2857142857143,57.8095238095238,6.85714285714286,568096.428571429,-3273325.0,3577,2.1462314775005087,37.284918383984014,59.39657349873182
1992-05-19,153,1992-05-19,2.61904761904762,35.4285714285714,60.8095238095238,7.0,568096.428571429,-3273325.0,3577,2.461638464734073,37.15477917334945,59.211388198995465
1992-05-26,154,1992-05-26,3.66666666666667,36.4285714285714,58.8571428571429,7.66666666666667,568096.428571429,-3273325.0,3577,2.7504495395969206,37.33532270781183,58.78438171463202
1992-06-11,155,1992-06-11,3.71428571428571,41.8571428571429,53.2380952380952,7.04761904761905,568096.428571429,-3273325.0,3577,3.0765590935050247,36.89507516001995,58.79800152049559
1992-06-27,156,1992-06-27,2.66666666666667,35.6190476190476,60.2857142857143,7.80952380952381,568096.428571429,-3273325.0,3577,2.907746373445793,37.34999930273936,58.439333845223764
1992-07-06,157,1992-07-06,1.61904761904762,35.4285714285714,61.6666666666667,7.47619047619048,568096.428571429,-3273325.0,3577,2.4435107014539583,36.702331832520265,59.525402520994085
1992-07-13,158,1992-07-13,2.23809523809524,35.0476190476191,61.2380952380952,7.80952380952381,568096.428571429,-3273325.0,3577,1.7348309720801847,35.819289287102094,61.143333772296444
1992-07-22,159,1992-07-22,0.80952380952381,36.0,62.0952380952381,6.85714285714286,568096.428571429,-3273325.0,3577,1.012500887846998,36.209890809852816,61.52840798872142
1992-07-29,160,1992-07-29,1.0,34.0,63.5714285714286,7.66666666666667,568096.428571429,-3273325.0,3577,0.7558105356702897,35.62949087194929,62.41972366885888
1992-08-07,161,1992-08-07,1.05263157894737,40.8421052631579,57.2631578947368,8.42105263157895,568102.894736842,-3273321.31578947,3577,0.9992262910625445,34.85090700944832,62.968719239037355
1992-08-23,162,1992-08-23,0.142857142857143,31.3809523809524,67.3809523809524,6.85714285714286,568096.428571429,-3273325.0,3577,1.2338608651137353,33.75822900687967,63.81932200653749
1992-09-08,163,1992-09-08,1.76190476190476,31.5238095238095,65.2857142857143,6.90476190476191,568096.428571429,-3273325.0,3577,1.336986515738149,32.642294319656244,64.81121084118324
1992-09-15,164,1992-09-15,2.19047619047619,33.7619047619048,62.7142857142857,6.61904761904762,568096.428571429,-3273325.0,3577,1.4349461303997209,31.81388189779439,65.49593060786478
1992-10-25,165,1992-10-25,1.66666666666667,28.5714285714286,68.4761904761905,6.80952380952381,568096.428571429,-3273325.0,3577,1.5461294449397085,31.751149887531042,65.39556022706424
1992-11-02,166,1992-11-02,1.42857142857143,30.952380952381,66.3333333333333,7.04761904761905,568096.428571429,-3273325.0,3577,1.3863286786537135,32.078107108247366,65.23372830525187
1992-12-12,167,1992-12-12,0.0,35.8571428571429,63.0952380952381,6.66666666666667,568096.428571429,-3273325.0,3577,1.0783323460525713,33.64593317713235,64.03172960871206
1992-12-20,168,1992-12-20,1.0952380952381,37.9047619047619,59.7142857142857,7.0,568096.428571429,-3273325.0,3577,0.7049192185251116,35.78225039312985,62.40382522261986
1993-01-05,169,1993-01-05,0.857142857142857,32.3809523809524,65.5238095238095,6.90476190476191,568096.428571429,-3273325.0,3577,0.3711025816288432,35.062428799265675,63.473731634712856
1993-01-30,170,1993-01-30,0.19047619047619,36.6190476190476,62.2857142857143,6.80952380952381,568096.428571429,-3273325.0,3577,0.35215249147132466,34.59271481871584,63.96388647471282
1993-02-06,171,1993-02-06,0.142857142857143,34.3333333333333,64.5238095238095,6.90476190476191,568096.428571429,-3273325.0,3577,0.3928177086071235,34.70214924393973,63.82674188555589
1993-02-15,172,1993-02-15,0.0952380952380952,35.0476190476191,63.8571428571429,6.38095238095238,568096.428571429,-3273325.0,3577,0.38397515796890846,33.66499857211429,64.88151167716762
1993-02-22,173,1993-02-22,0.857142857142857,28.7619047619048,69.0,6.85714285714286,568096.428571429,-3273325.0,3577,0.36204249826535406,33.535420204145865,65.01650980597378
1993-03-03,174,1993-03-03,0.333333333333333,33.0476190476191,65.5238095238095,6.71428571428571,568096.428571429,-3273325.0,3577,0.26647655749818866,34.565712924840916,64.07315594621139
1993-03-10,175,1993-03-10,0.0,39.4285714285714,59.6666666666667,5.52380952380952,568096.428571429,-3273325.0,3577,9.897223519436671e-05,33.666468722191276,65.230429013701
1993-03-19,176,1993-03-19,0.19047619047619,34.3809523809524,64.2380952380952,6.61904761904762,568096.428571429,-3273325.0,3577,0.12344002746477625,32.993609074099524,65.72385509226632
1993-04-04,177,1993-04-04,0.0476190476190476,30.2857142857143,68.5238095238095,6.57142857142857,568096.428571429,-3273325.0,3577,0.3182369745836762,32.42093200916247,66.11179326348616
1993-04-11,178,1993-04-11,0.19047619047619,33.8571428571429,64.7619047619048,6.85714285714286,568096.428571429,-3273325.0,3577,0.3368169498199968,32.05011191078824,66.47675131884665
1993-04-20,179,1993-04-20,0.380952380952381,31.0,67.5238095238095,6.57142857142857,568096.428571429,-3273325.0,3577,0.7266531198418674,34.166153763671886,63.99119868778356
1993-04-27,180,1993-04-27,1.0952380952381,31.4285714285714,66.2857142857143,6.85714285714286,568096.428571429,-3273325.0,3577,0.9454229980544372,36.68211870688103,61.21778531065542
1993-05-22,181,1993-05-22,3.28571428571429,44.9047619047619,50.4761904761905,8.71428571428571,568096.428571429,-3273325.0,3577,1.258322688663059,40.142154027596945,57.43447058616479
1993-06-07,182,1993-06-07,0.0952380952380952,39.5714285714286,59.5238095238095,5.80952380952381,568096.428571429,-3273325.0,3577,1.5659613863945898,42.71383002961309,54.57395648726104
1993-07-09,183,1993-07-09,1.76190476190476,48.3333333333333,48.6666666666667,8.33333333333333,568096.428571429,-3273325.0,3577,2.4348592583883066,41.507332708564874,54.85074986931754
1993-07-25,184,1993-07-25,3.9047619047619,42.1428571428571,52.5714285714286,8.80952380952381,568096.428571429,-3273325.0,3577,3.5010417858709837,37.50609864850789,57.708193767008694
1993-08-01,185,1993-08-01,2.80952380952381,28.2380952380952,67.5238095238095,12.6666666666667,568096.428571429,-3273325.0,3577,4.311333661178217,32.93275042810154,61.4164875372214
1993-08-10,186,1993-08-10,6.19047619047619,25.952380952381,66.5714285714286,7.14285714285714,568096.428571429,-3273325.0,3577,4.711545420523044,28.437057266774385,65.49766229641412
1993-08-26,187,1993-08-26,5.23809523809524,23.5714285714286,69.9047619047619,7.0,568096.428571429,-3273325.0,3577,4.675637056441311,26.85305097379001,67.11181182078012
1993-09-02,188,1993-09-02,5.47619047619048,25.2857142857143,67.7142857142857,7.76190476190476,568096.428571429,-3273325.0,3577,4.127338090185773,27.22514843257472,67.29723114861429
1993-09-27,189,1993-09-27,1.61904761904762,33.0952380952381,64.0952380952381,6.09523809523809,568096.428571429,-3273325.0,3577,2.8244036665085104,29.437737700891223,66.48549695917123
1993-10-04,190,1993-10-04,0.619047619047619,37.9047619047619,60.3809523809524,6.52380952380952,568096.428571429,-3273325.0,3577,1.9383402974731374,34.00581668073421,62.82400880851955
1993-10-20,191,1993-10-20,1.04761904761905,37.3809523809524,60.2857142857143,6.61904761904762,568096.428571429,-3273325.0,3577,1.0879760074804905,37.922882071483215,59.77200611565043
1993-10-29,192,1993-10-29,0.904761904761905,35.3809523809524,62.4285714285714,6.76190476190476,568096.428571429,-3273325.0,3577,0.40831717302299547,37.92403880948205,60.454933095790935
1993-11-05,193,1993-11-05,1.0952380952381,32.3333333333333,65.3333333333333,7.0,568096.428571429,-3273325.0,3577,0.6989718228107277,35.679685639432634,62.38376587292063
1993-11-14,194,1993-11-14,1.52380952380952,41.0,56.2857142857143,7.04761904761905,568096.428571429,-3273325.0,3577,1.0577750422950079,32.90404435605181,64.74218351307165
1993-11-21,195,1993-11-21,0.857142857142857,29.1428571428571,68.6190476190476,6.85714285714286,568096.428571429,-3273325.0,3577,1.4646303129273077,29.839209294313186,67.31528945769423
1993-11-30,196,1993-11-30,0.428571428571429,26.6666666666667,71.5238095238095,6.80952380952381,568096.428571429,-3273325.0,3577,1.302312754324943,28.026526620949667,69.27866045202468
1993-12-16,197,1993-12-16,2.19047619047619,21.2380952380952,75.1428571428571,6.85714285714286,568096.428571429,-3273325.0,3577,1.2165605292538446,28.164252671988393,69.23676426771365
1994-01-08,198,1994-01-08,1.38095238095238,33.0,64.2380952380952,6.80952380952381,568096.428571429,-3273325.0,3577,0.817798300770314,30.405467597413512,67.49879429135385
1994-01-16,199,1994-01-16,0.0952380952380952,35.9523809523809,62.8095238095238,6.09523809523809,568096.428571429,-3273325.0,3577,0.35265456937278267,33.08196138226603,65.42981167438391
1994-01-24,200,1994-01-24,0.0476190476190476,32.7619047619048,66.1428571428571,6.80952380952381,568096.428571429,-3273325.0,3577,0.24121492542541606,35.94548588665697,62.7967697936644
1994-02-01,201,1994-02-01,0.0,41.1428571428571,58.0,6.85714285714286,568096.428571429,-3273325.0,3577,0.3011374590321506,38.366616871255076,60.389721733365946
1994-02-09,202,1994-02-09,0.0952380952380952,41.9047619047619,57.1904761904762,6.71428571428571,568096.428571429,-3273325.0,3577,0.4272043745727318,38.39033515503528,60.19447631830635
1994-02-17,203,1994-02-17,0.0476190476190476,35.9523809523809,63.0952380952381,6.85714285714286,568096.428571429,-3273325.0,3577,0.727405721213662,37.162252608067476,61.05677191744394
1994-03-13,204,1994-03-13,2.57142857142857,29.9047619047619,66.0476190476191,6.90476190476191,568096.428571429,-3273325.0,3577,1.0545728781021313,34.155712192858786,63.65482917494353
1994-03-21,205,1994-03-21,1.80952380952381,33.2857142857143,63.5714285714286,7.0,568096.428571429,-3273325.0,3577,1.24330159005063,32.63546463855573,64.89158416402032
1994-04-06,206,1994-04-06,0.428571428571429,32.5714285714286,65.7619047619048,6.80952380952381,568096.428571429,-3273325.0,3577,1.1266102318732214,32.42970857831054,65.16961469901673
1994-04-14,207,1994-04-14,0.80952380952381,34.7142857142857,63.2380952380952,6.90476190476191,568096.428571429,-3273325.0,3577,1.186439979009461,31.637224488612947,65.87433206627267
1994-04-22,208,1994-04-22,0.571428571428571,29.4285714285714,68.9523809523809,6.80952380952381,568096.428571429,-3273325.0,3577,0.9553047571622002,32.79428620914198,64.97284655488016
1994-04-30,209,1994-04-30,0.714285714285714,33.6190476190476,64.3333333333333,7.0,568096.428571429,-3273325.0,3577,0.7548375257352463,34.48859293440819,63.53987704760746
1994-05-08,210,1994-05-08,1.85714285714286,38.6190476190476,58.1428571428571,7.04761904761905,568096.428571429,-3273325.0,3577,0.6587128042235426,35.5112647929932,62.587351760716984
1994-05-16,211,1994-05-16,0.714285714285714,35.5238095238095,62.5238095238095,7.66666666666667,568096.428571429,-3273325.0,3577,0.9285905013457822,34.55019284120932,63.23952208780982
1994-05-24,212,1994-05-24,1.47619047619048,30.0,67.1904761904762,6.71428571428571,568096.428571429,-3273325.0,3577,1.4134307385079288,34.61179480993204,62.659390145448874
1994-06-01,213,1994-06-01,0.428571428571429,39.0,59.3333333333333,7.28571428571429,568096.428571429,-3273325.0,3577,1.904894898702665,34.411245101642436,62.3224556660996
1994-06-17,214,1994-06-17,2.80952380952381,33.7142857142857,62.0952380952381,8.19047619047619,568096.428571429,-3273325.0,3577,2.3322106170399906,34.02206152979639,62.28572356435202
1994-06-25,215,1994-06-25,2.85714285714286,29.3809523809524,66.2380952380952,6.52380952380952,568096.428571429,-3273325.0,3577,2.6949861284222587,32.874204227140496,63.04049923244027
1994-07-03,216,1994-07-03,3.76190476190476,30.8095238095238,64.1904761904762,7.90476190476191,568096.428571429,-3273325.0,3577,2.972569226438752,32.27069627997938,63.307087133703064
1994-07-11,217,1994-07-11,3.57142857142857,38.1904761904762,56.5714285714286,8.0,568096.428571429,-3273325.0,3577,3.0321979362222518,32.015747925959865,63.49528696276975
1994-08-04,218,1994-08-04,1.28571428571429,29.5238095238095,67.9047619047619,7.71428571428571,568096.428571429,-3273325.0,3577,2.571116190310854,31.567644945349215,64.4719377629498
1994-08-12,219,1994-08-12,1.66666666666667,29.5714285714286,67.4761904761905,6.04761904761905,568096.428571429,-3273325.0,3577,1.9434095316445372,29.769401908716354,66.96574632796543
1994-08-20,220,1994-08-20,2.0,30.0,66.5714285714286,7.38095238095238,568096.428571429,-3273325.0,3577,1.1091395704397156,30.722813821880443,66.96456072306465
1994-08-28,221,1994-08-28,0.523809523809524,30.5714285714286,68.0,6.57142857142857,568096.428571429,-3273325.0,3577,0.640623566320066,32.050826366611055,66.23804472100696
1994-09-05,222,1994-09-05,0.0,32.8095238095238,66.2380952380952,7.33333333333333,568096.428571429,-3273325.0,3577,0.2431314815215387,31.23986127391234,67.48531241719085
1994-09-13,223,1994-09-13,0.0,32.6190476190476,66.4285714285714,6.80952380952381,568096.428571429,-3273325.0,3577,0.11349950359236548,32.59698918212364,66.3666364595058
1994-09-21,224,1994-09-21,0.0,33.5714285714286,65.4761904761905,6.95238095238095,568096.428571429,-3273325.0,3577,0.01570668753330992,35.1881853956105,63.89085115090353
1994-09-29,225,1994-09-29,0.0,42.4761904761905,56.7619047619048,5.57142857142857,568096.428571429,-3273325.0,3577,0.0,36.172891092390344,63.182880071415525
1994-10-15,226,1994-10-15,0.0,31.2857142857143,67.8095238095238,6.42857142857143,568096.428571429,-3273325.0,3577,0.0,37.408934718526666,61.9052536730463
1994-10-22,227,1994-10-22,0.0,32.0476190476191,67.0476190476191,6.66666666666667,568096.428571429,-3273325.0,3577,0.06626294242392304,37.365999325746074,61.78521994000948
1994-10-31,228,1994-10-31,0.0,47.5238095238095,52.0952380952381,6.57142857142857,568096.428571429,-3273325.0,3577,0.016784041551840895,37.0683784739457,62.15476577085556
1994-11-07,229,1994-11-07,0.0,32.7142857142857,66.3333333333333,6.66666666666667,568096.428571429,-3273325.0,3577,0.007976543580257556,35.12360704310644,64.079161292774
1994-11-16,230,1994-11-16,0.0,31.6190476190476,67.6190476190476,6.42857142857143,568096.428571429,-3273325.0,3577,0.0,31.06771659712372,68.06248034729988
1994-12-02,231,1994-12-02,0.0,30.952380952381,67.9523809523809,6.66666666666667,568096.428571429,-3273325.0,3577,0.020366630273747938,29.710939215578737,69.32381550337169
1994-12-09,232,1994-12-09,0.0476190476190476,27.3809523809524,71.5238095238095,6.95238095238095,568096.428571429,-3273325.0,3577,0.031999991752308825,31.16438669688979,67.85158494755002
1994-12-18,233,1994-12-18,0.0,30.6190476190476,68.4761904761905,6.52380952380952,568096.428571429,-3273325.0,3577,0.02456985738719101,32.14658509704471,66.85835939085712
1994-12-25,234,1994-12-25,0.19047619047619,29.1904761904762,69.6190476190476,6.80952380952381,568096.428571429,-3273325.0,3577,0.1491686847723775,34.53500060310692,64.3297579613273
1995-01-03,235,1995-01-03,0.0952380952380952,42.2857142857143,56.6666666666667,7.14285714285714,568096.428571429,-3273325.0,3577,0.21348517323746308,37.8492869359686,61.01321485531102
1995-01-10,236,1995-01-10,0.476190476190476,49.6666666666667,49.1904761904762,6.42857142857143,568096.428571429,-3273325.0,3577,0.270834428729125,37.757428330178115,61.01452623742736
1995-01-19,237,1995-01-19,0.0952380952380952,32.8571428571429,65.8571428571429,6.14285714285714,568096.428571429,-3273325.0,3577,0.3689911739446793,37.05767400813288,61.57189972049736
1995-03-08,238,1995-03-08,0.666666666666667,29.3333333333333,68.8095238095238,6.04761904761905,568096.428571429,-3273325.0,3577,0.45867342152165036,35.69078599418624,62.74218866787591
1995-03-15,239,1995-03-15,0.666666666666667,30.0,68.1904761904762,6.47619047619048,568096.428571429,-3273325.0,3577,0.7140877698152173,31.169954916080293,66.92472852224176
1995-03-24,240,1995-03-24,0.0476190476190476,30.6190476190476,68.2857142857143,6.04761904761905,568096.428571429,-3273325.0,3577,0.44189968957764203,28.616764040908365,69.76537703781244
1995-03-31,241,1995-03-31,0.80952380952381,30.5714285714286,67.2857142857143,6.71428571428571,568096.428571429,-3273325.0,3577,0.05206661243812147,25.93685571394161,72.89998443248128
1995-04-09,242,1995-04-09,0.571428571428571,30.2380952380952,68.0,5.90476190476191,568096.428571429,-3273325.0,3577,0.3157740092724139,32.4668427547636,66.05629355163971
1995-04-16,243,1995-04-16,0.19047619047619,29.9047619047619,68.9523809523809,6.71428571428571,568096.428571429,-3273325.0,3577,0.6505919261336248,35.68316410111542,62.56250045103597
1995-04-25,244,1995-04-25,0.142857142857143,31.2857142857143,67.6190476190476,6.14285714285714,568096.428571429,-3273325.0,3577,0.8723783955980796,35.861793521230894,62.18382236957159
1995-05-18,245,1995-05-18,0.0,47.0,52.0,6.0,568035.0,-3273375.0,3577,0.9937719659080397,35.06289273161814,62.899222552463925
1995-06-19,246,1995-06-19,4.0,36.2857142857143,58.2857142857143,8.0,568096.428571429,-3273325.0,3577,1.5180598555209288,33.442255371042954,63.98962131778514
1995-06-28,247,1995-06-28,3.23809523809524,39.3809523809524,56.0952380952381,6.80952380952381,568096.428571429,-3273325.0,3577,2.0642432902491747,32.063365942618134,64.81784675591757
1995-07-14,248,1995-07-14,0.0,1.52380952380952,98.0476190476191,3.04761904761905,568096.428571429,-3273325.0,3577,2.9276698533660124,28.663229443410934,67.2351714333038
1995-07-21,249,1995-07-21,2.76190476190476,36.3809523809524,59.4285714285714,7.95238095238095,568096.428571429,-3273325.0,3577,3.4913517854689124,25.12166883683536,70.1073694107645
1995-07-30,250,1995-07-30,4.28571428571429,25.6190476190476,68.6190476190476,6.71428571428571,568096.428571429,-3273325.0,3577,3.602069756867981,22.33515091719092,72.70672877173338
1995-08-06,251,1995-08-06,5.28571428571429,26.5714285714286,66.7142857142857,7.38095238095238,568096.428571429,-3273325.0,3577,3.291321681414069,22.548203086899406,72.80600617132038
1995-08-15,252,1995-08-15,2.33333333333333,24.047619047619,72.2857142857143,6.66666666666667,568096.428571429,-3273325.0,3577,2.6947778743440347,26.211795428509774,69.79370577821548
1995-08-31,253,1995-08-31,2.33333333333333,19.9047619047619,76.2857142857143,16.8571428571429,568096.428571429,-3273325.0,3577,2.258815487917317,27.34330581698595,69.13038354832987
1995-09-16,254,1995-09-16,0.0,33.0476190476191,66.0476190476191,6.14285714285714,568096.428571429,-3273325.0,3577,1.3065201052815199,29.825125339052782,67.72484069077484
1995-10-02,255,1995-10-02,0.0952380952380952,32.7619047619048,66.3333333333333,6.52380952380952,568096.428571429,-3273325.0,3577,0.13837143248905828,29.467290191744002,69.48298038389879
1995-10-18,256,1995-10-18,0.0,35.5238095238095,63.7142857142857,6.28571428571429,568096.428571429,-3273325.0,3577,0.0,34.512743190756616,64.78728289253637
1995-10-25,257,1995-10-25,0.0,32.1904761904762,66.7142857142857,6.80952380952381,568096.428571429,-3273325.0,3577,0.0,36.35563404603109,62.97079288100018
1995-11-10,258,1995-11-10,0.142857142857143,34.9047619047619,63.9047619047619,7.0,568096.428571429,-3273325.0,3577,0.0,37.7655883847778,61.63155523526119
1995-11-19,259,1995-11-19,0.0,43.6190476190476,55.5714285714286,5.28571428571429,568096.428571429,-3273325.0,3577,0.0,36.53814709541717,62.68041659062393
1995-12-05,260,1995-12-05,0.0,31.6666666666667,67.3809523809524,6.57142857142857,568096.428571429,-3273325.0,3577,0.300531254091581,32.91293433088607,65.69054062551533
1995-12-12,261,1995-12-12,0.142857142857143,31.0952380952381,67.5238095238095,7.42857142857143,568096.428571429,-3273325.0,3577,0.5384337025203102,30.80043589021457,67.51938773299995
1995-12-28,262,1995-12-28,0.142857142857143,28.8095238095238,70.0,6.80952380952381,568096.428571429,-3273325.0,3577,0.8676143258185312,28.29149075897879,69.65746121782233
1996-01-06,263,1996-01-06,1.47619047619048,24.0,73.1904761904762,5.85714285714286,568096.428571429,-3273325.0,3577,1.0378836849423534,26.591125077189197,71.14999860819232
1996-01-13,264,1996-01-13,2.95238095238095,22.1428571428571,73.4761904761905,6.57142857142857,568096.428571429,-3273325.0,3577,1.040027052410798,25.87894870866618,71.86681739312246
1996-02-14,265,1996-02-14,0.0,28.5238095238095,70.3809523809524,6.76190476190476,568096.428571429,-3273325.0,3577,0.9522912587926646,27.038740413349352,70.839942307424
1996-02-23,266,1996-02-23,0.0,34.1428571428571,65.0,6.09523809523809,568096.428571429,-3273325.0,3577,0.6505661521140427,29.072216740943027,69.21838223694776
1996-03-01,267,1996-03-01,0.238095238095238,29.6190476190476,69.0476190476191,6.85714285714286,568096.428571429,-3273325.0,3577,0.3146976862146671,30.534252125578824,68.14459328080602
1996-03-17,268,1996-03-17,0.0476190476190476,31.2857142857143,67.7142857142857,7.0,568096.428571429,-3273325.0,3577,0.07898860685237213,31.521166398096664,67.38683220802957
1996-03-26,269,1996-03-26,0.285714285714286,32.3809523809524,66.4285714285714,6.33333333333333,568096.428571429,-3273325.0,3577,0.0,34.03735892589873,65.1000165984589
1996-04-02,270,1996-04-02,0.285714285714286,31.4761904761905,67.0476190476191,7.38095238095238,568096.428571429,-3273325.0,3577,0.030690362269305244,33.879312792465626,65.12159909233239
1996-04-27,271,1996-04-27,0.0,33.9523809523809,65.0952380952381,6.57142857142857,568096.428571429,-3273325.0,3577,0.3483714427986352,34.3509893099625,64.2594162803045
1996-05-04,272,1996-05-04,0.523809523809524,36.6190476190476,61.7142857142857,6.90476190476191,568096.428571429,-3273325.0,3577,0.39359041371419384,31.097387390726386,67.36603102778567
1996-05-13,273,1996-05-13,0.238095238095238,31.0952380952381,67.7142857142857,6.47619047619048,568096.428571429,-3273325.0,3577,0.3620095075202894,29.552150635737544,68.94707253529754
1996-05-20,274,1996-05-20,0.19047619047619,34.3809523809524,64.3809523809524,7.33333333333333,568096.428571429,-3273325.0,3577,0.4489880604431017,29.75288411278679,68.64191149406844
1996-05-29,275,1996-05-29,0.9,19.05,78.45,17.85,568099.5,-3273322.5,3577,0.5179976885858463,32.142385117457735,66.20602240895369
1996-06-05,276,1996-06-05,1.0,34.0952380952381,63.8095238095238,7.33333333333333,568096.428571429,-3273325.0,3577,0.6061188553447707,35.852141924118015,62.446179465519975
1996-07-07,277,1996-07-07,0.0476190476190476,31.7619047619048,67.2857142857143,7.38095238095238,568096.428571429,-3273325.0,3577,0.5873187699812209,38.52562092190002,59.8493797224358
1996-07-16,278,1996-07-16,0.0,61.6666666666667,37.7142857142857,8.95238095238095,568096.428571429,-3273325.0,3577,0.5038063072118046,40.640417116417254,57.877123650334816
1996-07-23,279,1996-07-23,1.38095238095238,41.7142857142857,55.6190476190476,9.0,568096.428571429,-3273325.0,3577,0.43926713121752975,41.16644423687153,57.431493944643265
1996-08-01,280,1996-08-01,0.0476190476190476,33.9047619047619,65.0952380952381,7.19047619047619,568096.428571429,-3273325.0,3577,0.29281729622282493,38.725665614049916,60.01905560898473
1996-08-09,281,1996-08-09,0.0952380952380952,30.2857142857143,68.6666666666667,7.52380952380952,568096.428571429,-3273325.0,3577,0.17777372266533675,35.46939128981941,63.320121570886116
1996-08-17,282,1996-08-17,0.0,26.4285714285714,72.4761904761905,6.14285714285714,568096.428571429,-3273325.0,3577,0.1594777771248119,30.139566573772576,68.56925247094503
1996-08-25,283,1996-08-25,0.19047619047619,31.2380952380952,67.2857142857143,7.28571428571429,568096.428571429,-3273325.0,3577,0.10351567936705697,27.37966471092995,71.40501088178041
1996-09-02,284,1996-09-02,0.0,28.2380952380952,70.7619047619048,6.80952380952381,568096.428571429,-3273325.0,3577,0.0,25.93089160581033,73.03966518516513
1996-09-10,285,1996-09-10,0.0,28.6666666666667,70.2857142857143,6.95238095238095,568096.428571429,-3273325.0,3577,0.0,28.851721034379274,70.20025382253438
1996-09-18,286,1996-09-18,0.0,29.952380952381,69.1428571428571,6.04761904761905,568096.428571429,-3273325.0,3577,0.07061153500780913,28.677448454533966,70.25757318016329
1996-09-26,287,1996-09-26,0.0,25.6666666666667,73.4761904761905,6.04761904761905,568096.428571429,-3273325.0,3577,0.0,28.42797244035211,70.64606807020611
1996-10-20,288,1996-10-20,0.0,27.9047619047619,71.1428571428571,6.52380952380952,568096.428571429,-3273325.0,3577,0.0,28.67135960014791,70.46866652438352
1996-11-05,289,1996-11-05,0.0,31.0952380952381,68.0,6.66666666666667,568096.428571429,-3273325.0,3577,0.0,29.33512926701344,69.84153514183427
1996-11-13,290,1996-11-13,0.0,30.047619047619,69.1428571428571,6.33333333333333,568096.428571429,-3273325.0,3577,0.005897095680376497,30.069330050749706,69.09619276491307
1996-11-21,291,1996-11-21,0.0,29.8571428571429,69.3809523809524,6.52380952380952,568096.428571429,-3273325.0,3577,0.010240533460346169,30.553759965520094,68.61700734764723
1996-11-29,292,1996-11-29,0.0,30.7142857142857,68.4285714285714,6.23809523809524,568096.428571429,-3273325.0,3577,0.13251454427923023,30.569295513563382,68.45302684930145
1996-12-15,293,1996-12-15,0.0,32.2857142857143,67.0,5.33333333333333,568096.428571429,-3273325.0,3577,0.0,29.901191687564925,69.27650265110529
1996-12-31,294,1996-12-31,0.0,28.1428571428571,70.9047619047619,6.52380952380952,568096.428571429,-3273325.0,3577,0.0,29.59335092151988,69.9513943229009
1997-01-09,295,1997-01-09,0.0,27.2857142857143,71.7619047619048,6.09523809523809,568096.428571429,-3273325.0,3577,0.0,29.84688170446238,69.68364040499222
1997-01-16,296,1997-01-16,0.0476190476190476,30.9047619047619,68.1428571428571,6.42857142857143,568096.428571429,-3273325.0,3577,0.16561044734416966,29.586579571095264,69.35137617799123
1997-01-25,297,1997-01-25,0.0,27.0952380952381,72.0476190476191,6.33333333333333,568096.428571429,-3273325.0,3577,0.8459579636048966,27.93991663650688,70.20165592919963
1997-02-01,298,1997-02-01,0.285714285714286,30.9047619047619,67.8095238095238,6.61904761904762,568096.428571429,-3273325.0,3577,1.6088514169007122,27.34025829691056,69.90440106847731
1997-02-17,299,1997-02-17,3.23809523809524,30.0952380952381,65.2857142857143,6.90476190476191,568096.428571429,-3273325.0,3577,2.2957661533509492,28.148432578768933,68.2802491625919
1997-02-26,300,1997-02-26,4.57142857142857,22.4285714285714,71.5714285714286,6.28571428571429,568096.428571429,-3273325.0,3577,2.6119948163287905,27.74221547286149,68.28080485045409
1997-03-05,301,1997-03-05,2.52380952380952,25.6666666666667,70.3333333333333,6.57142857142857,568096.428571429,-3273325.0,3577,2.5888662421166284,28.083739789617947,67.90274122161652
1997-03-21,302,1997-03-21,0.761904761904762,32.0,65.7142857142857,6.76190476190476,568096.428571429,-3273325.0,3577,2.110375692418721,29.731511007048358,66.79780178540791
1997-03-30,303,1997-03-30,1.47619047619048,37.0952380952381,60.3809523809524,7.57142857142857,568096.428571429,-3273325.0,3577,1.412918350998636,31.480108127162243,65.84906631035679
1997-04-06,304,1997-04-06,0.523809523809524,30.5238095238095,67.8571428571429,6.52380952380952,568096.428571429,-3273325.0,3577,0.6467082968629998,33.75027408091918,64.49696557311694
1997-04-15,305,1997-04-15,0.0952380952380952,31.6190476190476,67.2857142857143,6.09523809523809,568096.428571429,-3273325.0,3577,0.12605763689353217,37.09653916774104,61.778354772153605
1997-05-01,306,1997-05-01,0.523809523809524,44.3333333333333,54.2857142857143,6.28571428571429,568096.428571429,-3273325.0,3577,0.17343028488536769,38.46088380143531,60.44286879270498
1997-05-17,307,1997-05-17,0.0952380952380952,35.9047619047619,63.0952380952381,6.90476190476191,568096.428571429,-3273325.0,3577,0.32122057509049584,38.15835042150258,60.63252949320156
1997-05-24,308,1997-05-24,0.571428571428571,36.6190476190476,61.7619047619048,7.09523809523809,568096.428571429,-3273325.0,3577,0.22650723889110524,36.61835687531732,62.29973741427921
1997-06-18,309,1997-06-18,0.0,40.5333333333333,58.7333333333333,4.2,568085.0,-3273311.0,3577,0.1037383668962457,35.26885044779251,63.769829963628496
1997-07-11,310,1997-07-11,0.0476190476190476,31.047619047619,68.0476190476191,6.90476190476191,568096.428571429,-3273325.0,3577,0.1478696741854416,33.745325881543714,65.28873912464269
1997-07-20,311,1997-07-20,0.0,27.047619047619,72.2380952380952,6.14285714285714,568096.428571429,-3273325.0,3577,0.0571389394918721,31.094085481077705,68.02911948731364
1997-07-27,312,1997-07-27,0.0,30.6190476190476,68.4761904761905,7.0,568096.428571429,-3273325.0,3577,0.0,29.250900801980002,69.92232947649858
1997-08-05,313,1997-08-05,0.0952380952380952,27.8095238095238,71.3333333333333,6.0,568096.428571429,-3273325.0,3577,0.010986949067442773,29.34389758847525,69.80243801604986
1997-08-12,314,1997-08-12,0.0,33.8571428571429,65.1428571428571,7.28571428571429,568096.428571429,-3273325.0,3577,0.0,28.95690748879172,70.19892924411997
1997-08-21,315,1997-08-21,0.0,28.2857142857143,70.9047619047619,6.38095238095238,568096.428571429,-3273325.0,3577,0.03594547866993145,29.18030060754085,69.89202129139163
1997-08-28,316,1997-08-28,0.0,27.5714285714286,71.5238095238095,6.85714285714286,568096.428571429,-3273325.0,3577,0.0046238591130225125,30.005693996401597,69.12556071378567
1997-09-06,317,1997-09-06,0.0,29.2857142857143,69.8571428571429,6.0,568096.428571429,-3273325.0,3577,0.005742451562884144,29.699641947315538,69.4524969354587
1997-09-13,318,1997-09-13,0.0,30.7142857142857,68.5238095238095,6.42857142857143,568096.428571429,-3273325.0,3577,0.0016763422336175298,29.577093700928298,69.61647537188294
1997-09-22,319,1997-09-22,0.0,28.2380952380952,70.9047619047619,6.09523809523809,568096.428571429,-3273325.0,3577,0.004541382250359891,27.320807159812375,71.80111941720777
1997-09-29,320,1997-09-29,0.0476190476190476,26.7619047619048,72.2857142857143,6.90476190476191,568096.428571429,-3273325.0,3577,0.015828340905737905,26.19672175089741,72.90132571246032
1997-10-08,321,1997-10-08,0.0,29.5714285714286,69.6190476190476,6.85714285714286,568096.428571429,-3273325.0,3577,0.012649888810877623,27.39743950579455,71.65344047076721
1997-10-15,322,1997-10-15,0.0,25.7619047619048,73.2380952380952,6.61904761904762,568096.428571429,-3273325.0,3577,0.0047836580344313125,28.974765172903254,70.10893853307664
1997-10-24,323,1997-10-24,0.0,25.4285714285714,73.5238095238095,6.42857142857143,568096.428571429,-3273325.0,3577,0.003054736800866375,30.634874928987994,68.47956171794155
1997-11-25,324,1997-11-25,0.0,30.1428571428571,68.9523809523809,6.76190476190476,568096.428571429,-3273325.0,3577,0.0,32.48543097768618,66.67650615637234
1997-12-11,325,1997-12-11,0.0,47.1428571428571,52.3809523809524,5.76190476190476,568096.428571429,-3273325.0,3577,0.0,34.5529145776772,64.66686048728425
1997-12-18,326,1997-12-18,0.0,33.2857142857143,65.8571428571429,6.85714285714286,568096.428571429,-3273325.0,3577,0.0015856176846886592,33.69776662965013,65.53734088408032
1997-12-27,327,1997-12-27,0.0,29.3809523809524,69.9523809523809,6.57142857142857,568096.428571429,-3273325.0,3577,0.0163510380228622,32.31409766703402,66.9102888855111
1998-02-20,328,1998-02-20,0.0476190476190476,27.5714285714286,71.4761904761905,6.71428571428571,568096.428571429,-3273325.0,3577,0.023008982761301297,31.278763548108735,67.92069334173581
1998-03-01,329,1998-03-01,0.0,31.0,68.1428571428571,6.42857142857143,568096.428571429,-3273325.0,3577,0.03524339437651603,29.618164085651937,69.53893578041144
1998-03-08,330,1998-03-08,0.0476190476190476,28.3333333333333,70.8095238095238,6.80952380952381,568096.428571429,-3273325.0,3577,0.022941970310387902,29.017990265663954,70.09968566004667
1998-04-02,331,1998-04-02,0.0476190476190476,26.5714285714286,72.5238095238095,6.52380952380952,568096.428571429,-3273325.0,3577,0.015894322395867987,29.620126004022495,69.50718528116867
1998-04-09,332,1998-04-09,0.0,38.9523809523809,60.2380952380952,4.95238095238095,568096.428571429,-3273325.0,3577,0.018148002668123796,32.432876720797545,66.74332684858004
1998-04-18,333,1998-04-18,0.0,32.5714285714286,66.6190476190476,6.23809523809524,568096.428571429,-3273325.0,3577,0.021414086429563113,32.28899686484341,66.85632839811407
1998-04-25,334,1998-04-25,0.0,30.1428571428571,69.0476190476191,6.90476190476191,568096.428571429,-3273325.0,3577,0.014143750985854128,32.57832054425994,66.55877352780384
1998-05-04,335,1998-05-04,0.0,31.5238095238095,67.4761904761905,7.0,568096.428571429,-3273325.0,3577,0.04315704934899332,31.895011077668848,67.15415338014955
1998-05-27,336,1998-05-27,0.142857142857143,30.7619047619048,68.2857142857143,6.80952380952381,568096.428571429,-3273325.0,3577,0.010825088224467344,32.29936420648013,66.76435844855902
1998-06-05,337,1998-06-05,0.0476190476190476,34.2857142857143,64.6190476190476,6.76190476190476,568096.428571429,-3273325.0,3577,0.056670883296261826,31.985002613480816,67.00192274185083
1998-06-12,338,1998-06-12,0.0476190476190476,30.6666666666667,68.1904761904762,6.95238095238095,568096.428571429,-3273325.0,3577,0.061943216741969266,31.981033414465188,66.95395110564392
1998-06-28,339,1998-06-28,0.142857142857143,34.1904761904762,64.6666666666667,7.52380952380952,568096.428571429,-3273325.0,3577,0.19368969523765417,32.948047824203904,65.76438216065719
1998-07-07,340,1998-07-07,0.285714285714286,30.8095238095238,67.8571428571429,6.52380952380952,568096.428571429,-3273325.0,3577,0.3280393497111276,32.195727904701435,66.31844625961284
1998-07-30,341,1998-07-30,0.285714285714286,35.4761904761905,63.0476190476191,8.04761904761905,568096.428571429,-3273325.0,3577,0.5790875790874928,32.411587380622784,65.78692411818366
1998-08-31,342,1998-08-31,0.80952380952381,27.8095238095238,69.9523809523809,6.95238095238095,568096.428571429,-3273325.0,3577,0.4058036906333511,30.45330520871861,67.8474621353777
1998-09-16,343,1998-09-16,0.476190476190476,30.9047619047619,67.2857142857143,7.33333333333333,568096.428571429,-3273325.0,3577,0.3936321676259167,30.20340650061561,68.12117088277061
1998-09-25,344,1998-09-25,0.857142857142857,30.4285714285714,67.4285714285714,7.57142857142857,568096.428571429,-3273325.0,3577,0.41841234101289776,31.082385107148262,67.24972963052453
1998-10-02,345,1998-10-02,0.0,32.0,67.0,5.0,568035.0,-3273375.0,3577,0.5202826069698362,31.64567527415352,66.67889592346799
1998-10-18,346,1998-10-18,0.238095238095238,31.3809523809524,67.1904761904762,6.80952380952381,568096.428571429,-3273325.0,3577,0.6684017736648324,31.946605510068217,66.33378077030335
1998-11-03,347,1998-11-03,0.0476190476190476,28.0952380952381,70.9047619047619,6.80952380952381,568096.428571429,-3273325.0,3577,0.804863866783252,32.1547049441738,66.05039027019464
1998-11-19,348,1998-11-19,2.66666666666667,43.2380952380952,53.2380952380952,6.0,568096.428571429,-3273325.0,3577,0.9266832238967082,32.31572246122845,65.73867412256521
1998-11-28,349,1998-11-28,0.619047619047619,26.3333333333333,72.0,6.66666666666667,568096.428571429,-3273325.0,3577,0.8816065255692426,31.504677984549417,66.57492868327786
1998-12-05,350,1998-12-05,0.714285714285714,27.3333333333333,70.8095238095238,6.66666666666667,568096.428571429,-3273325.0,3577,0.7626573632764446,30.45105874517182,67.7067669172831
1998-12-30,351,1998-12-30,0.333333333333333,28.8095238095238,69.6190476190476,6.38095238095238,568096.428571429,-3273325.0,3577,0.6168846633241999,28.781803335978587,69.52030013329284
1999-01-15,352,1999-01-15,0.142857142857143,31.6666666666667,67.0952380952381,6.47619047619048,568096.428571429,-3273325.0,3577,0.3494214763564087,27.729685175501466,70.83475141988015
1999-01-22,353,1999-01-22,0.0952380952380952,26.0,72.9047619047619,6.57142857142857,568096.428571429,-3273325.0,3577,0.14769441085228338,27.41828243995019,71.32962806026755
1999-02-07,354,1999-02-07,0.0476190476190476,27.3809523809524,71.7142857142857,6.66666666666667,568096.428571429,-3273325.0,3577,0.057137908531088494,27.513504039815736,71.38609172044637
1999-02-16,355,1999-02-16,0.857142857142857,25.0,72.9047619047619,6.14285714285714,568096.428571429,-3273325.0,3577,0.2976827094473708,27.997431876684665,70.68671679196937
1999-03-11,356,1999-03-11,0.0476190476190476,30.4761904761905,68.5238095238095,6.85714285714286,568096.428571429,-3273325.0,3577,0.22394427038386533,27.486826898587495,71.23724778832073
1999-04-12,357,1999-04-12,0.0952380952380952,30.7142857142857,68.0,6.76190476190476,568096.428571429,-3273325.0,3577,0.23189400898375753,28.274092264800103,70.43608094690634
1999-04-21,358,1999-04-21,0.0,28.047619047619,71.0476190476191,6.09523809523809,568096.428571429,-3273325.0,3577,0.1502625341634405,29.85576343161035,68.93947332336396
1999-04-28,359,1999-04-28,0.238095238095238,27.3333333333333,71.3809523809524,6.71428571428571,568096.428571429,-3273325.0,3577,0.09552160945348373,31.718632244943286,67.15303788058202
1999-05-14,360,1999-05-14,0.142857142857143,32.7619047619048,65.9523809523809,6.71428571428571,568096.428571429,-3273325.0,3577,0.04876753793161736,32.34989159446881,66.63820287039104
1999-05-23,361,1999-05-23,0.0,40.0,59.1904761904762,5.42857142857143,568096.428571429,-3273325.0,3577,0.043238495250872755,33.35109884954588,65.71783737417431
1999-06-24,362,1999-06-24,0.0,29.8095238095238,69.4285714285714,6.23809523809524,568096.428571429,-3273325.0,3577,0.1187440010969246,33.67306584024348,65.30320556635371
1999-07-10,363,1999-07-10,0.142857142857143,33.5714285714286,65.2857142857143,6.76190476190476,568096.428571429,-3273325.0,3577,0.10060218419350045,32.813967250494855,66.19253914299365
1999-07-17,364,1999-07-17,0.238095238095238,31.0,67.8571428571429,7.0,568096.428571429,-3273325.0,3577,0.11916360213572044,31.686504414053854,67.27051998568021
1999-07-18,365,1999-07-18,0.0,30.047619047619,69.0952380952381,6.80952380952381,568096.428571429,-3273325.0,3577,0.143994292601082,29.986203682793622,68.90944452862928
1999-07-25,366,1999-07-25,0.19047619047619,29.7142857142857,68.9523809523809,6.95238095238095,568096.428571429,-3273325.0,3577,0.1497315893600496,28.105672449321496,70.75630149003705
1999-07-26,367,1999-07-26,0.19047619047619,25.1904761904762,73.5238095238095,6.38095238095238,568096.428571429,-3273325.0,3577,0.14622632269688873,27.746494991072893,71.05535125348304
1999-08-02,368,1999-08-02,0.19047619047619,26.8095238095238,72.0952380952381,6.85714285714286,568096.428571429,-3273325.0,3577,0.1237369441703619,28.58617646542916,70.25602673898837
1999-08-10,369,1999-08-10,0.0,33.0476190476191,65.9047619047619,7.14285714285714,568096.428571429,-3273325.0,3577,0.11299123992620738,27.944123987463456,70.93205659148872
1999-08-18,370,1999-08-18,0.0952380952380952,25.8095238095238,73.0476190476191,6.90476190476191,568096.428571429,-3273325.0,3577,0.12815461112672813,28.984954158324438,69.87668265685798
1999-08-19,371,1999-08-19,0.0476190476190476,28.2380952380952,70.8095238095238,6.71428571428571,568096.428571429,-3273325.0,3577,0.09779178509827205,27.526152897665803,71.35719182776941
1999-08-26,372,1999-08-26,0.285714285714286,31.4285714285714,67.0952380952381,6.95238095238095,568096.428571429,-3273325.0,3577,0.06234219856509957,28.593340611912183,70.32267526074529
1999-08-27,373,1999-08-27,0.0,28.4285714285714,70.7619047619048,6.38095238095238,568096.428571429,-3273325.0,3577,0.07263324910382657,30.212012961234443,68.68412598752133
1999-09-03,374,1999-09-03,0.0476190476190476,27.7619047619048,71.0952380952381,6.76190476190476,568096.428571429,-3273325.0,3577,0.07773753594185873,31.14252104963714,67.80039877562085
1999-09-04,375,1999-09-04,0.0,32.6666666666667,66.2857142857143,6.76190476190476,568096.428571429,-3273325.0,3577,0.07494672510151268,32.86790918059778,66.14051170706529
1999-09-11,376,1999-09-11,0.0,32.5238095238095,66.5714285714286,6.90476190476191,568096.428571429,-3273325.0,3577,0.04997891685197438,34.6128969070094,64.46006728049107
1999-09-12,377,1999-09-12,0.238095238095238,45.6666666666667,53.4285714285714,12.3809523809524,568096.428571429,-3273325.0,3577,0.04420553646559171,32.575486433066715,66.48766816258083
1999-09-19,378,1999-09-19,0.0,26.047619047619,73.1428571428571,6.52380952380952,568096.428571429,-3273325.0,3577,0.03654240496345207,32.06528971543972,67.03361241440734
1999-09-20,379,1999-09-20,0.0,29.6666666666667,69.4285714285714,6.47619047619048,568096.428571429,-3273325.0,3577,0.05332438459372646,32.02196771236538,67.04528804527801
1999-10-06,380,1999-10-06,0.0,31.3333333333333,67.6666666666667,6.71428571428571,568096.428571429,-3273325.0,3577,0.010510645185566218,32.594875712517876,66.60291102085772
1999-10-21,381,1999-10-21,0.0,28.2380952380952,70.9047619047619,6.80952380952381,568096.428571429,-3273325.0,3577,0.0,31.273239660231884,67.91564575774088
1999-10-22,382,1999-10-22,0.0,32.6190476190476,66.5714285714286,6.76190476190476,568096.428571429,-3273325.0,3577,0.0,32.28479776157312,66.91776025830754
1999-10-30,383,1999-10-30,0.0,45.0,54.5238095238095,6.14285714285714,568096.428571429,-3273325.0,3577,0.0,33.69796663604208,65.51820419002104
1999-11-06,384,1999-11-06,0.0,31.952380952381,67.1904761904762,6.76190476190476,568096.428571429,-3273325.0,3577,0.02652146614994514,36.5966731457811,62.6146053027468
1999-11-07,385,1999-11-07,0.0,32.0952380952381,67.1428571428571,6.57142857142857,568096.428571429,-3273325.0,3577,0.020876955861472854,36.14797305142952,63.068635651795375
1999-11-14,386,1999-11-14,0.0952380952380952,30.2380952380952,68.5714285714286,6.80952380952381,568096.428571429,-3273325.0,3577,0.022811038290911027,35.90349054266334,63.2807289342517
1999-11-22,387,1999-11-22,0.0,45.6363636363636,53.7272727272727,4.09090909090909,568116.818181818,-3273331.36363636,3577,0.02972259938203762,35.63117059316921,63.492986045748864
1999-11-23,388,1999-11-23,0.0,31.8571428571429,67.2857142857143,6.66666666666667,568096.428571429,-3273325.0,3577,0.025784329189898078,33.71929496527923,65.3818321653856
1999-12-25,389,1999-12-25,0.0,34.3809523809524,64.7619047619048,6.42857142857143,568096.428571429,-3273325.0,3577,0.11243013951990584,33.19240539926788,65.78705732300304
2000-01-01,390,2000-01-01,0.0,29.2857142857143,69.8095238095238,6.52380952380952,568096.428571429,-3273325.0,3577,0.0,31.636666176486962,67.51986309964474
2000-01-10,391,2000-01-10,0.0,30.9047619047619,68.0476190476191,6.38095238095238,568096.428571429,-3273325.0,3577,0.0,30.274947756057813,69.15031351516387
2000-01-17,392,2000-01-17,0.0,32.0476190476191,66.9523809523809,6.52380952380952,568096.428571429,-3273325.0,3577,0.0,31.029634967710862,68.15011020969754
2000-02-02,393,2000-02-02,0.0,28.7619047619048,70.2380952380952,6.09523809523809,568096.428571429,-3273325.0,3577,0.31727740783463615,34.11402529358679,64.53613801058655
2000-02-18,394,2000-02-18,0.19047619047619,38.1904761904762,60.5714285714286,7.38095238095238,568096.428571429,-3273325.0,3577,0.9413775079408344,38.30011680785104,59.73459564170745
2000-02-27,395,2000-02-27,0.476190476190476,37.7619047619048,60.8095238095238,6.71428571428571,568096.428571429,-3273325.0,3577,1.2307751587935503,37.689241614932584,59.965211001579746
2000-03-05,396,2000-03-05,3.15,50.6,45.15,10.15,568095.0,-3273327.0,3577,1.485986098524575,38.40585297055311,58.935561291125246
2000-03-14,397,2000-03-14,3.14285714285714,34.3333333333333,61.0,6.76190476190476,568096.428571429,-3273325.0,3577,1.7832567329468678,37.75405193361284,59.20359387773364
2000-03-30,398,2000-03-30,0.571428571428571,33.3333333333333,64.8571428571429,6.66666666666667,568096.428571429,-3273325.0,3577,1.8640606039984053,37.21460479664256,59.63192431922191
2000-04-06,399,2000-04-06,0.952380952380952,27.5238095238095,70.2380952380952,5.71428571428571,568096.428571429,-3273325.0,3577,1.8273277290302417,35.89158519498538,60.95033062911408
2000-04-15,400,2000-04-15,0.952380952380952,36.6190476190476,61.0,6.85714285714286,568096.428571429,-3273325.0,3577,1.6378969327883284,34.62766542022988,62.400156345193444
2000-04-22,401,2000-04-22,3.14285714285714,45.8095238095238,49.9523809523809,7.85714285714286,568096.428571429,-3273325.0,3577,1.5961483820614557,35.116022058431646,61.99389923800761
2000-05-08,402,2000-05-08,1.85714285714286,32.4285714285714,64.3809523809524,7.14285714285714,568096.428571429,-3273325.0,3577,1.5462436990720643,35.79560208999582,61.458625153803126
2000-05-17,403,2000-05-17,1.19047619047619,35.3333333333333,62.3333333333333,6.90476190476191,568096.428571429,-3273325.0,3577,2.0215934970364833,37.111453889945366,59.65469479857837
2000-05-24,404,2000-05-24,2.0,33.5238095238095,63.0476190476191,7.09523809523809,568096.428571429,-3273325.0,3577,1.9682915827016472,36.006790376331836,60.794201389182476
2000-06-18,405,2000-06-18,1.63636363636364,35.9090909090909,61.4545454545455,6.54545454545455,568070.454545455,-3273306.81818182,3577,1.5988963658536286,33.38956165327744,63.76070509843835
2000-06-25,406,2000-06-25,1.80952380952381,33.1428571428571,63.8095238095238,6.14285714285714,568096.428571429,-3273325.0,3577,1.3726333709444525,31.90434998906233,65.47701393267543
2000-07-04,407,2000-07-04,0.904761904761905,32.4285714285714,65.2857142857143,6.85714285714286,568096.428571429,-3273325.0,3577,1.3148629211109653,32.977987768863755,64.41900814261238
2000-07-11,408,2000-07-11,1.71428571428571,32.6190476190476,64.1904761904762,7.38095238095238,568096.428571429,-3273325.0,3577,1.3223241717469958,34.61989338177954,62.78981718158941
2000-07-20,409,2000-07-20,0.142857142857143,33.9523809523809,64.8571428571429,6.85714285714286,568096.428571429,-3273325.0,3577,1.2447562757158408,34.565717048684,62.850713785688924
2000-07-27,410,2000-07-27,2.14285714285714,33.0952380952381,63.3333333333333,7.66666666666667,568096.428571429,-3273325.0,3577,1.0902245329488267,35.470503696504586,62.121843069202214
2000-08-05,411,2000-08-05,1.0,43.6666666666667,54.1904761904762,7.90476190476191,568096.428571429,-3273325.0,3577,1.0543089521416107,35.6548477322418,61.9845304334376
2000-08-12,412,2000-08-12,0.952380952380952,31.4761904761905,66.0476190476191,7.04761904761905,568096.428571429,-3273325.0,3577,1.0068156817381317,33.72639434868036,64.00403311857463
2000-08-21,413,2000-08-21,0.476190476190476,31.7619047619048,66.6190476190476,6.90476190476191,568096.428571429,-3273325.0,3577,0.9688227149526014,32.77010440539365,65.01752117850216
2000-08-28,414,2000-08-28,1.42857142857143,31.952380952381,65.3333333333333,7.0,568096.428571429,-3273325.0,3577,0.8047463372539574,31.533060334913237,66.4304220031675
2000-09-06,415,2000-09-06,0.0,29.9047619047619,69.1904761904762,5.85714285714286,568096.428571429,-3273325.0,3577,0.6822620104352833,31.468961379173408,66.68751681753783
2000-09-13,416,2000-09-13,0.952380952380952,29.2380952380952,68.4761904761905,6.95238095238095,568096.428571429,-3273325.0,3577,0.40239430332303605,32.38266377584779,66.16085462524103
2000-09-29,417,2000-09-29,0.523809523809524,33.7142857142857,64.6666666666667,7.71428571428571,568096.428571429,-3273325.0,3577,0.4250486355748877,33.46742834048834,65.04857784113779
2000-10-08,418,2000-10-08,0.0,44.4666666666667,54.6666666666667,12.7333333333333,568101.0,-3273325.0,3577,0.24148194426828587,36.33295332118317,62.38299780713711
2000-10-15,419,2000-10-15,0.0,31.5238095238095,67.4285714285714,7.0,568096.428571429,-3273325.0,3577,0.15679160880396914,36.68634770801403,62.05615334097381
2000-10-24,420,2000-10-24,0.0476190476190476,38.9523809523809,60.0,7.47619047619048,568096.428571429,-3273325.0,3577,0.008859046010747211,37.33314982230831,61.625983923188336
2000-11-09,421,2000-11-09,0.19047619047619,34.0,64.5238095238095,7.04761904761905,568096.428571429,-3273325.0,3577,0.051414014262303694,36.72675415399324,62.18764620311677
2000-11-16,422,2000-11-16,0.0952380952380952,35.0952380952381,63.7142857142857,6.90476190476191,568096.428571429,-3273325.0,3577,0.0035712481532908166,34.726094339092235,64.23293321744372
2000-11-25,423,2000-11-25,0.0,36.9523809523809,62.1904761904762,7.09523809523809,568096.428571429,-3273325.0,3577,0.09690515882464881,33.59346267766817,65.2564463400279
2000-12-02,424,2000-12-02,0.0476190476190476,30.5714285714286,68.4285714285714,6.80952380952381,568096.428571429,-3273325.0,3577,0.136186826589283,33.30669021380598,65.51525254929847
2000-12-11,425,2000-12-11,0.0,33.0952380952381,65.9523809523809,6.80952380952381,568096.428571429,-3273325.0,3577,0.1736375080028072,32.704504989329834,66.09946709636124
2000-12-27,426,2000-12-27,0.523809523809524,30.0,68.0952380952381,6.61904761904762,568096.428571429,-3273325.0,3577,0.1351764850216659,30.87780124931367,67.95809556799253
2001-01-03,427,2001-01-03,0.0,33.5238095238095,65.5714285714286,6.57142857142857,568096.428571429,-3273325.0,3577,0.00958174951982843,31.92581618587333,67.06471753219978
2001-01-12,428,2001-01-12,0.0,34.0476190476191,65.0476190476191,6.66666666666667,568096.428571429,-3273325.0,3577,0.08240160252542915,32.153414181273156,66.71464861247148
2001-01-19,429,2001-01-19,0.380952380952381,27.9047619047619,70.4761904761905,6.61904761904762,568096.428571429,-3273325.0,3577,0.18495951932481694,33.4691954072709,65.2893308961323
2001-01-28,430,2001-01-28,0.0,32.9523809523809,66.0952380952381,6.09523809523809,568096.428571429,-3273325.0,3577,0.3968869108187405,33.99476271921584,64.50645536093491
2001-02-04,431,2001-02-04,0.19047619047619,39.5714285714286,59.1428571428571,7.52380952380952,568096.428571429,-3273325.0,3577,0.6466969562943835,32.847669358500355,65.30407879013715
2001-02-13,432,2001-02-13,1.23809523809524,33.7142857142857,63.7619047619048,6.61904761904762,568096.428571429,-3273325.0,3577,0.8398701401796127,32.60559976658561,65.29945905486724
2001-02-20,433,2001-02-20,1.61904761904762,27.5714285714286,69.2857142857143,6.61904761904762,568096.428571429,-3273325.0,3577,0.9592832348248874,31.219567841854197,66.49307039708523
2001-03-08,434,2001-03-08,0.523809523809524,31.0,67.2380952380952,6.85714285714286,568096.428571429,-3273325.0,3577,0.8415506062563634,31.02709777322317,66.85129730949166
2001-03-17,435,2001-03-17,0.761904761904762,26.9047619047619,71.0,6.47619047619048,568096.428571429,-3273325.0,3577,0.6429896213176991,30.20803035972864,67.9635668768694
2001-03-24,436,2001-03-24,0.0952380952380952,32.4285714285714,66.5238095238095,6.90476190476191,568096.428571429,-3273325.0,3577,0.416398874603147,30.69258708267537,67.73633074870452
2001-04-09,437,2001-04-09,0.0,33.5714285714286,65.5238095238095,7.0,568096.428571429,-3273325.0,3577,0.2071076498320771,29.94804720562786,68.76286541115236
2001-04-18,438,2001-04-18,0.0476190476190476,29.1428571428571,69.6666666666667,6.57142857142857,568096.428571429,-3273325.0,3577,0.0,31.45129380423027,67.60111818005544
2001-05-04,439,2001-05-04,0.0952380952380952,34.4761904761905,64.5238095238095,6.85714285714286,568096.428571429,-3273325.0,3577,0.0,31.627572633759854,67.615144401512
2001-05-11,440,2001-05-11,0.19047619047619,29.6190476190476,69.1904761904762,6.80952380952381,568096.428571429,-3273325.0,3577,0.09322565978911293,32.39226558224104,66.61212762281285
2001-05-27,441,2001-05-27,0.0952380952380952,33.3333333333333,65.4761904761905,7.0,568096.428571429,-3273325.0,3577,0.0643082407788185,33.62842758142001,65.39717567355204
2001-06-05,442,2001-06-05,0.0,27.4666666666667,71.9333333333333,4.86666666666667,568113.0,-3273313.0,3577,0.10604565712923263,34.35801166653452,64.56723057408836
2001-06-21,443,2001-06-21,0.0,46.6363636363636,52.5454545454545,9.18181818181818,568081.363636364,-3273345.0,3577,0.316229693938625,35.22126367861838,63.45231820434924
2001-06-28,444,2001-06-28,1.61904761904762,30.8095238095238,66.1904761904762,7.47619047619048,568096.428571429,-3273325.0,3577,0.8958843014569234,34.88669825342537,63.122686676293895
2001-07-07,445,2001-07-07,2.0,35.9047619047619,60.7142857142857,7.80952380952381,568096.428571429,-3273325.0,3577,1.9820654062137182,33.08921859639069,63.71688382917375
2001-07-23,446,2001-07-23,1.42857142857143,28.2857142857143,69.0952380952381,6.0,568096.428571429,-3273325.0,3577,3.1273710809309874,31.304687525622917,64.28519037017934
2001-07-30,447,2001-07-30,4.85714285714286,28.6666666666667,65.1428571428571,7.42857142857143,568096.428571429,-3273325.0,3577,4.281052281051643,29.304545196800888,64.99441507923508
2001-08-08,448,2001-08-08,5.95238095238095,25.7619047619048,66.9047619047619,6.85714285714286,568096.428571429,-3273325.0,3577,5.364186896693836,25.894544052434924,67.31944629157245
2001-08-15,449,2001-08-15,5.90476190476191,26.5238095238095,66.1428571428571,7.38095238095238,568096.428571429,-3273325.0,3577,5.573130687680939,24.537563571615646,68.5071327021689
2001-08-24,450,2001-08-24,5.38095238095238,27.0952380952381,66.0476190476191,6.85714285714286,568096.428571429,-3273325.0,3577,5.044842670228914,27.378507972931132,66.1673558639404
2001-09-09,451,2001-09-09,3.76190476190476,28.4285714285714,66.2857142857143,6.85714285714286,568096.428571429,-3273325.0,3577,4.180987227426232,28.93071428055516,65.37270675659792
2001-09-16,452,2001-09-16,3.76190476190476,28.9047619047619,65.8095238095238,7.23809523809524,568096.428571429,-3273325.0,3577,3.0979773580388152,32.02424510473567,63.30778509415335
2001-10-02,453,2001-10-02,1.66666666666667,29.8571428571429,67.1904761904762,7.0,568096.428571429,-3273325.0,3577,2.201105396151507,33.23868700957987,62.978146724267354
2001-10-18,454,2001-10-18,0.0,46.0,52.0,10.0,568155.0,-3273285.0,3577,1.9576223570028686,34.27225096884028,62.181749107436424
2001-10-27,455,2001-10-27,2.71428571428571,31.9047619047619,63.8571428571429,6.95238095238095,568096.428571429,-3273325.0,3577,1.9532129377327672,33.18218004904817,63.26969109321106
2001-11-03,456,2001-11-03,2.95238095238095,29.8095238095238,65.7142857142857,5.52380952380952,568096.428571429,-3273325.0,3577,1.9150385218493786,32.90570626483449,63.65908291913534
2001-11-12,457,2001-11-12,2.52380952380952,29.5714285714286,66.5714285714286,6.90476190476191,568096.428571429,-3273325.0,3577,1.8888799538951488,32.4498782950747,64.2214235712592
2001-11-19,458,2001-11-19,1.57142857142857,29.952380952381,67.0952380952381,6.90476190476191,568096.428571429,-3273325.0,3577,1.6908066134069777,31.764808978426537,65.20473437809926
2001-11-28,459,2001-11-28,0.571428571428571,33.2857142857143,64.8571428571429,7.04761904761905,568096.428571429,-3273325.0,3577,1.4298384793738679,30.93499586068784,66.36789010781828
2001-12-21,460,2001-12-21,0.571428571428571,32.5238095238095,65.7142857142857,7.38095238095238,568096.428571429,-3273325.0,3577,0.8068268161146213,31.215200691976225,66.7968656730167
2001-12-30,461,2001-12-30,0.238095238095238,37.7142857142857,61.0476190476191,7.0,568096.428571429,-3273325.0,3577,0.23615703182263142,33.122749283735054,65.45858991368851
2002-01-06,462,2002-01-06,0.857142857142857,27.5714285714286,70.2380952380952,6.61904761904762,568096.428571429,-3273325.0,3577,0.2174584960962343,32.199459982736904,66.47035214526483
2002-01-15,463,2002-01-15,0.0952380952380952,30.1904761904762,68.6666666666667,6.52380952380952,568096.428571429,-3273325.0,3577,0.20042908587797217,31.93685880682306,66.78678081463462
2002-01-31,464,2002-01-31,0.0476190476190476,32.3333333333333,66.5714285714286,6.76190476190476,568096.428571429,-3273325.0,3577,0.14412316269899236,32.376089338932786,66.48261439282119
2002-02-16,465,2002-02-16,0.0,34.0952380952381,65.0952380952381,6.66666666666667,568096.428571429,-3273325.0,3577,0.08986266571404544,32.28054917218521,66.67020595502571
2002-03-04,466,2002-03-04,0.142857142857143,32.2380952380952,66.6190476190476,6.71428571428571,568096.428571429,-3273325.0,3577,0.07801486439256168,32.94644674210745,66.03520215593532
2002-03-11,467,2002-03-11,0.0,33.1428571428571,65.9047619047619,6.76190476190476,568096.428571429,-3273325.0,3577,0.051083075850870054,31.67812785768966,67.34693995374103
2002-03-20,468,2002-03-20,0.0,34.6666666666667,64.4285714285714,6.71428571428571,568096.428571429,-3273325.0,3577,0.08710690754033101,32.28816900333444,66.67776599044953
2002-03-27,469,2002-03-27,0.333333333333333,30.6190476190476,68.0952380952381,6.0,568096.428571429,-3273325.0,3577,0.24062418489659462,32.31341620195626,66.42884050932594
2002-04-28,470,2002-04-28,0.523809523809524,28.8095238095238,69.4761904761905,7.04761904761905,568096.428571429,-3273325.0,3577,0.24816669398709018,34.00289803075672,64.71125262765163
2002-05-23,471,2002-05-23,0.0476190476190476,35.2380952380952,63.6666666666667,6.80952380952381,568096.428571429,-3273325.0,3577,0.30542213204747337,34.59944080686597,63.98123342085235
2002-06-08,472,2002-06-08,0.0,34.7142857142857,64.2380952380952,6.90476190476191,568096.428571429,-3273325.0,3577,0.2691230338288759,35.34711109323583,63.29122477109149
2002-06-15,473,2002-06-15,0.714285714285714,45.6666666666667,52.4761904761905,9.57142857142857,568096.428571429,-3273325.0,3577,0.23945507536835225,35.25518032019051,63.42918381926722
2002-06-24,474,2002-06-24,0.142857142857143,31.047619047619,67.8095238095238,6.85714285714286,568096.428571429,-3273325.0,3577,0.22623197236196957,34.91118375947573,63.83476276044981
2002-07-01,475,2002-07-01,0.0952380952380952,30.1428571428571,68.6666666666667,7.28571428571429,568096.428571429,-3273325.0,3577,0.24560475644063315,33.74058552386221,65.01210657246835
2002-07-10,476,2002-07-10,0.285714285714286,27.7619047619048,70.9523809523809,6.04761904761905,568096.428571429,-3273325.0,3577,0.2922681034135707,31.50768735907582,67.2049952111771
2002-07-26,477,2002-07-26,0.0952380952380952,34.9523809523809,64.2380952380952,6.85714285714286,568096.428571429,-3273325.0,3577,0.310410951277778,29.767902891737428,68.89348113186091
2002-08-18,478,2002-08-18,0.619047619047619,28.4285714285714,69.7142857142857,7.28571428571429,568096.428571429,-3273325.0,3577,0.24645014428292486,28.458308461400158,70.21893689384898
2002-08-27,479,2002-08-27,0.285714285714286,29.3809523809524,69.1904761904762,6.85714285714286,568096.428571429,-3273325.0,3577,0.1871472181069425,28.62888813971976,70.11647382544166
2002-09-03,480,2002-09-03,0.0,28.1428571428571,70.7142857142857,7.09523809523809,568096.428571429,-3273325.0,3577,0.19202881741578565,29.95251291535674,68.78150023350233
2002-09-19,481,2002-09-19,0.0,29.6190476190476,69.3809523809524,7.0,568096.428571429,-3273325.0,3577,0.08609862789428074,29.80274627333005,69.06043285918413
2002-09-28,482,2002-09-28,0.0476190476190476,29.6666666666667,69.2380952380952,6.85714285714286,568096.428571429,-3273325.0,3577,0.017811909452773694,30.298647688736043,68.6577437010771
2002-10-05,483,2002-10-05,0.0,29.6666666666667,69.4285714285714,6.90476190476191,568096.428571429,-3273325.0,3577,0.0,30.057444103879245,68.96846394058986
2002-10-14,484,2002-10-14,0.0,35.4285714285714,63.8095238095238,6.90476190476191,568096.428571429,-3273325.0,3577,0.0,31.11260669154941,67.98169941512577
2002-10-21,485,2002-10-21,0.0952380952380952,28.5238095238095,70.1904761904762,6.76190476190476,568096.428571429,-3273325.0,3577,0.043997282387368594,30.888972740361297,68.1242060313166
2002-10-30,486,2002-10-30,0.0,31.4285714285714,67.6666666666667,6.85714285714286,568096.428571429,-3273325.0,3577,0.03246083122243626,31.085019211949536,67.94269816869422
2002-11-06,487,2002-11-06,0.0476190476190476,27.9047619047619,71.0952380952381,6.76190476190476,568096.428571429,-3273325.0,3577,0.02186874013499073,30.521559967375826,68.49112909793001
2002-11-15,488,2002-11-15,0.0,30.1428571428571,68.9047619047619,6.66666666666667,568096.428571429,-3273325.0,3577,0.016737648316593183,30.362310548064507,68.6587983739584
2002-11-22,489,2002-11-22,0.0,33.6666666666667,65.4285714285714,7.0,568096.428571429,-3273325.0,3577,0.026754463286967036,29.48488456847149,69.51867946294152
2002-12-01,490,2002-12-01,0.0,27.7142857142857,71.2857142857143,6.90476190476191,568096.428571429,-3273325.0,3577,0.033816544652452915,28.88310451158317,70.11820996340072
2002-12-08,491,2002-12-08,0.0952380952380952,28.952380952381,69.9523809523809,6.85714285714286,568096.428571429,-3273325.0,3577,0.04536330542521813,29.018830498702332,69.97418577293692
2002-12-24,492,2002-12-24,0.0952380952380952,27.1428571428571,71.7619047619048,6.80952380952381,568096.428571429,-3273325.0,3577,0.08708422640309875,28.624659138586757,70.27622635361523
2003-01-02,493,2003-01-02,0.0,29.7142857142857,69.3809523809524,6.80952380952381,568096.428571429,-3273325.0,3577,0.14714903259792675,29.21675228795535,69.6626191146211
2003-01-09,494,2003-01-09,0.0952380952380952,27.952380952381,70.9047619047619,6.80952380952381,568096.428571429,-3273325.0,3577,0.0,30.02010064238717,69.09315555444553
2003-01-18,495,2003-01-18,0.0,33.6190476190476,65.4285714285714,6.57142857142857,568096.428571429,-3273325.0,3577,0.0,31.0848119888321,68.22282361600227
2003-01-25,496,2003-01-25,0.0,32.8095238095238,66.2857142857143,7.0,568096.428571429,-3273325.0,3577,0.0,32.3627930377108,66.78890665576974
2003-02-03,497,2003-02-03,0.0,33.2380952380952,65.8095238095238,6.90476190476191,568096.428571429,-3273325.0,3577,0.15872981507654096,33.30966556662652,65.52163728942935
2003-02-10,498,2003-02-10,0.0,32.9047619047619,66.0952380952381,7.0,568096.428571429,-3273325.0,3577,0.7095082420158754,33.39627245818697,64.77447423576486
2003-02-26,499,2003-02-26,0.571428571428571,32.8571428571429,65.2380952380952,6.90476190476191,568096.428571429,-3273325.0,3577,1.0099199046565943,33.423195999042385,64.33039097124825
2003-03-07,500,2003-03-07,2.76190476190476,32.1428571428571,63.6666666666667,6.90476190476191,568096.428571429,-3273325.0,3577,1.446241065435894,33.48096279365127,63.768830756437325
2003-03-14,501,2003-03-14,2.33333333333333,35.7142857142857,60.5714285714286,7.57142857142857,568096.428571429,-3273325.0,3577,1.895605942045286,32.65089812148147,64.05184186297781
2003-03-23,502,2003-03-23,1.38095238095238,33.0,64.2857142857143,6.90476190476191,568096.428571429,-3273325.0,3577,2.10190222574092,32.53256341181551,63.96011315824602
2003-03-30,503,2003-03-30,1.76190476190476,30.1428571428571,66.6190476190476,6.90476190476191,568096.428571429,-3273325.0,3577,2.0410518274292317,33.26453835122069,63.31984321147462
2003-04-15,504,2003-04-15,1.0952380952381,36.4761904761905,61.2380952380952,7.66666666666667,568096.428571429,-3273325.0,3577,1.7077535467625808,34.64085862537358,62.3043808616471
2003-04-24,505,2003-04-24,2.85714285714286,31.4761904761905,64.3809523809524,8.33333333333333,568096.428571429,-3273325.0,3577,1.3248567737729862,34.58049380959082,62.80894028571108
2003-05-01,506,2003-05-01,0.666666666666667,34.4761904761905,63.4761904761905,7.47619047619048,568096.428571429,-3273325.0,3577,1.0036093937021247,34.07431680805786,63.68380638967922
2003-05-17,507,2003-05-17,0.285714285714286,38.0952380952381,60.5714285714286,7.14285714285714,568096.428571429,-3273325.0,3577,0.8462415863424876,33.959005852108156,64.01951071576968
2003-05-26,508,2003-05-26,0.571428571428571,34.4285714285714,63.7142857142857,6.85714285714286,568096.428571429,-3273325.0,3577,0.6007321123826665,32.36167417395547,65.92317893392352
2003-07-05,509,2003-07-05,0.523809523809524,25.8095238095238,72.6190476190476,6.76190476190476,568096.428571429,-3273325.0,3577,0.35735222357345053,30.42283074048955,68.14413846431731
2003-07-12,510,2003-07-12,0.571428571428571,24.9047619047619,73.6190476190476,7.61904761904762,568096.428571429,-3273325.0,3577,0.34467151446126176,27.488704440957136,71.05334977877506
2003-07-20,511,2003-07-20,0.0952380952380952,31.0952380952381,67.6666666666667,7.42857142857143,568096.428571429,-3273325.0,3577,0.38838299824117684,26.863017236412283,71.65461686213426
2003-07-21,512,2003-07-21,0.571428571428571,25.952380952381,72.2857142857143,6.80952380952381,568096.428571429,-3273325.0,3577,0.6496550540870897,24.359528880219393,73.8417304817716
2003-07-28,513,2003-07-28,0.857142857142857,22.1904761904762,75.7142857142857,7.47619047619048,568096.428571429,-3273325.0,3577,0.5654824074409346,26.436218783656585,71.80884439550469
2003-07-29,514,2003-07-29,0.473684210526316,32.2631578947368,66.0526315789474,6.84210526315789,568098.157894737,-3273332.36842105,3577,0.5107114112327623,30.155988368261845,68.16079434116547
2003-08-06,515,2003-08-06,0.523809523809524,28.2380952380952,70.0952380952381,6.85714285714286,568096.428571429,-3273325.0,3577,0.4629906783238338,33.01594968227192,65.39561655007965
2003-08-14,516,2003-08-14,0.2,37.3,61.6,7.7,568095.0,-3273360.0,3577,0.35859997913112984,34.16503441699278,64.41995494049281
2003-08-21,517,2003-08-21,0.238095238095238,33.3333333333333,65.2857142857143,8.04761904761905,568096.428571429,-3273325.0,3577,0.22759579782551784,34.129728440583676,64.6894336449397
2003-08-22,518,2003-08-22,0.1,46.75,52.4,18.8,568099.5,-3273322.5,3577,0.06404842238310407,34.68140549635061,64.35491879799213
2003-09-07,519,2003-09-07,0.0,24.8095238095238,74.3333333333333,6.23809523809524,568096.428571429,-3273325.0,3577,0.02273585954537213,33.96009507574099,65.14518488951278
2003-09-14,520,2003-09-14,0.0,28.7619047619048,70.3809523809524,7.0,568096.428571429,-3273325.0,3577,0.006150223683219273,33.63051008520607,65.53079010500224
2003-09-22,521,2003-09-22,0.0,31.952380952381,67.0476190476191,6.85714285714286,568096.428571429,-3273325.0,3577,0.0,33.137012726554794,66.04430202353282
2003-09-23,522,2003-09-23,0.0,35.9047619047619,63.4285714285714,5.0,568096.428571429,-3273325.0,3577,0.0,32.11874941363625,67.01951196377439
2003-10-01,523,2003-10-01,0.0,39.9333333333333,59.1333333333333,7.4,568101.0,-3273307.0,3577,0.0,33.535336232390044,65.61905545433977
2003-10-09,524,2003-10-09,0.0,32.6190476190476,66.5714285714286,6.85714285714286,568096.428571429,-3273325.0,3577,0.017380967845361507,35.05066141288527,64.08678627872716
2003-10-16,525,2003-10-16,0.0,32.1904761904762,67.0,6.85714285714286,568096.428571429,-3273325.0,3577,0.022492986889268343,36.5942094541111,62.568982101480486
2003-10-24,526,2003-10-24,0.0952380952380952,31.0952380952381,67.8095238095238,6.80952380952381,568096.428571429,-3273325.0,3577,0.0226409297616694,34.83354725769066,64.31449252500923
2003-10-25,527,2003-10-25,0.0,41.0476190476191,58.2857142857143,6.0,568096.428571429,-3273325.0,3577,0.02474821360269906,33.916573622450926,65.21368208673738
2003-11-01,528,2003-11-01,0.0,37.0,62.2857142857143,6.80952380952381,568096.428571429,-3273325.0,3577,0.023196617623858738,34.52174945796724,64.6427230148496
2003-11-02,529,2003-11-02,0.0,31.3809523809524,67.6666666666667,6.76190476190476,568096.428571429,-3273325.0,3577,0.018180993413188837,35.54713104629222,63.642112511595755
2003-11-09,530,2003-11-09,0.0476190476190476,32.3809523809524,66.6666666666667,6.76190476190476,568096.428571429,-3273325.0,3577,0.011065302086972257,35.816888596830864,63.35935470418927
2003-11-10,531,2003-11-10,0.0,38.1904761904762,61.0952380952381,6.71428571428571,568096.428571429,-3273325.0,3577,0.004382614289734376,34.95976057461901,64.22307572556674
2003-11-26,532,2003-11-26,0.0,36.2857142857143,63.0,6.47619047619048,568096.428571429,-3273325.0,3577,0.0018351101942430444,35.455394034395646,63.73154375987433
2003-12-03,533,2003-12-03,0.0,38.9523809523809,60.2380952380952,6.76190476190476,568096.428571429,-3273325.0,3577,0.008294079501508596,36.22788344761784,62.930889068055166
2003-12-11,534,2003-12-11,0.0,31.7692307692308,67.1538461538462,7.15384615384615,568088.076923077,-3273349.61538462,3577,0.0,37.788410183721865,61.38767269880902
2003-12-12,535,2003-12-12,0.0,37.0952380952381,62.2380952380952,6.85714285714286,568096.428571429,-3273325.0,3577,0.0,37.63369564367751,61.52979583724078
2003-12-19,536,2003-12-19,0.0,41.5238095238095,57.6190476190476,7.0,568096.428571429,-3273325.0,3577,0.0,36.5865410091957,62.55594897282458
2003-12-28,537,2003-12-28,0.0,38.1904761904762,60.9523809523809,6.85714285714286,568096.428571429,-3273325.0,3577,0.002211410880141196,36.538923216748096,62.57381934848321
2004-01-12,538,2004-01-12,0.0,32.0625,67.0,7.125,568096.875,-3273309.375,3577,0.0,36.58681915722524,62.57460582228146
2004-01-13,539,2004-01-13,0.0,34.5714285714286,64.6190476190476,6.80952380952381,568096.428571429,-3273325.0,3577,0.0,35.33264942292561,63.8511765004812
2004-01-20,540,2004-01-20,0.0,35.0,64.2380952380952,6.80952380952381,568096.428571429,-3273325.0,3577,0.0,34.210125802681226,64.98146202124467
2004-01-28,541,2004-01-28,0.0,35.3333333333333,63.8333333333333,7.16666666666667,568100.0,-3273275.0,3577,0.0,31.93566570850512,67.21663497067699
2004-01-29,542,2004-01-29,0.0,33.5238095238095,65.6190476190476,6.66666666666667,568096.428571429,-3273325.0,3577,0.0,32.042436919446764,67.15408682253424
2004-02-05,543,2004-02-05,0.0,29.047619047619,70.2857142857143,7.0,568096.428571429,-3273325.0,3577,0.0,34.70289536769393,64.48343655372375
2004-02-06,544,2004-02-06,0.0,33.5882352941176,65.4117647058823,6.47058823529412,568093.235294118,-3273337.94117647,3577,0.002211410880141196,35.472894327787934,63.71326806501596
2004-02-13,545,2004-02-13,0.0,37.7619047619048,61.4285714285714,7.14285714285714,568096.428571429,-3273325.0,3577,0.0,36.481546154471395,62.685505382727854
2004-02-14,546,2004-02-14,0.0,38.0952380952381,61.0476190476191,6.85714285714286,568096.428571429,-3273325.0,3577,0.0,36.6930397351031,62.452181916295714
2004-02-21,547,2004-02-21,0.0,41.6190476190476,57.6666666666667,6.85714285714286,568096.428571429,-3273325.0,3577,0.0,35.58675410669051,63.537398314660734
2004-02-29,548,2004-02-29,0.0,32.6666666666667,66.3333333333333,7.0,568105.0,-3273265.0,3577,0.0038712577412262045,33.48554929559711,65.60826298086292
2004-03-01,549,2004-03-01,0.0,23.2380952380952,75.8571428571429,6.66666666666667,568096.428571429,-3273325.0,3577,0.0077322058746195806,30.30491738577245,68.7758563296614
2004-03-16,550,2004-03-16,0.0,32.0,67.0,6.75,568080.0,-3273375.0,3577,0.010438477930736427,27.406266167507738,71.6839918716519
2004-03-17,551,2004-03-17,0.0476190476190476,21.7142857142857,77.3809523809524,6.71428571428571,568096.428571429,-3273325.0,3577,0.011405519145455513,26.58254857507783,72.50458462194769
2004-03-25,552,2004-03-25,0.0,28.7142857142857,70.4761904761905,6.71428571428571,568096.428571429,-3273325.0,3577,0.010438477930736427,27.09810210429,72.03657230281544
2004-04-02,553,2004-04-02,0.0,29.2857142857143,69.8571428571429,5.85714285714286,568096.428571429,-3273325.0,3577,0.0077322058746195806,27.897265170326015,71.26762566637666
2004-04-09,554,2004-04-09,0.0,29.8095238095238,69.3809523809524,6.95238095238095,568096.428571429,-3273325.0,3577,0.0038712577412262045,29.061029785483644,70.10739827766646
2004-04-10,555,2004-04-10,0.0,31.0,68.1666666666667,6.83333333333333,568100.0,-3273275.0,3577,0.010886945871464352,29.7037761000565,69.4197072277464
2004-04-18,556,2004-04-18,0.0,27.5714285714286,71.5714285714286,6.66666666666667,568096.428571429,-3273325.0,3577,0.0,28.251178130430876,70.8707463846677
2004-04-25,557,2004-04-25,0.0,26.047619047619,72.9523809523809,6.85714285714286,568096.428571429,-3273325.0,3577,0.0,28.0648958884211,71.02865658592152
2004-04-26,558,2004-04-26,0.0,27.8,71.2,6.8,568107.0,-3273273.0,3577,0.0013608682339330545,27.55159139920011,71.51603859720765
2004-05-03,559,2004-05-03,0.0,31.0,68.0714285714286,7.14285714285714,568090.714285714,-3273347.14285714,3577,0.021567699586272217,29.583434923661862,69.46521302280408
2004-05-04,560,2004-05-04,0.0,30.1428571428571,69.0476190476191,6.80952380952381,568096.428571429,-3273325.0,3577,0.04234671417333323,30.925644395250306,68.10054200863027
2004-05-11,561,2004-05-11,0.0,28.047619047619,71.0,6.85714285714286,568096.428571429,-3273325.0,3577,0.09118126455586405,32.55659668124552,66.42085002064456
2004-05-19,562,2004-05-19,0.238095238095238,41.3333333333333,57.5238095238095,8.80952380952381,568096.428571429,-3273325.0,3577,0.01091684373417913,34.77016693587786,64.30961293336085
2004-05-20,563,2004-05-20,0.0,37.0952380952381,61.9047619047619,7.66666666666667,568096.428571429,-3273325.0,3577,0.07466217992532614,36.2367532310121,62.748815895409095
2004-05-27,564,2004-05-27,0.0,33.6190476190476,65.4285714285714,7.71428571428571,568096.428571429,-3273325.0,3577,0.0,36.587649871170555,62.52350883594855
2004-05-28,565,2004-05-28,0.0,33.2105263157895,65.7894736842105,7.0,568098.157894737,-3273332.36842105,3577,0.0,37.53265032723493,61.694046402233354
2004-06-05,566,2004-06-05,0.0476190476190476,40.5714285714286,58.3809523809524,7.95238095238095,568096.428571429,-3273325.0,3577,0.3131698023338428,35.523627206528886,63.06893863834421
2004-06-12,567,2004-06-12,0.142857142857143,36.6666666666667,62.1428571428571,7.80952380952381,568096.428571429,-3273325.0,3577,0.5766761618153953,33.87724545292887,64.38713206839992
2004-06-28,568,2004-06-28,1.0952380952381,31.6666666666667,65.9523809523809,7.57142857142857,568096.428571429,-3273325.0,3577,0.7979409651235099,33.55940865391237,64.41803598605634
2004-06-29,569,2004-06-29,0.666666666666667,31.8095238095238,66.3809523809524,7.09523809523809,568096.428571429,-3273325.0,3577,0.737692132428866,34.70931290207291,63.33227811783162
2004-07-06,570,2004-07-06,2.8,33.4,62.2,7.9,568104.0,-3273291.0,3577,1.5735702893595294,34.307229992315285,62.91603673062729
2004-07-07,571,2004-07-07,2.28571428571429,29.2380952380952,67.1904761904762,7.0,568096.428571429,-3273325.0,3577,2.273888650049302,33.46652397083702,63.07413866888237
2004-07-14,572,2004-07-14,0.0,45.1428571428571,54.2857142857143,4.42857142857143,568099.285714286,-3273289.28571429,3577,2.8089975040435244,32.69248724226236,63.30458070525562
2004-07-15,573,2004-07-15,4.19047619047619,30.5238095238095,63.9523809523809,7.47619047619048,568096.428571429,-3273325.0,3577,3.2097103103290268,32.692620073420116,62.916473619250596
2004-07-22,574,2004-07-22,5.14285714285714,26.1904761904762,67.4285714285714,6.47619047619048,568096.428571429,-3273325.0,3577,3.9721993692575994,31.16038012554574,63.641587256902824
2004-07-30,575,2004-07-30,6.66666666666667,28.7619047619048,63.0476190476191,7.85714285714286,568096.428571429,-3273325.0,3577,4.697744876381945,29.499460498217704,64.45250373980059
2004-08-07,576,2004-08-07,1.5,29.0,68.0,7.0,568050.0,-3273375.0,3577,5.215315386367239,28.044646014456085,65.2778905820604
2004-08-15,577,2004-08-15,5.61904761904762,28.5238095238095,64.4285714285714,7.71428571428571,568096.428571429,-3273325.0,3577,5.4787701978096255,27.46834409140503,65.48382190563876
2004-08-23,578,2004-08-23,6.19047619047619,28.8571428571429,63.4761904761905,7.85714285714286,568096.428571429,-3273325.0,3577,4.919554903300298,28.395769607065688,65.11848858055316
2004-08-24,579,2004-08-24,5.71428571428571,27.952380952381,64.6190476190476,7.33333333333333,568096.428571429,-3273325.0,3577,4.289621111601895,29.103803317421264,65.1110117952126
2004-09-09,580,2004-09-09,2.61904761904762,30.9047619047619,65.0476190476191,7.52380952380952,568096.428571429,-3273325.0,3577,3.806052306825732,28.95422302155616,65.78115357293939
2004-09-16,581,2004-09-16,2.91666666666667,29.0833333333333,66.75,8.83333333333333,568067.5,-3273327.5,3577,3.180120447147836,30.325963252429304,65.13007245591412
2004-09-24,582,2004-09-24,2.0,32.3333333333333,64.3333333333333,7.44444444444444,568088.333333333,-3273361.66666667,3577,2.7722919495361182,32.39689696268157,63.521473108924916
2004-09-25,583,2004-09-25,2.66666666666667,30.6190476190476,65.3333333333333,7.14285714285714,568096.428571429,-3273325.0,3577,1.9627147877918945,33.43395819865906,63.34792658321123
2004-10-02,584,2004-10-02,2.9047619047619,30.0952380952381,65.8571428571429,7.38095238095238,568096.428571429,-3273325.0,3577,2.14537346038862,32.82515858753756,63.79540196644506
2004-10-03,585,2004-10-03,0.857142857142857,44.6190476190476,53.4285714285714,6.23809523809524,568096.428571429,-3273325.0,3577,2.5155811680575724,32.091398024055756,64.13070031103129
2004-10-10,586,2004-10-10,3.80952380952381,28.3333333333333,66.3809523809524,6.80952380952381,568096.428571429,-3273325.0,3577,2.7579157168936312,32.0515637613113,63.8763540381092
2004-10-11,587,2004-10-11,2.95238095238095,24.5714285714286,71.0952380952381,6.90476190476191,568096.428571429,-3273325.0,3577,2.618484714459554,28.50437900592274,67.51658764351257
2004-10-18,588,2004-10-18,1.85714285714286,25.5714285714286,71.1904761904762,6.71428571428571,568096.428571429,-3273325.0,3577,2.526837197889451,27.59212072756553,68.50627004573349
2004-10-19,589,2004-10-19,2.52380952380952,29.8095238095238,66.2857142857143,6.80952380952381,568096.428571429,-3273325.0,3577,2.1645557744625705,28.291848502370605,68.13494864267841
2004-10-26,590,2004-10-26,1.95238095238095,33.2857142857143,63.4285714285714,6.85714285714286,568096.428571429,-3273325.0,3577,1.7467449990667188,29.75504062500523,67.12236009603428
2004-10-27,591,2004-10-27,0.857142857142857,28.1904761904762,69.6190476190476,6.52380952380952,568096.428571429,-3273325.0,3577,1.2621418828847273,32.335712275335936,65.10700831675092
2004-11-03,592,2004-11-03,0.904761904761905,29.1904761904762,68.5714285714286,6.80952380952381,568096.428571429,-3273325.0,3577,0.7099737208095276,35.99167808455198,62.062933454565055
2004-11-04,593,2004-11-04,0.476190476190476,52.6666666666667,45.8095238095238,6.61904761904762,568096.428571429,-3273325.0,3577,0.6582859864592623,35.662678394871214,62.48522865162798
2004-11-12,594,2004-11-12,0.238095238095238,28.2857142857143,70.2857142857143,7.0,568096.428571429,-3273325.0,3577,0.45995026645174564,34.90261905276866,63.49957292448605
2004-11-20,595,2004-11-20,0.5,33.0,65.5,7.5,568080.0,-3273255.0,3577,0.3145393794733396,34.47204463017865,64.11396836012956
2004-11-27,596,2004-11-27,0.666666666666667,32.3809523809524,65.7619047619048,6.90476190476191,568096.428571429,-3273325.0,3577,0.32285901595005423,33.97452371103485,64.65696443037828
2004-11-28,597,2004-11-28,0.19047619047619,31.9047619047619,66.9047619047619,6.90476190476191,568096.428571429,-3273325.0,3577,0.2657128326021523,33.256223516850774,65.47992064151263
2004-12-06,598,2004-12-06,0.0,32.8333333333333,66.25,6.5,568102.5,-3273297.5,3577,0.15423859720745137,32.15437867221646,66.71372401699742
2004-12-13,599,2004-12-13,0.0952380952380952,36.2857142857143,62.5714285714286,7.19047619047619,568096.428571429,-3273325.0,3577,0.12156864372929035,32.95236605770576,65.95926425699761
2004-12-14,600,2004-12-14,0.0,33.6190476190476,65.4761904761905,6.90476190476191,568096.428571429,-3273325.0,3577,0.05986157126778682,33.23596361814865,65.69396580280397
2004-12-21,601,2004-12-21,0.0,30.7619047619048,68.2857142857143,6.95238095238095,568096.428571429,-3273325.0,3577,0.029512229121154088,31.466988283017486,67.43865399441222
2004-12-22,602,2004-12-22,0.263157894736842,33.2105263157895,65.3684210526316,6.68421052631579,568098.157894737,-3273332.36842105,3577,0.06921059495606273,32.99519480030639,65.87538409392567
2004-12-29,603,2004-12-29,0.0952380952380952,33.1904761904762,65.5714285714286,6.90476190476191,568096.428571429,-3273325.0,3577,0.11418400729137163,35.005158575057216,63.81122414871667
2005-01-06,604,2005-01-06,0.0476190476190476,33.5238095238095,65.3333333333333,6.90476190476191,568096.428571429,-3273325.0,3577,0.07190577061848591,37.29616554212705,61.6528660356986
2005-01-07,605,2005-01-07,0.0,36.5,62.5,8.0,568080.0,-3273255.0,3577,0.035343723139057606,39.16788995589125,59.86062399117557
2005-01-14,606,2005-01-14,0.0,54.2380952380952,45.1904761904762,7.90476190476191,568096.428571429,-3273325.0,3577,0.020828663487940165,40.80601238422038,58.25394308585551
2005-01-15,607,2005-01-15,0.0,38.5238095238095,60.6190476190476,6.57142857142857,568096.428571429,-3273325.0,3577,0.0,40.951771003418756,58.18998946845558
2005-01-22,608,2005-01-22,0.0,35.3333333333333,63.7142857142857,6.95238095238095,568096.428571429,-3273325.0,3577,0.0,39.064266269816876,60.08783077765395
2005-01-23,609,2005-01-23,0.0,35.5714285714286,63.5238095238095,6.95238095238095,568096.428571429,-3273325.0,3577,0.02621418557543305,37.37562196100011,61.72157463414484
2005-01-30,610,2005-01-30,0.0952380952380952,35.2857142857143,63.4761904761905,7.23809523809524,568096.428571429,-3273325.0,3577,0.02520802211204309,35.801349836948205,63.29810488787871
2005-01-31,611,2005-01-31,0.0,36.8095238095238,62.5238095238095,6.85714285714286,568096.428571429,-3273325.0,3577,0.027792640795732605,34.41717931191101,64.68481054548198
2005-02-07,612,2005-02-07,0.0,34.2380952380952,65.0,7.04761904761905,568096.428571429,-3273325.0,3577,0.041986651119771755,34.89818875654268,64.17210910863203
2005-02-08,613,2005-02-08,0.0476190476190476,35.6666666666667,63.3809523809524,7.0,568096.428571429,-3273325.0,3577,0.010054896084306316,37.46755682397537,61.67828437041912
2005-02-16,614,2005-02-16,0.0,40.5714285714286,58.6190476190476,6.95238095238095,568096.428571429,-3273325.0,3577,0.0,37.04525232249136,62.13427547683585
2005-02-23,615,2005-02-23,0.0,34.9523809523809,64.0952380952381,6.95238095238095,568096.428571429,-3273325.0,3577,0.0,36.159751110597085,62.95181566368706
2005-03-03,616,2005-03-03,0.0476190476190476,34.3809523809524,64.5238095238095,7.14285714285714,568096.428571429,-3273325.0,3577,0.04180758611872539,35.14603933217958,63.854229813005084
2005-03-04,617,2005-03-04,0.0,36.6190476190476,62.4285714285714,6.80952380952381,568096.428571429,-3273325.0,3577,0.0991498826251,34.25622867843718,64.62949221829834
2005-03-11,618,2005-03-11,0.0,32.0952380952381,67.1428571428571,7.28571428571429,568096.428571429,-3273325.0,3577,0.08074618879571233,33.82395390986217,65.13997483423753
2005-03-12,619,2005-03-12,0.35,30.95,67.6,6.9,568099.5,-3273322.5,3577,0.10006292726879465,33.312787599392536,65.63906358088812
2005-03-19,620,2005-03-19,0.1875,33.125,65.5625,7.25,568096.875,-3273309.375,3577,0.13921971990855356,32.45496054512597,66.4686708415324
2005-03-20,621,2005-03-20,0.0,35.6666666666667,63.6190476190476,6.85714285714286,568096.428571429,-3273325.0,3577,0.1362901159727582,32.99964754027728,65.97750501561434
2005-03-27,622,2005-03-27,0.0,34.2380952380952,65.0,6.90476190476191,568096.428571429,-3273325.0,3577,0.12702467810825055,33.25980134416169,65.74737672027712
2005-03-28,623,2005-03-28,0.1,32.5,66.5,6.9,568099.5,-3273322.5,3577,0.12512009404422397,34.467212225334,64.55507953088258
2005-04-04,624,2005-04-04,0.4,31.9333333333333,66.6666666666667,7.0,568101.0,-3273307.0,3577,0.09763101965112884,34.80131326361456,64.27364197978565
2005-04-05,625,2005-04-05,0.0,34.7142857142857,64.5714285714286,6.76190476190476,568096.428571429,-3273325.0,3577,0.1435180016062153,33.77128158218984,65.22573957259516
2005-04-12,626,2005-04-12,0.0,41.0476190476191,58.0952380952381,6.85714285714286,568096.428571429,-3273325.0,3577,0.14564924239844648,34.72617475403335,64.2209598966469
2005-04-13,627,2005-04-13,0.19047619047619,34.2857142857143,64.5238095238095,6.85714285714286,568096.428571429,-3273325.0,3577,0.026930435405663398,37.169014035494556,61.86545736254563
2005-04-21,628,2005-04-21,0.0952380952380952,35.2380952380952,63.7142857142857,6.80952380952381,568096.428571429,-3273325.0,3577,0.0,39.433520555805686,59.724174174629624
2005-04-28,629,2005-04-28,0.0476190476190476,36.0,62.9523809523809,7.09523809523809,568096.428571429,-3273325.0,3577,0.11661295360984003,40.051835213284335,58.871402591208025
2005-05-06,630,2005-05-06,0.15,45.95,52.9,7.2,568093.5,-3273322.5,3577,0.29105976582752424,39.5948214324316,59.10899234923119
2005-05-07,631,2005-05-07,0.0,46.0952380952381,53.0952380952381,8.71428571428571,568096.428571429,-3273325.0,3577,0.4902370591224352,38.366738266887324,60.09321947401545
2005-05-30,632,2005-05-30,0.952380952380952,32.9523809523809,64.8571428571429,7.57142857142857,568096.428571429,-3273325.0,3577,0.8235325046469332,38.45548053597014,59.66344182132765
2005-06-07,633,2005-06-07,1.42857142857143,30.8571428571429,66.5714285714286,6.80952380952381,568096.428571429,-3273325.0,3577,0.7145220620451755,35.578329049685976,62.58892191398998
2005-06-15,634,2005-06-15,1.04761904761905,33.4761904761905,64.2380952380952,7.80952380952381,568096.428571429,-3273325.0,3577,0.7135106895167755,32.524692283975355,65.58457229044487
2005-06-16,635,2005-06-16,0.0,36.3333333333333,62.6666666666667,7.66666666666667,568105.0,-3273265.0,3577,0.766372378910965,32.857976749767495,65.18425248640995
2005-06-23,636,2005-06-23,1.0,35.0952380952381,62.6190476190476,7.90476190476191,568096.428571429,-3273325.0,3577,0.8513676725749764,35.47518219653911,62.465410492490946
2005-07-01,637,2005-07-01,0.619047619047619,35.5238095238095,62.6666666666667,7.90476190476191,568096.428571429,-3273325.0,3577,0.8822489687813454,38.90443029622014,59.06129577336125
2005-07-02,638,2005-07-02,0.0,33.3333333333333,65.5,5.66666666666667,568100.0,-3273275.0,3577,0.9050565018055923,41.27136949736951,56.72664255248547
2005-07-09,639,2005-07-09,3.0,56.0,40.0,9.0,568035.0,-3273375.0,3577,1.1668638379162943,40.971198048591305,56.780420559823845
2005-07-10,640,2005-07-10,1.0,42.0476190476191,55.9047619047619,9.33333333333333,568096.428571429,-3273325.0,3577,1.2667216684242653,39.371356197975715,58.30073976590134
2005-07-17,641,2005-07-17,0.761904761904762,30.5714285714286,67.5714285714286,8.33333333333333,568096.428571429,-3273325.0,3577,1.1444613178357608,37.58448465878247,60.20809273285153
2005-07-18,642,2005-07-18,0.8,30.2,68.0,6.8,568095.0,-3273375.0,3577,1.0403277321232434,35.19855232486287,62.666687543613165
2005-07-25,643,2005-07-25,1.25,34.3333333333333,63.0833333333333,7.91666666666667,568102.5,-3273297.5,3577,1.1142099214852978,31.4853474698629,66.17181279331993
2005-07-26,644,2005-07-26,1.0952380952381,28.952380952381,68.7619047619048,7.33333333333333,568096.428571429,-3273325.0,3577,1.1003477946200773,27.677197931063763,69.90709883510696
2005-08-02,645,2005-08-02,0.619047619047619,28.5238095238095,69.4285714285714,7.61904761904762,568096.428571429,-3273325.0,3577,1.0896750308513394,26.354375242916188,71.1790948988985
2005-08-10,646,2005-08-10,1.76190476190476,29.3333333333333,67.5238095238095,7.66666666666667,568096.428571429,-3273325.0,3577,1.3214515962192008,29.33066108297868,67.98254798176382
2005-08-11,647,2005-08-11,1.61904761904762,24.4761904761905,72.4761904761905,7.04761904761905,568096.428571429,-3273325.0,3577,1.0654589476569307,28.76758906727517,68.88681210429407
2005-08-18,648,2005-08-18,0.428571428571429,26.4761904761905,71.9523809523809,7.52380952380952,568096.428571429,-3273325.0,3577,0.645231909473299,27.93561649907982,70.29376830598689
2005-08-26,649,2005-08-26,0.222222222222222,32.3333333333333,66.5555555555556,7.66666666666667,568108.333333333,-3273288.33333333,3577,0.36734053699992475,28.411777902176134,70.19223318819792
2005-09-04,650,2005-09-04,0.0,33.5714285714286,65.4285714285714,7.33333333333333,568096.428571429,-3273325.0,3577,0.23046535507832366,29.016327325920507,69.75125416378243
2005-09-12,651,2005-09-12,0.0,25.3333333333333,73.8095238095238,6.85714285714286,568096.428571429,-3273325.0,3577,0.14079522129055677,29.165434153045886,69.71062374157309
2005-09-19,652,2005-09-19,0.0476190476190476,23.9047619047619,75.0476190476191,7.38095238095238,568096.428571429,-3273325.0,3577,0.12422905611758249,28.949348896712976,69.87703507361907
2005-09-20,653,2005-09-20,0.4,33.0,65.3,6.8,568095.0,-3273360.0,3577,0.3330613658786532,28.887960336872407,69.64346582209319
2005-09-27,654,2005-09-27,1.2,28.9333333333333,68.4666666666667,7.0,568095.0,-3273345.0,3577,0.40391662001563056,27.658148662478872,70.75978809631005
2005-10-05,655,2005-10-05,0.0,27.1428571428571,71.9047619047619,6.90476190476191,568096.428571429,-3273325.0,3577,0.33993491888223637,27.733745099066024,70.76833005314919
2005-10-13,656,2005-10-13,0.0,30.0,68.9047619047619,6.80952380952381,568096.428571429,-3273325.0,3577,0.2109015855145572,29.43911712641922,69.26351409167711
2005-10-21,657,2005-10-21,0.0,27.6666666666667,71.2380952380952,7.19047619047619,568096.428571429,-3273325.0,3577,0.09319679288718158,30.780927019312514,68.07687307531491
2005-10-22,658,2005-10-22,0.0476190476190476,31.8095238095238,67.1904761904762,7.04761904761905,568096.428571429,-3273325.0,3577,0.030353753573563423,31.080074724032926,67.85156422523828
2005-10-30,659,2005-10-30,0.0,30.8095238095238,68.2380952380952,6.90476190476191,568096.428571429,-3273325.0,3577,0.02526740545316026,31.468286924628977,67.42555215681142
2005-11-06,660,2005-11-06,0.285714285714286,36.4761904761905,62.0,7.28571428571429,568096.428571429,-3273325.0,3577,0.11948010709618827,32.48904037138847,66.26402647918684
2005-11-07,661,2005-11-07,0.0952380952380952,32.1428571428571,66.5714285714286,7.04761904761905,568096.428571429,-3273325.0,3577,0.287947346770833,32.503784141550184,66.02654208535574
2005-11-14,662,2005-11-14,0.476190476190476,29.0952380952381,69.1428571428571,6.85714285714286,568096.428571429,-3273325.0,3577,0.15418533994383074,31.445929715274865,67.31660908749684
2005-11-15,663,2005-11-15,0.0476190476190476,30.952380952381,67.9523809523809,6.90476190476191,568096.428571429,-3273325.0,3577,0.11679548521652036,30.514744543377766,68.29697856322221
2005-11-22,664,2005-11-22,0.0,30.2857142857143,68.8571428571429,6.80952380952381,568096.428571429,-3273325.0,3577,0.09959081166510023,30.03748882695804,68.80675671077117
2005-11-23,665,2005-11-23,0.0476190476190476,31.9047619047619,67.1428571428571,7.0,568096.428571429,-3273325.0,3577,0.0957515137081558,31.326199239352462,67.58192230884718
2005-12-16,666,2005-12-16,0.0,32.0,66.9523809523809,7.14285714285714,568096.428571429,-3273325.0,3577,0.09711238194208888,33.47633764583731,65.49685814700315
2005-12-25,667,2005-12-25,0.0,32.4761904761905,66.6666666666667,6.80952380952381,568096.428571429,-3273325.0,3577,0.13079283977114847,35.86967805156125,63.062561793202526
2006-01-17,668,2006-01-17,0.666666666666667,40.0,58.0,7.0,568065.0,-3273375.0,3577,0.1354579373155022,36.2133923867616,62.71197223827867
2006-01-26,669,2006-01-26,0.0,39.4761904761905,59.8571428571429,6.66666666666667,568096.428571429,-3273325.0,3577,0.17397978698285693,36.07204482823139,62.80924029529902
2006-02-02,670,2006-02-02,0.0,36.05,63.2,6.85,568099.5,-3273322.5,3577,0.09564016994356132,35.72450062836526,63.275844485742155
2006-02-10,671,2006-02-10,0.0,32.0952380952381,66.9523809523809,6.80952380952381,568096.428571429,-3273325.0,3577,0.03913733325497456,35.06129087630113,64.05107585911584
2006-02-11,672,2006-02-11,0.0,30.1428571428571,68.8571428571429,6.28571428571429,568082.142857143,-3273366.42857143,3577,0.0,34.10802200894571,65.04005179546004
2006-02-19,673,2006-02-19,0.0,33.8571428571429,65.3809523809524,6.47619047619048,568096.428571429,-3273325.0,3577,0.0,32.72307233529654,66.42067529992234
2006-02-26,674,2006-02-26,0.0,36.8095238095238,62.3333333333333,6.80952380952381,568096.428571429,-3273325.0,3577,0.0,32.68690932390133,66.45332685888968
2006-02-27,675,2006-02-27,0.0,33.0,66.0952380952381,6.90476190476191,568096.428571429,-3273325.0,3577,0.06665780040392033,33.289827973878715,65.7353870072038
2006-03-06,676,2006-03-06,0.19047619047619,32.7142857142857,66.1428571428571,6.85714285714286,568096.428571429,-3273325.0,3577,0.05191609216376229,33.2627362317715,65.7927902850405
2006-03-07,677,2006-03-07,0.0,31.3333333333333,67.7142857142857,6.52380952380952,568096.428571429,-3273325.0,3577,0.04949642720539798,33.280900987552364,65.77498146847007
2006-03-14,678,2006-03-14,0.0,33.8095238095238,65.4285714285714,4.80952380952381,568096.428571429,-3273325.0,3577,0.04099512458644965,33.341561431339734,65.71127221590632
2006-03-22,679,2006-03-22,0.0,34.8571428571429,64.2380952380952,6.85714285714286,568096.428571429,-3273325.0,3577,0.003100099075330813,33.37880488963581,65.72934908228042
2006-03-31,680,2006-03-31,0.0952380952380952,30.2857142857143,68.5714285714286,6.71428571428571,568096.428571429,-3273325.0,3577,0.011868420537149468,35.44062851492663,63.61469180972875
2006-04-07,681,2006-04-07,0.0,36.0,63.0,6.66666666666667,568065.0,-3273375.0,3577,0.052890350103964534,31.449728805761264,67.51008640481318
2006-04-08,682,2006-04-08,0.0,35.1904761904762,64.0476190476191,7.09523809523809,568096.428571429,-3273325.0,3577,0.11512739066916905,30.30094673128277,68.5625880827017
2006-04-15,683,2006-04-15,0.142857142857143,30.047619047619,68.6666666666667,6.80952380952381,568096.428571429,-3273325.0,3577,0.09632060406052753,30.68996328748193,68.17568190322592
2006-04-16,684,2006-04-16,0.19047619047619,27.952380952381,70.6666666666667,6.76190476190476,568096.428571429,-3273325.0,3577,0.11118808951624606,32.26849724062864,66.56952851069505
2006-04-23,685,2006-04-23,0.333333333333333,28.4761904761905,70.0,6.95238095238095,568096.428571429,-3273325.0,3577,0.15975974489903974,35.033648498039554,63.77630625307692
2006-04-24,686,2006-04-24,0.0,28.6190476190476,70.7142857142857,6.33333333333333,568096.428571429,-3273325.0,3577,0.19461652898182485,37.166795021278645,61.622894133720834
2006-05-01,687,2006-05-01,0.0,66.0,33.0,4.0,568155.0,-3273285.0,3577,0.1389900089590285,38.68738073071861,60.20480551439404
2006-05-02,688,2006-05-02,0.142857142857143,31.1904761904762,67.6190476190476,6.80952380952381,568096.428571429,-3273325.0,3577,0.16249014143748566,39.36403266495557,59.5384026705919
2006-05-09,689,2006-05-09,0.666666666666667,35.0,63.3333333333333,7.0,568085.0,-3273370.0,3577,0.20003732078032505,37.68040525005906,61.21260163983706
2006-05-10,690,2006-05-10,0.0,31.7619047619048,67.3809523809524,6.71428571428571,568096.428571429,-3273325.0,3577,0.2824570682155401,34.18504282095101,64.54530639638031
2006-05-17,691,2006-05-17,0.0952380952380952,29.2380952380952,69.7142857142857,6.90476190476191,568096.428571429,-3273325.0,3577,0.34210165479510224,30.49845407430091,68.1181733642932
2006-05-18,692,2006-05-18,0.380952380952381,30.5238095238095,68.0,6.76190476190476,568096.428571429,-3273325.0,3577,0.36096102040369094,28.41897215271404,70.13195009323991
2006-05-25,693,2006-05-25,0.8,26.8,71.1333333333333,8.2,568095.0,-3273345.0,3577,0.30519882594181436,27.911226441253234,70.72443799749243
2006-06-03,694,2006-06-03,0.0,31.8571428571429,67.0952380952381,6.90476190476191,568096.428571429,-3273325.0,3577,0.24718521932140528,32.074687953940135,66.57319202983844
2006-06-10,695,2006-06-10,0.2,33.6,65.1,7.4,568095.0,-3273360.0,3577,0.21063260784619867,30.731383992679714,67.93264454842388
2006-06-11,696,2006-06-11,0.0,33.0,66.0476190476191,6.71428571428571,568096.428571429,-3273325.0,3577,0.15025531743795756,33.22123846694135,65.55126855505839
2006-06-18,697,2006-06-18,0.0952380952380952,31.7142857142857,67.0476190476191,7.33333333333333,568096.428571429,-3273325.0,3577,0.013671055466719088,33.34484738452717,65.61268406046489
2006-06-19,698,2006-06-19,0.0952380952380952,29.8095238095238,69.0952380952381,6.80952380952381,568096.428571429,-3273325.0,3577,0.0,32.70144944650506,66.31305901152929
2006-06-26,699,2006-06-26,0.0,35.6363636363636,63.2727272727273,7.27272727272727,568097.727272727,-3273293.18181818,3577,0.051676122476179885,31.535646053617235,67.38814398600528
2006-06-27,700,2006-06-27,0.0,30.8095238095238,68.2857142857143,6.80952380952381,568096.428571429,-3273325.0,3577,0.12708367523805236,29.52180157183135,69.30201163858399
2006-07-04,701,2006-07-04,0.0476190476190476,30.5714285714286,68.3809523809524,7.28571428571429,568096.428571429,-3273325.0,3577,0.06620414095324197,28.571081192191585,70.33290177308092
2006-07-12,702,2006-07-12,0.357142857142857,19.0,79.4285714285714,11.7857142857143,568097.142857143,-3273321.42857143,3577,0.11060856347879391,27.845954426473938,71.00395615124312
2006-07-20,703,2006-07-20,0.142857142857143,31.2380952380952,67.6190476190476,7.52380952380952,568096.428571429,-3273325.0,3577,0.14513589015882472,27.352736312110732,71.44367753834811
2006-07-29,704,2006-07-29,0.0476190476190476,27.2857142857143,71.6190476190476,6.80952380952381,568096.428571429,-3273325.0,3577,0.19596971448323383,26.96178599585688,71.7696759878788
2006-08-05,705,2006-08-05,0.0,28.2857142857143,70.7619047619048,7.14285714285714,568096.428571429,-3273325.0,3577,0.18523600034490706,27.216820433505898,71.58842883385323
2006-08-06,706,2006-08-06,0.315789473684211,29.2105263157895,69.4210526315789,6.78947368421053,568098.157894737,-3273332.36842105,3577,0.16563119902074008,28.529157711068372,70.31290579018346
2006-08-13,707,2006-08-13,0.411764705882353,27.4117647058824,71.1176470588235,7.0,568093.235294118,-3273337.94117647,3577,0.1507828070864011,28.923151739545567,69.97408930947935
2006-08-14,708,2006-08-14,0.0,27.952380952381,71.1904761904762,6.57142857142857,568096.428571429,-3273325.0,3577,0.13652221121858404,28.439118534016025,70.51203440042497
2006-08-21,709,2006-08-21,0.0,28.0,71.2380952380952,6.85714285714286,568096.428571429,-3273325.0,3577,0.14331697211335442,27.139391046316057,71.77650060673841
2006-08-22,710,2006-08-22,0.0476190476190476,29.0952380952381,69.8571428571429,6.57142857142857,568096.428571429,-3273325.0,3577,0.09946039033827136,28.39033127058086,70.5659872753097
2006-08-29,711,2006-08-29,0.238095238095238,27.2857142857143,71.3333333333333,6.85714285714286,568096.428571429,-3273325.0,3577,0.05199783490574337,28.419158605801904,70.59295022807227
2006-08-30,712,2006-08-30,0.0,26.8571428571429,72.3333333333333,6.52380952380952,568096.428571429,-3273325.0,3577,0.021920569055111236,27.75758439466103,71.22843973497088
2006-09-07,713,2006-09-07,0.0,28.0952380952381,70.9047619047619,6.52380952380952,568096.428571429,-3273325.0,3577,0.042139644263687825,28.824341622933588,70.12461396542194
2006-09-14,714,2006-09-14,0.0476190476190476,30.8095238095238,68.0,8.95238095238095,568096.428571429,-3273325.0,3577,0.04971389928591878,25.91623205604789,73.02007400417345
2006-09-15,715,2006-09-15,0.0,26.7619047619048,72.4285714285714,6.52380952380952,568096.428571429,-3273325.0,3577,0.00656000346402726,26.57382478202515,72.47799388432979
2006-09-22,716,2006-09-22,0.0,23.5238095238095,75.5238095238095,6.71428571428571,568096.428571429,-3273325.0,3577,0.0,28.49460491778177,70.64060546006083
2006-09-23,717,2006-09-23,0.0,28.0,71.0,5.8,568095.0,-3273375.0,3577,0.0,27.85662686126667,71.28797363626019
2006-10-01,718,2006-10-01,0.0,32.25,67.25,10.375,568087.5,-3273337.5,3577,0.010886945871464352,29.77071155108638,69.40651331381719
2006-10-08,719,2006-10-08,0.0,25.952380952381,73.1428571428571,6.38095238095238,568096.428571429,-3273325.0,3577,0.0,32.88345407172318,66.39284354705188
2006-10-17,720,2006-10-17,0.0,51.1666666666667,48.1666666666667,4.16666666666667,568055.0,-3273355.0,3577,0.0,36.037705135416495,63.25562344001801
2006-10-24,721,2006-10-24,0.0,23.952380952381,75.1904761904762,6.57142857142857,568096.428571429,-3273325.0,3577,0.002211410880141196,38.030507676012846,61.24279074897356
2006-10-25,722,2006-10-25,0.0,33.4285714285714,65.9047619047619,6.85714285714286,568096.428571429,-3273325.0,3577,0.0,35.322129818061086,63.91712821491278
2006-11-02,723,2006-11-02,0.0,50.1875,49.1875,7.1875,568096.875,-3273309.375,3577,0.0,32.91809925110517,66.27678803393758
2006-11-09,724,2006-11-09,0.0,25.0952380952381,73.9523809523809,6.52380952380952,568096.428571429,-3273325.0,3577,0.01769128704112958,31.012769158081845,68.1176962227557
2006-11-18,725,2006-11-18,0.0,24.2380952380952,74.8571428571429,6.14285714285714,568096.428571429,-3273325.0,3577,0.0,29.414850371502308,69.84056191485486
2006-11-25,726,2006-11-25,0.0,24.5238095238095,74.6190476190476,6.61904761904762,568096.428571429,-3273325.0,3577,0.0,29.18666505063127,70.03732110251957
2006-12-03,727,2006-12-03,0.0,29.2857142857143,69.9523809523809,6.66666666666667,568096.428571429,-3273325.0,3577,0.0,31.570847947197713,67.65334646003139
2006-12-04,728,2006-12-04,0.0,43.1904761904762,56.2380952380952,5.33333333333333,568096.428571429,-3273325.0,3577,0.027942130109308624,30.558276411406524,68.60422942639408
2006-12-11,729,2006-12-11,0.0,28.7142857142857,70.4285714285714,6.14285714285714,568096.428571429,-3273325.0,3577,0.06168753846771505,30.96501614999604,68.15754601434698
2006-12-12,730,2006-12-12,0.0,32.3809523809524,66.8571428571429,6.33333333333333,568096.428571429,-3273325.0,3577,0.08959049206725886,33.30717135031652,65.76306633252244
2006-12-19,731,2006-12-19,0.380952380952381,31.5238095238095,66.8571428571429,6.14285714285714,568096.428571429,-3273325.0,3577,0.10266204383849906,31.252903701041447,67.73500467539702
2006-12-27,732,2006-12-27,0.0,25.0,74.2380952380952,6.61904761904762,568096.428571429,-3273325.0,3577,0.09534119131640925,29.931203729186862,69.06540492530172
2006-12-28,733,2006-12-28,0.0476190476190476,29.0952380952381,69.9047619047619,6.47619047619048,568096.428571429,-3273325.0,3577,0.04631797511053784,28.957382034614138,70.09987340343143
2007-01-13,734,2007-01-13,0.0,29.2380952380952,69.9523809523809,6.52380952380952,568096.428571429,-3273325.0,3577,0.02660188109104122,28.759477079865487,70.33505429174086
2007-01-21,735,2007-01-21,0.0,36.9166666666667,62.25,7.0,568067.5,-3273322.5,3577,0.03133089820395859,29.35466924308755,69.74878303217655
2007-01-28,736,2007-01-28,0.0,23.8571428571429,75.2857142857143,6.19047619047619,568096.428571429,-3273325.0,3577,0.02766480165860563,28.377820389914916,70.6908493304428
2007-01-29,737,2007-01-29,0.0476190476190476,28.1904761904762,70.8571428571429,6.14285714285714,568096.428571429,-3273325.0,3577,0.056271901473131505,28.46105816946196,70.55590732117298
2007-02-06,738,2007-02-06,0.142857142857143,26.7619047619048,71.9047619047619,6.04761904761905,568096.428571429,-3273325.0,3577,0.12143893258442533,28.725976795998598,70.12201886157986
2007-02-13,739,2007-02-13,0.285714285714286,27.0952380952381,71.5714285714286,6.23809523809524,568096.428571429,-3273325.0,3577,0.11614597992305242,27.962618026692404,70.8823641325165
2007-02-14,740,2007-02-14,0.0,30.5263157894737,68.4736842105263,6.15789473684211,568098.157894737,-3273332.36842105,3577,0.11510677145350359,28.64424482963245,70.16666201376738
2007-02-21,741,2007-02-21,0.0,31.5,67.5,6.0,568050.0,-3273375.0,3577,0.09357515549464626,29.395436755950538,69.4580018590832
2007-02-22,742,2007-02-22,0.142857142857143,27.9047619047619,70.9047619047619,6.38095238095238,568096.428571429,-3273325.0,3577,0.06127721607596858,29.046736016138567,69.8632832731229
2007-03-09,743,2007-03-09,0.0,28.7619047619048,70.1428571428571,6.61904761904762,568096.428571429,-3273325.0,3577,0.0,27.629702218911078,71.38838392609524
2007-03-10,744,2007-03-10,0.0,25.1904761904762,73.9523809523809,6.09523809523809,568096.428571429,-3273325.0,3577,0.0,27.426311372616556,71.62880379084292
2007-03-17,745,2007-03-17,0.0,28.6666666666667,70.3333333333333,5.76190476190476,568096.428571429,-3273325.0,3577,0.0,27.370060198881276,71.6768897551746
2007-03-26,746,2007-03-26,0.0,24.2380952380952,74.8571428571429,6.52380952380952,568096.428571429,-3273325.0,3577,0.039338370607714654,27.002152618980908,72.02948138167852
2007-04-02,747,2007-04-02,0.0,27.7142857142857,71.3333333333333,6.71428571428571,568096.428571429,-3273325.0,3577,0.07077442681156798,27.96022130061144,71.01429437977178
2007-04-03,748,2007-04-03,0.0952380952380952,35.6190476190476,63.3809523809524,11.1428571428571,568096.428571429,-3273325.0,3577,0.0788128280388224,29.527527683869998,69.44907569209938
2007-04-11,749,2007-04-11,0.285714285714286,27.5238095238095,71.1904761904762,6.19047619047619,568096.428571429,-3273325.0,3577,0.10280844026972515,30.423195483562438,68.53459388907282
2007-04-18,750,2007-04-18,0.0,29.8095238095238,69.1904761904762,6.71428571428571,568096.428571429,-3273325.0,3577,0.1127726762401516,32.9527577685423,65.95794401675771
2007-05-04,751,2007-05-04,0.19047619047619,30.7142857142857,68.0952380952381,6.95238095238095,568096.428571429,-3273325.0,3577,0.23100428982778443,30.692183255336545,68.06278169713684
2007-05-05,752,2007-05-05,0.0,37.0,62.0,7.0,568095.0,-3273255.0,3577,0.0,31.22781965196358,67.7630723249817
2007-05-13,753,2007-05-13,0.0,31.7142857142857,67.4761904761905,5.80952380952381,568096.428571429,-3273325.0,3577,0.0,32.36968604150781,66.64701397672539
2007-05-20,754,2007-05-20,0.285714285714286,31.047619047619,67.4285714285714,6.90476190476191,568096.428571429,-3273325.0,3577,0.02047797403834275,34.289637606969926,64.73138729174914
2007-05-21,755,2007-05-21,0.0952380952380952,33.1428571428571,65.6666666666667,6.71428571428571,568096.428571429,-3273325.0,3577,0.15539981174653772,36.15005891940334,62.73169297162169
2007-05-28,756,2007-05-28,0.0,29.1,70.1,4.7,568062.0,-3273315.0,3577,0.41779067166057804,35.78674864866278,62.77052802717502
2007-05-29,757,2007-05-29,0.0,55.5,43.6666666666667,4.5,568050.0,-3273335.0,3577,0.6433061262781654,34.97468372700045,63.303276187167675
2007-06-13,758,2007-06-13,2.33333333333333,28.047619047619,68.3809523809524,7.04761904761905,568096.428571429,-3273325.0,3577,0.8481714364066022,34.09120446116839,63.9443270867324
2007-06-14,759,2007-06-14,0.19047619047619,27.9047619047619,70.5714285714286,6.57142857142857,568096.428571429,-3273325.0,3577,0.886299459054743,33.15169711608844,64.80184469811984
2007-06-21,760,2007-06-21,1.14285714285714,29.3333333333333,68.2380952380952,7.04761904761905,568096.428571429,-3273325.0,3577,0.8047288109206396,31.120585297051235,66.90280978050875
2007-06-30,761,2007-06-30,0.666666666666667,29.2857142857143,68.9523809523809,6.61904761904762,568096.428571429,-3273325.0,3577,0.7038784907449318,29.461885309298207,68.63607929194322
2007-07-07,762,2007-07-07,0.19047619047619,30.3809523809524,68.4285714285714,7.0,568096.428571429,-3273325.0,3577,0.5074539278546991,28.09583054498717,70.24996620889328
2007-07-08,763,2007-07-08,0.285714285714286,31.0952380952381,67.4761904761905,6.61904761904762,568096.428571429,-3273325.0,3577,0.3509449650886314,27.640600858048252,70.9066721936911
2007-07-16,764,2007-07-16,0.285714285714286,27.5238095238095,71.0476190476191,6.42857142857143,568096.428571429,-3273325.0,3577,0.3026313754682216,30.70307360880473,67.96003822367481
2007-07-31,765,2007-07-31,0.619047619047619,28.1904761904762,70.1904761904762,5.90476190476191,568096.428571429,-3273325.0,3577,0.509282363934398,27.37192035057032,71.0080514238792
2007-08-08,766,2007-08-08,0.666666666666667,26.5238095238095,71.6666666666667,6.85714285714286,568096.428571429,-3273325.0,3577,0.4291897879969586,26.883882452886095,71.50578084127615
2007-08-09,767,2007-08-09,0.333333333333333,26.3809523809524,72.0476190476191,6.52380952380952,568096.428571429,-3273325.0,3577,0.45811496634367377,27.618927132284576,70.77663605200436
2007-08-16,768,2007-08-16,0.421052631578947,28.8421052631579,69.5263157894737,6.84210526315789,568098.157894737,-3273332.36842105,3577,0.4056606041288503,27.3180270926686,71.0894335418427
2007-08-17,769,2007-08-17,0.19047619047619,26.7142857142857,72.0952380952381,6.09523809523809,568096.428571429,-3273325.0,3577,0.26620574037874906,27.496244860995517,71.14178792799207
2007-08-24,770,2007-08-24,0.238095238095238,25.3333333333333,73.0952380952381,6.80952380952381,568096.428571429,-3273325.0,3577,0.1942080514672695,28.462331351768185,70.31162669820574
2007-08-25,771,2007-08-25,0.0952380952380952,37.8571428571429,61.3809523809524,5.19047619047619,568096.428571429,-3273325.0,3577,0.17135610031159032,28.727404391812662,70.09890226550414
2007-09-02,772,2007-09-02,0.0476190476190476,23.047619047619,75.9523809523809,6.14285714285714,568096.428571429,-3273325.0,3577,0.16498986321372627,29.74926529121946,69.13656190639024
2007-09-09,773,2007-09-09,0.476190476190476,24.3809523809524,73.9047619047619,6.66666666666667,568096.428571429,-3273325.0,3577,0.18256123323743204,27.99380286759697,70.84853683060217
2007-09-10,774,2007-09-10,0.0,33.5,66.0,6.0,568050.0,-3273375.0,3577,0.16245733518013952,26.98132173078814,71.85475615578827
2007-09-17,775,2007-09-17,0.333333333333333,27.6666666666667,70.5,6.66666666666667,568100.0,-3273275.0,3577,0.1704830935725254,26.253870104689078,72.53932176670216
2007-09-18,776,2007-09-18,0.0,22.7619047619048,76.1904761904762,6.14285714285714,568096.428571429,-3273325.0,3577,0.14571187326603102,25.562766438923624,73.24688469424217
2007-10-04,777,2007-10-04,0.0,24.1904761904762,74.9047619047619,6.09523809523809,568096.428571429,-3273325.0,3577,0.12492976579662021,25.155776112428697,73.6170081208671
2007-10-12,778,2007-10-12,0.285714285714286,21.1428571428571,77.4285714285714,6.0,568082.142857143,-3273366.42857143,3577,0.08219128652563962,26.416910746628155,72.44413532802542
2007-10-19,779,2007-10-19,0.0,35.6190476190476,63.4761904761905,10.7142857142857,568096.428571429,-3273325.0,3577,0.055042996219458615,26.277521755845978,72.62484445378095
2007-10-28,780,2007-10-28,0.0952380952380952,25.3333333333333,73.4761904761905,6.0,568096.428571429,-3273325.0,3577,0.07012285959653336,27.945828337465002,71.0039397307093
2007-11-04,781,2007-11-04,0.0,28.5238095238095,70.5238095238095,6.23809523809524,568096.428571429,-3273325.0,3577,0.02346466742751225,30.194420130948107,68.90683542462699
2007-11-13,782,2007-11-13,0.0,29.7142857142857,69.3333333333333,6.28571428571429,568096.428571429,-3273325.0,3577,0.029923636734777753,31.212766078086478,67.84286456576464
2007-11-29,783,2007-11-29,0.0,33.4761904761905,65.8571428571429,6.57142857142857,568096.428571429,-3273325.0,3577,0.0,30.475592175278024,68.67414877862768
2007-12-22,784,2007-12-22,0.0,31.5,67.75,6.75,568110.0,-3273270.0,3577,0.0,30.147247489348253,69.06752921999566
2007-12-31,785,2007-12-31,0.0,29.9047619047619,69.2380952380952,6.38095238095238,568096.428571429,-3273325.0,3577,0.004264053799656877,30.79163560896846,68.45673908134184
2008-01-07,786,2008-01-07,0.0,29.6111111111111,69.4444444444444,6.66666666666667,568101.666666667,-3273316.66666667,3577,0.0,32.626126367607554,66.63015587782391
2008-01-15,787,2008-01-15,0.0,32.3333333333333,67.0,6.28571428571429,568096.428571429,-3273325.0,3577,0.006464124111181959,32.06903107212226,67.12364957023394
2008-02-09,788,2008-02-09,0.0,31.8571428571429,67.4285714285714,6.09523809523809,568096.428571429,-3273325.0,3577,0.0009227099010379364,32.9721537492386,66.19139451878398
2008-02-16,789,2008-02-16,0.0,39.2380952380952,60.0,6.23809523809524,568096.428571429,-3273325.0,3577,0.004704274054118555,33.892342607507814,65.26338668210757
2008-02-17,790,2008-02-17,0.0,33.7619047619048,65.2380952380952,6.66666666666667,568096.428571429,-3273325.0,3577,0.010268369401494799,34.34476359553246,64.80976866270015
2008-02-24,791,2008-02-24,0.0476190476190476,29.4761904761905,69.3809523809524,6.61904761904762,568096.428571429,-3273325.0,3577,0.015276776886681718,33.37375055013468,65.75119208909166
2008-02-25,792,2008-02-25,0.0,34.2380952380952,65.1428571428571,6.14285714285714,568096.428571429,-3273325.0,3577,0.04249620348690918,32.46383431171932,66.56564809187243
2008-03-03,793,2008-03-03,0.0,35.3333333333333,63.8095238095238,6.23809523809524,568096.428571429,-3273325.0,3577,0.0,33.14397852974839,66.00427626253588
2008-03-04,794,2008-03-04,0.0476190476190476,29.8571428571429,69.2380952380952,6.19047619047619,568096.428571429,-3273325.0,3577,0.0,33.48227073018816,65.69852864531691
2008-03-11,795,2008-03-11,0.0,32.5,66.5,7.0,568080.0,-3273255.0,3577,0.008397175579836887,34.15396761729964,65.01867457944373
2008-03-12,796,2008-03-12,0.0,37.0952380952381,62.1428571428571,6.09523809523809,568096.428571429,-3273325.0,3577,0.05392234184803042,35.54748643350034,63.57748956273343
2008-03-19,797,2008-03-19,0.0,39.5238095238095,59.7142857142857,6.33333333333333,568096.428571429,-3273325.0,3577,0.07713133100128855,35.09742161591074,63.961908874886106
2008-03-20,798,2008-03-20,0.0,34.2631578947368,65.0526315789474,4.0,568098.157894737,-3273332.36842105,3577,0.11441499676792086,34.14481404207144,64.83806186208672
2008-03-27,799,2008-03-27,0.523809523809524,27.4761904761905,70.6190476190476,6.76190476190476,568096.428571429,-3273325.0,3577,0.12634527495206718,33.21440422050973,65.75996994694071
2008-03-28,800,2008-03-28,0.0,34.9047619047619,64.4285714285714,6.09523809523809,568096.428571429,-3273325.0,3577,0.11993321436044098,31.932803902409688,67.02429147083512
2008-04-05,801,2008-04-05,0.0,29.8571428571429,69.1428571428571,6.14285714285714,568096.428571429,-3273325.0,3577,0.06967026781267227,29.879782050545074,69.09515485870978
2008-04-21,802,2008-04-21,0.0,28.8095238095238,70.1904761904762,6.09523809523809,568096.428571429,-3273325.0,3577,0.04090491551791263,29.261273030626185,69.71286069825702
2008-04-28,803,2008-04-28,0.142857142857143,30.7619047619048,68.0952380952381,6.80952380952381,568096.428571429,-3273325.0,3577,0.06708307172702471,30.138528173633773,68.75798434041039
2008-05-14,804,2008-05-14,0.0,29.9047619047619,69.0952380952381,6.90476190476191,568096.428571429,-3273325.0,3577,0.11273607713234526,31.51669889791131,67.3102475200449
2008-05-23,805,2008-05-23,0.142857142857143,32.4285714285714,66.3809523809524,6.47619047619048,568096.428571429,-3273325.0,3577,0.1812552772304824,31.909801671962747,66.84777163108173
2008-05-30,806,2008-05-30,0.285714285714286,31.8571428571429,66.6190476190476,7.09523809523809,568096.428571429,-3273325.0,3577,0.2826848074525671,31.806178766290564,66.78916566950537
2008-06-15,807,2008-06-15,0.5,34.4,64.0,6.4,568095.0,-3273360.0,3577,0.24185463659144246,32.21691732658288,66.49216691157055
2008-06-24,808,2008-06-24,0.19047619047619,32.0,66.7142857142857,6.90476190476191,568096.428571429,-3273325.0,3577,0.20500912915770525,32.469441746253516,66.28786571892482
2008-07-17,809,2008-07-17,0.0,29.8235294117647,69.4705882352941,4.58823529411765,568084.411764706,-3273320.29411765,3577,0.15042748788876567,31.264630955757237,67.5856305413662
2008-08-11,810,2008-08-11,0.0476190476190476,29.3809523809524,69.5238095238095,6.80952380952381,568096.428571429,-3273325.0,3577,0.08146394369303364,30.51243384187749,68.44430989394453
2008-08-18,811,2008-08-18,0.0,30.4761904761905,68.4761904761905,7.04761904761905,568096.428571429,-3273325.0,3577,0.00811830068795891,30.08844084949992,68.97807419314309
2008-08-27,812,2008-08-27,0.0,29.6666666666667,69.4285714285714,6.71428571428571,568096.428571429,-3273325.0,3577,0.0,27.790115572518996,71.26291379959954
2008-09-03,813,2008-09-03,0.142857142857143,28.3333333333333,70.5238095238095,7.0,568096.428571429,-3273325.0,3577,0.029672082303656862,26.737895201376915,72.22379726749435
2008-09-11,814,2008-09-11,0.0,20.9047619047619,78.1428571428571,7.0,568096.428571429,-3273325.0,3577,0.07712875359933036,25.928465937021528,72.97585647520816
2008-09-12,815,2008-09-12,0.0476190476190476,28.6666666666667,70.2857142857143,6.71428571428571,568096.428571429,-3273325.0,3577,0.0764395563157059,24.061682201725972,74.8798925229336
2008-09-20,816,2008-09-20,0.142857142857143,19.8095238095238,79.0476190476191,6.57142857142857,568096.428571429,-3273325.0,3577,0.06358863015208817,21.749556823310645,77.29558743325572
2008-09-27,817,2008-09-27,0.0476190476190476,18.6666666666667,80.2857142857143,6.42857142857143,568096.428571429,-3273325.0,3577,0.05602550184592693,22.201319835991455,76.84156607065675
2008-09-28,818,2008-09-28,0.0,29.8571428571429,69.4285714285714,6.38095238095238,568096.428571429,-3273325.0,3577,0.036154763708937894,21.98981256101672,77.06801093642046
2008-10-06,819,2008-10-06,0.0,16.0952380952381,83.1428571428571,6.47619047619048,568096.428571429,-3273325.0,3577,0.02076870497922819,21.711032002050445,77.39147642861656
2008-10-13,820,2008-10-13,0.0476190476190476,21.9047619047619,77.1428571428571,6.33333333333333,568096.428571429,-3273325.0,3577,0.018372752118879405,23.20062032909984,75.91303794243832
2008-10-14,821,2008-10-14,0.0,27.3333333333333,71.6190476190476,6.14285714285714,568096.428571429,-3273325.0,3577,0.0,23.964538557414233,75.16817290035976
2008-10-21,822,2008-10-21,0.0,27.5714285714286,71.4285714285714,6.42857142857143,568096.428571429,-3273325.0,3577,0.0,25.113337127265254,73.99781384764798
2008-10-22,823,2008-10-22,0.0,16.7142857142857,82.5714285714286,6.14285714285714,568096.428571429,-3273325.0,3577,0.007556942541461534,24.933269001376722,74.14414275094285
2008-11-06,824,2008-11-06,0.0,32.0952380952381,67.0952380952381,6.66666666666667,568096.428571429,-3273325.0,3577,0.0020413023508995677,26.136212085124583,72.93908722855002
2008-11-22,825,2008-11-22,0.0,28.8333333333333,70.1666666666667,5.33333333333333,568085.0,-3273370.0,3577,0.003606300819922572,26.750226553628124,72.35502010887929
2008-11-30,826,2008-11-30,0.0,19.0,80.0476190476191,6.23809523809524,568096.428571429,-3273325.0,3577,0.016954150081082475,24.28009915780451,74.81692456149544
2008-12-01,827,2008-12-01,0.0,26.4761904761905,72.6190476190476,6.09523809523809,568096.428571429,-3273325.0,3577,0.0,24.72304166421445,74.41827625417847
2008-12-08,828,2008-12-08,0.0,27.7619047619048,71.3333333333333,6.76190476190476,568096.428571429,-3273325.0,3577,0.0,25.013813328051086,74.09213954259289
2008-12-09,829,2008-12-09,0.0,23.5238095238095,75.5714285714286,6.09523809523809,568096.428571429,-3273325.0,3577,0.0,24.7894824473735,74.27906922797452
2008-12-16,830,2008-12-16,0.0,19.6666666666667,79.3809523809524,6.33333333333333,568096.428571429,-3273325.0,3577,0.04677159785518225,24.880532779909892,74.11178759320065
2008-12-17,831,2008-12-17,0.0,30.6666666666667,68.3333333333333,6.66666666666667,568105.0,-3273265.0,3577,0.1522801244163246,27.523662611893812,71.32139274553069
2008-12-24,832,2008-12-24,0.142857142857143,31.5714285714286,67.2380952380952,5.90476190476191,568096.428571429,-3273325.0,3577,0.21785391641847712,27.918214677709543,70.81603606074825
2008-12-25,833,2008-12-25,0.619047619047619,22.2857142857143,75.9523809523809,6.09523809523809,568096.428571429,-3273325.0,3577,0.27154097427102086,26.667270875288303,71.98747373274864
2009-01-02,834,2009-01-02,0.19047619047619,30.2857142857143,68.4761904761905,6.33333333333333,568096.428571429,-3273325.0,3577,0.2912486706463191,27.35336138670941,71.29950516693047
2009-01-09,835,2009-01-09,0.363636363636364,28.1818181818182,70.4545454545455,6.45454545454545,568097.727272727,-3273293.18181818,3577,0.2712530925308454,26.78760872301144,71.92650524256541
2009-01-10,836,2009-01-10,0.0476190476190476,21.9047619047619,77.0952380952381,6.09523809523809,568096.428571429,-3273325.0,3577,0.19957460683604622,25.306017090139413,73.54414803696001
2009-01-17,837,2009-01-17,0.0,22.8571428571429,76.2380952380952,6.14285714285714,568096.428571429,-3273325.0,3577,0.1148359820337826,24.631335500034346,74.3455072210509
2009-01-18,838,2009-01-18,0.2,27.9,71.0,6.0,568095.0,-3273360.0,3577,0.03598766506249357,26.690599233298606,72.38516807781407
2009-01-25,839,2009-01-25,0.0,28.2857142857143,70.9047619047619,6.33333333333333,568096.428571429,-3273325.0,3577,0.0019609072359724547,24.72369323142948,74.35487395036176
2009-01-26,840,2009-01-26,0.0,22.5714285714286,76.4761904761905,6.04761904761905,568096.428571429,-3273325.0,3577,0.03669454602711972,24.327943599224795,74.7153066132771
2009-02-02,841,2009-02-02,0.0,29.1428571428571,69.9047619047619,6.33333333333333,568096.428571429,-3273325.0,3577,0.017122409820073306,27.068548711346516,72.01393070887707
2009-02-10,842,2009-02-10,0.0769230769230769,28.0,70.9230769230769,6.07692307692308,568104.230769231,-3273301.15384615,3577,0.04143373396468751,29.401414246224082,69.66029449135992
2009-02-11,843,2009-02-11,0.0,25.1428571428571,74.0,6.09523809523809,568096.428571429,-3273325.0,3577,0.02677314350331335,30.73848050813534,68.34755438654156
2009-02-18,844,2009-02-18,0.0476190476190476,27.7142857142857,71.4285714285714,6.14285714285714,568096.428571429,-3273325.0,3577,0.02908386465482957,32.48884564867049,66.61045964136477
2009-02-19,845,2009-02-19,0.0625,51.375,47.875,5.0,568080.0,-3273322.5,3577,0.04868192357772481,33.792247355322765,65.29270372894368
2009-02-27,846,2009-02-27,0.0,29.2380952380952,69.7142857142857,6.09523809523809,568096.428571429,-3273325.0,3577,0.038230628028788544,33.31287404545418,65.77357431108828
2009-03-06,847,2009-03-06,0.0476190476190476,26.7142857142857,72.2857142857143,6.47619047619048,568096.428571429,-3273325.0,3577,0.011688379097284218,31.351685981712244,67.75625472010503
2009-03-07,848,2009-03-07,0.0,28.3333333333333,70.8095238095238,6.19047619047619,568096.428571429,-3273325.0,3577,0.0015025609065854421,29.654922863509753,69.42365780503287
2009-03-14,849,2009-03-14,0.0,28.25,70.8125,6.1875,568096.875,-3273309.375,3577,0.009754371015979469,27.04720808087277,71.98561249121319
2009-03-15,850,2009-03-15,0.0,24.4761904761905,74.5714285714286,6.0,568096.428571429,-3273325.0,3577,0.014459418290685463,25.105122302873973,73.9318848720828
2009-03-22,851,2009-03-22,0.0,25.8571428571429,73.2380952380952,6.14285714285714,568096.428571429,-3273325.0,3577,0.010968649513539553,25.389594409714462,73.7067568654146
2009-03-23,852,2009-03-23,0.0,27.047619047619,72.0476190476191,6.0,568096.428571429,-3273325.0,3577,0.013011047260271379,27.140144298421973,71.91662523491945
2009-03-30,853,2009-03-30,0.142857142857143,25.7142857142857,73.0476190476191,6.38095238095238,568096.428571429,-3273325.0,3577,0.054202763181083274,22.832869658717634,76.10323081200427
2009-03-31,854,2009-03-31,0.0,25.6666666666667,73.5238095238095,6.0,568096.428571429,-3273325.0,3577,0.02200413965119512,23.915076066001287,75.09926101159499
2009-04-07,855,2009-04-07,0.0,26.2380952380952,72.8095238095238,6.23809523809524,568096.428571429,-3273325.0,3577,0.03698056329634719,27.40668825498137,71.6013617445399
2009-04-08,856,2009-04-08,0.0476190476190476,24.6190476190476,74.2380952380952,5.95238095238095,568096.428571429,-3273325.0,3577,0.07825301633349993,31.49845892450263,67.47061801013437
2009-04-15,857,2009-04-15,0.19047619047619,28.6666666666667,70.0,6.71428571428571,568096.428571429,-3273325.0,3577,0.12380326931408664,35.71787855012765,63.22338420873922
2009-04-16,858,2009-04-16,0.0952380952380952,43.7619047619048,55.6666666666667,8.33333333333333,568096.428571429,-3273325.0,3577,0.1637423464048606,36.41578011068038,62.522877816423204
2009-04-24,859,2009-04-24,0.0,56.6363636363636,42.5454545454545,8.0,568084.090909091,-3273315.0,3577,0.14789441724424032,37.31482543162255,61.69234649391342
2009-05-01,860,2009-05-01,0.555555555555556,27.1111111111111,71.1111111111111,6.44444444444444,568088.333333333,-3273361.66666667,3577,0.17413797615848134,37.36748918411004,61.60318052749028
2009-05-02,861,2009-05-02,0.0,29.952380952381,69.3809523809524,6.09523809523809,568096.428571429,-3273325.0,3577,0.11923940488383883,38.05925821404242,61.02105722896433
2009-05-09,862,2009-05-09,0.0,29.6190476190476,69.5714285714286,6.57142857142857,568096.428571429,-3273325.0,3577,0.049111444744483014,32.635307858524286,66.44251097038703
2009-05-10,863,2009-05-10,0.0,29.6666666666667,69.4761904761905,6.19047619047619,568096.428571429,-3273325.0,3577,0.07068268938888722,30.367981628201967,68.61346109577119
2009-05-25,864,2009-05-25,0.0476190476190476,47.7619047619048,51.2380952380952,8.90476190476191,568096.428571429,-3273325.0,3577,0.10976677442375657,31.658630544400623,67.27891938596488
2009-06-10,865,2009-06-10,0.285714285714286,30.5238095238095,68.1428571428571,7.14285714285714,568096.428571429,-3273325.0,3577,0.12755177037397727,35.62276276761651,63.40993030107285
2009-06-11,866,2009-06-11,0.0,29.7333333333333,69.4666666666667,6.6,568095.0,-3273345.0,3577,0.1783267698209587,39.2316182251597,59.76502294438504
2009-06-18,867,2009-06-18,0.473684210526316,28.8421052631579,69.6315789473684,7.05263157894737,568101.315789474,-3273319.73684211,3577,0.2964184802215973,37.506636213164754,61.32656127750535
2009-07-04,868,2009-07-04,0.428571428571429,62.0476190476191,37.0476190476191,4.85714285714286,568096.428571429,-3273325.0,3577,0.3025242098078539,36.74489456010824,62.08025253763289
2009-07-13,869,2009-07-13,0.0,27.9047619047619,71.2857142857143,6.28571428571429,568096.428571429,-3273325.0,3577,0.29518290085338,34.467727915987396,64.32606164135268
2009-07-20,870,2009-07-20,0.285714285714286,26.952380952381,71.6666666666667,6.95238095238095,568096.428571429,-3273325.0,3577,0.25168161912495784,32.19922926456584,66.57722995052944
2009-08-05,871,2009-08-05,0.333333333333333,29.047619047619,69.3333333333333,6.95238095238095,568096.428571429,-3273325.0,3577,0.19145424669293407,31.468296724182533,67.30207664259126
2009-08-30,872,2009-08-30,0.142857142857143,27.7619047619048,71.0,6.57142857142857,568096.428571429,-3273325.0,3577,0.13529667334455928,27.67193845749731,71.1254412308567
2009-09-07,873,2009-09-07,0.0,28.1428571428571,70.9523809523809,6.04761904761905,568096.428571429,-3273325.0,3577,0.0520867433039426,25.205980972475487,73.70120010888013
2009-09-14,874,2009-09-14,0.0,24.0,75.1428571428571,6.23809523809524,568096.428571429,-3273325.0,3577,0.04473555883038672,24.2790343109681,74.70230334544027
2009-09-15,875,2009-09-15,0.0,27.3809523809524,71.6666666666667,6.04761904761905,568096.428571429,-3273325.0,3577,0.014602311490039484,26.4474286237323,72.69918989813615
2009-09-23,876,2009-09-23,0.0,24.3333333333333,74.9047619047619,5.52380952380952,568096.428571429,-3273325.0,3577,0.0,23.65129449877343,75.62392265275278
2009-09-30,877,2009-09-30,0.0,21.6190476190476,77.6190476190476,5.95238095238095,568096.428571429,-3273325.0,3577,0.0,22.745287139124365,76.51213584632677
2009-10-09,878,2009-10-09,0.0,23.047619047619,76.1428571428571,6.04761904761905,568096.428571429,-3273325.0,3577,0.006446217950209117,24.235505790170556,74.94717915834605
2009-10-16,879,2009-10-16,0.0,23.3809523809524,75.8571428571429,6.04761904761905,568096.428571429,-3273325.0,3577,0.010912991196515717,24.921348652972753,74.21228497209138
2009-10-17,880,2009-10-17,0.0,26.4285714285714,72.6190476190476,6.09523809523809,568096.428571429,-3273325.0,3577,0.024025998443462634,26.151357143205928,72.93833546822519
2009-11-01,881,2009-11-01,0.0,29.2857142857143,69.8571428571429,6.04761904761905,568096.428571429,-3273325.0,3577,0.0,27.123114135331036,71.9970344684267
2009-11-09,882,2009-11-09,0.0526315789473684,28.5263157894737,70.3684210526316,6.21052631578947,568098.157894737,-3273332.36842105,3577,0.07882634862667987,26.60102984938443,72.39194076314028
2009-11-10,883,2009-11-10,0.0,27.9047619047619,71.1904761904762,6.09523809523809,568096.428571429,-3273325.0,3577,0.0,26.267088415164118,72.93605629162249
2009-11-17,884,2009-11-17,0.0,19.3333333333333,79.8571428571429,5.66666666666667,568096.428571429,-3273325.0,3577,0.0,25.170400444347344,74.05412776795468
2009-11-18,885,2009-11-18,0.0,28.4285714285714,70.7619047619048,6.0,568096.428571429,-3273325.0,3577,0.015662263656587044,25.891582510658644,73.20666332487457
2009-12-03,886,2009-12-03,0.0,23.2380952380952,75.8095238095238,6.09523809523809,568096.428571429,-3273325.0,3577,0.21243727660923928,26.274408367590397,72.56044775704572
2009-12-12,887,2009-12-12,0.333333333333333,25.8095238095238,72.7142857142857,6.14285714285714,568096.428571429,-3273325.0,3577,0.4146425610926711,26.85253083332791,71.63994684428968
2009-12-20,888,2009-12-20,0.0,36.0,63.0,6.0,568035.0,-3273375.0,3577,0.6264908893851009,28.745002163050348,69.42438158797864
2009-12-27,889,2009-12-27,1.88235294117647,26.5882352941176,70.0588235294118,6.58823529411765,568093.235294118,-3273337.94117647,3577,0.5524894835057045,29.506774425747448,68.7084108720272
2010-01-05,890,2010-01-05,0.380952380952381,31.6190476190476,66.7142857142857,6.28571428571429,568096.428571429,-3273325.0,3577,0.5324590725245543,29.450229367544193,68.78893691750066
2010-01-20,891,2010-01-20,0.19047619047619,23.4285714285714,75.0952380952381,6.04761904761905,568096.428571429,-3273325.0,3577,0.3036242274085565,29.30341285012126,69.21592721609899
2010-01-21,892,2010-01-21,0.0,32.3333333333333,66.6666666666667,6.66666666666667,568105.0,-3273265.0,3577,0.21917962447917316,30.20096548870454,68.44991801738183
2010-01-29,893,2010-01-29,0.0,32.8095238095238,66.3333333333333,6.14285714285714,568096.428571429,-3273325.0,3577,0.30590425782553815,30.433734237590542,68.14167378180201
2010-02-05,894,2010-02-05,0.0476190476190476,27.5714285714286,71.2857142857143,6.80952380952381,568096.428571429,-3273325.0,3577,0.4290258942780609,31.432460637154527,67.01872239336181
2010-02-06,895,2010-02-06,1.5,36.0,61.0,8.0,568050.0,-3273375.0,3577,0.6537944845173875,33.18540962466891,65.00200424839775
2010-02-14,896,2010-02-14,0.571428571428571,35.2380952380952,63.0476190476191,6.80952380952381,568096.428571429,-3273325.0,3577,1.0987290194172534,34.08122121306824,63.55105648311768
2010-02-21,897,2010-02-21,1.95238095238095,30.4285714285714,66.2857142857143,6.76190476190476,568096.428571429,-3273325.0,3577,1.0574172989032082,33.84350943173966,63.80305040675607
2010-03-01,898,2010-03-01,0.619047619047619,33.2857142857143,64.8571428571429,6.52380952380952,568096.428571429,-3273325.0,3577,1.0251312155335386,32.06948160198455,65.60112848966361
2010-03-10,899,2010-03-10,0.4,31.0,67.4,6.0,568095.0,-3273360.0,3577,0.8564652066198775,30.092291609314966,67.83793007816764
2010-03-17,900,2010-03-17,0.904761904761905,30.2857142857143,67.5714285714286,6.71428571428571,568096.428571429,-3273325.0,3577,0.532189688536358,28.004507360540316,70.36307758288133
2010-03-18,901,2010-03-18,0.238095238095238,25.7142857142857,73.0952380952381,6.28571428571429,568096.428571429,-3273325.0,3577,0.29682082623254646,26.371392281605054,72.29905079439604
2010-03-25,902,2010-03-25,0.142857142857143,19.1428571428571,79.7619047619048,6.71428571428571,568096.428571429,-3273325.0,3577,0.3335317932840656,25.028256573144468,73.65529001441215
2010-03-26,903,2010-03-26,0.857142857142857,27.2857142857143,70.8095238095238,6.28571428571429,568096.428571429,-3273325.0,3577,0.3627517992842532,24.362618805339615,74.27943470357222
2010-04-03,904,2010-04-03,0.0,23.8095238095238,75.2857142857143,6.33333333333333,568096.428571429,-3273325.0,3577,0.6049484055675107,23.977517064974776,74.37008432742617
2010-04-10,905,2010-04-10,0.571428571428571,29.0952380952381,69.1904761904762,6.85714285714286,568096.428571429,-3273325.0,3577,0.7580807655761721,24.79345579736281,73.3361462012974
2010-04-19,906,2010-04-19,1.28571428571429,21.952380952381,75.5714285714286,6.14285714285714,568096.428571429,-3273325.0,3577,0.6575758715239568,24.90186736027168,73.30400388947854
2010-04-26,907,2010-04-26,0.857142857142857,21.6666666666667,76.1904761904762,6.85714285714286,568096.428571429,-3273325.0,3577,0.7814050052927821,24.812646223470317,73.1726733493978
2010-05-04,908,2010-05-04,0.571428571428571,30.3809523809524,67.6666666666667,6.80952380952381,568096.428571429,-3273325.0,3577,0.5884213554083952,24.420778572355538,73.77848435442657
2010-05-05,909,2010-05-05,0.428571428571429,22.7619047619048,75.9523809523809,5.80952380952381,568096.428571429,-3273325.0,3577,0.5745296472035069,24.875576273160988,73.36495509811996
2010-05-12,910,2010-05-12,0.380952380952381,24.952380952381,73.4285714285714,6.71428571428571,568096.428571429,-3273325.0,3577,0.5279705900529628,27.063713959709624,71.27493493279863
2010-05-13,911,2010-05-13,0.0,26.25,72.625,6.5,568110.0,-3273285.0,3577,0.5451281257589429,28.03539512738216,70.28757329704662
2010-05-20,912,2010-05-20,1.78947368421053,32.3684210526316,64.5263157894737,7.05263157894737,568101.315789474,-3273319.73684211,3577,0.7250921929280139,29.215116291558086,68.92801471627416
2010-05-29,913,2010-05-29,0.0952380952380952,33.3809523809524,65.7619047619048,4.38095238095238,568096.428571429,-3273325.0,3577,1.0337930256744552,31.394621537276134,66.4237411920642
2010-06-05,914,2010-06-05,1.72727272727273,32.0,64.9090909090909,7.18181818181818,568089.545454545,-3273355.90909091,3577,1.0446639995463014,32.86272470942829,64.95000685008345
2010-06-14,915,2010-06-14,0.523809523809524,28.4285714285714,69.8571428571429,6.76190476190476,568096.428571429,-3273325.0,3577,0.7904185955312815,32.97977107081225,65.12590456695467
2010-06-21,916,2010-06-21,1.4,30.8,66.6,10.2,568086.0,-3273351.0,3577,0.7485339567478083,30.300316996018836,67.89463173132705
2010-06-30,917,2010-06-30,0.2,35.4,63.6,6.8,568107.0,-3273273.0,3577,0.7112044642810758,28.96786114325195,69.20292226696233
2010-07-07,918,2010-07-07,0.45,30.5,67.85,7.1,568099.5,-3273322.5,3577,0.8863168198917223,25.911929618907976,72.03773615580019
2010-07-23,919,2010-07-23,0.238095238095238,15.6190476190476,83.0476190476191,4.95238095238095,568096.428571429,-3273325.0,3577,0.7984200770169905,26.891919904544203,71.07523494645619
2010-08-08,920,2010-08-08,1.84210526315789,26.8421052631579,69.8947368421053,7.15789473684211,568098.157894737,-3273332.36842105,3577,0.6069110673150813,29.239628195383972,68.93058793359215
2010-08-17,921,2010-08-17,2.5,33.5,62.5,7.5,568080.0,-3273255.0,3577,1.2365849646522382,31.244464546366345,66.20622254014617
2010-08-25,922,2010-08-25,1.0,35.3333333333333,62.4285714285714,7.28571428571429,568096.428571429,-3273325.0,3577,2.176102977463252,32.41067269051142,64.07587366464527
2010-09-02,923,2010-09-02,2.4,32.0,64.4,6.2,568107.0,-3273273.0,3577,3.424988592961033,34.33422945529324,60.91394490305916
2010-09-09,924,2010-09-09,3.47619047619048,45.3809523809524,49.8571428571429,8.90476190476191,568096.428571429,-3273325.0,3577,5.013228538158538,32.84384477434336,60.835996033722
2010-09-18,925,2010-09-18,8.71428571428571,22.0,68.0,7.14285714285714,568096.428571429,-3273325.0,3577,6.652703564426539,30.153077029966767,61.874667711834604
2010-09-25,926,2010-09-25,8.80952380952381,23.2380952380952,66.4761904761905,7.38095238095238,568096.428571429,-3273325.0,3577,7.52913923836086,27.091904130844178,64.06534601131983
2010-09-26,927,2010-09-26,8.0,26.3333333333333,64.3333333333333,6.95238095238095,568096.428571429,-3273325.0,3577,8.693787428509935,26.270161003332884,63.65903438258687
2010-10-04,928,2010-10-04,8.52380952380952,26.6190476190476,63.4285714285714,6.90476190476191,568096.428571429,-3273325.0,3577,9.35107689008478,25.987223818489262,63.21478026616401
2010-10-11,929,2010-10-11,8.95238095238095,24.9047619047619,64.6666666666667,7.23809523809524,568096.428571429,-3273325.0,3577,8.292290784549605,28.64572836863428,61.60955814050869
2010-10-12,930,2010-10-12,6.11111111111111,42.6111111111111,50.0,9.38888888888889,568093.333333333,-3273330.0,3577,7.121481889282681,32.214068868862796,59.222538039866656
2010-10-19,931,2010-10-19,6.80952380952381,30.4285714285714,61.1904761904762,7.14285714285714,568096.428571429,-3273325.0,3577,6.140743673250495,35.29022113077312,57.14119162570321
2010-10-27,932,2010-10-27,8.0,30.0,60.5,8.0,568080.0,-3273255.0,3577,5.809360402238791,33.08973199142984,59.706503249063985
2010-11-04,933,2010-11-04,2.14285714285714,37.7142857142857,58.8095238095238,7.0,568096.428571429,-3273325.0,3577,4.954587895763627,34.34433385671263,59.31264452780594
2010-11-20,934,2010-11-20,2.95238095238095,38.8571428571429,56.9523809523809,7.14285714285714,568096.428571429,-3273325.0,3577,4.584270528232693,33.577506549173364,60.46044858133736
2010-11-21,935,2010-11-21,7.90476190476191,25.0952380952381,65.6190476190476,7.0,568096.428571429,-3273325.0,3577,4.870056156433138,32.715643747372624,61.05251791551188
2010-11-28,936,2010-11-28,4.47619047619048,30.6666666666667,63.4761904761905,6.61904761904762,568096.428571429,-3273325.0,3577,4.779185898380231,33.87694288854775,59.99930487468289
2010-11-29,937,2010-11-29,3.76190476190476,41.2857142857143,53.5714285714286,6.80952380952381,568096.428571429,-3273325.0,3577,4.289403063396231,38.03089634822813,56.35955015056339
2010-12-07,938,2010-12-07,4.19047619047619,43.4285714285714,50.9523809523809,8.09523809523809,568096.428571429,-3273325.0,3577,4.400926730647436,37.75111395312068,56.49807545394937
2010-12-14,939,2010-12-14,6.1,27.65,64.95,7.2,568096.5,-3273328.5,3577,4.519015865454819,37.37470264513048,56.71328707411452
2010-12-15,940,2010-12-15,2.33333333333333,47.3333333333333,49.0476190476191,7.28571428571429,568096.428571429,-3273325.0,3577,3.769657071514093,38.3530486541265,56.46246916137714
2010-12-22,941,2010-12-22,1.80952380952381,39.3333333333333,57.3333333333333,7.04761904761905,568096.428571429,-3273325.0,3577,3.592386973191388,36.9367000388617,57.9730702733712
2010-12-23,942,2010-12-23,5.42857142857143,28.7619047619048,64.2857142857143,7.19047619047619,568096.428571429,-3273325.0,3577,3.6419251543085096,34.171678424769304,60.682726200519
2010-12-30,943,2010-12-30,4.38095238095238,27.5714285714286,66.4761904761905,7.04761904761905,568096.428571429,-3273325.0,3577,2.866772308424654,34.82697026319989,60.85014780804538
2010-12-31,944,2010-12-31,1.33333333333333,42.0476190476191,55.0952380952381,7.0,568096.428571429,-3273325.0,3577,2.216784636336579,35.22232465874474,61.125314238820266
2011-01-08,945,2011-01-08,1.0,38.2380952380952,59.4761904761905,6.61904761904762,568096.428571429,-3273325.0,3577,1.832691490270752,36.761238691258555,60.01817952860023
2011-01-15,946,2011-01-15,1.23809523809524,33.9523809523809,63.5714285714286,7.42857142857143,568096.428571429,-3273325.0,3577,1.2694623668733245,36.14906523531636,61.30998302207269
2011-01-23,947,2011-01-23,0.0,44.2857142857143,54.8571428571429,7.23809523809524,568096.428571429,-3273325.0,3577,0.1455920905509523,39.719866780827715,58.994714194080586
2011-01-24,948,2011-01-24,0.846153846153846,38.8461538461538,58.8461538461538,7.61538461538461,568104.230769231,-3273301.15384615,3577,0.0,41.82379891703613,57.28133051916571
2011-01-31,949,2011-01-31,0.714285714285714,34.5238095238095,63.5238095238095,7.0,568096.428571429,-3273325.0,3577,0.5572446036421208,41.21860794738873,57.15867722673811
2011-02-01,950,2011-02-01,0.0,48.5714285714286,50.5714285714286,6.04761904761905,568096.428571429,-3273325.0,3577,0.8862223749100243,41.514843313850875,56.43617597256976
2011-02-09,951,2011-02-09,0.380952380952381,38.4285714285714,60.0952380952381,7.38095238095238,568096.428571429,-3273325.0,3577,1.1761380030854196,42.19624974346057,55.349404243908666
2011-02-16,952,2011-02-16,3.70588235294118,47.7058823529412,47.1764705882353,6.47058823529412,568093.235294118,-3273337.94117647,3577,2.296700343770033,40.2372849215735,56.14146651670153
2011-02-25,953,2011-02-25,5.05882352941176,33.7058823529412,59.6470588235294,7.52941176470588,568100.294117647,-3273313.23529412,3577,4.130786719315589,37.096001738614184,57.37380728157788
2011-03-05,954,2011-03-05,4.66666666666667,30.047619047619,63.8095238095238,7.0,568096.428571429,-3273325.0,3577,6.197206120534281,34.54754399973333,57.84539196612637
2011-03-12,955,2011-03-12,6.28571428571429,35.3809523809524,56.7619047619048,7.66666666666667,568096.428571429,-3273325.0,3577,8.438852230145809,30.070761873343407,60.00069832430982
2011-03-28,956,2011-03-28,11.8095238095238,24.1428571428571,62.9047619047619,7.80952380952381,568096.428571429,-3273325.0,3577,10.099846126069336,26.889810365675928,61.52989564917256
2011-03-29,957,2011-03-29,12.7142857142857,26.3333333333333,59.5714285714286,7.66666666666667,568096.428571429,-3273325.0,3577,11.027258057305563,26.518307710618434,61.0654369002484
2011-04-05,958,2011-04-05,11.3333333333333,26.5238095238095,60.5238095238095,7.71428571428571,568096.428571429,-3273325.0,3577,11.256809905323955,26.044908651715893,61.28414983303887
2011-04-06,959,2011-04-06,10.2380952380952,26.5714285714286,61.9047619047619,7.28571428571429,568096.428571429,-3273325.0,3577,11.031095869466085,27.785157233341018,59.78114997973874
2011-04-22,960,2011-04-22,9.47619047619048,27.2857142857143,61.7142857142857,7.14285714285714,568096.428571429,-3273325.0,3577,9.918916693091123,27.291374745568447,61.38417801465508
2011-04-29,961,2011-04-29,8.28571428571429,31.5714285714286,58.8095238095238,7.42857142857143,568096.428571429,-3273325.0,3577,8.682066256755355,27.673293038226987,62.260867099867056
2011-04-30,962,2011-04-30,8.0,27.5238095238095,63.1428571428571,6.76190476190476,568096.428571429,-3273325.0,3577,7.333051881038402,28.989907409407735,62.31926948179884
2011-05-15,963,2011-05-15,7.0,28.4285714285714,63.1428571428571,7.80952380952381,568096.428571429,-3273325.0,3577,7.0719145405667385,28.90268825601212,62.7362771387445
2011-05-23,964,2011-05-23,7.0,27.6666666666667,64.3333333333333,4.66666666666667,568105.0,-3273345.0,3577,6.986594288063838,29.663670823496126,62.03389644410386
2011-06-01,965,2011-06-01,7.04761904761905,28.8571428571429,62.5238095238095,7.42857142857143,568096.428571429,-3273325.0,3577,7.369881795190292,30.289196484625407,60.995051388231104
2011-06-17,966,2011-06-17,7.83333333333333,34.0,56.8333333333333,7.5,568100.0,-3273275.0,3577,7.6270602462541515,30.222142666410605,60.78442867760843
2011-06-24,967,2011-06-24,6.47619047619048,31.2857142857143,60.8095238095238,7.80952380952381,568096.428571429,-3273325.0,3577,7.935780550717446,30.05335673098383,60.567258335051136
2011-07-10,968,2011-07-10,10.125,29.875,58.5,8.5,568110.0,-3273285.0,3577,8.071627933468832,30.96626915395803,59.47050730486375
2011-07-19,969,2011-07-19,7.33333333333333,30.0952380952381,61.0476190476191,8.0,568096.428571429,-3273325.0,3577,7.4688965575177315,31.007710942303834,60.013546824683374
2011-07-26,970,2011-07-26,7.04761904761905,29.4285714285714,62.0952380952381,8.14285714285714,568096.428571429,-3273325.0,3577,6.654660097383561,31.44613745387269,60.37951986093499
2011-08-04,971,2011-08-04,4.19047619047619,30.7619047619048,63.4285714285714,7.61904761904762,568096.428571429,-3273325.0,3577,5.513400814870579,31.136745736199302,61.930009618854854
2011-08-11,972,2011-08-11,5.21428571428571,35.3571428571429,58.0,8.0,568103.571428571,-3273304.28571429,3577,4.30535344428469,32.140617509420785,62.05393832173091
2011-08-20,973,2011-08-20,2.61904761904762,34.5714285714286,61.4285714285714,7.66666666666667,568096.428571429,-3273325.0,3577,3.3342797295578697,33.292499270590305,61.89011700373005
2011-08-28,974,2011-08-28,1.85714285714286,29.7619047619048,67.0,7.33333333333333,568096.428571429,-3273325.0,3577,2.404896960624156,32.903919609797086,63.224387068030865
2011-09-12,975,2011-09-12,3.66666666666667,32.7619047619048,62.0476190476191,7.52380952380952,568096.428571429,-3273325.0,3577,2.155609225655344,32.557372838714755,63.876410483212084
2011-09-13,976,2011-09-13,0.904761904761905,31.7619047619048,65.9047619047619,7.38095238095238,568096.428571429,-3273325.0,3577,1.8822912734430208,31.06804832232104,65.66389804860391
2011-09-21,977,2011-09-21,1.95238095238095,34.8095238095238,61.6190476190476,7.28571428571429,568096.428571429,-3273325.0,3577,1.47095002113719,31.341903004925864,65.8810684996834
2011-09-28,978,2011-09-28,1.2,27.7,70.3,21.0,568104.0,-3273291.0,3577,1.1573523103910817,32.531820137925756,65.02501295889603
2011-09-29,979,2011-09-29,0.666666666666667,33.0,65.0476190476191,6.42857142857143,568096.428571429,-3273325.0,3577,1.184092942525224,33.91184069853922,63.65543942233559
2011-10-07,980,2011-10-07,1.42857142857143,37.5238095238095,59.8095238095238,6.85714285714286,568096.428571429,-3273325.0,3577,0.9929883271905575,35.948245171801794,61.86466664614675
2011-10-23,981,2011-10-23,0.904761904761905,37.0952380952381,60.6666666666667,7.47619047619048,568096.428571429,-3273325.0,3577,0.9379693686356776,37.67079840478331,60.23339283603988
2011-11-08,982,2011-11-08,0.0952380952380952,45.0,53.8571428571429,7.66666666666667,568096.428571429,-3273325.0,3577,1.111491897380602,39.48626710044566,58.237064819914224
2011-11-15,983,2011-11-15,2.57894736842105,34.6842105263158,61.3684210526316,8.10526315789474,568101.315789474,-3273319.73684211,3577,0.981964773589199,40.09210906956764,57.712046038793176
2011-11-24,984,2011-11-24,0.285714285714286,40.3333333333333,58.3809523809524,6.04761904761905,568096.428571429,-3273325.0,3577,1.0127248233813435,40.99697146316218,56.77665598210619
2011-12-10,985,2011-12-10,0.619047619047619,43.7619047619048,54.5238095238095,7.23809523809524,568096.428571429,-3273325.0,3577,0.7863768950618015,39.478539425372375,58.5667586446381
2012-01-02,986,2012-01-02,0.428571428571429,36.6190476190476,61.6190476190476,7.38095238095238,568096.428571429,-3273325.0,3577,0.3112459209900481,39.17526454046154,59.34109578975891
2012-01-18,987,2012-01-18,0.523809523809524,38.0952380952381,60.0952380952381,7.23809523809524,568096.428571429,-3273325.0,3577,0.0,39.847778857386714,59.37909193081842
2012-02-03,988,2012-02-03,0.142857142857143,38.9523809523809,59.7142857142857,7.42857142857143,568096.428571429,-3273325.0,3577,0.0,38.34874330763442,60.488388695647046
2012-02-12,989,2012-02-12,0.0,39.05,59.9,7.2,568099.5,-3273322.5,3577,1.2301469645446974,36.69082213351091,60.828675339514625
2012-03-06,990,2012-03-06,1.0952380952381,32.5714285714286,64.8571428571429,7.47619047619048,568096.428571429,-3273325.0,3577,2.5799491367354563,33.85249620916332,62.22533309264736
2012-03-15,991,2012-03-15,3.04761904761905,37.5714285714286,58.1428571428571,7.47619047619048,568096.428571429,-3273325.0,3577,3.671387264265973,32.39552169637281,62.514252770025635
2012-03-22,992,2012-03-22,6.38095238095238,27.952380952381,63.9047619047619,7.42857142857143,568096.428571429,-3273325.0,3577,4.195253662745294,32.339012790155316,61.9471805436018
2012-04-07,993,2012-04-07,8.33333333333333,24.5238095238095,65.4761904761905,6.85714285714286,568096.428571429,-3273325.0,3577,4.461795686253222,31.464581023900696,62.44380263091767
2012-05-02,994,2012-05-02,1.95238095238095,37.7619047619048,58.9523809523809,7.23809523809524,568096.428571429,-3273325.0,3577,4.286110105923707,32.28632162976065,61.74554608667688
2012-05-18,995,2012-05-18,0.5,36.0,61.5,6.0,568050.0,-3273375.0,3577,3.8452214214294687,34.01291134232645,60.50361089115208
2012-05-25,996,2012-05-25,4.0,34.8823529411765,59.5882352941176,7.70588235294118,568100.294117647,-3273313.23529412,3577,2.9025967404029283,35.4112790337805,60.1144443075338
2012-06-03,997,2012-06-03,2.05555555555556,36.2777777777778,60.2222222222222,8.22222222222222,568101.666666667,-3273316.66666667,3577,2.3063491508355902,35.38518070721288,60.78059867540347
2012-06-10,998,2012-06-10,4.66666666666667,31.5238095238095,62.2857142857143,8.0,568096.428571429,-3273325.0,3577,2.384603260251869,34.94434433527042,61.15984705257357
2012-06-26,999,2012-06-26,2.2,36.4,60.0,8.0,568107.0,-3273273.0,3577,2.8801360622385133,32.5793285927562,63.01047631208281
2012-07-21,1000,2012-07-21,2.38461538461538,30.5384615384615,65.6153846153846,7.53846153846154,568088.076923077,-3273349.61538462,3577,3.1143841538573724,30.99416070381733,64.39894712926895
2012-08-06,1001,2012-08-06,1.6,28.6,68.1333333333333,7.26666666666667,568095.0,-3273345.0,3577,2.5046968643535505,30.581391057093576,65.4678040902352
2012-08-13,1002,2012-08-13,3.61904761904762,30.4761904761905,64.4285714285714,7.76190476190476,568096.428571429,-3273325.0,3577,1.7452863679938941,32.179429780390876,64.62325385156535
2012-08-22,1003,2012-08-22,1.55,32.65,64.35,7.6,568099.5,-3273322.5,3577,1.6632782382601277,32.15826082020423,64.7984692596639
2012-09-07,1004,2012-09-07,0.611111111111111,33.8333333333333,64.5,7.22222222222222,568101.666666667,-3273316.66666667,3577,1.4768186657086575,32.23257926878544,64.9338565895387
2012-09-14,1005,2012-09-14,1.42857142857143,33.3333333333333,63.8571428571429,7.57142857142857,568096.428571429,-3273325.0,3577,1.6581412157737385,31.567734131387414,65.41145162687411
2012-09-23,1006,2012-09-23,1.57142857142857,32.0952380952381,65.0,7.28571428571429,568096.428571429,-3273325.0,3577,1.4459514170038328,31.42301408601248,65.80912068666504
2012-09-30,1007,2012-09-30,0.904761904761905,34.4761904761905,63.3333333333333,7.80952380952381,568096.428571429,-3273325.0,3577,1.2678625983577647,31.75822088128114,65.75214800678215
2012-10-16,1008,2012-10-16,2.80952380952381,20.4285714285714,75.3809523809524,9.14285714285714,568096.428571429,-3273325.0,3577,1.0512931715997968,32.48718927661589,65.30494353661123
2012-11-01,1009,2012-11-01,0.333333333333333,39.0,59.5555555555556,7.44444444444444,568088.333333333,-3273361.66666667,3577,1.01870748634032,33.781974194296765,64.10869107124834
2012-11-10,1010,2012-11-10,0.0,36.4,62.8,7.2,568095.0,-3273375.0,3577,0.5809061548576584,35.624990886986254,62.76684050791343
2012-12-03,1011,2012-12-03,0.0909090909090909,40.3636363636364,58.8181818181818,7.0,568097.727272727,-3273293.18181818,3577,0.18316644421341946,37.74481525315577,61.13876556950835
2012-12-12,1012,2012-12-12,0.0,40.5,58.5,7.83333333333333,568100.0,-3273275.0,3577,0.018031035481075028,38.28548476716302,60.732014960620916
2013-01-04,1013,2013-01-04,0.333333333333333,33.7619047619048,64.5714285714286,7.47619047619048,568096.428571429,-3273325.0,3577,0.0,38.4671727379133,60.597738355366396
2013-01-13,1014,2013-01-13,0.0,37.6666666666667,61.3333333333333,7.66666666666667,568105.0,-3273265.0,3577,0.0,37.54962090309776,61.44175515319242
2013-01-20,1015,2013-01-20,0.0,37.7692307692308,61.3076923076923,6.84615384615385,568088.076923077,-3273349.61538462,3577,0.2004703243093035,36.16501733560018,62.55758507057883
2013-01-29,1016,2013-01-29,0.142857142857143,35.7619047619048,63.0476190476191,7.28571428571429,568096.428571429,-3273325.0,3577,0.15640293658867155,36.94219422713752,61.82372176524623
2013-02-05,1017,2013-02-05,0.0476190476190476,35.1428571428571,63.7142857142857,7.38095238095238,568096.428571429,-3273325.0,3577,0.0,37.40003272903404,61.775092851887635
2013-02-14,1018,2013-02-14,0.0,41.4285714285714,57.7619047619048,7.28571428571429,568096.428571429,-3273325.0,3577,0.0,37.92127654832494,61.19265881374993
2013-03-02,1019,2013-03-02,0.0,36.6190476190476,62.4285714285714,7.57142857142857,568096.428571429,-3273325.0,3577,0.0,37.59565420686553,61.51194970782048
2013-03-09,1020,2013-03-09,0.0,38.8095238095238,60.3333333333333,7.33333333333333,568096.428571429,-3273325.0,3577,0.07747257902055499,36.51389802544292,62.45238400560161
2013-03-18,1021,2013-03-18,0.142857142857143,31.8571428571429,66.9523809523809,7.04761904761905,568096.428571429,-3273325.0,3577,0.22349580244313763,35.30673660704092,63.441117190333685
2013-03-25,1022,2013-03-25,0.142857142857143,35.9523809523809,62.9047619047619,6.71428571428571,568096.428571429,-3273325.0,3577,0.5048542788480115,33.65446009098757,64.68133105283839
2013-04-01,1023,2013-04-01,2.0,29.5714285714286,66.6190476190476,7.47619047619048,568096.428571429,-3273325.0,3577,0.8801745210412626,31.54331839470688,66.22393086788381
2013-04-10,1024,2013-04-10,0.0952380952380952,32.3333333333333,66.5238095238095,7.57142857142857,568096.428571429,-3273325.0,3577,1.1658537540888743,30.86309768662249,66.48010915811778
2013-04-11,1025,2013-04-11,2.0,30.6666666666667,65.4761904761905,7.38095238095238,568096.428571429,-3273325.0,3577,1.720087961573773,30.288916449902633,66.28454311425457
2013-04-18,1026,2013-04-18,2.0,28.5714285714286,67.5714285714286,7.0,568096.428571429,-3273325.0,3577,1.9735682274379016,31.858966626763724,64.36004552721857
2013-04-27,1027,2013-04-27,2.0,32.5238095238095,63.7142857142857,8.0,568096.428571429,-3273325.0,3577,1.9947091092598948,30.835059677160338,65.29239284965864
2013-05-04,1028,2013-05-04,2.0,31.7142857142857,64.4285714285714,7.57142857142857,568096.428571429,-3273325.0,3577,1.7970347505948534,30.62909639379771,65.81244142853066
2013-05-13,1029,2013-05-13,2.0,33.0,63.1904761904762,6.66666666666667,568096.428571429,-3273325.0,3577,1.7225715461007005,31.212693395351273,65.3482987600537
2013-05-20,1030,2013-05-20,2.0,28.3809523809524,67.7142857142857,7.47619047619048,568096.428571429,-3273325.0,3577,1.88837375215056,30.47987719194694,65.88538396586944
2013-05-28,1031,2013-05-28,0.0,33.8571428571429,65.1428571428571,7.71428571428571,568107.857142857,-3273280.71428571,3577,1.556241488129801,31.072611598922744,65.79044381829773
2013-05-29,1032,2013-05-29,2.0,20.5238095238095,75.7142857142857,6.57142857142857,568096.428571429,-3273325.0,3577,1.3962590557015717,31.574786410695005,65.55133308383101
2013-06-14,1033,2013-06-14,2.0,44.3333333333333,52.3333333333333,10.0,568145.0,-3273365.0,3577,1.331435334531111,32.219111126227055,65.00033300032328
2013-06-21,1034,2013-06-21,2.04761904761905,27.7619047619048,68.0476190476191,7.76190476190476,568096.428571429,-3273325.0,3577,1.3326095988632698,32.12762263535777,65.00383826698646
2013-06-22,1035,2013-06-22,0.428571428571429,32.9523809523809,65.6190476190476,7.47619047619048,568096.428571429,-3273325.0,3577,1.3362024971930104,32.4951178852059,64.61904864999877
2013-06-29,1036,2013-06-29,0.238095238095238,35.6666666666667,62.8571428571429,8.42857142857143,568096.428571429,-3273325.0,3577,1.2501650758126008,32.91152479045094,64.29652776205509
2013-06-30,1037,2013-06-30,2.0,29.7142857142857,66.3809523809524,7.61904761904762,568096.428571429,-3273325.0,3577,1.1543109543759609,32.859792372089885,64.42931648764157
2013-07-07,1038,2013-07-07,2.04761904761905,30.2857142857143,65.6666666666667,7.80952380952381,568096.428571429,-3273325.0,3577,1.030263365443267,32.581045210826886,64.88818720250046
2013-07-08,1039,2013-07-08,0.952380952380952,31.4285714285714,66.4285714285714,7.33333333333333,568096.428571429,-3273325.0,3577,1.5796400655449943,31.01062057815708,65.85955302639994
2013-07-15,1040,2013-07-15,1.61904761904762,37.9047619047619,59.4285714285714,9.0,568096.428571429,-3273325.0,3577,2.249259295372695,32.66437408118524,63.55767305855974
2013-07-16,1041,2013-07-16,2.52380952380952,29.0952380952381,66.4285714285714,7.80952380952381,568096.428571429,-3273325.0,3577,2.9149018381538063,30.85157512629759,64.64252758809393
2013-07-23,1042,2013-07-23,3.76190476190476,29.3809523809524,65.1428571428571,8.19047619047619,568096.428571429,-3273325.0,3577,3.325866464207177,30.38850498260179,64.78843111154345
2013-07-24,1043,2013-07-24,4.15789473684211,28.0526315789474,66.3157894736842,7.63157894736842,568098.157894737,-3273332.36842105,3577,3.5691507449690176,30.112956729866042,64.7482426323783
2013-07-31,1044,2013-07-31,4.28571428571429,31.0952380952381,63.0476190476191,8.23809523809524,568096.428571429,-3273325.0,3577,3.892284566228912,28.910696928942585,65.41159844988098
2013-08-01,1045,2013-08-01,3.28571428571429,29.3809523809524,65.5238095238095,7.66666666666667,568096.428571429,-3273325.0,3577,3.7929247440403606,28.86099295305319,65.47381497975272
2013-08-08,1046,2013-08-08,3.04761904761905,27.3333333333333,67.7142857142857,7.90476190476191,568096.428571429,-3273325.0,3577,3.2944483684253916,29.60497321373531,65.34352497753835
2013-08-17,1047,2013-08-17,2.80952380952381,32.0476190476191,63.2380952380952,7.66666666666667,568096.428571429,-3273325.0,3577,2.9302009163500644,30.740833280017224,64.6004361181061
2013-08-24,1048,2013-08-24,2.57142857142857,30.952380952381,64.5714285714286,7.80952380952381,568096.428571429,-3273325.0,3577,2.6655947930182173,30.522196341484594,64.9866822656362
2013-08-25,1049,2013-08-25,2.9047619047619,30.2380952380952,65.3333333333333,7.42857142857143,568096.428571429,-3273325.0,3577,2.421843595543738,30.740416663338575,65.0919412454267
2013-09-01,1050,2013-09-01,1.85714285714286,32.6190476190476,64.2380952380952,7.76190476190476,568096.428571429,-3273325.0,3577,2.111003439013552,31.088011819797945,65.20853536772393
2013-09-02,1051,2013-09-02,2.23809523809524,29.6190476190476,66.2857142857143,7.47619047619048,568096.428571429,-3273325.0,3577,1.9555677064228814,31.54597249472124,64.92682004323531
2013-09-09,1052,2013-09-09,2.04761904761905,30.6190476190476,65.3809523809524,7.57142857142857,568096.428571429,-3273325.0,3577,1.8517910311943724,31.126423845011338,65.40772084359179
2013-09-10,1053,2013-09-10,1.0,32.6666666666667,65.0,7.33333333333333,568096.428571429,-3273325.0,3577,1.8104992612078066,31.171342779208423,65.32876528174558
2013-09-17,1054,2013-09-17,1.21052631578947,32.5789473684211,64.8421052631579,7.84210526315789,568101.315789474,-3273319.73684211,3577,1.4590013755727722,32.377911860553276,64.4932110418408
2013-09-18,1055,2013-09-18,2.0,32.0952380952381,63.9047619047619,7.52380952380952,568096.428571429,-3273325.0,3577,1.31777629789668,32.40493890444523,64.58387240372589
2013-09-25,1056,2013-09-25,2.0,31.6190476190476,64.4285714285714,7.52380952380952,568096.428571429,-3273325.0,3577,1.276958227259485,33.00194306263554,64.09843415504835
2013-09-26,1057,2013-09-26,0.571428571428571,34.4285714285714,63.7619047619048,7.23809523809524,568096.428571429,-3273325.0,3577,0.9819283426907828,34.06816598750259,63.46396040545329
2013-10-03,1058,2013-10-03,0.0,36.5,62.1666666666667,7.66666666666667,568100.0,-3273275.0,3577,0.7146460622099118,34.42180724060607,63.477402994584324
2013-10-12,1059,2013-10-12,0.476190476190476,32.8095238095238,65.4285714285714,7.38095238095238,568096.428571429,-3273325.0,3577,0.6503964234124582,34.947740353715254,63.03807129266511
2013-10-27,1060,2013-10-27,2.0,32.6666666666667,63.6666666666667,6.57142857142857,568096.428571429,-3273325.0,3577,0.7020943859789155,34.0263017901064,63.89647778216157
2013-10-28,1061,2013-10-28,0.0,38.1666666666667,60.8333333333333,7.66666666666667,568100.0,-3273275.0,3577,1.030578459615294,32.99874705707684,64.48082014123091
2013-11-04,1062,2013-11-04,0.619047619047619,31.5714285714286,66.3333333333333,7.19047619047619,568096.428571429,-3273325.0,3577,1.1103061494278523,32.81768002144659,64.55731321871646
2013-11-05,1063,2013-11-05,2.0,30.4285714285714,65.6666666666667,7.42857142857143,568096.428571429,-3273325.0,3577,1.2961184607678586,32.18544289934185,64.947811968489
2013-11-12,1064,2013-11-12,2.0,31.3809523809524,64.7142857142857,7.38095238095238,568096.428571429,-3273325.0,3577,1.0090214164762332,33.43830881801816,64.14008604327447
2013-11-13,1065,2013-11-13,0.363636363636364,32.1818181818182,66.3636363636364,6.90909090909091,568089.545454545,-3273355.90909091,3577,0.8141748250809799,34.465824212371274,63.37614278487242
2013-11-29,1066,2013-11-29,0.0,40.6190476190476,58.5714285714286,7.38095238095238,568096.428571429,-3273325.0,3577,0.6926472591578511,34.666126665804846,63.37972939785601
2013-12-06,1067,2013-12-06,0.0476190476190476,35.4285714285714,63.5238095238095,7.42857142857143,568096.428571429,-3273325.0,3577,0.6344627145533883,34.90333555879755,63.252595227026404
2013-12-14,1068,2013-12-14,2.0,32.0476190476191,64.0952380952381,7.52380952380952,568096.428571429,-3273325.0,3577,0.7042812532714381,34.57671626384169,63.479264654793454
2013-12-15,1069,2013-12-15,0.0,36.7142857142857,62.3333333333333,7.38095238095238,568096.428571429,-3273325.0,3577,0.8994635395562844,33.13916578776765,64.62619862077099
2013-12-30,1070,2013-12-30,2.0,27.047619047619,69.0476190476191,7.28571428571429,568096.428571429,-3273325.0,3577,1.2956644104087987,32.17377030863392,65.01076348830796
2014-01-07,1071,2014-01-07,1.0625,31.875,65.6875,6.9375,568093.125,-3273341.25,3577,1.7110095142213326,31.13277308346503,65.45370183221371
2014-01-08,1072,2014-01-08,2.0,31.952380952381,64.2857142857143,7.14285714285714,568096.428571429,-3273325.0,3577,1.6249166854814578,31.51386326521306,65.20312981651017
2014-01-15,1073,2014-01-15,2.0,32.2857142857143,63.9523809523809,7.23809523809524,568096.428571429,-3273325.0,3577,1.3271872606235946,32.55472268958625,64.55852345537915
2014-01-16,1074,2014-01-16,0.19047619047619,35.7142857142857,62.9047619047619,7.09523809523809,568096.428571429,-3273325.0,3577,1.3121658398359224,32.90557475289956,64.23149296522949
2014-01-31,1075,2014-01-31,2.0,32.2857142857143,63.7619047619048,7.42857142857143,568096.428571429,-3273325.0,3577,1.4535283472974798,33.423854138632436,63.48834608373133
2014-02-01,1076,2014-02-01,1.0,31.8,65.8,6.8,568095.0,-3273360.0,3577,1.0459802710188146,33.741166173862375,63.66704995210237
2014-02-08,1077,2014-02-08,0.25,35.1875,63.3125,7.375,568096.875,-3273309.375,3577,0.9679639246201264,32.98698212261961,64.48389452393909
2014-02-09,1078,2014-02-09,2.0,30.4285714285714,65.6666666666667,7.19047619047619,568096.428571429,-3273325.0,3577,0.869984053613954,33.118957989889566,64.5265784267236
2014-02-16,1079,2014-02-16,2.0,34.8571428571429,61.3809523809524,7.90476190476191,568096.428571429,-3273325.0,3577,1.4444317292612339,31.805710543321894,65.1516839713337
2014-02-17,1080,2014-02-17,0.19047619047619,31.9047619047619,66.5714285714286,7.19047619047619,568096.428571429,-3273325.0,3577,1.8439225892783504,31.848685177047287,64.72448623357099
2014-02-24,1081,2014-02-24,1.52380952380952,31.5238095238095,65.6190476190476,7.04761904761905,568096.428571429,-3273325.0,3577,2.359701959546807,33.28405517340778,62.73452098725929
2014-03-04,1082,2014-03-04,3.76190476190476,34.1904761904762,60.2380952380952,7.04761904761905,568096.428571429,-3273325.0,3577,2.6008673988546245,33.93263760233067,61.73998956409025
2014-03-13,1083,2014-03-13,3.47619047619048,31.9047619047619,62.7142857142857,7.0,568096.428571429,-3273325.0,3577,2.544890609905708,34.42577314326026,61.378656689019024
2014-03-20,1084,2014-03-20,2.95238095238095,35.4285714285714,59.8571428571429,7.0,568096.428571429,-3273325.0,3577,2.156653717798906,35.049239653530094,61.230743005695146
2014-03-21,1085,2014-03-21,0.80952380952381,42.3809523809524,55.6190476190476,5.61904761904762,568096.428571429,-3273325.0,3577,1.9802230792939912,34.98530056114673,61.46571488366236
2014-04-05,1086,2014-04-05,2.38095238095238,32.0476190476191,63.6666666666667,7.33333333333333,568096.428571429,-3273325.0,3577,2.1926999728854035,35.715408430573376,60.54787524136465
2014-04-06,1087,2014-04-06,1.0,30.0,68.0,6.0,568035.0,-3273375.0,3577,2.7601059930777168,34.480529532381965,61.31648859395622
2014-04-13,1088,2014-04-13,5.0,34.1428571428571,59.4285714285714,8.19047619047619,568096.428571429,-3273325.0,3577,4.095562847884216,32.62632826409428,61.81859162508393
2014-04-14,1089,2014-04-14,5.14285714285714,34.0,59.0952380952381,7.66666666666667,568096.428571429,-3273325.0,3577,6.016350780281768,31.025941292964525,61.40478600346103
2014-05-07,1090,2014-05-07,8.52380952380952,31.6190476190476,58.0952380952381,7.76190476190476,568096.428571429,-3273325.0,3577,7.307572458500157,30.15357320697428,60.9247423113431
2014-05-08,1091,2014-05-08,9.04761904761905,28.952380952381,60.4285714285714,7.38095238095238,568096.428571429,-3273325.0,3577,7.728758084020086,31.051757581938716,59.56333591588118
2014-05-16,1092,2014-05-16,7.47619047619048,26.8571428571429,64.1428571428571,6.71428571428571,568096.428571429,-3273325.0,3577,7.9027175095274735,32.24096440195032,58.237212220175635
2014-05-23,1093,2014-05-23,7.14285714285714,34.8571428571429,56.1904761904762,8.19047619047619,568096.428571429,-3273325.0,3577,7.496801701908941,32.10014314889999,58.72971262482767
2014-05-24,1094,2014-05-24,6.25,35.75,56.625,7.75,568096.875,-3273309.375,3577,6.8064780936287805,32.57206596292798,59.03751447210317
2014-06-01,1095,2014-06-01,5.19047619047619,34.8095238095238,58.3809523809524,12.6190476190476,568096.428571429,-3273325.0,3577,6.674617487774386,33.637463619966326,58.12788019513158
2014-06-08,1096,2014-06-08,7.80952380952381,31.2380952380952,59.2380952380952,8.28571428571429,568096.428571429,-3273325.0,3577,6.528135370820154,33.405009657520125,58.48816154175189
2014-06-17,1097,2014-06-17,8.28571428571429,30.1428571428571,60.0476190476191,7.71428571428571,568096.428571429,-3273325.0,3577,6.798022926504883,32.530345299690254,59.058017962420934
2014-06-24,1098,2014-06-24,5.19047619047619,33.0952380952381,60.0476190476191,6.42857142857143,568096.428571429,-3273325.0,3577,7.104817074049761,30.709482403556752,60.61167708709375
2014-06-25,1099,2014-06-25,8.42857142857143,30.3809523809524,59.7619047619048,7.71428571428571,568096.428571429,-3273325.0,3577,7.120663714509401,29.465919207207374,61.83689949110854
2014-07-02,1100,2014-07-02,6.6,28.4,63.4,7.6,568095.0,-3273375.0,3577,7.138344743490736,29.499215065116243,61.712560285422605
2014-07-03,1101,2014-07-03,6.42857142857143,28.0952380952381,63.7142857142857,7.42857142857143,568096.428571429,-3273325.0,3577,6.986196569167661,29.94285580260366,61.484412671942195
2014-07-10,1102,2014-07-10,6.95238095238095,31.7619047619048,59.7619047619048,7.95238095238095,568096.428571429,-3273325.0,3577,6.6992792424283945,30.06837080617592,61.69520656071593
2014-07-18,1103,2014-07-18,7.1875,29.5625,61.8125,9.6875,568087.5,-3273316.875,3577,6.731306425771363,30.143420756225858,61.57620649473445
2014-07-26,1104,2014-07-26,6.09523809523809,32.6190476190476,59.5238095238095,7.80952380952381,568096.428571429,-3273325.0,3577,6.349887663934702,30.682690439071308,61.43406213238886
2014-07-27,1105,2014-07-27,6.28571428571429,30.0,62.3809523809524,7.42857142857143,568096.428571429,-3273325.0,3577,5.767459630152267,31.49266002315067,61.241307660338755
2014-08-03,1106,2014-08-03,5.2,31.8,61.8,7.8,568107.0,-3273273.0,3577,5.5695026464755,31.829151588860448,61.16195784348895
2014-08-04,1107,2014-08-04,4.90476190476191,30.2857142857143,63.0,7.28571428571429,568096.428571429,-3273325.0,3577,5.242245177422413,31.353842171755424,61.91012773345438
2014-08-11,1108,2014-08-11,5.09523809523809,33.2380952380952,59.9523809523809,7.76190476190476,568096.428571429,-3273325.0,3577,5.011093717942814,31.363931927201218,62.0275755591065
2014-08-12,1109,2014-08-12,4.85714285714286,31.3333333333333,62.5238095238095,7.38095238095238,568096.428571429,-3273325.0,3577,5.037868993750594,31.37297815702919,61.97212720199407
2014-08-19,1110,2014-08-19,6.0,30.4285714285714,61.9523809523809,8.04761904761905,568096.428571429,-3273325.0,3577,5.2992971295981945,31.082235424529532,61.99044924372941
2014-08-20,1111,2014-08-20,5.09523809523809,30.6666666666667,62.3333333333333,7.66666666666667,568096.428571429,-3273325.0,3577,5.5240153035810415,30.98428135331696,61.78515849474675
2014-08-27,1112,2014-08-27,6.04761904761905,29.7142857142857,62.4285714285714,7.66666666666667,568096.428571429,-3273325.0,3577,5.81078570552168,30.469069630055778,62.063858741868025
2014-08-28,1113,2014-08-28,5.28571428571429,32.2857142857143,61.0,7.42857142857143,568096.428571429,-3273325.0,3577,5.923175895311234,30.039621884818622,62.412594629303584
2014-09-04,1114,2014-09-04,6.61904761904762,28.047619047619,63.8571428571429,7.09523809523809,568096.428571429,-3273325.0,3577,6.069016638675175,29.403908784709323,62.85306025243169
2014-09-05,1115,2014-09-05,6.14285714285714,30.4285714285714,61.5714285714286,7.33333333333333,568096.428571429,-3273325.0,3577,6.0862852317951575,29.615801123536617,62.66155000828989
2014-09-12,1116,2014-09-12,5.52380952380952,28.7142857142857,64.0476190476191,7.28571428571429,568096.428571429,-3273325.0,3577,5.902593794233779,29.43166843475999,63.046760257277164
2014-09-13,1117,2014-09-13,5.61904761904762,29.6190476190476,63.3333333333333,7.19047619047619,568096.428571429,-3273325.0,3577,5.537605841010586,29.678637152316917,63.112648960936745
2014-09-21,1118,2014-09-21,5.14285714285714,29.8095238095238,63.1904761904762,7.23809523809524,568096.428571429,-3273325.0,3577,4.708389649565415,31.700425477510528,61.9183687829106
2014-09-28,1119,2014-09-28,4.28571428571429,32.0476190476191,61.9523809523809,7.61904761904762,568096.428571429,-3273325.0,3577,4.190222574122875,29.694172700360234,64.30423652713712
2014-10-07,1120,2014-10-07,2.9047619047619,32.8571428571429,62.5238095238095,7.23809523809524,568096.428571429,-3273325.0,3577,3.284470947009155,30.689595234482326,64.25962762726508
2014-10-14,1121,2014-10-14,2.52380952380952,31.9047619047619,63.6666666666667,7.14285714285714,568096.428571429,-3273325.0,3577,2.8147373782044487,32.503135667217535,62.920092033859724
2014-10-15,1122,2014-10-15,2.0,34.7619047619048,61.6666666666667,7.09523809523809,568096.428571429,-3273325.0,3577,2.171105468318765,35.30597988182602,60.76886658232502
2014-10-30,1123,2014-10-30,2.14285714285714,33.3809523809524,62.6666666666667,7.04761904761905,568096.428571429,-3273325.0,3577,1.5647510384350134,38.66417071060457,58.15110276719318
2014-11-08,1124,2014-11-08,2.04761904761905,33.1904761904762,62.8571428571429,7.38095238095238,568096.428571429,-3273325.0,3577,1.3306744854730477,40.6744174298293,56.465730605815075
2014-11-23,1125,2014-11-23,0.0,61.3333333333333,37.9166666666667,5.16666666666667,568125.0,-3273320.0,3577,1.359587780640209,41.22805161813832,55.8468391773262
2014-12-01,1126,2014-12-01,2.0,35.9523809523809,60.1428571428571,7.57142857142857,568096.428571429,-3273325.0,3577,1.3008920903655812,40.67932686507929,56.46833996755754
2014-12-09,1127,2014-12-09,0.238095238095238,36.9047619047619,61.4761904761905,7.47619047619048,568096.428571429,-3273325.0,3577,1.2884349912211768,38.538589377592885,58.65226826835857
2014-12-10,1128,2014-12-10,2.0,34.3809523809524,61.9523809523809,6.95238095238095,568096.428571429,-3273325.0,3577,1.2238803508151523,35.869932956614875,61.3641299361022
2014-12-17,1129,2014-12-17,2.04761904761905,28.2380952380952,67.7619047619048,7.23809523809524,568096.428571429,-3273325.0,3577,1.101989857407649,33.950380888456294,63.38203978682909
2014-12-18,1130,2014-12-18,0.952380952380952,34.8095238095238,62.8571428571429,7.04761904761905,568096.428571429,-3273325.0,3577,1.1476238931345573,31.991309206784294,65.21964738047356
2014-12-25,1131,2014-12-25,0.714285714285714,34.1428571428571,63.8571428571429,7.09523809523809,568096.428571429,-3273325.0,3577,1.5819165354766715,31.532561349894095,65.24983891236788
2014-12-26,1132,2014-12-26,2.0,34.0,62.2857142857143,7.09523809523809,568096.428571429,-3273325.0,3577,1.8903243299525319,34.424024891512005,62.09654251835988
2015-01-02,1133,2015-01-02,2.0,35.5714285714286,60.5238095238095,7.19047619047619,568096.428571429,-3273325.0,3577,2.7732680116576907,33.1471119180048,62.373002642343174
2015-01-18,1134,2015-01-18,4.04761904761905,31.7619047619048,62.5238095238095,7.47619047619048,568096.428571429,-3273325.0,3577,3.563362334259635,33.200771364853104,61.59204366324189
2015-01-26,1135,2015-01-26,5.2,29.4,63.8,6.8,568095.0,-3273375.0,3577,4.468387752597611,32.61855090213737,61.248339276813084
2015-01-27,1136,2015-01-27,5.19047619047619,33.2857142857143,59.8571428571429,7.33333333333333,568096.428571429,-3273325.0,3577,5.088057453381771,31.44712872266582,61.72130861913221
2015-02-03,1137,2015-02-03,3.95238095238095,33.6190476190476,60.6190476190476,7.38095238095238,568096.428571429,-3273325.0,3577,4.890258348461952,32.795616148552426,60.66482433973786
2015-02-04,1138,2015-02-04,5.19047619047619,32.5238095238095,61.0,7.14285714285714,568096.428571429,-3273325.0,3577,4.254407099607702,33.21217791495932,61.01234163152756
2015-02-12,1139,2015-02-12,3.28571428571429,34.9047619047619,60.2380952380952,7.33333333333333,568096.428571429,-3273325.0,3577,3.418278409834331,34.55712989514892,60.4806317615121
2015-02-19,1140,2015-02-19,2.42857142857143,34.6666666666667,61.0,7.42857142857143,568096.428571429,-3273325.0,3577,2.516530996913397,35.890304572989876,60.0288864339436
2015-02-20,1141,2015-02-20,2.0,37.3333333333333,59.2380952380952,7.28571428571429,568096.428571429,-3273325.0,3577,1.9660260932422378,36.37165611384037,60.12031996523076
2015-02-27,1142,2015-02-27,0.727272727272727,38.8181818181818,59.2727272727273,7.45454545454545,568097.727272727,-3273293.18181818,3577,1.736975286651359,36.81836785973583,59.850382659830515
2015-02-28,1143,2015-02-28,2.28571428571429,32.9523809523809,62.8571428571429,5.95238095238095,568096.428571429,-3273325.0,3577,1.8525616423165046,37.636042913830686,58.793709527165426
2015-03-07,1144,2015-03-07,2.0,41.0,55.0,7.0,568155.0,-3273345.0,3577,1.860507350796971,36.38269948457976,59.98634548675871
2015-03-08,1145,2015-03-08,2.28571428571429,34.6666666666667,61.5714285714286,7.04761904761905,568096.428571429,-3273325.0,3577,1.9804932847429213,36.652459745896415,59.677613314530944
2015-03-16,1146,2015-03-16,2.0952380952381,36.7142857142857,59.3333333333333,7.19047619047619,568096.428571429,-3273325.0,3577,2.018264501236339,35.74847237385403,60.501864492567535
2015-03-23,1147,2015-03-23,2.0952380952381,36.2380952380952,59.8095238095238,6.42857142857143,568096.428571429,-3273325.0,3577,1.7840992856470093,35.97883746799619,60.53324693881066
2015-03-24,1148,2015-03-24,1.19047619047619,34.6666666666667,62.7619047619048,6.90476190476191,568096.428571429,-3273325.0,3577,1.5119421342329318,37.471814047659855,59.46197352698013
2015-03-31,1149,2015-03-31,0.333333333333333,36.6666666666667,61.7619047619048,7.38095238095238,568096.428571429,-3273325.0,3577,1.0404672726652606,39.03759604687816,58.47436052079143
2015-04-01,1150,2015-04-01,2.0,44.9047619047619,51.3809523809524,5.85714285714286,568096.428571429,-3273325.0,3577,1.434532443820155,37.81611886564883,59.19371546924843
2015-04-08,1151,2015-04-08,2.0,32.8571428571429,63.3809523809524,6.85714285714286,568096.428571429,-3273325.0,3577,1.755712295959711,38.336815918853546,58.35103132161085
2015-04-16,1152,2015-04-16,0.952380952380952,45.5238095238095,52.2857142857143,13.2380952380952,568096.428571429,-3273325.0,3577,2.1580050496455936,37.174057109036085,59.043818926163055
2015-04-24,1153,2015-04-24,3.14285714285714,33.8571428571429,61.1428571428571,7.76190476190476,568096.428571429,-3273325.0,3577,2.3920470654213197,37.44535959396082,58.44995922549228
2015-05-03,1154,2015-05-03,3.0,31.9047619047619,63.1904761904762,7.23809523809524,568096.428571429,-3273325.0,3577,2.645463411716884,37.78475910054295,57.831081714974
2015-05-10,1155,2015-05-10,3.76190476190476,35.4761904761905,59.0952380952381,7.76190476190476,568096.428571429,-3273325.0,3577,2.5437591304460545,37.919925275956786,57.86046925210147
2015-05-11,1156,2015-05-11,0.571428571428571,47.8571428571429,50.2857142857143,6.14285714285714,568107.857142857,-3273280.71428571,3577,2.4530448442631645,38.91187422202886,57.087320972479915
2015-05-19,1157,2015-05-19,2.71428571428571,38.2857142857143,57.0952380952381,7.28571428571429,568096.428571429,-3273325.0,3577,2.6577042902679224,40.91178598115788,54.959707662626556
2015-05-26,1158,2015-05-26,2.83333333333333,43.6666666666667,52.5,8.66666666666667,568140.0,-3273310.0,3577,2.6380671116102015,40.81514554494526,55.18724314431342
2015-06-03,1159,2015-06-03,3.63636363636364,36.8181818181818,58.0909090909091,8.63636363636364,568089.545454545,-3273355.90909091,3577,2.9800801975016498,41.51047399920971,54.20404855487074
2015-06-12,1160,2015-06-12,3.28571428571429,38.6190476190476,56.8095238095238,6.76190476190476,568096.428571429,-3273325.0,3577,3.7478474241767277,39.350430177753324,55.52916592741263
2015-06-19,1161,2015-06-19,5.0,39.6666666666667,54.0,8.33333333333333,568065.0,-3273375.0,3577,4.905811188529286,36.267871588018146,57.32961742262884
2015-06-20,1162,2015-06-20,5.0,35.5238095238095,57.7142857142857,8.04761904761905,568096.428571429,-3273325.0,3577,5.848351807681078,34.30188256250226,58.275934732300925
2015-06-27,1163,2015-06-27,5.95238095238095,31.2857142857143,61.0476190476191,8.33333333333333,568096.428571429,-3273325.0,3577,5.898031277287362,33.80724796358965,58.65565652097284
2015-07-05,1164,2015-07-05,7.66666666666667,32.5,58.0,8.66666666666667,568100.0,-3273275.0,3577,6.033041262142527,32.633469213959685,59.539404867569345
2015-07-06,1165,2015-07-06,5.95238095238095,30.8095238095238,61.7142857142857,7.76190476190476,568096.428571429,-3273325.0,3577,5.962833348281373,32.59345144019579,59.72389993906129
2015-07-13,1166,2015-07-13,6.33333333333333,31.047619047619,60.8095238095238,8.19047619047619,568096.428571429,-3273325.0,3577,6.145561352990776,31.217782217777547,60.96894127543372
2015-07-14,1167,2015-07-14,3.66666666666667,35.4761904761905,59.3809523809524,5.28571428571429,568096.428571429,-3273325.0,3577,6.0583235134309685,30.588219314220932,61.778868190623676
2015-07-22,1168,2015-07-22,5.85714285714286,31.0,61.4285714285714,6.90476190476191,568096.428571429,-3273325.0,3577,6.1378219303906745,30.908122321430405,61.43548917541809
2015-07-30,1169,2015-07-30,7.61904761904762,29.8571428571429,61.0476190476191,7.71428571428571,568096.428571429,-3273325.0,3577,5.956770783395282,31.496857631527867,60.9638864747133
2015-08-06,1170,2015-08-06,7.04761904761905,27.952380952381,63.7619047619048,7.33333333333333,568096.428571429,-3273325.0,3577,5.98220355495808,31.854854124199242,60.57354719582918
2015-08-07,1171,2015-08-07,5.95238095238095,31.5238095238095,60.7142857142857,7.85714285714286,568096.428571429,-3273325.0,3577,6.061395776565151,32.54411584287262,59.829983226259124
2015-08-14,1172,2015-08-14,4.04761904761905,37.0476190476191,57.1428571428571,8.47619047619048,568096.428571429,-3273325.0,3577,5.743302105530351,32.816184847139716,59.89473478017475
2015-08-23,1173,2015-08-23,5.28571428571429,36.5714285714286,56.5714285714286,8.47619047619048,568096.428571429,-3273325.0,3577,5.236520136209758,33.31387539188899,59.87534034591962
2015-08-30,1174,2015-08-30,4.52380952380952,32.0952380952381,61.9047619047619,8.0,568096.428571429,-3273325.0,3577,4.333703448253885,33.95761720219418,60.19023288372232
2015-08-31,1175,2015-08-31,5.04761904761905,30.6190476190476,63.1428571428571,7.71428571428571,568096.428571429,-3273325.0,3577,4.025491536326848,33.863605950288196,60.56297263107501
2015-09-08,1176,2015-09-08,3.47619047619048,33.1428571428571,61.7142857142857,7.85714285714286,568096.428571429,-3273325.0,3577,3.7057654578487336,34.948299775158084,59.87325233311478
2015-09-15,1177,2015-09-15,2.9047619047619,33.1904761904762,62.1428571428571,7.76190476190476,568096.428571429,-3273325.0,3577,3.3437279557779434,30.226388202568486,64.85624774525927
2015-09-16,1178,2015-09-16,2.4,34.4666666666667,61.6666666666667,7.66666666666667,568095.0,-3273345.0,3577,2.753971486955118,30.108696907596887,65.46337936096425
2015-09-24,1179,2015-09-24,2.52380952380952,33.8095238095238,62.0476190476191,7.71428571428571,568096.428571429,-3273325.0,3577,2.0986478790714744,33.32980601996535,62.889423587437534
2015-10-01,1180,2015-10-01,2.19047619047619,33.9523809523809,62.0,7.76190476190476,568096.428571429,-3273325.0,3577,1.790934317726143,37.8076402946337,58.795734781133795
2015-10-02,1181,2015-10-02,1.07692307692308,32.9230769230769,64.4615384615385,7.46153846153846,568088.076923077,-3273349.61538462,3577,1.607693647941085,41.5914746666162,55.21335967718482
2015-10-10,1182,2015-10-10,2.0,36.7142857142857,59.4285714285714,7.52380952380952,568096.428571429,-3273325.0,3577,1.6631312642265155,44.13009436743864,52.662221610751274
2015-10-25,1183,2015-10-25,1.0,74.5454545454545,23.6363636363636,8.54545454545454,568089.545454545,-3273355.90909091,3577,1.6078808545583965,45.73785105682923,51.08634628196964
2015-10-26,1184,2015-10-26,2.04761904761905,39.4761904761905,56.6666666666667,7.61904761904762,568096.428571429,-3273325.0,3577,1.738277995719986,45.063953078386994,51.56671752763124
2015-11-11,1185,2015-11-11,2.04761904761905,36.4285714285714,59.6190476190476,7.66666666666667,568096.428571429,-3273325.0,3577,1.9628498040021674,42.4951896703549,53.82175929534885
2015-11-18,1186,2015-11-18,2.19047619047619,33.2857142857143,62.5238095238095,7.38095238095238,568096.428571429,-3273325.0,3577,2.0828300856875983,39.01883586258071,57.120657615702
2015-11-19,1187,2015-11-19,1.85714285714286,34.5238095238095,62.0952380952381,7.33333333333333,568096.428571429,-3273325.0,3577,1.9686392039330283,34.19557119866207,62.03469492323053
2015-11-27,1188,2015-11-27,2.0,35.0,61.0952380952381,5.85714285714286,568096.428571429,-3273325.0,3577,1.9045402481932157,30.943395098189242,65.32370106672536
2015-12-04,1189,2015-12-04,2.0,32.0952380952381,64.0,7.19047619047619,568096.428571429,-3273325.0,3577,1.8046329315676475,31.31156356542885,65.0742064952494
2015-12-05,1190,2015-12-05,1.19047619047619,34.8571428571429,62.4285714285714,7.14285714285714,568096.428571429,-3273325.0,3577,1.483039148673603,36.100148561443476,60.807162909321015
2015-12-12,1191,2015-12-12,1.0952380952381,34.9047619047619,62.5714285714286,7.38095238095238,568096.428571429,-3273325.0,3577,1.4608126651468134,35.18993802894207,61.69575419419701
2015-12-13,1192,2015-12-13,2.0,33.1904761904762,62.8571428571429,9.47619047619048,568096.428571429,-3273325.0,3577,1.6232508461608213,35.47851323082992,61.18492343568829
2015-12-20,1193,2015-12-20,2.0,40.6190476190476,55.5714285714286,6.47619047619048,568096.428571429,-3273325.0,3577,1.6775824794398144,35.23057128629358,61.362486842353846
2015-12-28,1194,2015-12-28,0.761904761904762,34.4761904761905,63.4285714285714,7.66666666666667,568096.428571429,-3273325.0,3577,1.5607277139782556,35.81947000367517,60.99238274624361
2015-12-29,1195,2015-12-29,2.19047619047619,33.4761904761905,62.5238095238095,7.66666666666667,568096.428571429,-3273325.0,3577,1.6585983675764484,35.48893212050576,61.21453709688089
2016-01-05,1196,2016-01-05,2.23809523809524,34.3333333333333,61.4761904761905,7.80952380952381,568096.428571429,-3273325.0,3577,1.8304971602182487,34.90362217761077,61.59241635556505
2016-01-06,1197,2016-01-06,1.19047619047619,36.1428571428571,61.3809523809524,7.57142857142857,568096.428571429,-3273325.0,3577,1.5286359667162337,35.17009358030504,61.752093623601425
2016-01-29,1198,2016-01-29,0.571428571428571,35.7619047619048,62.3809523809524,7.57142857142857,568096.428571429,-3273325.0,3577,1.4785323036094824,35.316154949276594,61.64114918448363
2016-01-30,1199,2016-01-30,2.0,36.8095238095238,59.5238095238095,6.71428571428571,568096.428571429,-3273325.0,3577,1.42473522349662,35.47725648963508,61.54746491897275
2016-02-06,1200,2016-02-06,2.0,33.4761904761905,62.6666666666667,7.61904761904762,568096.428571429,-3273325.0,3577,0.9430882054264365,37.44957370680723,60.155376978988464
2016-02-07,1201,2016-02-07,0.166666666666667,39.8333333333333,58.7222222222222,7.55555555555556,568095.0,-3273335.0,3577,0.707262278788307,36.91403138755695,61.011154198095625
2016-02-14,1202,2016-02-14,0.0952380952380952,37.6190476190476,61.1428571428571,7.47619047619048,568096.428571429,-3273325.0,3577,0.8515718179712535,36.77886435071198,60.96248930508213
2016-02-15,1203,2016-02-15,2.0,36.7619047619048,59.4761904761905,7.33333333333333,568096.428571429,-3273325.0,3577,0.9684704932654674,38.318503483729295,59.21493876894226
2016-03-01,1204,2016-03-01,0.0,39.1818181818182,59.9090909090909,7.54545454545455,568097.727272727,-3273293.18181818,3577,1.2279957840373048,39.457024260122196,57.84578656668775
2016-03-02,1205,2016-03-02,2.0,39.3333333333333,56.8095238095238,7.38095238095238,568096.428571429,-3273325.0,3577,1.9174603245352513,39.606001222437904,56.97896974797995
2016-03-18,1206,2016-03-18,4.09523809523809,35.3333333333333,58.7142857142857,8.0,568096.428571429,-3273325.0,3577,2.948698913845986,38.45723937367332,56.94288309177319
2016-03-25,1207,2016-03-25,2.23529411764706,45.5882352941176,50.5294117647059,15.3529411764706,568093.235294118,-3273322.05882353,3577,3.3810452811312803,37.60490359584388,57.329270421398164
2016-03-26,1208,2016-03-26,3.55,37.55,57.3,7.95,568096.5,-3273328.5,3577,3.4151717083372874,37.093294532512246,57.79471400783141
2016-04-02,1209,2016-04-02,4.2,28.8,65.6,7.7,568095.0,-3273360.0,3577,3.107812387332956,35.650744208132785,59.57893824744146
2016-04-10,1210,2016-04-10,2.76190476190476,34.7142857142857,60.6666666666667,8.19047619047619,568096.428571429,-3273325.0,3577,2.4898527609095726,35.02998876161256,60.87470670680925
2016-04-11,1211,2016-04-11,0.875,36.875,60.625,7.625,568083.75,-3273363.75,3577,1.561299980599511,35.57650465087104,61.37562536867303
2016-04-18,1212,2016-04-18,0.571428571428571,39.8571428571429,58.2857142857143,8.0,568107.857142857,-3273280.71428571,3577,1.3799085225462695,36.17361620501219,60.9113893285037
2016-04-26,1213,2016-04-26,2.19047619047619,33.5238095238095,62.4285714285714,7.85714285714286,568096.428571429,-3273325.0,3577,1.3780475306880093,37.0119475346428,60.06989185159841
2016-05-04,1214,2016-05-04,0.952380952380952,39.0952380952381,58.8095238095238,8.09523809523809,568096.428571429,-3273325.0,3577,2.0644098404475946,38.964436578713226,57.360950224113225
2016-05-12,1215,2016-05-12,2.85714285714286,40.3809523809524,55.0476190476191,8.38095238095238,568096.428571429,-3273325.0,3577,2.766322299990618,38.476672836961214,57.11461487428129
2016-05-28,1216,2016-05-28,4.42857142857143,36.0952380952381,57.5714285714286,8.95238095238095,568096.428571429,-3273325.0,3577,3.529387665997047,36.2871737395677,58.54496058636052
2016-05-29,1217,2016-05-29,4.2,34.6,59.6,7.6,568095.0,-3273375.0,3577,3.7684648684643074,35.18571964670509,59.38369195303292
2016-06-06,1218,2016-06-06,3.47619047619048,35.6190476190476,59.1904761904762,8.0,568096.428571429,-3273325.0,3577,3.588760439766097,34.58960067279982,60.180332696190575
2016-06-13,1219,2016-06-13,4.47619047619048,32.6190476190476,61.2380952380952,8.66666666666667,568096.428571429,-3273325.0,3577,3.552964063799447,34.13917351997336,60.721968434033656
2016-06-14,1220,2016-06-14,0.666666666666667,31.3333333333333,66.8095238095238,5.80952380952381,568096.428571429,-3273325.0,3577,3.5036016614958747,33.10389816581271,61.751782788925254
2016-06-29,1221,2016-06-29,5.09523809523809,33.6190476190476,59.6190476190476,9.38095238095238,568096.428571429,-3273325.0,3577,3.6328377504842644,33.335030294777624,61.49030226738285
2016-07-08,1222,2016-07-08,3.95238095238095,36.4761904761905,57.8571428571429,9.71428571428571,568096.428571429,-3273325.0,3577,4.3376402751009255,32.95606643098411,61.129697753218025
2016-07-15,1223,2016-07-15,5.71428571428571,32.3809523809524,60.1904761904762,8.90476190476191,568096.428571429,-3273325.0,3577,5.413784358055992,32.40236956025946,60.61178656224189
2016-07-24,1224,2016-07-24,6.47619047619048,29.4761904761905,62.5238095238095,7.85714285714286,568096.428571429,-3273325.0,3577,6.106595159225824,31.08644399975205,61.2199080589082
2016-07-31,1225,2016-07-31,6.38095238095238,30.1428571428571,61.9047619047619,6.95238095238095,568096.428571429,-3273325.0,3577,6.801174058138987,30.510666835739677,61.10861687331362
2016-08-08,1226,2016-08-08,8.38095238095238,29.8095238095238,60.5238095238095,8.52380952380952,568096.428571429,-3273325.0,3577,7.699321318515215,29.141728240795093,61.58427846662221
2016-08-16,1227,2016-08-16,7.23809523809524,29.1904761904762,61.7619047619048,8.38095238095238,568096.428571429,-3273325.0,3577,7.52922103695985,30.52925505866225,60.354684531146106
2016-08-24,1228,2016-08-24,7.95238095238095,32.0,58.4761904761905,8.85714285714286,568096.428571429,-3273325.0,3577,8.627084989312799,30.53374901671659,59.19165148576029
2016-09-01,1229,2016-09-01,8.23809523809524,30.2857142857143,59.6666666666667,8.38095238095238,568096.428571429,-3273325.0,3577,8.899565862412826,32.62578597872229,56.843003229991666
2016-09-02,1230,2016-09-02,10.6190476190476,37.1904761904762,50.7142857142857,9.52380952380952,568096.428571429,-3273325.0,3577,9.021939876427687,34.29000617544998,55.04071676516676
2016-09-10,1231,2016-09-10,8.95238095238095,34.0,55.1904761904762,9.04761904761905,568096.428571429,-3273325.0,3577,8.97282696663367,35.54721027166319,53.84581569100891
2016-09-18,1232,2016-09-18,8.19047619047619,38.4761904761905,51.8571428571429,14.5714285714286,568096.428571429,-3273325.0,3577,8.830625514834718,36.0513913331197,53.51079570583417
2016-09-25,1233,2016-09-25,11.0952380952381,27.7619047619048,59.8571428571429,8.57142857142857,568096.428571429,-3273325.0,3577,9.004251424528716,35.4054724944765,54.063862865712395
2016-09-26,1234,2016-09-26,5.33333333333333,45.3333333333333,47.6666666666667,12.6666666666667,568125.0,-3273275.0,3577,9.069212521223553,34.06086689367914,55.32941362042705
2016-10-03,1235,2016-10-03,9.85714285714286,28.1904761904762,60.1428571428571,8.28571428571429,568096.428571429,-3273325.0,3577,9.108849715814303,32.68129914460695,56.69204850875832
2016-10-04,1236,2016-10-04,10.1904761904762,30.4285714285714,58.0476190476191,8.33333333333333,568096.428571429,-3273325.0,3577,9.23878108475494,31.51354656694741,57.75556950788287
2016-10-11,1237,2016-10-11,9.61904761904762,30.1428571428571,58.8095238095238,8.23809523809524,568096.428571429,-3273325.0,3577,9.095510011143329,31.828689628220456,57.576565849003075
2016-10-12,1238,2016-10-12,9.0,32.3809523809524,57.0952380952381,8.14285714285714,568096.428571429,-3273325.0,3577,8.41095540166622,32.416420524774786,57.57164713510602
2016-10-19,1239,2016-10-19,7.09523809523809,34.2380952380952,57.0,8.14285714285714,568096.428571429,-3273325.0,3577,7.662622671445057,33.58075727161911,57.15680872274446
2016-10-27,1240,2016-10-27,5.95,35.35,57.2,8.1,568099.5,-3273322.5,3577,7.016406039779604,32.87991270854556,58.55917622108697
2016-10-28,1241,2016-10-28,5.90476190476191,36.6190476190476,55.8095238095238,8.04761904761905,568096.428571429,-3273325.0,3577,5.547989935760004,35.985604436837434,56.90191851491311
2016-11-04,1242,2016-11-04,4.33333333333333,36.0,57.8095238095238,8.0,568096.428571429,-3273325.0,3577,4.921150057372232,36.396760102637,57.08623677663071
2016-11-05,1243,2016-11-05,5.61904761904762,35.7142857142857,57.3333333333333,7.95238095238095,568096.428571429,-3273325.0,3577,4.310093157615734,38.13472312001152,55.99619781662288
2016-11-12,1244,2016-11-12,3.9,36.6,58.2,8.0,568104.0,-3273291.0,3577,3.650440323349994,39.44919894346548,55.28231788850157
2016-11-20,1245,2016-11-20,2.57142857142857,42.9523809523809,52.7619047619048,7.90476190476191,568096.428571429,-3273325.0,3577,3.1277745474335226,41.776732091431725,53.44181576936196
2016-11-21,1246,2016-11-21,2.0,50.0,46.0,7.0,568035.0,-3273375.0,3577,2.5454710408266967,43.41857213992788,52.34737089535068
2016-11-29,1247,2016-11-29,2.52380952380952,38.7619047619048,56.9523809523809,7.80952380952381,568096.428571429,-3273325.0,3577,2.393500462385553,43.21449834994081,52.64254527721235
2016-12-15,1248,2016-12-15,2.23809523809524,43.5714285714286,52.4761904761905,8.0,568096.428571429,-3273325.0,3577,2.14298240459199,42.7777465052943,53.26417957686513
2016-12-22,1249,2016-12-22,2.04761904761905,41.0952380952381,55.0476190476191,7.95238095238095,568096.428571429,-3273325.0,3577,2.075986655243309,41.39855892301095,54.70292102117912
2016-12-23,1250,2016-12-23,2.9047619047619,40.8095238095238,54.7619047619048,7.76190476190476,568096.428571429,-3273325.0,3577,2.4814107461162553,39.283589991014466,56.51505099646673
2016-12-31,1251,2016-12-31,2.33333333333333,33.3809523809524,62.3809523809524,7.90476190476191,568096.428571429,-3273325.0,3577,2.223760243883749,37.31362857987688,58.79839355689873
2017-01-07,1252,2017-01-07,2.57142857142857,37.6190476190476,58.0476190476191,7.90476190476191,568096.428571429,-3273325.0,3577,2.201580153592209,36.639713743423435,59.489146044864746
2017-01-08,1253,2017-01-08,1.66666666666667,41.3809523809524,55.5238095238095,7.71428571428571,568096.428571429,-3273325.0,3577,2.8649858913012536,37.05309808869627,58.44392810491011
2017-01-15,1254,2017-01-15,4.66666666666667,34.3333333333333,59.3809523809524,7.66666666666667,568096.428571429,-3273325.0,3577,3.795847599252607,37.58460579667448,56.966135515662614
2017-01-16,1255,2017-01-16,3.85714285714286,36.7619047619048,57.6666666666667,7.61904761904762,568096.428571429,-3273325.0,3577,5.050056238909976,38.7007017749994,54.632891360437384
2017-01-23,1256,2017-01-23,5.23809523809524,39.8095238095238,53.2857142857143,10.2857142857143,568096.428571429,-3273325.0,3577,6.212937217580254,39.30693609795189,52.880964752473886
2017-01-31,1257,2017-01-31,9.5,41.5,47.5,9.0,568080.0,-3273255.0,3577,6.926170320906127,39.79434033458205,51.70172706549644
2017-02-01,1258,2017-02-01,7.52380952380952,41.1428571428571,49.7142857142857,8.0,568096.428571429,-3273325.0,3577,7.178048473713034,38.61875018685586,52.558856520148986
2017-02-08,1259,2017-02-08,5.61904761904762,37.9047619047619,54.6666666666667,7.80952380952381,568096.428571429,-3273325.0,3577,6.7062004439941525,38.08707574079713,53.52651333741272
2017-02-16,1260,2017-02-16,6.14285714285714,33.0,59.5714285714286,7.57142857142857,568096.428571429,-3273325.0,3577,5.601428142389437,38.0137835094911,54.776408278543464
2017-02-17,1261,2017-02-17,3.52380952380952,39.3809523809524,55.1904761904762,7.57142857142857,568096.428571429,-3273325.0,3577,4.580543731888605,36.8825456911851,56.924905094103536
2017-02-24,1262,2017-02-24,3.57142857142857,36.3809523809524,58.3809523809524,7.71428571428571,568096.428571429,-3273325.0,3577,3.4900558281119842,36.534847743344315,58.32043795689031
2017-02-25,1263,2017-02-25,3.61904761904762,35.8571428571429,58.9523809523809,7.52380952380952,568096.428571429,-3273325.0,3577,2.836008081780459,36.642277703239124,58.92717578522842
2017-03-04,1264,2017-03-04,1.69230769230769,40.8461538461538,56.0769230769231,7.84615384615385,568104.230769231,-3273301.15384615,3577,2.765308478930355,38.17781960041451,57.55413678168237
2017-03-05,1265,2017-03-05,2.9047619047619,39.1428571428571,56.5238095238095,7.52380952380952,568096.428571429,-3273325.0,3577,2.3289867233659876,39.826911438955975,56.352314114391916
2017-03-12,1266,2017-03-12,2.76190476190476,36.7619047619048,58.6666666666667,7.38095238095238,568096.428571429,-3273325.0,3577,2.107149260995099,40.10791605789815,56.29521292392564
2017-03-13,1267,2017-03-13,2.04761904761905,40.6190476190476,56.0476190476191,7.52380952380952,568096.428571429,-3273325.0,3577,2.1377053525180836,39.82083289417775,56.62757548872445
2017-03-20,1268,2017-03-20,1.28571428571429,42.0476190476191,55.4285714285714,7.71428571428571,568096.428571429,-3273325.0,3577,2.1388829476466205,41.17805525425774,55.16649342559448
2017-03-21,1269,2017-03-21,2.14285714285714,41.6666666666667,54.3333333333333,7.47619047619048,568096.428571429,-3273325.0,3577,2.3641668326113487,36.2837995536203,59.699897229061904
2017-03-28,1270,2017-03-28,2.42857142857143,33.9047619047619,61.9523809523809,7.47619047619048,568096.428571429,-3273325.0,3577,2.3730727476853986,35.7213776935086,60.225309262451944
2017-03-29,1271,2017-03-29,3.0952380952381,34.9047619047619,60.5238095238095,7.09523809523809,568096.428571429,-3273325.0,3577,1.9642091654472642,37.46206218961079,58.929740022610446
2017-04-06,1272,2017-04-06,2.0952380952381,38.4761904761905,57.6666666666667,7.28571428571429,568096.428571429,-3273325.0,3577,1.9532294331053028,39.95244899578668,56.49838912376765
2017-04-13,1273,2017-04-13,2.14285714285714,36.5238095238095,59.4285714285714,7.57142857142857,568096.428571429,-3273325.0,3577,1.9997329811568307,42.0462787985945,54.39584151657641
2017-04-14,1274,2017-04-14,1.19047619047619,38.7142857142857,58.8571428571429,7.04761904761905,568096.428571429,-3273325.0,3577,2.42929825592328,43.69469849035759,52.365331263156264
2017-04-22,1275,2017-04-22,2.0,70.6666666666667,26.3333333333333,7.2,568081.0,-3273313.0,3577,2.9057598747996876,43.743319631857986,51.88050236656274
2017-04-29,1276,2017-04-29,4.09523809523809,32.5238095238095,61.6190476190476,7.85714285714286,568096.428571429,-3273325.0,3577,3.6560591111669227,42.24158194745797,52.57275851083117
2017-05-07,1277,2017-05-07,5.80952380952381,34.4285714285714,58.0476190476191,8.14285714285714,568096.428571429,-3273325.0,3577,4.376794516112747,39.31654001312856,54.74413615279671
2017-05-08,1278,2017-05-08,5.28571428571429,30.9047619047619,62.0476190476191,7.66666666666667,568096.428571429,-3273325.0,3577,5.067432051951419,36.23615393893489,57.072938413487165
2017-05-15,1279,2017-05-15,5.61904761904762,33.7142857142857,59.0,7.71428571428571,568096.428571429,-3273325.0,3577,5.591530244780184,33.53441295546057,59.19955586208573
2017-05-16,1280,2017-05-16,4.33333333333333,35.3333333333333,59.0,6.83333333333333,568100.0,-3273275.0,3577,5.847086865661844,31.53173967414981,60.93496080801674
2017-05-24,1281,2017-05-24,6.04761904761905,36.3809523809524,55.8095238095238,7.90476190476191,568096.428571429,-3273325.0,3577,5.960977103391074,31.92999157704563,60.586484722698586
2017-05-31,1282,2017-05-31,6.14285714285714,33.7619047619048,58.5714285714286,8.28571428571429,568096.428571429,-3273325.0,3577,5.968616522795198,35.58220932833406,56.99760610905269
2017-06-01,1283,2017-06-01,6.80952380952381,31.2380952380952,60.5238095238095,7.76190476190476,568096.428571429,-3273325.0,3577,6.087502796480214,34.096129876310556,58.343312002745996
2017-06-08,1284,2017-06-08,6.38095238095238,33.8571428571429,58.4761904761905,8.38095238095238,568096.428571429,-3273325.0,3577,6.130970165024975,34.2701777067051,58.125896807002675
2017-06-09,1285,2017-06-09,5.38095238095238,34.4761904761905,58.5238095238095,7.85714285714286,568096.428571429,-3273325.0,3577,5.850689042638633,34.082242834559736,58.5523063108115
2017-06-17,1286,2017-06-17,5.61904761904762,35.3333333333333,57.5238095238095,7.66666666666667,568096.428571429,-3273325.0,3577,5.558934563887295,34.18990132673832,58.65732389384763
2017-07-02,1287,2017-07-02,4.28571428571429,36.0952380952381,57.7619047619048,8.28571428571429,568096.428571429,-3273325.0,3577,5.034914517885904,34.85522423911995,58.5066326861905
2017-07-10,1288,2017-07-10,5.19047619047619,35.1428571428571,58.2857142857143,8.38095238095238,568096.428571429,-3273325.0,3577,4.7176703585365285,35.45993737943671,58.19808777393046
2017-07-11,1289,2017-07-11,4.47619047619048,32.8095238095238,60.9523809523809,7.80952380952381,568096.428571429,-3273325.0,3577,4.323932001949932,35.37730381073505,58.64300611668156
2017-07-18,1290,2017-07-18,4.19047619047619,35.3809523809524,58.7142857142857,7.80952380952381,568096.428571429,-3273325.0,3577,4.005919776817011,34.694817050849004,59.65780143488229
2017-07-19,1291,2017-07-19,3.73333333333333,35.1333333333333,59.6,7.73333333333333,568095.0,-3273345.0,3577,3.5837003038236066,34.50174531350487,60.33504142915005
2017-07-26,1292,2017-07-26,2.61904761904762,36.4761904761905,59.5238095238095,8.19047619047619,568096.428571429,-3273325.0,3577,3.1166769247259936,34.45032160821121,60.7822363395028
2017-08-12,1293,2017-08-12,2.71428571428571,32.7619047619048,62.6666666666667,7.71428571428571,568096.428571429,-3273325.0,3577,2.7584788792215003,34.52581783541021,61.067992894609155
2017-08-19,1294,2017-08-19,2.47619047619048,33.3809523809524,62.2857142857143,7.95238095238095,568096.428571429,-3273325.0,3577,2.3029354546378955,34.6718090990485,61.38002039239514
2017-08-27,1295,2017-08-27,2.38095238095238,34.1428571428571,62.0952380952381,7.80952380952381,568096.428571429,-3273325.0,3577,2.285863775027519,34.24314385304586,61.81835811246655
2017-08-28,1296,2017-08-28,2.14285714285714,35.5714285714286,60.4761904761905,7.52380952380952,568096.428571429,-3273325.0,3577,2.3473278011974186,33.31041136365716,62.559999133983624
2017-09-04,1297,2017-09-04,2.14285714285714,33.5238095238095,62.4761904761905,7.04761904761905,568096.428571429,-3273325.0,3577,2.2257672152405656,33.1588859025342,62.85506567734734
2017-09-12,1298,2017-09-12,2.0,32.6190476190476,64.0476190476191,6.90476190476191,568096.428571429,-3273325.0,3577,1.8960193573193824,33.48506704852952,62.98325719687011
2017-10-15,1299,2017-10-15,2.0,32.4761904761905,63.5714285714286,7.71428571428571,568096.428571429,-3273325.0,3577,1.698641915359927,33.76733070850212,62.93477420411467
2017-10-22,1300,2017-10-22,2.0,32.2857142857143,63.9047619047619,7.52380952380952,568096.428571429,-3273325.0,3577,1.427862127552316,33.452858802698984,63.566555219796506
2017-10-23,1301,2017-10-23,0.476190476190476,34.9523809523809,63.3809523809524,7.57142857142857,568096.428571429,-3273325.0,3577,1.3579361814653907,33.22273598434091,63.867199879574244
2017-10-30,1302,2017-10-30,0.4,36.1333333333333,62.4,7.2,568095.0,-3273345.0,3577,1.2481215379046333,33.511647691828415,63.76796495557153
2017-10-31,1303,2017-10-31,2.0,33.2380952380952,62.9047619047619,7.57142857142857,568096.428571429,-3273325.0,3577,1.0793726397439953,34.49220232811047,62.97194961899902
2017-11-07,1304,2017-11-07,2.0,31.7619047619048,64.4285714285714,7.52380952380952,568096.428571429,-3273325.0,3577,1.3291125798863748,34.23820348897236,62.864486390792784
2017-11-08,1305,2017-11-08,0.571428571428571,34.6190476190476,63.5714285714286,7.23809523809524,568096.428571429,-3273325.0,3577,1.3675736028675158,34.563972663038705,62.51565977880833
2017-11-23,1306,2017-11-23,2.0,36.0476190476191,60.0952380952381,7.71428571428571,568096.428571429,-3273325.0,3577,1.551617629016778,34.95624705531306,61.80804541175135
2017-11-24,1307,2017-11-24,0.714285714285714,37.4285714285714,60.5238095238095,7.61904761904762,568096.428571429,-3273325.0,3577,1.7088960575026133,35.4630430457003,61.11696786185038
2017-12-02,1308,2017-12-02,2.0,35.0476190476191,61.0476190476191,7.14285714285714,568096.428571429,-3273325.0,3577,1.3375912013680913,36.62482306135011,60.48856612942397
2017-12-09,1309,2017-12-09,2.0,34.4285714285714,61.8095238095238,7.71428571428571,568096.428571429,-3273325.0,3577,1.2454892888327558,36.7207261262934,60.5129060825565
2017-12-17,1310,2017-12-17,0.0,41.0,58.0,10.0,568095.0,-3273255.0,3577,1.1878132187727934,37.14497989110437,60.13698788310894
2017-12-18,1311,2017-12-18,2.0,35.4761904761905,60.7142857142857,7.52380952380952,568096.428571429,-3273325.0,3577,0.9158906109369137,37.49038216684716,60.15902673177317
2017-12-26,1312,2017-12-26,0.19047619047619,37.6190476190476,61.0476190476191,7.52380952380952,568096.428571429,-3273325.0,3577,0.8803662797469531,37.3707706122511,60.30937380472084
2018-01-02,1313,2018-01-02,0.380952380952381,37.7619047619048,60.3809523809524,7.71428571428571,568096.428571429,-3273325.0,3577,0.9785163237174157,37.7762201678554,59.75062708188752
2018-01-03,1314,2018-01-03,2.0,37.1428571428571,59.0,7.61904761904762,568096.428571429,-3273325.0,3577,0.9399068423834818,38.15471267637879,59.443680158841566
2018-01-18,1315,2018-01-18,0.333333333333333,41.9047619047619,56.6666666666667,8.28571428571429,568096.428571429,-3273325.0,3577,1.1689337494289305,38.22870473179499,59.064256692730844
2018-01-19,1316,2018-01-19,2.0,34.2857142857143,61.9047619047619,7.33333333333333,568096.428571429,-3273325.0,3577,1.24276445948254,38.70301215811472,58.54629993328809
2018-01-26,1317,2018-01-26,2.0,37.9523809523809,58.2380952380952,7.47619047619048,568096.428571429,-3273325.0,3577,1.393051221224388,38.82611145304061,58.25652984785239
2018-02-03,1318,2018-02-03,0.166666666666667,41.8333333333333,57.0,7.83333333333333,568100.0,-3273275.0,3577,1.8825544940093213,36.88543396747178,59.511565833538334
2018-02-04,1319,2018-02-04,2.0,35.9047619047619,60.3333333333333,7.80952380952381,568096.428571429,-3273325.0,3577,1.6526440535725992,36.54798606965241,60.15843599124432
2018-02-11,1320,2018-02-11,2.0,36.0,60.1428571428571,7.66666666666667,568096.428571429,-3273325.0,3577,1.610680856810647,36.214421285623295,60.50577750422045
2018-02-20,1321,2018-02-20,2.0,34.0,62.2380952380952,13.9047619047619,568096.428571429,-3273325.0,3577,1.725996225995968,36.011504663202075,60.57184542322953
2018-02-27,1322,2018-02-27,2.0,33.1904761904762,62.9047619047619,7.71428571428571,568096.428571429,-3273325.0,3577,1.3199628029347417,36.30732270824608,60.843810987764726
2018-02-28,1323,2018-02-28,0.0,39.8095238095238,59.1904761904762,7.38095238095238,568096.428571429,-3273325.0,3577,0.9993318085421856,36.841954742878045,60.780278996020684
2018-03-07,1324,2018-03-07,0.142857142857143,42.7619047619048,56.1904761904762,8.66666666666667,568096.428571429,-3273325.0,3577,0.7629386437434836,38.403956122990635,59.53456665452679
2018-03-15,1325,2018-03-15,2.0,34.5714285714286,61.6190476190476,7.66666666666667,568096.428571429,-3273325.0,3577,0.645706847332138,39.23632920226761,58.87915754265494
2018-03-16,1326,2018-03-16,0.0,39.2380952380952,59.8095238095238,6.95238095238095,568096.428571429,-3273325.0,3577,0.7529618214601609,39.30837403050437,58.664849404972216
2018-03-23,1327,2018-03-23,0.0555555555555556,40.4444444444444,58.3888888888889,7.77777777777778,568101.666666667,-3273316.66666667,3577,0.8264665760794556,38.7699069935854,59.076037116469465
2018-03-24,1328,2018-03-24,2.0,39.5714285714286,56.7142857142857,7.57142857142857,568096.428571429,-3273325.0,3577,0.9699119250201388,37.902015167489374,59.759752373520534
2018-03-31,1329,2018-03-31,2.0,33.6190476190476,62.4761904761905,7.66666666666667,568096.428571429,-3273325.0,3577,1.0583727892875732,37.03356990084479,60.518454689752886
2018-04-01,1330,2018-04-01,0.375,36.5,62.1875,7.1875,568093.125,-3273341.25,3577,1.148524915328557,36.912864980685754,60.535273646057746
2018-04-08,1331,2018-04-08,0.166666666666667,39.25,59.5,7.91666666666667,568102.5,-3273297.5,3577,1.3228285551283414,36.452381671335,60.741078353634464
2018-04-09,1332,2018-04-09,2.0,34.3809523809524,61.8571428571429,7.38095238095238,568096.428571429,-3273325.0,3577,1.4982691700524389,36.113872519082825,60.81134460674956
2018-04-16,1333,2018-04-16,2.0,37.1428571428571,59.1904761904762,7.80952380952381,568096.428571429,-3273325.0,3577,1.624423615254062,35.66234499981533,61.05954444103221
2018-04-25,1334,2018-04-25,2.0,34.5238095238095,61.5238095238095,7.42857142857143,568096.428571429,-3273325.0,3577,1.6226524352678124,35.87630210705473,60.81939364374968
2018-05-02,1335,2018-05-02,2.0,36.0,60.0476190476191,7.80952380952381,568096.428571429,-3273325.0,3577,1.9371925217312866,36.10723421686037,60.16686764236823
2018-05-10,1336,2018-05-10,0.894736842105263,36.6842105263158,61.0526315789474,7.78947368421053,568098.157894737,-3273332.36842105,3577,1.9800611641899217,35.49175798800254,60.67876730791938
2018-05-11,1337,2018-05-11,2.0,36.6666666666667,59.6666666666667,7.38095238095238,568096.428571429,-3273325.0,3577,1.4931485095303567,36.24499078737054,60.64288824502782
2018-05-18,1338,2018-05-18,2.0,32.8571428571429,63.2857142857143,7.71428571428571,568096.428571429,-3273325.0,3577,1.2737933707604665,36.94595139178311,60.26342179355784
2018-05-19,1339,2018-05-19,0.117647058823529,42.5294117647059,56.3529411764706,7.52941176470588,568100.294117647,-3273313.23529412,3577,1.1762840481699248,37.32075640972901,60.03903141559081
2018-06-03,1340,2018-06-03,2.0,35.8571428571429,60.2857142857143,7.85714285714286,568096.428571429,-3273325.0,3577,0.9861580492180289,38.52419010473245,59.159933233566434
2018-06-04,1341,2018-06-04,0.19047619047619,37.5714285714286,61.0952380952381,7.38095238095238,568096.428571429,-3273325.0,3577,1.0312601481210772,38.45816740808931,59.114793196583264
2018-06-11,1342,2018-06-11,0.941176470588235,40.6470588235294,57.2941176470588,7.64705882352941,568093.235294118,-3273337.94117647,3577,1.0752416884075693,38.531298142052584,58.97162323532824
2018-06-12,1343,2018-06-12,2.0,36.8095238095238,59.3333333333333,7.57142857142857,568096.428571429,-3273325.0,3577,1.0234826278494291,38.0715009796608,59.53271044022485
2018-06-27,1344,2018-06-27,0.476190476190476,38.7142857142857,59.6190476190476,7.80952380952381,568096.428571429,-3273325.0,3577,1.3834294461682672,36.9071359345389,60.18572003482777
2018-06-28,1345,2018-06-28,2.0,35.0952380952381,61.1904761904762,7.42857142857143,568096.428571429,-3273325.0,3577,1.7642095657026555,35.29099832359185,61.25533599526493
2018-07-05,1346,2018-07-05,2.0,32.8095238095238,63.1904761904762,7.90476190476191,568096.428571429,-3273325.0,3577,1.6221478576056385,35.479582537289865,61.27792890044752
2018-07-13,1347,2018-07-13,1.0952380952381,36.6666666666667,61.0476190476191,7.90476190476191,568096.428571429,-3273325.0,3577,1.7346137441745864,34.51599056561209,62.045933638985744
2018-07-14,1348,2018-07-14,2.0,33.5714285714286,62.5238095238095,7.47619047619048,568096.428571429,-3273325.0,3577,1.6026155899582764,34.525615918708574,62.187819192271746
2018-07-21,1349,2018-07-21,2.0,35.4761904761905,60.6190476190476,7.80952380952381,568096.428571429,-3273325.0,3577,1.3878498118160956,35.81781352259784,61.202604958924326
2018-07-22,1350,2018-07-22,0.380952380952381,37.6190476190476,60.9523809523809,7.28571428571429,568096.428571429,-3273325.0,3577,1.131158315368673,37.50628473692929,59.872758304637884
2018-07-29,1351,2018-07-29,0.3,38.3,60.1,7.5,568095.0,-3273360.0,3577,0.7565178887159181,37.25120173943145,60.63249784270549
2018-08-06,1352,2018-08-06,2.0,35.6190476190476,60.4285714285714,7.76190476190476,568096.428571429,-3273325.0,3577,0.6798758517023751,37.21233101263503,60.793807327853955
2018-08-07,1353,2018-08-07,0.333333333333333,39.4285714285714,59.1904761904762,7.33333333333333,568096.428571429,-3273325.0,3577,0.9086455340323949,36.62899226675768,61.03226597962527
2018-08-14,1354,2018-08-14,0.238095238095238,37.4285714285714,61.2857142857143,7.71428571428571,568096.428571429,-3273325.0,3577,1.2626078771587723,36.30753921001055,60.91583493904565
2018-08-15,1355,2018-08-15,2.0,31.6666666666667,64.4761904761905,7.14285714285714,568096.428571429,-3273325.0,3577,1.5620957989376705,35.55625025129137,61.22328393999307
2018-08-22,1356,2018-08-22,2.0,31.0,65.0,7.52380952380952,568096.428571429,-3273325.0,3577,1.5475792525325813,35.23980034412945,61.56713492904524
2018-08-31,1357,2018-08-31,2.0,43.1904761904762,53.1428571428571,8.0,568096.428571429,-3273325.0,3577,1.4778732619287687,34.66837651512057,62.2305127792651
2018-09-07,1358,2018-09-07,2.0,31.0,65.0476190476191,7.52380952380952,568096.428571429,-3273325.0,3577,1.5689001401073361,34.40978783857529,62.31033723757251
2018-09-08,1359,2018-09-08,0.0476190476190476,35.0476190476191,63.9047619047619,7.14285714285714,568096.428571429,-3273325.0,3577,1.51060884419995,33.50170314720899,63.28036334149939
2018-09-15,1360,2018-09-15,0.380952380952381,33.0952380952381,65.1904761904762,7.14285714285714,568096.428571429,-3273325.0,3577,1.0712040797178517,33.627170043573706,63.81879601305893
2018-09-16,1361,2018-09-16,2.0,31.6666666666667,64.5238095238095,7.23809523809524,568096.428571429,-3273325.0,3577,0.7117565097440195,33.64798101794503,64.33149693442851
2018-09-23,1362,2018-09-23,2.0,32.2380952380952,63.8571428571429,7.28571428571429,568096.428571429,-3273325.0,3577,1.0080146891290893,32.29703835895304,65.25121009020964
2018-09-24,1363,2018-09-24,0.142857142857143,34.7142857142857,64.1904761904762,7.04761904761905,568096.428571429,-3273325.0,3577,1.0803997344243408,32.84954416068475,64.64126714357947
2018-10-01,1364,2018-10-01,0.25,32.5,66.25,7.0,568080.0,-3273375.0,3577,1.4315403378868734,34.05581157747831,63.01770133889936
2018-10-09,1365,2018-10-09,2.0,36.1904761904762,60.0952380952381,7.80952380952381,568096.428571429,-3273325.0,3577,1.4156372523243472,33.75542259597482,63.349621740479165
2018-10-18,1366,2018-10-18,2.0,31.7142857142857,64.4285714285714,7.52380952380952,568096.428571429,-3273325.0,3577,1.3823410851272562,33.46024769863279,63.6941324928846
2018-10-25,1367,2018-10-25,2.0,31.5714285714286,64.7619047619048,7.71428571428571,568096.428571429,-3273325.0,3577,1.2439848593097507,32.81458943532756,64.51924004786818
2018-10-26,1368,2018-10-26,0.0476190476190476,36.6190476190476,62.5714285714286,7.38095238095238,568096.428571429,-3273325.0,3577,1.3597669100763043,32.248439383109485,64.89994809111487
2018-11-10,1369,2018-11-10,2.0,27.4761904761905,68.5238095238095,7.38095238095238,568096.428571429,-3273325.0,3577,1.4483089150269648,31.322956197564523,65.64881532295414
2018-11-11,1370,2018-11-11,0.0476190476190476,32.9523809523809,65.9523809523809,7.09523809523809,568096.428571429,-3273325.0,3577,1.0614761915069926,31.59528191106667,65.88745928992621
2018-11-19,1371,2018-11-19,2.0,29.7619047619048,66.4285714285714,7.19047619047619,568096.428571429,-3273325.0,3577,0.7822716499185917,31.893747635228948,65.95422662991335
2018-12-04,1372,2018-12-04,0.0952380952380952,35.1904761904762,63.6666666666667,7.47619047619048,568096.428571429,-3273325.0,3577,0.7927810064031787,32.916451969078636,64.90189067897074
2018-12-05,1373,2018-12-05,2.0,31.6666666666667,64.3333333333333,7.33333333333333,568096.428571429,-3273325.0,3577,0.7611016434544708,33.034636158470235,64.84634766677138
2018-12-13,1374,2018-12-13,0.285714285714286,32.6666666666667,65.9523809523809,6.95238095238095,568096.428571429,-3273325.0,3577,1.0845552796015574,32.675706130809616,64.79732445056554
2018-12-20,1375,2018-12-20,0.0,36.2380952380952,62.8095238095238,7.09523809523809,568096.428571429,-3273325.0,3577,1.1418993802893027,32.78561892183694,64.62895824504766
2018-12-21,1376,2018-12-21,2.0,29.6190476190476,66.6666666666667,7.0,568096.428571429,-3273325.0,3577,1.3246742937143434,31.631645959814627,65.54397305479918
2018-12-28,1377,2018-12-28,2.0,30.6666666666667,65.5714285714286,7.14285714285714,568096.428571429,-3273325.0,3577,1.5391914586958726,31.12551432055611,65.75421894925557
2019-01-06,1378,2019-01-06,2.0,29.3809523809524,66.8571428571429,7.0,568096.428571429,-3273325.0,3577,1.7870901028793091,30.411651538105687,66.12182641521974
2019-01-13,1379,2019-01-13,2.0,31.952380952381,64.1904761904762,7.09523809523809,568096.428571429,-3273325.0,3577,1.5348583305237358,32.089756397443914,64.84196647996586
2019-01-21,1380,2019-01-21,0.142857142857143,35.2380952380952,63.7142857142857,6.71428571428571,568096.428571429,-3273325.0,3577,1.7497517961911635,33.31249920199173,63.32846442276315
2019-01-22,1381,2019-01-22,2.0,32.6190476190476,63.7619047619048,5.57142857142857,568096.428571429,-3273325.0,3577,1.4395480680308252,34.83339649950227,62.25849295579253
2019-01-29,1382,2019-01-29,2.0,35.7142857142857,60.4285714285714,7.42857142857143,568096.428571429,-3273325.0,3577,1.0992753376652664,36.318479805495095,61.27482250224844
2019-02-06,1383,2019-02-06,0.0,39.1538461538462,60.2307692307692,4.69230769230769,568081.153846154,-3273345.0,3577,1.2300207532403837,35.95940282627052,61.440670784314854
2019-02-07,1384,2019-02-07,2.0,37.2380952380952,59.0952380952381,7.09523809523809,568096.428571429,-3273325.0,3577,1.44938145128645,34.77496505240687,62.31802261403617
2019-02-14,1385,2019-02-14,2.0,29.4761904761905,66.5714285714286,7.28571428571429,568096.428571429,-3273325.0,3577,1.3760009935287707,33.89609247622555,63.27555028125647
2019-02-15,1386,2019-02-15,0.0,33.3809523809524,65.7142857142857,6.95238095238095,568096.428571429,-3273325.0,3577,1.4688880223529137,32.911678065519325,64.07826824282165
2019-02-23,1387,2019-02-23,2.0,32.4761904761905,63.8571428571429,7.04761904761905,568096.428571429,-3273325.0,3577,1.2088344298392504,32.988417552118285,64.35244798068318
2019-03-02,1388,2019-03-02,2.0,31.5238095238095,64.6190476190476,7.23809523809524,568096.428571429,-3273325.0,3577,1.0917831870438,33.180731707757005,64.28603935557013
2019-03-03,1389,2019-03-03,0.384615384615385,34.6923076923077,63.8461538461538,6.84615384615385,568088.076923077,-3273349.61538462,3577,1.1131545827751599,32.93114663973305,64.44651381898872
2019-03-10,1390,2019-03-10,0.333333333333333,36.6666666666667,61.6666666666667,7.0,568085.0,-3273370.0,3577,1.0523888868135927,33.39844925257619,64.06818951072579
2019-03-18,1391,2019-03-18,2.0,31.047619047619,65.0952380952381,7.23809523809524,568096.428571429,-3273325.0,3577,1.162150528085696,33.4548785440912,63.84970258663935
2019-03-26,1392,2019-03-26,0.0476190476190476,34.6190476190476,64.2857142857143,7.61904761904762,568096.428571429,-3273325.0,3577,1.0233797767286354,32.89898735552781,64.61587649045954
2019-03-27,1393,2019-03-27,2.0,28.3333333333333,67.7619047619048,7.38095238095238,568096.428571429,-3273325.0,3577,1.0152676221530381,32.22867985445984,65.35626451684628
2019-04-03,1394,2019-04-03,2.0,30.4761904761905,65.8095238095238,7.47619047619048,568096.428571429,-3273325.0,3577,1.2400368742948453,31.952431790278006,65.37254730553565
2019-04-04,1395,2019-04-04,0.0,37.5454545454545,61.6363636363636,6.90909090909091,568089.545454545,-3273355.90909091,3577,1.1932718339450306,31.436740258048516,65.99455263166283
2019-04-11,1396,2019-04-11,0.6875,30.875,67.3125,6.8125,568093.125,-3273341.25,3577,1.1988517803144498,32.12564411617547,65.2285503512714
2019-04-12,1397,2019-04-12,2.0,30.3809523809524,65.7619047619048,7.09523809523809,568096.428571429,-3273325.0,3577,1.4124406939807308,32.25756283541475,64.73564576313046
2019-04-19,1398,2019-04-19,2.0,30.8095238095238,65.2857142857143,7.09523809523809,568096.428571429,-3273325.0,3577,1.5168590439486005,32.368894591659235,64.49048186543708
2019-04-27,1399,2019-04-27,0.428571428571429,35.3333333333333,63.0476190476191,7.52380952380952,568096.428571429,-3273325.0,3577,1.184044863804749,32.42289921120706,64.9319021406773
2019-04-28,1400,2019-04-28,2.0,29.9047619047619,66.1904761904762,7.04761904761905,568096.428571429,-3273325.0,3577,1.4471130649534059,31.22872908824455,65.75572950010825
2019-05-05,1401,2019-05-05,2.0,33.8571428571429,62.3333333333333,7.71428571428571,568096.428571429,-3273325.0,3577,1.3625312381115298,31.43516094328318,65.74316595426296
2019-05-06,1402,2019-05-06,0.0,30.0,69.6666666666667,6.33333333333333,568065.0,-3273375.0,3577,0.9289325225856349,32.90463664302182,64.97496440606926
2019-05-13,1403,2019-05-13,0.285714285714286,34.1904761904762,64.4761904761905,7.61904761904762,568096.428571429,-3273325.0,3577,0.9610651861037426,33.078912186879386,64.78726182227537
2019-05-14,1404,2019-05-14,2.0,29.8095238095238,66.3809523809524,6.95238095238095,568096.428571429,-3273325.0,3577,1.3017374782078717,32.482560782865534,64.85834495740649
2019-05-21,1405,2019-05-21,2.0,35.5238095238095,60.7619047619048,7.57142857142857,568096.428571429,-3273325.0,3577,1.2554256888620339,33.11821718013174,64.2383385448305
2019-05-22,1406,2019-05-22,0.0,36.7619047619048,62.5238095238095,6.28571428571429,568096.428571429,-3273325.0,3577,1.1942928072957248,34.1727934088564,63.21262754272647
2019-05-30,1407,2019-05-30,2.0,32.0,64.0952380952381,6.95238095238095,568096.428571429,-3273325.0,3577,1.4928497714873188,33.17884489091422,63.749322401015675
2019-06-06,1408,2019-06-06,2.0,30.2380952380952,65.8571428571429,7.61904761904762,568096.428571429,-3273325.0,3577,1.2690807644366116,33.86637588417267,63.382589417796666
2019-06-07,1409,2019-06-07,0.19047619047619,34.3333333333333,64.5238095238095,6.85714285714286,568096.428571429,-3273325.0,3577,0.8995225620611274,33.845371089174066,63.98433596845955
2019-06-14,1410,2019-06-14,0.19047619047619,38.5238095238095,60.3809523809524,8.19047619047619,568096.428571429,-3273325.0,3577,0.8744350037513766,33.61567659536911,64.18778378681563
2019-06-22,1411,2019-06-22,2.0,30.0,66.1904761904762,7.66666666666667,568096.428571429,-3273325.0,3577,0.845737734520651,33.83382545849294,63.96554406139066
2019-06-23,1412,2019-06-23,0.19047619047619,34.0476190476191,64.7142857142857,6.85714285714286,568096.428571429,-3273325.0,3577,0.6742239264267308,35.06604368481672,62.98242363533754
2019-06-30,1413,2019-06-30,0.0,40.25,58.625,7.75,568110.0,-3273285.0,3577,0.44478035261548476,35.876098399491475,62.525284620506284
2019-07-08,1414,2019-07-08,2.0,30.8095238095238,65.3333333333333,7.76190476190476,568096.428571429,-3273325.0,3577,0.684435592985145,35.85125743907062,62.19093339183502
2019-07-09,1415,2019-07-09,0.230769230769231,36.3076923076923,62.3846153846154,6.84615384615385,568088.076923077,-3273349.61538462,3577,0.8106300304441509,35.33188998823145,62.53690942699297
2019-07-16,1416,2019-07-16,0.0476190476190476,39.2380952380952,59.8571428571429,7.80952380952381,568096.428571429,-3273325.0,3577,1.1402656246665024,34.88085374575684,62.549989969931815
2019-07-17,1417,2019-07-17,2.0,31.6666666666667,64.6666666666667,7.0,568096.428571429,-3273325.0,3577,1.450086707766891,34.548560096721154,62.48022596399254
2019-07-24,1418,2019-07-24,2.0,32.7142857142857,63.4285714285714,7.66666666666667,568096.428571429,-3273325.0,3577,1.6926307002513092,32.95654688646574,63.71601331706954
2019-08-02,1419,2019-08-02,2.0,31.4285714285714,64.7142857142857,7.0,568096.428571429,-3273325.0,3577,1.7579823526474865,31.715939216767996,64.84547939953019
2019-08-18,1420,2019-08-18,2.0,29.9047619047619,66.2857142857143,6.80952380952381,568096.428571429,-3273325.0,3577,1.9499054569306478,30.63085491550143,65.60474943210923
2019-08-25,1421,2019-08-25,2.0,31.2380952380952,64.9523809523809,7.19047619047619,568096.428571429,-3273325.0,3577,1.8469579955645308,29.11162624784479,67.25298643563892
2019-08-26,1422,2019-08-26,0.0,30.1904761904762,68.8095238095238,6.85714285714286,568096.428571429,-3273325.0,3577,1.4284033819635404,29.210276823275535,67.72773872153664
2019-09-03,1423,2019-09-03,2.0,26.3333333333333,69.7142857142857,6.90476190476191,568096.428571429,-3273325.0,3577,1.2055436823236878,29.2748479590541,67.98909449682428
2019-09-10,1424,2019-09-10,2.0,27.9047619047619,68.2857142857143,6.95238095238095,568096.428571429,-3273325.0,3577,1.037968223726582,28.857010894158293,68.65081976845654
2019-09-11,1425,2019-09-11,0.0,31.5714285714286,67.3809523809524,6.85714285714286,568096.428571429,-3273325.0,3577,0.7044472555307417,29.41468438681622,68.55615694933554
2019-09-18,1426,2019-09-18,0.0476190476190476,30.7142857142857,68.2380952380952,6.80952380952381,568096.428571429,-3273325.0,3577,0.8033452615494759,29.430417879329895,68.41168738381336
2019-09-26,1427,2019-09-26,2.0,27.952380952381,68.1428571428571,7.0,568096.428571429,-3273325.0,3577,0.7468599511942049,29.782333249821065,68.15779473363594
2019-09-27,1428,2019-09-27,0.285714285714286,29.5238095238095,69.1428571428571,6.85714285714286,568096.428571429,-3273325.0,3577,0.9783869381391141,29.76911220873625,67.85607168887887
2019-10-04,1429,2019-10-04,0.238095238095238,31.0,67.6666666666667,6.85714285714286,568096.428571429,-3273325.0,3577,0.9223346313128217,29.54292766057031,68.17318800909112
2019-10-05,1430,2019-10-05,2.0,28.7142857142857,67.4761904761905,6.95238095238095,568096.428571429,-3273325.0,3577,1.1519564027302238,29.011114788200246,68.37806775267052
2019-10-12,1431,2019-10-12,2.0,27.8571428571429,68.3333333333333,6.80952380952381,568096.428571429,-3273325.0,3577,1.2215184196606519,29.354874227934864,67.94704263743496
2019-10-20,1432,2019-10-20,0.0,30.9047619047619,68.0952380952381,6.80952380952381,568096.428571429,-3273325.0,3577,1.0030805108202991,29.759698505824097,67.83889485126862
2019-10-28,1433,2019-10-28,2.0,28.2857142857143,67.9047619047619,6.80952380952381,568096.428571429,-3273325.0,3577,1.2598443867791833,29.635859496536188,67.57220900873142
2019-10-29,1434,2019-10-29,0.0,32.1904761904762,66.8095238095238,6.80952380952381,568096.428571429,-3273325.0,3577,1.5294581579409017,29.874159895827262,66.91758087113124
2019-11-06,1435,2019-11-06,2.0,29.9047619047619,66.1904761904762,6.95238095238095,568096.428571429,-3273325.0,3577,1.3420614473244048,30.700687341549617,66.35967676543311
2019-11-13,1436,2019-11-13,2.0,30.047619047619,66.0476190476191,6.80952380952381,568096.428571429,-3273325.0,3577,1.5806180403701258,33.486698028488675,63.291564730409775
2019-11-22,1437,2019-11-22,2.0,29.0,67.0952380952381,6.85714285714286,568096.428571429,-3273325.0,3577,1.79350680279446,26.48068237231927,69.84727056997686
2019-11-29,1438,2019-11-29,2.0,32.1904761904762,63.9523809523809,6.80952380952381,568096.428571429,-3273325.0,3577,1.6440448096792388,26.137668317230975,70.4228330364061
2019-12-07,1439,2019-12-07,0.19047619047619,31.7142857142857,67.0952380952381,6.76190476190476,568096.428571429,-3273325.0,3577,1.4689959163641182,30.21696466587657,66.7254293049472
2019-12-08,1440,2019-12-08,2.0,27.5714285714286,68.6190476190476,6.80952380952381,568096.428571429,-3273325.0,3577,1.659243233546391,34.7551353147872,62.02444901687842
2019-12-15,1441,2019-12-15,2.0,28.6666666666667,67.4761904761905,6.85714285714286,568096.428571429,-3273325.0,3577,1.320796850208417,40.09658595749926,57.25963635573698
2019-12-16,1442,2019-12-16,0.0,34.0,65.0625,6.8125,568096.875,-3273309.375,3577,1.1411905947507952,44.75184754119547,52.940441509542325
2019-12-24,1443,2019-12-24,2.07142857142857,92.4285714285714,5.07142857142857,4.78571428571429,568090.714285714,-3273347.14285714,3577,1.1309820210747308,46.76288948805514,50.99421736574167
2019-12-31,1444,2019-12-31,2.0,31.7142857142857,64.3809523809524,7.04761904761905,568096.428571429,-3273325.0,3577,1.2908613574246315,45.91192482201558,51.611858392453215
2020-01-01,1445,2020-01-01,0.0,32.2307692307692,66.6923076923077,6.76923076923077,568104.230769231,-3273301.15384615,3577,1.0820129303099821,43.58157374100992,54.213204687461285
2020-01-08,1446,2020-01-08,0.0,37.9523809523809,61.4285714285714,6.42857142857143,568096.428571429,-3273325.0,3577,0.9796905880495748,38.198580374926145,59.617346905486954
2020-01-09,1447,2020-01-09,2.0,32.2380952380952,64.0952380952381,6.76190476190476,568096.428571429,-3273325.0,3577,1.0273508740999462,31.966172273383485,65.6745268653214
2020-01-16,1448,2020-01-16,2.0,27.4761904761905,68.7142857142857,6.71428571428571,568096.428571429,-3273325.0,3577,0.8504885207670312,28.307362201975728,69.49911097474954
2020-01-17,1449,2020-01-17,0.0,33.5,65.5,7.0,568080.0,-3273255.0,3577,0.6725101523862129,28.21055918757329,69.80701441627107
2020-01-24,1450,2020-01-24,0.0476190476190476,32.3333333333333,66.6190476190476,6.80952380952381,568096.428571429,-3273325.0,3577,0.8038220809117436,34.71187568484024,63.2502951521671
2020-01-25,1451,2020-01-25,2.0,29.0,67.0952380952381,6.57142857142857,568096.428571429,-3273325.0,3577,1.2053117161474496,30.771978279713608,66.5544476163572
2020-02-09,1452,2020-02-09,0.0,35.4285714285714,63.9047619047619,6.33333333333333,568096.428571429,-3273325.0,3577,1.2505461514747576,30.72593299373024,66.56969604182233
2020-02-10,1453,2020-02-10,2.0,31.4285714285714,64.6666666666667,7.04761904761905,568096.428571429,-3273325.0,3577,1.3370056156431875,31.978689525124356,65.28192086550246
2020-02-17,1454,2020-02-17,2.42857142857143,28.2380952380952,67.4761904761905,6.80952380952381,568096.428571429,-3273325.0,3577,1.802520492922702,32.32433871597474,64.30556698202798
2020-02-25,1455,2020-02-25,1.85714285714286,33.6666666666667,63.0952380952381,6.80952380952381,568096.428571429,-3273325.0,3577,2.0762508904920685,32.7074545681308,63.521689868429604
2020-02-26,1456,2020-02-26,2.28571428571429,30.9047619047619,64.9047619047619,6.66666666666667,568096.428571429,-3273325.0,3577,1.8094774162882943,33.751696703704056,62.789193778348476
2020-03-05,1457,2020-03-05,0.0,40.6666666666667,58.3333333333333,6.66666666666667,568105.0,-3273265.0,3577,1.432887030410039,34.559468395376555,62.46304469523349
2020-03-13,1458,2020-03-13,2.0952380952381,33.4761904761905,62.5238095238095,6.80952380952381,568096.428571429,-3273325.0,3577,1.4353706691980601,33.68499649825529,63.212374068809126
2020-03-20,1459,2020-03-20,2.0,31.6190476190476,64.4285714285714,6.80952380952381,568096.428571429,-3273325.0,3577,1.233708771267656,33.445794496628665,63.708967313161786
2020-03-21,1460,2020-03-21,0.380952380952381,32.5238095238095,65.7619047619048,6.52380952380952,568096.428571429,-3273325.0,3577,1.276015874842473,32.48998847548141,64.59055842858038
2020-03-28,1461,2020-03-28,0.666666666666667,31.2380952380952,66.7142857142857,6.80952380952381,568096.428571429,-3273325.0,3577,1.132019791625293,32.05554035340094,65.2535151286072
2020-03-29,1462,2020-03-29,2.0,31.0952380952381,65.0952380952381,6.09523809523809,568096.428571429,-3273325.0,3577,1.093678739922669,32.03745346681154,65.36422442727478
2020-04-05,1463,2020-04-05,2.0,29.1428571428571,66.9047619047619,6.85714285714286,568096.428571429,-3273325.0,3577,1.1579673924466065,31.193285667128137,66.14038118200402
2020-04-06,1464,2020-04-06,0.0,37.0,62.3333333333333,6.66666666666667,568105.0,-3273265.0,3577,1.039648418497864,31.43975089599516,66.11939065767311
2020-04-13,1465,2020-04-13,0.736842105263158,31.1578947368421,66.6842105263158,6.89473684210526,568101.315789474,-3273319.73684211,3577,1.54922786192113,30.15017817624503,66.73118425577914
2020-04-14,1466,2020-04-14,2.0,27.8095238095238,68.1904761904762,6.76190476190476,568096.428571429,-3273325.0,3577,1.7056154426202403,29.43405456636236,67.24383324023839
2020-04-21,1467,2020-04-21,2.73684210526316,24.4736842105263,70.8947368421053,6.42105263157895,568096.578947368,-3273322.89473684,3577,1.7939948813337052,28.363050398079555,68.13763654735426
2020-04-22,1468,2020-04-22,1.66666666666667,28.2222222222222,68.6111111111111,6.72222222222222,568095.0,-3273335.0,3577,1.9803105481772894,27.928436472183314,68.28314606291426
2020-04-30,1469,2020-04-30,2.0,30.5714285714286,65.5714285714286,6.85714285714286,568096.428571429,-3273325.0,3577,1.9591562096040194,27.537359712685557,68.70210846672262
2020-05-07,1470,2020-05-07,2.0,29.047619047619,67.0,6.80952380952381,568096.428571429,-3273325.0,3577,1.8202738546552033,28.66415573454414,67.75571660970682
2020-05-08,1471,2020-05-08,0.619047619047619,30.5714285714286,67.4761904761905,6.61904761904762,568096.428571429,-3273325.0,3577,1.4533831276537272,31.154286392182982,65.80702037447021
2020-05-16,1472,2020-05-16,2.0,29.8095238095238,66.3333333333333,6.76190476190476,568096.428571429,-3273325.0,3577,1.1554038270673337,32.79252804117883,64.57408022968406
2020-05-24,1473,2020-05-24,0.428571428571429,35.9523809523809,62.7142857142857,6.66666666666667,568096.428571429,-3273325.0,3577,0.952769299029544,34.13212174821571,63.54611351929937
2020-05-31,1474,2020-05-31,0.894736842105263,33.6315789473684,64.1052631578947,7.31578947368421,568101.315789474,-3273319.73684211,3577,1.0257740195819158,34.402164145844836,63.21652252839183
2020-06-01,1475,2020-06-01,2.0,38.4761904761905,57.7142857142857,6.95238095238095,568096.428571429,-3273325.0,3577,1.079723600499062,34.82329587201154,62.729973925907174
2020-06-09,1476,2020-06-09,0.476190476190476,32.5714285714286,65.9047619047619,6.52380952380952,568096.428571429,-3273325.0,3577,1.1979259673571063,34.41446755948442,62.98767893340849
2020-06-16,1477,2020-06-16,0.761904761904762,33.8095238095238,64.2857142857143,7.33333333333333,568096.428571429,-3273325.0,3577,1.202924499323212,33.889715194908106,63.55925346717945
2020-06-17,1478,2020-06-17,2.0,31.6190476190476,64.5714285714286,6.85714285714286,568096.428571429,-3273325.0,3577,1.3533254535370818,32.66988592309923,64.6291090366275
2020-06-24,1479,2020-06-24,2.04761904761905,30.9047619047619,65.3809523809524,7.09523809523809,568096.428571429,-3273325.0,3577,1.6021494664151565,31.646925938105817,65.30353102439467
2020-06-25,1480,2020-06-25,0.761904761904762,33.7142857142857,64.6666666666667,6.42857142857143,568096.428571429,-3273325.0,3577,1.4938024877732619,32.060627059644574,65.05565012358893
2020-07-02,1481,2020-07-02,1.28571428571429,32.1428571428571,65.3809523809524,7.23809523809524,568096.428571429,-3273325.0,3577,1.4084681273859565,32.591449287224094,64.61328308320991
2020-07-03,1482,2020-07-03,2.0,33.5238095238095,62.7142857142857,6.85714285714286,568096.428571429,-3273325.0,3577,1.6095102008412305,32.936064967019774,63.94297446618474
2020-07-10,1483,2020-07-10,2.0,30.2857142857143,65.7619047619048,7.04761904761905,568096.428571429,-3273325.0,3577,1.4433956136740356,34.10553592840843,63.00898010250174
2020-07-11,1484,2020-07-11,0.333333333333333,35.9523809523809,62.5714285714286,6.52380952380952,568096.428571429,-3273325.0,3577,1.315177598459135,31.96105586336489,65.21229967684917
2020-07-18,1485,2020-07-18,1.52380952380952,32.5238095238095,64.6190476190476,6.95238095238095,568096.428571429,-3273325.0,3577,1.5815763184181861,29.152309696708116,67.57617234754893
2020-07-19,1486,2020-07-19,2.0,29.4285714285714,66.8095238095238,6.71428571428571,568096.428571429,-3273325.0,3577,1.616220209099224,30.09084802004343,66.68462882507838
2020-07-26,1487,2020-07-26,2.0,29.5238095238095,66.6190476190476,7.14285714285714,568096.428571429,-3273325.0,3577,1.405044388016314,33.22239888729533,63.90277366975124
2020-07-27,1488,2020-07-27,0.428571428571429,33.4285714285714,65.0476190476191,6.47619047619048,568096.428571429,-3273325.0,3577,1.338480405043673,36.3936151025065,60.879059075725884
2020-08-04,1489,2020-08-04,2.04761904761905,27.952380952381,68.1904761904762,6.71428571428571,568096.428571429,-3273325.0,3577,1.5242672703970737,38.56660427182908,58.50404953255637
2020-08-11,1490,2020-08-11,2.0,57.1052631578947,39.8947368421053,8.36842105263158,568098.157894737,-3273332.36842105,3577,1.7921763479036348,39.54948926473511,57.25174819747862
2020-08-12,1491,2020-08-12,0.5,48.5,50.0,8.5,568155.0,-3273300.0,3577,1.6598649028987111,39.98710224650641,57.00307321269482
2020-08-27,1492,2020-08-27,2.38095238095238,28.2857142857143,67.3333333333333,7.19047619047619,568096.428571429,-3273325.0,3577,1.7506781144549426,37.79254262836882,59.025908786043374
2020-08-28,1493,2020-08-28,3.0,27.9047619047619,67.6666666666667,6.85714285714286,568096.428571429,-3273325.0,3577,2.1065786638538917,34.19358765724557,62.057158500606945
2020-09-05,1494,2020-09-05,3.04761904761905,29.0952380952381,66.0,6.95238095238095,568096.428571429,-3273325.0,3577,2.9207227241278613,30.882523321006556,64.45486220367123
2020-09-12,1495,2020-09-12,2.47619047619048,31.5238095238095,64.2857142857143,7.0,568096.428571429,-3273325.0,3577,3.8362004352710706,26.8396388793937,67.5190005891388
2020-09-21,1496,2020-09-21,3.33333333333333,27.7142857142857,67.0476190476191,6.85714285714286,568096.428571429,-3273325.0,3577,4.818583377406188,23.16716451219935,70.1089850348341
2020-10-14,1497,2020-10-14,6.42857142857143,26.7142857142857,65.0,7.38095238095238,568096.428571429,-3273325.0,3577,5.097495050326196,27.46776754733384,65.67537420133034
2020-10-31,1498,2020-10-31,6.66666666666667,29.0555555555556,62.6111111111111,7.05555555555556,568101.666666667,-3273316.66666667,3577,4.87955621747208,30.948227635893744,62.529340982163546
2020-11-07,1499,2020-11-07,5.19047619047619,28.9047619047619,64.4761904761905,6.95238095238095,568096.428571429,-3273325.0,3577,4.584148808151038,33.6740525606802,60.079661642300636
2020-11-24,1500,2020-11-24,2.47619047619048,31.4761904761905,64.1428571428571,6.95238095238095,568096.428571429,-3273325.0,3577,3.8850600319361606,37.245665310219934,57.313169832647695
2020-12-09,1501,2020-12-09,1.66666666666667,48.4444444444444,48.6666666666667,5.66666666666667,568108.333333333,-3273288.33333333,3577,2.9259335941174616,40.10086219856154,55.439479771924596
2020-12-17,1502,2020-12-17,2.0,51.5238095238095,45.0,3.9047619047619,568096.428571429,-3273325.0,3577,2.091612982882303,40.9415734091436,55.42221012529642
2020-12-26,1503,2020-12-26,2.85714285714286,32.4761904761905,62.8095238095238,7.04761904761905,568096.428571429,-3273325.0,3577,1.6302710663200224,38.93052023134234,57.80815213718543
2021-01-02,1504,2021-01-02,1.76470588235294,34.4117647058824,62.1764705882353,8.70588235294118,568089.705882353,-3273330.88235294,3577,1.6624718015312725,36.945799049158474,59.80292886923124
2021-01-10,1505,2021-01-10,1.71428571428571,31.047619047619,65.8095238095238,6.90476190476191,568096.428571429,-3273325.0,3577,2.055104350048216,33.828606783990274,62.46970258165969
2021-01-11,1506,2021-01-11,2.04761904761905,31.0,65.1904761904762,6.95238095238095,568096.428571429,-3273325.0,3577,2.060711757410941,31.499093566212686,64.84365416510056
2021-01-18,1507,2021-01-18,1.88461538461538,31.8846153846154,64.5769230769231,6.80769230769231,568096.153846154,-3273334.61538462,3577,1.8079210596964206,31.4306105375991,65.1329868152754
2021-01-26,1508,2021-01-26,1.14285714285714,36.4285714285714,61.0476190476191,7.19047619047619,568096.428571429,-3273325.0,3577,1.4812143410897187,33.94426631369792,63.06412622021139
2021-01-27,1509,2021-01-27,2.0,37.4285714285714,59.1428571428571,6.0,568096.428571429,-3273325.0,3577,1.525129862688996,35.18831139674509,61.73905627780279
2021-02-03,1510,2021-02-03,2.0,30.0,66.0,6.90476190476191,568096.428571429,-3273325.0,3577,1.5024290275748455,34.41091215495669,62.525830181278025
2021-02-11,1511,2021-02-11,0.0,37.1428571428571,61.8095238095238,6.76190476190476,568096.428571429,-3273325.0,3577,1.4926472623330984,32.8582953336767,64.09353029936105
2021-02-19,1512,2021-02-19,2.0,30.3333333333333,65.7619047619048,7.23809523809524,568096.428571429,-3273325.0,3577,1.3703946637766362,31.184336746699856,65.85950514982355
2021-02-26,1513,2021-02-26,1.52380952380952,28.2380952380952,68.8095238095238,7.23809523809524,568096.428571429,-3273325.0,3577,1.3393740964308987,30.329318226235912,66.73293646193761
2021-02-28,1514,2021-02-28,2.04761904761905,30.0952380952381,66.0476190476191,7.0,568096.428571429,-3273325.0,3577,1.2120507732416315,30.870552291145003,66.35157548696897
2021-03-14,1515,2021-03-14,0.529411764705882,31.7058823529412,66.4705882352941,7.52941176470588,568100.294117647,-3273313.23529412,3577,1.4400393511664349,31.492041195004973,65.49745452749393
2021-03-16,1516,2021-03-16,2.0,29.3333333333333,66.8571428571429,7.04761904761905,568096.428571429,-3273325.0,3577,1.835412447686804,31.763916408967198,64.81688674949407
2021-03-23,1517,2021-03-23,1.19047619047619,38.7142857142857,58.6190476190476,8.47619047619048,568096.428571429,-3273325.0,3577,2.1686573003269816,31.782257443880802,64.4490387291238
2021-03-30,1518,2021-03-30,3.19047619047619,31.2380952380952,64.1428571428571,7.71428571428571,568096.428571429,-3273325.0,3577,2.4757726944938687,31.662441122279766,64.27588019337193
2021-04-01,1519,2021-04-01,3.14285714285714,28.952380952381,66.0,7.52380952380952,568096.428571429,-3273325.0,3577,2.961690103740289,31.007252930395254,64.36824415188049
2021-04-08,1520,2021-04-08,3.85714285714286,26.2380952380952,68.1904761904762,7.61904761904762,568096.428571429,-3273325.0,3577,3.121493027702723,30.257561191168296,64.95593847148567
2021-04-15,1521,2021-04-15,2.0,32.4285714285714,64.1428571428571,7.52380952380952,568096.428571429,-3273325.0,3577,3.0398564587232424,29.966611318063052,65.31602049752453
2021-04-17,1522,2021-04-17,3.04761904761905,31.0,64.1428571428571,7.28571428571429,568096.428571429,-3273325.0,3577,2.6295802782777558,30.203620236046394,65.5148477315842
2021-04-24,1523,2021-04-24,2.52380952380952,29.2380952380952,66.3809523809524,7.33333333333333,568096.428571429,-3273325.0,3577,2.358585686758709,30.25846075809899,65.67468728921772
2021-05-01,1524,2021-05-01,1.42857142857143,35.2380952380952,61.9523809523809,7.71428571428571,568096.428571429,-3273325.0,3577,1.9209088125493925,31.465680703351623,64.88143975503633
2021-05-03,1525,2021-05-03,2.0,28.3846153846154,67.7692307692308,7.46153846153846,568083.461538462,-3273340.38461538,3577,1.9202912670402048,31.820236007537744,64.55438022901173
2021-05-10,1526,2021-05-10,2.0,32.0,64.2727272727273,11.2727272727273,568086.818181818,-3273328.63636364,3577,2.0081992311091468,31.7865146681484,64.43266074532298
2021-05-19,1527,2021-05-19,2.33333333333333,31.7142857142857,64.0,10.5238095238095,568096.428571429,-3273325.0,3577,2.190780323906931,32.04681327245743,64.04901443500587
2021-05-26,1528,2021-05-26,2.14285714285714,31.6190476190476,64.5714285714286,7.59523809523809,568096.428571429,-3273325.0,3577,2.2000764972897904,32.25261873951554,63.80005261792181
2021-06-04,1529,2021-06-04,2.28571428571429,34.9523809523809,61.1428571428571,7.57142857142857,568096.428571429,-3273325.0,3577,2.274314952333188,33.02210978669163,63.001854143757576
2021-06-18,1530,2021-06-18,2.76190476190476,33.1428571428571,62.5714285714286,7.90476190476191,568096.428571429,-3273325.0,3577,2.475622416798517,32.034657887951475,63.72767160995551
2021-06-20,1531,2021-06-20,2.04761904761905,30.3333333333333,65.6666666666667,7.14285714285714,568096.428571429,-3273325.0,3577,2.313866989563239,32.21095132936755,63.823661825780775
2021-06-27,1532,2021-06-27,1.9047619047619,32.9761904761905,63.6190476190476,7.42857142857143,568096.428571429,-3273325.0,3577,2.086266674501658,32.27981770550949,64.06175745048628
2021-07-06,1533,2021-07-06,2.0952380952381,30.4761904761905,65.5714285714286,7.09523809523809,568096.428571429,-3273325.0,3577,2.0302452449508257,32.422948516906544,63.94919944605523
2021-07-13,1534,2021-07-13,2.0,34.8571428571429,62.0476190476191,7.09523809523809,568096.428571429,-3273325.0,3577,1.7879305936578815,32.741323434043025,63.92430621493135
2021-07-29,1535,2021-07-29,2.0952380952381,28.5714285714286,67.4285714285714,7.80952380952381,568096.428571429,-3273325.0,3577,1.5206937025820215,33.303845535264735,63.70851935731015
2021-08-05,1536,2021-08-05,0.0,41.0,58.1875,4.875,568108.125,-3273313.125,3577,1.343385716450533,33.66331707507676,63.54879750021991
2021-08-07,1537,2021-08-07,2.0,31.5238095238095,64.5714285714286,7.42857142857143,568096.428571429,-3273325.0,3577,1.2442188874075568,33.424974148653355,63.94553749912703
2021-08-14,1538,2021-08-14,1.65,29.15,67.575,7.3,568097.25,-3273328.5,3577,1.1654995675117779,32.562075643649706,64.84091396218912
2021-08-21,1539,2021-08-21,0.19047619047619,34.3333333333333,64.5714285714286,5.71428571428571,568096.428571429,-3273325.0,3577,1.3360336773647463,31.41890127415971,65.74883185698766
2021-08-23,1540,2021-08-23,2.04761904761905,29.4285714285714,66.6666666666667,7.33333333333333,568096.428571429,-3273325.0,3577,1.4670262657876556,30.38346792525903,66.60754293435187
2021-08-30,1541,2021-08-30,1.64285714285714,28.9285714285714,67.9285714285714,7.09523809523809,568096.428571429,-3273325.0,3577,1.615993139986706,29.71022037817258,67.16414925372901
2021-09-06,1542,2021-09-06,1.80952380952381,30.3809523809524,66.3333333333333,7.47619047619048,568096.428571429,-3273325.0,3577,1.8681939835187822,28.223265640444087,68.24364374015057
2021-09-08,1543,2021-09-08,2.0,28.1904761904762,67.8571428571429,7.19047619047619,568096.428571429,-3273325.0,3577,1.724742182481864,29.587532127310993,67.07691705867947
2021-09-15,1544,2021-09-15,1.61904761904762,29.7619047619048,67.0952380952381,9.69047619047619,568096.428571429,-3273325.0,3577,1.8946321995854785,30.029713836210902,66.35263498110803
2021-09-22,1545,2021-09-22,1.0952380952381,31.7142857142857,65.8095238095238,7.47619047619048,568096.428571429,-3273325.0,3577,1.4950222635978934,31.638592315832177,65.2871028610095
2021-09-24,1546,2021-09-24,2.04761904761905,29.4285714285714,66.6190476190476,7.47619047619048,568096.428571429,-3273325.0,3577,1.1612726798483588,31.9833432821001,65.37071648680578
2021-10-01,1547,2021-10-01,1.07142857142857,34.4047619047619,63.0238095238095,7.14285714285714,568096.428571429,-3273325.0,3577,1.1023357447504414,33.09384784461688,64.31302185945187
2021-10-08,1548,2021-10-08,0.0,36.9047619047619,62.1428571428571,7.42857142857143,568096.428571429,-3273325.0,3577,0.8295765122389265,30.529884460220437,67.23769470982087
2021-10-17,1549,2021-10-17,1.02380952380952,28.9285714285714,68.5476190476191,6.85714285714286,568096.428571429,-3273325.0,3577,0.7245463514812269,31.05066811413095,66.92407953242866
2021-10-24,1550,2021-10-24,0.285714285714286,28.0952380952381,70.3809523809524,6.85714285714286,568096.428571429,-3273325.0,3577,0.5776452649516786,30.797685286844768,67.27973780604353
2021-10-26,1551,2021-10-26,2.0,26.9047619047619,69.2380952380952,6.95238095238095,568096.428571429,-3273325.0,3577,0.6942072375507855,31.274681458887315,66.68986895456487
2021-11-02,1552,2021-11-02,0.0,37.3809523809524,61.7142857142857,7.14285714285714,568096.428571429,-3273325.0,3577,1.0110178778907914,32.548922697524645,65.08448620521949
2021-11-09,1553,2021-11-09,0.952380952380952,27.4285714285714,70.1904761904762,6.19047619047619,568096.428571429,-3273325.0,3577,1.2384483421633274,34.353982962336964,62.90945793112034
2021-11-11,1554,2021-11-11,2.0,51.4761904761905,44.9523809523809,8.38095238095238,568096.428571429,-3273325.0,3577,1.5444215227494662,36.578457662043526,60.34248414123671
2021-11-18,1555,2021-11-18,2.0,25.9047619047619,70.2380952380952,5.47619047619048,568096.428571429,-3273325.0,3577,2.0746384678270138,37.432968476306534,58.92346920364614
2021-11-25,1556,2021-11-25,3.28571428571429,38.8095238095238,56.5714285714286,8.66666666666667,568096.428571429,-3273325.0,3577,2.7530735518347527,35.855993851344536,59.80181428477748
2021-11-27,1557,2021-11-27,2.23809523809524,35.0952380952381,61.0,7.52380952380952,568096.428571429,-3273325.0,3577,3.3343684179592534,33.453490781659156,61.63119594542822
2021-12-04,1558,2021-12-04,3.23809523809524,31.2380952380952,63.7619047619048,6.85714285714286,568096.428571429,-3273325.0,3577,3.696560921018575,31.06037615634674,63.626932407108654
2021-12-11,1559,2021-12-11,5.28571428571429,27.5714285714286,65.8095238095238,7.38095238095238,568096.428571429,-3273325.0,3577,3.6124077161223487,30.447022533705276,64.45232528048903
2021-12-20,1560,2021-12-20,3.19047619047619,28.5238095238095,66.7380952380952,7.19047619047619,568096.428571429,-3273325.0,3577,3.3428857004703407,28.42319909192547,66.67944903392825
2021-12-27,1561,2021-12-27,2.19047619047619,30.2380952380952,66.1904761904762,7.19047619047619,568096.428571429,-3273325.0,3577,2.4862495605525945,30.589873490797693,65.32075303436555
2021-12-29,1562,2021-12-29,2.19047619047619,31.2380952380952,64.6190476190476,7.04761904761905,568096.428571429,-3273325.0,3577,1.6786407606838532,29.622530204569102,67.05594199401247
2022-01-05,1563,2022-01-05,1.35714285714286,32.0,65.0476190476191,7.14285714285714,568096.428571429,-3273325.0,3577,1.627278294460714,31.378862623439964,65.35035707325753
2022-01-12,1564,2022-01-12,2.33333333333333,30.5238095238095,65.4285714285714,7.09523809523809,568096.428571429,-3273325.0,3577,2.387145877857596,31.43669333761742,64.47593428242621
2022-01-14,1565,2022-01-14,2.0,29.5714285714286,66.5714285714286,7.0,568096.428571429,-3273325.0,3577,3.9594657148830796,31.391253741094236,62.89129394856012
2022-01-28,1566,2022-01-28,5.23809523809524,35.6190476190476,57.7619047619048,7.52380952380952,568096.428571429,-3273325.0,3577,5.933591176624345,30.225928869887184,62.131718642545295
2022-02-06,1567,2022-02-06,9.57142857142857,26.1428571428571,62.4761904761905,7.66666666666667,568096.428571429,-3273325.0,3577,7.187140516860806,29.738176168512254,61.38024050252237
2022-02-15,1568,2022-02-15,9.28571428571429,29.047619047619,59.8095238095238,7.04761904761905,568096.428571429,-3273325.0,3577,7.809369680885543,29.856127360766827,60.6516259797903
2022-02-22,1569,2022-02-22,7.61904761904762,30.047619047619,60.6666666666667,7.47619047619048,568096.428571429,-3273325.0,3577,7.680123797769712,30.451619587837904,60.137133248579374
2022-03-03,1570,2022-03-03,5.42857142857143,32.4285714285714,60.4285714285714,7.14285714285714,568096.428571429,-3273325.0,3577,6.819454539267765,30.784291044348336,60.67451227821839
2022-03-10,1571,2022-03-10,4.90476190476191,29.5238095238095,64.0,7.14285714285714,568096.428571429,-3273325.0,3577,5.543137976573683,31.11318196766646,61.609789591204525
2022-03-19,1572,2022-03-19,3.80952380952381,35.3809523809524,58.9047619047619,7.04761904761905,568096.428571429,-3273325.0,3577,4.1896833816332215,32.29648060916927,61.77594644776384
2022-03-26,1573,2022-03-26,4.14285714285714,31.6190476190476,62.4761904761905,7.47619047619048,568096.428571429,-3273325.0,3577,3.3463347797708125,33.01277154217837,61.90317319418563
2022-04-04,1574,2022-04-04,3.57142857142857,31.5238095238095,63.1904761904762,7.19047619047619,568096.428571429,-3273325.0,3577,3.286852466418538,31.91444468843372,63.00679506251322
2022-04-11,1575,2022-04-11,3.23809523809524,32.0952380952381,62.8571428571429,7.38095238095238,568096.428571429,-3273325.0,3577,3.0281710034027496,32.94393325971779,62.19904759841913
2022-04-12,1576,2022-04-12,2.66666666666667,35.5238095238095,60.0,7.0,568096.428571429,-3273325.0,3577,2.9838025751334003,34.103894041969426,61.076999368011926
2022-04-19,1577,2022-04-19,3.0952380952381,33.7142857142857,61.2857142857143,6.19047619047619,568096.428571429,-3273325.0,3577,3.0769808107264836,34.620959020334645,60.47950707702126
2022-04-20,1578,2022-04-20,3.0952380952381,31.7142857142857,63.3333333333333,7.04761904761905,568096.428571429,-3273325.0,3577,3.4173277702684386,35.140412734834726,59.67942789923322
2022-04-27,1579,2022-04-27,4.76190476190476,39.0952380952381,54.5238095238095,8.80952380952381,568096.428571429,-3273325.0,3577,4.384019489281993,35.075320963860634,58.78492817810823
2022-04-28,1580,2022-04-28,4.85714285714286,37.0476190476191,56.2857142857143,7.61904761904762,568096.428571429,-3273325.0,3577,5.669882233348881,32.70273070582182,59.87000821674849
2022-05-05,1581,2022-05-05,7.76190476190476,26.8571428571429,63.7142857142857,8.04761904761905,568096.428571429,-3273325.0,3577,6.875733141985984,31.164566084066095,60.2188183333604
2022-05-06,1582,2022-05-06,7.71428571428571,28.7142857142857,61.9047619047619,7.85714285714286,568096.428571429,-3273325.0,3577,8.151240915945575,29.506464639587197,60.60449354566096
2022-05-13,1583,2022-05-13,9.61904761904762,29.8571428571429,58.7142857142857,7.95238095238095,568096.428571429,-3273325.0,3577,9.383885464379414,28.7800228667059,60.10121045104667
2022-05-21,1584,2022-05-21,11.0,24.2857142857143,62.8095238095238,8.0,568096.428571429,-3273325.0,3577,10.259223748386304,28.659795313041815,59.36385905115668
2022-05-22,1585,2022-05-22,9.52380952380952,31.3333333333333,57.4761904761905,7.85714285714286,568096.428571429,-3273325.0,3577,10.855592292123179,29.120726538678845,58.332590010599866
2022-05-30,1586,2022-05-30,11.5238095238095,34.5714285714286,52.4285714285714,8.66666666666667,568096.428571429,-3273325.0,3577,11.276442855388531,30.510047228308913,56.538960523472184
2022-06-06,1587,2022-06-06,12.3809523809524,27.1904761904762,58.7142857142857,8.90476190476191,568096.428571429,-3273325.0,3577,11.316451350505377,30.365199300179277,56.63997921582213
2022-06-07,1588,2022-06-07,11.3809523809524,31.5238095238095,55.4285714285714,8.42857142857143,568096.428571429,-3273325.0,3577,11.956533662414218,29.413799822464156,56.92638940006509
2022-06-15,1589,2022-06-15,11.047619047619,27.6190476190476,59.6190476190476,8.0,568096.428571429,-3273325.0,3577,12.011103447634158,28.19444023468369,58.08427588922075
2022-06-22,1590,2022-06-22,12.3333333333333,24.6666666666667,61.1428571428571,8.28571428571429,568096.428571429,-3273325.0,3577,11.808901109208946,26.64222464841262,59.833645198961314
2022-06-23,1591,2022-06-23,11.6666666666667,25.2380952380952,61.3809523809524,7.95238095238095,568096.428571429,-3273325.0,3577,11.519534129439535,24.785494175583352,61.98070763085316
2022-06-30,1592,2022-06-30,11.7619047619048,25.4761904761905,61.1904761904762,8.14285714285714,568096.428571429,-3273325.0,3577,10.902554617723272,24.746037244485564,62.72984188153528
2022-07-01,1593,2022-07-01,11.0952380952381,26.3809523809524,60.9047619047619,7.76190476190476,568096.428571429,-3273325.0,3577,10.391777469175295,25.125988562517332,62.93263289856776
2022-07-08,1594,2022-07-08,7.52380952380952,22.1904761904762,68.9523809523809,6.85714285714286,568096.428571429,-3273325.0,3577,10.153945126079833,25.091062704062068,63.2400561254956
2022-07-09,1595,2022-07-09,10.3333333333333,27.7619047619048,60.2857142857143,7.76190476190476,568096.428571429,-3273325.0,3577,9.844117698605391,26.347157486472454,62.2775727883994
2022-07-16,1596,2022-07-16,10.7142857142857,27.1904761904762,60.4761904761905,8.19047619047619,568096.428571429,-3273325.0,3577,9.79688113743694,27.155442081134645,61.4313251248144
2022-07-17,1597,2022-07-17,9.42857142857143,27.952380952381,61.0,7.04761904761905,568096.428571429,-3273325.0,3577,9.91559524067115,27.649206314836903,60.70278843962147
2022-07-24,1598,2022-07-24,10.0952380952381,27.5714285714286,60.3809523809524,7.95238095238095,568096.428571429,-3273325.0,3577,9.908232118756956,27.938398031273145,60.338815982769816
2022-08-01,1599,2022-08-01,10.6666666666667,28.5714285714286,58.9523809523809,8.33333333333333,568096.428571429,-3273325.0,3577,9.754347819361854,28.341446994693563,60.06637634810111
2022-08-09,1600,2022-08-09,8.42857142857143,28.8571428571429,60.7142857142857,7.95238095238095,568096.428571429,-3273325.0,3577,9.362491997165534,28.246365605494532,60.523311569742134
2022-08-17,1601,2022-08-17,8.66666666666667,27.2857142857143,62.2857142857143,7.38095238095238,568096.428571429,-3273325.0,3577,8.557362142500194,27.579893790415987,62.02193781449817
2022-08-25,1602,2022-08-25,7.61904761904762,27.3333333333333,63.3333333333333,7.80952380952381,568096.428571429,-3273325.0,3577,8.092627702533619,28.153244072744506,61.92317486434206
2022-08-26,1603,2022-08-26,7.66666666666667,29.1428571428571,61.4285714285714,7.71428571428571,568096.428571429,-3273325.0,3577,7.337880901347297,29.62952011867977,61.267715256870176
2022-09-02,1604,2022-09-02,6.80952380952381,30.6666666666667,60.7142857142857,7.71428571428571,568096.428571429,-3273325.0,3577,6.533554165132134,29.260604204872287,62.43931610184546
2022-09-03,1605,2022-09-03,6.19047619047619,29.7142857142857,62.1904761904762,7.52380952380952,568096.428571429,-3273325.0,3577,5.794367242663588,30.508053762538374,61.93866144174816
2022-09-18,1606,2022-09-18,4.52380952380952,34.0476190476191,59.8095238095238,7.71428571428571,568096.428571429,-3273325.0,3577,5.109441641948617,32.50868326719235,60.63916114844002
2022-09-19,1607,2022-09-19,3.95238095238095,35.5714285714286,58.7619047619048,7.57142857142857,568096.428571429,-3273325.0,3577,4.210166510475476,34.94071356919133,59.093816915789525
2022-09-26,1608,2022-09-26,3.71428571428571,34.7142857142857,59.8095238095238,7.76190476190476,568096.428571429,-3273325.0,3577,3.636587354853063,37.8082083035587,56.825421224793544
2022-09-27,1609,2022-09-27,3.42857142857143,35.2380952380952,59.4761904761905,7.66666666666667,568096.428571429,-3273325.0,3577,2.883981859213625,40.89037897086823,54.50609916398576
2022-10-04,1610,2022-10-04,2.2,51.8,44.5,12.2,568062.0,-3273315.0,3577,2.568997153516894,42.27884025158936,53.41040744600318
2022-10-05,1611,2022-10-05,2.80952380952381,39.5714285714286,55.6666666666667,7.95238095238095,568096.428571429,-3273325.0,3577,2.414177154114874,41.62308589242953,54.16285726656435
2022-10-20,1612,2022-10-20,2.23809523809524,41.8571428571429,54.1428571428571,8.80952380952381,568096.428571429,-3273325.0,3577,2.569361495057706,39.5332593103432,56.058846210540636
2022-10-21,1613,2022-10-21,2.61904761904762,38.2857142857143,57.2857142857143,8.33333333333333,568096.428571429,-3273325.0,3577,2.709126786525763,37.98961307010277,57.490142983942455
2022-10-28,1614,2022-10-28,2.9047619047619,31.4761904761905,63.7619047619048,7.85714285714286,568096.428571429,-3273325.0,3577,3.382040044578238,35.54805978334859,59.298743052604166
2022-11-05,1615,2022-11-05,5.19047619047619,28.4285714285714,64.5714285714286,7.61904761904762,568096.428571429,-3273325.0,3577,4.250425116678349,32.722166790892544,61.285800370930545
2022-11-06,1616,2022-11-06,4.52380952380952,34.5238095238095,59.2857142857143,8.04761904761905,568096.428571429,-3273325.0,3577,5.099838242252338,30.89120167757475,62.300956009925024
2022-11-13,1617,2022-11-13,5.80952380952381,35.5238095238095,57.1428571428571,8.0,568096.428571429,-3273325.0,3577,5.790611864914403,31.26831888441327,61.28163425840529
2022-11-14,1618,2022-11-14,6.09523809523809,32.2857142857143,59.9523809523809,8.38095238095238,568096.428571429,-3273325.0,3577,6.2802842152677965,31.31335846815255,60.69833984384159
2022-11-21,1619,2022-11-21,7.19047619047619,26.6666666666667,64.3809523809524,6.85714285714286,568096.428571429,-3273325.0,3577,6.243999550500165,31.96271942711095,60.07707462814922
2022-11-29,1620,2022-11-29,5.28571428571429,31.6666666666667,61.1904761904762,8.09523809523809,568096.428571429,-3273325.0,3577,5.837150465632567,32.51102561009199,59.936780453799344
2022-11-30,1621,2022-11-30,5.47619047619048,33.8571428571429,58.9523809523809,8.04761904761905,568096.428571429,-3273325.0,3577,5.192027786454257,32.49564161328385,60.55938076370609
2022-12-07,1622,2022-12-07,4.80952380952381,35.3809523809524,58.0476190476191,7.61904761904762,568096.428571429,-3273325.0,3577,4.797715184711374,32.92573989477525,60.52231050682161
2022-12-08,1623,2022-12-08,3.76190476190476,35.8095238095238,58.7619047619048,7.90476190476191,568096.428571429,-3273325.0,3577,4.345798680163358,34.58803219483819,59.36356213445113
2022-12-15,1624,2022-12-15,3.80952380952381,31.5714285714286,63.0476190476191,7.71428571428571,568096.428571429,-3273325.0,3577,4.099128941233593,36.243951095338886,57.993844133154376
2022-12-24,1625,2022-12-24,4.04761904761905,38.6666666666667,55.5714285714286,8.04761904761905,568096.428571429,-3273325.0,3577,3.940049630451517,36.83972374374302,57.5568920243757
2022-12-31,1626,2022-12-31,4.38095238095238,35.9047619047619,57.9047619047619,7.85714285714286,568096.428571429,-3273325.0,3577,3.845041439468108,36.64627838621101,57.837605119330235
2023-01-01,1627,2023-01-01,4.14285714285714,38.0952380952381,56.2380952380952,7.80952380952381,568096.428571429,-3273325.0,3577,3.4970612462867288,36.96094720552374,57.850241605650915
2023-01-16,1628,2023-01-16,2.76190476190476,37.7619047619048,57.7142857142857,7.71428571428571,568096.428571429,-3273325.0,3577,3.2640156541080447,36.42242071653294,58.59271584967301
2023-01-17,1629,2023-01-17,2.38095238095238,36.1904761904762,59.5714285714286,7.66666666666667,568096.428571429,-3273325.0,3577,2.9262337249948973,36.82928732773385,58.471805799970426
2023-01-24,1630,2023-01-24,2.66666666666667,34.1904761904762,61.4285714285714,7.76190476190476,568096.428571429,-3273325.0,3577,2.7028962854924825,36.33097559966203,59.151860486557524
2023-01-25,1631,2023-01-25,2.38095238095238,35.3809523809524,60.4285714285714,7.57142857142857,568096.428571429,-3273325.0,3577,2.519449754301591,35.60818012233316,60.02055275960628
2023-02-01,1632,2023-02-01,2.57142857142857,34.9047619047619,60.5714285714286,7.95238095238095,568096.428571429,-3273325.0,3577,2.379636461790378,34.81018991655878,60.928927973266774
2023-02-09,1633,2023-02-09,2.42857142857143,35.3809523809524,60.2380952380952,7.80952380952381,568096.428571429,-3273325.0,3577,2.282874373321081,34.15125690402116,61.66725376610385
2023-02-10,1634,2023-02-10,2.23809523809524,37.1904761904762,58.7142857142857,7.80952380952381,568096.428571429,-3273325.0,3577,2.2242570892504583,33.910595907278775,61.965020061105875
2023-02-17,1635,2023-02-17,2.23809523809524,29.6666666666667,66.2380952380952,7.71428571428571,568096.428571429,-3273325.0,3577,2.1945538449297888,34.43238464976631,61.490939065684756
2023-02-18,1636,2023-02-18,2.0952380952381,37.6666666666667,58.3809523809524,7.66666666666667,568096.428571429,-3273325.0,3577,2.180209510704869,36.12576375579469,59.85294527167593
