time,Unnamed: 0,time_ymd,pv,npv,bs,ue,x,y,spatial_ref,pv_filter,npv_filter,bs_filter
1987-09-06,1,1987-09-06,7.66666666666667,47.7142857142857,43.3333333333333,9.09523809523809,-1178223.57142857,-2573353.57142857,3577,7.944559110193775,42.55073140367265,48.25067161367464
1987-09-22,2,1987-09-22,7.71428571428571,44.9523809523809,45.7619047619048,9.04761904761905,-1178223.57142857,-2573353.57142857,3577,7.654923957887247,49.12149304166109,41.70878468346403
1987-10-08,3,1987-10-08,8.95238095238095,42.8571428571429,46.7142857142857,9.04761904761905,-1178223.57142857,-2573353.57142857,3577,7.6486026709379225,52.94388866657768,37.76165859956222
1987-10-24,4,1987-10-24,6.85714285714286,46.3333333333333,45.4285714285714,7.09523809523809,-1178223.57142857,-2573353.57142857,3577,7.771058580877246,54.59145367548722,35.95130323834442
1987-11-09,5,1987-11-09,7.33333333333333,90.3333333333333,0.0,2.0,-1178245.0,-2573315.0,3577,7.909647079704574,54.59445301041934,35.82696324348253
1987-11-25,6,1987-11-25,7.76190476190476,41.7142857142857,49.0476190476191,9.0,-1178223.57142857,-2573353.57142857,3577,7.993615619887176,53.43988115836852,36.945118025945135
1987-12-11,7,1987-12-11,8.76190476190476,44.2857142857143,45.4285714285714,7.23809523809524,-1178223.57142857,-2573353.57142857,3577,7.9941037143602305,51.57146215129407,38.86948176399749
1987-12-27,8,1987-12-27,7.14285714285714,51.7142857142857,39.8571428571429,9.09523809523809,-1178223.57142857,-2573353.57142857,3577,7.924142936525652,49.389649566112794,41.17100340319541
1988-01-12,9,1988-01-12,9.23809523809524,41.3809523809524,47.7142857142857,9.0,-1178223.57142857,-2573353.57142857,3577,7.506941974433117,44.299904429928795,46.723829318249585
1988-01-28,10,1988-01-28,6.42857142857143,49.3809523809524,42.8571428571429,10.7619047619048,-1178223.57142857,-2573353.57142857,3577,8.199577512269785,43.8172879751762,46.542760644920875
1988-02-13,11,1988-02-13,9.85714285714286,44.0476190476191,44.5238095238095,9.09523809523809,-1178223.57142857,-2573353.57142857,3577,8.25875878507334,44.18225427822292,46.095239126191984
1988-02-29,12,1988-02-29,8.61904761904762,40.8571428571429,49.0,9.0,-1178223.57142857,-2573353.57142857,3577,8.845433204565008,47.92426665181368,41.697072793041784
1988-04-01,13,1988-04-01,6.33333333333333,49.1428571428571,43.1428571428571,9.71428571428571,-1178223.57142857,-2573353.57142857,3577,9.561903524750386,43.82632022259851,45.12239154034143
1988-05-03,14,1988-05-03,15.4285714285714,48.1428571428571,34.8095238095238,11.2857142857143,-1178223.57142857,-2573353.57142857,3577,12.056489434196598,43.90726404657639,42.60396260086023
1988-05-19,15,1988-05-19,14.4285714285714,47.7619047619048,36.4285714285714,10.3333333333333,-1178223.57142857,-2573353.57142857,3577,14.306244838750423,44.677240200453355,39.64687118866091
1988-06-20,16,1988-06-20,11.1904761904762,25.8571428571429,61.7142857142857,7.52380952380952,-1178223.57142857,-2573353.57142857,3577,15.76635335768225,43.267193075236165,39.59449528798781
1988-07-06,17,1988-07-06,18.4285714285714,47.7619047619048,32.5238095238095,10.8095238095238,-1178223.57142857,-2573353.57142857,3577,15.629628369564095,41.56339635595981,41.45740327783052
1988-07-22,18,1988-07-22,17.2380952380952,44.3333333333333,36.8571428571429,10.8095238095238,-1178223.57142857,-2573353.57142857,3577,15.02276464505341,38.414431801422964,45.14175298385152
1988-08-23,19,1988-08-23,16.3809523809524,40.7142857142857,41.5714285714286,10.2857142857143,-1178223.57142857,-2573353.57142857,3577,12.858207839630067,35.23485699026968,50.40257678337423
1988-09-08,20,1988-09-08,5.23809523809524,27.4285714285714,65.5714285714286,11.5714285714286,-1178223.57142857,-2573353.57142857,3577,10.651989908954269,33.37272737581836,54.35108132320944
1988-09-24,21,1988-09-24,7.90476190476191,26.6190476190476,63.8095238095238,10.0,-1178223.57142857,-2573353.57142857,3577,9.601964598867191,31.41790201542053,57.2598278913983
1988-10-10,22,1988-10-10,9.85714285714286,29.0952380952381,59.2857142857143,9.0,-1178223.57142857,-2573353.57142857,3577,8.899727723255806,29.33241268534948,60.01430664278067
1988-10-26,23,1988-10-26,10.5714285714286,32.0476190476191,55.5714285714286,9.0,-1178223.57142857,-2573353.57142857,3577,9.285805010261829,27.127005089849344,61.85878311573982
1988-11-11,24,1988-11-11,10.6190476190476,29.3809523809524,58.3333333333333,8.95238095238095,-1178223.57142857,-2573353.57142857,3577,11.169850789044173,30.46345398666926,56.70063579350658
1988-12-29,25,1988-12-29,14.6190476190476,31.0952380952381,52.6666666666667,8.95238095238095,-1178223.57142857,-2573353.57142857,3577,13.433664374838848,31.745173299348124,53.17756546857919
1989-01-14,26,1989-01-14,14.2857142857143,32.1428571428571,52.1428571428571,8.80952380952381,-1178223.57142857,-2573353.57142857,3577,15.458186808029708,32.70593287001468,50.268654977625786
1989-01-30,27,1989-01-30,16.952380952381,33.0,48.3809523809524,8.09523809523809,-1178223.57142857,-2573353.57142857,3577,16.213916114842494,32.048002565025634,50.17916964355842
1989-02-15,28,1989-02-15,15.5714285714286,34.0,48.9523809523809,8.76190476190476,-1178223.57142857,-2573353.57142857,3577,16.69066846465979,31.376433679834555,50.3917104567184
1989-03-03,29,1989-03-03,16.0,28.8095238095238,53.5714285714286,8.0,-1178223.57142857,-2573353.57142857,3577,16.2802110170507,31.011436447964307,51.16726513939372
1989-03-19,30,1989-03-19,18.047619047619,25.9047619047619,54.3809523809524,8.0,-1178223.57142857,-2573353.57142857,3577,15.07123423531868,30.252990559487582,53.09618554819001
1989-04-04,31,1989-04-04,13.4761904761905,33.7142857142857,51.3809523809524,8.95238095238095,-1178223.57142857,-2573353.57142857,3577,13.656225095851548,28.586262035174165,56.163865030729724
1989-05-22,32,1989-05-22,11.8571428571429,27.0952380952381,59.3809523809524,7.90476190476191,-1178223.57142857,-2573353.57142857,3577,12.80304937580289,27.450110261251673,58.111375724370156
1989-06-23,33,1989-06-23,9.90476190476191,26.6190476190476,61.8571428571429,8.0,-1178223.57142857,-2573353.57142857,3577,12.579143250968002,26.842111448918587,58.955092379232184
1989-07-09,34,1989-07-09,13.6190476190476,27.0,57.7142857142857,7.76190476190476,-1178223.57142857,-2573353.57142857,3577,13.341005743480533,26.673748336283055,58.32901257668189
1989-08-10,35,1989-08-10,14.4761904761905,24.952380952381,58.8095238095238,7.61904761904762,-1178223.57142857,-2573353.57142857,3577,13.834742141241616,27.6238828251171,56.88164570207064
1989-09-11,36,1989-09-11,15.8095238095238,28.0,54.6190476190476,8.0,-1178223.57142857,-2573353.57142857,3577,14.467069566138601,27.92548215458016,55.937275314975935
1989-09-27,37,1989-09-27,16.047619047619,30.4761904761905,51.8095238095238,8.0,-1178223.57142857,-2573353.57142857,3577,14.865521475426362,28.468738691644667,55.02376261508566
1989-10-13,38,1989-10-13,15.6190476190476,30.4285714285714,52.4761904761905,8.0,-1178223.57142857,-2573353.57142857,3577,14.790594338579748,30.219322473187937,53.39788591180983
1989-11-30,39,1989-11-30,12.952380952381,31.4761904761905,53.8571428571429,8.19047619047619,-1178223.57142857,-2573353.57142857,3577,15.125359676441017,31.18605852351518,52.15470391321006
1989-12-16,40,1989-12-16,13.2857142857143,32.4761904761905,52.8095238095238,8.09523809523809,-1178223.57142857,-2573353.57142857,3577,15.584477442060257,31.80766086338368,51.158109176677385
1990-02-02,41,1990-02-02,17.2857142857143,29.1904761904762,52.1428571428571,8.0,-1178223.57142857,-2573353.57142857,3577,17.119366701407483,33.338484013401654,48.12247814104679
1990-02-18,42,1990-02-18,19.2380952380952,34.4761904761905,44.9047619047619,8.52380952380952,-1178223.57142857,-2573353.57142857,3577,18.29337226240976,33.60674928785883,46.686796175953276
1990-03-06,43,1990-03-06,21.4285714285714,35.1904761904762,42.0,8.52380952380952,-1178223.57142857,-2573353.57142857,3577,19.125311221283578,33.2487502177855,46.252484357740606
1990-03-22,44,1990-03-22,19.1428571428571,33.1904761904762,46.3809523809524,8.33333333333333,-1178223.57142857,-2573353.57142857,3577,19.146420143321286,32.40739755599952,47.05504093429087
1990-04-07,45,1990-04-07,17.0,31.1428571428571,50.2857142857143,8.0,-1178223.57142857,-2573353.57142857,3577,17.885131380484733,30.860904833036425,49.85734698737052
1990-04-23,46,1990-04-23,16.1904761904762,31.2380952380952,51.0476190476191,7.95238095238095,-1178223.57142857,-2573353.57142857,3577,15.798949244767316,29.408645018547723,53.32884040623185
1990-05-09,47,1990-05-09,12.4761904761905,21.7142857142857,64.4761904761905,6.28571428571429,-1178223.57142857,-2573353.57142857,3577,13.555258982501547,28.850774612380185,56.10850965339295
1990-05-25,48,1990-05-25,13.5714285714286,27.9047619047619,57.0476190476191,7.80952380952381,-1178223.57142857,-2573353.57142857,3577,13.748686813700251,25.513793739796096,59.19841974330258
1990-07-12,49,1990-07-12,12.3333333333333,28.5238095238095,57.4761904761905,7.80952380952381,-1178223.57142857,-2573353.57142857,3577,13.259543346228678,25.225557724005952,59.95861104838541
1990-07-28,50,1990-07-28,12.6190476190476,27.1904761904762,58.6666666666667,7.57142857142857,-1178223.57142857,-2573353.57142857,3577,12.840068084648209,26.768243108796387,58.83120594574827
1990-08-13,51,1990-08-13,14.4761904761905,27.8095238095238,56.0476190476191,7.85714285714286,-1178223.57142857,-2573353.57142857,3577,12.138171426095303,28.75219929708665,57.555785803455244
1990-08-29,52,1990-08-29,13.3809523809524,26.3809523809524,58.7142857142857,7.90476190476191,-1178223.57142857,-2573353.57142857,3577,11.746282613153916,30.54254517411957,56.11467686079851
1990-09-14,53,1990-09-14,12.6190476190476,27.2857142857143,58.5238095238095,7.85714285714286,-1178223.57142857,-2573353.57142857,3577,11.43727170661985,31.717430144669997,55.26614561907854
1990-09-30,54,1990-09-30,2.9047619047619,46.7619047619048,48.9047619047619,9.09523809523809,-1178223.57142857,-2573353.57142857,3577,11.254131833077533,32.32512379261124,54.861322372150084
1990-10-16,55,1990-10-16,14.4761904761905,30.0952380952381,53.7619047619048,8.0,-1178223.57142857,-2573353.57142857,3577,10.978311678000455,33.92486873291321,53.56583767109282
1990-11-01,56,1990-11-01,13.3809523809524,28.5238095238095,56.5238095238095,8.0,-1178223.57142857,-2573353.57142857,3577,11.97284552392733,33.32265670345667,53.15462349826882
1990-11-17,57,1990-11-17,13.1904761904762,31.6190476190476,53.6666666666667,8.0,-1178223.57142857,-2573353.57142857,3577,12.237171497231593,32.298198189834224,53.95552538276192
1990-12-19,58,1990-12-19,11.5714285714286,33.2857142857143,53.7619047619048,8.14285714285714,-1178223.57142857,-2573353.57142857,3577,12.258008245622523,31.13522390921305,55.126818485943396
1991-01-04,59,1991-01-04,12.047619047619,32.6190476190476,53.8095238095238,8.14285714285714,-1178223.57142857,-2573353.57142857,3577,12.097957769782598,29.886558230207008,56.57282758520305
1991-02-05,60,1991-02-05,10.4761904761905,26.6190476190476,61.5714285714286,7.76190476190476,-1178223.57142857,-2573353.57142857,3577,11.255760751115108,29.542687446707802,57.79981112797587
1991-03-09,61,1991-03-09,12.2857142857143,27.3809523809524,58.8095238095238,7.33333333333333,-1178223.57142857,-2573353.57142857,3577,9.586439360431731,30.605014180861005,58.42657136464314
1991-03-25,62,1991-03-25,3.85714285714286,34.4761904761905,60.4285714285714,9.0,-1178223.57142857,-2573353.57142857,3577,9.443904908299775,28.162977373499483,60.94594981900573
1991-04-10,63,1991-04-10,12.5238095238095,27.7142857142857,58.1904761904762,7.66666666666667,-1178223.57142857,-2573353.57142857,3577,9.543132821769156,29.25322974238947,59.7264830113038
1991-04-26,64,1991-04-26,10.4285714285714,27.2857142857143,60.7619047619048,7.61904761904762,-1178223.57142857,-2573353.57142857,3577,8.709075238485696,29.496030285499565,60.26875807370263
1991-05-12,65,1991-05-12,7.09523809523809,27.4285714285714,63.9523809523809,7.76190476190476,-1178223.57142857,-2573353.57142857,3577,8.036324872236975,29.12909072351362,61.29289183467833
1991-05-28,66,1991-05-28,8.28571428571429,28.3809523809524,61.6190476190476,7.0,-1178223.57142857,-2573353.57142857,3577,8.138734330683564,27.51529584965705,62.748782693045754
1991-06-29,67,1991-06-29,8.19047619047619,30.8095238095238,59.4285714285714,8.33333333333333,-1178223.57142857,-2573353.57142857,3577,8.51415973087672,25.566267581743617,64.31632557328192
1991-07-15,68,1991-07-15,9.52380952380952,29.3333333333333,59.6666666666667,8.28571428571429,-1178223.57142857,-2573353.57142857,3577,9.595805639147862,24.863230680564406,63.903781461047444
1991-07-31,69,1991-07-31,6.61904761904762,12.2380952380952,79.4285714285714,5.61904761904762,-1178223.57142857,-2573353.57142857,3577,9.76777247520136,25.69729973328659,62.92648682585822
1991-09-01,70,1991-09-01,16.3333333333333,28.0952380952381,54.0,8.04761904761905,-1178223.57142857,-2573353.57142857,3577,12.52725731440714,28.46167068225465,57.22435459276709
1991-09-17,71,1991-09-17,13.952380952381,28.4285714285714,55.9047619047619,8.0,-1178223.57142857,-2573353.57142857,3577,14.571104334260042,23.398917774688265,60.66189795755453
1991-10-19,72,1991-10-19,13.5238095238095,32.7619047619048,52.2380952380952,8.0,-1178223.57142857,-2573353.57142857,3577,14.726371925286124,25.487469831506278,58.45172629227481
1991-11-04,73,1991-11-04,14.5238095238095,31.0952380952381,52.8095238095238,8.0,-1178223.57142857,-2573353.57142857,3577,13.618861272883997,31.05344462039045,53.807718081703825
1991-11-20,74,1991-11-20,13.3333333333333,31.2857142857143,54.0,8.0,-1178223.57142857,-2573353.57142857,3577,12.194234815750013,37.22809053690852,48.84398161177615
1991-12-06,75,1991-12-06,14.1904761904762,31.0952380952381,53.2380952380952,8.0,-1178223.57142857,-2573353.57142857,3577,10.95851792837605,43.77874038939221,42.92287227735501
1991-12-22,76,1991-12-22,4.5,33.625,60.5,6.125,-1178235.0,-2573310.0,3577,9.575655010319387,41.182756090804034,47.520896544109256
1992-01-07,77,1992-01-07,6.25,88.75,0.0,2.0,-1178220.0,-2573400.0,3577,9.512651935569828,43.082413723888806,45.593053489331524
1992-01-23,78,1992-01-23,13.5238095238095,29.6190476190476,55.4761904761905,8.0,-1178223.57142857,-2573353.57142857,3577,10.339465018073923,45.187776725786726,42.244821226239075
1992-02-08,79,1992-02-08,15.6190476190476,33.8571428571429,49.0,8.47619047619048,-1178223.57142857,-2573353.57142857,3577,12.519818037845656,46.07783076966052,38.741423179497886
1992-02-24,80,1992-02-24,12.7142857142857,36.1428571428571,49.4761904761905,9.0,-1178223.57142857,-2573353.57142857,3577,14.662506148617583,44.5111380227185,37.8181307856174
1992-03-11,81,1992-03-11,14.0952380952381,33.5238095238095,51.0,8.19047619047619,-1178223.57142857,-2573353.57142857,3577,16.531093094967858,41.651658796184506,38.6638289471049
1992-03-27,82,1992-03-27,18.7647058823529,72.1176470588235,0.0,2.0,-1178231.47058824,-2573363.82352941,3577,17.553043978419222,38.72157034672388,40.606297727034686
1992-07-17,83,1992-07-17,20.4285714285714,32.5238095238095,45.7142857142857,8.52380952380952,-1178223.57142857,-2573353.57142857,3577,16.67098751427401,37.351986332425994,43.03096232971752
1992-08-18,84,1992-08-18,13.6190476190476,28.047619047619,56.7142857142857,8.09523809523809,-1178223.57142857,-2573353.57142857,3577,15.977317240518254,40.399978928974875,40.734663685122
1992-09-03,85,1992-09-03,12.5238095238095,32.1904761904762,53.6666666666667,9.0,-1178223.57142857,-2573353.57142857,3577,14.36016602834817,33.71956017029268,49.803111233444355
1992-10-05,86,1992-10-05,15.4285714285714,32.2857142857143,50.8095238095238,8.33333333333333,-1178223.57142857,-2573353.57142857,3577,12.889976168429886,30.961064067961622,54.677171126079365
1992-10-21,87,1992-10-21,12.0952380952381,31.047619047619,55.4761904761905,8.61904761904762,-1178223.57142857,-2573353.57142857,3577,12.037666394794442,29.20166817944561,57.727189219440646
1992-11-22,88,1992-11-22,11.5714285714286,31.047619047619,55.9047619047619,8.0,-1178223.57142857,-2573353.57142857,3577,12.680661716718834,29.411383371677616,56.8683823915937
1992-12-08,89,1992-12-08,11.4761904761905,33.9523809523809,52.9523809523809,8.23809523809524,-1178223.57142857,-2573353.57142857,3577,14.134632319660254,34.467812282412815,49.5570064610238
1993-01-09,90,1993-01-09,14.047619047619,32.2380952380952,52.2380952380952,8.0,-1178223.57142857,-2573353.57142857,3577,15.693288136010242,32.94103007415205,49.901699951228075
1993-02-26,91,1993-02-26,22.3333333333333,33.4761904761905,42.8095238095238,8.19047619047619,-1178223.57142857,-2573353.57142857,3577,15.82424077470279,32.74619498148419,49.95086750194362
1993-03-30,92,1993-03-30,16.3809523809524,31.3809523809524,50.6190476190476,8.0,-1178223.57142857,-2573353.57142857,3577,15.425287818474345,33.1821707704011,49.89441930617655
1993-04-15,93,1993-04-15,13.4285714285714,34.6190476190476,50.5714285714286,8.23809523809524,-1178223.57142857,-2573353.57142857,3577,15.150194490749483,33.3135780627991,50.047443784278414
1993-05-17,94,1993-05-17,12.4285714285714,34.4285714285714,51.7619047619048,8.76190476190476,-1178223.57142857,-2573353.57142857,3577,14.484901063846255,33.20638494631807,50.861227523758615
1993-06-02,95,1993-06-02,14.1904761904762,30.8571428571429,53.3333333333333,7.95238095238095,-1178223.57142857,-2573353.57142857,3577,14.35796401740459,32.9199572357418,51.26203517843618
1993-06-18,96,1993-06-18,13.2380952380952,34.3809523809524,50.9523809523809,8.0,-1178223.57142857,-2573353.57142857,3577,14.996825671746024,33.34980602472365,50.19708258716794
1993-07-20,97,1993-07-20,17.5714285714286,33.7142857142857,47.2380952380952,8.66666666666667,-1178223.57142857,-2573353.57142857,3577,16.25103276496221,34.254230805309284,48.06652789933803
1993-09-06,98,1993-09-06,20.6190476190476,33.6666666666667,44.3809523809524,9.0,-1178223.57142857,-2573353.57142857,3577,18.694367551949888,34.201093024617336,45.64289683484045
1993-09-22,99,1993-09-22,19.4285714285714,34.1428571428571,44.9523809523809,8.71428571428571,-1178223.57142857,-2573353.57142857,3577,19.381532811870457,34.13405892352751,44.975288900978754
1993-10-08,100,1993-10-08,18.4285714285714,35.0476190476191,44.9047619047619,8.66666666666667,-1178223.57142857,-2573353.57142857,3577,18.89086249147884,33.89470797519826,45.71068766114521
1993-10-24,101,1993-10-24,16.9047619047619,36.2380952380952,45.4285714285714,8.28571428571429,-1178223.57142857,-2573353.57142857,3577,17.148043906555248,33.839026814253955,47.475406945988084
1993-11-25,102,1993-11-25,15.6190476190476,32.0,50.6666666666667,8.14285714285714,-1178223.57142857,-2573353.57142857,3577,15.366641614317317,33.86530497365904,49.19040711609635
1993-12-11,103,1993-12-11,16.1428571428571,29.8095238095238,52.4285714285714,8.04761904761905,-1178223.57142857,-2573353.57142857,3577,14.531780912583677,34.35242260319146,49.550211398501204
1994-01-12,104,1994-01-12,11.3333333333333,38.0,49.3333333333333,7.38095238095238,-1178223.57142857,-2573353.57142857,3577,14.639876119750085,34.72349013215367,49.09383186472235
1994-01-28,105,1994-01-28,13.6666666666667,34.6666666666667,50.0952380952381,8.0,-1178223.57142857,-2573353.57142857,3577,14.742064952589054,35.47125835979796,48.26151041939792
1994-03-01,106,1994-03-01,16.3809523809524,38.6190476190476,43.4285714285714,8.95238095238095,-1178223.57142857,-2573353.57142857,3577,15.900050413979923,35.05592240576236,47.59194572196954
1994-04-02,107,1994-04-02,19.5238095238095,34.1428571428571,44.9523809523809,8.04761904761905,-1178223.57142857,-2573353.57142857,3577,16.16270726177605,35.240973680596895,47.15586271313117
1994-04-18,108,1994-04-18,16.5238095238095,33.6666666666667,48.3333333333333,8.28571428571429,-1178223.57142857,-2573353.57142857,3577,15.644783493078384,35.622794130528746,47.27386545342492
1994-05-04,109,1994-05-04,11.4761904761905,34.9047619047619,52.1428571428571,8.66666666666667,-1178223.57142857,-2573353.57142857,3577,14.528243686136278,35.275701594581776,48.689007586833114
1994-05-20,110,1994-05-20,13.952380952381,33.2380952380952,51.3333333333333,8.09523809523809,-1178223.57142857,-2573353.57142857,3577,13.456781608482409,33.042298259011595,51.96306376800954
1994-06-05,111,1994-06-05,13.952380952381,32.5714285714286,52.0476190476191,8.0,-1178223.57142857,-2573353.57142857,3577,11.13977044627035,32.9445384336976,54.349498798407076
1994-06-21,112,1994-06-21,5.57142857142857,39.0476190476191,53.4285714285714,12.7619047619048,-1178223.57142857,-2573353.57142857,3577,11.091151366691525,33.00281555389421,54.35106998264081
1994-07-23,113,1994-07-23,12.5714285714286,30.9047619047619,55.0952380952381,7.71428571428571,-1178223.57142857,-2573353.57142857,3577,10.883004429085208,34.300228706748946,53.27619542479428
1994-08-24,114,1994-08-24,12.047619047619,30.1428571428571,56.4285714285714,7.95238095238095,-1178223.57142857,-2573353.57142857,3577,11.067470911241575,35.401948055907994,52.026749308475274
1994-09-25,115,1994-09-25,11.5238095238095,34.2380952380952,52.7142857142857,8.0,-1178223.57142857,-2573353.57142857,3577,10.63423073711077,36.47044794531746,51.45259384577501
1994-10-11,116,1994-10-11,9.61904761904762,46.2857142857143,42.7619047619048,8.19047619047619,-1178223.57142857,-2573353.57142857,3577,9.08091709830082,37.21318151562891,52.289920605702264
1994-10-27,117,1994-10-27,12.8095238095238,35.6666666666667,50.2380952380952,8.47619047619048,-1178223.57142857,-2573353.57142857,3577,10.420093996658277,36.57280585572488,51.635215146043336
1994-11-12,118,1994-11-12,3.61538461538462,35.6923076923077,59.0,11.6153846153846,-1178214.23076923,-2573345.76923077,3577,10.738095753574019,35.193236072487785,52.65088368802753
1994-11-28,119,1994-11-28,13.0,33.1428571428571,52.5238095238095,8.0,-1178223.57142857,-2573353.57142857,3577,10.182885384836698,35.12385542535054,53.18221510171179
1994-12-14,120,1994-12-14,12.4285714285714,31.2857142857143,54.8571428571429,8.0,-1178223.57142857,-2573353.57142857,3577,12.717358056722658,33.12911594239987,52.65629520117898
1994-12-30,121,1994-12-30,16.4285714285714,32.4761904761905,49.4285714285714,8.52380952380952,-1178223.57142857,-2573353.57142857,3577,15.217193697782019,32.69664898885653,50.56959139930521
1995-01-15,122,1995-01-15,21.3333333333333,33.9523809523809,43.2857142857143,8.38095238095238,-1178223.57142857,-2573353.57142857,3577,17.34942425201749,34.314339070466346,46.825776906265276
1995-01-31,123,1995-01-31,10.0952380952381,39.4761904761905,48.7619047619048,14.2380952380952,-1178223.57142857,-2573353.57142857,3577,19.130973178600698,37.5030300333888,41.89114806761242
1995-03-04,124,1995-03-04,24.4285714285714,41.1428571428571,33.1904761904762,9.33333333333333,-1178223.57142857,-2573353.57142857,3577,20.37862447150068,39.36836331882183,38.786530291168475
1995-03-20,125,1995-03-20,24.3809523809524,36.5714285714286,37.5714285714286,8.71428571428571,-1178223.57142857,-2573353.57142857,3577,19.753838524733418,40.95730379011499,37.81057848239947
1995-05-07,126,1995-05-07,15.3809523809524,44.7142857142857,38.3809523809524,12.4285714285714,-1178223.57142857,-2573353.57142857,3577,19.779849665295643,41.41183687313098,37.37812651743982
1995-05-23,127,1995-05-23,19.2857142857143,39.8095238095238,39.5238095238095,9.09523809523809,-1178223.57142857,-2573353.57142857,3577,18.929345164636466,40.68358060927112,38.94461575575544
1995-07-10,128,1995-07-10,19.8571428571429,38.9523809523809,39.6190476190476,9.09523809523809,-1178223.57142857,-2573353.57142857,3577,19.081138675563082,38.74470627411223,40.69260460900717
1995-07-26,129,1995-07-26,17.2380952380952,37.8095238095238,43.5238095238095,9.61904761904762,-1178223.57142857,-2573353.57142857,3577,19.275727368603757,35.82260463993673,43.43378087340285
1995-08-11,130,1995-08-11,17.5714285714286,34.5238095238095,46.5238095238095,9.19047619047619,-1178223.57142857,-2573353.57142857,3577,16.960798747173936,35.48191230853237,46.09001937174622
1995-08-27,131,1995-08-27,18.5238095238095,35.4761904761905,44.4761904761905,9.0,-1178223.57142857,-2573353.57142857,3577,16.961262679526413,37.036880560094815,44.5807979430204
1995-09-12,132,1995-09-12,18.952380952381,34.5238095238095,45.0476190476191,8.14285714285714,-1178223.57142857,-2573353.57142857,3577,17.615712460911084,37.141535451127424,43.81208471610297
1995-10-14,133,1995-10-14,17.4761904761905,38.1428571428571,43.0476190476191,8.52380952380952,-1178223.57142857,-2573353.57142857,3577,17.696021213046432,39.42489296049078,41.46268076608018
1995-10-30,134,1995-10-30,12.9047619047619,45.6666666666667,40.0476190476191,10.1428571428571,-1178223.57142857,-2573353.57142857,3577,18.08814714696796,41.23454564011223,39.23613847452273
1995-12-17,135,1995-12-17,16.047619047619,49.6190476190476,32.8095238095238,11.0,-1178223.57142857,-2573353.57142857,3577,17.753597279910394,42.64598971719077,38.13549298997648
1996-01-02,136,1996-01-02,25.047619047619,37.0476190476191,36.3809523809524,9.19047619047619,-1178223.57142857,-2573353.57142857,3577,17.001976351818975,43.378921388202826,38.11304794276362
1996-01-18,137,1996-01-18,19.1428571428571,36.4285714285714,42.9523809523809,8.28571428571429,-1178223.57142857,-2573353.57142857,3577,16.32228143373407,43.562312816176274,38.609226686620296
1996-02-19,138,1996-02-19,10.2380952380952,49.9523809523809,38.2857142857143,9.80952380952381,-1178223.57142857,-2573353.57142857,3577,16.011576658633068,42.352210225268905,40.13347952356641
1996-03-22,139,1996-03-22,12.6666666666667,40.6666666666667,45.0476190476191,8.04761904761905,-1178223.57142857,-2573353.57142857,3577,15.954818143670249,40.97690750940913,41.56910994062076
1996-04-07,140,1996-04-07,16.2857142857143,40.9047619047619,41.4761904761905,9.04761904761905,-1178223.57142857,-2573353.57142857,3577,15.390434127273938,41.14588404371071,41.95325314519735
1996-04-23,141,1996-04-23,16.9047619047619,42.6190476190476,38.9047619047619,9.04761904761905,-1178223.57142857,-2573353.57142857,3577,14.570430601388184,42.30923462501779,41.62046415915766
1996-05-09,142,1996-05-09,15.6666666666667,40.7619047619048,42.2857142857143,9.0,-1178223.57142857,-2573353.57142857,3577,14.385917488082526,43.16605685335692,40.980465355072255
1996-05-25,143,1996-05-25,15.4285714285714,39.8571428571429,43.0476190476191,8.80952380952381,-1178223.57142857,-2573353.57142857,3577,14.97187435886903,42.13084335684328,41.446616335155056
1996-06-10,144,1996-06-10,12.4285714285714,47.4761904761905,38.5238095238095,9.09523809523809,-1178223.57142857,-2573353.57142857,3577,13.77943728098321,42.012729272784924,42.76764927538284
1996-07-28,145,1996-07-28,10.1904761904762,43.7142857142857,44.7619047619048,9.90476190476191,-1178223.57142857,-2573353.57142857,3577,11.581673486470514,43.477689493162885,43.47178827363936
1996-08-29,146,1996-08-29,10.7619047619048,40.1904761904762,47.8095238095238,9.23809523809524,-1178223.57142857,-2573353.57142857,3577,10.016325264001786,42.551645464951804,45.972869236020266
1996-09-14,147,1996-09-14,9.61904761904762,41.8095238095238,47.0,9.09523809523809,-1178223.57142857,-2573353.57142857,3577,9.479747290891384,41.380708752026095,47.70019389794219
1996-09-30,148,1996-09-30,10.4285714285714,41.8095238095238,46.0952380952381,9.0,-1178223.57142857,-2573353.57142857,3577,9.380287153505567,42.864246950153856,46.2131207285937
1996-11-17,149,1996-11-17,8.19047619047619,42.8095238095238,47.5238095238095,9.0,-1178223.57142857,-2573353.57142857,3577,9.404521690897997,42.39440931874508,46.64590994659959
1996-12-03,150,1996-12-03,9.52380952380952,41.9047619047619,47.0476190476191,9.0,-1178223.57142857,-2573353.57142857,3577,9.424308147990955,41.91693555411969,47.103078165377646
1997-01-04,151,1997-01-04,10.6666666666667,41.1904761904762,46.6666666666667,9.47619047619048,-1178223.57142857,-2573353.57142857,3577,10.677359791909286,42.67870268275977,45.08571833222864
1997-01-20,152,1997-01-20,12.25,46.0,40.0,13.0,-1178227.5,-2573392.5,3577,11.572391231058244,41.93797507960967,45.02493378653698
1997-02-21,153,1997-02-21,10.4761904761905,44.7142857142857,43.4285714285714,15.0952380952381,-1178223.57142857,-2573353.57142857,3577,11.959813664146258,40.985326786210756,45.67853547380727
1997-03-09,154,1997-03-09,12.25,29.9375,56.875,7.0625,-1178208.75,-2573358.75,3577,11.798284017322512,40.07803786769907,46.78166222321868
1997-03-25,155,1997-03-25,14.3809523809524,46.9047619047619,37.2380952380952,10.8095238095238,-1178223.57142857,-2573353.57142857,3577,12.559599327399306,42.960738887009555,43.15711313969181
1997-04-10,156,1997-04-10,14.3333333333333,43.5714285714286,40.6190476190476,10.0952380952381,-1178223.57142857,-2573353.57142857,3577,12.548611089630882,44.503148811965694,41.67823507760964
1997-04-26,157,1997-04-26,6.0,42.5,50.5,17.0,-1178265.0,-2573400.0,3577,12.180497005572573,44.85213657600759,41.72151339372079
1997-05-28,158,1997-05-28,12.5238095238095,49.0,37.0476190476191,10.6666666666667,-1178223.57142857,-2573353.57142857,3577,11.682366910693322,44.819600484647964,42.25458816208961
1997-06-13,159,1997-06-13,14.7142857142857,49.2857142857143,34.7619047619048,10.952380952381,-1178223.57142857,-2573353.57142857,3577,10.995285416336383,45.30205378985662,42.45420175798802
1997-06-29,160,1997-06-29,12.7142857142857,48.0,38.0952380952381,10.4761904761905,-1178223.57142857,-2573353.57142857,3577,10.29736517352461,44.68392005310844,43.77869808209714
1997-07-31,161,1997-07-31,5.71428571428571,27.4761904761905,65.6666666666667,5.61904761904762,-1178223.57142857,-2573353.57142857,3577,10.42779227995789,43.0531565312848,45.30878293532417
1997-08-16,162,1997-08-16,10.3333333333333,46.9047619047619,41.4285714285714,10.2857142857143,-1178223.57142857,-2573353.57142857,3577,11.074325055747536,43.61002001094231,44.01223492708902
1997-09-01,163,1997-09-01,12.0,47.8571428571429,38.8095238095238,11.3333333333333,-1178223.57142857,-2573353.57142857,3577,11.469304689117205,43.03889093362135,44.12750407486588
1997-09-17,164,1997-09-17,12.0,46.4761904761905,40.1428571428571,8.71428571428571,-1178223.57142857,-2573353.57142857,3577,11.064748589901729,43.817882195197626,43.79548637636216
1997-10-03,165,1997-10-03,13.6190476190476,43.5238095238095,41.3333333333333,10.0,-1178223.57142857,-2573353.57142857,3577,12.675472618195176,44.331026558574095,41.574948787016865
1997-10-19,166,1997-10-19,12.7142857142857,43.9523809523809,42.0952380952381,9.95238095238095,-1178223.57142857,-2573353.57142857,3577,13.035506160504205,45.622088051260775,39.94342022785699
1997-11-04,167,1997-11-04,11.4761904761905,43.3333333333333,43.7619047619048,10.0,-1178223.57142857,-2573353.57142857,3577,12.320827134679776,46.60510142591488,39.7433071314591
1997-12-06,168,1997-12-06,10.7142857142857,47.4285714285714,40.6666666666667,10.1428571428571,-1178223.57142857,-2573353.57142857,3577,10.1671748014612,45.28998929346549,43.26527639026994
1997-12-22,169,1997-12-22,10.4285714285714,47.8571428571429,40.4285714285714,9.33333333333333,-1178223.57142857,-2573353.57142857,3577,9.501816552898715,47.49027288500262,41.75512052446415
1998-01-07,170,1998-01-07,8.95238095238095,46.0,43.5714285714286,9.52380952380952,-1178223.57142857,-2573353.57142857,3577,8.522855498473415,48.42122621959359,41.80739500437019
1998-01-23,171,1998-01-23,3.625,55.375,40.125,7.375,-1178216.25,-2573377.5,3577,8.17580755158032,48.293494044647815,42.219509463698195
1998-02-08,172,1998-02-08,9.95238095238095,44.3333333333333,44.2380952380952,9.38095238095238,-1178223.57142857,-2573353.57142857,3577,7.718842174336371,47.416000279383276,43.50404407253602
1998-02-24,173,1998-02-24,7.76190476190476,44.2380952380952,46.4761904761905,9.19047619047619,-1178223.57142857,-2573353.57142857,3577,7.48651297103197,47.03897495692456,44.120888914999966
1998-03-12,174,1998-03-12,9.0,47.8095238095238,41.8095238095238,9.47619047619048,-1178223.57142857,-2573353.57142857,3577,6.488454141316954,46.39307712410732,45.707647228925225
1998-04-29,175,1998-04-29,3.14285714285714,44.4285714285714,50.9523809523809,11.8095238095238,-1178223.57142857,-2573353.57142857,3577,5.126174522071586,46.252776763992756,47.20136816227443
1998-05-31,176,1998-05-31,5.76190476190476,47.0952380952381,45.7619047619048,9.80952380952381,-1178223.57142857,-2573353.57142857,3577,3.882755917972054,46.2340148241782,48.45402726787451
1998-06-16,177,1998-06-16,1.38095238095238,48.3809523809524,49.0,10.9047619047619,-1178223.57142857,-2573353.57142857,3577,3.413949827262008,45.99543954496829,49.15781071353092
1998-07-18,178,1998-07-18,4.42857142857143,46.6666666666667,47.3333333333333,11.4761904761905,-1178223.57142857,-2573353.57142857,3577,3.7015534774817116,46.44066343872153,48.43509186890815
1998-08-03,179,1998-08-03,2.71428571428571,42.7619047619048,52.9047619047619,10.7619047619048,-1178223.57142857,-2573353.57142857,3577,6.0829727547984636,45.23243938723139,47.16487640325944
1998-08-19,180,1998-08-19,10.1428571428571,44.9523809523809,43.5238095238095,11.047619047619,-1178223.57142857,-2573353.57142857,3577,8.82223040117644,44.08370370598813,45.51739488580913
1998-09-04,181,1998-09-04,13.4761904761905,43.6190476190476,41.2857142857143,10.3809523809524,-1178223.57142857,-2573353.57142857,3577,12.055408987295714,43.67793506802141,42.67132042363603
1998-09-20,182,1998-09-20,15.1428571428571,42.3333333333333,40.8095238095238,10.0,-1178223.57142857,-2573353.57142857,3577,13.83495451916296,42.89835654540896,41.664452162897945
1998-10-06,183,1998-10-06,13.9047619047619,44.2857142857143,40.1904761904762,10.2380952380952,-1178223.57142857,-2573353.57142857,3577,14.617743453654562,43.43857638748629,40.41793191328192
1998-10-22,184,1998-10-22,14.7142857142857,43.3809523809524,40.5714285714286,10.0,-1178223.57142857,-2573353.57142857,3577,14.518153672950252,43.30773251515638,40.71359909439796
1998-11-07,185,1998-11-07,13.6190476190476,42.8571428571429,42.1428571428571,9.95238095238095,-1178223.57142857,-2573353.57142857,3577,13.584563630382023,43.63337374698952,41.36834847298625
1998-11-23,186,1998-11-23,12.0,46.2380952380952,40.3809523809524,10.0,-1178223.57142857,-2573353.57142857,3577,12.260119653306669,44.79609709175603,41.57846590972903
1998-12-09,187,1998-12-09,10.8095238095238,43.9047619047619,43.9523809523809,10.047619047619,-1178223.57142857,-2573353.57142857,3577,12.616728988244134,45.55147174805937,40.47955450122025
1998-12-25,188,1998-12-25,14.1904761904762,46.3333333333333,38.1428571428571,11.0,-1178223.57142857,-2573353.57142857,3577,13.759087146082006,46.51314629642107,38.374982087050626
1999-01-10,189,1999-01-10,16.4761904761905,45.3809523809524,36.6190476190476,11.7142857142857,-1178223.57142857,-2573353.57142857,3577,14.964600930542979,46.695296963091835,36.94696325345925
1999-02-27,190,1999-02-27,13.2,52.3,33.2,15.1,-1178221.5,-2573350.5,3577,16.010204037446236,46.80302246772135,35.74488009410074
1999-03-15,191,1999-03-15,19.6666666666667,45.8571428571429,32.9523809523809,11.047619047619,-1178223.57142857,-2573353.57142857,3577,16.7238396278619,46.94277291335413,34.9112291217502
1999-03-31,192,1999-03-31,18.0952380952381,43.4285714285714,37.0952380952381,9.38095238095238,-1178223.57142857,-2573353.57142857,3577,16.79278925408706,47.6815516784486,34.11470160386058
1999-04-16,193,1999-04-16,15.047619047619,50.8095238095238,32.9047619047619,10.2380952380952,-1178223.57142857,-2573353.57142857,3577,16.553775429933943,48.75815979685222,33.33124151389907
1999-05-02,194,1999-05-02,14.1904761904762,46.7619047619048,37.4761904761905,11.1428571428571,-1178223.57142857,-2573353.57142857,3577,15.742637135823632,48.777550107264204,34.15982675734488
1999-05-18,195,1999-05-18,15.7142857142857,53.3809523809524,29.7142857142857,12.047619047619,-1178223.57142857,-2573353.57142857,3577,15.491942113611618,51.80845460008774,31.42981435488707
1999-06-03,196,1999-06-03,14.8571428571429,53.5714285714286,30.4761904761905,10.4761904761905,-1178223.57142857,-2573353.57142857,3577,14.911602535748916,52.641805665946414,31.17705720491633
1999-06-19,197,1999-06-19,15.6190476190476,51.6666666666667,31.3809523809524,12.0,-1178223.57142857,-2573353.57142857,3577,14.022206895269818,52.77778929016531,31.96578241159808
1999-07-05,198,1999-07-05,14.1428571428571,49.9523809523809,34.6666666666667,11.5238095238095,-1178223.57142857,-2573353.57142857,3577,14.159910265171304,50.23072283752647,34.341488233123975
1999-07-13,199,1999-07-13,11.952380952381,51.1428571428571,35.5238095238095,11.6666666666667,-1178223.57142857,-2573353.57142857,3577,13.220674062777345,47.47262953763789,38.03867958666152
1999-07-21,200,1999-07-21,13.2380952380952,49.6190476190476,35.9523809523809,11.5238095238095,-1178223.57142857,-2573353.57142857,3577,12.129620637358746,45.87312790408077,40.72031064909713
1999-08-06,201,1999-08-06,10.4,31.5333333333333,56.6666666666667,8.86666666666667,-1178209.0,-2573367.0,3577,11.391419931975491,44.17434536566999,43.08822137614062
1999-08-14,202,1999-08-14,12.047619047619,48.1428571428571,38.5714285714286,11.3333333333333,-1178223.57142857,-2573353.57142857,3577,11.310153211080294,44.570645041226584,42.78789528324491
1999-08-22,203,1999-08-22,11.0,46.4285714285714,41.1428571428571,11.2857142857143,-1178223.57142857,-2573353.57142857,3577,11.402024188400187,45.520098064982875,41.74165566115406
1999-08-30,204,1999-08-30,10.6666666666667,49.6190476190476,38.4285714285714,11.6190476190476,-1178223.57142857,-2573353.57142857,3577,11.927918314913434,46.4871310320157,40.21024177060728
1999-09-07,205,1999-09-07,14.2380952380952,47.9047619047619,36.3809523809524,8.76190476190476,-1178223.57142857,-2573353.57142857,3577,12.4006396080681,47.62469316028974,38.582079427274905
1999-09-15,206,1999-09-15,12.7619047619048,47.3333333333333,38.4761904761905,11.0,-1178223.57142857,-2573353.57142857,3577,12.89110291153444,48.82686931231093,36.860284194644024
1999-09-23,207,1999-09-23,13.0952380952381,48.1904761904762,37.3809523809524,10.8095238095238,-1178223.57142857,-2573353.57142857,3577,13.447713277432648,48.61851564327617,36.4985293344372
1999-10-01,208,1999-10-01,12.952380952381,46.1428571428571,39.3809523809524,11.0,-1178223.57142857,-2573353.57142857,3577,13.231814625001515,46.94323220638308,38.36960768848743
1999-10-17,209,1999-10-17,13.7142857142857,46.8571428571429,38.0,10.4285714285714,-1178223.57142857,-2573353.57142857,3577,13.636517249518311,46.29567542879544,38.63777399070942
1999-10-25,210,1999-10-25,13.1904761904762,48.8095238095238,36.5714285714286,10.6190476190476,-1178223.57142857,-2573353.57142857,3577,12.992603887338793,46.888896449260955,38.688113743835544
1999-11-02,211,1999-11-02,12.8095238095238,48.0,37.7619047619048,10.0,-1178223.57142857,-2573353.57142857,3577,12.403473719261351,49.26707554570595,36.93534948023563
1999-11-10,212,1999-11-10,11.9047619047619,47.9523809523809,38.7619047619048,10.5714285714286,-1178223.57142857,-2573353.57142857,3577,12.437010873541524,49.69470673804297,36.48086897621959
1999-11-26,213,1999-11-26,12.1904761904762,50.8571428571429,35.6666666666667,10.4761904761905,-1178223.57142857,-2573353.57142857,3577,11.994165174349142,50.29613214442184,36.33569526448244
1999-12-12,214,1999-12-12,12.6666666666667,52.5714285714286,33.3809523809524,10.5238095238095,-1178223.57142857,-2573353.57142857,3577,11.898808106236668,52.755677758765856,33.99413280217729
1999-12-20,215,1999-12-20,9.52380952380952,63.6190476190476,25.4761904761905,14.0,-1178223.57142857,-2573353.57142857,3577,12.066361914657321,55.90891873863175,30.675504062496415
2000-01-05,216,2000-01-05,15.047619047619,50.0,33.6666666666667,11.5714285714286,-1178223.57142857,-2573353.57142857,3577,12.80443189421325,58.723201463130785,27.155508062624772
2000-02-06,217,2000-02-06,13.1428571428571,54.5714285714286,30.952380952381,12.0,-1178223.57142857,-2573353.57142857,3577,13.585269219942084,60.80480613297043,24.34494607559261
2000-02-22,218,2000-02-22,12.8,71.0,15.0,8.4,-1178175.0,-2573355.0,3577,13.509742476303892,59.76969263965274,25.528081825291633
2000-03-25,219,2000-03-25,15.2380952380952,66.2380952380952,17.4285714285714,15.5238095238095,-1178223.57142857,-2573353.57142857,3577,14.222989600696419,62.61817027141168,22.017267562155894
2000-04-26,220,2000-04-26,14.2380952380952,56.4285714285714,28.2380952380952,13.2857142857143,-1178223.57142857,-2573353.57142857,3577,14.955913024022216,63.692460274494096,20.251393601235748
2000-05-12,221,2000-05-12,13.5238095238095,55.0952380952381,30.3333333333333,12.5714285714286,-1178223.57142857,-2573353.57142857,3577,14.024844092953433,61.04910672402019,23.85865733852989
2000-06-13,222,2000-06-13,11.1428571428571,57.4285714285714,30.3333333333333,12.7619047619048,-1178223.57142857,-2573353.57142857,3577,11.40791922215899,56.16038141424298,31.338973719773954
2000-07-31,223,2000-07-31,10.8571428571429,55.6666666666667,32.2380952380952,12.2380952380952,-1178223.57142857,-2573353.57142857,3577,9.228769579232585,46.965204042596405,42.64168854880289
2000-09-01,224,2000-09-01,11.5238095238095,53.7142857142857,33.4285714285714,11.8571428571429,-1178223.57142857,-2573353.57142857,3577,6.741152552297052,39.26317335914272,52.673490596083326
2000-09-17,225,2000-09-17,0.0,12.5238095238095,86.1904761904762,15.3809523809524,-1178223.57142857,-2573353.57142857,3577,4.943032199997411,33.81060528738041,59.757309769684724
2000-10-03,226,2000-10-03,0.0,25.0,73.4285714285714,13.4761904761905,-1178223.57142857,-2573353.57142857,3577,4.918919058237215,28.932193709279154,64.56600984154198
2000-10-19,227,2000-10-19,6.90476190476191,30.5238095238095,60.6666666666667,10.5714285714286,-1178223.57142857,-2573353.57142857,3577,5.231096045336749,26.804291683544616,66.29878377555406
2000-11-04,228,2000-11-04,9.47619047619048,29.2380952380952,59.5238095238095,10.1428571428571,-1178223.57142857,-2573353.57142857,3577,6.038134208411938,27.585347572959527,64.65415492659112
2000-11-20,229,2000-11-20,7.95238095238095,33.2380952380952,57.0476190476191,10.4761904761905,-1178223.57142857,-2573353.57142857,3577,7.1864327622830775,29.6593839596891,61.39790653102432
2000-12-06,230,2000-12-06,8.80952380952381,32.3809523809524,57.2857142857143,10.2380952380952,-1178223.57142857,-2573353.57142857,3577,8.406631552141139,32.123597764459824,57.719788982938276
2000-12-22,231,2000-12-22,9.0,34.5238095238095,54.8571428571429,10.4285714285714,-1178223.57142857,-2573353.57142857,3577,9.201001269111359,33.292650589859235,55.76223363838631
2001-01-07,232,2001-01-07,6.57142857142857,30.5714285714286,60.9047619047619,9.0,-1178223.57142857,-2573353.57142857,3577,9.25960108003314,30.398929244125952,58.67367513806266
2001-01-23,233,2001-01-23,11.8571428571429,24.5714285714286,61.9047619047619,8.0,-1178223.57142857,-2573353.57142857,3577,11.1412529678767,30.610622607522075,56.59726238672762
2001-02-08,234,2001-02-08,14.2857142857143,30.2380952380952,53.9047619047619,8.09523809523809,-1178223.57142857,-2573353.57142857,3577,14.66876364089768,31.740922648038655,51.96450298926304
2001-02-24,235,2001-02-24,17.3333333333333,37.3809523809524,43.7619047619048,10.0,-1178223.57142857,-2573353.57142857,3577,18.427189941119074,32.68374040819373,47.33024663674111
2001-03-12,236,2001-03-12,23.0,36.0952380952381,39.3809523809524,9.04761904761905,-1178223.57142857,-2573353.57142857,3577,21.6051832584308,34.534577909185735,42.36751793097909
2001-03-28,237,2001-03-28,26.6190476190476,35.9523809523809,36.1428571428571,9.09523809523809,-1178223.57142857,-2573353.57142857,3577,24.568231562035933,36.31432757128806,37.70319566913429
2001-04-13,238,2001-04-13,25.5714285714286,35.2380952380952,37.6190476190476,9.04761904761905,-1178223.57142857,-2573353.57142857,3577,25.960591524055136,37.85050965545752,34.810388785615764
2001-04-29,239,2001-04-29,24.5238095238095,39.2380952380952,34.9523809523809,9.71428571428571,-1178223.57142857,-2573353.57142857,3577,25.646074255977545,37.92114696448491,35.00123715293468
2001-05-15,240,2001-05-15,25.0952380952381,35.7142857142857,37.7142857142857,9.14285714285714,-1178223.57142857,-2573353.57142857,3577,25.542537957394828,37.17165290848942,35.87490528047265
2001-06-16,241,2001-06-16,24.952380952381,39.1428571428571,34.4761904761905,9.76190476190476,-1178223.57142857,-2573353.57142857,3577,24.796324418611754,37.12991136829588,36.65489309451609
2001-07-02,242,2001-07-02,24.0,37.2380952380952,37.3333333333333,9.33333333333333,-1178223.57142857,-2573353.57142857,3577,23.532212885150557,37.409751239466985,37.59419424743941
2001-08-19,243,2001-08-19,20.8095238095238,36.2380952380952,41.4761904761905,9.38095238095238,-1178223.57142857,-2573353.57142857,3577,22.508959564683764,36.90255461771936,39.11648928985808
2001-09-04,244,2001-09-04,22.8095238095238,36.1904761904762,39.4761904761905,9.28571428571429,-1178223.57142857,-2573353.57142857,3577,21.14655210630127,36.544608126646,40.8468353112255
2001-09-20,245,2001-09-20,21.3809523809524,36.2857142857143,41.0,9.23809523809524,-1178223.57142857,-2573353.57142857,3577,20.18888026318065,35.933044251924336,42.40238605563049
2001-10-22,246,2001-10-22,15.4761904761905,35.5238095238095,47.3333333333333,9.04761904761905,-1178223.57142857,-2573353.57142857,3577,17.501169625006014,35.59615822773186,45.444234815745034
2001-11-07,247,2001-11-07,15.047619047619,36.0,47.5238095238095,9.52380952380952,-1178223.57142857,-2573353.57142857,3577,14.842259907273178,35.11808212426883,48.53623363220159
2001-11-23,248,2001-11-23,15.5714285714286,35.5714285714286,47.5238095238095,9.04761904761905,-1178223.57142857,-2573353.57142857,3577,13.135648665058477,35.664705779251534,49.68694463430562
2001-12-25,249,2001-12-25,13.3809523809524,36.1904761904762,48.8095238095238,9.38095238095238,-1178223.57142857,-2573353.57142857,3577,13.47256046327053,36.77239788075152,48.24873990817541
2002-01-10,250,2002-01-10,13.0952380952381,35.5238095238095,49.8571428571429,9.0,-1178223.57142857,-2573353.57142857,3577,15.076501413960466,37.59357773289099,45.83946497258506
2002-01-26,251,2002-01-26,10.4761904761905,39.1428571428571,48.8095238095238,9.80952380952381,-1178223.57142857,-2573353.57142857,3577,17.516545374127894,38.2946908612486,42.71990445054823
2002-03-15,252,2002-03-15,25.4285714285714,40.6666666666667,32.4761904761905,9.76190476190476,-1178223.57142857,-2573353.57142857,3577,19.692141707618646,38.6287510219341,40.23400541666195
2002-04-16,253,2002-04-16,25.2380952380952,39.7619047619048,33.7142857142857,9.38095238095238,-1178223.57142857,-2573353.57142857,3577,20.706282365721993,38.956482114371035,38.87045565373158
2002-05-02,254,2002-05-02,22.952380952381,37.9523809523809,37.6190476190476,9.19047619047619,-1178223.57142857,-2573353.57142857,3577,21.589013669505796,38.50003866102363,38.44351314319779
2002-06-03,255,2002-06-03,17.0952380952381,34.3809523809524,47.0,8.61904761904762,-1178223.57142857,-2573353.57142857,3577,21.49587151754013,37.638863716257475,39.397829208968815
2002-06-19,256,2002-06-19,17.7142857142857,37.7619047619048,42.9523809523809,9.19047619047619,-1178223.57142857,-2573353.57142857,3577,20.260075321991803,36.4232980641595,41.786403482991645
2002-07-05,257,2002-07-05,19.4761904761905,36.2857142857143,42.6666666666667,9.04761904761905,-1178223.57142857,-2573353.57142857,3577,18.555873435127634,34.88049102599666,45.01057765762975
2002-07-21,258,2002-07-21,18.4285714285714,35.1428571428571,44.9047619047619,8.71428571428571,-1178223.57142857,-2573353.57142857,3577,16.921384085468254,34.063637085303824,47.46354780409799
2002-08-06,259,2002-08-06,18.5714285714286,31.7142857142857,48.1904761904762,8.33333333333333,-1178223.57142857,-2573353.57142857,3577,17.196119669801313,33.83035849598812,47.469061382367
2002-08-22,260,2002-08-22,15.4285714285714,34.4761904761905,48.6666666666667,8.57142857142857,-1178223.57142857,-2573353.57142857,3577,16.84510329711316,33.47906170196692,48.19627328295341
2002-09-07,261,2002-09-07,15.8571428571429,32.8571428571429,49.7619047619048,8.09523809523809,-1178223.57142857,-2573353.57142857,3577,15.915390079474392,34.483042241551004,48.14264373396784
2002-09-23,262,2002-09-23,14.3333333333333,34.9523809523809,49.3809523809524,8.28571428571429,-1178223.57142857,-2573353.57142857,3577,14.231301206531278,35.51042971475876,48.809084620222876
2002-10-25,263,2002-10-25,13.2857142857143,37.4285714285714,47.8095238095238,8.66666666666667,-1178223.57142857,-2573353.57142857,3577,13.873065015477806,36.38681339299989,48.31004083634943
2002-11-10,264,2002-11-10,12.8095238095238,37.6190476190476,48.0476190476191,8.95238095238095,-1178223.57142857,-2573353.57142857,3577,12.968206200402413,36.72389014493727,48.865771998891645
2002-11-26,265,2002-11-26,12.2857142857143,37.5238095238095,48.7142857142857,9.0,-1178223.57142857,-2573353.57142857,3577,10.94233011570311,36.60363063148892,50.98074062159987
2002-12-12,266,2002-12-12,10.952380952381,38.6190476190476,49.1428571428571,9.09523809523809,-1178223.57142857,-2573353.57142857,3577,10.603022364630712,36.10370743806736,51.860310999622115
2002-12-28,267,2002-12-28,11.2857142857143,30.7619047619048,56.4285714285714,7.33333333333333,-1178223.57142857,-2573353.57142857,3577,10.407236726120646,36.173290074213455,51.99283894639152
2003-01-13,268,2003-01-13,10.952380952381,35.3809523809524,52.2380952380952,9.0,-1178223.57142857,-2573353.57142857,3577,11.576217384265226,36.37906056790961,50.61137005408693
2003-01-29,269,2003-01-29,7.71428571428571,39.9523809523809,50.8095238095238,9.14285714285714,-1178223.57142857,-2573353.57142857,3577,13.247249138888044,36.95296653810031,48.39747146557566
2003-02-14,270,2003-02-14,18.5714285714286,39.1428571428571,41.0,9.52380952380952,-1178223.57142857,-2573353.57142857,3577,16.80208852035227,39.84883846802754,41.887222168949634
2003-03-18,271,2003-03-18,24.4285714285714,40.6190476190476,33.6190476190476,9.76190476190476,-1178223.57142857,-2573353.57142857,3577,19.513084438778108,41.07921077889502,37.94383325652109
2003-04-03,272,2003-04-03,17.1904761904762,40.9523809523809,40.0952380952381,13.7142857142857,-1178223.57142857,-2573353.57142857,3577,20.91639320431576,40.89691010743029,36.730044980813474
2003-04-19,273,2003-04-19,23.3333333333333,40.3809523809524,34.9523809523809,9.95238095238095,-1178223.57142857,-2573353.57142857,3577,20.945286911228045,39.19017102607846,38.421519656808016
2003-05-05,274,2003-05-05,20.5238095238095,38.8095238095238,39.1904761904762,9.38095238095238,-1178223.57142857,-2573353.57142857,3577,19.619567223279457,36.268283831745904,42.650888842832906
2003-05-13,275,2003-05-13,18.6666666666667,36.4761904761905,43.3333333333333,9.09523809523809,-1178223.57142857,-2573353.57142857,3577,17.40585111482685,34.29744868134449,46.839289709251716
2003-05-21,276,2003-05-21,8.61904761904762,23.2380952380952,66.9523809523809,6.52380952380952,-1178223.57142857,-2573353.57142857,3577,15.007819837538953,33.33862319310738,50.188561696294116
2003-06-30,277,2003-06-30,15.3809523809524,35.4285714285714,47.5238095238095,8.95238095238095,-1178223.57142857,-2573353.57142857,3577,13.861592483881434,33.60848954966099,51.07401164366345
2003-07-16,278,2003-07-16,14.9047619047619,35.7619047619048,47.8571428571429,9.61904761904762,-1178223.57142857,-2573353.57142857,3577,13.017936655705615,34.06165042387444,51.45002366054229
2003-07-24,279,2003-07-24,13.6190476190476,37.5238095238095,47.3809523809524,9.28571428571429,-1178223.57142857,-2573353.57142857,3577,13.197539302800502,34.951915989062456,50.3315281209943
2003-08-01,280,2003-08-01,13.8095238095238,36.0,48.6666666666667,9.23809523809524,-1178223.57142857,-2573353.57142857,3577,13.892157378223423,35.70258121650777,48.883456069207305
2003-08-09,281,2003-08-09,11.952380952381,36.7142857142857,49.8095238095238,9.09523809523809,-1178223.57142857,-2573353.57142857,3577,13.701383240080887,35.810181304758,48.970878966227716
2003-08-17,282,2003-08-17,11.952380952381,33.9047619047619,52.6666666666667,8.95238095238095,-1178223.57142857,-2573353.57142857,3577,12.541075024045298,35.551674331854784,50.41653186853675
2003-08-25,283,2003-08-25,14.6190476190476,30.7619047619048,53.1904761904762,8.04761904761905,-1178223.57142857,-2573353.57142857,3577,10.489176458215145,34.279300936416554,53.811969763974126
2003-09-02,284,2003-09-02,11.2380952380952,37.2380952380952,50.0476190476191,9.0,-1178223.57142857,-2573353.57142857,3577,9.901765932724208,34.81533765511574,53.872110861266904
2003-09-18,285,2003-09-18,2.47619047619048,36.0476190476191,60.0952380952381,6.61904761904762,-1178223.57142857,-2573353.57142857,3577,8.951398446753139,36.20805329860518,53.45759142817169
2003-09-26,286,2003-09-26,10.0952380952381,38.3333333333333,50.3333333333333,9.0,-1178223.57142857,-2573353.57142857,3577,8.65692511822412,36.96847115732014,52.98615316571181
2003-10-04,287,2003-10-04,8.76190476190476,39.6666666666667,50.0952380952381,9.0,-1178223.57142857,-2573353.57142857,3577,8.498263346559273,38.84744847515166,51.24677953624556
2003-10-12,288,2003-10-12,10.3333333333333,37.75,50.5,9.0,-1178220.0,-2573350.0,3577,8.298331183778854,40.187577386487796,50.07369256130117
2003-10-20,289,2003-10-20,8.80952380952381,40.6666666666667,49.0,8.80952380952381,-1178223.57142857,-2573353.57142857,3577,8.711201079620832,41.3578317966801,48.47578376215421
2003-11-05,290,2003-11-05,8.61904761904762,43.9523809523809,45.9047619047619,9.0,-1178223.57142857,-2573353.57142857,3577,9.28825354212212,41.71433107655395,47.52021971835502
2003-11-13,291,2003-11-13,9.76190476190476,39.5714285714286,49.2380952380952,9.0,-1178223.57142857,-2573353.57142857,3577,9.868819518972833,42.019351391636135,46.63813328054117
2003-11-21,292,2003-11-21,7.09523809523809,47.8095238095238,43.6666666666667,10.1904761904762,-1178223.57142857,-2573353.57142857,3577,9.00781777561827,42.65129426816097,46.860804314357694
2003-11-29,293,2003-11-29,10.4285714285714,38.3809523809524,49.7142857142857,9.19047619047619,-1178223.57142857,-2573353.57142857,3577,9.437162424777084,42.8044434925176,46.29407898602254
2003-12-07,294,2003-12-07,11.1428571428571,43.8571428571429,43.5714285714286,9.0,-1178223.57142857,-2573353.57142857,3577,9.31068312492319,42.70044609672456,46.52908907397377
2003-12-15,295,2003-12-15,10.1428571428571,39.5714285714286,48.7619047619048,9.0,-1178223.57142857,-2573353.57142857,3577,10.411901702375442,41.97857880296701,46.13757574301414
2003-12-23,296,2003-12-23,10.5238095238095,43.9523809523809,44.0952380952381,9.0,-1178223.57142857,-2573353.57142857,3577,10.776860728051963,41.50830648134709,46.27148708754282
2003-12-31,297,2003-12-31,6.66666666666667,44.3809523809524,47.4285714285714,7.23809523809524,-1178223.57142857,-2573353.57142857,3577,11.039548868540118,41.68863486418864,45.86337598538698
2004-01-16,298,2004-01-16,13.7619047619048,37.0952380952381,47.9047619047619,9.0,-1178223.57142857,-2573353.57142857,3577,10.139921451702861,41.3217325380804,47.170113865972795
2004-01-24,299,2004-01-24,11.8571428571429,42.2857142857143,44.4761904761905,9.33333333333333,-1178223.57142857,-2573353.57142857,3577,9.302794637522823,41.645791530141516,47.70363128038615
2004-02-01,300,2004-02-01,11.8095238095238,40.4285714285714,46.3809523809524,9.95238095238095,-1178223.57142857,-2573353.57142857,3577,10.151671069170936,40.51700020976414,47.96680573114021
2004-02-09,301,2004-02-09,6.33333333333333,41.9047619047619,50.5714285714286,9.19047619047619,-1178223.57142857,-2573353.57142857,3577,11.956688791689745,40.5476354520184,46.12536501317456
2004-02-17,302,2004-02-17,12.8235294117647,41.5294117647059,44.0588235294118,9.05882352941176,-1178224.41176471,-2573339.11764706,3577,14.0371602536943,40.32181883556258,44.23240251522236
2004-02-25,303,2004-02-25,15.6190476190476,38.2380952380952,44.7142857142857,9.95238095238095,-1178223.57142857,-2573353.57142857,3577,16.506989944430558,40.15396665496228,41.924033472743304
2004-03-12,304,2004-03-12,25.3809523809524,40.7619047619048,32.4285714285714,10.047619047619,-1178223.57142857,-2573353.57142857,3577,19.979438154266692,42.18692604669028,36.41283393349869
2004-03-20,305,2004-03-20,24.047619047619,41.7142857142857,32.8571428571429,10.047619047619,-1178223.57142857,-2573353.57142857,3577,23.580791514679802,41.70084362307378,33.329919215727394
2004-04-05,306,2004-04-05,23.0,42.2380952380952,33.4761904761905,10.0,-1178223.57142857,-2573353.57142857,3577,25.381498426295217,41.04290549491175,32.202267410239294
2004-04-21,307,2004-04-21,24.5294117647059,41.2352941176471,32.8235294117647,10.0,-1178224.41176471,-2573367.35294118,3577,26.016430118775535,40.17006801854134,32.453269913472674
2004-04-29,308,2004-04-29,27.2857142857143,40.8095238095238,30.6190476190476,10.0,-1178223.57142857,-2573353.57142857,3577,24.799927626549312,39.295238240779625,34.57443588402822
2004-05-07,309,2004-05-07,25.4285714285714,41.6190476190476,31.5238095238095,10.1428571428571,-1178223.57142857,-2573353.57142857,3577,23.717199452034734,38.21660401153547,36.6894350110467
2004-05-15,310,2004-05-15,18.6666666666667,25.7142857142857,54.2380952380952,6.85714285714286,-1178223.57142857,-2573353.57142857,3577,23.211608582029438,38.36036318443321,37.06062194952551
2004-05-23,311,2004-05-23,23.4285714285714,42.8571428571429,32.3333333333333,10.5714285714286,-1178223.57142857,-2573353.57142857,3577,22.636309601886246,38.669231393865935,37.32106023036077
2004-06-08,312,2004-06-08,22.2380952380952,42.4285714285714,33.9047619047619,10.4285714285714,-1178223.57142857,-2573353.57142857,3577,21.10949882994731,38.832654203072714,38.629383182828505
2004-06-16,313,2004-06-16,19.3333333333333,38.8095238095238,40.4761904761905,10.2857142857143,-1178223.57142857,-2573353.57142857,3577,19.39444304860149,38.91343871328718,40.22560393530472
2004-06-24,314,2004-06-24,19.6666666666667,40.9523809523809,37.8571428571429,10.2380952380952,-1178223.57142857,-2573353.57142857,3577,18.085278346976605,38.91111759605076,41.48131113710534
2004-07-02,315,2004-07-02,17.1904761904762,38.9047619047619,42.4285714285714,10.0952380952381,-1178223.57142857,-2573353.57142857,3577,16.75362923969485,38.823963446248655,42.91342094437429
2004-07-10,316,2004-07-10,11.7142857142857,31.4285714285714,55.1428571428571,11.8095238095238,-1178223.57142857,-2573353.57142857,3577,16.07979017885899,38.19868573118775,44.190815376567286
2004-07-26,317,2004-07-26,16.5714285714286,38.2857142857143,43.5714285714286,9.92857142857143,-1178222.14285714,-2573344.28571429,3577,14.69057567818959,35.988644997927544,47.81299505447398
2004-08-03,318,2004-08-03,14.3333333333333,38.5714285714286,45.8095238095238,9.80952380952381,-1178223.57142857,-2573353.57142857,3577,14.339645906207231,36.61030713352149,47.56553559958424
2004-08-11,319,2004-08-11,14.3809523809524,38.2857142857143,45.8571428571429,9.47619047619048,-1178223.57142857,-2573353.57142857,3577,13.672127665933665,36.953366550884255,47.87447640078505
2004-08-19,320,2004-08-19,14.0,36.9047619047619,47.6666666666667,9.14285714285714,-1178223.57142857,-2573353.57142857,3577,13.254166885743848,37.22838358751117,48.02927413143415
2004-08-27,321,2004-08-27,14.4285714285714,36.2857142857143,47.6190476190476,9.09523809523809,-1178223.57142857,-2573353.57142857,3577,13.073543587473516,38.07296521847039,47.36267138433614
2004-09-12,322,2004-09-12,7.90476190476191,37.3809523809524,53.2857142857143,7.0,-1178223.57142857,-2573353.57142857,3577,12.298055917249123,38.80812685765669,47.38988565613245
2004-09-20,323,2004-09-20,13.1904761904762,40.0476190476191,45.1428571428571,9.14285714285714,-1178223.57142857,-2573353.57142857,3577,11.653161080403915,38.59489220788956,48.238312770813295
2004-09-28,324,2004-09-28,12.6190476190476,40.7619047619048,45.1428571428571,9.0,-1178223.57142857,-2573353.57142857,3577,11.97037637285136,39.52343219215696,47.01600669711421
2004-10-06,325,2004-10-06,13.1904761904762,39.4761904761905,46.0476190476191,9.0,-1178223.57142857,-2573353.57142857,3577,12.215438843919985,40.00964051427853,46.33881598277189
2004-10-14,326,2004-10-14,11.4285714285714,40.7142857142857,46.3333333333333,9.0,-1178223.57142857,-2573353.57142857,3577,12.714507370852223,40.31707714369652,45.509765776012834
2004-10-22,327,2004-10-22,12.952380952381,39.5714285714286,46.0,9.0,-1178223.57142857,-2573353.57142857,3577,13.312848142567532,39.88618192951964,45.35210403630779
2004-11-07,328,2004-11-07,14.6190476190476,37.7142857142857,46.2380952380952,9.14285714285714,-1178223.57142857,-2573353.57142857,3577,13.676010264243533,39.32701972949064,45.478541066769566
2004-11-15,329,2004-11-15,12.6666666666667,40.8571428571429,44.8571428571429,9.33333333333333,-1178223.57142857,-2573353.57142857,3577,13.400980856087234,39.101843460970734,45.990167727002955
2004-11-23,330,2004-11-23,13.952380952381,39.4285714285714,45.0952380952381,8.80952380952381,-1178223.57142857,-2573353.57142857,3577,13.13374293405058,39.57647409349604,45.744112956180416
2004-12-01,331,2004-12-01,13.0,39.4285714285714,46.0,9.33333333333333,-1178223.57142857,-2573353.57142857,3577,13.170822985062511,39.744103162053875,45.5590178655126
2004-12-09,332,2004-12-09,13.1904761904762,39.0,46.4285714285714,9.0,-1178223.57142857,-2573353.57142857,3577,12.798548716503472,39.92184904877806,45.78599367607972
2004-12-17,333,2004-12-17,12.047619047619,41.5238095238095,44.8095238095238,9.66666666666667,-1178223.57142857,-2573353.57142857,3577,12.547704617362186,40.67937944407924,45.29157684420166
2004-12-25,334,2004-12-25,12.1904761904762,40.8571428571429,45.6666666666667,9.47619047619048,-1178223.57142857,-2573353.57142857,3577,12.38341998558532,41.05448833931192,45.08274336601838
2005-01-02,335,2005-01-02,12.4761904761905,40.1904761904762,45.6666666666667,9.85714285714286,-1178223.57142857,-2573353.57142857,3577,13.653085820266437,39.391574369896645,45.46049512921899
2005-01-10,336,2005-01-10,16.7619047619048,38.9523809523809,42.9047619047619,9.0,-1178223.57142857,-2573353.57142857,3577,14.95244538742767,38.92210988185638,44.61857079967869
2005-01-18,337,2005-01-18,11.6428571428571,41.2857142857143,45.5,9.0,-1178224.28571429,-2573340.0,3577,14.860157901951343,39.67644739161173,43.959456951710436
2005-01-26,338,2005-01-26,16.1428571428571,38.8095238095238,43.5238095238095,9.0,-1178223.57142857,-2573353.57142857,3577,13.386535549072242,40.436102597087256,44.671897246193964
2005-02-03,339,2005-02-03,13.5714285714286,36.9523809523809,47.9047619047619,9.0,-1178223.57142857,-2573353.57142857,3577,11.706348347213456,41.499315957514085,45.294781585796486
2005-02-11,340,2005-02-11,13.3333333333333,41.6666666666667,43.6190476190476,8.90476190476191,-1178223.57142857,-2573353.57142857,3577,9.891610453528454,42.633229515576076,45.963786986999935
2005-02-27,341,2005-02-27,2.71428571428571,52.5714285714286,43.2857142857143,17.4285714285714,-1178247.85714286,-2573342.14285714,3577,8.562743242308514,43.21716364130579,46.74523051766936
2005-03-07,342,2005-03-07,4.09523809523809,42.2380952380952,52.0476190476191,10.1428571428571,-1178223.57142857,-2573353.57142857,3577,8.847600799611863,42.74638983307075,46.883151420296144
2005-03-23,343,2005-03-23,12.7142857142857,36.9047619047619,48.8571428571429,9.0,-1178223.57142857,-2573353.57142857,3577,9.906221745229557,41.81424148606185,46.76736576116686
2005-03-31,344,2005-03-31,14.0,41.0,43.4761904761905,9.0,-1178223.57142857,-2573353.57142857,3577,10.54733244051971,40.43393757944237,47.48738310192711
2005-04-08,345,2005-04-08,12.5714285714286,38.0,47.9523809523809,9.0,-1178223.57142857,-2573353.57142857,3577,12.198791920152328,38.518452651573824,47.767517312401836
2005-04-16,346,2005-04-16,13.6666666666667,37.9047619047619,46.8571428571429,8.95238095238095,-1178223.57142857,-2573353.57142857,3577,13.422937227888792,37.049339721160806,47.99833809121018
2005-04-24,347,2005-04-24,13.047619047619,37.0,48.3809523809524,9.04761904761905,-1178223.57142857,-2573353.57142857,3577,13.517164981559262,37.03398149837226,47.9182942959961
2005-05-02,348,2005-05-02,8.80952380952381,38.8571428571429,50.9523809523809,8.33333333333333,-1178223.57142857,-2573353.57142857,3577,12.219747229033345,38.23609723609154,47.999346370856216
2005-05-10,349,2005-05-10,12.952380952381,36.6666666666667,48.8095238095238,8.95238095238095,-1178223.57142857,-2573353.57142857,3577,11.645983531430717,37.77092051394894,49.06574849298573
2005-05-18,350,2005-05-18,13.8571428571429,38.1904761904762,46.3809523809524,8.85714285714286,-1178223.57142857,-2573353.57142857,3577,12.158850437486397,37.07476527599813,49.258947450890545
2005-05-26,351,2005-05-26,12.2380952380952,37.0,49.1428571428571,9.0,-1178223.57142857,-2573353.57142857,3577,12.716124948321191,37.502689261197595,48.29331659052299
2005-06-03,352,2005-06-03,11.2857142857143,36.6190476190476,50.7619047619048,8.09523809523809,-1178223.57142857,-2573353.57142857,3577,12.66622232256718,36.748189890599264,49.114740780368116
2005-06-11,353,2005-06-11,14.047619047619,36.5238095238095,48.0952380952381,8.90476190476191,-1178223.57142857,-2573353.57142857,3577,12.55883641641968,36.14167875467645,49.86928035843701
2005-06-19,354,2005-06-19,11.6666666666667,35.3809523809524,51.5238095238095,8.95238095238095,-1178223.57142857,-2573353.57142857,3577,11.770606070913907,35.581638176060096,51.20701486335398
2005-06-27,355,2005-06-27,12.1904761904762,35.2857142857143,50.8571428571429,8.90476190476191,-1178223.57142857,-2573353.57142857,3577,11.223516421657166,35.445229692902416,51.89673896793866
2005-07-05,356,2005-07-05,11.1904761904762,35.6666666666667,51.8571428571429,8.80952380952381,-1178223.57142857,-2573353.57142857,3577,11.87916830331515,34.652056921401595,52.02826791370906
2005-07-21,357,2005-07-21,10.4761904761905,32.3333333333333,55.7142857142857,9.0,-1178223.57142857,-2573353.57142857,3577,12.901109210704828,34.70073682766664,50.93668457444785
2005-07-29,358,2005-07-29,14.4761904761905,36.8095238095238,47.2380952380952,9.0,-1178223.57142857,-2573353.57142857,3577,13.776727916044752,34.67491641484932,50.047448939082315
2005-08-06,359,2005-08-06,15.9047619047619,34.4761904761905,47.9523809523809,9.0,-1178223.57142857,-2573353.57142857,3577,15.203471451147205,34.846512620501215,48.43804492720176
2005-08-14,360,2005-08-14,19.0,34.2857142857143,45.4285714285714,8.95238095238095,-1178223.57142857,-2573353.57142857,3577,16.753185926558036,34.88429011648303,46.841659888092494
2005-08-22,361,2005-08-22,16.8095238095238,34.3333333333333,47.2857142857143,9.42857142857143,-1178223.57142857,-2573353.57142857,3577,17.9877655883821,35.09659071578049,45.37616563002881
2005-08-30,362,2005-08-30,18.0952380952381,37.1428571428571,43.0476190476191,9.09523809523809,-1178223.57142857,-2573353.57142857,3577,19.241648959912332,34.80501232513095,44.40201697166978
2005-09-07,363,2005-09-07,19.0,33.2380952380952,46.2380952380952,9.0,-1178223.57142857,-2573353.57142857,3577,19.652645600011073,34.57175744791327,44.248597635587934
2005-09-15,364,2005-09-15,21.0952380952381,34.3809523809524,43.0952380952381,9.0,-1178223.57142857,-2573353.57142857,3577,19.639820447867045,34.09204108584404,44.750090982282444
2005-09-23,365,2005-09-23,19.6190476190476,33.7619047619048,45.1904761904762,9.0,-1178223.57142857,-2573353.57142857,3577,20.016257220588592,34.254399937138835,44.23380220886485
2005-10-01,366,2005-10-01,21.5238095238095,34.2857142857143,42.6666666666667,9.0,-1178223.57142857,-2573353.57142857,3577,20.23596424215316,33.82576583700407,44.48743049899302
2005-10-09,367,2005-10-09,19.0952380952381,32.4761904761905,46.9523809523809,9.0,-1178223.57142857,-2573353.57142857,3577,20.42583907926891,33.46638418468378,44.69089140433928
2005-10-17,368,2005-10-17,18.3809523809524,35.9523809523809,44.1904761904762,9.0,-1178223.57142857,-2573353.57142857,3577,20.05142541547268,34.259788673398184,44.253650942532374
2005-10-25,369,2005-10-25,20.0952380952381,33.8095238095238,44.7619047619048,8.90476190476191,-1178223.57142857,-2573353.57142857,3577,18.67634217297023,34.64603360164959,45.16337985675655
2005-11-02,370,2005-11-02,19.1428571428571,34.5714285714286,44.7619047619048,9.0,-1178223.57142857,-2573353.57142857,3577,17.221180446455598,35.038081613448526,46.20974221105806
2005-11-10,371,2005-11-10,16.952380952381,35.5714285714286,45.9047619047619,9.0,-1178223.57142857,-2573353.57142857,3577,16.28477047143714,35.248549295338314,46.92934002259569
2005-11-18,372,2005-11-18,16.0,37.7368421052632,44.5263157894737,9.0,-1178227.10526316,-2573359.73684211,3577,16.79229099680499,37.38094081375832,44.27244487883726
2005-11-26,373,2005-11-26,15.3809523809524,38.3809523809524,44.8095238095238,8.0,-1178223.57142857,-2573353.57142857,3577,18.557582101014063,37.78390624701251,42.11378333379258
2005-12-04,374,2005-12-04,17.0588235294118,35.1176470588235,46.2352941176471,9.0,-1178224.41176471,-2573367.35294118,3577,19.81749835182432,38.04261038159005,40.65303424349678
2006-02-14,375,2006-02-14,25.7619047619048,42.9047619047619,30.0952380952381,10.0,-1178223.57142857,-2573353.57142857,3577,22.19207248163393,40.061736395789026,36.25829489740229
2006-02-22,376,2006-02-22,26.1904761904762,39.8571428571429,32.4285714285714,10.0,-1178223.57142857,-2573353.57142857,3577,23.794762209801462,40.791328644383555,34.03024956396953
2006-03-02,377,2006-03-02,25.8095238095238,43.0476190476191,29.7619047619048,9.66666666666667,-1178223.57142857,-2573353.57142857,3577,23.952104011120078,40.668690920715974,34.02840146303105
2006-04-03,378,2006-04-03,19.5238095238095,32.7619047619048,46.4285714285714,8.71428571428571,-1178223.57142857,-2573353.57142857,3577,22.65930927801061,40.134764180743645,35.85097892774034
2006-04-19,379,2006-04-19,19.6190476190476,48.1428571428571,30.8095238095238,12.5238095238095,-1178223.57142857,-2573353.57142857,3577,20.508824765395367,39.81771139511627,38.32681112431136
2006-04-27,380,2006-04-27,21.047619047619,40.2857142857143,37.2857142857143,10.047619047619,-1178223.57142857,-2573353.57142857,3577,18.41668982479542,39.31988290580087,40.9407272142596
2006-05-05,381,2006-05-05,13.0,32.0,54.0,12.0,-1178280.0,-2573310.0,3577,17.164206292749725,38.97051677011309,42.550357612999214
2006-05-13,382,2006-05-13,18.2307692307692,40.0769230769231,40.0,10.0,-1178225.76923077,-2573325.0,3577,17.226546930878715,39.53650941421248,41.91743911402727
2006-05-21,383,2006-05-21,18.2857142857143,42.5238095238095,37.9523809523809,9.95238095238095,-1178223.57142857,-2573353.57142857,3577,17.265285084048877,40.23416910151245,41.1253235928097
2006-06-06,384,2006-06-06,18.3809523809524,42.0952380952381,38.2380952380952,9.71428571428571,-1178223.57142857,-2573353.57142857,3577,17.332466969401757,41.068960847830624,40.17807424772769
2006-06-14,385,2006-06-14,17.4761904761905,40.9047619047619,40.0476190476191,9.80952380952381,-1178223.57142857,-2573353.57142857,3577,16.942954679675186,41.29466948863806,40.29556356955135
2006-06-22,386,2006-06-22,15.1904761904762,42.2380952380952,41.0952380952381,9.71428571428571,-1178223.57142857,-2573353.57142857,3577,16.635504727071684,43.26129078509949,38.61018290274677
2006-06-30,387,2006-06-30,15.0952380952381,41.9523809523809,41.3333333333333,9.76190476190476,-1178223.57142857,-2573353.57142857,3577,16.067572104006977,42.76071979143498,39.663572753350095
2006-07-08,388,2006-07-08,15.6666666666667,43.6190476190476,39.3333333333333,9.57142857142857,-1178223.57142857,-2573353.57142857,3577,14.703007518794827,41.55984005673784,42.29129951575138
2006-07-16,389,2006-07-16,15.1666666666667,39.5,43.8333333333333,9.0,-1178220.0,-2573385.0,3577,14.575980778765008,40.3408186240943,43.60646113431837
2006-07-24,390,2006-07-24,13.952380952381,41.5238095238095,43.1428571428571,9.09523809523809,-1178223.57142857,-2573353.57142857,3577,14.114347468834552,39.85507114144287,44.572251793607336
2006-08-09,391,2006-08-09,12.8571428571429,38.6190476190476,47.0952380952381,9.0,-1178223.57142857,-2573353.57142857,3577,13.728922264523945,39.89631936690164,44.91812109458495
2006-08-17,392,2006-08-17,14.047619047619,38.7142857142857,45.6666666666667,9.0,-1178223.57142857,-2573353.57142857,3577,13.39424919765278,40.19638101835645,44.916668986321724
2006-08-25,393,2006-08-25,13.5714285714286,39.4761904761905,45.5238095238095,9.0,-1178223.57142857,-2573353.57142857,3577,13.229217119308021,40.459188386426945,44.78010379712499
2006-09-02,394,2006-09-02,12.7142857142857,40.7619047619048,44.7619047619048,9.04761904761905,-1178223.57142857,-2573353.57142857,3577,13.186981748899273,41.02812512564222,44.220226110312396
2006-09-10,395,2006-09-10,12.3333333333333,47.6666666666667,38.4761904761905,10.7142857142857,-1178223.57142857,-2573353.57142857,3577,13.16785278704586,41.68622605464088,43.57391524883136
2006-09-18,396,2006-09-18,14.4761904761905,39.4285714285714,44.6666666666667,9.09523809523809,-1178223.57142857,-2573353.57142857,3577,13.408993354424776,41.294940096017534,43.701550255723305
2006-09-26,397,2006-09-26,14.0952380952381,38.7142857142857,45.5238095238095,9.04761904761905,-1178223.57142857,-2573353.57142857,3577,13.616136701273977,40.792641826691465,44.02078416938441
2006-10-12,398,2006-10-12,13.4285714285714,40.0952380952381,44.9047619047619,9.0,-1178223.57142857,-2573353.57142857,3577,13.637408386245347,41.18220092600283,43.64138080700897
2006-10-20,399,2006-10-20,12.8095238095238,42.6666666666667,43.0476190476191,8.0,-1178223.57142857,-2573353.57142857,3577,14.548380541025407,41.216111803566946,42.69175148895874
2006-11-13,400,2006-11-13,14.8095238095238,40.2857142857143,43.3333333333333,10.0,-1178223.57142857,-2573353.57142857,3577,14.339833927680075,41.68080758250414,42.48553871308654
2006-11-21,401,2006-11-21,15.1428571428571,42.0,41.4761904761905,10.4761904761905,-1178223.57142857,-2573353.57142857,3577,13.899587254848331,41.86439618172738,42.82308094381759
2006-11-29,402,2006-11-29,12.8571428571429,45.2380952380952,40.5714285714286,11.6190476190476,-1178223.57142857,-2573353.57142857,3577,13.109263414602008,42.764036531058,42.80654381737335
2006-12-07,403,2006-12-07,12.875,44.25,41.5,11.0,-1178220.0,-2573400.0,3577,11.995685042509876,42.089192283458445,44.625067914534945
2006-12-15,404,2006-12-15,12.0952380952381,35.8095238095238,50.8095238095238,8.57142857142857,-1178223.57142857,-2573353.57142857,3577,11.231905993901218,41.30362181677355,46.12691591173875
2006-12-23,405,2006-12-23,7.08333333333333,42.1666666666667,49.6666666666667,7.83333333333333,-1178220.0,-2573365.0,3577,10.679391921741445,40.854707515510015,47.10162823274485
2006-12-31,406,2006-12-31,13.2380952380952,39.6666666666667,45.6190476190476,10.0,-1178223.57142857,-2573353.57142857,3577,12.045194644787632,39.98156352540205,46.560382705977645
2007-01-08,407,2007-01-08,11.0,43.0476190476191,44.1904761904762,11.0952380952381,-1178223.57142857,-2573353.57142857,3577,12.644328422440712,39.761854047725016,46.13659111482136
2007-01-16,408,2007-01-16,14.0952380952381,39.0952380952381,45.3809523809524,9.0,-1178223.57142857,-2573353.57142857,3577,12.862909498379246,40.62305194652978,45.08594868373835
2007-02-01,409,2007-02-01,17.0,40.9523809523809,40.7619047619048,10.0,-1178223.57142857,-2573353.57142857,3577,13.899224114073602,42.77789596428549,41.973573564170124
2007-02-17,410,2007-02-17,13.8095238095238,43.0952380952381,41.8571428571429,10.0,-1178223.57142857,-2573353.57142857,3577,14.24342837548324,43.74878273853216,40.675800706299114
2007-03-05,411,2007-03-05,13.5238095238095,43.8571428571429,41.2857142857143,9.76190476190476,-1178223.57142857,-2573353.57142857,3577,13.719729369153654,44.01958995292884,40.95269654766403
2007-03-13,412,2007-03-13,6.52941176470588,48.9411764705882,43.3529411764706,12.4705882352941,-1178229.70588235,-2573340.88235294,3577,12.533157533292242,44.213685634458486,41.94081599817635
2007-04-06,413,2007-04-06,18.8095238095238,43.7142857142857,36.1428571428571,10.9047619047619,-1178223.57142857,-2573353.57142857,3577,13.610491857439364,44.7835360171844,40.25395978391188
2007-04-14,414,2007-04-14,16.0,43.3809523809524,39.0476190476191,10.7142857142857,-1178223.57142857,-2573353.57142857,3577,14.271389449496938,44.66361944980838,39.67329495611547
2007-04-30,415,2007-04-30,9.61904761904762,39.7619047619048,48.9523809523809,19.3809523809524,-1178223.57142857,-2573353.57142857,3577,15.084140590785562,43.12963864884548,40.37331623635883
2007-05-08,416,2007-05-08,17.1428571428571,44.8095238095238,36.8571428571429,10.6666666666667,-1178223.57142857,-2573353.57142857,3577,15.601155901098924,40.96900810595337,41.99676902954368
2007-05-16,417,2007-05-16,18.3333333333333,41.5714285714286,38.7619047619048,10.6666666666667,-1178223.57142857,-2573353.57142857,3577,15.654904920245864,42.346751348566194,40.537465266470335
2007-05-24,418,2007-05-24,16.7619047619048,44.7142857142857,37.1904761904762,10.2380952380952,-1178223.57142857,-2573353.57142857,3577,14.697037667605493,42.71404667692502,41.108088560495474
2007-06-01,419,2007-06-01,8.23809523809524,35.2857142857143,54.7619047619048,16.6666666666667,-1178223.57142857,-2573353.57142857,3577,12.84680371531391,42.046336835622114,43.605966000241054
2007-06-17,420,2007-06-17,12.0,42.7142857142857,43.6190476190476,10.5238095238095,-1178223.57142857,-2573353.57142857,3577,12.370173685961323,40.19211851099794,45.94867980316211
2007-06-25,421,2007-06-25,12.7619047619048,43.8095238095238,42.0,10.2857142857143,-1178223.57142857,-2573353.57142857,3577,10.884611776251031,38.32987239797812,49.26117535714324
2007-07-11,422,2007-07-11,10.7142857142857,42.7142857142857,45.0952380952381,10.0,-1178223.57142857,-2573353.57142857,3577,9.271409704844865,36.90544646271649,52.30550357794158
2007-07-19,423,2007-07-19,6.8,21.4,70.4,5.0,-1178211.0,-2573313.0,3577,9.53786502455091,36.46350367897811,52.55428080690453
2007-07-27,424,2007-07-27,10.3809523809524,37.9047619047619,50.2857142857143,7.76190476190476,-1178223.57142857,-2573353.57142857,3577,9.721720487972906,36.5048501549995,52.349170952878296
2007-08-04,425,2007-08-04,9.66666666666667,41.7619047619048,47.2380952380952,9.90476190476191,-1178223.57142857,-2573353.57142857,3577,9.626283932784046,37.349540036840956,51.5836310232518
2007-08-12,426,2007-08-12,9.71428571428571,40.0,48.5714285714286,9.90476190476191,-1178223.57142857,-2573353.57142857,3577,9.020963041085533,38.5251147201554,50.95303355054915
2007-08-20,427,2007-08-20,9.28571428571429,41.3333333333333,48.0,9.80952380952381,-1178223.57142857,-2573353.57142857,3577,9.273042231245181,41.1635279065558,48.04474782183041
2007-08-28,428,2007-08-28,9.38095238095238,40.6190476190476,48.4285714285714,9.66666666666667,-1178223.57142857,-2573353.57142857,3577,9.387611253554127,43.18325864021813,45.9415540084202
2007-09-05,429,2007-09-05,8.04761904761905,44.0,46.4285714285714,9.95238095238095,-1178223.57142857,-2573353.57142857,3577,9.106000294853423,43.464249888392004,45.9594584981513
2007-09-13,430,2007-09-13,9.47619047619048,42.2857142857143,46.8095238095238,9.23809523809524,-1178223.57142857,-2573353.57142857,3577,8.51193440202601,41.54980107611067,48.46335295250978
2007-09-21,431,2007-09-21,8.64285714285714,43.5714285714286,46.4285714285714,9.5,-1178228.57142857,-2573346.42857143,3577,8.676915538779113,41.8881385717965,47.962908274866116
2007-09-29,432,2007-09-29,7.90476190476191,39.4761904761905,51.1428571428571,9.14285714285714,-1178223.57142857,-2573353.57142857,3577,8.473060556223349,42.59833876576725,47.45930222362276
2007-10-07,433,2007-10-07,8.76190476190476,42.4761904761905,47.1904761904762,9.14285714285714,-1178223.57142857,-2573353.57142857,3577,8.439998481267551,42.01751097152738,48.003548413064514
2007-10-23,434,2007-10-23,8.33333333333333,42.2857142857143,47.7142857142857,9.09523809523809,-1178223.57142857,-2573353.57142857,3577,8.080749758437914,42.520692938685286,47.84381561309527
2007-11-08,435,2007-11-08,8.14285714285714,43.4285714285714,46.8571428571429,9.23809523809524,-1178223.57142857,-2573353.57142857,3577,8.16565658167178,41.80490219892536,48.419108990596385
2007-11-24,436,2007-11-24,8.28571428571429,41.6666666666667,48.6190476190476,9.0,-1178223.57142857,-2573353.57142857,3577,8.361194742944049,42.22332097294695,47.85433232275602
2007-12-10,437,2007-12-10,7.46153846153846,44.1538461538462,46.7692307692308,9.23076923076923,-1178225.76923077,-2573325.0,3577,8.307924577091066,41.94741784651923,48.228123360878854
2007-12-26,438,2007-12-26,8.88235294117647,38.8235294117647,50.7647058823529,9.11764705882353,-1178224.41176471,-2573339.11764706,3577,8.119109989841306,43.0536381698639,47.39862661281617
2008-01-19,439,2008-01-19,8.33333333333333,45.4761904761905,44.9047619047619,9.04761904761905,-1178223.57142857,-2573353.57142857,3577,8.474035357633827,42.77751114767693,47.37704858029716
2008-01-27,440,2008-01-27,10.0952380952381,39.9047619047619,48.7142857142857,9.04761904761905,-1178223.57142857,-2573353.57142857,3577,8.685001483159407,43.90565824351924,46.08214578895984
2008-02-04,441,2008-02-04,6.95238095238095,49.5238095238095,42.3333333333333,9.09523809523809,-1178223.57142857,-2573353.57142857,3577,8.632845699611003,44.814833602759606,45.26038512337094
2008-02-12,442,2008-02-12,8.0,43.4285714285714,47.0476190476191,9.95238095238095,-1178223.57142857,-2573353.57142857,3577,8.975531526641792,45.15152515322748,44.60558991880909
2008-02-20,443,2008-02-20,11.5238095238095,47.1904761904762,40.1428571428571,9.04761904761905,-1178223.57142857,-2573353.57142857,3577,9.321358845123612,45.05888763090785,44.30318518972018
2008-02-28,444,2008-02-28,9.90476190476191,40.1904761904762,48.4761904761905,9.42857142857143,-1178223.57142857,-2573353.57142857,3577,9.627418899316929,44.5758903877577,44.414417125392106
2008-03-07,445,2008-03-07,7.90476190476191,47.8571428571429,42.9047619047619,9.0,-1178223.57142857,-2573353.57142857,3577,10.693648547771879,43.09410907188445,44.79035533760781
2008-03-15,446,2008-03-15,11.8095238095238,39.3333333333333,47.3809523809524,9.14285714285714,-1178223.57142857,-2573353.57142857,3577,10.94355489711363,42.142440634694395,45.499684010513135
2008-04-16,447,2008-04-16,12.0,41.3333333333333,45.0952380952381,10.0,-1178223.57142857,-2573353.57142857,3577,10.640480262769698,41.16324233041883,46.77397421978767
2008-05-02,448,2008-05-02,9.52380952380952,42.6190476190476,46.3809523809524,9.0,-1178223.57142857,-2573353.57142857,3577,9.682411499747518,41.69785632323706,47.13447027687809
2008-05-18,449,2008-05-18,10.2857142857143,40.3333333333333,48.1428571428571,9.76190476190476,-1178223.57142857,-2573353.57142857,3577,9.21212533596297,41.793798564690114,47.46748813621169
2008-06-03,450,2008-06-03,8.61904761904762,42.1428571428571,47.6666666666667,9.71428571428571,-1178223.57142857,-2573353.57142857,3577,9.080723198368899,42.37482125716784,47.053294486723985
2008-06-19,451,2008-06-19,4.95238095238095,43.1428571428571,50.3333333333333,12.8095238095238,-1178223.57142857,-2573353.57142857,3577,8.565670655452658,42.01602628536981,47.91514574176398
2008-07-05,452,2008-07-05,9.85714285714286,44.1904761904762,44.2857142857143,10.1904761904762,-1178223.57142857,-2573353.57142857,3577,8.349332813727848,42.95235311643336,47.216988377972044
2008-07-21,453,2008-07-21,10.5238095238095,40.9523809523809,47.0476190476191,10.1904761904762,-1178223.57142857,-2573353.57142857,3577,8.766506970840021,41.972543452413305,47.75768194652932
2008-08-06,454,2008-08-06,9.42857142857143,41.5238095238095,47.8571428571429,9.95238095238095,-1178223.57142857,-2573353.57142857,3577,9.048387113401237,41.58099898037354,47.881438478954564
2008-08-22,455,2008-08-22,8.23809523809524,39.3333333333333,50.8095238095238,9.71428571428571,-1178223.57142857,-2573353.57142857,3577,9.084341870718216,40.823221154484386,48.57969893882482
2008-08-30,456,2008-08-30,8.71428571428571,40.9047619047619,48.8095238095238,10.5238095238095,-1178223.57142857,-2573353.57142857,3577,9.253073036353385,39.64740831922903,49.59199211520453
2008-09-07,457,2008-09-07,9.0,40.0476190476191,49.4285714285714,10.047619047619,-1178223.57142857,-2573353.57142857,3577,8.694801586441157,38.719085867686914,51.03970229975659
2008-09-15,458,2008-09-15,8.04761904761905,36.2857142857143,54.0476190476191,10.0,-1178223.57142857,-2573353.57142857,3577,8.270521016649814,38.28675967994285,51.8798250253281
2008-09-23,459,2008-09-23,9.09523809523809,38.8571428571429,50.5238095238095,9.28571428571429,-1178223.57142857,-2573353.57142857,3577,8.684959003843154,37.6850981835446,52.04202093055805
2008-10-01,460,2008-10-01,8.85714285714286,36.0476190476191,53.3809523809524,9.57142857142857,-1178223.57142857,-2573353.57142857,3577,8.953022725467203,36.985039985808484,52.50662418076496
2008-10-25,461,2008-10-25,8.61904761904762,37.0952380952381,53.0,7.95238095238095,-1178223.57142857,-2573353.57142857,3577,9.00479293668013,36.59958720329691,52.88308801620707
2008-11-02,462,2008-11-02,8.57142857142857,37.0,52.8571428571429,9.76190476190476,-1178223.57142857,-2573353.57142857,3577,8.58519777436057,37.13614491802791,52.75013990137043
2008-11-10,463,2008-11-10,10.1428571428571,37.5238095238095,50.7619047619048,9.23809523809524,-1178223.57142857,-2573353.57142857,3577,8.964296281632393,36.72478166827462,52.78046643757931
2008-11-18,464,2008-11-18,7.28571428571429,36.2380952380952,54.9047619047619,9.52380952380952,-1178223.57142857,-2573353.57142857,3577,8.569901203026848,37.41303974662548,52.49859248078278
2008-11-26,465,2008-11-26,7.80952380952381,39.5714285714286,51.1428571428571,9.85714285714286,-1178223.57142857,-2573353.57142857,3577,7.695315004911371,38.55472391385128,52.21716467226523
2008-12-04,466,2008-12-04,7.33333333333333,39.0952380952381,52.0,9.66666666666667,-1178223.57142857,-2573353.57142857,3577,7.078591686949758,39.997064081423424,51.388730722314364
2008-12-12,467,2008-12-12,6.9,40.45,51.15,9.95,-1178221.5,-2573350.5,3577,6.350071703321525,40.39568104753261,51.70000324751872
2008-12-20,468,2008-12-20,7.09523809523809,38.4761904761905,52.9047619047619,9.42857142857143,-1178223.57142857,-2573353.57142857,3577,5.582830482210454,41.42017966552954,51.48760707815666
2008-12-28,469,2008-12-28,1.85714285714286,49.0952380952381,47.5714285714286,9.90476190476191,-1178223.57142857,-2573353.57142857,3577,5.673116357326039,41.67018018100988,51.1644908239259
2009-01-05,470,2009-01-05,7.80952380952381,38.3809523809524,52.2380952380952,9.19047619047619,-1178223.57142857,-2573353.57142857,3577,6.656807073214743,41.510533584056816,50.36367064307488
2009-01-13,471,2009-01-13,7.80952380952381,38.6666666666667,52.0952380952381,9.09523809523809,-1178223.57142857,-2573353.57142857,3577,6.950971113508775,41.166988584165104,50.407857622246375
2009-01-21,472,2009-01-21,7.52380952380952,41.3809523809524,49.6666666666667,9.09523809523809,-1178223.57142857,-2573353.57142857,3577,7.987361657948705,40.7714734697646,49.7873434099366
2009-02-06,473,2009-02-06,10.3809523809524,42.9523809523809,45.2857142857143,9.0,-1178223.57142857,-2573353.57142857,3577,9.045059171992808,40.59153127573573,48.88680772271375
2009-02-14,474,2009-02-14,12.7142857142857,38.2857142857143,47.5238095238095,9.0,-1178223.57142857,-2573353.57142857,3577,11.915518949572895,41.278174096279386,45.36731019238083
2009-02-22,475,2009-02-22,11.0,42.3809523809524,45.0476190476191,10.0,-1178223.57142857,-2573353.57142857,3577,14.13409449167752,41.07786537507286,43.34852943753227
2009-03-10,476,2009-03-10,13.1904761904762,41.7142857142857,43.6666666666667,10.2857142857143,-1178223.57142857,-2573353.57142857,3577,15.512923093416127,41.78094145276183,41.287755330318845
2009-03-18,477,2009-03-18,20.5238095238095,41.0,37.1904761904762,10.047619047619,-1178223.57142857,-2573353.57142857,3577,17.274520113526812,40.635916199377604,40.69016123195082
2009-03-26,478,2009-03-26,19.5238095238095,42.5238095238095,36.5238095238095,10.0,-1178223.57142857,-2573353.57142857,3577,17.70415188526379,40.121329650735404,40.79674840123146
2009-04-03,479,2009-04-03,20.1666666666667,38.0,40.5833333333333,8.33333333333333,-1178220.0,-2573365.0,3577,17.30780932173862,39.98918419041659,41.31662532513307
2009-04-11,480,2009-04-11,10.0952380952381,36.2380952380952,52.0952380952381,18.3333333333333,-1178223.57142857,-2573353.57142857,3577,16.017480455558562,39.92708014379241,42.67313311043321
2009-04-19,481,2009-04-19,16.3333333333333,43.2380952380952,39.1428571428571,10.1904761904762,-1178223.57142857,-2573353.57142857,3577,15.572265711582268,39.78780455869642,43.22220091569288
2009-05-05,482,2009-05-05,13.7619047619048,40.6190476190476,44.0952380952381,9.95238095238095,-1178223.57142857,-2573353.57142857,3577,13.859141374619174,40.58409495560591,44.11216415163125
2009-05-13,483,2009-05-13,12.3333333333333,41.0476190476191,45.0952380952381,8.90476190476191,-1178223.57142857,-2573353.57142857,3577,12.409151735775257,41.117117144974785,44.995377945061634
2009-05-21,484,2009-05-21,13.047619047619,41.2380952380952,44.2857142857143,9.76190476190476,-1178223.57142857,-2573353.57142857,3577,11.84220990567561,41.48528458125362,45.17250319339429
2009-06-06,485,2009-06-06,11.952380952381,41.8571428571429,44.7619047619048,9.90476190476191,-1178223.57142857,-2573353.57142857,3577,10.823793337723597,41.88124053448506,45.77454434110099
2009-06-22,486,2009-06-22,12.1428571428571,41.6666666666667,44.5714285714286,9.66666666666667,-1178223.57142857,-2573353.57142857,3577,10.095678830971442,41.295168196090835,47.08800616307654
2009-07-08,487,2009-07-08,2.85714285714286,40.4285714285714,55.1904761904762,14.7142857142857,-1178223.57142857,-2573353.57142857,3577,9.020613029899616,40.7066091802873,48.74782699240177
2009-08-01,488,2009-08-01,10.7619047619048,40.6190476190476,47.0,9.85714285714286,-1178223.57142857,-2573353.57142857,3577,9.439433631382698,40.96816393100609,48.092235937430004
2009-08-09,489,2009-08-09,10.3809523809524,41.2380952380952,47.0,10.0,-1178223.57142857,-2573353.57142857,3577,9.470065538175596,40.84890754239987,48.161326805282464
2009-08-17,490,2009-08-17,10.4761904761905,41.1904761904762,46.8571428571429,9.85714285714286,-1178223.57142857,-2573353.57142857,3577,9.884466926261126,41.06721400374036,47.528586996072164
2009-08-25,491,2009-08-25,11.8095238095238,40.1428571428571,46.5238095238095,9.0,-1178223.57142857,-2573353.57142857,3577,10.31191821594145,41.231898132820746,46.97399092135232
2009-09-02,492,2009-09-02,9.80952380952381,41.7142857142857,47.0,9.23809523809524,-1178223.57142857,-2573353.57142857,3577,10.577031327803748,41.22880473499052,46.69631400590454
2009-09-10,493,2009-09-10,8.61904761904762,42.0476190476191,47.7142857142857,9.71428571428571,-1178223.57142857,-2573353.57142857,3577,10.281690961255986,41.17353080355561,47.06471237739883
2009-09-18,494,2009-09-18,9.42857142857143,41.2380952380952,47.9047619047619,9.09523809523809,-1178223.57142857,-2573353.57142857,3577,8.925618756886772,40.787308151079145,48.79763373880289
2009-09-26,495,2009-09-26,9.61904761904762,40.0,48.9523809523809,9.14285714285714,-1178223.57142857,-2573353.57142857,3577,8.90378249201646,40.5009221944146,49.08880489994306
2009-10-04,496,2009-10-04,8.28571428571429,39.9047619047619,50.3333333333333,9.23809523809524,-1178223.57142857,-2573353.57142857,3577,8.818888541797445,40.77006533197874,48.932461759079814
2009-10-12,497,2009-10-12,9.35714285714286,41.0714285714286,48.0,9.07142857142857,-1178215.71428571,-2573372.14285714,3577,8.496524631198286,41.4450704094605,48.56072926041239
2009-10-20,498,2009-10-20,7.90476190476191,42.1904761904762,48.5714285714286,9.23809523809524,-1178223.57142857,-2573353.57142857,3577,8.972051168644255,41.848281233723895,47.68135579589975
2009-10-28,499,2009-10-28,9.09523809523809,42.0,47.1904761904762,9.23809523809524,-1178223.57142857,-2573353.57142857,3577,9.166100153714886,42.3366571508923,47.06117824383376
2009-11-05,500,2009-11-05,9.23809523809524,43.9523809523809,45.5238095238095,9.04761904761905,-1178223.57142857,-2573353.57142857,3577,8.73769522531002,42.95068244448407,46.915089038921046
2009-11-13,501,2009-11-13,9.04761904761905,43.4761904761905,46.0952380952381,9.61904761904762,-1178223.57142857,-2573353.57142857,3577,8.800185882227915,42.17454939280934,47.63975859021586
2009-11-21,502,2009-11-21,8.38095238095238,40.5238095238095,49.7142857142857,9.80952380952381,-1178223.57142857,-2573353.57142857,3577,8.942134748634967,41.085427987898626,48.60479355525068
2009-11-29,503,2009-11-29,10.7619047619048,39.3809523809524,48.6666666666667,9.33333333333333,-1178223.57142857,-2573353.57142857,3577,8.577296800205753,40.92793996508556,49.117414061679156
2009-12-07,504,2009-12-07,6.04761904761905,41.2857142857143,51.2380952380952,9.0,-1178223.57142857,-2573353.57142857,3577,9.0535898569941,40.554838865978326,48.985805731928444
2009-12-15,505,2009-12-15,8.61904761904762,40.3809523809524,49.2857142857143,9.47619047619048,-1178223.57142857,-2573353.57142857,3577,8.94160225739041,41.117358389798085,48.49425084718478
2009-12-31,506,2009-12-31,11.952380952381,39.2857142857143,47.2857142857143,9.23809523809524,-1178223.57142857,-2573353.57142857,3577,9.227953676868715,41.62078478796125,47.64951766499043
2010-01-16,507,2010-01-16,8.66666666666667,46.2857142857143,43.7619047619048,10.0,-1178223.57142857,-2573353.57142857,3577,9.978744681529573,42.07502404715399,46.43928104918125
2010-01-24,508,2010-01-24,9.85714285714286,43.0,45.5238095238095,9.42857142857143,-1178223.57142857,-2573353.57142857,3577,10.440271643889993,42.05372336641061,45.9756230115771
2010-02-01,509,2010-02-01,12.1428571428571,38.7619047619048,47.5714285714286,9.14285714285714,-1178223.57142857,-2573353.57142857,3577,10.66065553086113,41.74273610805497,46.07992761385739
2010-02-17,510,2010-02-17,8.28571428571429,43.0952380952381,47.0952380952381,11.0,-1178223.57142857,-2573353.57142857,3577,10.604819646494658,40.912537410983326,46.986553019887296
2010-03-05,511,2010-03-05,12.952380952381,37.5714285714286,48.0476190476191,9.09523809523809,-1178223.57142857,-2573353.57142857,3577,10.260716629687668,40.73094479253234,47.52231433431763
2010-03-21,512,2010-03-21,10.3809523809524,40.4761904761905,47.5238095238095,8.71428571428571,-1178223.57142857,-2573353.57142857,3577,10.34850575778714,39.92096649208649,48.223146093859995
2010-04-06,513,2010-04-06,8.23076923076923,41.0,49.3846153846154,9.15384615384615,-1178225.76923077,-2573380.38461538,3577,10.726016420165077,39.410842864152926,48.38613485801944
2010-04-22,514,2010-04-22,10.8571428571429,39.9523809523809,47.7619047619048,9.71428571428571,-1178223.57142857,-2573353.57142857,3577,10.59143294629031,39.44917067614865,48.52948339351645
2010-04-30,515,2010-04-30,11.0952380952381,38.0,49.4285714285714,9.61904761904762,-1178223.57142857,-2573353.57142857,3577,10.612067793324915,38.7267853541219,49.22689816502144
2010-05-08,516,2010-05-08,11.8095238095238,39.8571428571429,46.9523809523809,9.52380952380952,-1178223.57142857,-2573353.57142857,3577,10.400546867511132,38.36713490191815,49.77308070652861
2010-05-16,517,2010-05-16,8.61904761904762,35.9523809523809,53.8571428571429,9.33333333333333,-1178223.57142857,-2573353.57142857,3577,9.661558543985244,39.293701952812896,49.59038391655693
2010-05-24,518,2010-05-24,9.52631578947368,40.0526315789474,49.0526315789474,9.73684210526316,-1178220.78947368,-2573347.10526316,3577,8.971722920330896,39.02936024379144,50.527044269694755
2010-06-01,519,2010-06-01,7.04761904761905,39.6190476190476,51.8571428571429,9.66666666666667,-1178223.57142857,-2573353.57142857,3577,7.258097830689215,40.03115747974202,51.21066837132555
2010-06-25,520,2010-06-25,6.14285714285714,42.8095238095238,49.4761904761905,9.71428571428571,-1178223.57142857,-2573353.57142857,3577,5.751720659981163,41.73711579821434,51.077334918617844
2010-07-27,521,2010-07-27,5.80952380952381,42.7619047619048,49.9523809523809,9.52380952380952,-1178223.57142857,-2573353.57142857,3577,6.0472052525163935,41.35294350969146,51.14511624923117
2010-08-12,522,2010-08-12,5.90476190476191,40.4285714285714,52.3809523809524,9.19047619047619,-1178223.57142857,-2573353.57142857,3577,6.650798443855949,41.44168383894016,50.45369659398563
2010-08-28,523,2010-08-28,5.71428571428571,39.6666666666667,53.0476190476191,9.85714285714286,-1178223.57142857,-2573353.57142857,3577,9.316610552555062,39.26776612664898,49.99430687176397
2010-10-07,524,2010-10-07,9.66666666666667,44.3333333333333,44.6666666666667,10.0,-1178223.57142857,-2573353.57142857,3577,6.574315749970626,43.36848594889335,48.53528921786304
2010-10-15,525,2010-10-15,11.9047619047619,38.8571428571429,47.7142857142857,10.0,-1178223.57142857,-2573353.57142857,3577,7.044760084843766,43.40117549062639,48.025734626020764
2010-10-31,526,2010-10-31,10.3809523809524,38.1428571428571,49.7142857142857,9.76190476190476,-1178223.57142857,-2573353.57142857,3577,9.029912296164824,42.98455620745999,46.458171343613316
2010-11-24,527,2010-11-24,5.66666666666667,50.1428571428571,42.9523809523809,10.0,-1178223.57142857,-2573353.57142857,3577,11.21812322788579,40.997585569144086,46.32445255783452
2010-12-02,528,2010-12-02,8.61904761904762,42.1904761904762,47.6190476190476,10.0,-1178223.57142857,-2573353.57142857,3577,13.321628914863414,38.912367619673056,46.40713331281817
2010-12-10,529,2010-12-10,7.14285714285714,48.0,43.4285714285714,9.38095238095238,-1178223.57142857,-2573353.57142857,3577,15.109074064775541,36.79720263858793,46.85845542882229
2010-12-18,530,2010-12-18,41.8095238095238,5.38095238095238,52.1428571428571,3.0,-1178223.57142857,-2573353.57142857,3577,17.570605007239067,35.73633170036541,45.52329296288485
2010-12-26,531,2010-12-26,11.9047619047619,48.3333333333333,38.5238095238095,10.0952380952381,-1178223.57142857,-2573353.57142857,3577,18.131973507953155,36.492273305794875,44.256950122983014
2011-01-03,532,2011-01-03,12.8461538461538,36.3846153846154,49.6153846153846,8.30769230769231,-1178205.0,-2573371.15384615,3577,18.833893209470876,37.56431288009674,42.437414108073376
2011-01-11,533,2011-01-11,17.7142857142857,47.0,33.9047619047619,10.1428571428571,-1178223.57142857,-2573353.57142857,3577,18.79113008393946,40.192549475930264,39.78100514432973
2011-01-19,534,2011-01-19,18.1904761904762,43.0952380952381,37.4285714285714,10.1428571428571,-1178223.57142857,-2573353.57142857,3577,17.81114073418435,44.195737892423764,36.69478375279802
2011-01-27,535,2011-01-27,17.9047619047619,45.7142857142857,34.9523809523809,8.09523809523809,-1178223.57142857,-2573353.57142857,3577,17.027764689393763,46.5231456690278,35.01600634024495
2011-02-04,536,2011-02-04,14.3809523809524,45.1904761904762,39.0,10.0,-1178223.57142857,-2573353.57142857,3577,16.867585974103037,46.944921904457075,34.70716178401487
2011-03-24,537,2011-03-24,26.1875,44.0,28.375,10.9375,-1178221.875,-2573364.375,3577,19.392272732996087,43.17139567211067,35.994833298627476
2011-04-25,538,2011-04-25,14.047619047619,45.5238095238095,38.9523809523809,9.85714285714286,-1178223.57142857,-2573353.57142857,3577,15.890331982560063,46.16694105383999,36.444913150038815
2011-05-11,539,2011-05-11,11.9047619047619,46.0,40.4761904761905,9.90476190476191,-1178223.57142857,-2573353.57142857,3577,13.594622232618725,46.00393432827637,38.888142544028184
2011-05-27,540,2011-05-27,10.8235294117647,47.7647058823529,40.0,10.6470588235294,-1178224.41176471,-2573346.17647059,3577,11.61959295560695,47.83648397980226,39.0492379971697
2011-06-12,541,2011-06-12,10.3333333333333,47.3333333333333,40.9047619047619,10.5238095238095,-1178223.57142857,-2573353.57142857,3577,9.94128680234203,48.7322604548902,39.884565966717176
2011-06-20,542,2011-06-20,8.57142857142857,52.6666666666667,37.2380952380952,10.4285714285714,-1178223.57142857,-2573353.57142857,3577,8.667705181510561,49.545429135296075,40.37809310976163
2011-06-28,543,2011-06-28,8.64705882352941,48.5294117647059,41.4117647058824,10.0588235294118,-1178224.41176471,-2573367.35294118,3577,8.550545232705677,49.597351473869296,40.430674497596144
2011-07-30,544,2011-07-30,10.3809523809524,47.7142857142857,40.6190476190476,10.7619047619048,-1178223.57142857,-2573353.57142857,3577,10.335075956489009,47.71902449519658,40.51027955077158
2011-08-15,545,2011-08-15,9.57142857142857,48.5714285714286,40.5238095238095,10.7142857142857,-1178223.57142857,-2573353.57142857,3577,9.938985618277535,47.056796235991555,41.57635031755698
2011-08-31,546,2011-08-31,10.7619047619048,45.0,42.6190476190476,10.5714285714286,-1178223.57142857,-2573353.57142857,3577,9.79198844013851,46.34246006527231,42.4271735063877
2011-09-16,547,2011-09-16,9.76190476190476,44.5714285714286,44.1428571428571,10.0952380952381,-1178223.57142857,-2573353.57142857,3577,9.328788554975478,46.46600349203917,42.79092400344719
2011-10-02,548,2011-10-02,10.4761904761905,45.3333333333333,42.7619047619048,10.0,-1178223.57142857,-2573353.57142857,3577,9.427086299239336,45.53811750077688,43.633397622828355
2011-10-18,549,2011-10-18,7.47619047619048,46.5714285714286,44.8095238095238,8.0,-1178223.57142857,-2573353.57142857,3577,9.595675010352158,46.585238351758434,42.450972144464245
2011-11-03,550,2011-11-03,8.42857142857143,53.0952380952381,37.1428571428571,12.0,-1178223.57142857,-2573353.57142857,3577,9.965450139005394,47.51189155650292,41.17185982838254
2011-11-11,551,2011-11-11,12.1904761904762,42.1428571428571,44.1904761904762,10.0952380952381,-1178223.57142857,-2573353.57142857,3577,11.518231783391249,46.34162905023622,40.79627426539947
2011-11-19,552,2011-11-19,12.952380952381,45.3809523809524,40.3333333333333,10.2380952380952,-1178223.57142857,-2573353.57142857,3577,12.25479789438814,45.86566144350927,40.51608677851014
2011-12-21,553,2011-12-21,14.8823529411765,43.1764705882353,40.5294117647059,10.0,-1178224.41176471,-2573339.11764706,3577,12.769275100542563,44.38614466331887,41.39567522866849
2012-01-06,554,2012-01-06,11.6190476190476,49.2857142857143,37.6190476190476,10.6666666666667,-1178223.57142857,-2573353.57142857,3577,12.825756711567958,42.861624443661384,42.83431423186747
2012-02-07,555,2012-02-07,13.0,36.0952380952381,49.2857142857143,11.1428571428571,-1178223.57142857,-2573353.57142857,3577,12.748549332047713,41.54294688495487,44.2152569703041
2012-02-23,556,2012-02-23,12.8571428571429,36.9523809523809,48.8095238095238,10.2380952380952,-1178223.57142857,-2573353.57142857,3577,12.35372531311156,39.97005216600321,46.187567910744406
2012-03-26,557,2012-03-26,8.19047619047619,47.2380952380952,43.0952380952381,10.1428571428571,-1178223.57142857,-2573353.57142857,3577,12.259117195556811,39.68419730575392,46.576569427045065
2012-04-11,558,2012-04-11,14.7647058823529,34.7058823529412,49.0,9.35294117647059,-1178224.41176471,-2573339.11764706,3577,12.494842376100753,38.13253455704168,47.8871929381783
2012-04-27,559,2012-04-27,14.1904761904762,37.9047619047619,46.5238095238095,9.28571428571429,-1178223.57142857,-2573353.57142857,3577,13.10352641348621,37.946598657210345,47.49252204724085
2012-05-13,560,2012-05-13,13.8235294117647,36.8235294117647,47.7647058823529,9.0,-1178224.41176471,-2573339.11764706,3577,13.573822037852052,37.69416281526444,47.27116961226616
2012-05-29,561,2012-05-29,12.8095238095238,37.6190476190476,48.1428571428571,9.14285714285714,-1178223.57142857,-2573353.57142857,3577,13.1763621554168,38.34302961652598,46.98200972219573
2012-06-14,562,2012-06-14,11.8095238095238,41.1904761904762,45.5714285714286,9.95238095238095,-1178223.57142857,-2573353.57142857,3577,12.546597031934777,37.551573297697736,48.38169794752571
2012-06-30,563,2012-06-30,12.3333333333333,35.8095238095238,50.1904761904762,9.47619047619048,-1178223.57142857,-2573353.57142857,3577,12.031769723627317,37.78184220926326,48.64670508268396
2012-07-16,564,2012-07-16,12.047619047619,38.7619047619048,47.6666666666667,9.19047619047619,-1178223.57142857,-2573353.57142857,3577,10.986371971983134,39.191772290109185,48.23767181642986
2012-08-01,565,2012-08-01,9.0,38.3809523809524,50.9523809523809,9.19047619047619,-1178223.57142857,-2573353.57142857,3577,10.584851559535824,38.69447137576226,49.10650546563127
2012-08-17,566,2012-08-17,10.6666666666667,39.9333333333333,47.8,9.26666666666667,-1178229.0,-2573373.0,3577,11.237159246991856,39.252574269650914,47.884732204593945
2012-09-02,567,2012-09-02,11.5714285714286,38.0952380952381,48.7619047619048,9.28571428571429,-1178223.57142857,-2573353.57142857,3577,10.679736247481895,38.79173333798505,48.87159644215919
2012-09-18,568,2012-09-18,11.6666666666667,38.5238095238095,48.0476190476191,9.76190476190476,-1178223.57142857,-2573353.57142857,3577,10.263641294053189,38.01278367112801,50.10765698818129
2012-10-04,569,2012-10-04,8.23809523809524,38.8571428571429,51.3809523809524,10.1904761904762,-1178223.57142857,-2573353.57142857,3577,9.97249411791243,37.56519001546668,50.86837602389566
2012-10-20,570,2012-10-20,10.952380952381,35.3333333333333,52.1428571428571,9.47619047619048,-1178223.57142857,-2573353.57142857,3577,9.931949401898759,35.33252254331675,53.159008962861876
2012-11-05,571,2012-11-05,11.2380952380952,34.6666666666667,52.5238095238095,10.1428571428571,-1178223.57142857,-2573353.57142857,3577,9.310430812432699,34.649727805122374,54.491459296477544
2012-12-07,572,2012-12-07,4.29411764705882,32.5882352941176,61.6470588235294,7.11764705882353,-1178212.05882353,-2573349.70588235,3577,9.226360765854638,35.11407289014141,54.16301010889432
2012-12-23,573,2012-12-23,15.5714285714286,36.8571428571429,46.1428571428571,9.80952380952381,-1178223.57142857,-2573353.57142857,3577,11.122983747520806,36.32370717429458,51.0995551493515
2013-01-08,574,2013-01-08,12.2142857142857,37.6428571428571,48.5714285714286,10.0714285714286,-1178224.28571429,-2573363.57142857,3577,14.109220625340592,37.91862882042899,46.540046600761016
2013-02-09,575,2013-02-09,15.0,38.0476190476191,45.5714285714286,9.95238095238095,-1178223.57142857,-2573353.57142857,3577,17.38891802602975,39.756300881998264,41.375499303796865
2013-03-13,576,2013-03-13,19.2857142857143,46.1904761904762,33.0476190476191,11.6666666666667,-1178223.57142857,-2573353.57142857,3577,19.926032601460236,40.43929438783575,38.10056520684829
2013-03-29,577,2013-03-29,26.1904761904762,39.7619047619048,32.6190476190476,9.85714285714286,-1178223.57142857,-2573353.57142857,3577,21.815811963308445,40.450951440665435,36.187541195136745
2013-04-03,578,2013-04-03,23.4285714285714,37.8571428571429,36.9523809523809,9.42857142857143,-1178223.57142857,-2573353.57142857,3577,22.01437573152203,40.04294347927352,36.37687218926789
2013-04-14,579,2013-04-14,18.8421052631579,39.1052631578947,40.4736842105263,9.52631578947368,-1178227.10526316,-2573359.73684211,3577,20.145618641532394,39.11735101507735,39.22159741104029
2013-04-22,580,2013-04-22,17.1904761904762,37.2380952380952,44.0,9.42857142857143,-1178223.57142857,-2573353.57142857,3577,18.75209794374847,38.72682085364462,41.0297866881114
2013-04-30,581,2013-04-30,15.1764705882353,38.3529411764706,45.1764705882353,9.17647058823529,-1178224.41176471,-2573367.35294118,3577,15.909322107629881,38.79710774293194,43.83540653322129
2013-05-16,582,2013-05-16,14.2380952380952,42.3809523809524,42.1428571428571,10.7619047619048,-1178223.57142857,-2573353.57142857,3577,13.789104877937177,39.10156782738124,45.68860595260051
2013-06-09,583,2013-06-09,13.4761904761905,38.4285714285714,46.4761904761905,9.90476190476191,-1178223.57142857,-2573353.57142857,3577,13.043929468785421,39.84540897538602,45.68937646651693
2013-07-03,584,2013-07-03,13.0,38.9523809523809,46.6666666666667,9.38095238095238,-1178223.57142857,-2573353.57142857,3577,13.508351361659548,38.99700182240405,46.032739362985815
2013-07-11,585,2013-07-11,13.9047619047619,39.2380952380952,45.1428571428571,8.95238095238095,-1178223.57142857,-2573353.57142857,3577,13.527616539605432,38.363903334596046,46.54652267827199
2013-07-19,586,2013-07-19,13.2857142857143,37.6190476190476,47.6190476190476,9.47619047619048,-1178223.57142857,-2573353.57142857,3577,13.503318616477856,37.465529543728465,47.40641600791952
2013-07-27,587,2013-07-27,13.9047619047619,34.6666666666667,49.7142857142857,9.28571428571429,-1178223.57142857,-2573353.57142857,3577,13.379672109591805,36.485683926946,48.492887068002744
2013-08-04,588,2013-08-04,13.1904761904762,36.3809523809524,48.8095238095238,9.09523809523809,-1178223.57142857,-2573353.57142857,3577,12.702961762329743,36.27635340437568,49.38974247387277
2013-08-12,589,2013-08-12,11.3809523809524,37.1904761904762,49.7619047619048,9.19047619047619,-1178223.57142857,-2573353.57142857,3577,11.953332529182129,36.814427059003606,49.61574442069056
2013-08-20,590,2013-08-20,11.2380952380952,37.2857142857143,49.9047619047619,9.09523809523809,-1178223.57142857,-2573353.57142857,3577,11.401084983126621,36.432764346071586,50.555743534064156
2013-08-28,591,2013-08-28,11.1904761904762,35.2380952380952,52.0,9.09523809523809,-1178223.57142857,-2573353.57142857,3577,10.705024593567892,36.34392026961142,51.31862873967371
2013-09-05,592,2013-09-05,9.33333333333333,37.9523809523809,51.0952380952381,9.09523809523809,-1178223.57142857,-2573353.57142857,3577,10.511907081564964,36.48319894758974,51.3749893037742
2013-09-13,593,2013-09-13,10.4761904761905,36.1428571428571,51.6190476190476,9.14285714285714,-1178223.57142857,-2573353.57142857,3577,10.424547588632734,36.0389620699164,51.896334831311606
2013-09-21,594,2013-09-21,11.7619047619048,34.6190476190476,52.0476190476191,9.04761904761905,-1178223.57142857,-2573353.57142857,3577,10.484223722612267,35.68701989444488,52.14269940584951
2013-09-29,595,2013-09-29,10.4761904761905,34.3809523809524,53.4285714285714,9.09523809523809,-1178223.57142857,-2573353.57142857,3577,10.497081865501364,36.0646061884398,51.74798266747958
2013-10-07,596,2013-10-07,9.52380952380952,37.7142857142857,51.0,9.04761904761905,-1178223.57142857,-2573353.57142857,3577,10.815612663908269,35.65618282645614,51.88012503491605
2013-10-23,597,2013-10-23,11.4285714285714,36.6190476190476,50.5714285714286,9.04761904761905,-1178223.57142857,-2573353.57142857,3577,10.673878237344123,36.0445148246952,51.6911159016345
2013-10-31,598,2013-10-31,9.47619047619048,35.6666666666667,53.0,9.14285714285714,-1178223.57142857,-2573353.57142857,3577,9.966125721542163,36.30331278627949,52.184741986591774
2013-11-08,599,2013-11-08,10.1428571428571,38.0,50.5238095238095,9.04761904761905,-1178223.57142857,-2573353.57142857,3577,9.30444914764569,37.23629384637751,51.94261065831954
2013-11-24,600,2013-11-24,10.3333333333333,35.9523809523809,52.2857142857143,9.09523809523809,-1178223.57142857,-2573353.57142857,3577,8.967856825986953,38.495875762670224,50.99510148079774
2013-12-02,601,2013-12-02,9.19047619047619,37.0,52.2857142857143,9.14285714285714,-1178223.57142857,-2573353.57142857,3577,10.001919952200733,37.73185589375155,50.736442031826925
2013-12-10,602,2013-12-10,7.42857142857143,43.0,47.8571428571429,10.1428571428571,-1178223.57142857,-2573353.57142857,3577,11.014881312457534,37.83336744600067,49.58855944030945
2013-12-18,603,2013-12-18,12.952380952381,37.0476190476191,48.4285714285714,9.80952380952381,-1178223.57142857,-2573353.57142857,3577,11.895128728490663,39.00006731566886,47.54180075978674
2013-12-26,604,2013-12-26,15.8571428571429,39.8571428571429,42.7142857142857,9.90476190476191,-1178223.57142857,-2573353.57142857,3577,13.41282562517112,39.56639026607477,45.47015232081026
2014-01-03,605,2014-01-03,16.0,37.7142857142857,44.7142857142857,10.0,-1178223.57142857,-2573353.57142857,3577,15.161809379836637,40.24459050934503,43.013251630291265
2014-01-11,606,2014-01-11,18.3529411764706,37.0588235294118,43.1764705882353,9.35294117647059,-1178224.41176471,-2573339.11764706,3577,17.53688338007872,41.00228315361559,39.88742927077787
2014-01-27,607,2014-01-27,14.6470588235294,49.5882352941176,34.1176470588235,12.8235294117647,-1178224.41176471,-2573367.35294118,3577,19.74806902561113,41.13409791810196,37.538667366744065
2014-02-04,608,2014-02-04,21.047619047619,39.8095238095238,37.5714285714286,10.1904761904762,-1178223.57142857,-2573353.57142857,3577,21.293213615738185,40.84174964232629,36.247134217079626
2014-02-20,609,2014-02-20,25.1428571428571,38.3809523809524,34.7142857142857,10.1428571428571,-1178223.57142857,-2573353.57142857,3577,22.130936082671965,40.899633663240714,35.35017747382909
2014-02-28,610,2014-02-28,24.0666666666667,40.9333333333333,33.4,10.1333333333333,-1178229.0,-2573373.0,3577,22.759237751257658,39.62267324127958,35.996745159770214
2014-03-08,611,2014-03-08,22.5238095238095,37.9523809523809,37.8571428571429,9.66666666666667,-1178223.57142857,-2573353.57142857,3577,22.474293083832617,39.46111382697934,36.4623349090605
2014-03-16,612,2014-03-16,19.952380952381,37.8095238095238,40.8571428571429,8.19047619047619,-1178223.57142857,-2573353.57142857,3577,21.158195474163918,38.969500420050025,38.31951591175205
2014-03-24,613,2014-03-24,18.6666666666667,38.5238095238095,41.1904761904762,9.28571428571429,-1178223.57142857,-2573353.57142857,3577,19.336862190802144,38.22704667395408,40.87713779572577
2014-04-01,614,2014-04-01,17.0,40.8235294117647,40.7058823529412,9.11764705882353,-1178224.41176471,-2573367.35294118,3577,16.83528650369596,38.356954843244836,43.25317238761322
2014-04-09,615,2014-04-09,15.8095238095238,37.9523809523809,44.4761904761905,9.42857142857143,-1178223.57142857,-2573353.57142857,3577,16.260539460537046,37.26835985600678,44.8788903926699
2014-04-17,616,2014-04-17,15.4761904761905,37.8095238095238,45.2380952380952,9.04761904761905,-1178223.57142857,-2573353.57142857,3577,15.496260962976912,36.78308279166406,46.07936833092765
2014-04-25,617,2014-04-25,14.3809523809524,32.2380952380952,51.6666666666667,7.61904761904762,-1178223.57142857,-2573353.57142857,3577,14.193933775200994,36.616487910190315,47.55504774166421
2014-05-11,618,2014-05-11,13.5238095238095,34.9047619047619,49.8571428571429,8.95238095238095,-1178223.57142857,-2573353.57142857,3577,12.662008042947667,36.477775654195256,49.260710621247796
2014-05-19,619,2014-05-19,12.047619047619,39.9047619047619,46.7142857142857,9.66666666666667,-1178223.57142857,-2573353.57142857,3577,10.832191847487966,37.181219405854165,50.47482942601476
2014-05-27,620,2014-05-27,10.047619047619,40.0476190476191,48.1904761904762,10.0,-1178223.57142857,-2573353.57142857,3577,9.861017162281374,37.353359276546186,51.2965490922526
2014-06-04,621,2014-06-04,4.25,37.05,57.45,7.1,-1178226.0,-2573350.5,3577,8.608267785372078,38.59288847001515,51.351902497996576
2014-06-12,622,2014-06-12,8.66666666666667,38.5238095238095,51.3809523809524,9.38095238095238,-1178223.57142857,-2573353.57142857,3577,7.575422732940108,39.14345932050156,51.7909732589538
2014-06-20,623,2014-06-20,8.33333333333333,39.9047619047619,50.2380952380952,9.23809523809524,-1178223.57142857,-2573353.57142857,3577,6.746187225343495,39.92866327663822,51.8460764538671
2014-06-28,624,2014-06-28,7.85714285714286,38.3809523809524,52.1428571428571,9.19047619047619,-1178223.57142857,-2573353.57142857,3577,6.509278879254141,39.461295133242864,52.47778084729873
2014-07-06,625,2014-07-06,7.29411764705882,38.5294117647059,52.5294117647059,9.0,-1178224.41176471,-2573339.11764706,3577,6.3915721689758715,39.49657554485678,52.54756290956226
2014-07-22,626,2014-07-22,3.0,44.5,51.0,7.58333333333333,-1178235.0,-2573325.0,3577,7.242929075671048,39.939380140951386,51.22311516102169
2014-07-30,627,2014-07-30,7.66666666666667,37.3333333333333,53.3809523809524,9.38095238095238,-1178223.57142857,-2573353.57142857,3577,7.413649587542601,39.63716187162862,51.343605409079046
2014-08-07,628,2014-08-07,7.68421052631579,39.4210526315789,51.4736842105263,9.26315789473684,-1178220.78947368,-2573347.10526316,3577,6.940076600608588,38.81865059492702,52.71016747519856
2014-08-15,629,2014-08-15,9.09523809523809,35.8095238095238,53.4285714285714,9.23809523809524,-1178223.57142857,-2573353.57142857,3577,7.075626549578084,38.171104257014235,53.25201500885319
2014-08-23,630,2014-08-23,7.46666666666667,39.3333333333333,51.8,9.13333333333333,-1178217.0,-2573357.0,3577,7.32717871513878,37.62604173519558,53.59383023912315
2014-08-31,631,2014-08-31,8.14285714285714,37.5714285714286,52.6666666666667,9.19047619047619,-1178223.57142857,-2573353.57142857,3577,7.261420323645465,37.03358536844837,54.213059877967574
2014-09-08,632,2014-09-08,2.6,36.7333333333333,59.4666666666667,15.4666666666667,-1178239.0,-2573345.0,3577,7.273950765914519,37.413022831048664,53.79802888468516
2014-09-16,633,2014-09-16,8.04761904761905,38.4761904761905,51.8095238095238,9.23809523809524,-1178223.57142857,-2573353.57142857,3577,6.890852833005955,38.78795624558448,52.792866901706994
2014-09-24,634,2014-09-24,8.57894736842105,38.5263157894737,51.3157894736842,9.10526315789474,-1178227.10526316,-2573359.73684211,3577,7.049537774157873,39.21860991650205,52.16776276788535
2014-10-10,635,2014-10-10,9.04761904761905,39.7619047619048,49.5714285714286,9.04761904761905,-1178223.57142857,-2573353.57142857,3577,7.72515874343763,39.40479689690066,51.29825894889994
2014-10-18,636,2014-10-18,7.04761904761905,40.3333333333333,50.8571428571429,10.2857142857143,-1178223.57142857,-2573353.57142857,3577,8.386446191486236,39.23929595679177,50.753218516600725
2014-10-26,637,2014-10-26,9.23809523809524,40.6190476190476,48.8095238095238,9.47619047619048,-1178223.57142857,-2573353.57142857,3577,8.942194427907733,39.326814949792,50.136366826491084
2014-11-03,638,2014-11-03,7.66666666666667,37.6666666666667,53.0,9.85714285714286,-1178223.57142857,-2573353.57142857,3577,9.907932927259356,39.04019724858691,49.45776009043469
2014-12-05,639,2014-12-05,10.1428571428571,36.5714285714286,51.6666666666667,9.90476190476191,-1178223.57142857,-2573353.57142857,3577,9.396137356414709,38.30621283722327,50.735310786230144
2014-12-13,640,2014-12-13,11.7692307692308,37.1538461538462,49.4615384615385,9.61538461538461,-1178216.53846154,-2573361.92307692,3577,9.239427673514609,37.34222585843342,51.76721079148202
2014-12-21,641,2014-12-21,8.47619047619048,39.9523809523809,49.9047619047619,9.85714285714286,-1178223.57142857,-2573353.57142857,3577,8.965486914032223,37.53804032210613,51.8158697362691
2014-12-29,642,2014-12-29,11.0,36.4285714285714,50.9523809523809,9.90476190476191,-1178223.57142857,-2573353.57142857,3577,10.51480289179585,36.06181720160701,51.695864824220976
2015-01-06,643,2015-01-06,8.66666666666667,36.7619047619048,52.7142857142857,9.76190476190476,-1178223.57142857,-2573353.57142857,3577,10.578709517836304,36.16840078235108,51.50688281313849
2015-01-22,644,2015-01-22,7.57142857142857,35.7619047619048,54.9523809523809,9.95238095238095,-1178223.57142857,-2573353.57142857,3577,11.311303909402024,38.1126233246606,48.957639591154006
2015-02-07,645,2015-02-07,15.6666666666667,39.4285714285714,43.3333333333333,10.2380952380952,-1178223.57142857,-2573353.57142857,3577,11.854359041807916,40.03796233013119,46.557031646519654
2015-02-15,646,2015-02-15,17.2380952380952,41.7142857142857,39.7619047619048,10.047619047619,-1178223.57142857,-2573353.57142857,3577,13.312253169673369,42.38451245131401,42.90061250464714
2015-02-23,647,2015-02-23,15.0952380952381,39.5238095238095,43.9523809523809,9.57142857142857,-1178223.57142857,-2573353.57142857,3577,15.104295519805731,43.63746714422289,39.93870542036802
2015-03-03,648,2015-03-03,8.2,55.6666666666667,35.0,9.26666666666667,-1178221.0,-2573333.0,3577,16.632142307746804,44.476857236505126,37.60676404687575
2015-03-19,649,2015-03-19,22.4761904761905,42.6190476190476,33.6666666666667,10.3333333333333,-1178223.57142857,-2573353.57142857,3577,18.209144122942927,43.311056875332596,37.121566120582905
2015-04-28,650,2015-04-28,19.1428571428571,37.1428571428571,42.0952380952381,10.0952380952381,-1178223.57142857,-2573353.57142857,3577,19.284353960088396,41.739523851298586,37.549438123654454
2015-05-06,651,2015-05-06,22.3684210526316,38.9473684210526,37.2631578947368,9.94736842105263,-1178220.78947368,-2573347.10526316,3577,20.01236295614355,39.75175234845488,38.7073634637533
2015-05-14,652,2015-05-14,21.047619047619,36.2380952380952,40.8571428571429,10.047619047619,-1178223.57142857,-2573353.57142857,3577,21.45003760564787,38.653593270012436,38.29079583714826
2015-06-07,653,2015-06-07,21.047619047619,41.1904761904762,36.2380952380952,10.5238095238095,-1178223.57142857,-2573353.57142857,3577,22.26353926340556,38.069149144261566,38.04230585556397
2015-06-15,654,2015-06-15,21.047619047619,38.0,39.3333333333333,9.66666666666667,-1178223.57142857,-2573353.57142857,3577,22.03655564466704,38.07503820930006,38.23661819685361
2015-06-23,655,2015-06-23,21.8571428571429,41.5238095238095,35.2380952380952,10.5238095238095,-1178223.57142857,-2573353.57142857,3577,20.840302546833556,39.89956005647116,37.62575727460285
2015-07-01,656,2015-07-01,20.8095238095238,39.0476190476191,38.2380952380952,10.4285714285714,-1178223.57142857,-2573353.57142857,3577,21.461766195346165,40.03773538936703,36.934700191986465
2015-07-09,657,2015-07-09,22.8095238095238,39.5238095238095,36.2380952380952,10.2857142857143,-1178223.57142857,-2573353.57142857,3577,21.225272799002717,39.7280068256056,37.48959578794438
2015-07-17,658,2015-07-17,21.1428571428571,38.0476190476191,39.2380952380952,10.3333333333333,-1178223.57142857,-2573353.57142857,3577,21.40656920614235,39.47625925212107,37.61397472224671
2015-08-02,659,2015-08-02,19.9047619047619,39.5714285714286,38.9523809523809,10.6666666666667,-1178223.57142857,-2573353.57142857,3577,21.17464269476336,39.04624374592832,38.23568691369975
2015-08-10,660,2015-08-10,20.6666666666667,40.5238095238095,37.4285714285714,10.4285714285714,-1178223.57142857,-2573353.57142857,3577,20.8381548384776,39.41144187949856,38.23320091455416
2015-08-26,661,2015-08-26,22.5238095238095,39.9047619047619,36.1904761904762,10.3809523809524,-1178223.57142857,-2573353.57142857,3577,21.278697620881164,38.70281869018458,38.50695773727625
2015-09-03,662,2015-09-03,20.8095238095238,35.8095238095238,41.5714285714286,10.2857142857143,-1178223.57142857,-2573353.57142857,3577,21.33407475691661,38.72263446183347,38.42877129930491
2015-09-11,663,2015-09-11,20.2380952380952,39.4285714285714,38.8571428571429,10.2380952380952,-1178223.57142857,-2573353.57142857,3577,20.791456601621327,38.44171916291268,39.199379079444924
2015-09-19,664,2015-09-19,20.6666666666667,38.9523809523809,38.7142857142857,9.52380952380952,-1178223.57142857,-2573353.57142857,3577,20.365476357326017,38.00563759199332,40.0394946154215
2015-09-27,665,2015-09-27,20.5714285714286,37.0714285714286,40.9285714285714,10.0714285714286,-1178215.71428571,-2573372.14285714,3577,19.398526681072262,37.79196646598723,41.20013257612448
2015-10-05,666,2015-10-05,19.3809523809524,36.7619047619048,42.1904761904762,10.0,-1178223.57142857,-2573353.57142857,3577,18.286415556088578,37.72369206481403,42.35209955976801
2015-10-13,667,2015-10-13,13.9473684210526,40.1578947368421,44.2105263157895,13.1578947368421,-1178220.78947368,-2573359.73684211,3577,17.55818739947533,38.22818314703031,42.600747142699404
2015-10-21,668,2015-10-21,17.7619047619048,36.8571428571429,43.7619047619048,9.85714285714286,-1178223.57142857,-2573353.57142857,3577,17.059956772354433,38.07401356993422,43.25236338263231
2015-11-06,669,2015-11-06,17.8571428571429,37.1428571428571,43.2857142857143,8.90476190476191,-1178223.57142857,-2573353.57142857,3577,16.59314733389767,37.57940709553313,44.17887622669429
2015-11-14,670,2015-11-14,16.047619047619,38.9523809523809,43.5238095238095,9.04761904761905,-1178223.57142857,-2573353.57142857,3577,16.372620915554755,37.55876248567554,44.43253913540034
2015-11-22,671,2015-11-22,16.3809523809524,36.6190476190476,45.2380952380952,9.09523809523809,-1178223.57142857,-2573353.57142857,3577,16.34306495199195,37.52293309861592,44.497763873184944
2015-11-30,672,2015-11-30,16.1428571428571,38.0,44.3333333333333,9.66666666666667,-1178223.57142857,-2573353.57142857,3577,16.42662719931498,36.36403434162381,45.56745408194945
2015-12-08,673,2015-12-08,15.0952380952381,34.7142857142857,48.4285714285714,9.52380952380952,-1178223.57142857,-2573353.57142857,3577,15.312802834553828,36.68901670269868,46.31925122294315
2015-12-16,674,2015-12-16,15.0952380952381,38.5714285714286,44.6666666666667,9.47619047619048,-1178223.57142857,-2573353.57142857,3577,13.591617062529144,37.73182067510982,46.95956794277747
2015-12-24,675,2015-12-24,13.6190476190476,37.8571428571429,46.8095238095238,9.47619047619048,-1178223.57142857,-2573353.57142857,3577,13.251143283958633,38.75630210861833,46.29892831625885
2016-01-01,676,2016-01-01,13.4285714285714,39.3809523809524,45.5238095238095,9.23809523809524,-1178223.57142857,-2573353.57142857,3577,13.744355747449662,39.93627528301859,44.64556805423011
2016-01-17,677,2016-01-17,13.4761904761905,40.2857142857143,44.5238095238095,9.42857142857143,-1178223.57142857,-2573353.57142857,3577,15.271388054667497,41.152615186664804,42.00272586030472
2016-01-25,678,2016-01-25,14.5238095238095,47.0476190476191,37.0,10.4285714285714,-1178223.57142857,-2573353.57142857,3577,17.714606343086672,41.403140718924035,39.34730800674484
2016-02-10,679,2016-02-10,22.4761904761905,38.6666666666667,37.3809523809524,10.4285714285714,-1178223.57142857,-2573353.57142857,3577,19.854928353377396,41.719240511803946,36.96379368824635
2016-02-18,680,2016-02-18,23.7333333333333,41.2,33.7333333333333,10.5333333333333,-1178217.0,-2573367.0,3577,21.399782054887226,41.46953108810074,35.6635946097193
2016-02-26,681,2016-02-26,22.5714285714286,40.1428571428571,35.7142857142857,10.3333333333333,-1178223.57142857,-2573353.57142857,3577,21.955221249335626,41.53084067634529,35.038321843270154
2016-03-05,682,2016-03-05,20.4761904761905,41.9523809523809,36.1428571428571,10.047619047619,-1178223.57142857,-2573353.57142857,3577,20.682401190138037,41.519812488846526,36.3006487836155
2016-03-13,683,2016-03-13,16.7142857142857,42.0952380952381,39.4761904761905,9.76190476190476,-1178223.57142857,-2573353.57142857,3577,18.048487116595865,41.91756025191929,38.49870975257397
2016-03-21,684,2016-03-21,14.3333333333333,44.4285714285714,39.7619047619048,9.52380952380952,-1178223.57142857,-2573353.57142857,3577,15.13562495296014,42.67912479676545,40.60559667370207
2016-03-29,685,2016-03-29,14.0952380952381,42.5714285714286,41.7142857142857,9.38095238095238,-1178223.57142857,-2573353.57142857,3577,12.756613046394412,44.231044084907424,41.470048218029646
2016-04-22,686,2016-04-22,11.047619047619,43.6190476190476,43.8571428571429,9.04761904761905,-1178223.57142857,-2573353.57142857,3577,12.214713047528555,43.60861017207115,42.59271584967544
2016-05-08,687,2016-05-08,10.3809523809524,44.5238095238095,43.5238095238095,10.047619047619,-1178223.57142857,-2573353.57142857,3577,11.674008138402678,43.726789206658836,42.98221386456039
2016-05-16,688,2016-05-16,12.6666666666667,43.5238095238095,42.1428571428571,9.52380952380952,-1178223.57142857,-2573353.57142857,3577,11.502317084358717,43.568522292973995,43.31930504994874
2016-05-24,689,2016-05-24,13.0,43.6666666666667,41.7619047619048,9.0,-1178223.57142857,-2573353.57142857,3577,11.200219800837328,43.431076663268314,43.78887160310654
2016-06-09,690,2016-06-09,10.6666666666667,43.0476190476191,44.6666666666667,10.047619047619,-1178223.57142857,-2573353.57142857,3577,10.72778717670199,42.554061006067045,45.17215807927207
2016-06-17,691,2016-06-17,10.1428571428571,41.9047619047619,46.1904761904762,8.66666666666667,-1178223.57142857,-2573353.57142857,3577,10.41943196122607,45.460089961631176,42.57420701073316
2016-07-11,692,2016-07-11,8.23809523809524,46.9523809523809,43.6190476190476,11.047619047619,-1178223.57142857,-2573353.57142857,3577,10.341395446657053,45.43914702427957,42.69294173318302
2016-07-27,693,2016-07-27,11.4285714285714,43.0476190476191,44.1428571428571,10.047619047619,-1178223.57142857,-2573353.57142857,3577,10.346618293985154,43.94044964322947,44.179333566323855
2016-08-04,694,2016-08-04,10.3809523809524,43.8571428571429,44.0,10.2857142857143,-1178223.57142857,-2573353.57142857,3577,10.957613078354473,41.792221194691734,45.70279153250605
2016-08-12,695,2016-08-12,12.4761904761905,44.3809523809524,41.5238095238095,10.4761904761905,-1178223.57142857,-2573353.57142857,3577,11.632407839836453,39.760423271253245,47.03073294094261
2016-08-20,696,2016-08-20,12.7142857142857,41.4285714285714,44.0952380952381,10.3333333333333,-1178223.57142857,-2573353.57142857,3577,12.479873776892061,38.072048952074226,47.85828090897034
2016-08-28,697,2016-08-28,12.8571428571429,18.9047619047619,66.9047619047619,5.61904761904762,-1178223.57142857,-2573353.57142857,3577,12.825317870981625,36.736353429846396,48.802408633670694
2016-09-05,698,2016-09-05,12.952380952381,42.6190476190476,42.6666666666667,10.2857142857143,-1178223.57142857,-2573353.57142857,3577,12.957412878657099,36.84100187737407,48.58751065754984
2016-09-13,699,2016-09-13,11.8571428571429,43.0952380952381,43.6190476190476,10.047619047619,-1178223.57142857,-2573353.57142857,3577,12.517079991729842,38.40081976846106,47.514526366299464
2016-09-21,700,2016-09-21,11.6190476190476,41.9047619047619,44.8095238095238,10.047619047619,-1178223.57142857,-2573353.57142857,3577,12.360265701788627,40.059043897273185,46.030406770724966
2016-09-29,701,2016-09-29,13.9047619047619,40.3333333333333,44.1904761904762,9.76190476190476,-1178223.57142857,-2573353.57142857,3577,11.749422146479215,42.20225697934043,44.46935778359263
2016-10-07,702,2016-10-07,10.5238095238095,42.6190476190476,45.2857142857143,10.047619047619,-1178223.57142857,-2573353.57142857,3577,11.428597138154252,43.83870953607139,43.17947725648319
2016-10-15,703,2016-10-15,10.9375,44.25,43.375,9.8125,-1178227.5,-2573370.0,3577,11.127498726761765,43.8155649819671,43.508000900022274
2016-10-23,704,2016-10-23,10.1904761904762,41.7142857142857,46.3809523809524,9.71428571428571,-1178223.57142857,-2573353.57142857,3577,10.886980859695957,41.5406783618796,46.071636696629824
2016-10-31,705,2016-10-31,10.952380952381,43.6666666666667,44.0952380952381,9.57142857142857,-1178223.57142857,-2573353.57142857,3577,10.378281419301553,43.68606316283684,44.433983457196646
2016-11-08,706,2016-11-08,9.71428571428571,44.0476190476191,44.6666666666667,10.0,-1178223.57142857,-2573353.57142857,3577,9.788747436772304,45.29981241667873,43.44168898696115
2016-11-16,707,2016-11-16,10.0952380952381,45.1904761904762,43.2857142857143,8.71428571428571,-1178223.57142857,-2573353.57142857,3577,9.702079331915352,43.1436164454676,45.67161695373089
2016-11-24,708,2016-11-24,8.80952380952381,46.1428571428571,43.4761904761905,9.95238095238095,-1178223.57142857,-2573353.57142857,3577,8.965402309247722,46.83997091658931,42.67471241348314
2016-12-18,709,2016-12-18,7.76190476190476,47.4761904761905,43.3333333333333,10.047619047619,-1178223.57142857,-2573353.57142857,3577,7.675684609506989,48.49725326272589,42.33504524370767
2016-12-26,710,2016-12-26,7.42857142857143,48.4285714285714,42.6666666666667,9.80952380952381,-1178223.57142857,-2573353.57142857,3577,6.9217120864009996,48.58519417205633,43.039782221960294
2017-01-03,711,2017-01-03,8.52380952380952,44.9047619047619,45.0476190476191,9.42857142857143,-1178223.57142857,-2573353.57142857,3577,7.282039691321973,47.21135552663711,44.08431658185144
2017-01-11,712,2017-01-11,7.61904761904762,47.7142857142857,43.2857142857143,10.047619047619,-1178223.57142857,-2573353.57142857,3577,9.136356540926291,45.52630541921428,43.957080617427366
2017-01-19,713,2017-01-19,8.04761904761905,61.1904761904762,29.4285714285714,8.76190476190476,-1178223.57142857,-2573353.57142857,3577,12.000354415509243,43.917357076838755,42.72967013560074
2017-02-04,714,2017-02-04,17.125,17.75,64.0,12.125,-1178212.5,-2573313.75,3577,14.806959105058326,43.534479740492166,40.30236866878042
2017-02-12,715,2017-02-12,19.6190476190476,46.2380952380952,32.5238095238095,11.2857142857143,-1178223.57142857,-2573353.57142857,3577,18.53465699752528,40.63789095927443,39.36507934485856
2017-02-20,716,2017-02-20,22.2380952380952,44.9047619047619,31.3809523809524,11.0952380952381,-1178223.57142857,-2573353.57142857,3577,20.739461564353732,40.80745915893731,36.953992162145425
2017-03-08,717,2017-03-08,20.8823529411765,45.0588235294118,32.4705882352941,11.0,-1178224.41176471,-2573367.35294118,3577,21.431171261504048,42.21929907947306,34.79797753390383
2017-03-16,718,2017-03-16,19.4285714285714,44.8095238095238,34.3333333333333,11.1428571428571,-1178223.57142857,-2573353.57142857,3577,20.453645600132244,45.00931122843581,33.032267859616766
2017-04-01,719,2017-04-01,18.1428571428571,43.3809523809524,36.7142857142857,11.0952380952381,-1178223.57142857,-2573353.57142857,3577,17.915325091041762,48.368031303964706,32.27108458832616
2017-04-09,720,2017-04-09,18.5714285714286,44.7142857142857,35.4285714285714,10.6190476190476,-1178223.57142857,-2573353.57142857,3577,15.081904103300502,51.656708131295204,31.89006477040965
2017-04-17,721,2017-04-17,8.0,65.0,26.0,15.0,-1178295.0,-2573325.0,3577,13.499388405255095,48.87286596423546,36.32621703555415
2017-05-03,722,2017-05-03,13.4761904761905,45.5238095238095,39.5714285714286,11.3333333333333,-1178223.57142857,-2573353.57142857,3577,12.3475674146754,50.65426672519341,35.638804466335095
2017-05-11,723,2017-05-11,11.8095238095238,49.7619047619048,37.1428571428571,11.0,-1178223.57142857,-2573353.57142857,3577,11.812542341405997,49.93728568522942,36.850248276576764
2017-05-19,724,2017-05-19,12.3809523809524,45.7142857142857,40.1428571428571,11.1904761904762,-1178223.57142857,-2573353.57142857,3577,11.625169555144147,49.250890704625846,37.673090219433135
2017-05-27,725,2017-05-27,12.6666666666667,49.0,36.9047619047619,11.0,-1178223.57142857,-2573353.57142857,3577,11.691304051983415,47.77976873486996,39.01289010266753
2017-06-04,726,2017-06-04,12.1428571428571,45.5714285714286,40.7142857142857,10.8571428571429,-1178223.57142857,-2573353.57142857,3577,12.178208272633688,46.576729256288864,39.69486035120115
2017-06-12,727,2017-06-12,11.1428571428571,48.9047619047619,38.4285714285714,11.0,-1178223.57142857,-2573353.57142857,3577,12.298821921111104,46.394650756872934,39.80643814389347
2017-06-20,728,2017-06-20,11.2857142857143,47.2857142857143,40.1428571428571,11.0,-1178223.57142857,-2573353.57142857,3577,11.326793433602885,48.57546323644669,38.6785062202961
2017-06-28,729,2017-06-28,12.0714285714286,48.6428571428571,37.8571428571429,10.8571428571429,-1178222.14285714,-2573344.28571429,3577,11.673199349668195,46.716067729992645,40.18775857784545
2017-07-06,730,2017-07-06,11.3809523809524,44.5714285714286,42.5714285714286,10.8571428571429,-1178223.57142857,-2573353.57142857,3577,11.51246534682895,46.645679913474815,40.448865891584305
2017-07-14,731,2017-07-14,11.7142857142857,47.8571428571429,39.1428571428571,10.4761904761905,-1178223.57142857,-2573353.57142857,3577,11.306401544789956,46.30037454804566,40.979668422386766
2017-07-22,732,2017-07-22,10.0,45.6190476190476,42.8095238095238,10.5238095238095,-1178223.57142857,-2573353.57142857,3577,10.77452114448858,46.7835564847879,41.03946517877793
2017-07-30,733,2017-07-30,11.5238095238095,46.8571428571429,40.2857142857143,10.2857142857143,-1178223.57142857,-2573353.57142857,3577,10.383974642487015,47.20845253816687,41.01601082095824
2017-08-07,734,2017-08-07,10.0952380952381,45.7619047619048,42.7142857142857,10.3333333333333,-1178223.57142857,-2573353.57142857,3577,9.763422851656678,48.18542809099365,40.68213107840981
2017-08-15,735,2017-08-15,8.28571428571429,52.9523809523809,37.5238095238095,9.76190476190476,-1178223.57142857,-2573353.57142857,3577,9.609049361369902,48.50165830041268,40.53609960730096
2017-08-23,736,2017-08-23,9.38095238095238,47.5714285714286,41.6190476190476,10.7142857142857,-1178223.57142857,-2573353.57142857,3577,9.789845345571436,48.341928968856735,40.462171471453345
2017-08-31,737,2017-08-31,10.4285714285714,47.8095238095238,40.3333333333333,10.047619047619,-1178223.57142857,-2573353.57142857,3577,10.202186874011975,47.488534169641625,40.88955935704551
2017-09-16,738,2017-09-16,11.5714285714286,46.3809523809524,40.6666666666667,8.47619047619048,-1178223.57142857,-2573353.57142857,3577,10.554081625287477,46.918235531231616,41.0581162903083
2017-09-24,739,2017-09-24,10.0952380952381,44.6666666666667,43.5714285714286,10.0952380952381,-1178223.57142857,-2573353.57142857,3577,10.92635022356221,45.85416544239389,41.70332557019242
2017-10-02,740,2017-10-02,12.2380952380952,44.6190476190476,41.5714285714286,9.85714285714286,-1178223.57142857,-2573353.57142857,3577,11.212757314922815,45.02501523243886,42.22425046573025
2017-10-10,741,2017-10-10,10.4761904761905,45.5238095238095,42.5238095238095,9.28571428571429,-1178223.57142857,-2573353.57142857,3577,11.068180529479179,44.816614757784535,42.5663057272901
2017-10-18,742,2017-10-18,10.5238095238095,46.1904761904762,41.8571428571429,10.047619047619,-1178223.57142857,-2573353.57142857,3577,10.633243949031826,45.26557962161,42.57530498396736
2017-10-26,743,2017-10-26,9.71428571428571,44.7619047619048,43.8095238095238,10.0952380952381,-1178223.57142857,-2573353.57142857,3577,10.113369602532167,45.169459023941435,43.199934224695575
2017-11-03,744,2017-11-03,10.6190476190476,44.7142857142857,43.2857142857143,10.047619047619,-1178223.57142857,-2573353.57142857,3577,9.73573588434123,45.3275877888813,43.36580447415713
2017-11-11,745,2017-11-11,8.71428571428571,44.9523809523809,44.6190476190476,11.047619047619,-1178223.57142857,-2573353.57142857,3577,9.705075110646412,43.90136282705285,44.78865819422427
2017-11-19,746,2017-11-19,9.61904761904762,45.1904761904762,43.6666666666667,10.0952380952381,-1178223.57142857,-2573353.57142857,3577,8.764109865729392,44.328463802323505,45.24963332666173
2017-11-27,747,2017-11-27,8.28571428571429,43.5238095238095,46.4761904761905,10.0952380952381,-1178223.57142857,-2573353.57142857,3577,8.397507367274825,44.59540671796424,45.33439613260464
2017-12-13,748,2017-12-13,8.23809523809524,46.4761904761905,43.5714285714286,10.3809523809524,-1178223.57142857,-2573353.57142857,3577,8.442213283588824,47.08368302612726,42.8696536875311
2017-12-21,749,2017-12-21,9.0,45.6190476190476,43.7142857142857,10.0952380952381,-1178223.57142857,-2573353.57142857,3577,8.353516937744427,49.100205446218865,41.033269771562686
2018-01-06,750,2018-01-06,7.57142857142857,50.0476190476191,41.1904761904762,10.047619047619,-1178223.57142857,-2573353.57142857,3577,8.540915649637736,49.8344973183726,40.18047065542368
2018-01-14,751,2018-01-14,7.42857142857143,57.9523809523809,33.1904761904762,9.04761904761905,-1178223.57142857,-2573353.57142857,3577,9.107942503679613,49.783502056122565,39.76064553426917
2018-01-22,752,2018-01-22,13.1428571428571,45.2857142857143,40.2857142857143,10.3809523809524,-1178223.57142857,-2573353.57142857,3577,9.616571190599968,48.68819452264364,40.349825916201254
2018-02-07,753,2018-02-07,9.82352941176471,51.0588235294118,37.8823529411765,11.2352941176471,-1178224.41176471,-2573353.23529412,3577,10.333684709024624,47.73868243089895,40.57634200922615
2018-02-23,754,2018-02-23,8.57142857142857,37.8571428571429,52.0,7.85714285714286,-1178247.85714286,-2573359.28571429,3577,10.905478361859906,45.64291781792467,42.01721425541598
2018-03-19,755,2018-03-19,12.9047619047619,44.9047619047619,40.6666666666667,11.047619047619,-1178223.57142857,-2573353.57142857,3577,11.476267676958008,44.66939531662959,42.3667618122117
2018-03-27,756,2018-03-27,11.3809523809524,47.0,40.0952380952381,10.7619047619048,-1178223.57142857,-2573353.57142857,3577,11.617580986364548,44.39914010592641,42.47713580657765
2018-04-04,757,2018-04-04,11.4761904761905,46.6190476190476,40.3809523809524,10.8571428571429,-1178223.57142857,-2573353.57142857,3577,11.276675306722804,45.59840487321139,41.62944346371151
2018-04-12,758,2018-04-12,11.4761904761905,47.8571428571429,39.2380952380952,10.8571428571429,-1178223.57142857,-2573353.57142857,3577,11.15229886364304,47.130330908688464,40.218321531555354
2018-04-20,759,2018-04-20,11.047619047619,44.1904761904762,43.3333333333333,10.2857142857143,-1178223.57142857,-2573353.57142857,3577,11.264781476034566,47.237077740439844,40.0467570431087
2018-04-28,760,2018-04-28,9.80952380952381,50.6666666666667,38.1428571428571,10.8571428571429,-1178223.57142857,-2573353.57142857,3577,10.27476742282634,47.5687972562788,40.713497635727904
2018-05-06,761,2018-05-06,9.19047619047619,45.3809523809524,43.8095238095238,10.5714285714286,-1178223.57142857,-2573353.57142857,3577,9.315780710516144,46.349901130853986,42.82064839184939
2018-05-14,762,2018-05-14,10.047619047619,45.7619047619048,42.6190476190476,10.2380952380952,-1178223.57142857,-2573353.57142857,3577,8.98893985271558,46.50352846327385,42.97078875716004
2018-05-22,763,2018-05-22,8.76190476190476,46.1904761904762,43.6190476190476,10.3333333333333,-1178223.57142857,-2573353.57142857,3577,8.553564327827743,46.7494185896593,43.13720698805193
2018-06-15,764,2018-06-15,7.04761904761905,48.0952380952381,43.1904761904762,11.2380952380952,-1178223.57142857,-2573353.57142857,3577,8.609096012345496,46.78362787882213,42.996980315859346
2018-06-23,765,2018-06-23,8.23809523809524,46.0,44.0476190476191,11.2380952380952,-1178223.57142857,-2573353.57142857,3577,8.610103067725621,47.39379660586383,42.40156425101613
2018-07-01,766,2018-07-01,9.33333333333333,48.9523809523809,40.1904761904762,11.1428571428571,-1178223.57142857,-2573353.57142857,3577,8.545809518137961,47.29733295599461,42.53256328294394
2018-07-09,767,2018-07-09,8.85714285714286,46.8571428571429,42.8095238095238,11.1428571428571,-1178223.57142857,-2573353.57142857,3577,8.132949416423436,48.012965362803385,42.25963858122671
2018-07-17,768,2018-07-17,8.1,47.85,42.3,10.95,-1178223.0,-2573353.5,3577,7.613098511394591,47.323113986110016,43.448155971988506
2018-07-25,769,2018-07-25,6.80952380952381,46.9047619047619,44.6666666666667,10.8095238095238,-1178223.57142857,-2573353.57142857,3577,7.230178168064082,46.756307160324944,44.46345978582157
2018-08-02,770,2018-08-02,5.1875,47.25,46.125,10.4375,-1178220.0,-2573362.5,3577,6.271210278368784,46.469066279430855,45.71048082463807
2018-08-10,771,2018-08-10,6.0,44.0476190476191,48.2380952380952,9.28571428571429,-1178223.57142857,-2573353.57142857,3577,5.512133570762779,46.31575442101066,46.58729054742291
2018-08-18,772,2018-08-18,5.23809523809524,46.9523809523809,46.4761904761905,10.4761904761905,-1178223.57142857,-2573353.57142857,3577,5.406104473441127,45.58145956210291,47.40090971978809
2018-08-26,773,2018-08-26,5.95238095238095,44.8095238095238,47.4761904761905,10.2857142857143,-1178223.57142857,-2573353.57142857,3577,5.640857194919819,45.5168384762744,47.24610557140812
2018-09-03,774,2018-09-03,5.57142857142857,47.0,45.9047619047619,10.047619047619,-1178223.57142857,-2573353.57142857,3577,5.598954515555845,45.662416788570965,47.13917751494447
2018-09-11,775,2018-09-11,5.23809523809524,45.8571428571429,47.0,10.2380952380952,-1178223.57142857,-2573353.57142857,3577,5.910952888699683,45.90046382924953,46.59451371641078
2018-09-19,776,2018-09-19,7.38095238095238,44.4285714285714,46.8571428571429,10.0,-1178223.57142857,-2573353.57142857,3577,5.766213920237825,46.06403400520358,46.56835063800314
2018-09-27,777,2018-09-27,5.33333333333333,46.0,47.1428571428571,10.1904761904762,-1178223.57142857,-2573353.57142857,3577,5.833566781514825,46.34570202758363,46.305947535429794
2018-10-05,778,2018-10-05,5.0,48.3333333333333,45.1904761904762,10.0,-1178223.57142857,-2573353.57142857,3577,5.915868445279326,46.17062607154795,46.4334746780498
2018-10-13,779,2018-10-13,5.76190476190476,45.9523809523809,46.7619047619048,10.1904761904762,-1178223.57142857,-2573353.57142857,3577,6.0221027682319,46.36465289096173,46.18162023734091
2018-10-21,780,2018-10-21,7.47619047619048,44.3333333333333,46.7619047619048,10.0,-1178223.57142857,-2573353.57142857,3577,6.201971403208866,45.482720581784974,46.82826461463533
2018-10-29,781,2018-10-29,4.95238095238095,46.2857142857143,47.1904761904762,10.4761904761905,-1178223.57142857,-2573353.57142857,3577,6.296332150820374,44.944527093127164,47.239821066439404
2018-11-06,782,2018-11-06,7.57142857142857,44.7142857142857,46.4285714285714,10.047619047619,-1178223.57142857,-2573353.57142857,3577,5.950710795911146,44.77074112677158,47.680734126547435
2018-11-14,783,2018-11-14,4.90476190476191,43.3809523809524,49.8095238095238,10.0952380952381,-1178223.57142857,-2573353.57142857,3577,5.964780317720603,44.21440685217115,48.269679752644684
2018-11-22,784,2018-11-22,6.09523809523809,43.8095238095238,48.5238095238095,10.047619047619,-1178223.57142857,-2573353.57142857,3577,5.302353992755679,44.03596506691825,49.083622260085505
2018-11-30,785,2018-11-30,4.42857142857143,44.0,50.0476190476191,10.047619047619,-1178223.57142857,-2573353.57142857,3577,4.8540077054001705,45.56373141821377,48.08880902378637
2018-12-08,786,2018-12-08,4.28571428571429,47.9047619047619,46.3809523809524,10.5238095238095,-1178223.57142857,-2573353.57142857,3577,4.863044076665642,44.72870988659794,48.847665234654855
2018-12-16,787,2018-12-16,4.0,45.0952380952381,49.4285714285714,10.3333333333333,-1178223.57142857,-2573353.57142857,3577,4.781289711319958,45.0542111139567,48.64561094219812
2018-12-24,788,2018-12-24,5.76190476190476,42.7142857142857,50.0476190476191,10.047619047619,-1178223.57142857,-2573353.57142857,3577,3.90887165809708,44.81131321378331,49.70529092509774
2019-01-01,789,2019-01-01,3.04761904761905,47.0,48.2380952380952,10.5238095238095,-1178223.57142857,-2573353.57142857,3577,3.8916831362645974,45.366921520165526,49.22264835267195
2019-01-09,790,2019-01-09,4.52380952380952,44.5714285714286,49.3809523809524,10.047619047619,-1178223.57142857,-2573353.57142857,3577,2.921907813548243,44.81490800220782,50.65776122741309
2019-01-17,791,2019-01-17,2.0,37.8571428571429,58.1428571428571,15.0952380952381,-1178223.57142857,-2573353.57142857,3577,2.5860623724396934,43.66569154958597,52.16258492109104
2019-01-25,792,2019-01-25,0.6,51.2,47.2,7.0,-1178265.0,-2573319.0,3577,2.5814338396377874,41.77973069241796,54.00907616634363
2019-02-02,793,2019-02-02,2.9047619047619,38.2857142857143,56.9047619047619,10.0,-1178223.57142857,-2573353.57142857,3577,2.6807361884757253,41.974658468460234,53.75148896510323
2019-02-10,794,2019-02-10,4.88888888888889,42.9444444444444,50.8888888888889,10.0555555555556,-1178216.66666667,-2573358.33333333,3577,3.3847982083271133,40.08099451287707,54.95158333238007
2019-02-18,795,2019-02-18,2.0,33.0,63.0,15.0,-1178175.0,-2573295.0,3577,4.144887104638807,39.41460758023636,54.89847098205411
2019-02-26,796,2019-02-26,7.23809523809524,41.1904761904762,50.1904761904762,10.0,-1178223.57142857,-2573353.57142857,3577,4.287310213006168,40.07696431534841,54.07238478754699
2019-03-06,797,2019-03-06,3.80952380952381,42.6190476190476,51.9047619047619,10.047619047619,-1178223.57142857,-2573353.57142857,3577,4.441487442725171,40.90007285455591,53.124370916313445
2019-03-30,798,2019-03-30,2.85714285714286,44.4761904761905,51.4285714285714,10.047619047619,-1178223.57142857,-2573353.57142857,3577,3.8875273333471876,41.26654717830572,53.251337929348544
2019-04-07,799,2019-04-07,4.38095238095238,35.8571428571429,58.0,9.71428571428571,-1178223.57142857,-2573353.57142857,3577,3.360878543540581,43.14055036809812,51.96848559076885
2019-04-15,800,2019-04-15,1.47619047619048,50.4285714285714,46.5714285714286,10.0,-1178223.57142857,-2573353.57142857,3577,3.0787276019469565,42.52999906869242,52.74142403862977
2019-04-23,801,2019-04-23,3.33333333333333,40.5714285714286,54.2857142857143,10.4761904761905,-1178223.57142857,-2573353.57142857,3577,2.9266522950729117,43.33237196239646,52.1199368227154
2019-05-01,802,2019-05-01,3.61904761904762,40.8095238095238,53.9523809523809,9.57142857142857,-1178223.57142857,-2573353.57142857,3577,2.787812806388242,41.8227128908181,53.61914762223557
2019-05-09,803,2019-05-09,3.0,40.1904761904762,54.9047619047619,10.0952380952381,-1178223.57142857,-2573353.57142857,3577,3.2465006613608587,42.196474320307026,52.82410262595232
2019-05-17,804,2019-05-17,3.28571428571429,43.8571428571429,51.2857142857143,9.95238095238095,-1178223.57142857,-2573353.57142857,3577,3.226183517204709,41.62780425628101,53.35804340137908
2019-05-25,805,2019-05-25,2.42857142857143,42.4285714285714,53.3333333333333,10.047619047619,-1178223.57142857,-2573353.57142857,3577,3.026075060130337,41.71717446639424,53.58443723458403
2019-06-02,806,2019-06-02,3.42857142857143,42.5238095238095,52.4761904761905,9.80952380952381,-1178223.57142857,-2573353.57142857,3577,2.9164736192595617,40.85753049839127,54.54580301019115
2019-06-10,807,2019-06-10,2.76190476190476,37.2857142857143,58.0476190476191,10.3809523809524,-1178223.57142857,-2573353.57142857,3577,2.4770193686598656,41.96716974115728,53.90113189183592
2019-06-18,808,2019-06-18,1.76190476190476,44.5714285714286,52.4285714285714,10.0,-1178223.57142857,-2573353.57142857,3577,2.2670837933992427,41.605937921721186,54.54952890246193
2019-06-26,809,2019-06-26,2.38095238095238,39.6190476190476,56.2380952380952,9.90476190476191,-1178223.57142857,-2573353.57142857,3577,1.984667551230721,41.70921544914731,54.80231120787576
2019-07-04,810,2019-07-04,1.0,44.7777777777778,53.0,10.3888888888889,-1178223.33333333,-2573361.66666667,3577,1.728307296418493,41.988245672449935,54.837293769174096
2019-07-12,811,2019-07-12,2.42857142857143,39.5714285714286,56.1428571428571,10.2380952380952,-1178223.57142857,-2573353.57142857,3577,1.6512757967863871,42.153242010820875,54.73470217432245
2019-07-20,812,2019-07-20,1.42857142857143,44.0,53.4285714285714,10.1428571428571,-1178223.57142857,-2573353.57142857,3577,1.6002506265661791,42.24334695231898,54.69046433441899
2019-08-05,813,2019-08-05,1.28571428571429,41.6666666666667,55.7142857142857,9.95238095238095,-1178223.57142857,-2573353.57142857,3577,1.8276182022309355,41.61666678693922,55.038187818365344
2019-08-13,814,2019-08-13,2.28571428571429,39.7142857142857,56.0952380952381,10.047619047619,-1178223.57142857,-2573353.57142857,3577,1.936409823406441,40.18660080888584,56.24046850980995
2019-08-21,815,2019-08-21,2.23809523809524,39.8571428571429,56.2857142857143,10.2857142857143,-1178223.57142857,-2573353.57142857,3577,2.087605377078752,40.03017312923838,56.25130287668146
2019-08-29,816,2019-08-29,2.04761904761905,38.6666666666667,57.4285714285714,10.2857142857143,-1178223.57142857,-2573353.57142857,3577,2.0615782566243914,39.0043152581794,57.22687116803907
2019-09-06,817,2019-09-06,2.05555555555556,40.3333333333333,56.2222222222222,10.0,-1178221.66666667,-2573363.33333333,3577,1.9660960814208681,39.105641778236546,57.23126512289742
2019-09-14,818,2019-09-14,2.23809523809524,36.3809523809524,59.3333333333333,10.0952380952381,-1178223.57142857,-2573353.57142857,3577,2.2304460245633404,38.45799814220291,57.55002788748057
2019-09-22,819,2019-09-22,2.0,40.1428571428571,56.3333333333333,10.0,-1178223.57142857,-2573353.57142857,3577,2.3181712508334438,39.058899975148,56.930660670590214
2019-10-08,820,2019-10-08,2.27777777777778,40.0,56.1111111111111,9.94444444444444,-1178226.66666667,-2573358.33333333,3577,2.2772096324724496,39.00390295977949,56.97905706263985
2019-10-16,821,2019-10-16,2.14285714285714,37.7142857142857,58.1904761904762,10.0,-1178223.57142857,-2573353.57142857,3577,2.4556947180782513,39.1246274365411,56.6599757311747
2019-10-24,822,2019-10-24,3.95238095238095,39.7619047619048,54.5238095238095,10.0,-1178223.57142857,-2573353.57142857,3577,2.9026273004596828,38.59554996086928,56.70781849728371
2019-11-01,823,2019-11-01,2.76190476190476,38.0476190476191,57.3809523809524,10.0,-1178223.57142857,-2573353.57142857,3577,3.045988325399634,39.08195029943673,56.1100782602247
2019-11-09,824,2019-11-09,2.25,40.05,56.0,9.75,-1178224.5,-2573356.5,3577,3.321513453865898,38.708571253302324,56.209847943585686
2019-11-17,825,2019-11-17,3.04761904761905,37.5238095238095,57.6666666666667,9.76190476190476,-1178223.57142857,-2573353.57142857,3577,3.331283010075081,38.76345249177489,56.17206477731955
2019-11-25,826,2019-11-25,4.04761904761905,40.0952380952381,54.3809523809524,9.42857142857143,-1178223.57142857,-2573353.57142857,3577,2.4997233588561123,39.64924961518797,56.19608066511251
2019-12-03,827,2019-12-03,2.38095238095238,39.3809523809524,56.3333333333333,10.047619047619,-1178223.57142857,-2573353.57142857,3577,1.6465403361685742,40.872629692283034,55.910771890639694
2019-12-27,828,2019-12-27,0.523809523809524,44.0476190476191,54.1428571428571,10.047619047619,-1178223.57142857,-2573353.57142857,3577,1.1205685439429904,41.240533202601355,56.0802582350486
2020-01-04,829,2020-01-04,2.04761904761905,38.0,58.1428571428571,11.0,-1178223.57142857,-2573353.57142857,3577,1.3952623743643315,41.76802779263456,55.27821456148802
2020-01-12,830,2020-01-12,0.388888888888889,47.3333333333333,51.1666666666667,10.0,-1178223.33333333,-2573343.33333333,3577,2.579482265240392,42.54373284094011,53.37678884582111
2020-01-20,831,2020-01-20,3.80952380952381,40.8095238095238,53.5714285714286,10.952380952381,-1178223.57142857,-2573353.57142857,3577,4.897527395204679,42.88695437688605,50.72957847105696
2020-01-28,832,2020-01-28,9.95238095238095,42.3809523809524,46.3333333333333,10.3333333333333,-1178223.57142857,-2573353.57142857,3577,8.330444581217336,42.774057727611705,47.41565555187138
2020-02-05,833,2020-02-05,12.0,40.7142857142857,45.5714285714286,10.7619047619048,-1178223.57142857,-2573353.57142857,3577,11.934014214198202,43.053746047547655,43.504885723145485
2020-02-13,834,2020-02-13,15.2857142857143,45.9047619047619,37.4761904761905,10.5714285714286,-1178223.57142857,-2573353.57142857,3577,14.770715868236898,42.92654507514546,40.767116784138565
2020-02-29,835,2020-02-29,17.6666666666667,43.4761904761905,37.5238095238095,10.2857142857143,-1178223.57142857,-2573353.57142857,3577,17.003098552631634,42.83425346582601,38.67598088185745
2020-03-08,836,2020-03-08,17.4761904761905,39.9523809523809,40.7142857142857,10.7142857142857,-1178223.57142857,-2573353.57142857,3577,18.162482031209983,41.85297447649762,38.49433146831952
2020-03-16,837,2020-03-16,17.4761904761905,43.7142857142857,37.4285714285714,10.6190476190476,-1178223.57142857,-2573353.57142857,3577,17.45379543057301,41.77021533677255,39.29624194174691
2020-03-24,838,2020-03-24,16.3333333333333,41.0952380952381,41.0476190476191,10.8095238095238,-1178223.57142857,-2573353.57142857,3577,16.954025334827755,41.925081110833354,39.565181980036755
2020-04-01,839,2020-04-01,16.8095238095238,40.0,41.9047619047619,9.95238095238095,-1178223.57142857,-2573353.57142857,3577,16.19659081887942,42.38337204590442,39.902908237267596
2020-04-09,840,2020-04-09,15.7142857142857,41.4761904761905,41.0952380952381,10.1904761904762,-1178223.57142857,-2573353.57142857,3577,15.068688793144744,41.547022636799724,41.82646455710845
2020-04-17,841,2020-04-17,12.4,42.6,43.4,9.05,-1178220.0,-2573355.0,3577,14.284067016572621,41.04717449732318,43.18200189902329
2020-04-25,842,2020-04-25,13.6666666666667,42.7619047619048,41.9523809523809,9.95238095238095,-1178223.57142857,-2573353.57142857,3577,13.324735635879158,39.8594130327817,45.333792110875095
2020-05-03,843,2020-05-03,14.952380952381,40.9047619047619,42.9523809523809,9.80952380952381,-1178223.57142857,-2573353.57142857,3577,12.651792995444362,38.338475078407434,47.498029318455636
2020-05-19,844,2020-05-19,10.1428571428571,31.1904761904762,57.1904761904762,8.0,-1178223.57142857,-2573353.57142857,3577,12.304294396601517,38.22208517678045,48.027953416409645
2020-05-27,845,2020-05-27,12.4285714285714,36.1428571428571,49.8571428571429,10.0952380952381,-1178223.57142857,-2573353.57142857,3577,11.986759017961404,37.90112434954624,48.66852727956776
2020-06-04,846,2020-06-04,11.7619047619048,42.1428571428571,44.7619047619048,9.90476190476191,-1178223.57142857,-2573353.57142857,3577,11.96307838052812,38.877698344956656,47.73865186466725
2020-06-12,847,2020-06-12,11.2857142857143,40.6666666666667,46.3809523809524,10.0,-1178223.57142857,-2573353.57142857,3577,11.7512540145731,40.03892576924404,46.687433472500665
2020-06-20,848,2020-06-20,13.1904761904762,41.9523809523809,43.4761904761905,9.80952380952381,-1178223.57142857,-2573353.57142857,3577,11.342532813445246,41.77669990375084,45.3099022399509
2020-07-06,849,2020-07-06,10.5,43.8888888888889,44.0,9.88888888888889,-1178226.66666667,-2573358.33333333,3577,11.304452079340404,42.71353432473862,44.38541785192581
2020-07-14,850,2020-07-14,10.4285714285714,40.5714285714286,47.2857142857143,9.85714285714286,-1178223.57142857,-2573353.57142857,3577,11.162861732258797,42.59493910303931,44.67207724923368
2020-07-22,851,2020-07-22,10.8421052631579,42.3157894736842,45.2631578947368,10.0526315789474,-1178220.78947368,-2573359.73684211,3577,10.343764513145395,40.81609093475031,47.23325114676045
2020-07-30,852,2020-07-30,9.95238095238095,37.7142857142857,50.6190476190476,9.85714285714286,-1178223.57142857,-2573353.57142857,3577,10.107783477180687,39.78347021417146,48.455927660947296
2020-08-07,853,2020-08-07,9.95238095238095,41.3333333333333,47.2857142857143,9.85714285714286,-1178223.57142857,-2573353.57142857,3577,9.706517289129492,39.433421990528686,49.199432580881954
2020-08-15,854,2020-08-15,9.28571428571429,37.0476190476191,51.9047619047619,9.90476190476191,-1178223.57142857,-2573353.57142857,3577,9.110423794877379,38.74947198528989,50.40390345355372
2020-08-23,855,2020-08-23,8.9,39.25,50.05,9.7,-1178223.0,-2573356.5,3577,9.43592490828785,37.882995397043835,50.978440132995004
2020-08-31,856,2020-08-31,8.85714285714286,37.4285714285714,51.9047619047619,9.61904761904762,-1178223.57142857,-2573353.57142857,3577,8.944389441780972,38.03542516451351,51.29266437669615
2020-09-08,857,2020-09-08,8.95238095238095,38.8571428571429,50.4761904761905,9.38095238095238,-1178223.57142857,-2573353.57142857,3577,8.424988812717718,38.16549742148001,51.684932822858954
2020-09-16,858,2020-09-16,7.90476190476191,38.7619047619048,51.7142857142857,9.57142857142857,-1178223.57142857,-2573353.57142857,3577,8.318634165789517,38.865236021373306,51.13885276907979
2020-10-02,859,2020-10-02,8.47619047619048,37.0952380952381,52.7619047619048,9.28571428571429,-1178223.57142857,-2573353.57142857,3577,8.18440622799308,39.383761717428655,50.77328700755514
2020-10-10,860,2020-10-10,9.05263157894737,39.7368421052632,49.7368421052632,9.0,-1178217.63157895,-2573356.57894737,3577,8.33755044043334,39.349506652702686,50.684958073259125
2020-10-18,861,2020-10-18,4.64285714285714,43.3571428571429,50.1428571428571,12.0,-1178220.0,-2573352.85714286,3577,7.22583898638866,39.318297855525174,51.78315120867713
2020-10-26,862,2020-10-26,9.44444444444444,37.9444444444444,51.0555555555556,9.05555555555556,-1178226.66666667,-2573358.33333333,3577,6.845584086580287,39.49677829728567,52.00209228516257
2020-11-11,863,2020-11-11,8.94736842105263,39.0,50.3157894736842,9.05263157894737,-1178217.63157895,-2573356.57894737,3577,6.989357120527656,39.85756780289343,51.47350929988258
2020-11-19,864,2020-11-19,6.90476190476191,38.3809523809524,52.9523809523809,9.23809523809524,-1178223.57142857,-2573353.57142857,3577,9.016369676707265,40.22661242401556,49.09240382125424
2020-12-05,865,2020-12-05,8.71428571428571,38.9523809523809,50.7619047619048,10.1428571428571,-1178223.57142857,-2573353.57142857,3577,11.680443621699837,39.34509028349078,47.32745147596973
2020-12-13,866,2020-12-13,11.3809523809524,45.4285714285714,41.6666666666667,10.0952380952381,-1178223.57142857,-2573353.57142857,3577,14.165744716418839,39.97796581778386,44.23132934090396
2020-12-29,867,2020-12-29,21.8571428571429,39.6666666666667,36.9523809523809,10.1904761904762,-1178223.57142857,-2573353.57142857,3577,16.03178652860669,42.072453346440874,40.335703050948794
2021-01-06,868,2021-01-06,18.2857142857143,42.8571428571429,37.0476190476191,10.4761904761905,-1178223.57142857,-2573353.57142857,3577,16.566081909325327,44.15670094755309,37.69392919465683
2021-01-14,869,2021-01-14,19.6190476190476,41.5714285714286,37.4285714285714,10.1428571428571,-1178223.57142857,-2573353.57142857,3577,17.375613775557504,45.27016085225016,35.84715041018602
2021-02-07,870,2021-02-07,12.1428571428571,47.4285714285714,38.8571428571429,8.0,-1178252.14285714,-2573376.42857143,3577,17.272331572101812,45.91967794431429,35.30832834984557
2021-02-15,871,2021-02-15,14.3157894736842,53.5789473684211,30.6842105263158,13.5263157894737,-1178222.36842105,-2573350.26315789,3577,16.68307020389124,45.713302567094786,36.079340577815955
2021-02-23,872,2021-02-23,17.3809523809524,42.2380952380952,38.9047619047619,10.8571428571429,-1178223.57142857,-2573353.57142857,3577,16.414086885995378,45.53310149035491,36.56972551358034
2021-03-11,873,2021-03-11,18.3333333333333,41.8571428571429,38.2380952380952,10.6190476190476,-1178223.57142857,-2573353.57142857,3577,16.874324808060734,45.26594965035184,36.3767374302454
2021-03-19,874,2021-03-19,20.1428571428571,43.6666666666667,34.8571428571429,10.3333333333333,-1178223.57142857,-2573353.57142857,3577,18.11727942075897,42.90929280823111,37.49201336863842
2021-03-27,875,2021-03-27,18.0952380952381,42.0476190476191,38.0952380952381,10.5238095238095,-1178223.57142857,-2573353.57142857,3577,18.761913835633585,43.00111407472863,36.70896333550846
2021-04-04,876,2021-04-04,18.2352941176471,43.4117647058824,36.9411764705882,10.1176470588235,-1178224.41176471,-2573353.23529412,3577,19.07204383637306,42.411105586793475,37.010554861587856
2021-04-12,877,2021-04-12,17.7619047619048,42.6190476190476,38.2857142857143,10.1428571428571,-1178223.57142857,-2573353.57142857,3577,18.33567577517692,41.32839491946123,38.822562332242235
2021-04-28,878,2021-04-28,18.0952380952381,39.9047619047619,40.3333333333333,10.2380952380952,-1178223.57142857,-2573353.57142857,3577,18.35306753140448,41.11014127810378,39.090067370472546
2021-05-14,879,2021-05-14,18.4285714285714,41.3809523809524,38.8095238095238,10.5714285714286,-1178223.57142857,-2573353.57142857,3577,18.383698981765818,39.35181815694794,40.82569182167917
2021-05-22,880,2021-05-22,20.2,42.4,35.8666666666667,9.93333333333333,-1178217.0,-2573367.0,3577,18.5490436352911,38.74290769631657,41.25907778859266
2021-06-07,881,2021-06-07,17.4761904761905,29.1428571428571,52.0476190476191,5.47619047619048,-1178223.57142857,-2573353.57142857,3577,18.72038979050172,39.28779434005581,40.53195623655773
2021-06-15,882,2021-06-15,19.1904761904762,40.6190476190476,38.7142857142857,10.5714285714286,-1178223.57142857,-2573353.57142857,3577,18.576826151445474,40.126183838616384,39.76111936687741
2021-06-23,883,2021-06-23,17.9047619047619,47.3809523809524,33.1428571428571,12.4285714285714,-1178223.57142857,-2573353.57142857,3577,18.238884772118247,41.11195506368814,39.0795811970403
2021-07-01,884,2021-07-01,17.047619047619,40.5714285714286,40.5238095238095,10.6190476190476,-1178223.57142857,-2573353.57142857,3577,17.808542901883882,41.65785422007711,38.86993063695269
2021-07-09,885,2021-07-09,18.6190476190476,43.7619047619048,36.0476190476191,10.7619047619048,-1178223.57142857,-2573353.57142857,3577,17.527326491874938,42.47367823094744,38.27472254267347
2021-07-17,886,2021-07-17,16.9047619047619,41.5714285714286,39.8095238095238,10.8095238095238,-1178223.57142857,-2573353.57142857,3577,17.190805840184055,42.60991639938373,38.50975933250899
2021-08-02,887,2021-08-02,17.0,39.3333333333333,41.9523809523809,10.3333333333333,-1178223.57142857,-2573353.57142857,3577,17.125773091714795,41.987866622535265,39.23879422950043
2021-08-18,888,2021-08-18,16.047619047619,40.4285714285714,41.8571428571429,10.1904761904762,-1178223.57142857,-2573353.57142857,3577,16.35375176938399,40.20892935753015,41.84216840949962
2021-08-26,889,2021-08-26,16.85,42.4,39.25,10.1,-1178221.5,-2573350.5,3577,16.24668473940676,40.48378577046702,41.72051349063109
2021-09-11,890,2021-09-11,15.5714285714286,41.9047619047619,41.2380952380952,9.95238095238095,-1178223.57142857,-2573353.57142857,3577,15.52538921346738,40.96330295091293,41.95585554795453
2021-09-19,891,2021-09-19,14.8095238095238,37.8571428571429,45.6190476190476,10.0,-1178223.57142857,-2573353.57142857,3577,15.310672815314488,40.336628283990684,42.76583478440424
2021-09-27,892,2021-09-27,15.2380952380952,42.7619047619048,40.2857142857143,9.66666666666667,-1178223.57142857,-2573353.57142857,3577,14.912271165364917,41.06646604169213,42.43041040486227
2021-10-05,893,2021-10-05,14.0,40.7619047619048,43.5714285714286,10.0,-1178223.57142857,-2573353.57142857,3577,14.57807182497368,41.2666796567664,42.51560797303195
2021-10-13,894,2021-10-13,15.8571428571429,40.0952380952381,42.5238095238095,9.28571428571429,-1178223.57142857,-2573353.57142857,3577,14.664651705361598,41.3527743670097,42.340448766913
2021-10-21,895,2021-10-21,12.952380952381,42.3333333333333,43.0,9.76190476190476,-1178223.57142857,-2573353.57142857,3577,14.616970233067129,41.576079235515756,42.181928494615676
2021-10-29,896,2021-10-29,15.7142857142857,42.8571428571429,39.9523809523809,9.52380952380952,-1178223.57142857,-2573353.57142857,3577,14.532044065323642,42.36704162709722,41.559576903997915
2021-11-14,897,2021-11-14,12.4285714285714,44.0476190476191,41.9523809523809,9.61904761904762,-1178223.57142857,-2573353.57142857,3577,14.11930587472174,41.83442357435541,42.53190565883426
2021-11-30,898,2021-11-30,15.4761904761905,40.3333333333333,42.7142857142857,9.76190476190476,-1178223.57142857,-2573353.57142857,3577,13.12536173836288,42.51722993208428,42.836262808392604
2021-12-16,899,2021-12-16,11.7619047619048,43.6190476190476,43.1904761904762,9.38095238095238,-1178223.57142857,-2573353.57142857,3577,11.663511926668082,44.33377458454196,42.48102980610084
2021-12-24,900,2021-12-24,9.95238095238095,44.7619047619048,43.6666666666667,10.0,-1178223.57142857,-2573353.57142857,3577,10.17518394917624,45.9902708230813,42.319879295105174
2022-01-01,901,2022-01-01,10.0952380952381,47.0476190476191,41.3333333333333,9.28571428571429,-1178223.57142857,-2573353.57142857,3577,10.050613988692998,47.36393740417801,41.082865534871786
2022-01-09,902,2022-01-09,9.61904761904762,47.1428571428571,41.5714285714286,10.0,-1178223.57142857,-2573353.57142857,3577,10.807750556974966,46.62619423919036,41.02387808269549
2022-01-17,903,2022-01-17,10.1904761904762,53.9047619047619,34.6190476190476,10.952380952381,-1178223.57142857,-2573353.57142857,3577,12.195165000116749,45.934476256450814,40.31247390379915
2022-01-25,904,2022-01-25,14.7619047619048,42.1904761904762,41.3809523809524,10.047619047619,-1178223.57142857,-2573353.57142857,3577,14.3194823752078,46.50787293201458,37.59051784128621
2022-02-18,905,2022-02-18,18.8095238095238,42.6190476190476,37.0,10.5714285714286,-1178223.57142857,-2573353.57142857,3577,16.326889828435384,45.74672386436407,36.35580930936424
2022-02-26,906,2022-02-26,19.5714285714286,40.4285714285714,38.3333333333333,10.4285714285714,-1178223.57142857,-2573353.57142857,3577,17.44901641186211,44.64840525830569,36.31632763520766
2022-03-22,907,2022-03-22,16.3333333333333,43.6190476190476,38.3809523809524,10.047619047619,-1178223.57142857,-2573353.57142857,3577,18.286611221593013,43.20900461766687,36.87936727874258
2022-03-30,908,2022-03-30,16.1904761904762,53.1904761904762,29.0952380952381,12.0952380952381,-1178223.57142857,-2573353.57142857,3577,18.58182374900363,41.822041735348165,37.96796289365382
2022-04-07,909,2022-04-07,19.0952380952381,41.3333333333333,38.0,10.4761904761905,-1178223.57142857,-2573353.57142857,3577,17.619148653201737,41.16750844614005,39.56854188122948
2022-04-15,910,2022-04-15,14.047619047619,32.5238095238095,51.7619047619048,7.09523809523809,-1178223.57142857,-2573353.57142857,3577,15.65735915271283,41.8867871034991,40.86719987957767
2022-04-23,911,2022-04-23,18.1904761904762,40.2857142857143,39.8095238095238,10.3333333333333,-1178223.57142857,-2573353.57142857,3577,14.409380093588442,41.22322878359414,42.75032088653741
2022-05-09,912,2022-05-09,14.1428571428571,42.8095238095238,41.5238095238095,10.1904761904762,-1178223.57142857,-2573353.57142857,3577,13.624451915471521,41.56312727519536,43.1981620031091
2022-05-25,913,2022-05-25,10.3333333333333,44.4761904761905,43.6190476190476,11.2857142857143,-1178223.57142857,-2573353.57142857,3577,12.987434649971386,42.35620210542177,43.0607668904818
2022-06-02,914,2022-06-02,9.76190476190476,46.9047619047619,41.7142857142857,12.1428571428571,-1178223.57142857,-2573353.57142857,3577,12.284775080438859,43.83391531068894,42.305445844139214
2022-06-26,915,2022-06-26,13.1428571428571,44.6190476190476,40.7142857142857,11.047619047619,-1178223.57142857,-2573353.57142857,3577,12.18732351239909,45.854185030648765,40.39613740232332
2022-07-04,916,2022-07-04,15.7619047619048,42.5238095238095,40.0476190476191,12.0,-1178223.57142857,-2573353.57142857,3577,12.719169375514234,45.17863354395186,40.53919970637631
2022-07-12,917,2022-07-12,12.4761904761905,44.2857142857143,41.8095238095238,11.047619047619,-1178223.57142857,-2573353.57142857,3577,12.935991768807188,43.44342448056968,42.066656769436875
2022-07-20,918,2022-07-20,12.6666666666667,43.0952380952381,42.6666666666667,10.952380952381,-1178223.57142857,-2573353.57142857,3577,13.448480312255413,42.96305964416777,42.00645175257553
2022-08-05,919,2022-08-05,12.1904761904762,42.3809523809524,43.7142857142857,11.047619047619,-1178223.57142857,-2573353.57142857,3577,12.792245937754881,42.68625389058188,42.926569818204285
2022-08-13,920,2022-08-13,12.1904761904762,43.6190476190476,42.6190476190476,10.0952380952381,-1178223.57142857,-2573353.57142857,3577,11.600893430613068,42.43533453130343,44.35352573122809
2022-08-21,921,2022-08-21,11.5238095238095,40.9047619047619,46.0476190476191,10.5714285714286,-1178223.57142857,-2573353.57142857,3577,10.737835951456642,42.270765354350374,45.36982006640771
2022-08-29,922,2022-08-29,10.3809523809524,41.4761904761905,46.4761904761905,10.3333333333333,-1178223.57142857,-2573353.57142857,3577,10.825803711251005,41.64546392719145,45.919082980995626
2022-09-06,923,2022-09-06,10.0,42.2857142857143,45.9523809523809,10.952380952381,-1178223.57142857,-2573353.57142857,3577,11.373751119879447,40.550811417678425,46.453568103715966
2022-09-14,924,2022-09-14,11.8095238095238,39.8095238095238,46.9047619047619,10.4761904761905,-1178223.57142857,-2573353.57142857,3577,11.653899248324752,39.94438894438297,46.797270840607496
2022-09-22,925,2022-09-22,12.7142857142857,38.3333333333333,47.3809523809524,10.3809523809524,-1178223.57142857,-2573353.57142857,3577,12.24836051461255,39.47331925040313,46.65972933154899
2022-10-08,926,2022-10-08,13.4761904761905,39.3809523809524,45.4761904761905,10.7142857142857,-1178223.57142857,-2573353.57142857,3577,12.76008408515957,39.29534242846349,46.29796828557747
2022-10-16,927,2022-10-16,13.2380952380952,38.9047619047619,46.1904761904762,10.4761904761905,-1178223.57142857,-2573353.57142857,3577,12.99335133390666,39.10879626049321,46.25674119481478
2022-10-24,928,2022-10-24,12.1904761904762,39.3809523809524,46.7142857142857,10.2380952380952,-1178223.57142857,-2573353.57142857,3577,12.767797733740087,39.45499186055872,46.12326167124242
2022-11-01,929,2022-11-01,11.8095238095238,42.0,44.5714285714286,10.1428571428571,-1178223.57142857,-2573353.57142857,3577,12.093719490002513,40.103161028851645,46.13089181199949
2022-11-09,930,2022-11-09,11.5238095238095,40.7619047619048,46.0476190476191,10.0952380952381,-1178223.57142857,-2573353.57142857,3577,11.208806673201284,41.70288947378109,45.40209120084604
2022-11-17,931,2022-11-17,10.5714285714286,41.2857142857143,46.4761904761905,10.047619047619,-1178223.57142857,-2573353.57142857,3577,10.595196930446807,42.84603480700342,44.882810209103894
2022-11-25,932,2022-11-25,10.0,43.4285714285714,44.9523809523809,10.0952380952381,-1178223.57142857,-2573353.57142857,3577,10.136309228635618,43.8001606973301,44.41086475075861
2022-12-03,933,2022-12-03,10.0,46.5714285714286,41.7619047619048,10.0952380952381,-1178223.57142857,-2573353.57142857,3577,9.888868404679968,44.378570972003075,44.10858553947895
2022-12-11,934,2022-12-11,9.76190476190476,43.4761904761905,45.1904761904762,10.047619047619,-1178223.57142857,-2573353.57142857,3577,9.885156761760003,44.38477172245414,44.12807228154419
2022-12-27,935,2022-12-27,10.047619047619,45.4285714285714,42.8571428571429,10.6666666666667,-1178223.57142857,-2573353.57142857,3577,10.133014069325407,43.61247130431117,44.65119367585089
2023-01-12,936,2023-01-12,10.8571428571429,39.3333333333333,48.1904761904762,10.047619047619,-1178223.57142857,-2573353.57142857,3577,10.615837563095383,41.845580337398076,45.88958741391289
2023-02-05,937,2023-02-05,11.1904761904762,39.7619047619048,47.2857142857143,10.0952380952381,-1178223.57142857,-2573353.57142857,3577,11.292581945058698,38.85821170573489,48.08466017986134
