time,Unnamed: 0,time_ymd,pv,npv,bs,ue,x,y,spatial_ref,pv_filter,npv_filter,bs_filter
1987-09-09,1,1987-09-09,0.458333333333333,30.5833333333333,67.625,5.29166666666667,365322.5,-2859192.5,3577,0.0,31.79456914344678,68.562424750602
1987-09-16,2,1987-09-16,0.25,29.9166666666667,68.625,5.29166666666667,365322.5,-2859192.5,3577,2.384807504873258,27.63312232787854,68.62666623667015
1987-09-25,3,1987-09-25,1.375,24.7083333333333,72.6666666666667,5.0,365322.5,-2859192.5,3577,3.410398088610102,24.88487657208638,70.29485856420847
1987-10-02,4,1987-10-02,3.20833333333333,20.2916666666667,74.9166666666667,5.20833333333333,365322.5,-2859192.5,3577,2.6797688823616985,23.486309807323792,72.42642924241227
1987-10-11,5,1987-10-11,1.41666666666667,22.8333333333333,74.25,4.91666666666667,365322.5,-2859192.5,3577,1.1830809834872753,23.31466237580792,74.13285442842336
1987-11-03,6,1987-11-03,0.0,35.0416666666667,63.8333333333333,5.04166666666667,365322.5,-2859192.5,3577,0.0,24.187937030719546,74.77765892733001
1987-11-19,7,1987-11-19,1.125,23.6666666666667,73.875,5.04166666666667,365322.5,-2859192.5,3577,0.0,25.864898936203105,73.97641619216698
1987-11-28,8,1987-11-28,1.29166666666667,20.8333333333333,76.5833333333333,4.5,365322.5,-2859192.5,3577,0.0,28.045075667362497,71.59674832390479
1987-12-05,9,1987-12-05,2.875,17.8333333333333,77.9583333333333,4.08333333333333,365322.5,-2859192.5,3577,0.0,31.841379982242096,67.69797282180168
1987-12-21,10,1987-12-21,0.0,38.9166666666667,60.2083333333333,4.875,365322.5,-2859192.5,3577,2.9115319664850965,32.97055215166177,62.9857217086225
1987-12-30,11,1987-12-30,0.25,50.375,48.25,5.125,365322.5,-2859192.5,3577,8.285418786578548,32.97134057892079,57.548949244761076
1988-01-06,12,1988-01-06,13.75,28.0833333333333,56.9166666666667,5.54166666666667,365322.5,-2859192.5,3577,13.684785158080341,32.13323338168058,52.929800204947085
1988-01-22,13,1988-01-22,20.5416666666667,35.1666666666667,42.875,9.33333333333333,365322.5,-2859192.5,3577,17.767849668388827,32.283050798525856,48.629248847120834
1988-01-31,14,1988-01-31,28.2916666666667,13.4166666666667,56.7083333333333,5.45833333333333,365322.5,-2859192.5,3577,20.094387552588906,29.209537624393953,49.250933663851995
1988-02-07,15,1988-02-07,22.1666666666667,26.7083333333333,49.7083333333333,5.875,365322.5,-2859192.5,3577,19.838557340489388,27.840226208256112,50.8287958171783
1988-02-16,16,1988-02-16,11.625,31.5,55.375,4.75,365322.5,-2859192.5,3577,18.107059220446633,22.67820260234783,57.61853291186796
1988-02-23,17,1988-02-23,10.2916666666667,29.1666666666667,58.9166666666667,4.95833333333333,365322.5,-2859192.5,3577,14.395897832815209,24.247506621342026,59.75933483440331
1988-03-03,18,1988-03-03,8.66666666666667,32.6666666666667,57.0416666666667,4.70833333333333,365322.5,-2859192.5,3577,9.425858068658524,29.609548990736542,59.34879516767177
1988-03-10,19,1988-03-10,9.625,26.1666666666667,62.6666666666667,4.75,365322.5,-2859192.5,3577,7.230151298648668,34.542597624248835,56.619075068370044
1988-03-19,20,1988-03-19,8.45833333333333,33.375,56.5416666666667,4.58333333333333,365322.5,-2859192.5,3577,3.9782352580334175,42.45699823911266,52.019054861539374
1988-03-26,21,1988-03-26,7.66666666666667,34.5,56.0,4.83333333333333,365322.5,-2859192.5,3577,4.107086283169256,43.97202526574934,50.3668216458389
1988-04-04,22,1988-04-04,2.5,72.25,24.0833333333333,6.875,365322.5,-2859192.5,3577,6.525452488686813,45.0247705081229,46.93478606016605
1988-04-11,23,1988-04-11,7.70833333333333,44.9583333333333,45.7916666666667,5.95833333333333,365322.5,-2859192.5,3577,12.493761140818105,41.87027033853031,44.08654567825736
1988-04-20,24,1988-04-20,20.6666666666667,32.9583333333333,44.8333333333333,6.0,365322.5,-2859192.5,3577,22.497650955851938,35.932742824765306,39.96439267646102
1988-04-27,25,1988-04-27,28.5,21.25,48.5416666666667,6.5,365322.5,-2859192.5,3577,33.366841491836524,27.393083309874882,37.635666320258224
1988-05-22,26,1988-05-22,58.6666666666667,9.04166666666667,30.2916666666667,8.0,365322.5,-2859192.5,3577,47.102405334596455,23.059953849037093,28.084224598926298
1988-05-29,27,1988-05-29,57.125,24.5416666666667,16.7916666666667,11.75,365322.5,-2859192.5,3577,56.99735507010199,19.02173136460778,22.15577933418162
1988-06-07,28,1988-06-07,61.875,21.0833333333333,15.125,11.875,365322.5,-2859192.5,3577,61.83227518095016,17.641439700647595,18.66659720568113
1988-06-14,29,1988-06-14,59.7916666666667,27.0416666666667,11.5,12.5416666666667,365322.5,-2859192.5,3577,61.781667893500774,22.317058715275202,14.13747862044865
1988-06-23,30,1988-06-23,59.5,24.875,13.75,12.0416666666667,365322.5,-2859192.5,3577,59.42740064372303,21.880603787334266,16.962362972422362
1988-06-30,31,1988-06-30,60.7083333333333,28.25,9.04166666666667,12.7083333333333,365322.5,-2859192.5,3577,56.28297321872331,21.676161171126967,20.364796452254694
1988-07-09,32,1988-07-09,41.0,0.0,58.0,5.5,365385.0,-2859210.0,3577,52.26866245209116,22.65960961123161,23.439107976643164
1988-07-25,33,1988-07-25,55.4583333333333,30.5,12.2083333333333,12.0416666666667,365322.5,-2859192.5,3577,51.68242438675101,23.371550405215636,23.323630445917978
1988-08-01,34,1988-08-01,55.2083333333333,28.5833333333333,14.625,11.8333333333333,365322.5,-2859192.5,3577,50.322077947844406,27.015229997037096,21.129838814433175
1988-08-10,35,1988-08-10,51.625,28.2083333333333,18.5416666666667,10.9166666666667,365322.5,-2859192.5,3577,51.21417707678551,28.650894513119326,18.603502276874103
1988-08-26,36,1988-08-26,49.5416666666667,37.2916666666667,11.7083333333333,12.375,365322.5,-2859192.5,3577,53.34506231641657,29.900542697751845,15.262575144151798
1988-09-02,37,1988-09-02,51.5833333333333,31.125,15.8333333333333,12.6666666666667,365322.5,-2859192.5,3577,55.39075230753971,29.30159417465481,13.793351772064867
1988-09-11,38,1988-09-11,59.1666666666667,19.875,19.4583333333333,11.625,365322.5,-2859192.5,3577,56.01917483959992,27.558349029707145,14.903281445074864
1988-09-18,39,1988-09-18,55.625,25.0,18.0,12.6666666666667,365322.5,-2859192.5,3577,53.67271338052272,23.80512044714476,21.10989268728889
1988-09-27,40,1988-09-27,55.0416666666667,22.375,21.0,11.5,365322.5,-2859192.5,3577,51.7790581451495,25.92560999371758,20.83960917822834
1988-10-04,41,1988-10-04,46.1666666666667,30.9583333333333,21.4583333333333,10.9583333333333,365322.5,-2859192.5,3577,47.69722859698929,29.152613897965573,21.680930524580525
1988-10-13,42,1988-10-13,37.6666666666667,35.2916666666667,25.5,9.08333333333333,365322.5,-2859192.5,3577,41.50526640541502,33.67123034343892,23.32555821371262
1988-10-20,43,1988-10-20,35.125,40.8333333333333,22.625,8.83333333333333,365322.5,-2859192.5,3577,34.44106010088469,40.798416109168514,23.241093658659842
1988-10-29,44,1988-10-29,29.375,45.625,23.5,7.70833333333333,365322.5,-2859192.5,3577,27.88765452813024,45.84655527650196,24.712113995392038
1988-11-14,45,1988-11-14,22.5,48.9583333333333,26.875,6.875,365322.5,-2859192.5,3577,23.600015696374403,48.527290949497306,26.325442746104443
1988-11-21,46,1988-11-21,20.75,52.9583333333333,24.7083333333333,7.58333333333333,365322.5,-2859192.5,3577,19.24253429748498,51.435061197824396,27.802647816575544
1988-12-16,47,1988-12-16,13.625,50.125,34.7916666666667,6.83333333333333,365322.5,-2859192.5,3577,15.71441252245971,52.676964933923,30.107025843089446
1988-12-23,48,1988-12-23,12.7916666666667,56.625,29.0833333333333,6.41666666666667,365322.5,-2859192.5,3577,12.303125022550436,54.76407802722774,31.457569262518106
1989-01-08,49,1989-01-08,10.75,50.7916666666667,37.0833333333333,7.625,365322.5,-2859192.5,3577,9.741514032921254,53.474596224201235,35.299558155977024
1989-01-17,50,1989-01-17,8.66666666666667,57.125,32.8333333333333,6.79166666666667,365322.5,-2859192.5,3577,7.644482452530847,54.53693069056031,36.34749254872549
1989-02-09,51,1989-02-09,3.04166666666667,58.9583333333333,36.4166666666667,4.58333333333333,365322.5,-2859192.5,3577,5.874161957752406,57.11895960076221,35.559184365680586
1989-02-18,52,1989-02-18,7.41666666666667,55.375,35.7083333333333,6.66666666666667,365322.5,-2859192.5,3577,4.613088794589655,59.98657689059269,33.95105346149729
1989-02-25,53,1989-02-25,7.66666666666667,57.7083333333333,33.125,7.20833333333333,365322.5,-2859192.5,3577,6.0399175128268325,61.17057542559725,31.36656184372433
1989-03-06,54,1989-03-06,8.33333333333333,57.5416666666667,32.8333333333333,6.58333333333333,365322.5,-2859192.5,3577,9.350680537211666,58.674472006313096,30.625522310502248
1989-03-22,55,1989-03-22,12.9166666666667,72.5416666666667,13.3333333333333,11.5416666666667,365322.5,-2859192.5,3577,18.05264420821429,57.384314086317914,23.207783058011774
1989-04-14,56,1989-04-14,25.7916666666667,46.875,26.0416666666667,11.75,365322.5,-2859192.5,3577,27.128440573869973,51.02045896569129,20.530733327556874
1989-04-23,57,1989-04-23,36.0416666666667,38.6666666666667,23.875,11.4583333333333,365322.5,-2859192.5,3577,35.83663137687371,43.37366625891519,19.518948414843322
1989-05-09,58,1989-05-09,47.9583333333333,32.9583333333333,17.8333333333333,13.5833333333333,365322.5,-2859192.5,3577,42.5017238952934,35.923000696408636,20.29653615218327
1989-05-16,59,1989-05-16,49.75,33.7083333333333,15.2083333333333,14.3333333333333,365322.5,-2859192.5,3577,47.04151240915243,29.881106251844813,21.792220550344222
1989-06-10,60,1989-06-10,50.5833333333333,33.0833333333333,14.9166666666667,14.625,365322.5,-2859192.5,3577,47.94398918933804,27.966333524572363,22.777484898998523
1989-06-17,61,1989-06-17,34.75,15.5625,48.75,9.3125,365311.875,-2859185.625,3577,45.05051166582998,29.697958839401768,23.97086607922163
1989-06-26,62,1989-06-26,44.3333333333333,39.5416666666667,14.75,13.5833333333333,365322.5,-2859192.5,3577,40.93644590702801,34.953863925027434,22.83339377340585
1989-07-28,63,1989-07-28,38.8333333333333,42.4166666666667,17.25,11.625,365322.5,-2859192.5,3577,37.477022848147264,38.15526694666991,23.073777486699747
1989-08-13,64,1989-08-13,36.7083333333333,41.2083333333333,20.7916666666667,11.4583333333333,365322.5,-2859192.5,3577,36.356093983410524,40.62662060591021,21.66692917505288
1989-08-20,65,1989-08-20,35.9166666666667,42.5,20.25,11.5416666666667,365322.5,-2859192.5,3577,37.842954130487165,41.45296995315726,19.331200790950227
1989-08-29,66,1989-08-29,37.2916666666667,39.25,22.125,10.7083333333333,365322.5,-2859192.5,3577,39.956153882231504,40.45368982152432,18.13934324189471
1989-09-21,67,1989-09-21,43.7083333333333,39.2083333333333,15.4583333333333,10.875,365322.5,-2859192.5,3577,41.31426764669182,38.67556128081864,18.488815879679986
1989-09-30,68,1989-09-30,43.9583333333333,36.0416666666667,18.5,10.4166666666667,365322.5,-2859192.5,3577,42.551387595885885,35.85358842653197,20.034644792768724
1989-10-16,69,1989-10-16,46.1666666666667,32.0833333333333,20.125,9.95833333333333,365322.5,-2859192.5,3577,44.375857888235146,37.59531219553877,16.469257651530718
1989-11-01,70,1989-11-01,40.125,39.5833333333333,18.75,9.875,365322.5,-2859192.5,3577,42.758640224578095,38.65612303073026,17.02044047283729
1989-11-08,71,1989-11-08,37.9583333333333,43.5416666666667,16.8333333333333,10.2083333333333,365322.5,-2859192.5,3577,39.823293966089864,41.052992415215385,17.624573311103156
1989-11-17,72,1989-11-17,36.5833333333333,49.125,12.9583333333333,10.4583333333333,365322.5,-2859192.5,3577,34.633992942037295,45.02191899946646,18.918689153980417
1989-11-24,73,1989-11-24,33.875,45.375,19.4583333333333,10.7916666666667,365322.5,-2859192.5,3577,28.61441757416562,48.26382093138338,21.726302979782687
1989-12-10,74,1989-12-10,16.7916666666667,49.1666666666667,32.8333333333333,8.625,365322.5,-2859192.5,3577,22.916899406060068,51.76207448381598,23.914295972341918
1989-12-19,75,1989-12-19,17.25,53.25,27.75,7.5,365287.5,-2859142.5,3577,17.25188897789259,54.567665822301635,26.78031475747793
1989-12-26,76,1989-12-26,14.75,61.5833333333333,22.4166666666667,9.125,365322.5,-2859192.5,3577,12.647732685269501,56.407866772022416,29.54613652600827
1990-02-12,77,1990-02-12,6.0,57.9583333333333,34.5416666666667,9.08333333333333,365322.5,-2859192.5,3577,8.687781001247199,58.488320631887724,31.428331601314525
1990-02-21,78,1990-02-21,8.58333333333333,58.625,31.3333333333333,8.125,365322.5,-2859192.5,3577,6.450238873612523,61.28022094004149,30.847080293283117
1990-02-28,79,1990-02-28,5.83333333333333,65.25,27.7083333333333,8.875,365322.5,-2859192.5,3577,5.903460961122612,63.714323215474664,29.02058210107312
1990-03-09,80,1990-03-09,5.125,62.3333333333333,31.25,8.125,365322.5,-2859192.5,3577,6.014400975700383,63.70341513490715,28.946570972882434
1990-03-16,81,1990-03-16,5.79166666666667,63.5,29.375,8.66666666666667,365322.5,-2859192.5,3577,5.342306429379935,64.29191023114211,29.081443453343127
1990-04-01,82,1990-04-01,5.79166666666667,67.0,25.7916666666667,8.58333333333333,365322.5,-2859192.5,3577,5.881074678674418,64.94595664912032,27.885662711896934
1990-04-10,83,1990-04-10,6.45833333333333,66.7083333333333,25.5833333333333,7.875,365322.5,-2859192.5,3577,6.162179667596703,63.23546912323057,29.35686887931032
1990-04-26,84,1990-04-26,7.08333333333333,58.375,33.4166666666667,8.54166666666667,365322.5,-2859192.5,3577,6.293590826097626,63.90826639819494,28.54529036494554
1990-05-03,85,1990-05-03,6.16666666666667,60.1666666666667,32.3333333333333,8.79166666666667,365322.5,-2859192.5,3577,6.991270468436604,62.490072491998134,29.255722863303625
1990-05-12,86,1990-05-12,6.45833333333333,62.7916666666667,29.625,8.25,365322.5,-2859192.5,3577,7.013868742195868,57.913103408450795,33.80391074353416
1990-05-28,87,1990-05-28,7.0,53.4583333333333,38.0833333333333,9.58333333333333,365322.5,-2859192.5,3577,7.283035791020912,53.50032663882834,37.89160314307509
1990-06-04,88,1990-06-04,8.75,52.7083333333333,37.125,9.41666666666667,365322.5,-2859192.5,3577,7.631804306022137,50.43015603871872,40.54158269021861
1990-06-13,89,1990-06-13,8.29166666666667,57.75,32.5833333333333,9.29166666666667,365322.5,-2859192.5,3577,7.74153158268579,50.23970837539604,40.550218240333194
1990-06-29,90,1990-06-29,5.54545454545455,28.6363636363636,64.2727272727273,15.9545454545455,365318.181818182,-2859197.72727273,3577,7.493000432346346,51.06276943807843,39.96826928816901
1990-07-06,91,1990-07-06,7.41666666666667,53.2916666666667,37.8333333333333,9.5,365322.5,-2859192.5,3577,6.8504445994936765,51.63575144481352,40.04925029702786
1990-07-15,92,1990-07-15,7.08333333333333,66.9583333333333,24.5,10.125,365322.5,-2859192.5,3577,5.761606134740654,53.0790172394371,39.715391208841496
1990-08-07,93,1990-08-07,3.79166666666667,55.0,39.8333333333333,9.16666666666667,365322.5,-2859192.5,3577,4.009086185415448,54.46828618186514,40.15801758518579
1990-08-23,94,1990-08-23,2.625,54.8333333333333,41.2083333333333,8.5,365322.5,-2859192.5,3577,2.804198510467441,53.81882951928584,42.02861882698714
1990-09-08,95,1990-09-08,1.83333333333333,46.0833333333333,50.7916666666667,8.95833333333333,365322.5,-2859192.5,3577,2.281509125549032,52.381359739324026,43.98797783742946
1990-09-17,96,1990-09-17,1.66666666666667,46.875,50.0833333333333,8.20833333333333,365322.5,-2859192.5,3577,2.012708653575226,49.4710825809823,47.19082736148594
1990-09-24,97,1990-09-24,1.20833333333333,47.5833333333333,49.9166666666667,8.20833333333333,365322.5,-2859192.5,3577,1.9774874248555514,44.16481557657369,52.47091389002371
1990-10-03,98,1990-10-03,2.04166666666667,46.4166666666667,50.125,7.875,365322.5,-2859192.5,3577,2.356941948659863,44.78548914964655,51.46602726478121
1990-10-19,99,1990-10-19,5.54166666666667,44.2916666666667,48.6666666666667,7.125,365322.5,-2859192.5,3577,2.5841867111213097,46.19846716750054,49.86025081728674
1990-10-26,100,1990-10-26,1.75,46.0416666666667,50.9166666666667,8.20833333333333,365322.5,-2859192.5,3577,2.2874439801680975,46.298506318236264,50.11559029205341
1990-11-04,101,1990-11-04,1.125,48.0416666666667,49.6666666666667,7.375,365322.5,-2859192.5,3577,1.8953168864156753,48.039635158436056,48.80053151182455
1990-11-11,102,1990-11-11,0.75,51.125,46.7916666666667,7.91666666666667,365322.5,-2859192.5,3577,1.4248414124572983,48.82041629680221,48.55924119739184
1990-11-20,103,1990-11-20,0.208333333333333,49.5833333333333,49.3333333333333,7.29166666666667,365322.5,-2859192.5,3577,0.49945874558870157,50.49234125007364,47.82986208836887
1990-11-27,104,1990-11-27,1.125,50.7916666666667,46.8333333333333,7.95833333333333,365322.5,-2859192.5,3577,0.0,52.73144128832193,46.15662369105951
1990-12-13,105,1990-12-13,0.5,56.7083333333333,41.5,8.16666666666667,365322.5,-2859192.5,3577,0.1729407073834065,55.75440761508039,42.95426761060793
1990-12-29,106,1990-12-29,0.708333333333333,58.0,40.125,7.95833333333333,365322.5,-2859192.5,3577,1.2746388028893871,57.55498783980896,40.02521163046879
1991-01-07,107,1991-01-07,0.583333333333333,56.2083333333333,42.2083333333333,7.54166666666667,365322.5,-2859192.5,3577,1.7026700080103119,59.05724396861285,38.10646293850058
1991-01-14,108,1991-01-14,1.54166666666667,62.7916666666667,34.4166666666667,8.08333333333333,365322.5,-2859192.5,3577,2.1930104209512695,59.48026947252065,37.16108633368139
1991-02-08,109,1991-02-08,5.0,61.6666666666667,32.3333333333333,9.16666666666667,365285.0,-2859235.0,3577,2.5851663816056223,59.126294500124686,37.060897435891896
1991-02-15,110,1991-02-15,2.83333333333333,58.125,37.75,7.54166666666667,365322.5,-2859192.5,3577,2.49166558415747,58.43813822915118,37.843946430241076
1991-02-24,111,1991-02-24,1.95833333333333,53.0,43.5833333333333,7.08333333333333,365322.5,-2859192.5,3577,2.345750611617133,58.30460535335826,38.118475178067
1991-03-03,112,1991-03-03,0.416666666666667,59.625,38.7916666666667,7.66666666666667,365322.5,-2859192.5,3577,1.9233502565543033,59.02365462194302,37.801750236342116
1991-03-12,113,1991-03-12,2.08333333333333,58.6666666666667,37.875,7.0,365322.5,-2859192.5,3577,1.5421754458129857,58.980220759623705,38.20764684231607
1991-03-19,114,1991-03-19,1.16666666666667,62.8333333333333,34.9166666666667,7.75,365322.5,-2859192.5,3577,1.2105885600465824,59.60678408278136,37.89219294636686
1991-03-28,115,1991-03-28,0.916666666666667,63.0833333333333,34.875,6.83333333333333,365322.5,-2859192.5,3577,1.1026326614560253,61.46383969486766,36.181836223626505
1991-04-04,116,1991-04-04,2.45833333333333,60.1666666666667,36.0416666666667,7.66666666666667,365322.5,-2859192.5,3577,1.4722101943461958,61.48716054326591,35.8254629787084
1991-04-13,117,1991-04-13,1.33333333333333,59.875,37.2083333333333,7.25,365322.5,-2859192.5,3577,1.6639333318897376,63.29338334523149,33.73152105891539
1991-04-20,118,1991-04-20,1.33333333333333,61.2916666666667,36.2083333333333,7.79166666666667,365322.5,-2859192.5,3577,1.7173695757284495,62.36282718828229,34.59651055857967
1991-04-29,119,1991-04-29,1.0,65.7916666666667,32.125,7.5,365322.5,-2859192.5,3577,1.309768920449837,62.00443648198142,35.441019893413966
1991-05-06,120,1991-05-06,1.5,60.375,37.0,7.54166666666667,365322.5,-2859192.5,3577,1.1511714549638505,59.8716135515582,37.80102714622273
1991-05-15,121,1991-05-15,2.08333333333333,60.0416666666667,36.3333333333333,7.5,365322.5,-2859192.5,3577,0.9738429784867947,59.45610516933159,38.475483365957494
1991-05-22,122,1991-05-22,0.958333333333333,62.2916666666667,35.7916666666667,6.125,365322.5,-2859192.5,3577,1.1713485173235745,58.653912908548115,39.13798959038313
1991-05-31,123,1991-05-31,0.0,44.3333333333333,55.0476190476191,4.04761904761905,365313.571428571,-2859196.42857143,3577,1.7105218053357922,56.968299631216816,40.22618248623841
1991-06-23,124,1991-06-23,1.66666666666667,62.2083333333333,34.8333333333333,9.41666666666667,365322.5,-2859192.5,3577,2.097576443164366,56.18219976616969,40.55148721247188
1991-07-02,125,1991-07-02,3.83333333333333,56.6666666666667,38.1666666666667,8.54166666666667,365322.5,-2859192.5,3577,2.45786875663,56.40280784745886,39.97186868858101
1991-07-09,126,1991-07-09,3.16666666666667,61.5,34.0416666666667,9.125,365322.5,-2859192.5,3577,2.5613593063279643,56.524343819227,39.710537527482096
1991-07-18,127,1991-07-18,2.66666666666667,49.8333333333333,46.2916666666667,8.41666666666667,365322.5,-2859192.5,3577,2.5340638463699694,55.026569276948045,41.17774382479652
1991-08-03,128,1991-08-03,1.58333333333333,53.625,43.4166666666667,8.08333333333333,365322.5,-2859192.5,3577,2.239734208000127,53.27735680211664,43.14879122424919
1991-08-10,129,1991-08-10,1.20833333333333,54.375,43.4166666666667,8.66666666666667,365322.5,-2859192.5,3577,1.5357949583953476,50.952193704121065,46.26631108828561
1991-08-19,130,1991-08-19,0.791666666666667,47.375,50.5833333333333,7.875,365322.5,-2859192.5,3577,0.7854999747413429,48.08435630416334,49.95786733905184
1991-08-26,131,1991-08-26,0.5,45.3333333333333,52.875,7.875,365322.5,-2859192.5,3577,0.44117105804405654,48.94674146801897,49.46326957355629
1991-09-04,132,1991-09-04,0.625,49.375,48.9583333333333,7.54166666666667,365322.5,-2859192.5,3577,0.3511748829085757,50.01974856927669,48.56677636088675
1991-09-11,133,1991-09-11,0.166666666666667,52.7083333333333,46.1666666666667,7.83333333333333,365322.5,-2859192.5,3577,0.22927627068490536,51.97873682044731,46.84028303996644
1991-09-20,134,1991-09-20,0.166666666666667,54.125,44.875,7.33333333333333,365322.5,-2859192.5,3577,0.4201748973420176,52.61074516298187,46.06509486384958
1991-09-27,135,1991-09-27,0.166666666666667,56.1666666666667,42.75,7.75,365322.5,-2859192.5,3577,0.8081677094833767,53.731632531547106,44.62435680933466
1991-10-06,136,1991-10-06,0.0,52.5416666666667,46.8333333333333,7.20833333333333,365322.5,-2859192.5,3577,0.0,54.54747071812822,45.58946123535225
1991-10-22,137,1991-10-22,0.0416666666666667,52.8333333333333,46.2083333333333,6.875,365322.5,-2859192.5,3577,0.0,52.460559693137014,48.18808771207431
1991-11-07,138,1991-11-07,0.416666666666667,48.5416666666667,50.0,6.75,365322.5,-2859192.5,3577,0.0,50.068855679916325,49.36442208461593
1991-11-14,139,1991-11-14,0.208333333333333,50.0416666666667,48.6666666666667,7.29166666666667,365322.5,-2859192.5,3577,3.022054313075534,47.62484844875776,48.31575248795887
1991-11-30,140,1991-11-30,0.125,48.875,50.0833333333333,7.125,365322.5,-2859192.5,3577,4.734096141216172,48.33152644568332,45.75910660546199
1991-12-16,141,1991-12-16,5.125,48.7916666666667,44.5833333333333,7.75,365322.5,-2859192.5,3577,6.10045952499421,50.61645449492992,41.982810661983955
1992-01-17,142,1992-01-17,21.375,46.4583333333333,30.875,8.25,365322.5,-2859192.5,3577,7.769997546312165,53.95736178165714,36.870291988707535
1992-02-11,143,1992-02-11,12.3333333333333,57.4166666666667,28.75,7.29166666666667,365322.5,-2859192.5,3577,11.136291469107135,54.38919078856347,33.04760061919011
1992-02-18,144,1992-02-18,10.5416666666667,57.0,30.9166666666667,7.75,365322.5,-2859192.5,3577,15.845263482645016,51.79940931101147,30.872773640183887
1992-03-05,145,1992-03-05,12.0833333333333,58.875,27.5416666666667,10.4583333333333,365322.5,-2859192.5,3577,26.505968231970474,50.50507335800698,21.535181536726306
1992-03-14,146,1992-03-14,37.2916666666667,39.25,22.0833333333333,9.45833333333333,365322.5,-2859192.5,3577,34.8785704749275,45.44970303173958,18.186914092097144
1992-03-21,147,1992-03-21,45.625,34.7083333333333,18.2083333333333,10.2083333333333,365322.5,-2859192.5,3577,40.94916809196385,39.42397179703092,18.117855441769144
1992-03-30,148,1992-03-30,53.2916666666667,29.125,16.0416666666667,9.54166666666667,365322.5,-2859192.5,3577,45.20537898633201,34.525239595280894,18.665954917113112
1992-04-06,149,1992-04-06,52.1666666666667,39.4166666666667,6.75,11.1666666666667,365322.5,-2859192.5,3577,47.25181320227056,31.688828328529485,19.417157403996605
1992-04-22,150,1992-04-22,46.5416666666667,39.2916666666667,12.5,10.5833333333333,365322.5,-2859192.5,3577,43.874701407976616,32.665660835547605,21.81646513960429
1992-05-01,151,1992-05-01,16.0,19.4166666666667,62.625,2.95833333333333,365322.5,-2859192.5,3577,38.25150649143889,35.21483019044413,24.921040002305624
1992-06-09,152,1992-06-09,38.7916666666667,46.7083333333333,13.2083333333333,12.8333333333333,365322.5,-2859192.5,3577,33.473530855104826,38.48282148707271,26.502166821822307
1992-06-25,153,1992-06-25,36.0416666666667,41.25,21.2916666666667,12.25,365322.5,-2859192.5,3577,32.102615521728396,39.57494840040688,26.879505942969416
1992-07-04,154,1992-07-04,33.625,39.5833333333333,25.5,10.5,365322.5,-2859192.5,3577,31.638622471435106,39.87780369784417,27.1049041257979
1992-07-11,155,1992-07-11,32.9166666666667,40.6666666666667,25.125,11.3333333333333,365322.5,-2859192.5,3577,32.3570105075475,41.072670621426084,25.223372087145414
1992-07-20,156,1992-07-20,31.6666666666667,40.6666666666667,26.125,10.7916666666667,365322.5,-2859192.5,3577,31.745005123870378,41.52844652766633,25.359368572600086
1992-07-27,157,1992-07-27,29.0416666666667,40.0833333333333,29.5,11.125,365322.5,-2859192.5,3577,29.643330482722366,41.48676452545804,27.481366414798842
1992-09-06,158,1992-09-06,22.5416666666667,40.0416666666667,36.0,10.5416666666667,365322.5,-2859192.5,3577,24.412447588527556,38.6108561201383,35.5578709216427
1992-09-13,159,1992-09-13,22.2916666666667,40.0416666666667,36.25,10.5416666666667,365322.5,-2859192.5,3577,22.45005935756376,39.74757427814111,36.41085810473811
1992-09-29,160,1992-09-29,18.9583333333333,43.2916666666667,36.4166666666667,9.33333333333333,365322.5,-2859192.5,3577,18.448936254661064,40.78629020617575,39.38523692509172
1992-10-24,161,1992-10-24,15.125,34.9583333333333,48.5833333333333,9.25,365322.5,-2859192.5,3577,13.881350718422947,40.42171296195459,44.332572870878934
1992-10-31,162,1992-10-31,12.9166666666667,47.3333333333333,38.4583333333333,9.79166666666667,365322.5,-2859192.5,3577,9.755150937812019,42.14928157497186,46.746586488839554
1992-11-25,163,1992-11-25,3.45833333333333,40.0833333333333,55.0,9.125,365322.5,-2859192.5,3577,6.504138792063516,45.102209580918,47.033629940743644
1992-12-11,164,1992-12-11,1.70833333333333,53.0416666666667,43.8333333333333,8.83333333333333,365322.5,-2859192.5,3577,3.664479096754093,49.86287409699977,45.14313021858786
1992-12-27,165,1992-12-27,1.66666666666667,52.375,44.75,8.875,365322.5,-2859192.5,3577,1.9687046699427702,53.221525507508275,43.4712485656693
1993-01-12,166,1993-01-12,2.75,50.75,45.125,8.375,365322.5,-2859192.5,3577,2.0950974979609653,56.177818311710865,40.40236041048131
1993-01-19,167,1993-01-19,4.375,68.9166666666667,25.5,9.66666666666667,365322.5,-2859192.5,3577,2.718137705946893,57.84810326411631,38.17942538626953
1993-01-28,168,1993-01-28,3.54166666666667,58.0416666666667,37.0833333333333,8.25,365322.5,-2859192.5,3577,3.6623528690086657,59.742297047628696,35.28855625797822
1993-02-04,169,1993-02-04,3.25,57.8333333333333,37.625,9.08333333333333,365322.5,-2859192.5,3577,4.307481669516632,62.04710176303678,32.33243259577915
1993-02-13,170,1993-02-13,5.625,53.25,39.7916666666667,8.04166666666667,365322.5,-2859192.5,3577,3.9312800847237703,60.52220225593935,34.22236129453109
1993-02-20,171,1993-02-20,2.20833333333333,65.0416666666667,31.5833333333333,8.875,365322.5,-2859192.5,3577,3.2048183369773002,58.45952679930137,37.07250508778591
1993-03-01,172,1993-03-01,1.75,59.7916666666667,37.0833333333333,8.16666666666667,365322.5,-2859192.5,3577,2.594322602062152,54.94077594231574,41.268401747884745
1993-03-08,173,1993-03-08,2.79166666666667,57.6666666666667,38.125,8.66666666666667,365322.5,-2859192.5,3577,2.0335807768080274,52.13485804700197,44.6685560956005
1993-03-24,174,1993-03-24,1.6875,40.25,57.4375,7.5,365343.75,-2859185.625,3577,1.911499040175223,51.18487085668984,45.78159707938435
1993-04-02,175,1993-04-02,1.70833333333333,43.9583333333333,53.125,7.5,365322.5,-2859192.5,3577,1.1122223364868713,49.166240879855835,48.58187871209591
1993-04-09,176,1993-04-09,0.791666666666667,51.5,46.5416666666667,7.54166666666667,365322.5,-2859192.5,3577,1.5396468856218841,47.18245325365362,50.1063826524278
1993-04-18,177,1993-04-18,3.66666666666667,53.2083333333333,41.7083333333333,8.58333333333333,365322.5,-2859192.5,3577,1.1943757352037347,47.47400625689388,50.13457253530034
1993-04-25,178,1993-04-25,3.25,50.2916666666667,45.2083333333333,8.91666666666667,365322.5,-2859192.5,3577,5.007258672699109,50.759618992970516,42.930700040407245
1993-05-20,179,1993-05-20,6.66666666666667,48.3333333333333,43.6666666666667,9.75,365322.5,-2859192.5,3577,7.438448999399911,53.52976087379311,37.6395493696134
1993-05-27,180,1993-05-27,10.0416666666667,50.9583333333333,37.625,10.125,365322.5,-2859192.5,3577,11.962289000986921,51.69158060720756,34.89099677411849
1993-06-05,181,1993-06-05,20.0416666666667,48.5,30.125,11.5,365322.5,-2859192.5,3577,18.081291451064313,46.894450879351,33.68556501547485
1993-06-12,182,1993-06-12,21.75,53.6666666666667,23.1666666666667,17.8333333333333,365322.5,-2859192.5,3577,23.94223732923068,44.04679144384369,30.713256042198843
1993-06-21,183,1993-06-21,34.5,38.2916666666667,25.75,11.7083333333333,365322.5,-2859192.5,3577,27.225083353175282,41.373075840561924,30.19040428095707
1993-06-28,184,1993-06-28,15.1666666666667,33.0416666666667,50.9166666666667,7.83333333333333,365322.5,-2859192.5,3577,28.102442320317397,39.70110307648415,30.986450597901094
1993-07-23,185,1993-07-23,39.5416666666667,31.5833333333333,27.6666666666667,12.375,365322.5,-2859192.5,3577,25.871545894761855,39.83455295993403,33.11335851970035
1993-08-08,186,1993-08-08,21.25,51.625,26.1666666666667,10.9583333333333,365322.5,-2859192.5,3577,21.51960152849925,40.907239818998434,36.39902087076468
1993-08-24,187,1993-08-24,11.0,44.2916666666667,43.25,9.95833333333333,365322.5,-2859192.5,3577,16.246558524032885,42.44982571607325,40.09911992032137
1993-08-31,188,1993-08-31,8.5,42.1666666666667,48.0,8.625,365322.5,-2859192.5,3577,11.606251849284178,45.7094871073131,41.455349217339936
1993-09-09,189,1993-09-09,9.54166666666667,50.6666666666667,38.4166666666667,9.33333333333333,365322.5,-2859192.5,3577,7.315541398744638,46.480077327206615,44.903475394567764
1993-10-18,190,1993-10-18,5.20833333333333,45.25,48.4583333333333,7.375,365322.5,-2859192.5,3577,5.088990344020539,46.35989900191994,47.1860255327677
1993-10-27,191,1993-10-27,3.95833333333333,40.9583333333333,53.7083333333333,8.125,365322.5,-2859192.5,3577,2.2042125830822217,45.787253639026986,50.63297809001385
1993-11-03,192,1993-11-03,3.29166666666667,46.8333333333333,48.4166666666667,10.0,365322.5,-2859192.5,3577,3.695716693007162,45.39403772181731,49.48278359926226
1993-11-12,193,1993-11-12,1.41666666666667,49.9166666666667,47.25,9.04166666666667,365322.5,-2859192.5,3577,2.405104570351888,47.413865675081496,48.76986584106598
1993-12-14,194,1993-12-14,1.20833333333333,42.25,54.9583333333333,8.70833333333333,365322.5,-2859192.5,3577,1.229355654665068,47.746959052292475,49.60490232161318
1993-12-21,195,1993-12-21,1.625,59.1666666666667,37.875,10.7916666666667,365322.5,-2859192.5,3577,0.7339960091506975,48.33167799691846,49.5761012723013
1993-12-30,196,1993-12-30,0.333333333333333,42.125,56.2916666666667,9.33333333333333,365322.5,-2859192.5,3577,0.6458283718344671,49.84838922686477,48.23191669011383
1994-01-15,197,1994-01-15,0.291666666666667,49.7083333333333,48.9166666666667,8.66666666666667,365322.5,-2859192.5,3577,0.299026824568575,50.15535174319255,48.38076255529094
1994-01-22,198,1994-01-22,0.0833333333333333,52.25,46.5833333333333,9.66666666666667,365322.5,-2859192.5,3577,0.2748940945534955,50.349384232890635,48.232315414196755
1994-01-31,199,1994-01-31,0.291666666666667,50.875,47.6666666666667,8.5,365322.5,-2859192.5,3577,0.3236069915635996,51.429037036227484,47.11278839838508
1994-03-04,200,1994-03-04,0.333333333333333,52.25,46.2083333333333,8.70833333333333,365322.5,-2859192.5,3577,0.2897280737837584,52.392960625537924,46.17353879350094
1994-03-27,201,1994-03-27,0.416666666666667,53.7083333333333,44.6666666666667,8.58333333333333,365322.5,-2859192.5,3577,0.463161322681377,52.46739483426004,45.85610120013459
1994-04-05,202,1994-04-05,0.958333333333333,53.0833333333333,44.7083333333333,8.54166666666667,365322.5,-2859192.5,3577,0.6688389010369433,54.10265791998728,44.006018749046234
1994-04-12,203,1994-04-12,0.583333333333333,53.0416666666667,45.1666666666667,9.04166666666667,365322.5,-2859192.5,3577,0.7483924743985544,53.05504016106937,44.9645640736905
1994-04-21,204,1994-04-21,0.375,52.8333333333333,45.6666666666667,8.625,365322.5,-2859192.5,3577,0.5047287593726462,52.16895797699971,46.13108460166596
1994-04-28,205,1994-04-28,0.666666666666667,52.5833333333333,45.5,9.125,365322.5,-2859192.5,3577,0.3277809651648169,52.00113934052786,46.51144572660907
1994-05-07,206,1994-05-07,0.583333333333333,52.1666666666667,46.0416666666667,8.54166666666667,365322.5,-2859192.5,3577,0.36446358079479624,52.54314429120146,45.941984743835484
1994-05-14,207,1994-05-14,0.166666666666667,53.1666666666667,45.625,9.125,365322.5,-2859192.5,3577,0.5572024724500679,53.70054468234781,44.563894181147596
1994-05-23,208,1994-05-23,0.375,52.7916666666667,45.5833333333333,8.625,365322.5,-2859192.5,3577,0.8314091739013104,55.341792237681815,42.61201981712182
1994-05-30,209,1994-05-30,0.583333333333333,55.0833333333333,43.1666666666667,9.125,365322.5,-2859192.5,3577,1.194073985869473,56.35777006790099,41.195285493653955
1994-06-08,210,1994-06-08,2.91666666666667,63.9166666666667,31.7916666666667,10.0416666666667,365322.5,-2859192.5,3577,1.427664054211828,56.963021498616726,40.3225605663626
1994-06-15,211,1994-06-15,1.58333333333333,55.5416666666667,41.5,9.75,365322.5,-2859192.5,3577,1.5132417891703545,56.73923354766163,40.4413370427242
1994-06-24,212,1994-06-24,1.08333333333333,53.2916666666667,44.3333333333333,8.95833333333333,365322.5,-2859192.5,3577,1.4476994883339458,55.3442901267896,41.917481254549294
1994-07-01,213,1994-07-01,0.875,53.0416666666667,44.9166666666667,9.66666666666667,365322.5,-2859192.5,3577,1.17132776923781,51.96005722862533,45.638047839666406
1994-07-10,214,1994-07-10,0.833333333333333,49.9583333333333,48.0,8.95833333333333,365322.5,-2859192.5,3577,0.7436249251263614,52.41238805053813,45.63322796913447
1994-07-17,215,1994-07-17,0.333333333333333,50.375,48.125,9.16666666666667,365322.5,-2859192.5,3577,0.3564512113273187,50.24170708032187,48.227338579885554
1994-07-26,216,1994-07-26,0.166666666666667,47.5416666666667,51.25,8.83333333333333,365322.5,-2859192.5,3577,0.12353320054556602,47.913641054500786,50.84733738912546
1994-08-11,217,1994-08-11,0.166666666666667,47.5416666666667,51.25,8.58333333333333,365322.5,-2859192.5,3577,0.19531165428995378,46.480751188948595,52.29570713083865
1994-08-18,218,1994-08-18,0.125,49.2916666666667,49.4166666666667,8.95833333333333,365322.5,-2859192.5,3577,0.07882468408783028,44.99002017074102,53.96607507558715
1994-08-27,219,1994-08-27,0.0416666666666667,49.875,49.125,8.29166666666667,365322.5,-2859192.5,3577,0.02430953978941218,45.10004456327313,53.994794034646645
1994-09-03,220,1994-09-03,0.0,25.375,74.125,4.875,365298.75,-2859153.75,3577,0.0,44.35139048257582,54.85590093600111
1994-09-28,221,1994-09-28,0.0,53.25,45.9166666666667,7.58333333333333,365322.5,-2859192.5,3577,0.0286251416282333,45.34905767606328,53.800006495044904
1994-10-14,222,1994-10-14,0.0,52.5833333333333,46.625,7.41666666666667,365322.5,-2859192.5,3577,0.0,47.671215909985875,51.49942356404436
1994-10-21,223,1994-10-21,0.0416666666666667,52.4166666666667,46.4583333333333,8.0,365322.5,-2859192.5,3577,0.017744123781272797,51.11066036645768,47.996622572466805
1994-10-30,224,1994-10-30,0.0,49.375,49.7916666666667,7.375,365322.5,-2859192.5,3577,1.1438582057775382,54.005600178966716,43.88318376669115
1994-11-22,225,1994-11-22,0.0833333333333333,52.0,46.7916666666667,8.375,365322.5,-2859192.5,3577,0.6866191084456286,55.864402238619896,42.39408192426135
1994-12-08,226,1994-12-08,0.208333333333333,64.4583333333333,34.2083333333333,8.375,365322.5,-2859192.5,3577,0.0,56.81357935149654,44.08196486175704
1994-12-17,227,1994-12-17,0.0,53.3333333333333,45.875,7.58333333333333,365322.5,-2859192.5,3577,0.0,54.85183791955416,48.056880426068275
1994-12-24,228,1994-12-24,0.25,52.8333333333333,45.7083333333333,8.08333333333333,365322.5,-2859192.5,3577,0.0,55.21055969313656,45.885143107659445
1995-01-02,229,1995-01-02,0.0,47.1666666666667,51.8333333333333,7.58333333333333,365322.5,-2859192.5,3577,3.9955779514597203,50.617507234759714,44.34310748590269
1995-01-09,230,1995-01-09,0.0833333333333333,50.2083333333333,48.75,8.125,365322.5,-2859192.5,3577,13.889859237767393,43.60415268425452,41.38921694919527
1995-01-25,231,1995-01-25,23.5,43.5833333333333,31.75,8.91666666666667,365322.5,-2859192.5,3577,23.719503922286766,37.15962584886178,37.97215787308099
1995-02-03,232,1995-02-03,44.1666666666667,29.6666666666667,24.75,9.625,365322.5,-2859192.5,3577,33.51806526806027,34.326727323239226,30.92256814392576
1995-02-10,233,1995-02-10,46.9166666666667,26.0416666666667,25.7916666666667,10.2083333333333,365322.5,-2859192.5,3577,38.766292659862714,34.898237856049974,25.035038104306814
1995-02-19,234,1995-02-19,38.0833333333333,31.7083333333333,28.875,9.0,365322.5,-2859192.5,3577,38.74611198914026,35.92696312974414,23.99811733673605
1995-02-26,235,1995-02-26,29.3333333333333,46.375,22.9583333333333,9.0,365322.5,-2859192.5,3577,33.572167254824784,39.12787857137117,25.899887779914863
1995-03-07,236,1995-03-07,19.5416666666667,52.8333333333333,26.25,7.95833333333333,365322.5,-2859192.5,3577,24.387401040648182,44.86279290883883,29.330896786387747
1995-03-14,237,1995-03-14,19.5416666666667,50.1666666666667,28.75,8.16666666666667,365322.5,-2859192.5,3577,15.571137969355473,51.1491778345417,31.828342967657086
1995-03-22,238,1995-03-22,5.0,49.5,44.0,9.0,365265.0,-2859150.0,3577,10.752598923262967,56.287791285073894,31.445738343179443
1995-03-30,239,1995-03-30,11.9166666666667,57.125,29.4583333333333,7.83333333333333,365322.5,-2859192.5,3577,9.527834008095764,58.953397995184844,30.00043390561517
1995-04-15,240,1995-04-15,9.83333333333333,62.9583333333333,25.625,7.79166666666667,365322.5,-2859192.5,3577,9.040274740737805,60.7111424437185,28.710076172533185
1995-04-23,241,1995-04-23,10.0416666666667,67.2083333333333,21.1666666666667,7.625,365322.5,-2859192.5,3577,8.54989850949021,62.78308613925047,27.103258765451955
1995-05-09,242,1995-05-09,10.625,61.625,26.2083333333333,7.45833333333333,365322.5,-2859192.5,3577,8.434621826602903,65.10598281399528,24.859509829388664
1995-05-25,243,1995-05-25,4.375,69.0833333333333,25.0416666666667,6.41666666666667,365322.5,-2859192.5,3577,7.767876784175028,66.76981282996947,23.84766251322535
1995-06-02,244,1995-06-02,7.04166666666667,64.2083333333333,27.1666666666667,7.5,365322.5,-2859192.5,3577,7.117329363708744,66.772627405972,24.495756353155727
1995-06-10,245,1995-06-10,4.375,65.625,28.125,5.25,365322.5,-2859192.5,3577,4.8408310335320035,66.78980644953512,26.83410578827679
1995-06-18,246,1995-06-18,6.04166666666667,66.0,26.625,8.41666666666667,365322.5,-2859192.5,3577,4.205853751359407,65.68697378926773,28.647768821958664
1995-06-26,247,1995-06-26,3.91666666666667,65.0,29.7083333333333,7.66666666666667,365322.5,-2859192.5,3577,3.175505032816523,63.462939036914236,32.001978762445646
1995-07-04,248,1995-07-04,0.823529411764706,65.2941176470588,32.7647058823529,6.35294117647059,365302.058823529,-2859200.29411765,3577,2.751446900394772,61.50531941650581,34.4567822679909
1995-07-20,249,1995-07-20,2.04166666666667,58.9583333333333,37.8333333333333,9.125,365322.5,-2859192.5,3577,2.1592583795731204,59.1797547289628,37.50891313354328
1995-08-13,250,1995-08-13,1.54166666666667,56.5416666666667,40.7916666666667,8.08333333333333,365322.5,-2859192.5,3577,1.2818891710485159,59.27090430663576,38.366123480714364
1995-08-29,251,1995-08-29,2.04166666666667,53.1666666666667,43.5416666666667,7.875,365322.5,-2859192.5,3577,1.3284173636111212,60.34901968212395,37.231569650522395
1995-09-14,252,1995-09-14,1.0,65.0,33.0,9.83333333333333,365325.0,-2859240.0,3577,1.2666289805014939,62.68948260959254,34.89260769582596
1995-09-21,253,1995-09-21,1.54166666666667,67.9166666666667,29.4166666666667,7.58333333333333,365322.5,-2859192.5,3577,1.5402747938030665,64.0472688620699,33.28216712110316
1995-09-30,254,1995-09-30,0.333333333333333,64.5833333333333,34.125,6.375,365322.5,-2859192.5,3577,1.358653161626007,64.22682056757313,33.30257978832422
1995-10-07,255,1995-10-07,2.41666666666667,64.7083333333333,31.4583333333333,9.16666666666667,365322.5,-2859192.5,3577,0.9144910892542024,60.20159577718776,37.805953129909405
1995-10-16,256,1995-10-16,0.625,56.0416666666667,42.3333333333333,7.83333333333333,365322.5,-2859192.5,3577,0.7711603412066662,55.479879769345175,42.70327801712611
1995-11-24,257,1995-11-24,0.0833333333333333,46.9166666666667,52.0833333333333,8.95833333333333,365322.5,-2859192.5,3577,0.486067209364351,51.39058902912626,47.10225739172401
1996-01-04,258,1996-01-04,0.0416666666666667,43.5416666666667,55.5,8.25,365322.5,-2859192.5,3577,0.3424327220766342,47.70263121810399,50.92417476743339
1996-02-13,259,1996-02-13,0.166666666666667,46.125,52.6666666666667,8.45833333333333,365322.5,-2859192.5,3577,0.11631647506258774,47.36280914647082,51.52160868026969
1996-02-21,260,1996-02-21,0.291666666666667,47.2916666666667,51.3333333333333,7.33333333333333,365322.5,-2859192.5,3577,0.07465973139346649,47.80659807168382,51.13248194013683
1996-02-29,261,1996-02-29,0.166666666666667,62.1666666666667,36.7083333333333,9.33333333333333,365322.5,-2859192.5,3577,0.011112855153101092,49.850779767180995,49.171694018048896
1996-03-08,262,1996-03-08,0.0,47.7083333333333,51.2083333333333,7.58333333333333,365322.5,-2859192.5,3577,0.2424955075883509,52.11219482271335,46.61515909270629
1996-03-24,263,1996-03-24,0.416666666666667,47.625,51.0,7.45833333333333,365322.5,-2859192.5,3577,0.2197195219640713,53.126203388966346,45.63759228387028
1996-04-01,264,1996-04-01,0.0,53.375,45.75,7.83333333333333,365322.5,-2859192.5,3577,0.20977126588578582,51.821951655148254,46.950146860356554
1996-04-09,265,1996-04-09,0.25,51.5416666666667,47.1666666666667,7.70833333333333,365322.5,-2859192.5,3577,0.12138622471437974,50.36012993713481,48.55170062135281
1996-04-17,266,1996-04-17,0.166666666666667,54.625,44.125,8.16666666666667,365322.5,-2859192.5,3577,0.21794781585799972,51.12338706184693,47.684757193264005
1996-04-25,267,1996-04-25,0.333333333333333,48.4166666666667,50.2083333333333,7.66666666666667,365322.5,-2859192.5,3577,0.26032532998473346,53.05397479196997,45.717719586907805
1996-05-03,268,1996-05-03,0.333333333333333,52.2916666666667,46.5416666666667,7.25,365322.5,-2859192.5,3577,0.2540224223660381,53.55756691707906,45.20447418937455
1996-05-12,269,1996-05-12,0.166666666666667,52.7083333333333,46.2083333333333,6.54166666666667,365322.5,-2859192.5,3577,0.38981864368855534,52.832331110574,45.79497553529377
1996-05-19,270,1996-05-19,0.583333333333333,60.5,38.0,8.20833333333333,365322.5,-2859192.5,3577,0.6382264536288358,54.10631860398855,44.2893383706011
1996-06-04,271,1996-06-04,1.16666666666667,55.9166666666667,41.6666666666667,9.70833333333333,365322.5,-2859192.5,3577,0.8268906016582807,55.35785486442555,42.83892358930417
1996-06-20,272,1996-06-20,0.291666666666667,46.875,51.9583333333333,6.41666666666667,365322.5,-2859192.5,3577,0.9424484184544699,56.28293485333711,41.81331944325308
1996-06-29,273,1996-06-29,1.375,51.625,45.9583333333333,8.375,365322.5,-2859192.5,3577,0.949983581949384,53.80942495857007,44.1780427731008
1996-07-06,274,1996-07-06,1.33333333333333,66.0833333333333,31.7083333333333,11.0,365322.5,-2859192.5,3577,0.8749494829214879,51.65807090983881,46.39059189459148
1996-07-15,275,1996-07-15,0.375,48.75,49.7083333333333,8.66666666666667,365322.5,-2859192.5,3577,0.6203407016099581,50.867912379605734,47.4980600274419
1996-07-22,276,1996-07-22,0.166666666666667,43.2083333333333,55.5833333333333,9.125,365322.5,-2859192.5,3577,0.3644374201649194,50.079006322693054,48.58184705932566
1996-07-31,277,1996-07-31,0.0416666666666667,46.2083333333333,52.75,8.54166666666667,365322.5,-2859192.5,3577,0.2069838056679849,49.03683188509899,49.75738801657744
1996-08-07,278,1996-08-07,0.25,43.1666666666667,55.375,8.70833333333333,365322.5,-2859192.5,3577,0.12466622644639384,45.75696345025016,53.092031238649604
1996-08-23,279,1996-08-23,0.0,58.1176470588235,41.4705882352941,7.11764705882353,365316.176470588,-2859186.17647059,3577,0.016856466546866775,42.626421429592966,56.38070917274682
1996-09-01,280,1996-09-01,0.0833333333333333,37.4583333333333,61.2916666666667,7.83333333333333,365322.5,-2859192.5,3577,0.13039991484261987,41.161715303145115,57.751556955450155
1996-09-08,281,1996-09-08,0.5,34.9583333333333,63.3333333333333,8.16666666666667,365322.5,-2859192.5,3577,0.18630247461513993,40.687838257468826,58.20206550111434
1996-09-17,282,1996-09-17,0.0,35.8333333333333,63.2083333333333,7.5,365322.5,-2859192.5,3577,0.1266878116723128,38.55814186723279,60.37350650926509
1996-10-03,283,1996-10-03,0.0,39.8333333333333,59.5,5.41666666666667,365322.5,-2859192.5,3577,0.07722617939335055,37.7272412602214,61.253411229385506
1996-10-10,284,1996-10-10,0.0,42.0416666666667,57.0,7.79166666666667,365322.5,-2859192.5,3577,0.028740609235960998,39.039157315694894,59.96878872356032
1996-10-19,285,1996-10-19,0.0,37.3333333333333,61.6666666666667,7.16666666666667,365322.5,-2859192.5,3577,0.0038798920377862015,39.1364806428261,59.908319462353504
1996-10-26,286,1996-10-26,0.0,42.0,57.0416666666667,7.58333333333333,365322.5,-2859192.5,3577,0.0,41.98339383707997,57.1928344071311
1996-11-04,287,1996-11-04,0.0,43.875,55.1666666666667,6.875,365322.5,-2859192.5,3577,0.0,42.969839500018836,56.14918054081303
1996-11-11,288,1996-11-11,0.0,38.75,60.3333333333333,7.45833333333333,365322.5,-2859192.5,3577,0.13288246840876436,38.005098616548054,60.87706849393247
1996-11-20,289,1996-11-20,0.0,37.7916666666667,61.3333333333333,7.04166666666667,365322.5,-2859192.5,3577,1.338842401148702,36.97573285846728,60.72989420279535
1996-11-27,290,1996-11-27,0.0,36.2916666666667,62.875,7.41666666666667,365322.5,-2859192.5,3577,0.13656299840507508,37.31183561020467,61.64196742369196
1996-12-06,291,1996-12-06,0.0416666666666667,46.3333333333333,52.5416666666667,7.25,365322.5,-2859192.5,3577,0.0,41.42569027978628,60.534618632132805
1996-12-22,292,1996-12-22,0.0416666666666667,32.9166666666667,66.0416666666667,6.33333333333333,365322.5,-2859192.5,3577,0.0,46.44431123571298,56.60978984894548
1997-01-07,293,1997-01-07,0.0,38.2916666666667,60.75,6.375,365322.5,-2859192.5,3577,0.0,49.86175009200579,50.12261938267382
1997-01-23,294,1997-01-23,0.0,79.0,20.3333333333333,4.66666666666667,365285.0,-2859145.0,3577,6.290382089529763,49.720849841585434,42.95773975765594
1997-01-30,295,1997-01-30,2.29166666666667,43.7083333333333,52.75,7.41666666666667,365322.5,-2859192.5,3577,15.80010301875391,47.236946747775605,35.85290689701919
1997-02-15,296,1997-02-15,31.6666666666667,47.625,19.5,10.1666666666667,365322.5,-2859192.5,3577,26.535078698387423,42.20384994262073,30.0670298483721
1997-03-03,297,1997-03-03,47.9583333333333,24.75,25.875,9.83333333333333,365322.5,-2859192.5,3577,35.77513495276117,36.65472569225892,26.32150963071622
1997-03-12,298,1997-03-12,45.3333333333333,24.4166666666667,28.75,8.58333333333333,365322.5,-2859192.5,3577,41.42957468227746,33.36153990487858,23.80161402065071
1997-03-19,299,1997-03-19,38.9583333333333,36.9166666666667,22.7916666666667,9.04166666666667,365322.5,-2859192.5,3577,42.540735709073,31.89805834000404,23.99410754363957
1997-03-28,300,1997-03-28,33.7916666666667,43.2083333333333,21.5,8.16666666666667,365322.5,-2859192.5,3577,38.50948097309751,37.484118693478415,22.338357978447533
1997-04-04,301,1997-04-04,31.625,42.4583333333333,24.2083333333333,7.95833333333333,365322.5,-2859192.5,3577,31.450216321341653,48.2766396400225,18.60749583233826
1997-04-20,302,1997-04-20,23.25,56.75,18.1666666666667,7.54166666666667,365322.5,-2859192.5,3577,24.165476809049046,53.04669852850172,21.105268570435705
1997-04-29,303,1997-04-29,21.125,60.4583333333333,16.4166666666667,6.83333333333333,365322.5,-2859192.5,3577,20.757230256840153,57.905055857446555,19.693290069061124
1997-05-22,304,1997-05-22,18.7083333333333,60.8333333333333,19.125,8.33333333333333,365322.5,-2859192.5,3577,18.594255847349025,58.34006292983747,21.48764586806061
1997-05-31,305,1997-05-31,15.4583333333333,57.25,26.0833333333333,9.375,365322.5,-2859192.5,3577,15.491031414403686,58.01265723439779,25.037861648152017
1997-06-07,306,1997-06-07,15.2083333333333,53.5,29.9583333333333,9.25,365322.5,-2859192.5,3577,12.134038046574908,61.09836577250526,25.442015414921823
1997-07-02,307,1997-07-02,9.5,61.625,27.4166666666667,8.375,365322.5,-2859192.5,3577,10.273870221624087,63.164417754578594,25.290907106305788
1997-07-18,308,1997-07-18,7.45833333333333,65.25,25.9583333333333,8.04166666666667,365322.5,-2859192.5,3577,8.907757619056587,63.085802355529765,26.69684430636042
1997-08-26,309,1997-08-26,5.83333333333333,66.2083333333333,26.75,7.5,365322.5,-2859192.5,3577,7.326748973419702,63.39190247316233,27.91437445423096
1997-09-11,310,1997-09-11,5.625,66.125,26.875,5.83333333333333,365322.5,-2859192.5,3577,6.3648758362371165,62.02040980174726,30.23319134425494
1997-09-20,311,1997-09-20,9.25,64.7083333333333,24.5833333333333,7.54166666666667,365322.5,-2859192.5,3577,6.259824669653456,59.61991852316038,32.81205842660461
1997-10-13,312,1997-10-13,8.70833333333333,42.9583333333333,47.0,9.66666666666667,365322.5,-2859192.5,3577,6.202307367554118,55.733025359565026,36.816754710712054
1997-10-29,313,1997-10-29,2.25,50.1666666666667,46.4166666666667,5.25,365297.5,-2859210.0,3577,6.45747724927195,51.77059202406727,40.54987208353476
1997-11-14,314,1997-11-14,5.66666666666667,54.2916666666667,39.0416666666667,8.45833333333333,365322.5,-2859192.5,3577,6.01608698319135,49.36044747305621,43.406924087258176
1997-11-23,315,1997-11-23,5.91666666666667,51.7916666666667,41.0833333333333,8.08333333333333,365322.5,-2859192.5,3577,5.18688612728783,49.52415257600278,44.09003767130045
1997-12-16,316,1997-12-16,6.04166666666667,51.6666666666667,40.9166666666667,8.58333333333333,365322.5,-2859192.5,3577,4.170164072253234,51.6178094351392,43.020031825752966
1997-12-25,317,1997-12-25,2.5,49.5833333333333,46.6666666666667,7.83333333333333,365322.5,-2859192.5,3577,3.446958871880958,53.697815858024555,41.58259091269308
1998-01-10,318,1998-01-10,3.70833333333333,53.3333333333333,41.625,7.16666666666667,365322.5,-2859192.5,3577,3.3056120865713448,54.185372419110436,41.14951792273159
1998-01-26,319,1998-01-26,1.54166666666667,55.1666666666667,41.9583333333333,6.58333333333333,365322.5,-2859192.5,3577,2.8734908022829417,52.71065711893095,43.028401423131825
1998-02-02,320,1998-02-02,1.58333333333333,56.9583333333333,40.0833333333333,8.54166666666667,365322.5,-2859192.5,3577,2.873793904753226,50.47785006530382,45.266690481853985
1998-02-11,321,1998-02-11,3.0,47.375,48.1666666666667,7.125,365322.5,-2859192.5,3577,2.6407787688743447,49.33973366673868,46.64750535841169
1998-02-18,322,1998-02-18,2.58333333333333,45.75,50.2083333333333,7.45833333333333,365322.5,-2859192.5,3577,0.0,51.85065192804356,47.4219566553087
1998-02-27,323,1998-02-27,2.16666666666667,49.9166666666667,46.7083333333333,6.5,365322.5,-2859192.5,3577,0.2346498960275626,51.752978961175565,46.5933836545222
1998-03-22,324,1998-03-22,2.0,51.875,44.7916666666667,7.08333333333333,365322.5,-2859192.5,3577,1.6209930850021301,52.2647999575166,44.73159928306319
1998-04-07,325,1998-04-07,2.41666666666667,50.3333333333333,45.7916666666667,7.125,365322.5,-2859192.5,3577,5.841498027255682,51.604963019428986,41.234421924818236
1998-04-23,326,1998-04-23,3.25,64.5833333333333,30.8333333333333,10.2083333333333,365322.5,-2859192.5,3577,12.694903780428216,49.12376078513114,36.906371234539094
1998-05-09,327,1998-05-09,23.7777777777778,44.6666666666667,30.3333333333333,12.0,365308.333333333,-2859218.33333333,3577,21.062985947657737,45.24972963052781,32.47961829191993
1998-05-25,328,1998-05-25,45.7916666666667,22.875,30.0833333333333,10.5416666666667,365322.5,-2859192.5,3577,30.40286003985242,39.2840866563718,29.119970071204094
1998-06-03,329,1998-06-03,28.7619047619048,41.8095238095238,28.5714285714286,8.90476190476191,365323.571428571,-2859187.85714286,3577,39.359913306501866,33.41691499934035,26.037730973872566
1998-06-10,330,1998-06-10,50.2083333333333,23.9583333333333,24.4583333333333,11.0,365322.5,-2859192.5,3577,46.38423938461946,29.77438376896138,22.624207191154248
1998-06-26,331,1998-06-26,50.2083333333333,30.1666666666667,18.2083333333333,12.9166666666667,365322.5,-2859192.5,3577,52.25549179921464,26.945636664672904,19.43906209888889
1998-07-21,332,1998-07-21,51.7916666666667,29.1666666666667,17.7083333333333,13.875,365322.5,-2859192.5,3577,55.43315855969827,24.91926404348633,18.153367272559592
1998-08-06,333,1998-08-06,58.25,25.5416666666667,14.5,13.4166666666667,365322.5,-2859192.5,3577,56.8790640903559,26.063231402236795,15.510863104901015
1998-08-22,334,1998-08-22,57.5833333333333,25.25,15.625,13.0,365322.5,-2859192.5,3577,56.50217661594526,26.386269174577933,15.559641854531158
1998-08-29,335,1998-08-29,55.5416666666667,26.0833333333333,16.7083333333333,13.125,365322.5,-2859192.5,3577,54.22019389278642,26.57332399282468,17.690569492424423
1998-09-07,336,1998-09-07,51.625,24.125,22.875,11.75,365322.5,-2859192.5,3577,46.52071728580324,30.93751604432258,21.117854668548112
1998-09-30,337,1998-09-30,35.6666666666667,35.9166666666667,27.2916666666667,12.0833333333333,365322.5,-2859192.5,3577,40.10191008681123,32.25465388584102,26.238912403382166
1998-10-16,338,1998-10-16,29.625,44.1666666666667,24.8333333333333,11.5,365322.5,-2859192.5,3577,31.656765319299296,36.88624275620629,30.094873779466802
1998-11-01,339,1998-11-01,20.4166666666667,40.9166666666667,37.1666666666667,11.4166666666667,365322.5,-2859192.5,3577,23.842376792450633,41.88098717587256,32.95752506007431
1998-11-17,340,1998-11-17,23.9583333333333,39.0833333333333,35.5833333333333,11.125,365322.5,-2859192.5,3577,18.19411818831051,45.022484610326174,35.442651388853534
1998-12-03,341,1998-12-03,13.3333333333333,48.7083333333333,36.625,10.2916666666667,365322.5,-2859192.5,3577,14.491643031888525,48.77164386180684,35.39999963915844
1998-12-12,342,1998-12-12,12.0,50.9583333333333,35.75,8.79166666666667,365322.5,-2859192.5,3577,12.044571398671755,51.4023261310336,35.18868218983793
1998-12-19,343,1998-12-19,9.33333333333333,61.375,28.0416666666667,8.54166666666667,365322.5,-2859192.5,3577,10.558742341248493,54.15387141237723,33.98221167377007
1999-01-04,344,1999-01-04,9.75,53.5833333333333,35.375,9.66666666666667,365322.5,-2859192.5,3577,8.997788975728803,58.378409000691285,31.36252769417935
1999-01-13,345,1999-01-13,9.04166666666667,56.9166666666667,32.7083333333333,8.08333333333333,365322.5,-2859192.5,3577,8.229261837232738,60.90691687053006,29.60985660366022
1999-01-20,346,1999-01-20,7.58333333333333,65.9583333333333,25.2083333333333,9.0,365322.5,-2859192.5,3577,7.707371704661574,60.45316886415054,30.584393289884062
1999-01-29,347,1999-01-29,6.375,57.625,34.75,7.33333333333333,365322.5,-2859192.5,3577,8.523575237970242,58.91185762121415,31.31323385076785
1999-02-05,348,1999-02-05,10.0833333333333,62.0416666666667,26.7083333333333,9.04166666666667,365322.5,-2859192.5,3577,8.059372902637941,57.95486930509284,32.704382176126494
1999-02-14,349,1999-02-14,8.20833333333333,54.5,35.875,8.08333333333333,365322.5,-2859192.5,3577,7.905718894107798,56.82292952145043,33.95254642158159
1999-02-21,350,1999-02-21,6.41666666666667,52.3333333333333,40.0,8.41666666666667,365322.5,-2859192.5,3577,7.507703854451952,57.531225869065565,33.61028239046313
1999-03-02,351,1999-03-02,7.95833333333333,58.5833333333333,32.0,8.04166666666667,365322.5,-2859192.5,3577,7.114911919864413,58.02184322384693,33.49195515526284
1999-03-09,352,1999-03-09,6.625,61.4166666666667,30.5,8.41666666666667,365322.5,-2859192.5,3577,6.493334451924813,58.77529462280906,33.31479627183465
1999-03-18,353,1999-03-18,4.95833333333333,61.7083333333333,31.9166666666667,7.41666666666667,365322.5,-2859192.5,3577,6.187458052782208,61.64134227484698,30.761911205405063
1999-04-03,354,1999-04-03,5.91666666666667,63.4166666666667,29.375,7.45833333333333,365322.5,-2859192.5,3577,5.711662950052192,62.23436135586907,30.652779882651465
1999-04-10,355,1999-04-10,5.375,64.0833333333333,29.2083333333333,7.66666666666667,365322.5,-2859192.5,3577,5.242076035418904,62.61085702222536,30.826179754193717
1999-04-19,356,1999-04-19,5.16666666666667,58.9583333333333,34.5,7.375,365322.5,-2859192.5,3577,4.559255630849376,61.60835101430155,32.524214820262586
1999-05-05,357,1999-05-05,5.33333333333333,58.875,34.4166666666667,7.29166666666667,365322.5,-2859192.5,3577,4.406701270864698,60.53775971189927,33.755528913805605
1999-05-12,358,1999-05-12,4.33333333333333,65.5833333333333,28.9583333333333,7.70833333333333,365322.5,-2859192.5,3577,4.358796647108687,61.397224808206346,32.93252361672923
1999-05-21,359,1999-05-21,1.83333333333333,56.0416666666667,40.7916666666667,5.25,365322.5,-2859192.5,3577,4.719466936571493,61.930465045780885,32.05928991029132
1999-05-28,360,1999-05-28,5.70833333333333,65.1666666666667,27.875,7.5,365322.5,-2859192.5,3577,5.450292999053792,62.59600951163485,30.674194613431524
1999-06-06,361,1999-06-06,8.45833333333333,65.1666666666667,24.7916666666667,6.83333333333333,365322.5,-2859192.5,3577,6.405100059897862,63.29882656042703,28.98598511910772
1999-06-22,362,1999-06-22,7.16666666666667,63.3333333333333,28.3333333333333,7.83333333333333,365322.5,-2859192.5,3577,7.504694479925556,62.92650125930919,28.218379015201414
1999-06-29,363,1999-06-29,6.58333333333333,63.875,28.3333333333333,7.95833333333333,365322.5,-2859192.5,3577,7.661293814543445,62.44109167405446,28.510476881215645
1999-06-30,364,1999-06-30,9.875,58.4583333333333,30.2083333333333,7.54166666666667,365322.5,-2859192.5,3577,7.55739010731158,62.93980078228361,28.100590328140303
1999-07-15,365,1999-07-15,6.29166666666667,64.0833333333333,28.0416666666667,7.625,365322.5,-2859192.5,3577,7.242246530558143,63.730194598993094,27.662406092355518
1999-07-16,366,1999-07-16,5.875,62.5833333333333,30.125,7.625,365322.5,-2859192.5,3577,6.525392950701574,63.579991087334506,28.510155736931665
1999-07-23,367,1999-07-23,6.16666666666667,64.8333333333333,27.7916666666667,8.5,365322.5,-2859192.5,3577,6.606670419362931,63.51029195261991,28.490972778507228
1999-07-31,368,1999-07-31,4.70833333333333,68.2916666666667,25.625,6.875,365322.5,-2859192.5,3577,6.349275079924286,63.716669553347344,28.52307728390894
1999-08-08,369,1999-08-08,9.25,61.5416666666667,27.8333333333333,7.66666666666667,365322.5,-2859192.5,3577,6.066656382831946,62.83438156270036,29.73890338247478
1999-08-09,370,1999-08-09,6.0,58.875,33.7083333333333,7.5,365322.5,-2859192.5,3577,5.488322436077032,62.111711302104524,31.054943637369313
1999-08-16,371,1999-08-16,4.25,60.2916666666667,33.9583333333333,7.375,365322.5,-2859192.5,3577,5.57525511124499,60.65159724175849,32.384598244887485
1999-08-17,372,1999-08-17,4.95833333333333,59.125,34.625,7.5,365322.5,-2859192.5,3577,5.275346944076807,60.12210158261894,33.14561638051852
1999-08-24,373,1999-08-24,3.5,65.9166666666667,29.2083333333333,7.625,365322.5,-2859192.5,3577,4.9475524475517085,60.53610437549162,33.08518081505201
1999-08-25,374,1999-08-25,6.04166666666667,57.625,34.875,7.08333333333333,365322.5,-2859192.5,3577,4.519023288372459,61.789146225282494,32.3208141187969
1999-09-02,375,1999-09-02,3.79166666666667,63.75,31.0,7.16666666666667,365322.5,-2859192.5,3577,4.088889309863931,62.50760011401492,32.031842899098194
1999-09-10,376,1999-09-10,6.20833333333333,60.5833333333333,31.7916666666667,7.375,365322.5,-2859192.5,3577,4.198514076222427,62.649254512248234,31.784219005963504
1999-09-25,377,1999-09-25,2.375,63.4583333333333,32.9166666666667,7.83333333333333,365322.5,-2859192.5,3577,3.3188304213841047,61.45138272459334,33.84132946516343
1999-09-26,378,1999-09-26,2.0,62.125,34.6666666666667,7.08333333333333,365322.5,-2859192.5,3577,3.3287867962785596,59.83371852604704,35.40456512011711
1999-10-04,379,1999-10-04,3.25,55.0416666666667,40.0833333333333,6.91666666666667,365322.5,-2859192.5,3577,3.3200383208118183,57.998070428015325,37.275615767096276
1999-10-11,380,1999-10-11,3.83333333333333,55.0833333333333,39.5416666666667,7.79166666666667,365322.5,-2859192.5,3577,3.4998006379580096,55.67385272105803,39.43414106532714
1999-10-19,381,1999-10-19,4.04166666666667,54.6666666666667,39.9583333333333,7.375,365322.5,-2859192.5,3577,4.223879062113726,51.30409206375933,43.05469466033839
1999-10-20,382,1999-10-20,5.0,46.1666666666667,47.4166666666667,7.125,365322.5,-2859192.5,3577,4.617406200609846,49.15735528660492,44.825210908795555
1999-10-27,383,1999-10-27,6.79166666666667,50.375,41.5416666666667,7.95833333333333,365322.5,-2859192.5,3577,5.133521148613262,47.97448526704777,45.511422272251394
1999-11-13,384,1999-11-13,1.5,46.2083333333333,51.0416666666667,7.16666666666667,365322.5,-2859192.5,3577,4.322677838157071,47.65077273087398,46.667147480995
1999-11-21,385,1999-11-21,5.29166666666667,44.2916666666667,48.8333333333333,7.16666666666667,365322.5,-2859192.5,3577,3.0755113050000094,48.7195363975477,46.80810907358196
1999-11-28,386,1999-11-28,3.04166666666667,50.625,44.8333333333333,6.91666666666667,365322.5,-2859192.5,3577,2.7101609690614934,48.74123618898432,47.04693938671563
1999-11-29,387,1999-11-29,2.29166666666667,53.5416666666667,42.7916666666667,6.625,365322.5,-2859192.5,3577,2.9111224173139356,48.435335433393206,47.1119593770452
1999-12-07,388,1999-12-07,2.5,45.9583333333333,49.8333333333333,6.95833333333333,365322.5,-2859192.5,3577,4.138515122647636,46.961864116268856,47.33050076857417
1999-12-14,389,1999-12-14,3.5,43.7083333333333,51.2083333333333,8.04166666666667,365322.5,-2859192.5,3577,7.408325034097926,43.87663639249671,47.14512925154635
1999-12-22,390,1999-12-22,8.375,44.7916666666667,45.2916666666667,8.20833333333333,365322.5,-2859192.5,3577,6.303120512097899,42.405454581531835,49.775871058758355
1999-12-23,391,1999-12-23,10.2916666666667,35.125,53.2083333333333,7.79166666666667,365322.5,-2859192.5,3577,3.0874793421228413,42.77995301911072,52.67365877156112
2000-01-08,392,2000-01-08,5.95833333333333,41.375,51.2916666666667,7.5,365322.5,-2859192.5,3577,2.409775595920745,42.91357610397216,53.27467398441834
2000-01-15,393,2000-01-15,5.33333333333333,43.2083333333333,50.0,8.04166666666667,365322.5,-2859192.5,3577,5.358567516074466,42.180552548580295,51.120482329840016
2000-01-24,394,2000-01-24,1.66666666666667,45.7916666666667,51.3333333333333,7.0,365322.5,-2859192.5,3577,12.406556936353862,39.24261909400641,47.06480980319287
2000-01-31,395,2000-01-31,3.70833333333333,45.3333333333333,49.625,8.375,365322.5,-2859192.5,3577,20.897581134033132,37.34921373775303,40.430367619990065
2000-03-03,396,2000-03-03,44.5416666666667,34.0833333333333,20.0416666666667,11.7083333333333,365322.5,-2859192.5,3577,28.832373508839797,37.45100565069044,32.39061609184965
2000-03-12,397,2000-03-12,51.7916666666667,22.0833333333333,24.7916666666667,11.125,365322.5,-2859192.5,3577,39.618686267287174,37.43324979973026,21.508925285237883
2000-03-19,398,2000-03-19,47.7916666666667,34.6666666666667,16.0,11.625,365322.5,-2859192.5,3577,45.92436330438743,37.4330865213162,15.188156270971362
2000-04-04,399,2000-04-04,39.8333333333333,47.4583333333333,11.2916666666667,10.2916666666667,365322.5,-2859192.5,3577,47.31112566483379,39.00786081822648,12.215817979748058
2000-04-13,400,2000-04-13,36.5416666666667,54.0833333333333,7.83333333333333,11.0,365322.5,-2859192.5,3577,45.138737036950126,40.78813678580868,12.664278832620596
2000-05-06,401,2000-05-06,44.0416666666667,37.7083333333333,16.875,13.1666666666667,365322.5,-2859192.5,3577,39.89761811974839,43.20410884264726,15.551571622389716
2000-05-15,402,2000-05-15,45.1666666666667,36.3333333333333,17.0833333333333,12.5833333333333,365322.5,-2859192.5,3577,35.53597086607392,43.70282426551121,19.45808616048261
2000-05-22,403,2000-05-22,22.7083333333333,43.9166666666667,32.5833333333333,9.16666666666667,365322.5,-2859192.5,3577,35.51409336277227,43.37314079109095,19.832387040201393
2000-05-31,404,2000-05-31,40.4583333333333,41.5833333333333,16.4583333333333,12.375,365322.5,-2859192.5,3577,35.305146607772926,42.579223408164395,20.822963800901846
2000-06-07,405,2000-06-07,36.4166666666667,46.4583333333333,15.7916666666667,12.0416666666667,365322.5,-2859192.5,3577,34.54593806605675,44.55205514299276,19.549665504770925
2000-06-16,406,2000-06-16,32.5416666666667,48.625,17.2083333333333,11.3333333333333,365322.5,-2859192.5,3577,34.0517854178794,47.29143212308141,17.263974286804523
2000-06-23,407,2000-06-23,33.9166666666667,47.75,17.0,11.1666666666667,365322.5,-2859192.5,3577,34.22822172666863,49.11443200761353,15.185817149824164
2000-07-18,408,2000-07-18,33.9583333333333,52.9166666666667,11.625,11.25,365322.5,-2859192.5,3577,35.60390009886382,48.11076320479627,14.80300053403547
2000-07-25,409,2000-07-25,38.9583333333333,42.1666666666667,17.4583333333333,11.7083333333333,365322.5,-2859192.5,3577,36.741344439868364,45.97998260768473,15.801580643296539
2000-08-10,410,2000-08-10,35.25,44.4166666666667,18.9166666666667,11.125,365322.5,-2859192.5,3577,34.98984426305884,45.02752459098538,18.592819718977925
2000-08-19,411,2000-08-19,36.5416666666667,43.4583333333333,18.5833333333333,11.5416666666667,365322.5,-2859192.5,3577,35.7709276018046,43.83824070665523,18.96843855318803
2000-08-26,412,2000-08-26,33.7083333333333,44.75,20.0833333333333,11.5416666666667,365322.5,-2859192.5,3577,36.00346222404508,43.80175294261328,18.776251741032212
2000-09-11,413,2000-09-11,35.625,43.4166666666667,19.6666666666667,11.25,365322.5,-2859192.5,3577,34.84163671725071,44.184271868475804,19.564994551369324
2000-09-20,414,2000-09-20,34.375,43.4166666666667,20.75,10.2916666666667,365322.5,-2859192.5,3577,33.37648174838078,45.634119105861515,19.67274997963558
2000-09-27,415,2000-09-27,30.375,50.75,17.5833333333333,11.0833333333333,365322.5,-2859192.5,3577,33.59480483396389,44.8572025239915,20.225948973623964
2000-10-06,416,2000-10-06,34.8333333333333,44.0,19.8333333333333,9.625,365322.5,-2859192.5,3577,32.711065379404126,44.26342388261233,21.74529521046223
2000-10-29,417,2000-10-29,31.2083333333333,45.625,22.0416666666667,11.6666666666667,365322.5,-2859192.5,3577,29.566602772867697,47.233773965965064,21.98280576492322
2000-11-07,418,2000-11-07,22.8,46.6666666666667,29.4,9.4,365319.0,-2859215.0,3577,26.19491218275656,49.4689868954501,23.094941771331506
2000-11-14,419,2000-11-14,27.7916666666667,48.4583333333333,22.375,9.83333333333333,365322.5,-2859192.5,3577,22.638124130767796,51.64880875058121,24.463613785591548
2000-11-30,420,2000-11-30,21.3333333333333,49.9166666666667,27.3333333333333,10.5416666666667,365322.5,-2859192.5,3577,19.53896271426939,53.37069238809926,25.82074066284207
2000-12-09,421,2000-12-09,7.28571428571429,68.4285714285714,23.2857142857143,7.71428571428571,365312.142857143,-2859165.0,3577,17.858365963239446,50.31394456935499,30.52311839346987
2000-12-16,422,2000-12-16,17.5833333333333,50.9583333333333,30.0,11.2083333333333,365322.5,-2859192.5,3577,15.793191715402966,50.59205281302046,32.30394373427945
2000-12-25,423,2000-12-25,18.8333333333333,40.9583333333333,38.7083333333333,10.0,365322.5,-2859192.5,3577,14.713907506320146,51.418654745659424,32.55502425850234
2001-01-01,424,2001-01-01,14.875,51.3333333333333,32.75,10.875,365322.5,-2859192.5,3577,13.104259646440319,54.38124594702727,31.191402508735294
2001-01-10,425,2001-01-10,12.4583333333333,50.875,35.25,9.41666666666667,365322.5,-2859192.5,3577,11.887698343965887,56.466274308758116,30.330232461032875
2001-01-17,426,2001-01-17,11.0833333333333,59.0833333333333,28.5833333333333,10.0416666666667,365322.5,-2859192.5,3577,12.22384710232823,60.02261077414978,26.44652187337551
2001-01-26,427,2001-01-26,3.79166666666667,86.875,7.95833333333333,6.79166666666667,365322.5,-2859192.5,3577,10.389621601307338,64.12063285011243,24.19360451209935
2001-02-02,428,2001-02-02,11.7083333333333,58.7916666666667,28.1666666666667,10.3333333333333,365322.5,-2859192.5,3577,7.6114565259290625,67.085203238444,24.046315655445184
2001-02-11,429,2001-02-11,11.25,58.2083333333333,29.25,9.25,365322.5,-2859192.5,3577,7.910063362848555,64.14115012953064,26.63743892845661
2001-02-18,430,2001-02-18,12.1666666666667,54.4166666666667,32.3333333333333,9.29166666666667,365322.5,-2859192.5,3577,9.709069439331145,58.27216256394952,30.670147834616927
2001-02-27,431,2001-02-27,9.54166666666667,59.7083333333333,29.3333333333333,8.54166666666667,365322.5,-2859192.5,3577,13.397228416576269,51.6854418800936,33.60813812090399
2001-03-15,432,2001-03-15,13.0833333333333,43.375,42.0833333333333,10.5416666666667,365322.5,-2859192.5,3577,18.68609632728011,44.02147842622014,35.98218959215862
2001-03-31,433,2001-03-31,27.1666666666667,38.375,33.1666666666667,11.75,365322.5,-2859192.5,3577,26.372792309539616,40.49443908157463,31.866237365626844
2001-04-07,434,2001-04-07,35.125,39.125,24.4583333333333,12.5416666666667,365322.5,-2859192.5,3577,32.61099900345947,39.67131427709311,26.446305405229282
2001-04-16,435,2001-04-16,40.8333333333333,33.6666666666667,24.3333333333333,12.4166666666667,365322.5,-2859192.5,3577,38.57987142304778,35.494810507609756,24.633753574236486
2001-05-02,436,2001-05-02,44.1666666666667,33.9583333333333,20.7083333333333,12.625,365322.5,-2859192.5,3577,42.40658713677665,33.823862832321225,22.462819900964334
2001-05-09,437,2001-05-09,43.7083333333333,37.125,17.75,13.1666666666667,365322.5,-2859192.5,3577,43.7643214348291,33.39490812166649,21.494487480703803
2001-05-25,438,2001-05-25,42.875,36.9583333333333,18.6666666666667,12.625,365322.5,-2859192.5,3577,42.73676774160724,34.281932362961015,21.565807907708024
2001-06-10,439,2001-06-10,33.9130434782609,27.4347826086957,37.0869565217391,21.6086956521739,365319.782608696,-2859195.0,3577,41.01995063759158,33.56647145423733,23.947171765279634
2001-06-19,440,2001-06-19,43.625,35.2083333333333,19.75,14.375,365322.5,-2859192.5,3577,40.530866444762,34.31655911391904,23.686467949420397
2001-06-26,441,2001-06-26,42.75,35.25,20.625,14.375,365322.5,-2859192.5,3577,40.210958260336426,34.778942559880285,23.57213223017488
2001-07-05,442,2001-07-05,40.125,36.3333333333333,22.125,13.5416666666667,365322.5,-2859192.5,3577,41.29677834391849,36.22212684900594,21.073143787604224
2001-07-12,443,2001-07-12,41.0833333333333,36.6666666666667,21.0,13.6666666666667,365322.5,-2859192.5,3577,41.91864616739477,36.967489789112335,19.786240277420504
2001-07-21,444,2001-07-21,40.4583333333333,38.0,20.125,14.875,365322.5,-2859192.5,3577,41.048287463192466,36.864985930517506,20.78409687073058
2001-07-28,445,2001-07-28,40.5416666666667,37.7083333333333,20.4583333333333,14.6666666666667,365322.5,-2859192.5,3577,38.445079542428736,35.297583950122764,24.924786659471305
2001-08-06,446,2001-08-06,37.2083333333333,33.625,27.8333333333333,13.2083333333333,365322.5,-2859192.5,3577,36.320678334537476,35.8047421181538,26.59424368873425
2001-08-13,447,2001-08-13,34.4583333333333,37.9166666666667,26.3333333333333,13.2083333333333,365322.5,-2859192.5,3577,34.226331846682754,36.539730780050405,27.94810272286633
2001-08-22,448,2001-08-22,25.125,28.6666666666667,45.0416666666667,9.625,365322.5,-2859192.5,3577,30.613568706830378,36.75637687904941,31.30929351865415
2001-08-29,449,2001-08-29,27.0,41.125,30.2916666666667,12.0833333333333,365322.5,-2859192.5,3577,26.302794857357487,37.615918653064725,34.686196929999795
2001-09-14,450,2001-09-14,26.125,45.7083333333333,26.8333333333333,12.7083333333333,365322.5,-2859192.5,3577,21.957608954509695,39.384071423926216,37.21157725143238
2001-09-23,451,2001-09-23,21.375,45.9583333333333,31.3333333333333,10.875,365322.5,-2859192.5,3577,17.28571106395925,41.8345159742156,39.34250037887222
2001-10-25,452,2001-10-25,5.5,30.5,62.0,5.0,365280.0,-2859135.0,3577,12.33018142847681,44.22783653394447,41.84548539694973
2001-11-01,453,2001-11-01,12.1666666666667,49.0,37.4166666666667,11.6666666666667,365322.5,-2859192.5,3577,9.16641047291066,46.86310864057842,42.38939285687877
2001-11-17,454,2001-11-17,9.20833333333333,50.0416666666667,39.2083333333333,11.8333333333333,365322.5,-2859192.5,3577,9.108451146375495,48.37221253977498,41.003361189887556
2001-11-26,455,2001-11-26,9.16666666666667,49.1666666666667,40.25,10.1666666666667,365322.5,-2859192.5,3577,12.248295048602838,46.376600308868944,39.93922705261117
2001-12-12,456,2001-12-12,14.1666666666667,46.625,37.75,10.625,365322.5,-2859192.5,3577,18.539949988089653,43.98799678133389,36.06329970338719
2001-12-19,457,2001-12-19,24.4166666666667,43.7916666666667,30.5833333333333,12.875,365322.5,-2859192.5,3577,24.52578806641909,42.038618502234534,32.11561735477663
2001-12-28,458,2001-12-28,35.5,38.4166666666667,24.875,12.7083333333333,365322.5,-2859192.5,3577,27.970349181258317,39.91413449810689,30.826152691473148
2002-01-04,459,2002-01-04,32.0,30.0,36.5,10.5,365280.0,-2859135.0,3577,27.309156400870584,38.39244372757733,32.95699823911404
2002-01-13,460,2002-01-13,26.25,37.2916666666667,35.0833333333333,11.0,365322.5,-2859192.5,3577,26.21826264550331,40.483461069368346,31.965075559111025
2002-01-20,461,2002-01-20,18.5833333333333,47.25,32.875,11.0833333333333,365322.5,-2859192.5,3577,23.584424863059112,42.62238123073399,32.43814634797121
2002-01-29,462,2002-01-29,17.9166666666667,52.3333333333333,28.5,10.5833333333333,365322.5,-2859192.5,3577,22.450736827668464,44.00171397229562,32.197379246136045
2002-03-02,463,2002-03-02,22.875,42.7916666666667,32.9166666666667,12.75,365322.5,-2859192.5,3577,23.772038075440115,43.95130243852495,30.96721892657963
2002-03-09,464,2002-03-09,29.0416666666667,41.7083333333333,27.9583333333333,13.375,365322.5,-2859192.5,3577,27.912148996510165,42.37650739352892,28.46025749276098
2002-03-18,465,2002-03-18,37.75,34.7083333333333,26.2916666666667,12.5416666666667,365322.5,-2859192.5,3577,35.04586319252979,39.5316236910605,24.20958814147307
2002-04-03,466,2002-04-03,40.9166666666667,36.875,21.0833333333333,12.5,365322.5,-2859192.5,3577,39.68273831431134,36.63994764265115,22.42583461429875
2002-04-10,467,2002-04-10,43.0833333333333,34.4166666666667,21.25,11.3333333333333,365322.5,-2859192.5,3577,41.820612952572645,35.50597364451325,21.395670505961412
2002-04-19,468,2002-04-19,39.3333333333333,38.0416666666667,21.3333333333333,12.3333333333333,365322.5,-2859192.5,3577,41.19361482170464,36.239816298247426,21.2502652146583
2002-04-26,469,2002-04-26,40.375,39.6666666666667,18.4583333333333,9.54166666666667,365322.5,-2859192.5,3577,39.25291104663582,37.7830282462579,21.58675496329969
2002-05-05,470,2002-05-05,38.1666666666667,39.7083333333333,20.7083333333333,11.9166666666667,365322.5,-2859192.5,3577,37.137041106462796,38.678743856756654,22.72733136316385
2002-05-12,471,2002-05-12,29.375,38.25,30.8333333333333,17.75,365322.5,-2859192.5,3577,35.73195187165241,39.951592911726266,22.84604469317746
2002-05-21,472,2002-05-21,37.9583333333333,37.8333333333333,22.8333333333333,10.4583333333333,365322.5,-2859192.5,3577,35.30649252707548,40.75910750755342,22.474745971259615
2002-05-28,473,2002-05-28,35.7083333333333,43.625,19.2083333333333,11.9583333333333,365322.5,-2859192.5,3577,34.94468199498637,42.08817665821681,21.52780694537337
2002-06-06,474,2002-06-06,35.375,44.4166666666667,18.7916666666667,11.5833333333333,365322.5,-2859192.5,3577,34.720058708056605,42.684373804723464,21.182090613201993
2002-06-13,475,2002-06-13,34.0416666666667,45.1666666666667,19.4583333333333,10.75,365322.5,-2859192.5,3577,33.5115314252261,44.49239176715294,20.636763262534174
2002-06-22,476,2002-06-22,31.5833333333333,46.0416666666667,21.0416666666667,11.125,365322.5,-2859192.5,3577,31.678164714537697,46.84218464713123,20.144061176178923
2002-06-29,477,2002-06-29,27.5416666666667,48.2083333333333,22.7916666666667,10.8333333333333,365322.5,-2859192.5,3577,28.48381559100949,49.3189016865414,20.84985512423284
2002-07-08,478,2002-07-08,25.0,49.9166666666667,23.75,10.125,365322.5,-2859192.5,3577,24.389663484087095,51.68606071430379,22.535607323529682
2002-07-15,479,2002-07-15,22.1666666666667,54.0416666666667,22.5416666666667,10.3333333333333,365322.5,-2859192.5,3577,21.621836367963173,54.27053429026303,22.702477862691218
2002-07-24,480,2002-07-24,17.7083333333333,59.5416666666667,21.2916666666667,9.75,365322.5,-2859192.5,3577,19.233180519168357,55.001572344056385,24.331786247804295
2002-07-31,481,2002-07-31,16.625,57.2083333333333,24.5416666666667,9.70833333333333,365322.5,-2859192.5,3577,16.948636760553732,56.66070294513722,24.929645947444094
2002-08-09,482,2002-08-09,15.75,57.5416666666667,25.2083333333333,9.41666666666667,365322.5,-2859192.5,3577,15.04268963750163,59.00092915339713,24.513161503095915
2002-08-16,483,2002-08-16,14.9166666666667,57.8333333333333,25.9583333333333,9.625,365322.5,-2859192.5,3577,13.923844602248089,60.06162993352498,24.599919172670905
2002-08-25,484,2002-08-25,13.2083333333333,58.2916666666667,27.125,8.91666666666667,365322.5,-2859192.5,3577,13.331816918889238,60.83978418381534,24.40929658576352
2002-09-01,485,2002-09-01,12.6666666666667,61.1666666666667,24.75,9.04166666666667,365322.5,-2859192.5,3577,12.790556193031076,61.66221845748788,24.15247226972871
2002-09-10,486,2002-09-10,9.20833333333333,73.75,15.6666666666667,15.3333333333333,365322.5,-2859192.5,3577,12.305928720400587,62.73055272899538,23.613835725674306
2002-09-17,487,2002-09-17,14.0416666666667,58.3333333333333,26.3333333333333,9.83333333333333,365322.5,-2859192.5,3577,11.524513412282603,63.4336142443633,23.680634638835443
2002-09-26,488,2002-09-26,12.4166666666667,57.7916666666667,28.2916666666667,8.95833333333333,365322.5,-2859192.5,3577,10.760173778748037,62.65698723360327,25.1934758997415
2002-10-03,489,2002-10-03,8.91666666666667,65.6666666666667,24.0,9.33333333333333,365322.5,-2859192.5,3577,9.717369575727268,62.86521321814501,26.044555161037344
2002-10-12,490,2002-10-12,7.70833333333333,62.9583333333333,28.125,9.125,365322.5,-2859192.5,3577,8.740104967270852,62.564550001073144,27.35229978998921
2002-10-19,491,2002-10-19,8.75,61.625,28.2916666666667,8.375,365322.5,-2859192.5,3577,8.018958337842587,62.69627959758601,27.941939639303897
2002-10-28,492,2002-10-28,6.70833333333333,62.4583333333333,29.375,7.83333333333333,365322.5,-2859192.5,3577,7.7596424473347865,62.90522545049468,27.992410711059797
2002-11-04,493,2002-11-04,7.04166666666667,64.875,26.7916666666667,9.04166666666667,365322.5,-2859192.5,3577,7.493965915404422,63.18791090229774,27.96186050790898
2002-11-13,494,2002-11-13,8.0,65.1666666666667,25.5,8.58333333333333,365322.5,-2859192.5,3577,7.82716213095353,61.73897374554346,29.06960351309764
2002-11-29,495,2002-11-29,9.29166666666667,56.5833333333333,32.6666666666667,8.79166666666667,365322.5,-2859192.5,3577,7.7422239782909354,60.94251787942828,29.904197067118314
2002-12-06,496,2002-12-06,7.79166666666667,60.9166666666667,29.875,9.5,365322.5,-2859192.5,3577,6.981397987975893,61.488519993928776,30.09623683849241
2002-12-15,497,2002-12-15,5.75,58.5416666666667,34.2916666666667,8.375,365322.5,-2859192.5,3577,6.466660532449041,60.78192589143694,31.33399185952898
2002-12-22,498,2002-12-22,4.375,63.0833333333333,31.0833333333333,9.20833333333333,365322.5,-2859192.5,3577,6.376813202276649,59.161081823224684,33.037830074976846
2003-01-07,499,2003-01-07,5.25,63.75,29.625,8.625,365322.5,-2859192.5,3577,5.282837003037448,59.56276656778863,33.72252953444399
2003-01-16,500,2003-01-16,6.04166666666667,57.5416666666667,34.9583333333333,7.75,365322.5,-2859192.5,3577,4.3955027170964875,61.49207964377325,32.72215065635629
2003-01-23,501,2003-01-23,5.0,60.625,33.0416666666667,8.0,365322.5,-2859192.5,3577,4.390395079635912,63.2381320949338,30.998339251043586
2003-02-01,502,2003-02-01,6.16666666666667,59.25,33.25,7.75,365322.5,-2859192.5,3577,5.302149862520591,63.35978443640035,29.984521928015894
2003-02-08,503,2003-02-08,3.75,66.75,28.0833333333333,8.41666666666667,365322.5,-2859192.5,3577,6.462042730230625,62.863393701232596,29.30875587260598
2003-02-17,504,2003-02-17,4.25,70.5416666666667,23.875,7.875,365322.5,-2859192.5,3577,7.1072540720362944,61.828242835586536,29.67965226207818
2003-02-24,505,2003-02-24,11.1666666666667,57.4583333333333,30.0416666666667,10.8333333333333,365322.5,-2859192.5,3577,7.566985645931881,60.423004755813054,30.637352327750236
2003-03-12,506,2003-03-12,10.8333333333333,53.3333333333333,34.375,10.25,365322.5,-2859192.5,3577,8.231840914502218,58.673933909219244,31.73191939638835
2003-03-21,507,2003-03-21,8.625,52.5833333333333,37.4166666666667,9.54166666666667,365322.5,-2859192.5,3577,8.970702800809814,54.426522909486906,35.22418847921419
2003-03-28,508,2003-03-28,7.25,53.2916666666667,38.0,9.58333333333333,365322.5,-2859192.5,3577,9.478334488007999,51.645482871094345,37.48100197016048
2003-04-06,509,2003-04-06,7.95833333333333,54.2916666666667,36.5416666666667,8.625,365322.5,-2859192.5,3577,10.324894274970145,49.00720409620605,39.270057084292716
2003-04-22,510,2003-04-22,12.0416666666667,47.5833333333333,39.0,10.1666666666667,365322.5,-2859192.5,3577,10.60312971342227,49.09946632314319,38.893205092115714
2003-04-29,511,2003-04-29,12.6666666666667,48.5833333333333,37.1666666666667,10.375,365322.5,-2859192.5,3577,11.184727424276865,50.78080549480718,36.64702364198723
2003-05-08,512,2003-05-08,12.6666666666667,45.25,40.6666666666667,10.0416666666667,365322.5,-2859192.5,3577,12.4515802824608,49.92236878188144,36.22800793117592
2003-05-15,513,2003-05-15,12.5416666666667,55.125,31.0,10.375,365322.5,-2859192.5,3577,12.827952362393182,49.929259852627,35.84283234824497
2003-05-24,514,2003-05-24,12.3333333333333,48.7083333333333,37.6666666666667,9.91666666666667,365322.5,-2859192.5,3577,12.18952835090424,49.406322392770115,37.014540799752
2003-05-31,515,2003-05-31,10.0,53.375,35.1666666666667,9.83333333333333,365322.5,-2859192.5,3577,11.446532543821846,49.94835639076378,37.2200433725146
2003-07-03,516,2003-07-03,11.3333333333333,45.6666666666667,41.5833333333333,10.9583333333333,365322.5,-2859192.5,3577,10.304868127075643,47.37415023056728,40.91965173780262
2003-07-10,517,2003-07-10,9.95833333333333,40.9583333333333,47.625,10.5416666666667,365322.5,-2859192.5,3577,9.711315592073554,44.28455999624066,44.55674925147034
2003-07-18,518,2003-07-18,8.625,47.9583333333333,42.0416666666667,12.3333333333333,365322.5,-2859192.5,3577,9.248014551464262,42.64706243188576,46.60842445509844
2003-07-19,519,2003-07-19,8.79166666666667,40.2083333333333,49.4166666666667,10.1666666666667,365322.5,-2859192.5,3577,8.513625018518118,43.14278020740223,46.8398092301
2003-07-27,520,2003-07-27,8.86666666666667,43.9333333333333,45.6666666666667,9.8,365317.0,-2859219.0,3577,8.399853383730296,45.616809196988136,44.51461593859855
2003-08-04,521,2003-08-04,6.33333333333333,39.6666666666667,52.5,9.58333333333333,365322.5,-2859192.5,3577,8.019779505687067,47.160251899795924,43.396303826683436
2003-08-11,522,2003-08-11,9.33333333333333,59.7916666666667,29.625,10.625,365322.5,-2859192.5,3577,7.513983891418576,49.171152763637664,41.916503865823785
2003-08-12,523,2003-08-12,6.82352941176471,51.0,40.7647058823529,10.4705882352941,365330.294117647,-2859172.05882353,3577,7.558708910829434,48.41443579639451,42.61209251501822
2003-08-19,524,2003-08-19,6.25,47.3333333333333,45.0416666666667,8.95833333333333,365322.5,-2859192.5,3577,6.842850973768728,46.92377694544176,44.82780760336546
2003-08-20,525,2003-08-20,7.66666666666667,40.2083333333333,50.75,9.66666666666667,365322.5,-2859192.5,3577,5.753996887892406,45.808231036242766,47.037363747154586
2003-08-27,526,2003-08-27,3.29166666666667,42.75,52.4166666666667,10.2083333333333,365322.5,-2859192.5,3577,5.035462060399846,43.436951528856795,50.091818212587924
2003-08-28,527,2003-08-28,5.41666666666667,43.0416666666667,50.0416666666667,9.875,365322.5,-2859192.5,3577,4.195586632755922,43.49898334379108,50.880733476132015
2003-09-05,528,2003-09-05,3.08333333333333,42.75,52.75,9.33333333333333,365322.5,-2859192.5,3577,3.321170046640776,43.150870607714,52.121052371556814
2003-09-12,529,2003-09-12,1.08333333333333,49.0833333333333,48.6666666666667,8.66666666666667,365322.5,-2859192.5,3577,3.0698808529230996,45.298894668276446,50.25939806034896
2003-09-20,530,2003-09-20,4.29166666666667,47.7916666666667,46.4166666666667,9.58333333333333,365322.5,-2859192.5,3577,2.830486149405321,48.3056170480634,47.45651792888609
2003-09-21,531,2003-09-21,3.70833333333333,48.0833333333333,46.8333333333333,9.125,365322.5,-2859192.5,3577,2.820119508973576,48.88768429711972,46.86105006963441
2003-09-28,532,2003-09-28,1.41666666666667,47.6666666666667,49.5416666666667,9.375,365322.5,-2859192.5,3577,2.798028661224838,47.6194147055144,48.171310178462434
2003-09-29,533,2003-09-29,2.9375,42.0625,53.4375,8.5625,365315.625,-2859215.625,3577,2.3353517612415065,45.619320888083436,50.623318051909564
2003-10-07,534,2003-10-07,2.29166666666667,52.1666666666667,44.125,9.29166666666667,365322.5,-2859192.5,3577,2.033771117942642,44.66331314453714,51.94635311797849
2003-10-14,535,2003-10-14,1.625,47.0416666666667,50.0416666666667,9.54166666666667,365322.5,-2859192.5,3577,1.3958121342020195,44.061686945658714,53.259131142327526
2003-10-15,536,2003-10-15,0.0,31.5,67.5,24.5,365280.0,-2859255.0,3577,0.7247942331145587,46.249980605043376,51.86968623481007
2003-10-23,537,2003-10-23,0.5,50.7916666666667,47.625,8.66666666666667,365322.5,-2859192.5,3577,0.7830061450416317,46.88980375918531,51.21243198235469
2003-11-07,538,2003-11-07,0.875,51.875,46.0,9.33333333333333,365322.5,-2859192.5,3577,0.29870432714855466,48.5130257384442,50.05903777594207
2003-11-08,539,2003-11-08,0.0416666666666667,56.4166666666667,42.5416666666667,8.45833333333333,365322.5,-2859192.5,3577,0.1279660741734855,50.59147019130785,48.105250528617965
2003-11-23,540,2003-11-23,1.0,49.85,47.85,9.55,365325.0,-2859180.0,3577,0.4880414348292873,53.662263291396144,44.65183963352803
2003-11-24,541,2003-11-24,0.0833333333333333,54.75,44.0416666666667,8.58333333333333,365322.5,-2859192.5,3577,0.8101234420892651,56.78422983104798,41.23887271138979
2003-12-09,542,2003-12-09,0.833333333333333,49.75,48.0416666666667,9.08333333333333,365322.5,-2859192.5,3577,1.0076163516564485,57.35474084737933,40.54916935489087
2003-12-17,543,2003-12-17,0.416666666666667,64.75,33.8333333333333,8.375,365322.5,-2859192.5,3577,0.977933057654273,55.233738913297216,42.76510641061087
2003-12-25,544,2003-12-25,3.08333333333333,57.3333333333333,38.9166666666667,7.0,365297.5,-2859195.0,3577,0.9774738934954181,54.79848917851194,43.23905222743586
2004-01-02,545,2004-01-02,0.0,54.4166666666667,44.75,9.20833333333333,365322.5,-2859192.5,3577,0.8408044483894611,54.248239299392175,43.98553335209024
2004-01-03,546,2004-01-03,0.208333333333333,46.5,52.2083333333333,8.75,365322.5,-2859192.5,3577,0.5295993995683603,52.8959618812481,45.68207166929392
2004-01-11,547,2004-01-11,0.0416666666666667,51.3333333333333,47.5833333333333,8.45833333333333,365322.5,-2859192.5,3577,0.32548243809848826,50.77261902183745,47.96323619620113
2004-01-18,548,2004-01-18,0.0833333333333333,49.2916666666667,49.5833333333333,8.875,365322.5,-2859192.5,3577,0.016631845966208647,49.739478916329084,49.27224645838457
2004-01-27,549,2004-01-27,0.0,53.6666666666667,45.5833333333333,7.91666666666667,365322.5,-2859192.5,3577,0.0,50.124331203836704,49.13964252782282
2004-02-03,550,2004-02-03,0.0,54.1666666666667,44.875,9.04166666666667,365322.5,-2859192.5,3577,0.0,53.269011977535826,45.92233096346484
2004-02-04,551,2004-02-04,0.125,48.5,50.2083333333333,8.83333333333333,365322.5,-2859192.5,3577,0.19660358693458835,54.239703328734294,44.60990302663249
2004-02-11,552,2004-02-11,0.0833333333333333,56.875,42.1666666666667,9.375,365322.5,-2859192.5,3577,0.18205369687862769,54.690926938418194,44.13886714618373
2004-02-12,553,2004-02-12,0.0833333333333333,55.1666666666667,43.7916666666667,8.54166666666667,365322.5,-2859192.5,3577,0.3986565649163285,53.90025021219145,44.638748278387965
2004-02-20,554,2004-02-20,0.538461538461538,54.6923076923077,43.6153846153846,9.0,365331.923076923,-2859160.38461538,3577,0.5119463869463097,52.30006873930242,46.0562146831428
2004-02-27,555,2004-02-27,1.45833333333333,46.5416666666667,50.5,8.66666666666667,365322.5,-2859192.5,3577,0.6769749957114976,48.650277274912796,49.450180654061114
2004-03-06,556,2004-03-06,0.166666666666667,44.625,54.25,8.5,365322.5,-2859192.5,3577,1.0255535922359815,45.20272538249358,52.444222136909005
2004-03-14,557,2004-03-14,0.916666666666667,45.0,52.6666666666667,9.0,365322.5,-2859192.5,3577,0.4214947947978984,42.237070126025486,56.050690696133636
2004-03-15,558,2004-03-15,0.583333333333333,38.625,59.4166666666667,8.33333333333333,365322.5,-2859192.5,3577,0.36293155324466886,39.99863194477386,58.33065058501792
2004-03-22,559,2004-03-22,0.458333333333333,37.1666666666667,61.0,8.91666666666667,365322.5,-2859192.5,3577,0.5013873460824366,41.331485504645556,56.894834059716025
2004-03-23,560,2004-03-23,0.833333333333333,43.7083333333333,54.1666666666667,8.54166666666667,365322.5,-2859192.5,3577,1.5625969747484447,43.5678056463595,53.58992400787267
2004-04-07,561,2004-04-07,0.125,49.625,49.2083333333333,8.58333333333333,365322.5,-2859192.5,3577,1.265527686967121,47.21167467722489,50.24512961238218
2004-04-23,562,2004-04-23,0.333333333333333,50.375,48.2916666666667,8.70833333333333,365322.5,-2859192.5,3577,0.7411297422906178,48.860174139578604,49.059643529837444
2004-04-24,563,2004-04-24,6.0,51.0,41.0,12.0,365385.0,-2859135.0,3577,0.0,50.99632307835881,47.97361655371775
2004-05-01,564,2004-05-01,0.458333333333333,52.9166666666667,45.5,8.91666666666667,365322.5,-2859192.5,3577,1.4448295512534872,52.44283077602729,44.774504133630586
2004-05-02,565,2004-05-02,1.04166666666667,48.375,49.2916666666667,8.29166666666667,365322.5,-2859192.5,3577,3.2337153572076254,51.26686108551485,44.184037589420434
2004-05-09,566,2004-05-09,0.583333333333333,48.5416666666667,49.6666666666667,8.29166666666667,365322.5,-2859192.5,3577,7.744986315622276,48.13599754353884,42.827714759841335
2004-06-10,567,2004-06-10,16.1666666666667,43.75,38.7083333333333,9.33333333333333,365322.5,-2859192.5,3577,12.788213741609255,44.82912400184013,41.14054969661738
2004-06-11,568,2004-06-11,20.8333333333333,48.5,29.6666666666667,10.5833333333333,365332.5,-2859157.5,3577,18.205652882772537,41.822642717658454,38.78245359414327
2004-06-19,569,2004-06-19,28.2083333333333,35.5833333333333,34.875,9.75,365322.5,-2859192.5,3577,24.159464082977664,38.25372859175447,36.381396942088934
2004-06-26,570,2004-06-26,22.2916666666667,31.7083333333333,44.7916666666667,8.125,365322.5,-2859192.5,3577,28.451617593743048,35.62177684354109,34.61280252661927
2004-06-27,571,2004-06-27,34.2857142857143,33.4285714285714,30.8571428571429,10.7142857142857,365326.428571429,-2859183.57142857,3577,29.861350183677484,33.84518781554692,34.9917414438749
2004-07-04,572,2004-07-04,24.3684210526316,36.4736842105263,37.8421052631579,10.4736842105263,365321.842105263,-2859207.63157895,3577,28.761658423316987,33.57781407120972,36.32291307355945
2004-07-05,573,2004-07-05,30.2083333333333,34.9166666666667,33.5,10.3333333333333,365322.5,-2859192.5,3577,26.76108298441693,34.61898586991762,37.252747130654235
2004-07-21,574,2004-07-21,25.3333333333333,34.3333333333333,39.0,9.95833333333333,365322.5,-2859192.5,3577,25.0028013171409,36.394305656317485,37.21721862136004
2004-07-28,575,2004-07-28,18.875,40.0,39.7916666666667,9.79166666666667,365322.5,-2859192.5,3577,22.37283469069837,38.93714203074058,37.32784180269773
2004-07-29,576,2004-07-29,21.65,39.75,37.15,9.65,365325.0,-2859180.0,3577,20.089146455898373,39.90942991883409,38.65082413919217
2004-08-05,577,2004-08-05,16.2083333333333,42.875,39.5833333333333,9.625,365322.5,-2859192.5,3577,16.148160310167015,40.87255577510791,41.602056761330324
2004-08-06,578,2004-08-06,16.5416666666667,39.125,42.9166666666667,9.25,365322.5,-2859192.5,3577,14.681585618767718,41.67556058220663,42.234816830276536
2004-08-13,579,2004-08-13,9.66666666666667,43.0,46.0,9.5,365322.5,-2859192.5,3577,11.907164036602545,41.73500820237202,44.95109954951225
2004-08-14,580,2004-08-14,11.5,42.45,44.6,9.25,365319.0,-2859204.0,3577,10.899800080424173,42.34732925131918,45.35007891461507
2004-08-21,581,2004-08-21,8.54166666666667,43.4583333333333,46.5833333333333,9.33333333333333,365322.5,-2859192.5,3577,9.439934246947676,44.19434627481465,44.963122053921104
2004-08-22,582,2004-08-22,6.54166666666667,42.4166666666667,49.4583333333333,8.91666666666667,365322.5,-2859192.5,3577,7.495117166250164,43.63632009861192,47.44404182938182
2004-08-30,583,2004-08-30,10.7368421052632,44.5263157894737,43.5789473684211,9.1578947368421,365321.842105263,-2859207.63157895,3577,6.414544942591085,42.41420590570601,49.70819316335519
2004-09-06,584,2004-09-06,2.61904761904762,48.3333333333333,47.5714285714286,8.61904761904762,365326.428571429,-2859183.57142857,3577,5.11662427111675,45.942623186648426,47.529268651063724
2004-09-07,585,2004-09-07,5.0,51.0833333333333,42.4583333333333,9.0,365322.5,-2859192.5,3577,4.074548007800626,50.40771814546113,44.15390828007895
2004-09-14,586,2004-09-14,1.41666666666667,44.0416666666667,53.0833333333333,9.125,365322.5,-2859192.5,3577,2.741784463431442,53.47665261113623,42.442979641339754
2004-09-23,587,2004-09-23,1.58333333333333,47.7916666666667,49.3333333333333,8.5,365322.5,-2859192.5,3577,2.4342706747379648,55.41860236335537,40.823360279929034
2004-09-30,588,2004-09-30,4.33333333333333,72.4583333333333,22.0416666666667,10.8333333333333,365322.5,-2859192.5,3577,2.550845480085766,55.01040476143532,41.10932193518754
2004-10-01,589,2004-10-01,3.125,63.5833333333333,32.0833333333333,14.7916666666667,365322.5,-2859192.5,3577,3.4428559192689576,52.33209898839719,42.839504712054094
2004-10-09,590,2004-10-09,3.125,35.2916666666667,59.9583333333333,8.08333333333333,365322.5,-2859192.5,3577,4.358608293286638,49.51886338092214,44.77632061870433
2004-10-16,591,2004-10-16,5.58333333333333,37.7916666666667,55.1666666666667,8.54166666666667,365322.5,-2859192.5,3577,4.493573596923863,45.56923721121273,48.52950045764837
2004-10-24,592,2004-10-24,5.5,45.3333333333333,47.8333333333333,9.33333333333333,365335.0,-2859140.0,3577,4.964259432365592,41.06929717371189,52.54581246319215
2004-10-25,593,2004-10-25,5.16666666666667,37.3333333333333,56.0,7.83333333333333,365322.5,-2859192.5,3577,4.749990713771649,37.17284651849748,56.65796170380099
2004-11-01,594,2004-11-01,3.16666666666667,41.375,54.125,8.58333333333333,365322.5,-2859192.5,3577,4.5461301052488965,36.32633602813809,57.70633636986809
2004-11-09,595,2004-11-09,2.75,39.7083333333333,56.2916666666667,5.20833333333333,365322.5,-2859192.5,3577,4.075956619413487,39.07464232634381,55.448437292378216
2004-11-10,596,2004-11-10,5.79166666666667,34.1666666666667,58.4166666666667,8.95833333333333,365322.5,-2859192.5,3577,3.1788976897558943,40.40152141307975,55.02388752053292
2004-11-17,597,2004-11-17,1.875,41.25,55.5833333333333,8.41666666666667,365322.5,-2859192.5,3577,2.4047164591005474,38.993824711675394,57.144429759814585
2004-11-25,598,2004-11-25,1.88235294117647,42.2352941176471,54.2941176470588,8.11764705882353,365316.176470588,-2859212.64705882,3577,1.7258404725848877,40.789633725704874,56.036326979634936
2004-11-26,599,2004-11-26,0.416666666666667,41.125,57.0,7.625,365322.5,-2859192.5,3577,1.038232195170667,43.4584961341635,54.09823459790779
2004-12-03,600,2004-12-03,0.125,45.6666666666667,52.9583333333333,8.70833333333333,365322.5,-2859192.5,3577,0.7151545185827489,45.09853170412961,52.775300194546524
2004-12-11,601,2004-12-11,1.25,47.875,49.4583333333333,8.45833333333333,365322.5,-2859192.5,3577,0.4544107246483184,46.06888698777013,52.0930785128713
2004-12-12,602,2004-12-12,0.166666666666667,45.0416666666667,53.4166666666667,7.45833333333333,365322.5,-2859192.5,3577,0.3267326296600986,46.5892665960207,51.77032166218244
2004-12-19,603,2004-12-19,0.375,49.75,48.6666666666667,7.83333333333333,365322.5,-2859192.5,3577,0.8861910717218082,45.821492119541176,51.969219073882584
2004-12-20,604,2004-12-20,2.125,43.0,53.4583333333333,7.5,365322.5,-2859192.5,3577,1.0430326972849542,46.53680657349602,51.12228720104481
2004-12-27,605,2004-12-27,1.375,45.0833333333333,52.125,8.20833333333333,365322.5,-2859192.5,3577,1.3568666506198617,46.700491405934244,50.591586720198706
2004-12-28,606,2004-12-28,0.0833333333333333,45.4583333333333,53.3333333333333,7.16666666666667,365322.5,-2859192.5,3577,1.2998621605430798,46.31486753699683,51.04296657933665
2005-01-04,607,2005-01-04,1.20833333333333,51.5,46.0,7.83333333333333,365322.5,-2859192.5,3577,1.2268054442975194,46.60565827360796,50.83655560125388
2005-01-05,608,2005-01-05,2.58333333333333,45.875,50.0,8.16666666666667,365322.5,-2859192.5,3577,1.1089833798810453,47.63051448035256,49.97959741496145
2005-01-12,609,2005-01-12,0.291666666666667,49.9166666666667,48.625,7.95833333333333,365322.5,-2859192.5,3577,0.70958994565795,48.184644431928255,49.898559902422406
2005-01-13,610,2005-01-13,0.125,45.125,53.5833333333333,7.25,365322.5,-2859192.5,3577,0.47629125260697036,49.59641003990109,48.7810698073783
2005-01-20,611,2005-01-20,0.0416666666666667,49.2083333333333,49.7916666666667,7.75,365322.5,-2859192.5,3577,0.487552050632473,49.20244358324119,49.16404158276488
2005-01-28,612,2005-01-28,0.541666666666667,52.4166666666667,45.9583333333333,8.33333333333333,365322.5,-2859192.5,3577,0.21603959336154283,49.314365673878434,49.45182504972787
2005-02-05,613,2005-02-05,0.0,51.25,47.8333333333333,8.125,365322.5,-2859192.5,3577,0.0,49.93894379613447,49.11790686093357
2005-02-06,614,2005-02-06,0.375,47.9583333333333,50.4166666666667,7.58333333333333,365322.5,-2859192.5,3577,0.15950767498752708,50.557639986425,48.26220348278451
2005-02-13,615,2005-02-13,0.458333333333333,50.2916666666667,48.2083333333333,7.95833333333333,365322.5,-2859192.5,3577,0.36320396150112044,49.6443080483254,48.87963794890308
2005-02-14,616,2005-02-14,0.0,47.4166666666667,51.6666666666667,6.95833333333333,365322.5,-2859192.5,3577,0.2765846124978839,49.53866721513042,49.042820440645926
2005-02-21,617,2005-02-21,0.0,52.375,46.5833333333333,7.66666666666667,365322.5,-2859192.5,3577,0.34874104223944213,48.82094853030657,49.62839095887888
2005-02-22,618,2005-02-22,0.888888888888889,49.2222222222222,48.1111111111111,8.22222222222222,365331.666666667,-2859148.33333333,3577,0.32836612132272847,49.35246966604361,49.13175989613971
2005-03-02,619,2005-03-02,0.375,47.0416666666667,51.5833333333333,6.75,365322.5,-2859192.5,3577,0.4032994868907579,50.9161258367611,47.509449293793836
2005-03-09,620,2005-03-09,0.0833333333333333,51.3333333333333,47.5833333333333,7.29166666666667,365322.5,-2859192.5,3577,0.39664837226750804,50.55687368691984,47.8928795435052
2005-03-17,621,2005-03-17,0.708333333333333,53.25,44.9583333333333,7.66666666666667,365322.5,-2859192.5,3577,0.38465116754584683,50.6624350300062,47.841533019271246
2005-03-18,622,2005-03-18,0.25,50.3333333333333,48.3333333333333,7.08333333333333,365322.5,-2859192.5,3577,0.3771442695590738,50.32192480468453,48.28051677272407
2005-03-25,623,2005-03-25,0.0,51.3333333333333,47.7916666666667,7.66666666666667,365322.5,-2859192.5,3577,0.2807324254692257,50.059290493994354,48.72721011155904
2005-03-26,624,2005-03-26,0.666666666666667,48.5,49.7222222222222,7.38888888888889,365330.0,-2859175.0,3577,0.17677790046208464,50.77482056531106,48.12698666900279
2005-04-02,625,2005-04-02,0.0,46.4117647058824,52.6470588235294,6.94117647058824,365316.176470588,-2859212.64705882,3577,0.24676991395253978,50.812218521166486,47.93075751773362
2005-04-10,626,2005-04-10,0.166666666666667,56.375,42.6666666666667,7.33333333333333,365322.5,-2859192.5,3577,0.22757763392434938,50.743264831742955,48.02903585820371
2005-04-18,627,2005-04-18,0.416666666666667,48.5,49.9166666666667,6.91666666666667,365312.5,-2859227.5,3577,0.21263901217458422,50.91911281821284,47.845357530016216
2005-04-19,628,2005-04-19,0.0416666666666667,54.8333333333333,44.0416666666667,7.20833333333333,365322.5,-2859192.5,3577,0.36470022925125856,51.128180081914934,47.41189756083877
2005-04-26,629,2005-04-26,0.458333333333333,49.9583333333333,48.375,7.125,365322.5,-2859192.5,3577,0.35762663549035895,51.04479188024226,47.447301347949875
2005-04-27,630,2005-04-27,0.75,48.5,49.5833333333333,7.45833333333333,365322.5,-2859192.5,3577,0.4287835487525246,50.80458237657895,47.585471093681974
2005-05-04,631,2005-05-04,0.277777777777778,49.5,49.1111111111111,7.61111111111111,365330.0,-2859175.0,3577,0.5371095577425231,50.28979378116807,48.00054624429679
2005-05-05,632,2005-05-05,0.625,50.7083333333333,47.5,7.29166666666667,365322.5,-2859192.5,3577,0.6029201909924491,49.89860995868047,48.37270613419378
2005-05-12,633,2005-05-12,0.791666666666667,52.5833333333333,45.375,7.625,365322.5,-2859192.5,3577,0.7135421948643962,50.517257469588195,47.64481147823274
2005-05-13,634,2005-05-13,0.5,50.5,48.0,7.16666666666667,365318.333333333,-2859210.0,3577,0.950599250929075,50.417117617044894,47.454675703772416
2005-05-20,635,2005-05-20,1.29166666666667,49.9166666666667,47.6666666666667,7.625,365322.5,-2859192.5,3577,0.8685313925658081,51.48804530431591,46.460094309301155
2005-05-21,636,2005-05-21,0.916666666666667,51.4583333333333,46.4583333333333,7.20833333333333,365322.5,-2859192.5,3577,0.7685806941957021,51.67553730419584,46.356972429822775
2005-05-28,637,2005-05-28,1.375,50.4583333333333,46.6666666666667,7.70833333333333,365322.5,-2859192.5,3577,1.0483784745841205,51.62400893467824,46.10947921322824
2005-05-29,638,2005-05-29,1.10526315789474,52.2631578947368,45.3684210526316,7.57894736842105,365328.157894737,-2859177.63157895,3577,1.3790085586563907,51.34092134034334,46.0442026334902
2005-06-05,639,2005-06-05,1.5,52.2083333333333,45.25,8.08333333333333,365322.5,-2859192.5,3577,2.0736141608103655,50.22937402882064,46.43610069116545
2005-06-06,640,2005-06-06,1.66666666666667,48.5416666666667,48.5833333333333,7.41666666666667,365322.5,-2859192.5,3577,2.9736310734999005,48.555502985386326,47.171036860091675
2005-06-13,641,2005-06-13,4.45833333333333,46.125,48.0,8.0,365322.5,-2859192.5,3577,3.7789920689562493,45.799069016508525,49.131833103858284
2005-06-14,642,2005-06-14,4.70833333333333,43.4166666666667,50.4583333333333,7.83333333333333,365322.5,-2859192.5,3577,3.3415956423472823,44.315091652579696,51.00515721791085
2005-06-21,643,2005-06-21,3.09090909090909,41.9545454545455,53.5909090909091,8.0,365318.181818182,-2859197.72727273,3577,1.9326847888308922,44.02595026145818,52.65056722684588
2005-06-22,644,2005-06-22,3.83333333333333,41.25,53.4583333333333,7.91666666666667,365322.5,-2859192.5,3577,1.7946053587188056,43.519240139745236,53.13408900390196
2005-06-29,645,2005-06-29,2.70833333333333,43.375,52.4166666666667,8.20833333333333,365322.5,-2859192.5,3577,3.741838410057437,41.78632407989665,52.95347372764108
2005-06-30,646,2005-06-30,3.9,42.65,52.0,8.15,365325.0,-2859180.0,3577,8.078634818599841,40.05722541835085,50.41501920304292
2005-07-15,647,2005-07-15,10.0833333333333,41.2083333333333,47.125,8.83333333333333,365322.5,-2859192.5,3577,14.819815504410812,36.39123582814988,47.41252607041373
2005-07-24,648,2005-07-24,25.1666666666667,28.375,45.125,8.79166666666667,365322.5,-2859192.5,3577,22.476064827841657,31.35581343320812,44.85339131971589
2005-07-31,649,2005-07-31,35.0,22.625,41.125,9.625,365322.5,-2859192.5,3577,29.926689796267365,26.77214271795915,42.02616965077637
2005-08-01,650,2005-08-01,35.0,23.0,41.25,9.25,365310.0,-2859255.0,3577,34.25380050805236,23.719006870319134,40.79215289353998
2005-08-08,651,2005-08-08,34.75,26.0416666666667,37.5833333333333,9.875,365322.5,-2859192.5,3577,35.143434042732196,20.68688955523013,42.90950316452769
2005-08-09,652,2005-08-09,32.2083333333333,18.9166666666667,47.5833333333333,9.41666666666667,365322.5,-2859192.5,3577,32.37464908671855,22.765443792530185,43.54851082869007
2005-08-16,653,2005-08-16,25.7916666666667,28.5,44.25,9.33333333333333,365322.5,-2859192.5,3577,27.33257557715354,27.874865588483715,43.42172919958648
2005-08-24,654,2005-08-24,22.2083333333333,34.125,42.25,8.625,365322.5,-2859192.5,3577,21.366975001259735,33.7922220221746,43.42137690943463
2005-09-01,655,2005-09-01,13.5416666666667,34.8333333333333,50.2916666666667,7.95833333333333,365322.5,-2859192.5,3577,16.986309871756262,38.86819296611773,42.693972381965025
2005-09-02,656,2005-09-02,15.25,42.0833333333333,41.1666666666667,8.16666666666667,365332.5,-2859157.5,3577,13.178804296836393,42.10624776613229,43.26421253369849
2005-09-09,657,2005-09-09,11.0416666666667,57.1666666666667,30.4583333333333,9.95833333333333,365322.5,-2859192.5,3577,9.789374454233684,45.141777177516715,43.7110491485528
2005-09-10,658,2005-09-10,7.33333333333333,39.7916666666667,51.4583333333333,7.58333333333333,365322.5,-2859192.5,3577,7.494146333541507,45.30068174948957,45.77280800192369
2005-09-17,659,2005-09-17,4.54166666666667,41.5416666666667,52.4583333333333,7.91666666666667,365322.5,-2859192.5,3577,5.855304654065391,44.329596493880274,48.40627970963729
2005-09-18,660,2005-09-18,5.5,43.25,49.75,7.41666666666667,365312.5,-2859227.5,3577,4.463115316055829,43.371935265586146,50.74595094221187
2005-09-25,661,2005-09-25,2.0,40.7368421052632,56.0526315789474,5.57894736842105,365321.842105263,-2859207.63157895,3577,3.4637242272685973,42.97020191890826,52.170468662374645
2005-09-26,662,2005-09-26,3.75,47.2916666666667,47.5833333333333,7.25,365322.5,-2859192.5,3577,2.292876370275407,43.20320190915929,53.15944585802842
2005-10-03,663,2005-10-03,2.58333333333333,41.625,54.2083333333333,7.20833333333333,365322.5,-2859192.5,3577,2.347905706264485,45.4693637183996,50.83578222466579
2005-10-04,664,2005-10-04,1.66666666666667,51.4444444444444,45.7777777777778,7.0,365318.333333333,-2859238.33333333,3577,2.2714156328704025,47.73993045228276,48.633312306700034
2005-10-12,665,2005-10-12,1.5,43.7083333333333,53.4166666666667,6.95833333333333,365322.5,-2859192.5,3577,1.718775935106947,46.425787800536426,50.52899552106473
2005-10-19,666,2005-10-19,1.33333333333333,49.9583333333333,47.4166666666667,9.0,365322.5,-2859192.5,3577,1.38016266499218,46.08351057040689,51.196926491566074
2005-10-20,667,2005-10-20,1.75,43.4166666666667,53.4166666666667,7.83333333333333,365322.5,-2859192.5,3577,1.432154661643612,44.53937489736074,52.66101028901694
2005-10-27,668,2005-10-27,1.79166666666667,41.2916666666667,55.4583333333333,7.79166666666667,365322.5,-2859192.5,3577,1.002038724948792,42.16780116439337,55.51938906239853
2005-10-28,669,2005-10-28,0.125,38.25,60.4583333333333,7.16666666666667,365322.5,-2859192.5,3577,1.0693897176093725,41.012202580694925,56.61657357089946
2005-11-04,670,2005-11-04,0.0833333333333333,42.625,56.125,8.0,365322.5,-2859192.5,3577,0.9624288250447806,40.3380281139509,57.41709816670257
2005-11-12,671,2005-11-12,2.5,41.0,55.0,8.3,365325.0,-2859150.0,3577,0.8196386946385729,39.696605252326876,58.242260061910784
2005-11-13,672,2005-11-13,0.125,37.125,61.7083333333333,7.04166666666667,365322.5,-2859192.5,3577,0.7332779449651425,38.923436857254565,59.118288445291974
2005-11-20,673,2005-11-20,0.0833333333333333,43.7916666666667,55.0833333333333,6.875,365322.5,-2859192.5,3577,0.5532161337114073,41.59402310794877,56.708987349071734
2005-11-28,674,2005-11-28,1.29166666666667,44.5833333333333,52.7916666666667,7.875,365322.5,-2859192.5,3577,0.4841926649201472,44.01118592449204,54.40761057826808
2005-12-07,675,2005-12-07,0.0416666666666667,43.0833333333333,55.8333333333333,5.91666666666667,365322.5,-2859192.5,3577,0.38215448122563245,47.38021949669848,51.194962545187074
2005-12-23,676,2005-12-23,0.0416666666666667,46.0,52.9583333333333,7.25,365322.5,-2859192.5,3577,0.13090508562642902,51.06964500926584,47.819112775761965
2006-01-15,677,2006-01-15,0.0,62.25,37.0416666666667,5.625,365322.5,-2859192.5,3577,0.07337064380406969,53.81652106922198,45.16285984396764
2006-01-23,678,2006-01-23,0.0,57.5833333333333,41.4583333333333,7.33333333333333,365322.5,-2859192.5,3577,0.26150346041982997,54.30470097497147,44.466205878737924
2006-01-31,679,2006-01-31,0.666666666666667,50.2083333333333,48.0,7.5,365322.5,-2859192.5,3577,0.09249677051533235,53.77978071978814,45.19949374670061
2006-02-01,680,2006-02-01,0.0416666666666667,52.9583333333333,46.0833333333333,6.79166666666667,365322.5,-2859192.5,3577,0.0823708025720284,51.85415539052534,47.14539536829853
2006-02-08,681,2006-02-08,0.0,47.375,51.6666666666667,7.25,365322.5,-2859192.5,3577,0.16110527759132176,49.77707805609539,49.10690496293478
2006-02-17,682,2006-02-17,0.0,44.6666666666667,54.4583333333333,6.33333333333333,365322.5,-2859192.5,3577,0.05086167702266017,47.48293966095116,51.51644962364006
2006-02-24,683,2006-02-24,0.0,49.5416666666667,49.5,7.375,365322.5,-2859192.5,3577,0.0075983098428907695,46.76885098904526,52.28070987319431
2006-03-04,684,2006-03-04,0.0,49.0,50.125,7.75,365322.5,-2859192.5,3577,0.0,48.47060537500991,50.65551141324378
2006-03-05,685,2006-03-05,0.0,45.6666666666667,53.3333333333333,6.91666666666667,365322.5,-2859192.5,3577,0.013069489849673674,47.65183539370135,51.344303658150466
2006-03-12,686,2006-03-12,0.0416666666666667,52.7083333333333,46.1666666666667,7.25,365322.5,-2859192.5,3577,0.04641076158103329,46.85989900191986,52.0651002763928
2006-03-20,687,2006-03-20,0.166666666666667,44.375,54.4583333333333,6.70833333333333,365322.5,-2859192.5,3577,0.0694835350408002,47.570826748064206,51.31954848556248
2006-03-29,688,2006-03-29,0.0416666666666667,46.8333333333333,52.0833333333333,7.125,365322.5,-2859192.5,3577,0.09572354889690926,47.640013495269514,51.22559213231821
2006-04-06,689,2006-04-06,0.0833333333333333,45.4583333333333,53.375,6.83333333333333,365322.5,-2859192.5,3577,0.10212027394688411,47.287443078070666,51.623422243383544
2006-04-13,690,2006-04-13,0.208333333333333,47.0,51.75,7.0,365322.5,-2859192.5,3577,0.16797830652317308,48.694454668131584,50.13112068529274
2006-04-14,691,2006-04-14,0.0,56.375,42.8333333333333,9.375,365322.5,-2859192.5,3577,0.2907826177949582,50.041254411215945,48.615939401148836
2006-04-21,692,2006-04-21,0.666666666666667,50.4583333333333,47.7083333333333,7.625,365322.5,-2859192.5,3577,0.29180977105262074,51.07654198460499,47.56570279096306
2006-04-22,693,2006-04-22,0.0,47.5833333333333,51.375,7.125,365322.5,-2859192.5,3577,0.1685531023062432,51.961465146160435,46.783371532766466
2006-04-29,694,2006-04-29,0.458333333333333,51.0,47.2916666666667,7.41666666666667,365322.5,-2859192.5,3577,0.22929841291081876,50.76070346999083,47.89002218814338
2006-04-30,695,2006-04-30,0.454545454545455,53.8181818181818,44.3636363636364,7.81818181818182,365330.454545455,-2859154.09090909,3577,0.34532056038524295,49.31701369274512,49.16449968081656
2006-05-08,696,2006-05-08,0.0,45.25,53.8333333333333,6.75,365322.5,-2859192.5,3577,0.44863093797086584,47.125479174163374,51.23279950886136
2006-05-15,697,2006-05-15,0.0416666666666667,44.625,54.3333333333333,7.125,365322.5,-2859192.5,3577,0.5689072631092615,44.874852713186854,53.35799157216878
2006-05-16,698,2006-05-16,1.125,43.25,54.2083333333333,7.125,365322.5,-2859192.5,3577,0.5488352533102634,44.00276269372151,54.30293189312921
2006-05-23,699,2006-05-23,1.41666666666667,43.6666666666667,53.7083333333333,7.125,365322.5,-2859192.5,3577,0.5991446376120411,43.01638810105659,55.256709389673254
2006-05-24,700,2006-05-24,0.0416666666666667,42.75,56.1666666666667,6.875,365322.5,-2859192.5,3577,0.5564815731223577,43.02532619598539,55.30834129749712
2006-05-31,701,2006-05-31,0.125,43.9583333333333,54.9166666666667,7.20833333333333,365322.5,-2859192.5,3577,0.48569541913187964,44.99502406777275,53.45673521524117
2006-06-09,702,2006-06-09,0.333333333333333,46.5833333333333,52.0,6.875,365322.5,-2859192.5,3577,0.3831412395653313,47.87770266368622,50.69355837660035
2006-06-16,703,2006-06-16,0.166666666666667,51.2916666666667,47.625,7.83333333333333,365322.5,-2859192.5,3577,0.21152209503599534,48.78591944690287,50.009169236328944
2006-06-24,704,2006-06-24,0.7,49.9,48.3,7.7,365325.0,-2859150.0,3577,0.1420174510731571,49.01994865299088,49.821302897301635
2006-06-25,705,2006-06-25,0.0833333333333333,49.1666666666667,49.7083333333333,6.83333333333333,365322.5,-2859192.5,3577,0.2504229516613041,49.133417408177884,49.53257578334237
2006-07-02,706,2006-07-02,0.0,49.4166666666667,49.625,7.0,365322.5,-2859192.5,3577,0.30307798496648486,48.44170329154127,50.1789490179508
2006-07-03,707,2006-07-03,0.428571428571429,45.0,53.2142857142857,6.78571428571429,365320.714285714,-2859222.85714286,3577,0.20043179215002865,47.48502890297848,51.2475097142203
2006-07-11,708,2006-07-11,0.0416666666666667,43.0,56.0,6.91666666666667,365322.5,-2859192.5,3577,0.18365741585553105,46.33904356736482,52.40621272431633
2006-07-26,709,2006-07-26,0.266666666666667,48.3333333333333,50.4,7.2,365325.0,-2859165.0,3577,0.16558727650056468,45.50652464150235,53.29259837169256
2006-07-27,710,2006-07-27,0.166666666666667,47.2083333333333,51.7083333333333,6.83333333333333,365322.5,-2859192.5,3577,0.1455946014769329,44.128278197544034,54.7260354454545
2006-08-03,711,2006-08-03,0.125,41.1666666666667,57.7083333333333,7.16666666666667,365322.5,-2859192.5,3577,0.17506680625873072,42.439034907294804,56.40724110769706
2006-08-11,712,2006-08-11,0.166666666666667,42.25,56.5,7.125,365322.5,-2859192.5,3577,0.10785383347301254,41.373785785931304,57.56469111383112
2006-08-12,713,2006-08-12,0.0,37.9583333333333,61.1666666666667,6.875,365322.5,-2859192.5,3577,0.05559421658492043,40.12949992902954,58.9024570200953
2006-08-19,714,2006-08-19,0.0,38.5,60.6666666666667,6.79166666666667,365322.5,-2859192.5,3577,0.05668652812614819,39.57943990992936,59.43468974265302
2006-08-20,715,2006-08-20,0.125,38.2916666666667,60.5416666666667,6.79166666666667,365322.5,-2859192.5,3577,0.012241370600501875,39.5713707087487,59.503748186788854
2006-08-27,716,2006-08-27,0.0,43.6666666666667,55.5416666666667,6.33333333333333,365322.5,-2859192.5,3577,0.02715593659865697,40.22717109171616,58.84818505367165
2006-08-28,717,2006-08-28,0.0,40.9583333333333,58.125,6.625,365322.5,-2859192.5,3577,0.030979598317054973,40.266501944901506,58.79912605453525
2006-09-04,718,2006-09-04,0.0,39.0,60.125,6.54166666666667,365322.5,-2859192.5,3577,0.04015656685934719,39.92010118364013,59.12954499060429
2006-09-12,719,2006-09-12,0.111111111111111,41.2777777777778,57.5555555555556,6.88888888888889,365330.0,-2859175.0,3577,0.0498056295269843,40.0865931454107,58.928059126966744
2006-09-13,720,2006-09-13,0.0416666666666667,35.0416666666667,64.0416666666667,6.29166666666667,365322.5,-2859192.5,3577,0.03552162491790442,38.343739207123576,60.721621386860015
2006-09-20,721,2006-09-20,0.0416666666666667,38.0,61.1666666666667,6.58333333333333,365322.5,-2859192.5,3577,0.029415373068619438,37.599739914362786,61.48479642131977
2006-09-21,722,2006-09-21,0.0,39.6666666666667,59.375,6.25,365322.5,-2859192.5,3577,0.030737236619584975,37.558627432073834,61.550780445895114
2006-09-29,723,2006-09-29,0.0,39.0833333333333,60.1666666666667,6.16666666666667,365322.5,-2859192.5,3577,0.009756110762301274,38.25685196883907,60.932831060082854
2006-10-06,724,2006-10-06,0.0,36.4583333333333,62.6666666666667,6.25,365322.5,-2859192.5,3577,0.0,38.80714304976393,60.39158125426981
2006-10-07,725,2006-10-07,0.0,36.8095238095238,62.4761904761905,6.04761904761905,365326.428571429,-2859183.57142857,3577,0.0,39.59677641985181,59.577477724772066
2006-10-14,726,2006-10-14,0.0,44.875,54.2083333333333,6.58333333333333,365322.5,-2859192.5,3577,0.0,39.92300942905283,59.20226650894253
2006-10-15,727,2006-10-15,0.0,37.75,61.4583333333333,5.54166666666667,365322.5,-2859192.5,3577,0.0012899896800823603,38.743408491182564,60.38267420075626
2006-10-22,728,2006-10-22,0.0,38.0416666666667,60.9166666666667,6.54166666666667,365322.5,-2859192.5,3577,0.0,37.601475916669095,61.52956927108688
2006-10-23,729,2006-10-23,0.0,38.5,60.5416666666667,6.125,365322.5,-2859192.5,3577,0.0,37.66819630046214,61.427008966799356
2006-10-30,730,2006-10-30,0.0,35.2631578947368,63.9473684210526,5.10526315789474,365321.842105263,-2859207.63157895,3577,0.0,37.24238533043172,61.84226039561599
2006-10-31,731,2006-10-31,0.0,34.0833333333333,65.125,5.83333333333333,365322.5,-2859192.5,3577,0.0033873505235729327,36.79589896415561,62.29829415735687
2006-11-07,732,2006-11-07,0.0,37.8333333333333,61.2083333333333,6.375,365322.5,-2859192.5,3577,0.022245556301280504,37.27547928687991,61.80351075787664
2006-11-08,733,2006-11-08,0.0,40.3333333333333,58.6666666666667,6.0,365300.0,-2859245.0,3577,0.0,36.91186915848249,62.19321054263909
2006-11-15,734,2006-11-15,0.0416666666666667,40.4583333333333,58.5416666666667,6.66666666666667,365322.5,-2859192.5,3577,0.0,36.4336565476726,62.68192861670009
2006-11-16,735,2006-11-16,0.0,32.5416666666667,66.6666666666667,5.66666666666667,365322.5,-2859192.5,3577,0.007942908484702988,38.02616471301744,61.05884869298491
2006-11-23,736,2006-11-23,0.0,37.6666666666667,61.4583333333333,6.5,365322.5,-2859192.5,3577,0.31443723974679005,38.20383085628157,60.533343645645175
2006-11-24,737,2006-11-24,0.0,36.75,62.2083333333333,5.75,365322.5,-2859192.5,3577,0.0,38.69422677153891,60.454605467306216
2006-12-09,738,2006-12-09,0.0,38.5,60.7083333333333,6.625,365322.5,-2859192.5,3577,0.0,39.42215769266264,60.21686169866383
2006-12-25,739,2006-12-25,0.333333333333333,49.3333333333333,49.3333333333333,8.22222222222222,365341.666666667,-2859188.33333333,3577,0.0,40.17042802398238,59.27062846852981
2007-01-02,740,2007-01-02,0.0,38.4583333333333,60.5416666666667,6.33333333333333,365322.5,-2859192.5,3577,0.29736607561680545,41.03688287975598,57.71374587743694
2007-01-03,741,2007-01-03,0.0,34.0833333333333,64.9166666666667,5.83333333333333,365322.5,-2859192.5,3577,1.3247751990010088,41.005842841363005,56.66479933893949
2007-01-10,742,2007-01-10,0.0,45.1666666666667,54.0833333333333,4.29166666666667,365322.5,-2859192.5,3577,2.2665993707012007,39.99618776475762,56.700653835320296
2007-01-26,743,2007-01-26,6.04166666666667,36.2083333333333,56.4166666666667,6.79166666666667,365322.5,-2859192.5,3577,3.1364258806204592,38.34890883110124,57.374968426817446
2007-01-27,744,2007-01-27,5.45,37.55,55.7,6.35,365325.0,-2859180.0,3577,3.6158955595482705,36.508338565453855,58.608849329196616
2007-02-03,745,2007-02-03,2.54166666666667,39.0,57.125,6.83333333333333,365322.5,-2859192.5,3577,3.557376575951897,36.01371358259366,59.1220194923667
2007-02-04,746,2007-02-04,2.25,34.6666666666667,61.8333333333333,6.125,365322.5,-2859192.5,3577,3.006189244191892,36.87900708681892,58.75798620882882
2007-02-11,747,2007-02-11,1.20833333333333,34.875,62.5416666666667,6.70833333333333,365322.5,-2859192.5,3577,1.978673674106816,36.683997632908586,60.003846514673455
2007-02-12,748,2007-02-12,1.54166666666667,34.5416666666667,62.5,6.20833333333333,365322.5,-2859192.5,3577,0.840429178664348,38.7398884655019,59.15401304061412
2007-02-19,749,2007-02-19,0.0833333333333333,43.5416666666667,55.3333333333333,6.70833333333333,365322.5,-2859192.5,3577,0.06164292363981866,37.98966077781303,60.80024500782106
2007-02-20,750,2007-02-20,0.166666666666667,40.9166666666667,57.9166666666667,6.08333333333333,365322.5,-2859192.5,3577,0.22905165010424747,37.27946679223215,61.367699380074114
2007-02-27,751,2007-02-27,0.166666666666667,39.5416666666667,59.125,6.54166666666667,365322.5,-2859192.5,3577,0.23579568006809068,39.148821508722804,59.54360616163132
2007-02-28,752,2007-02-28,0.0,40.0416666666667,59.0,6.125,365322.5,-2859192.5,3577,0.013355452596936997,42.30961376084585,56.66745419182651
2007-03-07,753,2007-03-07,0.166666666666667,37.7083333333333,61.0833333333333,6.58333333333333,365322.5,-2859192.5,3577,0.0,44.880898770984956,54.17803932392905
2007-03-08,754,2007-03-08,0.166666666666667,37.1666666666667,61.7083333333333,5.95833333333333,365322.5,-2859192.5,3577,0.03167356379430151,45.980758663414335,53.041380059560986
2007-03-16,755,2007-03-16,0.0,67.0,32.0,4.0,365265.0,-2859135.0,3577,0.28042236401365334,48.1710059805963,50.56553895020633
2007-03-23,756,2007-03-23,0.0416666666666667,46.9583333333333,52.1666666666667,6.70833333333333,365322.5,-2859192.5,3577,0.0,43.891561740626365,55.13188501384273
2007-03-31,757,2007-03-31,0.0416666666666667,38.8333333333333,60.1666666666667,6.33333333333333,365322.5,-2859192.5,3577,0.03297888901603585,40.591275597461454,58.41502692353214
2007-04-08,758,2007-04-08,0.791666666666667,33.125,64.9166666666667,6.04166666666667,365322.5,-2859192.5,3577,0.3207837054585801,37.53339926326979,61.136309768653575
2007-04-09,759,2007-04-09,0.75,31.9583333333333,66.0833333333333,5.66666666666667,365322.5,-2859192.5,3577,0.9257563901525363,36.153670503897274,61.829387846406476
2007-04-16,760,2007-04-16,0.791666666666667,34.5833333333333,63.5,5.91666666666667,365322.5,-2859192.5,3577,1.3794205020983137,35.74571081652589,61.670231084695544
2007-04-17,761,2007-04-17,1.64285714285714,29.1428571428571,68.1428571428571,5.57142857142857,365320.714285714,-2859222.85714286,3577,2.425919668566364,41.43054739377648,54.84867815362351
2007-05-02,762,2007-05-02,5.08333333333333,70.1666666666667,23.4166666666667,9.41666666666667,365322.5,-2859192.5,3577,3.6398894449198593,46.17891424879897,48.64001230966447
2007-05-03,763,2007-05-03,3.5,40.0,54.5,7.0,365280.0,-2859255.0,3577,4.084896914230667,45.47383060695073,48.85911173449143
2007-05-18,764,2007-05-18,4.08333333333333,45.3333333333333,49.125,7.75,365322.5,-2859192.5,3577,3.8872327878514,43.03172408086624,51.57607410648436
2007-05-19,765,2007-05-19,4.0,38.75,55.8333333333333,7.08333333333333,365322.5,-2859192.5,3577,3.7343571031645935,39.184937869142544,55.695932550413396
2007-05-26,766,2007-05-26,5.375,34.4583333333333,58.75,6.75,365322.5,-2859192.5,3577,3.3214683922883292,35.644461060090414,59.84837505115249
2007-05-27,767,2007-05-27,0.6,13.4666666666667,84.8666666666667,3.6,365303.0,-2859191.0,3577,3.0050647752655655,32.123485286638385,63.8654682262946
2007-06-03,768,2007-06-03,1.0,46.0,53.0,6.0,365265.0,-2859135.0,3577,3.1387363926058933,30.30496374110472,65.67838237612797
2007-06-04,769,2007-06-04,5.26666666666667,36.6666666666667,56.8,7.0,365325.0,-2859165.0,3577,3.8107749319817943,34.19156978212195,61.0694723491072
2007-06-11,770,2007-06-11,5.70833333333333,35.0,57.9583333333333,6.95833333333333,365322.5,-2859192.5,3577,4.0782148707839205,33.73907838806715,61.07535704748415
2007-06-12,771,2007-06-12,3.75,32.8333333333333,62.1666666666667,6.625,365322.5,-2859192.5,3577,4.436746303231708,35.189416491655805,59.09167586798283
2007-06-19,772,2007-06-19,4.79166666666667,30.5833333333333,63.0833333333333,6.79166666666667,365322.5,-2859192.5,3577,4.505299061103341,36.058987349074826,57.97474903836265
2007-06-27,773,2007-06-27,3.875,37.6666666666667,57.0416666666667,6.875,365322.5,-2859192.5,3577,4.050496330294487,35.4308177632428,58.990919555152225
2007-06-28,774,2007-06-28,2.625,36.2083333333333,59.5833333333333,6.625,365322.5,-2859192.5,3577,2.8425411533766427,33.552640599849205,62.1129269595121
2007-07-05,775,2007-07-05,1.83333333333333,35.375,61.4583333333333,6.79166666666667,365322.5,-2859192.5,3577,1.9977709339161465,36.36242575793116,60.31107514775344
2007-07-13,776,2007-07-13,2.04166666666667,36.9166666666667,59.6666666666667,6.79166666666667,365322.5,-2859192.5,3577,1.7922214524379034,36.76623673024053,60.06252210121281
2007-07-14,777,2007-07-14,1.0,37.25,60.625,6.54166666666667,365322.5,-2859192.5,3577,1.5683938094926464,36.28258441764092,60.7597263417606
2007-07-21,778,2007-07-21,1.25,32.5,64.875,6.70833333333333,365322.5,-2859192.5,3577,1.1898576140060428,35.64820898914794,61.82843768717457
2007-07-29,779,2007-07-29,2.0,37.2083333333333,59.2083333333333,6.375,365322.5,-2859192.5,3577,1.2029658937551877,35.23884384448874,62.237198431074575
2007-07-30,780,2007-07-30,0.791666666666667,35.2916666666667,62.6666666666667,6.33333333333333,365322.5,-2859192.5,3577,1.022928438949958,34.603344411001785,63.08029599398627
2007-08-06,781,2007-08-06,0.791666666666667,33.5416666666667,64.3333333333333,6.875,365322.5,-2859192.5,3577,0.7819664384611393,34.635723850111596,63.354075253493704
2007-08-22,782,2007-08-22,0.333333333333333,32.25,66.4166666666667,6.375,365322.5,-2859192.5,3577,0.5765395707177048,33.010260771663845,65.19980218326936
2007-08-30,783,2007-08-30,0.291666666666667,36.125,62.5833333333333,6.25,365322.5,-2859192.5,3577,0.5055043220340623,32.35321439227943,65.9634101428154
2007-08-31,784,2007-08-31,0.75,31.0,66.9166666666667,6.0,365322.5,-2859192.5,3577,0.3639858649448899,33.38733718831484,65.16110884672301
2007-09-07,785,2007-09-07,0.0833333333333333,31.0,67.8333333333333,6.08333333333333,365322.5,-2859192.5,3577,0.4010842659381566,33.5115090298443,65.00163960864295
2007-09-08,786,2007-09-08,0.8,36.8,61.3,6.5,365325.0,-2859150.0,3577,0.5074384436848343,34.65985858041469,63.73437824457534
2007-09-16,787,2007-09-16,0.5,30.0833333333333,68.125,5.875,365322.5,-2859192.5,3577,0.46449998603713566,34.652644098392024,63.80040008113157
2007-09-23,788,2007-09-23,0.391304347826087,43.695652173913,55.2608695652174,10.9565217391304,365319.782608696,-2859195.0,3577,0.44977880736387954,34.41283458543003,64.05563193255735
2007-09-24,789,2007-09-24,0.166666666666667,34.0833333333333,64.625,6.0,365322.5,-2859192.5,3577,0.3503891227002832,34.128543843641694,64.46664096099464
2007-10-02,790,2007-10-02,0.375,27.625,70.75,5.625,365322.5,-2859192.5,3577,0.2645090304768198,35.441455569596705,63.2547283279286
2007-10-10,791,2007-10-10,0.2,36.0,62.8,6.2,365325.0,-2859180.0,3577,0.2424741711825748,33.799664398727174,64.86182024328181
2007-10-17,792,2007-10-17,0.208333333333333,33.7083333333333,65.0,6.08333333333333,365322.5,-2859192.5,3577,0.08045695835100997,34.30003736223777,64.57426728271437
2007-11-18,793,2007-11-18,0.0,38.75,60.25,7.0,365340.0,-2859135.0,3577,0.01501957458344353,36.30330351883853,62.69547657999072
2007-11-27,794,2007-11-27,0.0,37.8333333333333,61.1666666666667,5.95833333333333,365322.5,-2859192.5,3577,0.004151303670080783,37.40325567665499,61.596783427000375
2007-12-04,795,2007-12-04,0.0416666666666667,37.625,61.4166666666667,6.20833333333333,365322.5,-2859192.5,3577,0.06217420798790181,39.3958970876061,59.588443284843734
2007-12-13,796,2007-12-13,0.0,33.6666666666667,65.3333333333333,5.66666666666667,365322.5,-2859192.5,3577,0.13925339366513767,38.48441999176719,60.364437059319684
2007-12-20,797,2007-12-20,0.0,48.5416666666667,50.625,6.125,365322.5,-2859192.5,3577,0.2461733313126135,36.81174089068276,61.85575389521834
2007-12-29,798,2007-12-29,0.666666666666667,32.0,65.9583333333333,5.45833333333333,365322.5,-2859192.5,3577,0.2964576702966353,39.235599926383536,59.374946776640684
2008-01-05,799,2008-01-05,0.625,31.8333333333333,66.25,5.70833333333333,365322.5,-2859192.5,3577,0.3053622074519451,31.810336335486376,66.75039637863716
2008-01-13,800,2008-01-13,0.0,35.2083333333333,63.9166666666667,5.41666666666667,365322.5,-2859192.5,3577,0.2890460932256166,31.17622702374559,67.44508522951786
2008-01-21,801,2008-01-21,0.0,36.1666666666667,62.8333333333333,6.0,365335.0,-2859140.0,3577,0.09311831099755409,35.81286038522345,63.10997297335363
2008-01-22,802,2008-01-22,0.0,37.75,61.3333333333333,5.08333333333333,365322.5,-2859192.5,3577,0.0,41.57156556033645,57.601681857865195
2008-01-29,803,2008-01-29,0.0,37.7916666666667,61.5,5.45833333333333,365322.5,-2859192.5,3577,0.0,46.058670173988375,53.215712435131714
2008-01-30,804,2008-01-30,0.0,36.0,63.2,5.6,365325.0,-2859135.0,3577,0.020121132737228806,50.94348852900724,48.33005369243037
2008-02-06,805,2008-02-06,0.0,98.0,1.5,3.0,365385.0,-2859180.0,3577,0.11918512344207155,51.05937470681289,48.08525027603257
2008-02-14,806,2008-02-14,0.0,37.875,61.25,5.33333333333333,365322.5,-2859192.5,3577,0.22025807010323836,48.48394910042792,50.50000541253657
2008-02-15,807,2008-02-15,1.0,27.0,71.0,5.0,365265.0,-2859255.0,3577,0.2592942403313532,43.3938230242345,55.47315648746709
2008-02-22,808,2008-02-22,0.0416666666666667,35.3333333333333,63.625,5.58333333333333,365322.5,-2859192.5,3577,0.2790148448042768,38.6910447653424,60.07382349331917
2008-03-01,809,2008-03-01,0.0,38.2916666666667,60.9166666666667,6.08333333333333,365322.5,-2859192.5,3577,0.26978284873017694,32.465080069564394,66.21877810011496
2008-03-02,810,2008-03-02,0.0833333333333333,30.5416666666667,68.2083333333333,5.70833333333333,365322.5,-2859192.5,3577,0.26641985465510903,28.74419161849073,69.92134905856773
2008-03-09,811,2008-03-09,0.541666666666667,31.625,66.6666666666667,6.125,365322.5,-2859192.5,3577,0.10644128832981731,31.509015494304904,67.38900856624309
2008-03-10,812,2008-03-10,0.0,39.2083333333333,59.9166666666667,5.5,365322.5,-2859192.5,3577,0.03713997560746238,41.49547601520666,57.569429409591095
2008-03-17,813,2008-03-17,0.0,41.5,57.7083333333333,6.0,365322.5,-2859192.5,3577,0.044086073884828963,41.000556589946754,58.07112985053294
2008-03-18,814,2008-03-18,0.125,35.625,63.2916666666667,5.625,365322.5,-2859192.5,3577,0.1842943387412575,41.12087793761117,57.818166810664515
2008-03-25,815,2008-03-25,0.0,52.6,46.8,4.8,365379.0,-2859189.0,3577,0.15908508650555264,40.964065151935465,58.004718311513756
2008-03-26,816,2008-03-26,0.0,42.2916666666667,56.7916666666667,5.33333333333333,365322.5,-2859192.5,3577,0.19025438629291685,39.9392706973987,58.979024636579865
2008-04-03,817,2008-04-03,0.863636363636364,29.3181818181818,68.5454545454545,5.63636363636364,365326.363636364,-2859186.81818182,3577,0.20352051551035277,37.525630143772254,61.31024317411665
2008-04-10,818,2008-04-10,0.0416666666666667,32.5833333333333,66.4166666666667,5.95833333333333,365322.5,-2859192.5,3577,0.24628756879667926,35.428450286168136,63.30811399407414
2008-05-12,819,2008-05-12,0.125,34.7083333333333,64.25,5.91666666666667,365322.5,-2859192.5,3577,0.18685233989199687,34.513133569824795,64.28539787446793
2008-05-28,820,2008-05-28,0.0,36.2083333333333,62.7916666666667,5.95833333333333,365322.5,-2859192.5,3577,0.13549484102535841,34.31926964870333,64.53697486019911
2008-06-06,821,2008-06-06,0.1,39.1,59.8,5.5,365313.0,-2859234.0,3577,0.09450410270842294,33.95084824280553,64.93534138718928
2008-06-29,822,2008-06-29,0.0,34.0769230769231,65.0,6.23076923076923,365331.923076923,-2859160.38461538,3577,0.008926788725548924,36.46507585980724,62.61092107066406
2008-07-08,823,2008-07-08,0.208333333333333,33.8333333333333,64.9166666666667,5.91666666666667,365322.5,-2859192.5,3577,0.0,36.61838344238369,62.4497192693694
2008-07-15,824,2008-07-15,0.0,35.6666666666667,63.4166666666667,6.33333333333333,365332.5,-2859157.5,3577,0.0800028145229263,35.44905164879279,63.47984273056173
2008-07-24,825,2008-07-24,0.0,34.3333333333333,64.6666666666667,6.06666666666667,365325.0,-2859165.0,3577,0.05082258642629396,33.001461646783675,65.95435187648735
2008-07-31,826,2008-07-31,0.0,32.7083333333333,66.375,6.0,365322.5,-2859192.5,3577,0.041997914366329075,33.12992355462616,65.82587952779556
2008-08-16,827,2008-08-16,0.0,34.875,64.2083333333333,5.875,365322.5,-2859192.5,3577,0.03843627992234222,32.610517644284805,66.34141627812097
2008-08-25,828,2008-08-25,0.222222222222222,27.1111111111111,71.3333333333333,5.33333333333333,365318.333333333,-2859238.33333333,3577,0.0456328587133472,30.512234295374874,68.47322207476437
2008-09-02,829,2008-09-02,0.0,25.875,73.3333333333333,5.25,365322.5,-2859192.5,3577,0.05513217432721253,26.526225368144544,72.4923574346385
2008-09-09,830,2008-09-09,0.0416666666666667,25.7916666666667,73.3333333333333,5.83333333333333,365322.5,-2859192.5,3577,0.07992343054261365,23.203546734024957,75.83064733177422
2008-09-10,831,2008-09-10,0.0,30.9411764705882,68.2352941176471,5.29411764705882,365316.176470588,-2859212.64705882,3577,0.08914430083159404,22.111386531775693,76.92904462439827
2008-09-18,832,2008-09-18,0.166666666666667,8.29166666666667,90.75,4.25,365322.5,-2859192.5,3577,0.030893899701944706,21.521155724621828,77.62914462911027
2008-09-25,833,2008-09-25,0.0,19.125,80.0416666666667,5.79166666666667,365322.5,-2859192.5,3577,0.018302517915518395,21.736905941441957,77.435959627079
2008-09-26,834,2008-09-26,0.0833333333333333,26.2916666666667,72.625,5.375,365322.5,-2859192.5,3577,0.038242029728092215,23.02357177110978,76.08218200028665
2008-10-03,835,2008-10-03,0.0,28.9166666666667,70.2083333333333,5.45833333333333,365322.5,-2859192.5,3577,0.0858817395194976,22.095249898219663,76.83608402007818
2008-10-04,836,2008-10-04,0.0416666666666667,24.6666666666667,74.3333333333333,5.20833333333333,365322.5,-2859192.5,3577,0.09475831186356085,22.77952394233243,76.1375513183358
2008-10-11,837,2008-10-11,0.0,17.875,81.2916666666667,5.41666666666667,365322.5,-2859192.5,3577,0.10771594246824825,24.12993953020456,74.77138984367879
2008-10-12,838,2008-10-12,0.458333333333333,22.25,76.0,5.25,365322.5,-2859192.5,3577,0.20074043603452357,22.6281751469525,76.19353628674563
2008-10-20,839,2008-10-20,0.0,21.4583333333333,77.625,5.20833333333333,365322.5,-2859192.5,3577,0.11919865480235159,21.303066386654535,77.64669618306229
2008-10-27,840,2008-10-27,0.0,21.9166666666667,77.25,5.41666666666667,365322.5,-2859192.5,3577,0.31854806700003224,22.00722935474928,76.83232930638904
2008-10-28,841,2008-10-28,0.0,31.7083333333333,67.625,5.20833333333333,365322.5,-2859192.5,3577,0.0,26.195652644565136,73.30114222721488
2008-11-12,842,2008-11-12,0.0,22.2916666666667,76.75,5.875,365322.5,-2859192.5,3577,0.0,30.177841766072554,69.76717580663907
2008-11-13,843,2008-11-13,0.0,28.0,71.0416666666667,5.25,365322.5,-2859192.5,3577,0.0,31.686347879841612,67.92578078954773
2008-11-20,844,2008-11-20,0.0,44.0,55.0,8.0,365385.0,-2859135.0,3577,1.0086366162216118,31.39341437715582,66.4795108142532
2008-11-28,845,2008-11-28,2.04166666666667,24.875,71.75,5.79166666666667,365322.5,-2859192.5,3577,3.374264796090922,30.925130983562894,64.41287337532505
2008-11-29,846,2008-11-29,3.0,35.0,60.3333333333333,6.33333333333333,365355.0,-2859135.0,3577,5.760400504207692,28.138242991953945,64.73581041420631
2008-12-14,847,2008-12-14,12.1666666666667,15.375,71.2083333333333,6.25,365322.5,-2859192.5,3577,8.559348546189366,23.357289253570578,66.70915513793773
2008-12-15,848,2008-12-15,12.3333333333333,20.7083333333333,65.6666666666667,6.08333333333333,365322.5,-2859192.5,3577,10.411537379028072,21.31961253400562,66.93014209731476
2008-12-22,849,2008-12-22,11.9444444444444,22.9444444444444,63.7777777777778,6.38888888888889,365330.0,-2859175.0,3577,11.756520612168998,18.986743175981815,67.89138046335174
2008-12-23,850,2008-12-23,9.125,18.9166666666667,70.7083333333333,5.79166666666667,365322.5,-2859192.5,3577,11.810651165138555,19.96274996932592,66.88855752090048
2008-12-30,851,2008-12-30,10.375,17.8333333333333,70.4166666666667,6.08333333333333,365322.5,-2859192.5,3577,10.794179891314492,22.99243615001785,64.89261205769523
2008-12-31,852,2008-12-31,10.625,28.0416666666667,59.9583333333333,5.08333333333333,365322.5,-2859192.5,3577,9.11956700849753,25.50240617655097,64.01508325694675
2009-01-07,853,2009-01-07,6.54166666666667,36.125,55.75,6.29166666666667,365322.5,-2859192.5,3577,7.440218450279259,28.783083273791046,62.32249922419269
2009-01-08,854,2009-01-08,8.375,24.3333333333333,65.8333333333333,5.5,365322.5,-2859192.5,3577,6.427952723230407,29.949044505541586,62.14706604024559
2009-01-15,855,2009-01-15,3.58333333333333,31.9166666666667,63.25,6.20833333333333,365322.5,-2859192.5,3577,5.372652158642069,32.08466872823979,61.05170453041056
2009-01-16,856,2009-01-16,4.5,32.85,61.05,5.55,365325.0,-2859180.0,3577,4.503719319895114,33.701196172243776,60.29368518477523
2009-01-23,857,2009-01-23,3.45833333333333,36.0,58.9583333333333,6.16666666666667,365322.5,-2859192.5,3577,3.619348401855599,33.451536982104756,61.47594033932121
2009-01-24,858,2009-01-24,3.625,29.7916666666667,65.0833333333333,5.29166666666667,365322.5,-2859192.5,3577,3.3806894859521366,32.90192895339464,62.255421436139656
2009-01-31,859,2009-01-31,2.83333333333333,38.5416666666667,57.3333333333333,5.79166666666667,365322.5,-2859192.5,3577,3.09682680580467,34.167107531266524,61.30109789590294
2009-02-01,860,2009-02-01,4.16666666666667,32.25,62.2083333333333,5.58333333333333,365322.5,-2859192.5,3577,2.5741157707098137,34.40709071629612,61.597459042496254
2009-02-09,861,2009-02-09,1.375,34.25,62.9583333333333,5.08333333333333,365322.5,-2859192.5,3577,2.3054560248829263,34.14616748060512,62.16398065298063
2009-02-16,862,2009-02-16,1.16666666666667,32.875,64.6666666666667,5.75,365322.5,-2859192.5,3577,1.4422156790575709,35.69906770215836,61.60620932214438
2009-02-25,863,2009-02-25,1.16666666666667,37.7916666666667,59.625,5.33333333333333,365322.5,-2859192.5,3577,1.0727292573266223,36.54100427435795,61.138600692384124
2009-03-04,864,2009-03-04,0.375,37.625,61.0,5.375,365322.5,-2859192.5,3577,0.6972024363664202,36.727951743813136,61.38603244020283
2009-03-05,865,2009-03-05,1.0,34.8571428571429,62.9285714285714,5.14285714285714,365320.714285714,-2859222.85714286,3577,0.5744847258004302,35.16070178530954,63.106644129854516
2009-03-13,866,2009-03-13,0.25,40.2083333333333,58.5,5.33333333333333,365322.5,-2859192.5,3577,0.5251944907516873,34.60797638893098,63.732792491296905
2009-03-20,867,2009-03-20,0.833333333333333,29.4583333333333,68.6666666666667,5.5,365322.5,-2859192.5,3577,0.6671628165435213,33.33362805924227,64.83635881661229
2009-03-29,868,2009-03-29,0.75,29.2916666666667,68.4583333333333,5.33333333333333,365322.5,-2859192.5,3577,0.3954152143006035,32.66397186404437,65.78971170727154
2009-04-05,869,2009-04-05,0.0416666666666667,32.25,66.7916666666667,5.5,365322.5,-2859192.5,3577,0.2989142436510409,32.625145880945944,65.93377631139805
2009-04-06,870,2009-04-06,0.208333333333333,34.9583333333333,63.5,5.54166666666667,365322.5,-2859192.5,3577,0.24975733760559768,33.96808738216899,64.63213360426016
2009-04-13,871,2009-04-13,0.0,38.8333333333333,60.1666666666667,5.83333333333333,365322.5,-2859192.5,3577,0.17864372469632966,35.41011993681741,63.31090903419678
2009-04-14,872,2009-04-14,0.166666666666667,36.5,62.3333333333333,5.5,365322.5,-2859192.5,3577,0.2127328296058629,37.17970793395932,61.52179347998862
2009-04-21,873,2009-04-21,0.25,36.0833333333333,62.7083333333333,5.66666666666667,365322.5,-2859192.5,3577,0.16697788795309518,38.22556416750889,60.58009482776379
2009-04-22,874,2009-04-22,0.6,38.5,59.65,5.6,365325.0,-2859180.0,3577,0.2608523313631282,37.36661957752729,61.347799079136664
2009-04-29,875,2009-04-29,0.125,36.9583333333333,61.9166666666667,5.66666666666667,365322.5,-2859192.5,3577,0.21985032511345015,36.84435868568444,61.894377810003235
2009-04-30,876,2009-04-30,0.0416666666666667,36.3333333333333,62.6666666666667,5.58333333333333,365322.5,-2859192.5,3577,0.14982733984279745,35.667600330520685,63.176216198652575
2009-05-07,877,2009-05-07,0.0,36.0416666666667,62.9583333333333,5.70833333333333,365322.5,-2859192.5,3577,0.11730697063512649,35.89475307973223,62.96054616177514
2009-05-08,878,2009-05-08,0.125,34.125,64.75,5.375,365310.0,-2859240.0,3577,0.08014444276052987,37.09803019477388,61.810567270697355
2009-05-15,879,2009-05-15,0.125,39.7083333333333,59.0833333333333,8.45833333333333,365322.5,-2859192.5,3577,0.10146643861812629,38.23847037894454,60.65294568691495
2009-05-23,880,2009-05-23,0.0416666666666667,37.2916666666667,61.75,5.5,365322.5,-2859192.5,3577,0.1528484415481091,38.5094133162961,60.316608572017515
2009-06-09,881,2009-06-09,0.5,38.7083333333333,59.6666666666667,6.04166666666667,365322.5,-2859192.5,3577,0.20727518095936048,39.02439072794526,59.72857083576005
2009-06-16,882,2009-06-16,0.0,44.0,55.0416666666667,6.125,365322.5,-2859192.5,3577,0.15434230372308566,37.812511276127914,61.04949952007865
2009-08-03,883,2009-08-03,0.166666666666667,34.3333333333333,64.4583333333333,5.91666666666667,365322.5,-2859192.5,3577,0.11612432974660353,36.38994764265119,62.533763450162795
2009-08-04,884,2009-08-04,0.0416666666666667,32.2916666666667,66.7916666666667,5.79166666666667,365322.5,-2859192.5,3577,0.0808922759387036,35.145820253013156,63.82147986171802
2009-08-11,885,2009-08-11,0.0,31.0416666666667,68.0416666666667,5.875,365322.5,-2859192.5,3577,0.08302211204686756,32.746910339397715,66.22326293416637
2009-08-12,886,2009-08-12,0.0,34.9166666666667,64.25,5.75,365312.5,-2859227.5,3577,0.020410703847233376,32.12144666478552,66.95047522136305
2009-08-20,887,2009-08-20,0.125,30.5833333333333,68.2916666666667,5.625,365322.5,-2859192.5,3577,0.023034885650981295,32.145333124043496,66.94435363397213
2009-08-27,888,2009-08-27,0.166666666666667,36.0833333333333,62.7083333333333,5.58333333333333,365322.5,-2859192.5,3577,0.06592117892426508,32.92575613240755,66.10854045334482
2009-09-05,889,2009-09-05,0.0,31.5,67.7083333333333,5.625,365322.5,-2859192.5,3577,0.06501854698448165,34.33664328447096,64.68836591683922
2009-09-12,890,2009-09-12,0.0,31.375,67.7916666666667,5.66666666666667,365322.5,-2859192.5,3577,0.11964699387298233,33.76923257340707,65.14885488607423
2009-09-13,891,2009-09-13,0.0,38.875,60.2083333333333,5.70833333333333,365322.5,-2859192.5,3577,0.2230380128986605,33.476795521295145,65.32231940744896
2009-09-21,892,2009-09-21,0.416666666666667,30.7083333333333,67.7083333333333,5.58333333333333,365322.5,-2859192.5,3577,0.0,30.861341444928158,68.23844872876359
2009-09-28,893,2009-09-28,0.0,29.375,69.7083333333333,5.79166666666667,365322.5,-2859192.5,3577,0.0,30.770912266263714,68.34267448237014
2009-10-06,894,2009-10-06,0.2,30.6,68.2,5.6,365325.0,-2859180.0,3577,0.12032903457050281,30.400279467689792,68.54365493466636
2009-10-07,895,2009-10-07,0.0,28.5,70.6666666666667,5.375,365322.5,-2859192.5,3577,0.3213923589310105,31.302701297665664,67.44023082179969
2009-10-14,896,2009-10-14,0.0,31.2916666666667,68.0,5.79166666666667,365322.5,-2859192.5,3577,0.4788748403298767,31.674030690666843,66.97632707848425
2009-10-15,897,2009-10-15,0.222222222222222,31.6666666666667,67.2222222222222,5.33333333333333,365318.333333333,-2859238.33333333,3577,0.5818770582701592,32.71228655245196,65.85377414981694
2009-10-22,898,2009-10-22,2.45833333333333,44.25,52.1666666666667,6.08333333333333,365322.5,-2859192.5,3577,0.6148785425100284,34.22627978316322,64.27344778543511
2009-10-23,899,2009-10-23,0.0,27.2083333333333,72.0,5.20833333333333,365322.5,-2859192.5,3577,0.5764426234239606,35.59160029313482,62.94656077314826
2009-10-30,900,2009-10-30,0.0,33.4166666666667,65.75,5.625,365322.5,-2859192.5,3577,0.3995582161216235,31.644218112825897,67.05649638413017
2009-10-31,901,2009-10-31,0.0,31.625,67.5416666666667,5.25,365322.5,-2859192.5,3577,0.20998506137821873,31.454009015801603,67.45434103942955
2009-11-07,902,2009-11-07,0.0,32.1428571428571,66.8571428571429,5.64285714285714,365329.285714286,-2859162.85714286,3577,0.0,29.70570561098877,69.46381531807006
2009-11-08,903,2009-11-08,0.0,30.5416666666667,68.7083333333333,5.16666666666667,365322.5,-2859192.5,3577,0.0,31.661736618978907,67.62864526479696
2009-11-15,904,2009-11-15,0.0,29.5833333333333,69.7083333333333,5.54166666666667,365322.5,-2859192.5,3577,0.2346283747212184,33.2798205270862,65.6827921345299
2009-11-16,905,2009-11-16,0.0833333333333333,27.75,71.125,5.04166666666667,365322.5,-2859192.5,3577,0.0,36.66158250390633,62.77081420289705
2009-11-23,906,2009-11-23,0.0,59.5263157894737,39.8421052631579,9.73684210526316,365328.157894737,-2859182.36842105,3577,0.0,38.432619638516606,61.42881761792772
2009-12-02,907,2009-12-02,0.0,27.8333333333333,71.125,5.16666666666667,365322.5,-2859192.5,3577,0.0,40.721592282568764,58.7760472309635
2009-12-09,908,2009-12-09,0.0416666666666667,47.0,52.0416666666667,5.29166666666667,365322.5,-2859192.5,3577,0.41656292623778624,40.56081004839972,57.98736952308679
2009-12-10,909,2009-12-10,0.125,29.2916666666667,69.5416666666667,5.08333333333333,365322.5,-2859192.5,3577,2.096939567140492,37.49830845787186,59.181050719680485
2009-12-25,910,2009-12-25,1.08333333333333,41.75,55.625,5.75,365322.5,-2859192.5,3577,3.5602452243313794,33.84530749517208,61.264524799508315
2010-01-10,911,2010-01-10,9.33333333333333,30.8333333333333,58.3333333333333,6.0,365335.0,-2859140.0,3577,5.1158095000966615,29.444319402010123,64.02680263356348
2010-01-11,912,2010-01-11,5.66666666666667,23.7916666666667,69.0,5.16666666666667,365322.5,-2859192.5,3577,5.3097846426011825,28.10154857905782,65.08302214595034
2010-01-18,913,2010-01-18,5.16666666666667,25.9583333333333,67.5416666666667,5.41666666666667,365322.5,-2859192.5,3577,5.005078255077503,30.498722917673057,63.024631335197114
2010-01-26,914,2010-01-26,3.66666666666667,30.8333333333333,64.0,5.66666666666667,365335.0,-2859140.0,3577,2.819267419886196,30.735938725872195,65.00182686249826
2010-02-03,915,2010-02-03,0.291666666666667,38.5,60.0,5.45833333333333,365322.5,-2859192.5,3577,0.987132062983314,34.41430190036485,63.235526083813866
2010-02-04,916,2010-02-04,2.45833333333333,33.25,62.7916666666667,5.20833333333333,365322.5,-2859192.5,3577,1.5714143957175724,34.75194361881148,62.32923706839187
2010-02-11,917,2010-02-11,1.5,38.875,58.25,5.41666666666667,365322.5,-2859192.5,3577,4.8161247163561995,34.10729933121063,59.716631613991126
2010-02-19,918,2010-02-19,10.6666666666667,27.5833333333333,60.5416666666667,6.20833333333333,365322.5,-2859192.5,3577,11.490633076931667,30.168449713336848,56.98779754816056
2010-02-20,919,2010-02-20,15.7142857142857,27.7857142857143,55.0714285714286,5.64285714285714,365329.285714286,-2859162.85714286,3577,19.21052850657826,23.526737581300637,55.93468695905942
2010-03-08,920,2010-03-08,32.9583333333333,13.2916666666667,52.3333333333333,7.08333333333333,365322.5,-2859192.5,3577,26.93364800833438,18.071521873376764,53.67171850336683
2010-03-23,921,2010-03-23,35.25,13.125,50.2916666666667,7.33333333333333,365322.5,-2859192.5,3577,33.15920766539466,15.096266220876972,50.383155028658344
2010-03-24,922,2010-03-24,34.6,12.8,51.4,6.8,365301.0,-2859249.0,3577,36.430568451151245,14.209489968233981,47.97049797467037
2010-03-31,923,2010-03-31,37.5,19.75,41.25,7.25,365310.0,-2859255.0,3577,36.882187343095154,15.475404110850711,46.17783377612409
2010-04-01,924,2010-04-01,33.5416666666667,16.5833333333333,48.375,7.29166666666667,365322.5,-2859192.5,3577,34.34978282810589,20.227112670608093,43.92573925042309
2010-04-16,925,2010-04-16,29.4166666666667,28.5416666666667,40.375,8.125,365322.5,-2859192.5,3577,30.76873178420709,23.798376932661284,43.97718097175644
2010-04-17,926,2010-04-17,27.625,26.2083333333333,44.75,7.375,365322.5,-2859192.5,3577,26.307372838715672,27.846585560977672,44.38687177115307
2010-04-25,927,2010-04-25,22.875,29.375,46.3333333333333,6.375,365322.5,-2859192.5,3577,23.518096506173492,30.62006430101947,44.41331625030652
2010-05-02,928,2010-05-02,20.6666666666667,36.9583333333333,41.0416666666667,7.29166666666667,365322.5,-2859192.5,3577,20.13921282535533,33.94418674720025,44.487971952361605
2010-05-03,929,2010-05-03,17.9583333333333,34.4166666666667,46.2916666666667,7.04166666666667,365322.5,-2859192.5,3577,17.84215436266252,36.8614316539958,43.8931655289949
2010-05-10,930,2010-05-10,16.3333333333333,35.0833333333333,47.1666666666667,7.08333333333333,365322.5,-2859192.5,3577,17.21914166844248,39.19424357891264,42.15385169525409
2010-05-11,931,2010-05-11,16.2142857142857,45.0,37.0714285714286,7.35714285714286,365329.285714286,-2859162.85714286,3577,16.841311809962523,40.62452730447478,41.06979608797883
2010-05-18,932,2010-05-18,17.75,43.75,37.0833333333333,7.875,365322.5,-2859192.5,3577,17.081441494519417,40.25826802196168,41.16939976947103
2010-05-26,933,2010-05-26,16.8333333333333,40.5833333333333,41.1666666666667,7.58333333333333,365322.5,-2859192.5,3577,18.323371932502305,40.56272236534787,39.65633875927401
2010-05-27,934,2010-05-27,19.8333333333333,39.8333333333333,38.9444444444444,7.44444444444444,365330.0,-2859175.0,3577,16.68833707571847,42.62998585521166,39.25194984753219
2010-06-04,935,2010-06-04,16.4166666666667,40.4583333333333,41.7083333333333,7.29166666666667,365322.5,-2859192.5,3577,15.877305228309048,46.14526185887722,36.615196207295966
2010-06-19,936,2010-06-19,14.75,43.7083333333333,40.2083333333333,7.29166666666667,365322.5,-2859192.5,3577,15.932450933996545,45.91722596288472,36.78703004940842
2010-06-28,937,2010-06-28,14.7,43.7,40.3,7.1,365325.0,-2859150.0,3577,14.516048038646499,42.73194411367147,41.40935619247691
2010-07-14,938,2010-07-14,11.9166666666667,54.75,31.9583333333333,8.75,365322.5,-2859192.5,3577,13.625490877916388,37.39920752152814,47.62153831485372
2010-08-06,939,2010-08-06,11.125,29.9166666666667,57.5833333333333,7.20833333333333,365322.5,-2859192.5,3577,14.600101969048586,30.66316434058026,53.4127455244741
2010-08-31,940,2010-08-31,26.6666666666667,17.2916666666667,54.75,7.95833333333333,365322.5,-2859192.5,3577,16.826523368738712,24.21951983188606,57.66197863804658
2010-09-07,941,2010-09-07,14.5909090909091,6.86363636363636,77.1818181818182,4.04545454545455,365318.181818182,-2859188.18181818,3577,20.232866099560233,19.618871031864167,58.88709514989243
2010-09-23,942,2010-09-23,15.5,19.0833333333333,64.4166666666667,6.16666666666667,365322.5,-2859192.5,3577,22.09816668929765,16.34476646348059,60.30280335340652
2010-09-24,943,2010-09-24,30.25,25.4583333333333,42.875,8.08333333333333,365322.5,-2859192.5,3577,23.1106717656078,19.1677983804327,56.46628370455983
2010-10-02,944,2010-10-02,26.75,32.5,39.5,8.5,365340.0,-2859135.0,3577,22.722684448018796,27.12446317402988,48.86183800484366
2010-10-09,945,2010-10-09,21.25,30.9583333333333,46.5,8.20833333333333,365322.5,-2859192.5,3577,22.236941335235237,36.2520883399312,40.167895314174146
2010-10-10,946,2010-10-10,19.9166666666667,34.9583333333333,43.6666666666667,7.41666666666667,365322.5,-2859192.5,3577,22.88458381143799,40.28502457294424,35.44707253530254
2010-10-18,947,2010-10-18,19.7916666666667,42.2916666666667,36.4583333333333,9.5,365322.5,-2859192.5,3577,23.669144709775864,41.325721492123975,33.55597472702236
2010-10-26,948,2010-10-26,27.7083333333333,52.9583333333333,17.9166666666667,9.70833333333333,365322.5,-2859192.5,3577,25.118790007718147,39.476605180159645,33.94115121204399
2010-11-02,949,2010-11-02,30.6666666666667,33.375,34.5416666666667,9.45833333333333,365322.5,-2859192.5,3577,29.465110740648125,37.662002857817654,31.48729495478252
2010-11-10,950,2010-11-10,37.7083333333333,26.3333333333333,34.625,9.33333333333333,365322.5,-2859192.5,3577,36.56588238901933,33.870068270218,28.18182179017672
2010-11-11,951,2010-11-11,37.0833333333333,31.625,29.9166666666667,8.875,365322.5,-2859192.5,3577,41.96734431718323,30.400238693190804,26.380312412042223
2010-11-18,952,2010-11-18,42.3333333333333,29.6666666666667,26.7083333333333,10.3333333333333,365322.5,-2859192.5,3577,44.352462166310005,28.786081823229225,25.655237177679172
2010-12-05,953,2010-12-05,55.0,28.5,15.5,12.5,365370.0,-2859135.0,3577,44.229251914229806,27.610982412835874,26.884756110758293
2010-12-12,954,2010-12-12,38.9166666666667,29.8333333333333,29.9166666666667,10.3333333333333,365322.5,-2859192.5,3577,41.20341062445709,30.587435139675158,26.890865068879634
2010-12-13,955,2010-12-13,36.2083333333333,32.9166666666667,29.4166666666667,9.29166666666667,365322.5,-2859192.5,3577,37.212378307960975,34.02836533950577,27.339405305732505
2010-12-20,956,2010-12-20,28.5833333333333,41.6666666666667,28.375,9.0,365322.5,-2859192.5,3577,31.72515281415736,36.890349975096804,29.869775992836562
2010-12-21,957,2010-12-21,24.0,39.75,34.25,8.0,365310.0,-2859255.0,3577,26.107964017402832,40.13126772607599,32.19304379830216
2010-12-28,958,2010-12-28,22.75,38.375,37.4166666666667,8.125,365322.5,-2859192.5,3577,20.21505120266427,46.21948858674176,31.99963375117698
2010-12-29,959,2010-12-29,17.0,57.0416666666667,24.6666666666667,7.45833333333333,365322.5,-2859192.5,3577,16.486807825814633,50.30906438761726,31.680106013692615
2011-01-06,960,2011-01-06,15.3333333333333,50.1666666666667,32.8333333333333,7.5,365335.0,-2859140.0,3577,13.540223321568039,54.76689074598475,30.221694198469866
2011-01-14,961,2011-01-14,8.625,64.5,25.625,7.125,365322.5,-2859192.5,3577,8.658060721526917,58.789464663294886,31.10924588826601
2011-01-29,962,2011-01-29,7.25,56.8333333333333,34.5,6.95833333333333,365322.5,-2859192.5,3577,8.677767794639554,61.129928121405044,28.773897284341896
2011-01-30,963,2011-01-30,6.16666666666667,63.5,28.8333333333333,6.54166666666667,365322.5,-2859192.5,3577,7.472713560947732,61.27342494965417,29.854371711874986
2011-02-14,964,2011-02-14,7.83333333333333,52.8333333333333,37.75,6.16666666666667,365332.5,-2859157.5,3577,7.579728578953448,57.92869694803811,33.02839330431715
2011-02-15,965,2011-02-15,9.5,59.8333333333333,29.2916666666667,7.75,365322.5,-2859192.5,3577,10.834348185352752,49.55529906109659,38.16940541398174
2011-02-22,966,2011-02-22,21.7083333333333,42.9583333333333,34.0833333333333,7.625,365322.5,-2859192.5,3577,16.239563548842007,44.24302265657501,38.11158008891748
2011-02-23,967,2011-02-23,25.0416666666667,36.0416666666667,37.4583333333333,8.04166666666667,365322.5,-2859192.5,3577,23.12837660744013,39.18976273046191,36.28246058519227
2011-03-02,968,2011-03-02,15.0,32.7,50.9,4.7,365364.0,-2859195.0,3577,29.907772298529164,36.8434555616952,31.907446381365048
2011-03-11,969,2011-03-11,44.7272727272727,30.5454545454545,23.3181818181818,10.2272727272727,365326.363636364,-2859186.81818182,3577,36.47031818214077,34.84144017629283,27.360810195523243
2011-03-18,970,2011-03-18,47.6666666666667,33.0416666666667,18.0416666666667,10.0833333333333,365322.5,-2859192.5,3577,42.48395656317905,33.762743343057736,22.403522467303247
2011-03-19,971,2011-03-19,45.4166666666667,49.5833333333333,3.75,12.4583333333333,365322.5,-2859192.5,3577,47.112056884847505,31.685340381226425,19.86018441794954
2011-03-26,972,2011-03-26,47.625,26.5833333333333,24.375,11.4166666666667,365322.5,-2859192.5,3577,49.76288349514459,31.376809921943135,17.537785462494373
2011-03-27,973,2011-03-27,50.9166666666667,23.2916666666667,24.4166666666667,11.1666666666667,365322.5,-2859192.5,3577,52.11280644019806,28.319804138066146,18.232624650888194
2011-04-03,974,2011-04-03,52.0,24.3333333333333,22.3333333333333,11.5555555555556,365331.666666667,-2859148.33333333,3577,51.339223985501164,26.20611839999993,21.093151387652885
2011-04-04,975,2011-04-04,51.4166666666667,21.7916666666667,25.4166666666667,10.625,365322.5,-2859192.5,3577,47.811537920276905,24.4405341820166,26.374497535484306
2011-04-11,976,2011-04-11,47.2083333333333,30.2083333333333,21.2916666666667,11.2083333333333,365322.5,-2859192.5,3577,50.802677585564716,26.646420143320178,21.16108182323036
2011-04-19,977,2011-04-19,47.8333333333333,31.3888888888889,19.2222222222222,11.0,365318.333333333,-2859210.0,3577,49.798226670123235,29.488713642733998,19.312919622514265
2011-04-20,978,2011-04-20,47.5833333333333,30.4583333333333,20.5833333333333,10.375,365322.5,-2859192.5,3577,45.96044693180227,33.99764824957814,18.627819033389006
2011-04-27,979,2011-04-27,41.875,37.5416666666667,19.25,10.4166666666667,365322.5,-2859192.5,3577,42.348032901045116,34.136467376787344,22.068745624856877
2011-04-28,980,2011-04-28,44.9583333333333,35.4583333333333,18.0416666666667,10.3333333333333,365322.5,-2859192.5,3577,38.845249951281275,34.693525214030856,24.997244714346255
2011-05-06,981,2011-05-06,40.25,38.625,19.625,10.5416666666667,365322.5,-2859192.5,3577,36.229445142055816,34.95938246479519,27.360801273026297
2011-05-14,982,2011-05-14,15.9583333333333,25.4166666666667,57.1666666666667,4.875,365322.5,-2859192.5,3577,33.78242023713655,35.77330731703264,28.97734218825118
2011-05-29,983,2011-05-29,35.875,41.8333333333333,20.875,10.2916666666667,365322.5,-2859192.5,3577,31.922877174420393,38.07724881756822,28.509504771110432
2011-05-30,984,2011-05-30,37.0416666666667,39.4166666666667,22.0416666666667,10.125,365322.5,-2859192.5,3577,30.526089880187488,40.42074360107813,27.561935484532
2011-07-01,985,2011-07-01,29.625,45.6666666666667,23.25,9.58333333333333,365322.5,-2859192.5,3577,29.308801492620642,42.807586247595346,26.415493691031546
2011-07-08,986,2011-07-08,28.9333333333333,45.6666666666667,23.9333333333333,10.3333333333333,365325.0,-2859165.0,3577,27.442161347420402,45.794636735806385,25.34338795878666
2011-07-16,987,2011-07-16,22.6666666666667,48.875,26.9166666666667,10.9166666666667,365322.5,-2859192.5,3577,25.71848507529237,47.84422646496236,25.02054395552475
2011-07-24,988,2011-07-24,22.0,46.0833333333333,30.6666666666667,10.6666666666667,365322.5,-2859192.5,3577,22.85338925779761,48.172493012656105,27.575174567430516
2011-08-02,989,2011-08-02,17.2083333333333,47.6666666666667,33.875,9.66666666666667,365322.5,-2859192.5,3577,17.78696290809028,47.483936213418296,33.367544864830904
2011-08-09,990,2011-08-09,18.2857142857143,48.0476190476191,32.1904761904762,9.76190476190476,365326.428571429,-2859183.57142857,3577,16.752412834840683,48.41003604238176,33.51132368662829
2011-08-18,991,2011-08-18,16.0416666666667,48.5833333333333,34.125,9.25,365322.5,-2859192.5,3577,15.819790297419532,48.10370602049452,34.77114583042857
2011-08-25,992,2011-08-25,16.4166666666667,47.6666666666667,34.5,9.20833333333333,365322.5,-2859192.5,3577,15.910135401232118,47.53304796338145,35.2819346546074
2011-08-26,993,2011-08-26,15.1666666666667,47.0416666666667,36.625,8.91666666666667,365322.5,-2859192.5,3577,16.295206341643553,47.432372838712524,35.00059151374417
2011-09-02,994,2011-09-02,13.125,51.4166666666667,34.25,9.04166666666667,365322.5,-2859192.5,3577,15.87094677767817,47.76614549020958,35.101556209523096
2011-09-03,995,2011-09-03,17.9047619047619,43.4761904761905,37.3333333333333,8.71428571428571,365326.428571429,-2859183.57142857,3577,15.646472335711493,48.05034645436405,35.05823601063015
2011-09-10,996,2011-09-10,17.25,48.0,33.5,9.0,365328.75,-2859168.75,3577,14.58805474710829,49.139376490375355,35.02072256947894
2011-09-11,997,2011-09-11,13.75,48.8333333333333,36.125,8.54166666666667,365322.5,-2859192.5,3577,12.918780895925774,49.17126715280617,36.611653263085785
2011-09-26,998,2011-09-26,6.57142857142857,53.5714285714286,38.5,9.85714285714286,365320.714285714,-2859214.28571429,3577,10.933628223385428,48.38811835195747,39.35501664973947
2011-10-13,999,2011-10-13,9.91666666666667,46.6666666666667,42.125,8.70833333333333,365322.5,-2859192.5,3577,8.817716264777845,47.28097746856207,42.58056230065533
2011-11-06,1000,2011-11-06,8.33333333333333,46.625,43.625,9.33333333333333,365322.5,-2859192.5,3577,7.162996444016233,46.44434243584194,45.05827910976333
2011-11-14,1001,2011-11-14,4.91666666666667,42.7916666666667,51.0,8.70833333333333,365322.5,-2859192.5,3577,6.054635332620416,45.03829442106837,47.542173926495465
2011-11-29,1002,2011-11-29,5.79166666666667,40.2083333333333,52.5833333333333,9.70833333333333,365322.5,-2859192.5,3577,6.37371126510676,43.884944464577785,48.3150537000269
2011-12-15,1003,2011-12-15,8.45833333333333,46.0833333333333,44.0833333333333,7.79166666666667,365322.5,-2859192.5,3577,7.10693261349013,42.09565777766221,49.347510843755686
2011-12-31,1004,2011-12-31,6.31578947368421,46.1052631578947,46.1052631578947,8.36842105263158,365328.157894737,-2859177.63157895,3577,8.255994836557468,42.575972233871695,47.690761832582574
2012-01-16,1005,2012-01-16,8.5,44.0,45.75,8.5,365310.0,-2859240.0,3577,7.482523127519931,45.508549112801845,45.50542660204496
2012-01-25,1006,2012-01-25,6.55555555555556,43.8333333333333,48.2777777777778,7.38888888888889,365318.333333333,-2859210.0,3577,5.776312713444291,48.878815929916286,43.866577730301984
2012-02-01,1007,2012-02-01,8.18181818181818,50.2727272727273,40.0909090909091,8.72727272727273,365330.454545455,-2859154.09090909,3577,4.38215435173833,51.45098912386907,42.739706938094805
2012-02-10,1008,2012-02-10,7.5,46.9166666666667,44.2916666666667,7.58333333333333,365322.5,-2859192.5,3577,5.606969274669566,50.40830237823502,42.5738181412048
2012-03-04,1009,2012-03-04,6.91666666666667,61.4166666666667,30.2083333333333,10.7083333333333,365322.5,-2859192.5,3577,11.241640067465713,47.229067737894965,40.151697665275435
2012-03-13,1010,2012-03-13,10.25,43.5833333333333,44.875,8.66666666666667,365322.5,-2859192.5,3577,20.547313581088492,42.27618645938337,35.871108026231006
2012-03-29,1011,2012-03-29,32.0,32.9166666666667,33.8333333333333,9.41666666666667,365322.5,-2859192.5,3577,31.48970293964144,36.300044024573495,30.93874844223516
2012-04-14,1012,2012-04-14,50.75,23.125,24.7083333333333,10.375,365322.5,-2859192.5,3577,42.82984435230654,30.8480808255621,25.0247966738095
2012-04-30,1013,2012-04-30,57.25,24.4583333333333,16.9166666666667,12.5,365322.5,-2859192.5,3577,51.97377948342388,26.626357017288193,20.122777801931598
2012-05-07,1014,2012-05-07,58.0,30.5,10.5,14.5,365280.0,-2859255.0,3577,58.38137753855786,26.965078219900256,13.299139343323304
2012-05-23,1015,2012-05-23,55.625,29.375,13.5416666666667,13.2916666666667,365322.5,-2859192.5,3577,59.56396175456021,28.75061831114487,10.250794658505754
2012-06-08,1016,2012-06-08,54.5714285714286,35.5238095238095,8.23809523809524,13.7619047619048,365326.428571429,-2859183.57142857,3577,56.65645580819111,32.75867545614825,9.067528971361153
2012-06-17,1017,2012-06-17,53.1666666666667,33.5,11.7083333333333,13.25,365322.5,-2859192.5,3577,52.01837046277174,34.3285894051869,12.069159972545513
2012-06-24,1018,2012-06-24,50.5882352941176,33.2352941176471,14.5882352941176,12.5294117647059,365316.176470588,-2859212.64705882,3577,49.888294716870405,33.05752463252881,15.488914814012638
2012-07-03,1019,2012-07-03,47.5833333333333,36.0,14.7083333333333,12.25,365322.5,-2859192.5,3577,47.90978310070201,32.14726917742738,18.315863733180223
2012-07-10,1020,2012-07-10,42.6666666666667,26.0416666666667,29.875,9.45833333333333,365322.5,-2859192.5,3577,45.271602402849666,32.804643750448946,20.313963925372523
2012-07-19,1021,2012-07-19,45.8666666666667,34.2,18.4,11.4,365325.0,-2859165.0,3577,42.59826747604831,34.40210526822488,21.42231880468344
2012-07-26,1022,2012-07-26,42.3333333333333,35.8333333333333,20.1666666666667,11.375,365322.5,-2859192.5,3577,40.810761141635325,35.821842128661174,21.733968949872725
2012-08-04,1023,2012-08-04,38.8181818181818,36.8636363636364,22.7272727272727,10.3636363636364,365318.181818182,-2859197.72727273,3577,39.39245554889326,38.14391316177057,20.795915017469504
2012-08-20,1024,2012-08-20,32.0,49.0,17.0,11.0,365385.0,-2859135.0,3577,38.14384892436837,39.193456999251126,21.01405168811437
2012-08-27,1025,2012-08-27,37.7083333333333,38.125,22.8333333333333,10.2083333333333,365322.5,-2859192.5,3577,36.135426436496324,40.418148338551305,21.846404125663604
2012-09-12,1026,2012-09-12,36.5,39.4,22.4,9.9,365313.0,-2859234.0,3577,32.64099672491386,43.76613759867398,22.04873943487459
2012-10-07,1027,2012-10-07,30.9583333333333,43.7083333333333,23.9583333333333,9.58333333333333,365322.5,-2859192.5,3577,28.085836634981035,46.48656877177855,23.968462007545096
2012-10-30,1028,2012-10-30,21.95,48.65,28.1,8.6,365325.0,-2859180.0,3577,24.14948851457778,50.19082447479529,24.234903692794795
2012-11-08,1029,2012-11-08,18.625,53.125,26.8333333333333,8.04166666666667,365322.5,-2859192.5,3577,19.70440142072974,52.222847671756256,26.678502096454768
2012-11-15,1030,2012-11-15,12.875,61.5833333333333,24.0416666666667,8.70833333333333,365322.5,-2859192.5,3577,15.604279879045354,53.735893105854096,29.271895545110993
2012-11-24,1031,2012-11-24,12.0416666666667,58.5416666666667,27.9166666666667,7.58333333333333,365322.5,-2859192.5,3577,12.360709981451176,55.11035798565933,31.079650818732873
2012-12-26,1032,2012-12-26,13.7083333333333,46.3333333333333,38.5,8.20833333333333,365322.5,-2859192.5,3577,11.441089268486945,52.486576589896906,34.57255966427277
2013-01-02,1033,2013-01-02,12.4166666666667,48.9583333333333,37.2083333333333,8.70833333333333,365322.5,-2859192.5,3577,10.863773842255195,52.30945120410283,35.27728030482921
2013-01-11,1034,2013-01-11,9.375,52.0,37.1666666666667,7.58333333333333,365322.5,-2859192.5,3577,10.148234247690938,53.625896678133245,34.70449764373394
2013-01-27,1035,2013-01-27,9.77777777777778,58.2222222222222,30.3333333333333,7.88888888888889,365331.666666667,-2859148.33333333,3577,9.669498630023504,56.03725153414719,32.833276501615245
2013-02-03,1036,2013-02-03,8.58333333333333,58.5416666666667,31.3333333333333,8.375,365322.5,-2859192.5,3577,9.341830305915597,59.1854940209341,30.051682579541854
2013-02-19,1037,2013-02-19,8.08333333333333,63.5416666666667,27.0416666666667,8.29166666666667,365322.5,-2859192.5,3577,8.784383982434022,62.85263101645789,27.00048834944169
2013-03-07,1038,2013-03-07,9.125,70.75,19.125,9.0,365310.0,-2859240.0,3577,9.316900990911616,63.258512516834884,26.12641675994955
2013-03-22,1039,2013-03-22,11.625,55.5833333333333,31.3333333333333,7.66666666666667,365322.5,-2859192.5,3577,10.403997864272203,60.75014815511996,27.517081511636672
2013-04-01,1040,2013-04-01,11.9583333333333,56.625,30.0833333333333,8.33333333333333,365322.5,-2859192.5,3577,11.096609826461556,58.11181891621745,29.413977162880062
2013-04-08,1041,2013-04-08,9.6,55.9,33.0,8.1,365325.0,-2859150.0,3577,11.606167303930087,55.555644275281765,31.395671195793987
2013-04-09,1042,2013-04-09,12.875,53.625,32.0416666666667,8.29166666666667,365322.5,-2859192.5,3577,12.136745114593412,53.139883753402486,33.19030356518477
2013-04-16,1043,2013-04-16,13.125,50.6666666666667,34.5,8.29166666666667,365322.5,-2859192.5,3577,11.88646912790789,52.5987542021428,33.978070334625976
2013-04-17,1044,2013-04-17,10.4705882352941,56.2941176470588,31.5882352941176,8.11764705882353,365330.294117647,-2859172.05882353,3577,12.161498730632777,53.7083189883146,32.59775733887429
2013-04-24,1045,2013-04-24,11.6666666666667,55.3333333333333,31.8333333333333,8.5,365322.5,-2859192.5,3577,11.848250251840732,57.403056994293166,29.310498329748164
2013-05-02,1046,2013-05-02,12.5,55.625,30.4583333333333,8.08333333333333,365322.5,-2859192.5,3577,11.073332830283467,56.187287837106425,31.341915841797302
2013-05-03,1047,2013-05-03,10.6111111111111,57.1111111111111,30.8333333333333,7.83333333333333,365318.333333333,-2859210.0,3577,11.036004915578937,56.51619813490669,31.04585937191098
2013-05-10,1048,2013-05-10,10.5416666666667,60.9166666666667,27.1666666666667,8.25,365322.5,-2859192.5,3577,10.35775605897014,55.92314484519076,32.29791327320893
2013-05-19,1049,2013-05-19,11.4583333333333,51.6666666666667,35.3333333333333,8.70833333333333,365322.5,-2859192.5,3577,10.552094994180468,53.98047205378853,34.054888733653456
2013-05-26,1050,2013-05-26,7.0,51.05,40.7,6.55,365311.5,-2859189.0,3577,10.82307580165276,51.573496664096325,36.15227013773642
2013-05-27,1051,2013-05-27,13.5,40.75,44.0416666666667,8.0,365322.5,-2859192.5,3577,11.540473996650555,48.97968417485988,37.99508843459744
2013-06-12,1052,2013-06-12,14.5,58.4444444444444,25.5555555555556,8.27777777777778,365313.333333333,-2859178.33333333,3577,11.838495998323953,48.341041096838815,38.379487600457125
2013-06-20,1053,2013-06-20,9.125,41.5,48.25,8.0,365336.25,-2859146.25,3577,13.171776409003549,43.01558030891753,42.39154344107273
2013-06-27,1054,2013-06-27,15.25,44.0,39.25,10.5,365340.0,-2859135.0,3577,13.156316980231434,42.44612534008185,42.95659951502964
2013-06-28,1055,2013-06-28,12.5416666666667,44.6666666666667,41.1666666666667,9.375,365322.5,-2859192.5,3577,12.332814631187421,45.526019843582716,40.70090467667259
2013-07-05,1056,2013-07-05,11.9166666666667,43.7916666666667,42.875,9.375,365322.5,-2859192.5,3577,11.271705203979074,48.394845092980304,38.84897197744914
2013-07-06,1057,2013-07-06,9.04166666666667,48.4166666666667,41.2083333333333,9.25,365322.5,-2859192.5,3577,9.989217310036263,51.3811766149151,37.16680558862666
2013-07-14,1058,2013-07-14,12.625,44.25,41.5,10.75,365322.5,-2859192.5,3577,10.11514736553286,51.969511439704945,36.38290020952016
2013-07-21,1059,2013-07-21,4.0,80.6666666666667,13.6666666666667,6.0,365335.0,-2859215.0,3577,10.177498971615105,53.231772355603425,35.04564488658393
2013-07-29,1060,2013-07-29,12.25,43.75,42.625,10.0,365322.5,-2859192.5,3577,10.151381461674067,49.6870219821384,38.605748482677704
2013-07-30,1061,2013-07-30,13.0,37.75,47.625,9.625,365322.5,-2859192.5,3577,10.884279806878801,46.38683723396651,41.149176030361836
2013-08-06,1062,2013-08-06,11.4166666666667,38.8333333333333,48.25,9.625,365322.5,-2859192.5,3577,11.079670845149074,42.264676113353985,45.05187201858356
2013-08-15,1063,2013-08-15,10.375,37.9583333333333,49.875,9.08333333333333,365322.5,-2859192.5,3577,10.580872782934073,38.549628401385974,49.31500296826321
2013-08-22,1064,2013-08-22,8.66666666666667,42.4583333333333,47.4166666666667,9.41666666666667,365322.5,-2859192.5,3577,9.28679761258032,37.99278794185008,51.204958455186365
2013-08-23,1065,2013-08-23,8.06666666666667,40.1333333333333,50.3333333333333,8.8,365317.0,-2859219.0,3577,8.144257612310648,39.41089835105599,50.94296560403283
2013-08-30,1066,2013-08-30,6.125,44.0416666666667,48.5,8.95833333333333,365322.5,-2859192.5,3577,6.406012740343458,44.16848716410581,47.9534736923614
2013-08-31,1067,2013-08-31,6.29166666666667,42.25,49.875,8.5,365322.5,-2859192.5,3577,5.871783497607091,43.94221953058623,48.778938645589044
2013-09-15,1068,2013-09-15,3.95833333333333,46.75,47.9583333333333,8.75,365322.5,-2859192.5,3577,5.422650351845933,44.474738414612645,48.692781028434666
2013-09-16,1069,2013-09-16,6.16666666666667,46.5416666666667,45.75,8.375,365322.5,-2859192.5,3577,5.039935217337211,44.70452325526365,48.77471133881765
2013-09-24,1070,2013-09-24,5.56521739130435,41.4782608695652,51.5217391304348,7.95652173913043,365319.782608696,-2859195.0,3577,4.450410090424905,46.92560692660611,47.07239548376616
2013-10-10,1071,2013-10-10,3.5,47.7222222222222,47.2222222222222,7.72222222222222,365330.0,-2859175.0,3577,3.761689314633295,48.76548573031628,45.92327326699546
2013-10-17,1072,2013-10-17,2.0,53.2,43.2,8.4,365325.0,-2859165.0,3577,3.422542100963989,48.97491151790142,46.03449444872108
2013-10-25,1073,2013-10-25,4.375,47.0416666666667,46.875,8.16666666666667,365322.5,-2859192.5,3577,2.9905707990573633,49.34459444099359,46.13427873757609
2013-10-26,1074,2013-10-26,2.06666666666667,51.6666666666667,44.7333333333333,7.66666666666667,365325.0,-2859165.0,3577,3.2180150569128148,47.82462352046163,47.407033820155746
2013-11-02,1075,2013-11-02,2.41666666666667,51.2916666666667,45.0833333333333,8.33333333333333,365322.5,-2859192.5,3577,2.978108024025604,47.43682528879945,48.087352308343355
2013-11-03,1076,2013-11-03,4.6,37.0666666666667,56.7333333333333,6.53333333333333,365303.0,-2859209.0,3577,3.4509954374601266,47.099925083941926,47.988727090006456
2013-11-10,1077,2013-11-10,4.29166666666667,46.4166666666667,47.75,8.0,365322.5,-2859192.5,3577,3.584855874147303,45.35422337912648,49.56148160821172
2013-11-11,1078,2013-11-11,3.0,48.7368421052632,46.8421052631579,7.21052631578947,365321.842105263,-2859207.63157895,3577,3.4169300771462865,46.40999879214114,48.676614970216136
2013-11-19,1079,2013-11-19,3.75,47.375,47.25,6.70833333333333,365322.5,-2859192.5,3577,3.5535343913047592,47.76147426116161,47.18403586256067
2013-11-27,1080,2013-11-27,1.75,54.5833333333333,42.3333333333333,7.29166666666667,365322.5,-2859192.5,3577,3.8181132592891602,49.64450372287337,45.03418828739974
2013-12-12,1081,2013-12-12,5.41666666666667,47.1666666666667,45.7916666666667,8.58333333333333,365322.5,-2859192.5,3577,3.7586999429873074,52.05456386668334,42.74933545352493
2013-12-13,1082,2013-12-13,3.2,49.9,45.4,7.7,365325.0,-2859150.0,3577,3.676317593654505,53.52364010303164,41.42542061164548
2013-12-20,1083,2013-12-20,5.0,59.0,35.0,10.0,365385.0,-2859135.0,3577,4.26273752047682,52.035172943121,42.273833853121154
2013-12-28,1084,2013-12-28,4.58333333333333,50.4583333333333,43.3333333333333,8.5,365322.5,-2859192.5,3577,4.269555521876864,52.995961482429024,41.30822083787085
2013-12-29,1085,2013-12-29,2.75,55.9583333333333,39.875,7.91666666666667,365322.5,-2859192.5,3577,4.147961816304849,53.097617606979064,41.30288919704955
2014-01-06,1086,2014-01-06,4.33333333333333,49.4166666666667,44.75,7.41666666666667,365322.5,-2859192.5,3577,3.9305188103943838,53.71403057725783,40.86650320782839
2014-01-13,1087,2014-01-13,3.91666666666667,53.125,41.2916666666667,8.16666666666667,365322.5,-2859192.5,3577,3.5518110372594234,54.327325228942485,40.647359039303446
2014-01-29,1088,2014-01-29,4.91666666666667,52.7083333333333,40.9166666666667,8.25,365322.5,-2859192.5,3577,3.9913309085129764,53.30130911399465,41.18701512625048
2014-02-06,1089,2014-02-06,2.04166666666667,58.125,38.5416666666667,8.58333333333333,365322.5,-2859192.5,3577,4.0621107478686564,50.865141952982654,43.55861785272901
2014-02-07,1090,2014-02-07,5.33333333333333,48.7916666666667,44.25,7.70833333333333,365322.5,-2859192.5,3577,4.4522622630201125,50.73659944286122,43.33980402981305
2014-02-22,1091,2014-02-22,4.3,51.8,42.5,8.9,365325.0,-2859150.0,3577,4.655229207907205,50.41369474066259,43.43894826736754
2014-02-23,1092,2014-02-23,5.66666666666667,44.7916666666667,47.9583333333333,7.75,365322.5,-2859192.5,3577,4.702962206949255,51.34426918259777,42.455855643206284
2014-03-02,1093,2014-03-02,5.375,49.3333333333333,43.6666666666667,8.45833333333333,365322.5,-2859192.5,3577,5.167399007417081,51.25094770508933,42.02981299894792
2014-03-03,1094,2014-03-03,4.0,53.4166666666667,41.1666666666667,8.08333333333333,365322.5,-2859192.5,3577,5.29273740908808,52.824902746771954,40.324736134546384
2014-03-10,1095,2014-03-10,5.5,65.0,28.0,10.0,365370.0,-2859135.0,3577,5.078603279655827,53.72107528581351,39.721459615668934
2014-03-11,1096,2014-03-11,5.5,50.375,42.625,7.875,365322.5,-2859192.5,3577,5.452392273898392,53.852967250805484,39.20555668512414
2014-03-18,1097,2014-03-18,5.54166666666667,50.7083333333333,42.1666666666667,8.33333333333333,365322.5,-2859192.5,3577,5.936744773599453,54.296253131031,38.317204971627845
2014-03-19,1098,2014-03-19,5.26086956521739,52.6521739130435,40.8260869565217,7.82608695652174,365325.0,-2859189.7826087,3577,4.951052559410948,55.19586373378119,38.481743488703685
2014-03-26,1099,2014-03-26,4.33333333333333,54.5416666666667,39.9166666666667,8.33333333333333,365322.5,-2859192.5,3577,4.461079571928276,53.88561423432405,40.305883132132315
2014-03-27,1100,2014-03-27,5.875,50.375,42.2083333333333,7.875,365322.5,-2859192.5,3577,3.76795748783847,52.33393710654337,42.549547919207725
2014-04-04,1101,2014-04-04,5.75,56.5,36.2916666666667,7.875,365322.5,-2859192.5,3577,4.416932391204854,50.58346405803249,43.66678840968133
2014-04-11,1102,2014-04-11,0.333333333333333,55.3333333333333,43.4444444444444,4.66666666666667,365305.0,-2859155.0,3577,5.56930939231637,49.718812371719196,43.381470722627256
2014-04-12,1103,2014-04-12,7.70833333333333,37.25,53.375,8.70833333333333,365322.5,-2859192.5,3577,8.267839588507352,45.01343173808512,45.343019786999406
2014-04-19,1104,2014-04-19,16.5416666666667,36.8333333333333,45.1666666666667,9.04166666666667,365322.5,-2859192.5,3577,12.508904458710763,41.25129520611134,44.821017442191255
2014-04-20,1105,2014-04-20,16.9583333333333,39.1666666666667,42.5,9.08333333333333,365322.5,-2859192.5,3577,17.669912898827334,36.91577081216789,43.99555836693421
2014-04-27,1106,2014-04-27,24.7083333333333,37.4583333333333,36.5,9.70833333333333,365322.5,-2859192.5,3577,25.171889771731195,33.57027827692959,39.84845327530491
2014-04-28,1107,2014-04-28,25.8333333333333,32.5833333333333,40.0833333333333,9.25,365322.5,-2859192.5,3577,30.55137496661806,30.907853240665954,37.083946754993846
2014-05-05,1108,2014-05-05,36.75,25.125,36.5416666666667,10.2916666666667,365322.5,-2859192.5,3577,33.46012037497604,29.021169362109298,36.013868140797754
2014-05-13,1109,2014-05-13,35.125,30.375,33.1666666666667,10.6666666666667,365322.5,-2859192.5,3577,32.73960827613588,28.585813541459416,37.20683568237192
2014-05-14,1110,2014-05-14,34.25,24.7916666666667,39.4583333333333,10.375,365322.5,-2859192.5,3577,30.90752307547511,27.83019856819749,39.74009594635936
2014-05-21,1111,2014-05-21,29.2083333333333,31.8333333333333,37.4166666666667,10.0833333333333,365322.5,-2859192.5,3577,28.009459322922638,29.160623561160982,41.34853536555705
2014-05-29,1112,2014-05-29,13.6666666666667,29.3333333333333,55.3333333333333,22.3333333333333,365355.0,-2859135.0,3577,24.140144298422435,32.07129312895087,42.332194894882065
2014-06-06,1113,2014-06-06,23.5416666666667,34.8333333333333,40.25,10.2083333333333,365322.5,-2859192.5,3577,20.949135616702158,35.458242222168806,42.143369272619935
2014-06-14,1114,2014-06-14,18.7,43.7,36.4,9.6,365313.0,-2859234.0,3577,18.52459586337019,37.170112111824814,42.82102863596032
2014-06-15,1115,2014-06-15,21.0,35.5416666666667,41.875,9.83333333333333,365322.5,-2859192.5,3577,17.957835379272332,38.488330554888265,42.03379772961189
2014-06-22,1116,2014-06-22,18.375,38.7916666666667,41.25,9.875,365322.5,-2859192.5,3577,17.655044048265466,40.28687943540986,40.5478392631794
2014-07-01,1117,2014-07-01,16.6666666666667,41.4583333333333,40.1666666666667,9.375,365322.5,-2859192.5,3577,17.727961514512497,40.9237164233585,39.7901671459169
2014-07-08,1118,2014-07-08,15.0,40.0833333333333,43.375,9.29166666666667,365322.5,-2859192.5,3577,16.737635617030822,40.67556103479363,40.98427040872953
2014-07-09,1119,2014-07-09,15.3636363636364,40.2727272727273,42.8181818181818,9.27272727272727,365330.454545455,-2859154.09090909,3577,14.608875325816587,41.02700657771112,42.76039559464195
2014-07-16,1120,2014-07-16,14.2916666666667,46.75,37.4583333333333,10.2916666666667,365322.5,-2859192.5,3577,14.323456916474774,42.84618607538738,41.289712902252475
2014-07-17,1121,2014-07-17,15.0,41.2916666666667,42.1666666666667,9.54166666666667,365322.5,-2859192.5,3577,13.795834817680502,44.09904045433221,40.585987038098914
2014-07-24,1122,2014-07-24,12.5833333333333,41.75,44.0416666666667,9.5,365322.5,-2859192.5,3577,13.626438752632897,43.24803901886004,41.58518942591641
2014-07-25,1123,2014-07-25,11.6666666666667,43.875,43.0416666666667,9.41666666666667,365322.5,-2859192.5,3577,12.55626700440755,43.65829706928127,42.25510132281949
2014-08-01,1124,2014-08-01,12.5,51.0,35.0,10.5,365370.0,-2859135.0,3577,11.236336032386992,44.430035650617256,42.80939184653718
2014-08-02,1125,2014-08-02,10.9166666666667,39.375,48.0416666666667,8.875,365322.5,-2859192.5,3577,10.221548961872518,44.40354034509718,43.86767592571893
2014-08-09,1126,2014-08-09,9.66666666666667,40.9166666666667,47.875,8.95833333333333,365322.5,-2859192.5,3577,9.148943290969797,44.83269555521207,44.50754508648581
2014-08-10,1127,2014-08-10,5.70833333333333,48.4583333333333,44.5416666666667,8.91666666666667,365322.5,-2859192.5,3577,8.229308745948394,45.661346135797515,44.595858862493074
2014-08-17,1128,2014-08-17,7.625,48.875,42.0,9.125,365322.5,-2859192.5,3577,7.746779149641773,45.321825749063564,45.455434271603956
2014-08-18,1129,2014-08-18,9.16666666666667,43.4166666666667,45.8333333333333,8.625,365322.5,-2859192.5,3577,7.486938242355077,45.083502410895065,45.94848366287309
2014-08-25,1130,2014-08-25,7.91666666666667,43.5,47.0416666666667,8.66666666666667,365322.5,-2859192.5,3577,7.702718334296131,44.69527685935688,46.136988140851216
2014-08-26,1131,2014-08-26,6.0,46.5,46.0833333333333,8.58333333333333,365322.5,-2859192.5,3577,7.779445657540468,45.225566358299545,45.51993736397081
2014-09-02,1132,2014-09-02,8.79166666666667,43.4166666666667,46.4166666666667,8.5,365322.5,-2859192.5,3577,7.589458142475586,44.45073450800341,46.47466504083456
2014-09-03,1133,2014-09-03,7.58333333333333,44.4583333333333,46.5,8.16666666666667,365322.5,-2859192.5,3577,7.194189066866012,44.62815409563969,46.682655579707415
2014-09-10,1134,2014-09-10,6.625,45.7083333333333,45.9583333333333,8.45833333333333,365322.5,-2859192.5,3577,6.253829890438865,46.623292728935894,45.65884309188579
2014-09-11,1135,2014-09-11,4.78571428571429,48.2142857142857,45.6428571428571,7.64285714285714,365320.714285714,-2859222.85714286,3577,5.621573472965823,48.17638166786051,44.71559271481202
2014-09-18,1136,2014-09-18,4.29166666666667,51.0833333333333,43.125,8.25,365322.5,-2859192.5,3577,5.407220488489031,47.98146873765351,45.06892720282137
2014-09-26,1137,2014-09-26,6.25,47.125,45.0833333333333,7.95833333333333,365322.5,-2859192.5,3577,4.932965254558946,48.2176902045251,45.305145061330236
2014-09-27,1138,2014-09-27,4.5,48.6666666666667,45.25,7.95833333333333,365322.5,-2859192.5,3577,4.4954503700627,49.268162178371526,44.70924470265906
2014-10-04,1139,2014-10-04,3.95833333333333,50.2083333333333,44.4166666666667,8.20833333333333,365322.5,-2859192.5,3577,4.538830106940884,49.57465921590568,44.39784029179652
2014-10-05,1140,2014-10-05,4.95833333333333,45.4166666666667,48.0,7.66666666666667,365322.5,-2859192.5,3577,4.479705279240212,48.695128916483874,45.35235597734922
2014-10-12,1141,2014-10-12,4.91666666666667,49.0,44.6666666666667,7.91666666666667,365322.5,-2859192.5,3577,4.319472323341646,48.64402367497617,45.58750215212385
2014-10-13,1142,2014-10-13,2.75,53.9583333333333,42.0416666666667,7.45833333333333,365322.5,-2859192.5,3577,3.829398027152874,49.12791684578876,45.668206793199985
2014-10-21,1143,2014-10-21,4.16666666666667,48.125,46.2083333333333,7.20833333333333,365322.5,-2859192.5,3577,4.088300244646384,48.07253350364087,46.39551895472256
2014-10-28,1144,2014-10-28,4.04166666666667,43.9166666666667,50.6666666666667,7.75,365322.5,-2859192.5,3577,3.951192383467337,47.24088617779862,47.36827852229621
2014-10-29,1145,2014-10-29,4.0,47.25,47.25,7.5,365340.0,-2859135.0,3577,3.767674662797941,48.379644864931755,46.39777598561734
2014-11-05,1146,2014-11-05,3.25,53.4583333333333,41.8333333333333,7.75,365322.5,-2859192.5,3577,3.372403061334447,49.85358039792279,45.298039937352044
2014-11-06,1147,2014-11-06,3.66666666666667,46.25,48.4583333333333,6.91666666666667,365322.5,-2859192.5,3577,3.1499437095407634,51.30626159185765,44.05940718207861
2014-11-13,1148,2014-11-13,3.66666666666667,50.4166666666667,44.4166666666667,7.66666666666667,365322.5,-2859192.5,3577,2.925702006970921,52.45749168271604,43.182017543853206
2014-11-21,1149,2014-11-21,0.0,61.0,38.0,8.0,365265.0,-2859255.0,3577,2.52800360114564,52.43477162671425,43.67281621886234
2014-11-29,1150,2014-11-29,4.75,51.5,42.0416666666667,7.25,365322.5,-2859192.5,3577,3.245839557758578,49.86632910432475,45.46595058707384
2014-11-30,1151,2014-11-30,1.85,44.3,52.5,5.1,365325.0,-2859180.0,3577,3.227909783714256,47.3839763435668,47.95815111100774
2014-12-07,1152,2014-12-07,4.375,44.25,50.0416666666667,7.58333333333333,365322.5,-2859192.5,3577,3.797643017456685,45.59596621128449,49.124894455382474
2014-12-08,1153,2014-12-08,3.75,40.7916666666667,53.8333333333333,7.0,365322.5,-2859192.5,3577,2.6822250247168795,45.18230982123498,50.59444528638817
2014-12-15,1154,2014-12-15,3.70833333333333,46.2916666666667,48.3333333333333,7.70833333333333,365322.5,-2859192.5,3577,1.5518981792199273,45.7424134173292,51.14039417753821
2014-12-31,1155,2014-12-31,3.75,49.25,45.3333333333333,7.75,365322.5,-2859192.5,3577,2.6304216938887945,47.31544642147652,48.551182048078786
2015-01-01,1156,2015-01-01,1.08333333333333,51.9166666666667,45.8333333333333,7.25,365322.5,-2859192.5,3577,5.298512942165403,49.23175459730452,44.022932176176354
2015-01-16,1157,2015-01-16,9.375,47.2083333333333,41.8333333333333,10.0833333333333,365322.5,-2859192.5,3577,11.056397034336563,48.165887002567096,39.3051774077257
2015-01-17,1158,2015-01-17,11.1666666666667,48.3333333333333,39.1666666666667,9.20833333333333,365322.5,-2859192.5,3577,16.906535415046825,45.120229486708794,36.54952310331021
2015-01-24,1159,2015-01-24,30.0833333333333,41.3333333333333,27.25,10.8333333333333,365322.5,-2859192.5,3577,22.914821117991067,42.09289704103313,33.56879627080364
2015-01-25,1160,2015-01-25,33.25,33.875,31.25,9.875,365322.5,-2859192.5,3577,27.35194575805621,39.33527419432402,31.831015269555405
2015-02-01,1161,2015-02-01,28.125,38.7083333333333,31.5,10.5833333333333,365322.5,-2859192.5,3577,30.04647968466673,38.00678695490684,30.445356691583118
2015-02-02,1162,2015-02-02,29.9047619047619,37.5238095238095,31.2380952380952,9.85714285714286,365326.428571429,-2859183.57142857,3577,30.790555106037104,37.74152746342247,29.934668878028234
2015-02-10,1163,2015-02-10,25.4583333333333,39.7916666666667,33.2083333333333,9.5,365322.5,-2859192.5,3577,30.086841967423677,38.02056231110718,30.36696061823483
2015-02-17,1164,2015-02-17,29.9583333333333,42.125,26.375,9.91666666666667,365322.5,-2859192.5,3577,29.707833547073953,38.82570778146656,29.91339805032316
2015-02-18,1165,2015-02-18,30.8666666666667,38.0666666666667,29.6,9.73333333333333,365325.0,-2859165.0,3577,29.686853474963186,39.797814760949905,29.025475154132145
2015-02-26,1166,2015-02-26,33.375,37.0,28.125,9.83333333333333,365322.5,-2859192.5,3577,32.25363833904206,39.456200493985705,26.831267909857935
2015-03-05,1167,2015-03-05,33.625,39.0416666666667,25.6666666666667,10.5416666666667,365322.5,-2859192.5,3577,33.22468405197753,38.97711856501153,26.331018383730175
2015-03-06,1168,2015-03-06,34.0434782608696,39.4782608695652,25.1304347826087,9.82608695652174,365319.782608696,-2859195.0,3577,33.71509463188529,38.68036555806876,26.08515568538401
2015-03-13,1169,2015-03-13,33.5416666666667,41.1666666666667,23.9166666666667,10.5416666666667,365322.5,-2859192.5,3577,34.35151258979663,38.99634482378885,25.13568147090119
2015-03-14,1170,2015-03-14,34.0416666666667,37.3333333333333,27.0416666666667,9.79166666666667,365322.5,-2859192.5,3577,34.22389032647643,39.32913478363825,24.857464674909487
2015-03-30,1171,2015-03-30,33.1666666666667,40.2083333333333,24.8333333333333,10.0,365322.5,-2859192.5,3577,34.12701370173268,40.32685169408889,23.913731969556913
2015-04-06,1172,2015-04-06,32.625,40.75,24.9166666666667,10.5,365322.5,-2859192.5,3577,33.62949315681351,40.73917228394004,23.959970157267694
2015-04-07,1173,2015-04-07,37.5,39.75,21.0,10.75,365340.0,-2859135.0,3577,33.30181275514943,40.583308388558734,24.406820268389502
2015-04-14,1174,2015-04-14,30.9166666666667,44.875,22.7083333333333,10.125,365322.5,-2859192.5,3577,32.50792094453274,41.59160475970663,24.176187292535133
2015-04-15,1175,2015-04-15,29.5416666666667,40.2083333333333,28.4583333333333,9.70833333333333,365322.5,-2859192.5,3577,30.40259699357039,42.635006774302454,25.322760634390303
2015-04-30,1176,2015-04-30,28.2916666666667,45.875,24.2916666666667,10.2916666666667,365322.5,-2859192.5,3577,28.46303803695021,44.850952667896436,25.10366735946856
2015-05-01,1177,2015-05-01,28.75,42.7916666666667,26.75,9.875,365322.5,-2859192.5,3577,27.54268873540909,45.37538248644382,25.45557564210435
2015-05-08,1178,2015-05-08,25.8333333333333,47.0833333333333,25.5,9.875,365322.5,-2859192.5,3577,26.188711417577476,46.88740735527962,25.247784465272957
2015-05-16,1179,2015-05-16,23.0416666666667,52.4166666666667,22.9166666666667,10.0833333333333,365322.5,-2859192.5,3577,25.04432182024686,48.56561777574986,24.683701747165568
2015-05-17,1180,2015-05-17,24.3333333333333,47.7916666666667,26.125,8.95833333333333,365322.5,-2859192.5,3577,24.89821349960295,49.42587069792215,23.90886989686943
2015-06-01,1181,2015-06-01,29.0,50.5,18.5,12.5,365370.0,-2859135.0,3577,23.97282938938926,50.34612660300764,23.900106446697293
2015-06-02,1182,2015-06-02,22.4444444444444,46.3888888888889,29.3333333333333,13.2222222222222,365340.0,-2859188.33333333,3577,23.334373744586962,50.48379905267696,24.37725522670977
2015-06-10,1183,2015-06-10,18.7,56.0,23.75,9.7,365319.0,-2859204.0,3577,23.06689128724387,50.45989665648355,24.691665403735996
2015-06-18,1184,2015-06-18,24.375,48.7083333333333,25.0833333333333,9.79166666666667,365322.5,-2859192.5,3577,22.851777479483033,49.69807024759844,25.70074855484686
2015-06-25,1185,2015-06-25,23.625,48.2916666666667,26.3333333333333,10.0,365322.5,-2859192.5,3577,22.213581997634392,50.37672720295806,25.73158472074494
2015-07-03,1186,2015-07-03,21.2,52.0666666666667,25.2,10.0,365325.0,-2859165.0,3577,21.494186386365836,50.88303023085545,25.97761227420281
2015-07-04,1187,2015-07-04,21.9583333333333,50.2083333333333,26.1666666666667,9.625,365322.5,-2859192.5,3577,21.974784761159192,51.258031313364214,25.15208527282455
2015-07-11,1188,2015-07-11,21.5416666666667,49.125,27.7083333333333,9.66666666666667,365322.5,-2859192.5,3577,21.92657204859396,51.115795981803274,25.36104881455493
2015-07-19,1189,2015-07-19,19.5,52.8333333333333,26.1666666666667,10.1666666666667,365335.0,-2859140.0,3577,20.56005970741834,49.28328071398407,28.571999936614073
2015-07-20,1190,2015-07-20,19.9166666666667,49.875,28.625,9.20833333333333,365322.5,-2859192.5,3577,18.7864017908747,47.70551045624366,32.002570095579195
2015-07-27,1191,2015-07-27,18.7916666666667,44.1666666666667,35.5416666666667,12.375,365322.5,-2859192.5,3577,17.440367812962464,45.93136825035451,35.174221370225
2015-08-04,1192,2015-08-04,16.4583333333333,44.8333333333333,37.375,10.7083333333333,365322.5,-2859192.5,3577,15.93893724617675,44.22451534981161,38.406477199377626
2015-08-05,1193,2015-08-05,10.9583333333333,37.7083333333333,49.8333333333333,7.91666666666667,365322.5,-2859192.5,3577,14.48863267682877,43.48639898262348,40.59906026467202
2015-08-12,1194,2015-08-12,14.9583333333333,43.4166666666667,40.2083333333333,10.4166666666667,365322.5,-2859192.5,3577,13.472332682570915,42.753000314391834,42.35603821067245
2015-08-13,1195,2015-08-13,11.9565217391304,47.3913043478261,39.4347826086956,10.0869565217391,365319.782608696,-2859195.0,3577,12.62335909704139,42.82962934897281,43.08364094625058
2015-08-21,1196,2015-08-21,13.0,46.0416666666667,39.25,9.66666666666667,365322.5,-2859192.5,3577,12.175416750206258,43.30980135648692,43.0137705711911
2015-08-28,1197,2015-08-28,13.2083333333333,38.4166666666667,46.7083333333333,10.3333333333333,365322.5,-2859192.5,3577,11.94891813440562,43.58834785934016,42.94537287878615
2015-09-05,1198,2015-09-05,10.7083333333333,44.375,43.5416666666667,10.4583333333333,365322.5,-2859192.5,3577,11.491125898598249,43.09729891299784,43.88176442505104
2015-09-06,1199,2015-09-06,10.625,41.9166666666667,46.0,10.0,365322.5,-2859192.5,3577,11.57866877928286,42.95341191876087,43.93565049837109
2015-09-13,1200,2015-09-13,10.9583333333333,43.125,44.2083333333333,10.5,365322.5,-2859192.5,3577,10.807173330997252,42.124487377156406,45.53324208097051
2015-09-14,1201,2015-09-14,10.75,42.4583333333333,45.5,9.66666666666667,365322.5,-2859192.5,3577,10.551316644497186,42.93332184932027,45.041631955779216
2015-09-21,1202,2015-09-21,9.45833333333333,45.125,43.9166666666667,9.79166666666667,365322.5,-2859192.5,3577,9.854822702310798,43.84256383899017,44.8631461753955
2015-09-22,1203,2015-09-22,11.0416666666667,42.9583333333333,44.375,9.45833333333333,365322.5,-2859192.5,3577,9.498934630899164,43.74050369134855,45.27215534722599
2015-09-29,1204,2015-09-29,9.95833333333333,45.5416666666667,43.125,9.91666666666667,365322.5,-2859192.5,3577,9.283422459891668,44.2146191012224,45.00139102383012
2015-10-07,1205,2015-10-07,4.625,44.5,49.5,15.6666666666667,365322.5,-2859192.5,3577,8.260037563054905,46.759409707932136,43.52378362091335
2015-10-08,1206,2015-10-08,9.375,46.875,42.25,8.79166666666667,365322.5,-2859192.5,3577,7.5163790145484555,47.67372921664358,43.357593832186296
2015-10-15,1207,2015-10-15,8.29166666666667,46.5416666666667,43.5416666666667,9.33333333333333,365322.5,-2859192.5,3577,7.271642631689392,47.75280140161217,43.53073258947926
2015-10-16,1208,2015-10-16,7.5,50.2083333333333,40.9583333333333,8.625,365322.5,-2859192.5,3577,7.623194473692915,47.241513639276064,43.718131251891975
2015-10-23,1209,2015-10-23,7.09090909090909,51.1363636363636,40.4545454545455,9.13636363636364,365326.363636364,-2859186.81818182,3577,8.10947236223642,45.59037954726831,44.885926909653676
2015-11-08,1210,2015-11-08,7.04166666666667,40.4166666666667,51.1666666666667,7.45833333333333,365322.5,-2859192.5,3577,8.857355562273732,43.89789855485163,45.82655874450115
2015-11-09,1211,2015-11-09,11.5416666666667,36.125,50.8333333333333,7.16666666666667,365322.5,-2859192.5,3577,9.32636734589726,41.84392267374702,47.43951488859826
2015-11-16,1212,2015-11-16,10.3333333333333,42.5833333333333,45.7083333333333,8.75,365322.5,-2859192.5,3577,9.196046564693997,40.460788573831906,48.971835213800944
2015-11-17,1213,2015-11-17,9.3,42.1,47.15,8.0,365325.0,-2859180.0,3577,10.0148413257287,39.385660312650515,49.21358806854241
2015-11-25,1214,2015-11-25,8.05,40.9,49.8,7.35,365311.5,-2859199.5,3577,9.62979553307338,41.217740107097654,47.71979180316008
2015-12-02,1215,2015-12-02,9.16666666666667,46.375,43.0,8.45833333333333,365322.5,-2859192.5,3577,8.706879305582584,46.65031636794423,43.29210413316413
2015-12-03,1216,2015-12-03,8.77777777777778,43.5555555555556,46.3333333333333,7.44444444444444,365318.333333333,-2859238.33333333,3577,7.519203342507582,49.3552311415811,41.78488887951356
2015-12-10,1217,2015-12-10,7.47368421052632,52.3157894736842,38.8421052631579,8.0,365321.842105263,-2859207.63157895,3577,7.681050360208408,48.87551409672645,42.08478845308101
2015-12-18,1218,2015-12-18,7.125,51.9583333333333,39.5,8.33333333333333,365322.5,-2859192.5,3577,7.157071004601297,48.86978234545127,42.59436624425397
2015-12-19,1219,2015-12-19,5.33333333333333,57.2083333333333,36.1666666666667,7.41666666666667,365322.5,-2859192.5,3577,6.433491642334573,50.2168125996102,42.00574771352618
2015-12-26,1220,2015-12-26,10.75,40.75,47.25,6.5,365310.0,-2859255.0,3577,8.308399926616053,48.15087822800562,42.113593538061735
2015-12-27,1221,2015-12-27,12.7083333333333,33.1666666666667,52.3333333333333,8.29166666666667,365322.5,-2859192.5,3577,12.252020873047226,44.77528618840287,41.52489274001488
2016-01-03,1222,2016-01-03,16.125,51.5833333333333,31.0416666666667,12.625,365322.5,-2859192.5,3577,18.803087387959106,42.85853960804555,36.87086304562558
2016-01-04,1223,2016-01-04,18.0416666666667,46.5833333333333,33.9583333333333,11.0416666666667,365322.5,-2859192.5,3577,26.208556434599444,38.298962276204,34.07226336518618
2016-01-19,1224,2016-01-19,38.5,31.25,28.6666666666667,11.625,365322.5,-2859192.5,3577,31.71191577283249,34.21375051077929,32.59244141621518
2016-02-04,1225,2016-02-04,43.2083333333333,24.2083333333333,30.9166666666667,11.8333333333333,365322.5,-2859192.5,3577,36.27205431307057,31.38155538687758,30.84206392617424
2016-02-12,1226,2016-02-12,38.0,35.0,26.0,11.0,365265.0,-2859255.0,3577,39.53730596028767,28.914950147280543,30.085096230784693
2016-02-13,1227,2016-02-13,39.7916666666667,26.4166666666667,32.2083333333333,10.4583333333333,365322.5,-2859192.5,3577,40.98376417183855,26.136651031839257,31.454001599985787
2016-02-20,1228,2016-02-20,35.0,18.2941176470588,45.0588235294118,8.05882352941176,365303.823529412,-2859186.17647059,3577,40.54858389803606,26.960569403881713,31.04398896647112
2016-02-21,1229,2016-02-21,36.7916666666667,36.7083333333333,24.8333333333333,10.0,365322.5,-2859192.5,3577,38.71114063954045,31.600690990847426,28.237481793683187
2016-02-28,1230,2016-02-28,44.0,38.0,17.0,13.0,365385.0,-2859135.0,3577,36.2611736560599,35.991931318842695,26.237621182613616
2016-02-29,1231,2016-02-29,35.9166666666667,35.125,27.4166666666667,9.70833333333333,365322.5,-2859192.5,3577,36.244683077495026,38.325208998486815,23.90301368333246
2016-03-07,1232,2016-03-07,32.0416666666667,44.9583333333333,21.25,10.0833333333333,365322.5,-2859192.5,3577,34.54803091644682,40.29247791150757,23.534955165028137
2016-03-16,1233,2016-03-16,33.5416666666667,41.5833333333333,23.125,9.79166666666667,365322.5,-2859192.5,3577,32.58501663454738,42.27750766351937,23.522679143532486
2016-03-23,1234,2016-03-23,29.5833333333333,38.1666666666667,30.5833333333333,9.125,365322.5,-2859192.5,3577,31.415316236905984,41.28205648233261,25.668519879315532
2016-03-31,1235,2016-03-31,30.2,42.2,26.2,10.2,365301.0,-2859249.0,3577,30.33828978039052,39.30027222973732,28.773705712118833
2016-04-01,1236,2016-04-01,30.9166666666667,37.1666666666667,30.2916666666667,9.875,365322.5,-2859192.5,3577,29.90700527542188,39.80691560760626,28.7257094041107
2016-04-08,1237,2016-04-08,28.125,40.9583333333333,29.1666666666667,10.0,365322.5,-2859192.5,3577,30.236365801376774,40.185164938254914,28.097285969959806
2016-04-16,1238,2016-04-16,33.6666666666667,39.6666666666667,25.6666666666667,11.3333333333333,365355.0,-2859135.0,3577,29.083159229826713,40.04200765693977,29.36908589346232
2016-04-17,1239,2016-04-17,26.6666666666667,41.0833333333333,30.7083333333333,9.20833333333333,365322.5,-2859192.5,3577,26.83505993490113,41.44114128904532,30.217688915826812
2016-04-24,1240,2016-04-24,25.0833333333333,41.9166666666667,31.2083333333333,9.45833333333333,365322.5,-2859192.5,3577,26.349836541163874,41.376735081218065,30.73673511730326
2016-05-03,1241,2016-05-03,23.9583333333333,42.625,31.7083333333333,8.83333333333333,365322.5,-2859192.5,3577,25.782324615525084,41.014835783405516,31.67678000533561
2016-05-18,1242,2016-05-18,26.7083333333333,39.0416666666667,32.9583333333333,11.5833333333333,365322.5,-2859192.5,3577,26.327311878004522,39.846078070530325,32.340529310725685
2016-05-19,1243,2016-05-19,26.5416666666667,35.25,36.8333333333333,11.3333333333333,365322.5,-2859192.5,3577,27.94619840942952,36.21105584301638,34.335665237749865
2016-05-26,1244,2016-05-26,30.7916666666667,37.3333333333333,30.4166666666667,11.875,365322.5,-2859192.5,3577,30.133323049495022,34.76342365064756,33.648972338286185
2016-06-04,1245,2016-06-04,37.8333333333333,31.125,29.4583333333333,14.1666666666667,365322.5,-2859192.5,3577,32.9500160572093,33.32488525405984,32.34064928878688
2016-06-19,1246,2016-06-19,30.1666666666667,31.0416666666667,37.5,12.7916666666667,365322.5,-2859192.5,3577,34.788737578206096,31.055935937123234,32.69442760541344
2016-06-20,1247,2016-06-20,36.2916666666667,27.875,34.2916666666667,13.125,365322.5,-2859192.5,3577,35.67669701299201,30.250910209497015,32.57527856559878
2016-06-27,1248,2016-06-27,36.0416666666667,33.7083333333333,28.75,17.4166666666667,365322.5,-2859192.5,3577,35.624837358350526,31.342908760633087,31.573724157219715
2016-06-28,1249,2016-06-28,34.7,37.55,26.35,15.35,365325.0,-2859180.0,3577,34.829033480931386,32.05654724683566,31.66109717999611
2016-07-06,1250,2016-07-06,33.8333333333333,25.125,39.3333333333333,13.6666666666667,365322.5,-2859192.5,3577,33.345734320916,32.93446305863863,32.223888242208865
2016-07-14,1251,2016-07-14,32.4583333333333,33.1666666666667,33.125,13.625,365322.5,-2859192.5,3577,31.510329999625952,34.90294422234805,32.082128564686144
2016-07-21,1252,2016-07-21,27.4583333333333,43.5416666666667,27.6666666666667,13.7916666666667,365322.5,-2859192.5,3577,29.720417315636855,36.49230293775369,32.27327611530825
2016-07-22,1253,2016-07-22,28.0416666666667,35.875,34.3333333333333,12.7916666666667,365322.5,-2859192.5,3577,26.661615595594483,38.044208492891585,33.830398726200436
2016-07-29,1254,2016-07-29,24.75,33.625,39.875,13.0,365322.5,-2859192.5,3577,25.234611012125,36.123944511441394,37.15524903221033
2016-07-30,1255,2016-07-30,23.1764705882353,41.1764705882353,34.4705882352941,12.0,365316.176470588,-2859212.64705882,3577,23.21847260813125,36.459198699534085,38.82194476497335
2016-08-06,1256,2016-08-06,20.625,40.0833333333333,37.9583333333333,12.5833333333333,365322.5,-2859192.5,3577,21.559214244885503,38.47790714601214,38.4672695293759
2016-08-07,1257,2016-08-07,21.6666666666667,36.0416666666667,40.7083333333333,11.7916666666667,365322.5,-2859192.5,3577,20.256676662971383,40.47805776658329,37.80241399956662
2016-08-14,1258,2016-08-14,18.6666666666667,36.7083333333333,43.1666666666667,12.2083333333333,365322.5,-2859192.5,3577,18.69923031814767,43.97450564018628,35.97754865272502
2016-08-15,1259,2016-08-15,17.625,44.5,36.3333333333333,11.7083333333333,365322.5,-2859192.5,3577,16.718456536106718,46.91455306876695,35.0124528149373
2016-08-22,1260,2016-08-22,14.1538461538462,63.3846153846154,21.2307692307692,18.6153846153846,365315.769230769,-2859225.0,3577,15.847327541939105,46.27677154993893,36.43747715587453
2016-08-31,1261,2016-08-31,17.4166666666667,45.875,35.4583333333333,14.375,365322.5,-2859192.5,3577,15.641375487185542,45.52625614593647,37.37592892481628
2016-09-07,1262,2016-09-07,14.7083333333333,37.5416666666667,46.3333333333333,12.75,365322.5,-2859192.5,3577,16.51267631942407,43.269629277551886,38.81253413861612
2016-09-08,1263,2016-09-08,15.9583333333333,33.1666666666667,49.1666666666667,12.0833333333333,365322.5,-2859192.5,3577,17.834907263488784,39.07692382039858,41.639344976680974
2016-09-15,1264,2016-09-15,20.1666666666667,34.5,43.6666666666667,14.9583333333333,365322.5,-2859192.5,3577,19.343866064868166,34.30159346091199,44.84626764835669
2016-09-16,1265,2016-09-16,22.5714285714286,34.1428571428571,42.0,13.7142857142857,365337.857142857,-2859143.57142857,3577,20.172258578125998,30.43220023208852,47.8398857037152
2016-09-23,1266,2016-09-23,20.2083333333333,34.75,43.625,13.0416666666667,365322.5,-2859192.5,3577,19.695536042901512,29.867734097683197,48.8607926129525
2016-10-01,1267,2016-10-01,17.9583333333333,26.375,53.9583333333333,12.25,365322.5,-2859192.5,3577,17.789524330156347,33.12706063286063,47.548968188666976
2016-10-10,1268,2016-10-10,14.75,35.4166666666667,48.1666666666667,11.125,365322.5,-2859192.5,3577,16.09313377540692,34.294270358119725,48.0471234132153
2016-10-17,1269,2016-10-17,13.0416666666667,35.5416666666667,49.9583333333333,11.4583333333333,365322.5,-2859192.5,3577,13.565592946782878,35.70536390853195,49.15776844413881
2016-10-18,1270,2016-10-18,11.2916666666667,38.3333333333333,48.7916666666667,10.7916666666667,365322.5,-2859192.5,3577,11.425853687074905,39.73202610082821,47.27513856112222
2016-10-25,1271,2016-10-25,9.13333333333333,44.9333333333333,44.4666666666667,11.1333333333333,365317.0,-2859219.0,3577,10.360328165125406,41.14530830366129,46.99702364198567
2016-10-26,1272,2016-10-26,11.4166666666667,44.5,42.5,10.5833333333333,365322.5,-2859192.5,3577,9.518397366306186,43.31708242737006,45.72046194259133
2016-11-03,1273,2016-11-03,10.5416666666667,43.0416666666667,44.9583333333333,12.4166666666667,365322.5,-2859192.5,3577,8.67120688908487,45.97974986828789,43.916409570814764
2016-11-10,1274,2016-11-10,6.66666666666667,48.4583333333333,43.75,9.41666666666667,365322.5,-2859192.5,3577,9.463258748474061,48.11029682391192,40.98609788044159
2016-11-26,1275,2016-11-26,8.29166666666667,48.7916666666667,41.3333333333333,10.7083333333333,365322.5,-2859192.5,3577,8.586701739951238,49.07126606622778,40.84703879711009
2016-11-27,1276,2016-11-27,8.75,40.625,49.0,9.75,365322.5,-2859192.5,3577,7.192625769482282,49.17713109902779,42.10734843071675
2016-12-05,1277,2016-12-05,8.66666666666667,64.0,25.6666666666667,11.3333333333333,365355.0,-2859135.0,3577,7.466055277077455,49.40035487297256,41.61797917062491
2016-12-12,1278,2016-12-12,12.0,47.0,39.6666666666667,11.3333333333333,365295.0,-2859255.0,3577,10.93365327166287,48.23631253054518,39.29475613734439
2016-12-13,1279,2016-12-13,11.7083333333333,41.3333333333333,45.375,10.25,365322.5,-2859192.5,3577,15.916099963800036,44.97927342197078,37.54428125781648
2016-12-20,1280,2016-12-20,8.625,39.4166666666667,50.375,10.4166666666667,365322.5,-2859192.5,3577,18.040707601830036,43.33444798506477,37.13187891625499
2016-12-28,1281,2016-12-28,27.7083333333333,49.4583333333333,21.6666666666667,12.0416666666667,365322.5,-2859192.5,3577,18.5194029640963,44.52658990159137,35.58588485410098
2016-12-29,1282,2016-12-29,29.6666666666667,41.0833333333333,27.8333333333333,12.0,365322.5,-2859192.5,3577,18.469833475336358,45.51931414063297,34.727664766789935
2017-01-05,1283,2017-01-05,19.0416666666667,41.5833333333333,37.8333333333333,10.8333333333333,365322.5,-2859192.5,3577,18.18506632017095,45.61356270397699,34.94135050908804
2017-01-13,1284,2017-01-13,6.89473684210526,52.4210526315789,39.6842105263158,6.0,365309.210526316,-2859201.31578947,3577,18.75360189805167,47.48331367363966,32.461075745376824
2017-01-22,1285,2017-01-22,12.1818181818182,54.2727272727273,32.4545454545455,9.18181818181818,365330.454545455,-2859154.09090909,3577,20.753989965632687,45.066428238937704,32.90636496723827
2017-01-29,1286,2017-01-29,30.1,38.05,30.45,10.75,365325.0,-2859180.0,3577,23.54812006667124,41.20895724133409,33.921569650695524
2017-01-30,1287,2017-01-30,31.4583333333333,29.0416666666667,37.9583333333333,9.75,365322.5,-2859192.5,3577,27.825214690571457,35.72481717954922,35.05530924865541
2017-02-06,1288,2017-02-06,35.6666666666667,31.9166666666667,30.75,10.7083333333333,365322.5,-2859192.5,3577,33.65843726707315,32.212119133474005,32.69306877907959
2017-02-07,1289,2017-02-07,37.0588235294118,31.9411764705882,29.7647058823529,10.0588235294118,365330.294117647,-2859172.05882353,3577,36.87516656419705,29.0525878177698,32.60715344982113
2017-02-14,1290,2017-02-14,34.3333333333333,28.8333333333333,35.5833333333333,10.2083333333333,365322.5,-2859192.5,3577,36.32552698405729,28.273656272522196,33.89466225623688
2017-02-15,1291,2017-02-15,31.625,28.4583333333333,38.1666666666667,9.625,365322.5,-2859192.5,3577,32.086746833589864,30.983444970821346,35.47576363484124
2017-02-22,1292,2017-02-22,28.0833333333333,34.5,35.9583333333333,10.0416666666667,365322.5,-2859192.5,3577,27.55486576571804,35.49402619628367,35.53687818357884
2017-03-02,1293,2017-03-02,22.2083333333333,43.5416666666667,32.9583333333333,9.83333333333333,365322.5,-2859192.5,3577,23.957806114388305,38.81163529300811,35.79377689556311
2017-03-03,1294,2017-03-03,23.0416666666667,39.0,36.5416666666667,8.95833333333333,365322.5,-2859192.5,3577,20.36512359278855,40.70079939030798,37.466709616790524
2017-03-10,1295,2017-03-10,17.1666666666667,43.0416666666667,38.125,8.66666666666667,365322.5,-2859192.5,3577,17.599078291492813,44.64419887766519,36.29188866056607
2017-03-11,1296,2017-03-11,12.3125,50.5,35.9375,8.5625,365328.75,-2859168.75,3577,15.3145515664729,48.13796553715705,35.138575164737716
2017-03-18,1297,2017-03-18,14.9166666666667,50.5416666666667,33.0833333333333,8.58333333333333,365322.5,-2859192.5,3577,13.938464334940598,50.1945593106509,34.43730514840679
2017-03-19,1298,2017-03-19,14.25,47.5,36.7083333333333,8.08333333333333,365322.5,-2859192.5,3577,12.50330886863209,52.0998713618605,33.93221780798673
2017-03-26,1299,2017-03-26,13.0,53.1666666666667,32.5,8.16666666666667,365322.5,-2859192.5,3577,11.94340688980604,53.119265409505175,33.49440748879103
2017-03-27,1300,2017-03-27,9.29166666666667,62.0,27.2916666666667,7.91666666666667,365322.5,-2859192.5,3577,11.48153645889542,54.41757597406941,32.683925014608995
2017-04-04,1301,2017-04-04,11.875,49.6666666666667,36.9166666666667,7.79166666666667,365322.5,-2859192.5,3577,11.827317741596154,53.63574209587341,33.13318872819154
2017-04-11,1302,2017-04-11,12.375,51.9166666666667,34.2916666666667,8.125,365322.5,-2859192.5,3577,11.890944452862177,53.43233327559156,33.26256341697023
2017-04-12,1303,2017-04-12,10.4583333333333,52.75,35.5416666666667,7.875,365322.5,-2859192.5,3577,12.0109437131478,52.48020271781098,34.06452519358359
2017-04-27,1304,2017-04-27,15.5416666666667,49.3333333333333,33.5833333333333,9.08333333333333,365322.5,-2859192.5,3577,12.70457883189891,50.66286886487369,35.17142519502677
2017-05-05,1305,2017-05-05,11.5833333333333,53.875,33.125,8.83333333333333,365322.5,-2859192.5,3577,13.122139470434721,49.01063023662911,36.401792995440815
2017-05-06,1306,2017-05-06,14.0416666666667,46.7916666666667,37.6666666666667,8.5,365322.5,-2859192.5,3577,13.40936785092931,49.00656090554739,36.14328988864054
2017-05-13,1307,2017-05-13,13.125,49.4166666666667,35.875,8.79166666666667,365322.5,-2859192.5,3577,13.22877921871532,50.14986883600685,35.21544992674498
2017-05-14,1308,2017-05-14,12.4583333333333,46.75,39.4166666666667,7.33333333333333,365322.5,-2859192.5,3577,13.24675337562137,50.145574884344484,35.20633881082273
2017-05-21,1309,2017-05-21,13.375,53.4583333333333,32.125,8.70833333333333,365322.5,-2859192.5,3577,13.429963483367052,50.49045317426916,34.699745430003404
2017-05-22,1310,2017-05-22,14.0416666666667,52.7083333333333,31.7083333333333,8.375,365322.5,-2859192.5,3577,13.401160629873797,51.06639658070782,34.182858292373304
2017-05-29,1311,2017-05-29,13.8333333333333,52.0416666666667,32.75,8.58333333333333,365322.5,-2859192.5,3577,13.471378466732485,51.734525536375365,33.42814757481439
2017-06-06,1312,2017-06-06,12.6666666666667,51.5833333333333,34.3333333333333,8.70833333333333,365322.5,-2859192.5,3577,13.307985487163052,51.69505004798347,33.55091490036807
2017-06-07,1313,2017-06-07,13.5833333333333,50.0833333333333,34.75,8.41666666666667,365322.5,-2859192.5,3577,13.455894080118071,52.45511377166938,32.60685715213091
2017-06-14,1314,2017-06-14,13.8333333333333,50.3333333333333,34.4583333333333,8.58333333333333,365322.5,-2859192.5,3577,13.187794532606796,52.77055413625832,32.544482993781536
2017-06-22,1315,2017-06-22,11.375,55.0,32.1666666666667,8.5,365322.5,-2859192.5,3577,12.826165320745439,51.76585063542495,33.95741771128262
2017-06-23,1316,2017-06-23,13.0,51.2916666666667,34.1666666666667,8.25,365322.5,-2859192.5,3577,12.790190846303483,50.45312466170846,35.36555781679095
2017-06-30,1317,2017-06-30,14.2916666666667,49.75,34.5416666666667,10.75,365322.5,-2859192.5,3577,12.50301659125002,49.156454098010215,36.93743369632912
2017-07-01,1318,2017-07-01,10.25,52.5,36.25,10.25,365310.0,-2859255.0,3577,11.67693696911789,46.89588159517801,40.08640856047378
2017-07-09,1319,2017-07-09,11.3333333333333,36.75,50.375,9.08333333333333,365322.5,-2859192.5,3577,11.277266593054392,47.77413363209864,39.64118170270828
2017-07-16,1320,2017-07-16,10.9166666666667,45.75,41.9583333333333,9.54166666666667,365322.5,-2859192.5,3577,10.580102946587438,46.810896533799756,41.278364437413984
2017-07-17,1321,2017-07-17,9.58333333333333,48.3333333333333,40.7083333333333,9.25,365322.5,-2859192.5,3577,9.533645276290912,45.72920500551396,43.391753628202245
2017-07-24,1322,2017-07-24,7.54166666666667,50.6666666666667,40.5,9.41666666666667,365322.5,-2859192.5,3577,8.288548139166096,45.314410177019504,44.9738871809238
2017-07-25,1323,2017-07-25,8.66666666666667,45.1666666666667,44.7916666666667,8.79166666666667,365322.5,-2859192.5,3577,7.698441908967076,43.879542928684984,46.925381764771046
2017-08-01,1324,2017-08-01,8.45833333333333,47.4583333333333,42.4166666666667,8.91666666666667,365322.5,-2859192.5,3577,7.264365794163474,44.104267249771496,47.13070482148727
2017-08-02,1325,2017-08-02,3.75,28.75,65.9166666666667,4.54166666666667,365322.5,-2859192.5,3577,6.8950008539781535,43.9962644424653,47.63319368968814
2017-08-09,1326,2017-08-09,7.54166666666667,49.125,41.875,9.0,365322.5,-2859192.5,3577,6.828111540395909,44.31658183733231,47.344434051259256
2017-08-10,1327,2017-08-10,7.66666666666667,48.3333333333333,42.5,8.66666666666667,365322.5,-2859192.5,3577,6.801541197332471,46.14627474270041,45.53290621798949
2017-08-17,1328,2017-08-17,7.125,49.875,41.6666666666667,8.79166666666667,365322.5,-2859192.5,3577,6.584597599759858,48.74246344235762,43.191828846163794
2017-08-18,1329,2017-08-18,6.18181818181818,54.5454545454545,37.8181818181818,8.54545454545454,365330.454545455,-2859154.09090909,3577,6.261791145339325,51.238250924881314,41.09412602829522
2017-08-25,1330,2017-08-25,6.16666666666667,47.625,44.625,8.54166666666667,365322.5,-2859192.5,3577,6.113425110398585,51.99374621531176,40.4690124468772
2017-08-26,1331,2017-08-26,4.22222222222222,54.0,40.3333333333333,8.22222222222222,365351.666666667,-2859221.66666667,3577,5.772987561426045,51.28292867184586,41.44064074352645
2017-09-02,1332,2017-09-02,5.91666666666667,44.5416666666667,48.0833333333333,8.5,365322.5,-2859192.5,3577,4.88968729542488,49.10766782291769,44.5072184380014
2017-09-10,1333,2017-09-10,4.83333333333333,53.5,40.3333333333333,9.29166666666667,365322.5,-2859192.5,3577,5.3848801975045975,49.63745330884001,43.475908599376865
2017-09-11,1334,2017-09-11,5.08333333333333,47.4166666666667,45.7916666666667,8.0,365322.5,-2859192.5,3577,4.555727912993664,48.482330802802544,45.419861652030235
2017-09-18,1335,2017-09-18,4.625,48.2083333333333,45.4583333333333,8.25,365322.5,-2859192.5,3577,4.434164860816902,49.09796147668753,44.952332512378604
2017-09-19,1336,2017-09-19,4.46666666666667,50.0666666666667,44.2,7.66666666666667,365325.0,-2859165.0,3577,3.8209182640336987,49.99978284023247,44.689807503240985
2017-09-26,1337,2017-09-26,4.25,50.875,43.5,8.25,365322.5,-2859192.5,3577,3.9662032053211673,49.73506757158809,44.83535356162622
2017-10-04,1338,2017-10-04,5.20833333333333,44.5833333333333,48.4583333333333,10.1666666666667,365322.5,-2859192.5,3577,4.9820347730329395,47.939105467462895,45.59402700437347
2017-10-05,1339,2017-10-05,4.23529411764706,47.8235294117647,46.5882352941176,9.70588235294118,365330.294117647,-2859172.05882353,3577,8.000680934434982,44.85671508421703,45.64718301639397
2017-10-12,1340,2017-10-12,15.5714285714286,47.0,36.1428571428571,11.2857142857143,365337.857142857,-2859143.57142857,3577,12.473869950238523,42.005439803921966,44.03660803015906
2017-10-13,1341,2017-10-13,13.8333333333333,33.0416666666667,51.4583333333333,9.08333333333333,365322.5,-2859192.5,3577,17.552221100392764,37.39393909222618,43.5490095908397
2017-10-20,1342,2017-10-20,25.2916666666667,31.7916666666667,41.25,9.875,365322.5,-2859192.5,3577,22.44437540544471,33.895638068597876,42.15027830179264
2017-10-21,1343,2017-10-21,27.625,29.25,41.5833333333333,9.16666666666667,365322.5,-2859192.5,3577,26.05346480751298,31.38136550815924,41.10392782109521
2017-10-28,1344,2017-10-28,31.1428571428571,35.2857142857143,32.4285714285714,10.1428571428571,365303.571428571,-2859242.14285714,3577,30.328132795688806,29.552992081670986,38.646174425944636
2017-10-29,1345,2017-10-29,29.9583333333333,26.6666666666667,41.9166666666667,9.375,365322.5,-2859192.5,3577,32.41750847393687,28.503704747463026,37.60173628905993
2017-11-05,1346,2017-11-05,29.5833333333333,31.7916666666667,37.0833333333333,10.0,365322.5,-2859192.5,3577,31.93598617432595,31.100057071255318,35.542699105660475
2017-11-21,1347,2017-11-21,32.0416666666667,34.2916666666667,32.125,11.0416666666667,365322.5,-2859192.5,3577,30.956030682419236,34.91135567218639,32.73399072547191
2017-11-22,1348,2017-11-22,31.75,34.2083333333333,32.6666666666667,9.875,365322.5,-2859192.5,3577,28.07256924361767,38.27972650843597,32.20921154008909
2017-11-29,1349,2017-11-29,30.0,40.4166666666667,28.1666666666667,10.625,365322.5,-2859192.5,3577,26.383994101869423,40.399324488714754,31.744392475424902
2017-12-07,1350,2017-12-07,14.5833333333333,47.4166666666667,36.6666666666667,11.5833333333333,365310.0,-2859197.5,3577,23.400703527635024,42.4344979066278,32.70104250753918
2017-12-15,1351,2017-12-15,21.1111111111111,49.1111111111111,28.2222222222222,10.2222222222222,365318.333333333,-2859238.33333333,3577,20.98324906243957,44.01132246431337,33.573004785496266
2017-12-16,1352,2017-12-16,21.6666666666667,41.5,35.375,8.95833333333333,365322.5,-2859192.5,3577,18.55227689328875,45.52053994883319,34.50247853515704
2017-12-23,1353,2017-12-23,18.0,41.7916666666667,38.75,9.66666666666667,365322.5,-2859192.5,3577,17.1307755946064,47.149472654179945,34.30866984595715
2017-12-24,1354,2017-12-24,17.0454545454545,43.1818181818182,38.3636363636364,8.36363636363636,365318.181818182,-2859197.72727273,3577,16.8380919163683,47.605741484639516,34.124754166615105
2017-12-31,1355,2017-12-31,13.2083333333333,55.7083333333333,29.75,7.5,365322.5,-2859192.5,3577,16.465499951776664,47.70524711707503,34.40587462775945
2018-01-08,1356,2018-01-08,17.9583333333333,50.4583333333333,30.1666666666667,9.375,365322.5,-2859192.5,3577,15.833799550198787,48.36444578499863,34.36578924405601
2018-01-09,1357,2018-01-09,13.5833333333333,52.3333333333333,32.7083333333333,8.41666666666667,365322.5,-2859192.5,3577,13.66941867198484,49.19540708454271,35.68989602119523
2018-01-17,1358,2018-01-17,14.0833333333333,41.375,42.9166666666667,8.0,365322.5,-2859192.5,3577,13.07939751167106,49.50633899123871,35.97502742355146
2018-01-24,1359,2018-01-24,11.4583333333333,48.0416666666667,39.0,8.5,365322.5,-2859192.5,3577,12.286630294368374,48.659215397598224,37.63696803711721
2018-01-25,1360,2018-01-25,10.875,50.7916666666667,37.0833333333333,7.79166666666667,365322.5,-2859192.5,3577,11.565621684814989,48.42657072029415,38.61536116102101
2018-02-09,1361,2018-02-09,11.8333333333333,50.0416666666667,36.75,8.625,365322.5,-2859192.5,3577,11.098262934174581,49.01097483527094,38.525844898130146
2018-02-10,1362,2018-02-10,9.58333333333333,52.0833333333333,37.0833333333333,7.91666666666667,365322.5,-2859192.5,3577,10.768907820763797,51.792023894570356,36.107038472358134
2018-02-17,1363,2018-02-17,11.2916666666667,53.4166666666667,34.0,8.5,365322.5,-2859192.5,3577,11.332828162547834,53.8165346005823,33.53875110956651
2018-02-18,1364,2018-02-18,11.625,53.1666666666667,33.7083333333333,7.875,365322.5,-2859192.5,3577,10.196918277799101,55.59473756376951,32.90010247749692
2018-02-25,1365,2018-02-25,11.5833333333333,54.5,32.5833333333333,8.66666666666667,365322.5,-2859192.5,3577,9.951877070296621,54.678380314208056,34.0000811881566
2018-02-26,1366,2018-02-26,9.5,54.7083333333333,34.4166666666667,7.95833333333333,365322.5,-2859192.5,3577,10.295061233914165,52.78426140422256,35.505966427787754
2018-03-05,1367,2018-03-05,10.3333333333333,53.5416666666667,34.75,8.375,365322.5,-2859192.5,3577,11.658142992196964,49.69011795737059,37.172318084386845
2018-03-06,1368,2018-03-06,10.7083333333333,46.125,41.6666666666667,7.58333333333333,365322.5,-2859192.5,3577,13.37026979728017,46.36519283089798,38.74360435745309
2018-03-13,1369,2018-03-13,13.875,40.7083333333333,43.7916666666667,9.95833333333333,365322.5,-2859192.5,3577,14.850902451519424,43.757548694848666,39.87495399336912
2018-03-22,1370,2018-03-22,22.4166666666667,37.5416666666667,38.4166666666667,8.125,365322.5,-2859192.5,3577,16.602186553870578,41.37352038135599,40.4910020727135
2018-03-29,1371,2018-03-29,17.5416666666667,40.6666666666667,40.2916666666667,10.0,365322.5,-2859192.5,3577,17.571774969553474,40.10807437194388,40.77822355787523
2018-03-30,1372,2018-03-30,15.85,46.05,36.65,9.45,365325.0,-2859180.0,3577,17.185822005043956,41.630405309850026,39.72123932051863
2018-04-06,1373,2018-04-06,13.95,44.7,40.1,9.5,365325.0,-2859180.0,3577,15.58368193769374,44.05946605463501,38.95729489693072
2018-04-07,1374,2018-04-07,14.2916666666667,43.3333333333333,40.8333333333333,9.16666666666667,365322.5,-2859192.5,3577,13.440549868170052,46.6875120686516,38.4641930405056
2018-04-14,1375,2018-04-14,12.5,45.625,40.4166666666667,9.33333333333333,365322.5,-2859192.5,3577,11.693551506142994,47.33966604402466,39.527023715176654
2018-04-15,1376,2018-04-15,9.61538461538461,51.3076923076923,37.7692307692308,8.84615384615385,365315.769230769,-2859225.0,3577,10.781421147966718,47.37227188784651,40.39246129460616
2018-04-22,1377,2018-04-22,10.0526315789474,49.4210526315789,39.0526315789474,9.10526315789474,365321.842105263,-2859207.63157895,3577,10.862211941990282,46.771005503724965,40.884756284600414
2018-04-23,1378,2018-04-23,11.375,42.2916666666667,44.625,8.79166666666667,365322.5,-2859192.5,3577,10.396617494712292,46.22519172871605,41.895071709118
2018-04-30,1379,2018-04-30,10.875,45.375,42.2916666666667,9.08333333333333,365322.5,-2859192.5,3577,10.361767363213522,45.650517172600516,42.55420641379854
2018-05-01,1380,2018-05-01,11.0833333333333,44.2083333333333,43.5833333333333,8.54166666666667,365322.5,-2859192.5,3577,10.116342651411259,44.72378675223651,43.8005325744535
2018-05-08,1381,2018-05-08,8.72222222222222,48.2777777777778,41.6666666666667,8.94444444444444,365318.333333333,-2859210.0,3577,10.607839503060603,46.01574917136935,42.08743286213661
2018-05-09,1382,2018-05-09,10.375,44.6666666666667,43.5416666666667,8.83333333333333,365322.5,-2859192.5,3577,10.138921982060083,46.83803790758586,41.82282034577267
2018-05-16,1383,2018-05-16,10.7916666666667,47.375,40.7083333333333,9.04166666666667,365322.5,-2859192.5,3577,10.589840877229216,48.2940202522218,39.81844305083982
2018-05-17,1384,2018-05-17,9.83333333333333,50.2083333333333,38.75,8.95833333333333,365322.5,-2859192.5,3577,10.324321377887468,49.044261974680204,39.265290119211954
2018-05-24,1385,2018-05-24,9.375,51.9583333333333,37.25,9.25,365322.5,-2859192.5,3577,9.297769651608144,48.68354585850867,40.612985407147434
2018-05-25,1386,2018-05-25,10.4583333333333,49.125,38.9583333333333,8.91666666666667,365322.5,-2859192.5,3577,8.23740846363414,47.9692186309128,42.418703116771866
2018-06-01,1387,2018-06-01,6.1304347826087,39.4782608695652,52.695652173913,13.7826086956522,365325.0,-2859195.0,3577,7.270956008821424,47.30626428044222,44.09650746569589
2018-06-02,1388,2018-06-02,8.79166666666667,51.5833333333333,38.2083333333333,8.70833333333333,365322.5,-2859192.5,3577,6.691428317695195,46.78991431051415,45.205410088849945
2018-06-09,1389,2018-06-09,0.0,46.5,53.0,7.0,365265.0,-2859195.0,3577,6.114181992378992,46.74211494528332,45.8507296030952
2018-06-10,1390,2018-06-10,8.70833333333333,45.5416666666667,44.2916666666667,8.0,365322.5,-2859192.5,3577,6.636086604543873,46.869918617754934,45.2252016839377
2018-06-17,1391,2018-06-17,10.7083333333333,47.5416666666667,40.2916666666667,8.875,365322.5,-2859192.5,3577,7.767365730191084,47.64526023926666,43.3279525584953
2018-06-18,1392,2018-06-18,8.52941176470588,51.0588235294118,39.0,8.76470588235294,365330.294117647,-2859172.05882353,3577,9.35566376690744,48.61376779893412,40.72794917761668
2018-06-26,1393,2018-06-26,9.58333333333333,47.5,41.5833333333333,8.625,365322.5,-2859192.5,3577,10.801049325726426,49.14336953563258,38.70152835341045
2018-07-03,1394,2018-07-03,9.70833333333333,49.6666666666667,39.25,8.83333333333333,365322.5,-2859192.5,3577,11.31160007456129,47.95926889595955,39.295756902713606
2018-07-04,1395,2018-07-04,15.0,45.6666666666667,38.0,9.66666666666667,365355.0,-2859135.0,3577,11.251724425939646,49.062994053835396,38.26902419045809
2018-07-11,1396,2018-07-11,9.16666666666667,52.375,37.2083333333333,8.83333333333333,365322.5,-2859192.5,3577,9.661791344088208,49.270076081259774,39.76877070297529
2018-07-12,1397,2018-07-12,8.83333333333333,50.0,39.6666666666667,8.58333333333333,365322.5,-2859192.5,3577,9.229580116052059,50.508526242765655,38.919188010126476
2018-07-19,1398,2018-07-19,7.70833333333333,50.125,40.7916666666667,8.625,365322.5,-2859192.5,3577,8.828731025847716,51.71318960586991,38.08681359919183
2018-07-20,1399,2018-07-20,7.75,51.5,39.3333333333333,8.41666666666667,365322.5,-2859192.5,3577,8.048535291272206,53.44842047104041,37.0872799800763
2018-07-27,1400,2018-07-27,7.20833333333333,59.3333333333333,32.1666666666667,8.79166666666667,365322.5,-2859192.5,3577,7.548427836352403,54.635646474260575,36.37526160629332
2018-07-28,1401,2018-07-28,8.45833333333333,54.3333333333333,35.75,8.41666666666667,365322.5,-2859192.5,3577,7.433322869080269,55.690833676119446,35.40944543072497
2018-08-04,1402,2018-08-04,8.70833333333333,55.3333333333333,34.3333333333333,8.91666666666667,365322.5,-2859192.5,3577,8.06570197088652,54.88404436120333,35.54116781051235
2018-08-05,1403,2018-08-05,7.70833333333333,53.0,37.75,8.45833333333333,365322.5,-2859192.5,3577,7.411252318371952,55.261244560384895,35.844444384299706
2018-08-12,1404,2018-08-12,5.20833333333333,57.375,36.0,9.04166666666667,365322.5,-2859192.5,3577,6.682707643232957,54.8943886350925,36.97550102116112
2018-08-13,1405,2018-08-13,6.45833333333333,53.0,39.1666666666667,8.29166666666667,365322.5,-2859192.5,3577,6.246701054362656,53.73294777976637,38.55918797404288
2018-08-20,1406,2018-08-20,6.20833333333333,52.375,39.9583333333333,8.58333333333333,365322.5,-2859192.5,3577,5.517234442543213,53.7959425765073,39.28602318733309
2018-08-21,1407,2018-08-21,4.625,53.9583333333333,40.0833333333333,8.29166666666667,365322.5,-2859192.5,3577,4.873891330546947,54.8066765535724,38.981910375480396
2018-08-28,1408,2018-08-28,3.33333333333333,58.6666666666667,36.8333333333333,8.66666666666667,365300.0,-2859245.0,3577,4.337164512473461,54.51428460599474,39.83996369986485
2018-09-05,1409,2018-09-05,5.33333333333333,51.4166666666667,41.6666666666667,8.79166666666667,365322.5,-2859192.5,3577,4.029012138531659,54.15557365750057,40.457940923879136
2018-09-06,1410,2018-09-06,4.29166666666667,53.6666666666667,40.5833333333333,8.25,365322.5,-2859192.5,3577,3.518495565321665,54.19229055257659,40.90410054341331
2018-09-13,1411,2018-09-13,1.0,58.0,40.0,9.0,365265.0,-2859255.0,3577,2.9085379275003413,54.84516064430106,40.833775357763045
2018-09-14,1412,2018-09-14,3.875,50.8333333333333,43.5833333333333,8.20833333333333,365322.5,-2859192.5,3577,3.1737345471860845,53.777856560356255,41.57524157987932
2018-09-30,1413,2018-09-30,2.75,52.4583333333333,43.25,6.70833333333333,365322.5,-2859192.5,3577,3.192534838741791,53.438566902645576,41.83216711048901
2018-10-07,1414,2018-10-07,3.83333333333333,55.2083333333333,39.3333333333333,8.41666666666667,365322.5,-2859192.5,3577,3.1752699055325877,53.67765773956918,41.62597786629671
2018-10-15,1415,2018-10-15,2.70833333333333,54.5833333333333,41.3333333333333,8.25,365322.5,-2859192.5,3577,3.1287617181575333,53.109592291085875,42.256508584288625
2018-10-16,1416,2018-10-16,4.20833333333333,48.9583333333333,45.2083333333333,7.45833333333333,365322.5,-2859192.5,3577,3.537313177018529,50.774820123109734,44.14480991144416
2018-10-23,1417,2018-10-23,3.79166666666667,48.875,45.7916666666667,8.20833333333333,365322.5,-2859192.5,3577,3.617254047981061,48.8168199619365,46.00761154049939
2018-10-24,1418,2018-10-24,1.4,51.6,45.6,7.2,365301.0,-2859249.0,3577,3.1115045429282255,47.544507530645944,47.822152099699125
2018-11-08,1419,2018-11-08,3.95833333333333,42.9166666666667,51.5833333333333,8.79166666666667,365322.5,-2859192.5,3577,2.8070604576018328,46.37731837305449,49.24351809180794
2018-11-24,1420,2018-11-24,2.75,41.7916666666667,53.625,8.58333333333333,365322.5,-2859192.5,3577,2.4846733933417515,45.57381567520207,50.3223018811179
2018-12-10,1421,2018-12-10,2.83333333333333,47.0833333333333,48.4166666666667,8.75,365322.5,-2859192.5,3577,2.3796056884288617,45.13944788441019,50.77131150582406
2018-12-11,1422,2018-12-11,0.916666666666667,47.9166666666667,49.5416666666667,7.95833333333333,365322.5,-2859192.5,3577,1.9939299864219473,45.28778713545839,51.02769397784116
2018-12-18,1423,2018-12-18,1.11111111111111,47.1111111111111,50.2222222222222,8.66666666666667,365318.333333333,-2859238.33333333,3577,1.710397050489674,45.52339439885198,51.106314488737205
2018-12-19,1424,2018-12-19,2.54166666666667,43.0833333333333,52.5416666666667,7.625,365322.5,-2859192.5,3577,1.6219730991400398,44.273058340002166,52.41510115270944
2018-12-26,1425,2018-12-26,2.375,40.5833333333333,55.25,8.33333333333333,365322.5,-2859192.5,3577,1.3490861563614973,44.252226359804865,52.74001617576682
2018-12-27,1426,2018-12-27,0.285714285714286,47.0,51.2857142857143,7.42857142857143,365320.714285714,-2859222.85714286,3577,1.3509149948776424,44.14368710923779,52.914869916797
2019-01-03,1427,2019-01-03,0.8,46.2,51.6,8.2,365301.0,-2859249.0,3577,1.5097842302174422,44.4238151940872,52.414329143500886
2019-01-04,1428,2019-01-04,2.16666666666667,42.625,53.2916666666667,7.5,365322.5,-2859192.5,3577,1.5592759923252948,46.784030469008,50.029896702876854
2019-01-11,1429,2019-01-11,2.20833333333333,45.7916666666667,50.25,8.16666666666667,365322.5,-2859192.5,3577,1.2879075688671282,49.01584642566883,48.16127508541651
2019-02-04,1430,2019-02-04,0.291666666666667,58.9166666666667,39.6666666666667,8.375,365322.5,-2859192.5,3577,1.4886919066483388,50.302439433623874,46.67333633857705
2019-02-05,1431,2019-02-05,2.08333333333333,48.4583333333333,47.75,7.41666666666667,365322.5,-2859192.5,3577,1.9082227112409997,50.148205380783025,46.34160511830099
2019-02-12,1432,2019-02-12,2.58333333333333,48.875,46.75,8.125,365322.5,-2859192.5,3577,1.9124360159960994,50.48283177090471,46.04866036955133
2019-02-20,1433,2019-02-20,0.333333333333333,53.2083333333333,45.4166666666667,8.125,365322.5,-2859192.5,3577,1.4271846574476,51.85840604183481,45.259010597239126
2019-02-21,1434,2019-02-21,2.33333333333333,46.5,49.4583333333333,7.375,365322.5,-2859192.5,3577,1.5561235719902102,49.52395682232403,47.445673392647734
2019-02-28,1435,2019-02-28,2.25,50.375,45.5416666666667,7.95833333333333,365322.5,-2859192.5,3577,1.3659231635235771,51.9529658937476,45.11234096140544
2019-03-01,1436,2019-03-01,0.0833333333333333,53.125,45.6666666666667,7.79166666666667,365322.5,-2859192.5,3577,1.1322049983039002,51.760752018871216,45.606812949685406
2019-03-08,1437,2019-03-08,0.625,53.375,44.7083333333333,7.91666666666667,365322.5,-2859192.5,3577,1.1965610498890449,50.14782740478585,47.22373382550697
2019-03-09,1438,2019-03-09,2.20833333333333,45.6666666666667,50.2916666666667,7.41666666666667,365322.5,-2859192.5,3577,1.7759089465743156,46.14392225420947,50.582343739843935
2019-03-16,1439,2019-03-16,2.54166666666667,44.8333333333333,51.0416666666667,7.70833333333333,365322.5,-2859192.5,3577,2.199457663079625,43.94774820122461,52.425688475603245
2019-03-17,1440,2019-03-17,0.375,53.25,45.3333333333333,7.54166666666667,365322.5,-2859192.5,3577,1.8428666276960732,43.17442915700785,53.59083962991831
2019-03-24,1441,2019-03-24,4.5,16.5,77.75,5.0,365310.0,-2859255.0,3577,2.041526842610128,42.21366288509622,54.39885217980378
2019-04-01,1442,2019-04-01,2.70833333333333,51.6666666666667,43.875,8.20833333333333,365322.5,-2859192.5,3577,2.2978351627728992,43.311022826496234,53.04122374013222
2019-04-02,1443,2019-04-02,0.5,55.4166666666667,42.9583333333333,8.0,365322.5,-2859192.5,3577,2.310540207985683,47.519774729906956,48.874762750142445
2019-04-09,1444,2019-04-09,1.0,53.3333333333333,44.5416666666667,10.4166666666667,365322.5,-2859192.5,3577,2.1988694999527616,50.96624737490849,45.57617614582878
2019-04-10,1445,2019-04-10,2.70833333333333,49.625,46.0,7.79166666666667,365322.5,-2859192.5,3577,2.5765920096411583,53.901985140754185,42.122966687588885
2019-04-17,1446,2019-04-17,5.5,53.5,40.0,9.0,365385.0,-2859180.0,3577,2.9266140206538287,57.612807342287894,38.01069879552284
2019-04-18,1447,2019-04-18,2.33333333333333,60.0,35.6666666666667,9.0,365355.0,-2859135.0,3577,2.4445304437560824,58.08799353380528,37.98438120186779
2019-04-25,1448,2019-04-25,1.625,59.4166666666667,37.7083333333333,8.29166666666667,365322.5,-2859192.5,3577,3.0084219186381858,53.17080365454184,42.198767563699334
2019-05-03,1449,2019-05-03,2.58333333333333,51.2083333333333,44.5833333333333,7.58333333333333,365322.5,-2859192.5,3577,2.9933443749228736,56.235435745876266,39.10012394725432
2019-05-04,1450,2019-05-04,4.0,62.0,32.0,10.0,365385.0,-2859135.0,3577,2.678021282123048,58.44082736148428,37.30826242899987
2019-05-11,1451,2019-05-11,1.20833333333333,55.2916666666667,42.2916666666667,8.125,365322.5,-2859192.5,3577,2.6819751455970353,60.614502370685265,35.259811138288825
2019-05-12,1452,2019-05-12,2.66666666666667,53.2916666666667,42.4583333333333,7.91666666666667,365322.5,-2859192.5,3577,2.8007534261400053,61.301105241498576,34.5188978977627
2019-05-19,1453,2019-05-19,6.125,70.5833333333333,22.0833333333333,11.0,365322.5,-2859192.5,3577,3.2895873476363926,61.127304841692,34.26298830168287
2019-05-20,1454,2019-05-20,1.0,69.0,29.0,9.75,365340.0,-2859135.0,3577,3.297994832824063,59.26481683949839,35.96260022226977
2019-05-28,1455,2019-05-28,2.91666666666667,51.1666666666667,44.25,8.25,365322.5,-2859192.5,3577,3.0422613248460104,56.59542694147112,38.916992501816395
2019-06-04,1456,2019-06-04,3.16666666666667,50.8333333333333,44.375,8.29166666666667,365322.5,-2859192.5,3577,2.7280656649847623,52.975741879371725,42.79024046128667
2019-06-13,1457,2019-06-13,2.58333333333333,44.1666666666667,51.3333333333333,8.0,365322.5,-2859192.5,3577,2.6626243983051148,50.3415297292931,45.35621937401443
2019-06-20,1458,2019-06-20,3.33333333333333,48.3333333333333,46.7083333333333,8.29166666666667,365322.5,-2859192.5,3577,2.0844582404176806,47.62127797382504,48.67470609884741
2019-06-21,1459,2019-06-21,1.0,51.0,46.7083333333333,8.20833333333333,365322.5,-2859192.5,3577,2.00730422827916,47.42883406582388,48.966717364155855
2019-06-28,1460,2019-06-28,1.1,54.6,43.1,8.5,365313.0,-2859234.0,3577,2.223594181875583,50.88663805234252,45.41839164446843
2019-06-29,1461,2019-06-29,2.91666666666667,47.875,47.3333333333333,8.04166666666667,365322.5,-2859192.5,3577,1.8375361738362082,52.06127180352409,44.68383345240262
2019-07-06,1462,2019-07-06,2.70833333333333,50.5416666666667,45.1666666666667,8.20833333333333,365322.5,-2859192.5,3577,2.073752829557473,51.168326212823224,45.28088938924174
2019-07-14,1463,2019-07-14,1.125,53.875,43.8333333333333,8.20833333333333,365322.5,-2859192.5,3577,2.432105046655767,50.2805321613296,45.7041395137302
2019-07-15,1464,2019-07-15,3.125,49.375,45.875,8.0,365322.5,-2859192.5,3577,2.4891081570644413,49.255005701205775,46.611750092006275
2019-07-22,1465,2019-07-22,2.375,46.125,49.7083333333333,8.0,365322.5,-2859192.5,3577,2.311298745973323,49.068798727924516,47.05868749412939
2019-07-31,1466,2019-07-31,2.25,45.5833333333333,50.4166666666667,6.125,365322.5,-2859192.5,3577,1.9996436741789796,48.88141657103773,47.59812852265702
2019-08-07,1467,2019-08-07,2.04166666666667,53.2083333333333,43.375,10.875,365322.5,-2859192.5,3577,1.9425259982532628,48.619666839860784,47.89474856927703
2019-08-08,1468,2019-08-08,1.22222222222222,49.2222222222222,48.1666666666667,7.66666666666667,365318.333333333,-2859210.0,3577,1.8246684516031633,48.34250729489941,48.289943673450395
2019-08-15,1469,2019-08-15,0.625,50.0833333333333,48.1666666666667,8.0,365322.5,-2859192.5,3577,1.401589122951142,49.70043823564749,47.49900409187626
2019-08-16,1470,2019-08-16,2.25,45.5833333333333,50.4583333333333,7.66666666666667,365322.5,-2859192.5,3577,1.0612429366297742,49.30819296801529,48.33371221141397
2019-08-23,1471,2019-08-23,2.20833333333333,48.3333333333333,47.7083333333333,7.83333333333333,365322.5,-2859192.5,3577,1.308244086494664,48.224263954132894,49.066455216602684
2019-08-24,1472,2019-08-24,0.0,50.25,48.75,7.5,365310.0,-2859255.0,3577,1.15932004012482,47.56000346402112,49.840777385661575
2019-08-31,1473,2019-08-31,0.208333333333333,49.7916666666667,48.9166666666667,7.66666666666667,365322.5,-2859192.5,3577,1.3004331839469216,47.00118985760699,50.17846060027973
2019-09-01,1474,2019-09-01,2.04166666666667,43.875,52.2916666666667,7.20833333333333,365322.5,-2859192.5,3577,1.2178446768228237,47.73128582802793,49.561989867710025
2019-09-08,1475,2019-09-08,2.125,43.0416666666667,52.9583333333333,7.54166666666667,365322.5,-2859192.5,3577,0.9269748569282795,48.19270100383932,49.502134346554215
2019-09-09,1476,2019-09-09,0.666666666666667,55.3333333333333,42.6666666666667,8.33333333333333,365355.0,-2859135.0,3577,0.9390592637495269,48.80670542047521,48.90076822042038
2019-09-16,1477,2019-09-16,0.0833333333333333,48.7083333333333,50.25,7.41666666666667,365322.5,-2859192.5,3577,1.33814508504891,48.38467762886543,48.80682720271777
2019-09-17,1478,2019-09-17,2.0,47.25,49.1666666666667,6.54166666666667,365322.5,-2859192.5,3577,1.3421918638634895,49.296992610065715,47.91519265047962
2019-10-02,1479,2019-10-02,0.0833333333333333,51.2083333333333,47.6666666666667,7.54166666666667,365322.5,-2859192.5,3577,1.0047774722695813,49.54920363433554,48.10355640231083
2019-10-03,1480,2019-10-03,2.08333333333333,48.1666666666667,48.0833333333333,7.125,365322.5,-2859192.5,3577,0.8938816601353952,49.42493432779072,48.383461610621566
2019-10-10,1481,2019-10-10,2.0,46.75,49.375,7.45833333333333,365322.5,-2859192.5,3577,0.9622682529027828,48.485664876911514,49.19855557238722
2019-10-11,1482,2019-10-11,0.0833333333333333,48.2916666666667,50.5833333333333,6.79166666666667,365322.5,-2859192.5,3577,1.2311399900407347,46.99331550801439,50.272035369164065
2019-10-18,1483,2019-10-18,0.125,49.9166666666667,48.875,7.29166666666667,365322.5,-2859192.5,3577,1.4488099619676413,46.89402599463821,50.07731909472648
2019-10-19,1484,2019-10-19,2.0,43.5416666666667,52.6666666666667,6.58333333333333,365322.5,-2859192.5,3577,1.4647201353855526,46.19098432526537,50.79079073660358
2019-10-26,1485,2019-10-26,2.04166666666667,47.4583333333333,48.875,7.25,365322.5,-2859192.5,3577,1.462465810762808,46.199179819141975,50.81708848426358
2019-11-04,1486,2019-11-04,2.04166666666667,43.5416666666667,52.5416666666667,6.54166666666667,365322.5,-2859192.5,3577,1.4408066134070197,46.18654243073058,50.87031905142602
2019-11-11,1487,2019-11-11,2.16666666666667,45.0416666666667,51.125,7.16666666666667,365322.5,-2859192.5,3577,1.5619510778177192,46.67073599774142,50.25953870689962
2019-11-12,1488,2019-11-12,0.0,51.4583333333333,47.6666666666667,6.625,365322.5,-2859192.5,3577,1.3402523688899413,46.5480688042538,50.60162141779033
2019-11-19,1489,2019-11-19,0.208333333333333,47.875,50.7083333333333,7.08333333333333,365322.5,-2859192.5,3577,1.0919068032069505,47.604648454303245,49.911316129411965
2019-11-20,1490,2019-11-20,2.0,44.9166666666667,51.3333333333333,6.45833333333333,365322.5,-2859192.5,3577,1.200996629789019,47.45424947383667,49.87878218136555
2019-11-27,1491,2019-11-27,2.08333333333333,46.1666666666667,49.9583333333333,6.04166666666667,365322.5,-2859192.5,3577,1.3404490246593492,46.324867173398204,50.77513934667432
2019-12-05,1492,2019-12-05,0.375,49.6666666666667,48.75,7.33333333333333,365322.5,-2859192.5,3577,1.3343048850012789,47.43400631714839,49.72201523484536
2019-12-06,1493,2019-12-06,2.0,43.625,52.5416666666667,6.66666666666667,365322.5,-2859192.5,3577,1.3229147271714945,46.793132759979954,50.385965500142795
2019-12-13,1494,2019-12-13,2.0,49.9090909090909,46.7272727272727,4.45454545454545,365286.818181818,-2859181.36363636,3577,1.163566180980868,47.46882509256814,49.994981199041455
2019-12-14,1495,2019-12-14,0.166666666666667,44.5833333333333,53.9166666666667,6.25,365312.5,-2859227.5,3577,1.132666868734812,47.98964219762086,49.58131716927657
2019-12-21,1496,2019-12-21,0.0,53.8421052631579,45.5263157894737,6.89473684210526,365321.842105263,-2859207.63157895,3577,1.1688028174094542,50.97785404917791,46.60792635403462
2019-12-22,1497,2019-12-22,2.0,50.625,45.9583333333333,6.04166666666667,365322.5,-2859192.5,3577,1.303634134047822,48.38338707807631,49.049316041740994
2019-12-29,1498,2019-12-29,2.05,43.05,53.15,5.4,365323.5,-2859196.5,3577,1.510058709960716,46.83578206957007,50.30786452154448
2020-01-07,1499,2020-01-07,2.0,55.0833333333333,41.5416666666667,6.125,365322.5,-2859192.5,3577,1.7080532579144978,48.82474490773825,48.039806888015455
2020-01-14,1500,2020-01-14,2.08333333333333,49.3333333333333,47.0416666666667,6.95833333333333,365322.5,-2859192.5,3577,1.858616134015074,52.80077298725685,43.866319751069604
2020-01-22,1501,2020-01-22,0.0,54.1111111111111,45.0,6.16666666666667,365305.0,-2859200.0,3577,1.5557237559027641,57.525936784767985,39.54582506732804
2020-01-23,1502,2020-01-23,2.04166666666667,43.2083333333333,53.0,6.25,365322.5,-2859192.5,3577,1.3091748225158364,60.16959143457345,37.16386235159105
2020-01-30,1503,2020-01-30,2.0,87.3333333333333,9.25,4.58333333333333,365320.0,-2859227.5,3577,0.919759005048912,63.09530741920215,34.792566582833516
2020-01-31,1504,2020-01-31,0.263157894736842,68.9473684210526,29.8947368421053,6.89473684210526,365328.157894737,-2859177.63157895,3577,1.1130974356693737,62.2408374807255,35.37146954940137
2020-02-07,1505,2020-02-07,0.0416666666666667,52.4583333333333,46.5,7.375,365322.5,-2859192.5,3577,1.141001616926166,59.15859162562694,38.38267413293318
2020-02-08,1506,2020-02-08,2.0,46.4166666666667,49.8333333333333,6.58333333333333,365322.5,-2859192.5,3577,1.060943822349889,56.27448934069813,41.388897276743464
2020-02-15,1507,2020-02-15,2.16666666666667,51.125,45.1666666666667,7.08333333333333,365322.5,-2859192.5,3577,1.267890072558289,50.99301166171433,46.38097516382224
2020-02-23,1508,2020-02-23,0.0,51.7083333333333,47.3333333333333,7.08333333333333,365322.5,-2859192.5,3577,1.217885476643647,48.132508480594836,49.29620855082479
2020-02-24,1509,2020-02-24,2.29166666666667,45.6666666666667,50.2916666666667,6.58333333333333,365322.5,-2859192.5,3577,1.2988537113311138,45.4624121058386,51.81524506533917
2020-03-10,1510,2020-03-10,0.166666666666667,51.0416666666667,47.75,7.54166666666667,365322.5,-2859192.5,3577,1.4713030641617348,48.785890763132144,48.238666112273854
2020-03-11,1511,2020-03-11,2.04166666666667,47.75,48.5,6.91666666666667,365322.5,-2859192.5,3577,1.356266228475576,48.64753882394105,48.50152342089859
2020-03-18,1512,2020-03-18,2.125,47.6666666666667,48.4583333333333,7.375,365322.5,-2859192.5,3577,1.2502666322323917,49.051425097083396,48.233423825908865
2020-03-26,1513,2020-03-26,0.25,49.7083333333333,48.8333333333333,7.20833333333333,365322.5,-2859192.5,3577,1.7009195654703968,47.45989266151095,49.229692778834014
2020-03-27,1514,2020-03-27,2.04166666666667,41.9583333333333,54.2083333333333,6.875,365322.5,-2859192.5,3577,1.8528388536125724,47.36593540617601,49.15495907600436
2020-04-03,1515,2020-04-03,2.66666666666667,52.75,42.7916666666667,7.45833333333333,365322.5,-2859192.5,3577,1.6412778398070071,48.091088220337994,48.755710878381606
2020-04-04,1516,2020-04-04,0.785714285714286,51.2857142857143,46.8571428571429,7.14285714285714,365329.285714286,-2859162.85714286,3577,1.7428081464456575,48.56912050796773,48.08575789534824
2020-04-12,1517,2020-04-12,2.125,46.1666666666667,50.0,7.08333333333333,365322.5,-2859192.5,3577,1.5508549757773449,49.59007860044271,47.32367366894525
2020-04-19,1518,2020-04-19,2.20833333333333,42.2083333333333,53.7083333333333,7.375,365322.5,-2859192.5,3577,1.6261714291897618,50.34659728815324,46.50358465063654
2020-04-27,1519,2020-04-27,0.25,59.75,38.9166666666667,8.375,365322.5,-2859192.5,3577,1.7535150607903394,49.701248828563386,47.02555146091596
2020-04-28,1520,2020-04-28,2.125,49.0833333333333,47.125,7.08333333333333,365322.5,-2859192.5,3577,1.8803706613301312,47.94752138985168,48.62527668409296
2020-05-05,1521,2020-05-05,2.45833333333333,44.2916666666667,51.4166666666667,7.45833333333333,365322.5,-2859192.5,3577,2.079260007278271,45.58753127676593,50.75656515826036
2020-05-13,1522,2020-05-13,2.0,44.4,52.6,7.3,365313.0,-2859234.0,3577,1.9356083802675323,45.688850313766075,50.89019293399339
2020-05-14,1523,2020-05-14,2.20833333333333,43.5833333333333,52.5,7.25,365322.5,-2859192.5,3577,1.8404360087793865,44.36400673629112,52.35527282314426
2020-05-21,1524,2020-05-21,2.16666666666667,39.7083333333333,56.375,6.45833333333333,365322.5,-2859192.5,3577,1.7243153131695446,44.47444088418656,52.37285302416099
2020-05-22,1525,2020-05-22,0.625,48.7916666666667,49.375,7.70833333333333,365322.5,-2859192.5,3577,1.5590183809995737,44.76428009554275,52.21434576774353
2020-05-29,1526,2020-05-29,0.291666666666667,50.25,48.4583333333333,7.45833333333333,365322.5,-2859192.5,3577,1.1815051563501835,47.55637796155661,49.84793818152207
2020-05-30,1527,2020-05-30,2.04166666666667,47.5416666666667,48.6666666666667,7.04166666666667,365322.5,-2859192.5,3577,1.1173827462525499,48.18249276522551,49.2698254274032
2020-06-06,1528,2020-06-06,2.29166666666667,45.3333333333333,50.5833333333333,7.33333333333333,365322.5,-2859192.5,3577,1.2506071070310698,47.31123301362534,49.9062574422407
2020-06-07,1529,2020-06-07,0.133333333333333,51.0666666666667,47.6666666666667,6.26666666666667,365319.0,-2859171.0,3577,1.4390670217293462,47.27493631239056,49.798333116824125
2020-06-15,1530,2020-06-15,2.125,40.625,55.375,7.16666666666667,365322.5,-2859192.5,3577,1.576648841354488,46.48579748424256,50.361351367922786
2020-06-30,1531,2020-06-30,1.20833333333333,48.4166666666667,49.0833333333333,7.45833333333333,365322.5,-2859192.5,3577,1.80708159229804,44.80861785272881,51.761945484847956
2020-07-01,1532,2020-07-01,2.125,44.125,52.0833333333333,7.20833333333333,365322.5,-2859192.5,3577,1.8716442226501337,45.747790779904705,50.82511167881923
2020-07-08,1533,2020-07-08,2.41666666666667,45.125,50.625,7.20833333333333,365322.5,-2859192.5,3577,1.7740244791325726,45.85199758960685,50.84629006183971
2020-07-16,1534,2020-07-16,1.45833333333333,49.7916666666667,47.5833333333333,7.375,365322.5,-2859192.5,3577,1.903100666103478,45.69265120843387,50.81822241225504
2020-07-17,1535,2020-07-17,2.0,40.7916666666667,55.3333333333333,6.95833333333333,365322.5,-2859192.5,3577,2.2079003298040263,43.534243362410244,52.55669730165847
2020-07-24,1536,2020-07-24,2.66666666666667,46.0,49.75,7.5,365322.5,-2859192.5,3577,2.208557051822976,44.46025659066792,51.66311784190269
2020-08-01,1537,2020-08-01,1.375,47.9166666666667,49.125,7.45833333333333,365322.5,-2859192.5,3577,2.20789130889717,47.04225302560514,49.14445719398546
2020-08-02,1538,2020-08-02,2.0,40.0833333333333,56.125,6.95833333333333,365322.5,-2859192.5,3577,1.869361031125457,47.585530826235804,48.98056535826703
2020-08-09,1539,2020-08-09,3.45833333333333,48.4166666666667,46.5416666666667,7.70833333333333,365322.5,-2859192.5,3577,2.0865826639817326,46.95514714902559,49.393120295589696
2020-08-10,1540,2020-08-10,2.25,50.0,46.25,8.0,365340.0,-2859135.0,3577,2.280899312245721,47.17073058519723,49.03212976393359
2020-08-17,1541,2020-08-17,0.583333333333333,59.7916666666667,38.75,11.7083333333333,365322.5,-2859192.5,3577,2.415588668297286,46.915373970707535,49.27937928943384
2020-08-18,1542,2020-08-18,2.29166666666667,36.1666666666667,59.8333333333333,6.95833333333333,365322.5,-2859192.5,3577,2.6276638737935123,44.992192405111396,50.95217024976324
2020-08-25,1543,2020-08-25,4.04166666666667,30.125,63.875,5.54166666666667,365322.5,-2859192.5,3577,2.701892405839372,44.81006209991611,51.082267062135585
2020-08-26,1544,2020-08-26,4.0,55.0,40.0,9.0,365385.0,-2859135.0,3577,2.822602706890213,43.22268366307969,52.40510250842285
2020-09-02,1545,2020-09-02,1.5,44.875,52.0416666666667,7.125,365322.5,-2859192.5,3577,3.046065211282667,42.9614080846453,52.34172668245476
2020-09-03,1546,2020-09-03,2.54166666666667,40.5416666666667,55.125,6.70833333333333,365322.5,-2859192.5,3577,2.707553599848982,42.332269153797725,53.21202665120068
2020-09-10,1547,2020-09-10,2.16666666666667,44.25,51.6666666666667,6.91666666666667,365322.5,-2859192.5,3577,1.990036816798845,42.81257949797439,53.428762875998316
2020-09-19,1548,2020-09-19,2.29166666666667,43.2916666666667,52.6666666666667,6.66666666666667,365322.5,-2859192.5,3577,1.181455977538202,44.10929572133962,53.027227892366454
2020-09-26,1549,2020-09-26,2.20833333333333,38.0833333333333,57.7916666666667,6.75,365322.5,-2859192.5,3577,1.2713055684155934,41.6515593967353,55.329008387099805
2020-09-27,1550,2020-09-27,0.384615384615385,44.6923076923077,53.6923076923077,6.69230769230769,365331.923076923,-2859160.38461538,3577,2.4913935122502378,40.20323738913247,55.57541343154413
2020-10-12,1551,2020-10-12,2.19047619047619,33.4285714285714,62.5238095238095,5.71428571428571,365329.285714286,-2859199.28571429,3577,4.163080229580404,40.789249913540324,53.48081239754838
2020-10-20,1552,2020-10-20,6.6,49.75,42.3,11.6,365325.0,-2859180.0,3577,5.464617723726845,39.71724687208512,53.36421661110515
2020-10-21,1553,2020-10-21,7.29166666666667,37.125,53.9166666666667,6.41666666666667,365322.5,-2859192.5,3577,6.830103696851964,38.24346805160273,53.3278166303478
2020-10-28,1554,2020-10-28,9.125,35.125,54.0416666666667,6.95833333333333,365322.5,-2859192.5,3577,7.150882316376478,38.75115320684802,52.43730476101122
2020-11-05,1555,2020-11-05,7.25,38.2083333333333,53.2083333333333,6.79166666666667,365322.5,-2859192.5,3577,6.5212565779514335,39.878097683407205,51.98659356805413
2020-11-14,1556,2020-11-14,3.52631578947368,40.1578947368421,54.6842105263158,6.36842105263158,365328.157894737,-2859177.63157895,3577,5.050973420962075,41.147869626700846,52.251187890641546
2020-11-22,1557,2020-11-22,2.125,46.2083333333333,49.875,6.25,365322.5,-2859192.5,3577,2.974051046720475,43.65259610710726,51.97995777509421
2020-11-29,1558,2020-11-29,2.04166666666667,43.1666666666667,52.9583333333333,6.54166666666667,365322.5,-2859192.5,3577,1.7530694144264936,43.77166633268309,52.994176651920895
2020-11-30,1559,2020-11-30,0.0,50.0,49.6666666666667,6.0,365295.0,-2859255.0,3577,1.2514409806692437,46.31903544285124,50.98085100765617
2020-12-08,1560,2020-12-08,2.0,42.375,54.0,6.25,365322.5,-2859192.5,3577,1.0743672640974269,43.800877677256175,53.627843864616864
2020-12-15,1561,2020-12-15,2.08333333333333,41.25,54.7916666666667,6.29166666666667,365322.5,-2859192.5,3577,1.409822552114992,40.70434096482454,56.35431358874385
2020-12-24,1562,2020-12-24,2.125,40.375,55.6666666666667,7.41666666666667,365322.5,-2859192.5,3577,1.8474264112398875,40.091247469867035,56.45443791583165
2020-12-31,1563,2020-12-31,2.16666666666667,38.875,57.125,7.125,365322.5,-2859192.5,3577,1.8948204991464344,42.65837142054528,53.779827770939185
2021-01-08,1564,2021-01-08,0.0666666666666667,45.4,53.4666666666667,7.2,365325.0,-2859165.0,3577,1.7882223040115124,45.727771402996765,50.795888992321025
2021-01-09,1565,2021-01-09,2.04166666666667,41.4166666666667,54.7083333333333,6.5,365322.5,-2859192.5,3577,1.7408988070750195,48.212987219171964,48.388275166518696
2021-01-25,1566,2021-01-25,2.41666666666667,60.125,35.8333333333333,6.04166666666667,365322.5,-2859192.5,3577,1.4086813599195414,50.469831381201544,46.638646827881324
2021-02-01,1567,2021-02-01,2.0,58.3333333333333,38.0833333333333,8.5,365322.5,-2859192.5,3577,1.4324541557511563,50.46299353380642,46.56578857158653
2021-02-09,1568,2021-02-09,0.541666666666667,45.0,53.2083333333333,7.20833333333333,365322.5,-2859192.5,3577,1.6622139470434203,49.150059177141614,47.65228734113467
2021-02-10,1569,2021-02-10,2.125,36.3333333333333,59.7083333333333,5.79166666666667,365322.5,-2859192.5,3577,2.6312116160409436,46.25602668744392,49.4982107933272
2021-02-17,1570,2021-02-17,2.95833333333333,43.6666666666667,51.7083333333333,6.875,365322.5,-2859192.5,3577,2.8381315536884024,40.96953820173023,54.54010334350074
2021-02-18,1571,2021-02-18,2.91666666666667,40.2916666666667,55.3333333333333,6.45833333333333,365322.5,-2859192.5,3577,3.273177415978783,36.993974936306884,58.177009136365754
2021-02-25,1572,2021-02-25,4.95833333333333,38.125,55.375,6.91666666666667,365322.5,-2859192.5,3577,3.517334574609591,34.81281618278004,60.095203042562474
2021-02-26,1573,2021-02-26,5.66666666666667,33.5416666666667,59.1666666666667,6.5,365322.5,-2859192.5,3577,3.9468361875476763,36.68219254944714,57.85768797764838
2021-03-05,1574,2021-03-05,5.125,32.7083333333333,60.4583333333333,6.75,365322.5,-2859192.5,3577,5.416869637070063,37.17283335858632,55.92627663872959
2021-03-06,1575,2021-03-06,4.75,35.25,59.0,5.75,365310.0,-2859255.0,3577,8.333112321114168,36.848834408619915,53.4264746476354
2021-03-29,1576,2021-03-29,13.875,44.4583333333333,40.2916666666667,8.875,365322.5,-2859192.5,3577,12.973072593039682,36.15458135774931,49.465484206188904
2021-03-30,1577,2021-03-30,15.7083333333333,36.875,45.7916666666667,8.08333333333333,365322.5,-2859192.5,3577,18.235753281803166,35.90752082024763,44.43966952809169
2021-04-06,1578,2021-04-06,27.3333333333333,31.75,39.5,8.875,365322.5,-2859192.5,3577,24.484629276808263,35.23174935229362,38.86374596764884
2021-04-07,1579,2021-04-07,32.3333333333333,30.4583333333333,35.75,8.95833333333333,365322.5,-2859192.5,3577,30.20696305757772,33.59310162231487,34.752813169797165
2021-04-14,1580,2021-04-14,34.7916666666667,33.125,30.7916666666667,9.20833333333333,365322.5,-2859192.5,3577,35.22108889561923,30.747647347487955,32.56042022992003
2021-04-15,1581,2021-04-15,37.2083333333333,26.2916666666667,34.7916666666667,9.0,365322.5,-2859192.5,3577,37.49122807016983,26.956421352121662,34.03747961274542
2021-04-22,1582,2021-04-22,40.2916666666667,27.9791666666667,30.2708333333333,10.125,365322.5,-2859192.5,3577,41.66561302473993,25.600366158605375,31.305663054690886
2021-04-30,1583,2021-04-30,44.75,27.2083333333333,26.6666666666667,11.125,365322.5,-2859192.5,3577,44.64009770347441,25.771099057868334,28.103116280112687
2021-05-01,1584,2021-05-01,43.4583333333333,19.75,35.2083333333333,9.41666666666667,365322.5,-2859192.5,3577,46.16220751473798,24.530519904666534,27.715667801257272
2021-05-17,1585,2021-05-17,50.0416666666667,22.7916666666667,25.4583333333333,11.5416666666667,365322.5,-2859192.5,3577,47.75000156884623,23.407416020844693,27.11306763467651
2021-05-24,1586,2021-05-24,50.25,26.0,21.9166666666667,11.75,365322.5,-2859192.5,3577,48.72451813452566,24.264851079728324,25.17728766667514
2021-06-01,1587,2021-06-01,56.0416666666667,31.5,10.6666666666667,11.8333333333333,365322.5,-2859192.5,3577,49.13859211411985,26.367986754794636,22.58877033194404
2021-06-02,1588,2021-06-02,36.3333333333333,22.0,39.3333333333333,22.6666666666667,365325.0,-2859255.0,3577,49.076121463444196,27.307665805832745,21.602890902561267
2021-06-09,1589,2021-06-09,51.125,27.75,19.1666666666667,12.3333333333333,365322.5,-2859192.5,3577,48.670800006958444,29.686498051793457,19.619044103132246
2021-06-17,1590,2021-06-17,50.3913043478261,34.2608695652174,13.4347826086957,10.9130434782609,365319.782608696,-2859195.0,3577,48.399932884445775,32.00753471244479,17.639067202145092
2021-06-25,1591,2021-06-25,50.2916666666667,35.5208333333333,12.5,12.7708333333333,365322.5,-2859192.5,3577,47.95054103476458,32.01877774320592,18.107634911189237
2021-07-04,1592,2021-07-04,47.5,30.4166666666667,20.0416666666667,11.2916666666667,365322.5,-2859192.5,3577,48.15381483560364,33.45968513583103,16.53251844735986
2021-07-11,1593,2021-07-11,46.6333333333333,33.6333333333333,17.8666666666667,11.5,365325.0,-2859182.0,3577,47.952806176631285,35.01920926809015,15.22645634304449
2021-07-18,1594,2021-07-18,46.875,39.0416666666667,12.4166666666667,12.25,365322.5,-2859192.5,3577,47.75238461788764,35.980826474301026,14.513910022648961
2021-07-20,1595,2021-07-20,47.125,32.3333333333333,18.7916666666667,11.2083333333333,365322.5,-2859192.5,3577,45.68027221409396,34.919583871052595,17.620562655137363
2021-07-27,1596,2021-07-27,45.4166666666667,33.7083333333333,18.9583333333333,11.3333333333333,365322.5,-2859192.5,3577,45.98364046774991,34.73902463522855,17.497340656267575
2021-08-03,1597,2021-08-03,45.0,41.125,12.2916666666667,11.7916666666667,365322.5,-2859192.5,3577,45.134523234084085,34.9890207130951,18.103947105635413
2021-08-05,1598,2021-08-05,45.7916666666667,31.625,20.7083333333333,10.7916666666667,365322.5,-2859192.5,3577,45.588330554887236,35.5811864477059,17.039964331331753
2021-08-12,1599,2021-08-12,44.9791666666667,33.4791666666667,19.75,10.9375,365322.5,-2859192.5,3577,44.702779056889455,35.04454124802197,18.42190635632252
2021-08-21,1600,2021-08-21,42.5416666666667,35.875,19.6666666666667,10.3333333333333,365322.5,-2859192.5,3577,43.033448204166966,35.961603238583464,19.186555996790702
2021-08-28,1601,2021-08-28,40.3541666666667,38.2291666666667,19.6041666666667,9.89583333333333,365322.5,-2859192.5,3577,41.20048760776593,36.94753110963265,20.054300203841755
2021-09-04,1602,2021-09-04,41.4583333333333,39.0833333333333,17.7916666666667,10.5,365322.5,-2859192.5,3577,39.04992947038089,37.17867387533718,22.00528906177245
2021-09-06,1603,2021-09-06,39.0833333333333,39.0,20.0833333333333,9.54166666666667,365322.5,-2859192.5,3577,36.759333689445484,38.611049146425785,22.878573154048112
2021-09-13,1604,2021-09-13,27.974358974359,37.4615384615385,32.974358974359,11.2564102564103,365323.461538462,-2859181.92307692,3577,34.53326278983657,41.49257067526909,22.258780813453427
2021-09-20,1605,2021-09-20,34.5833333333333,44.5416666666667,19.0833333333333,10.3333333333333,365322.5,-2859192.5,3577,32.72210485790611,41.51017738559767,24.058997566535876
2021-09-22,1606,2021-09-22,33.0416666666667,42.5,22.75,9.29166666666667,365322.5,-2859192.5,3577,33.38963968276996,43.936983405241804,20.969290838812796
2021-09-29,1607,2021-09-29,29.625,49.1875,19.5416666666667,9.25,365322.5,-2859192.5,3577,29.988936516959544,48.38630001784391,19.918501943009858
2021-10-06,1608,2021-10-06,28.5,50.8333333333333,18.875,9.70833333333333,365322.5,-2859192.5,3577,25.38051496609704,52.26322361309141,20.656737310742827
2021-10-08,1609,2021-10-08,25.9166666666667,51.2083333333333,21.2916666666667,8.33333333333333,365322.5,-2859192.5,3577,22.347653016782218,54.266560748238874,21.76686202993903
2021-10-15,1610,2021-10-15,24.5,51.0217391304348,22.9565217391304,8.82608695652174,365324.347826087,-2859189.7826087,3577,22.073780192971945,52.69261710940489,23.69334013509357
2021-10-22,1611,2021-10-22,19.875,59.3333333333333,19.1666666666667,8.54166666666667,365322.5,-2859192.5,3577,24.559287655065738,46.31045911787075,27.62153442252135
2021-11-16,1612,2021-11-16,13.1041666666667,38.9166666666667,46.5625,10.5625,365322.5,-2859192.5,3577,31.491234835850886,39.270037277518966,27.731543146130463
2021-12-02,1613,2021-12-02,51.0,24.6041666666667,22.9375,12.5625,365322.5,-2859192.5,3577,40.68452761118563,30.09110902165542,27.705321919293414
2021-12-09,1614,2021-12-09,57.5833333333333,20.25,20.75,13.75,365322.5,-2859192.5,3577,49.71595870588935,22.112122577020354,26.614249491138445
2021-12-11,1615,2021-12-11,59.0416666666667,14.3333333333333,24.75,12.375,365322.5,-2859192.5,3577,56.520407095476045,18.226088419474788,23.6243398461108
2021-12-18,1616,2021-12-18,56.625,18.0416666666667,23.5416666666667,11.9166666666667,365322.5,-2859192.5,3577,59.32527450618669,16.430919993653106,22.57536006753265
2021-12-25,1617,2021-12-25,55.0833333333333,27.1666666666667,16.2916666666667,13.0416666666667,365322.5,-2859192.5,3577,57.71364890268826,20.414660534643346,20.12315047876399
2021-12-27,1618,2021-12-27,50.375,23.0833333333333,24.75,11.0833333333333,365322.5,-2859192.5,3577,50.441781322385246,28.997999162855507,18.819161037617988
2022-01-03,1619,2022-01-03,39.4166666666667,37.5,21.4166666666667,10.7291666666667,365322.5,-2859192.5,3577,39.13203946465748,37.614079741202616,21.606998329324817
2022-01-10,1620,2022-01-10,34.6666666666667,43.625,20.0833333333333,11.2916666666667,365322.5,-2859192.5,3577,32.221759600044294,43.36686720141955,22.896605522956577
2022-01-12,1621,2022-01-12,28.9166666666667,41.25,28.3333333333333,9.0,365322.5,-2859192.5,3577,26.928208014891325,45.96175451225074,25.69869088599353
2022-01-19,1622,2022-01-19,21.6041666666667,57.7291666666667,19.3333333333333,8.8125,365322.5,-2859192.5,3577,24.71289655906162,44.69896737678577,29.19816947757686
2022-01-26,1623,2022-01-26,17.0,42.5,39.5,24.5,365280.0,-2859150.0,3577,25.073996694735996,41.53500517799432,32.044980947839925
2022-02-04,1624,2022-02-04,26.1875,34.4583333333333,37.875,13.1875,365322.5,-2859192.5,3577,27.342572095083483,37.35028902985001,33.99187667337313
2022-02-13,1625,2022-02-13,38.8333333333333,23.5833333333333,36.125,11.625,365322.5,-2859192.5,3577,29.463519452679126,33.55070516428374,35.61234637395094
2022-02-20,1626,2022-02-20,34.5,34.4166666666667,29.5,12.875,365322.5,-2859192.5,3577,30.1442438495412,32.419422102660285,35.96664158854023
2022-03-01,1627,2022-03-01,26.7916666666667,36.8333333333333,34.9583333333333,10.875,365322.5,-2859192.5,3577,29.07200668268347,35.392895223965795,34.010255868996914
2022-03-08,1628,2022-03-08,22.6666666666667,41.7916666666667,34.0833333333333,11.2916666666667,365322.5,-2859192.5,3577,25.689173378217554,40.24878307965942,32.5043065809271
2022-03-17,1629,2022-03-17,19.5416666666667,47.0,31.875,10.25,365322.5,-2859192.5,3577,20.376185347157573,47.35887648212791,30.74169174478311
2022-04-09,1630,2022-04-09,16.6666666666667,52.125,29.6666666666667,10.4166666666667,365322.5,-2859192.5,3577,17.2596794330515,50.47443655415037,30.81031017485664
2022-04-10,1631,2022-04-10,15.9166666666667,51.125,31.5,9.75,365322.5,-2859192.5,3577,15.811443651805085,52.09298389947765,30.678771821569093
2022-04-18,1632,2022-04-18,14.5,57.0833333333333,27.2083333333333,9.75,365322.5,-2859192.5,3577,16.04828259975079,52.26338702576311,30.30861153809618
2022-05-04,1633,2022-05-04,17.0833333333333,43.8333333333333,37.5833333333333,11.2083333333333,365322.5,-2859192.5,3577,15.32612653084559,51.35080502571995,31.96249377556949
2022-05-12,1634,2022-05-12,17.5,48.2916666666667,32.9166666666667,11.25,365322.5,-2859192.5,3577,14.277619310511898,48.3247373111852,36.00787434958723
2022-05-27,1635,2022-05-27,15.8333333333333,47.4166666666667,35.2916666666667,12.25,365322.5,-2859192.5,3577,13.089454018631615,44.86914994189867,40.57963927197068
2022-06-04,1636,2022-06-04,3.5,47.0,48.0,24.5,365280.0,-2859225.0,3577,12.085532630422456,41.87605364191427,44.461206492159604
2022-06-05,1637,2022-06-05,13.0,37.625,47.5833333333333,13.625,365322.5,-2859192.5,3577,11.143036401161664,40.08382767902294,47.11958745588073
2022-06-12,1638,2022-06-12,11.125,32.375,54.7916666666667,10.5,365322.5,-2859192.5,3577,10.69285371491093,39.07769281801205,48.51420547975552
2022-06-13,1639,2022-06-13,12.125,40.625,45.4166666666667,12.9583333333333,365322.5,-2859192.5,3577,10.28865664778823,38.991285159622976,48.98917787578047
2022-06-20,1640,2022-06-20,10.7083333333333,41.125,46.5833333333333,12.9583333333333,365322.5,-2859192.5,3577,10.821129206189497,38.5571458984714,48.87529794765908
2022-06-21,1641,2022-06-21,11.4583333333333,41.7083333333333,45.125,12.9166666666667,365322.5,-2859192.5,3577,11.069599260387067,40.276524430156186,46.960181072790164
2022-07-06,1642,2022-07-06,9.33333333333333,41.625,47.4166666666667,12.5833333333333,365322.5,-2859192.5,3577,10.774525397201788,41.62359660462754,45.945732286282706
2022-07-07,1643,2022-07-07,9.41666666666667,40.6666666666667,48.1666666666667,12.125,365322.5,-2859192.5,3577,9.170378125485101,42.58415810195359,46.616489032116746
2022-07-14,1644,2022-07-14,8.66666666666667,42.0416666666667,47.75,12.5416666666667,365322.5,-2859192.5,3577,9.276052636732354,42.27480143694682,46.840617973350916
2022-07-15,1645,2022-07-15,10.1428571428571,44.6428571428571,43.6428571428571,11.7142857142857,365352.857142857,-2859190.71428571,3577,8.726928386369801,42.226944623997134,47.46635137307804
2022-07-22,1646,2022-07-22,7.54166666666667,41.9583333333333,48.9166666666667,11.9583333333333,365322.5,-2859192.5,3577,8.43459327050532,43.60357109350266,46.40241208738969
2022-07-23,1647,2022-07-23,8.5,43.125,46.7916666666667,11.4166666666667,365322.5,-2859192.5,3577,7.743853411808907,45.06557864219729,45.63764847123301
2022-08-07,1648,2022-08-07,6.54166666666667,47.625,44.2916666666667,11.9166666666667,365322.5,-2859192.5,3577,7.233153714189783,45.79205211712266,45.363580691747316
2022-08-08,1649,2022-08-08,7.04166666666667,47.75,43.6666666666667,11.5833333333333,365322.5,-2859192.5,3577,6.556977207518024,47.187876880594274,44.640334897294196
2022-08-15,1650,2022-08-15,5.45833333333333,47.75,45.0416666666667,12.1666666666667,365322.5,-2859192.5,3577,5.9862352559712075,47.755945035349654,44.61003276908185
2022-08-16,1651,2022-08-16,5.45833333333333,47.0833333333333,45.75,11.625,365322.5,-2859192.5,3577,5.37338731959395,47.914667891440914,45.042035879490456
2022-08-23,1652,2022-08-23,4.54166666666667,46.4583333333333,47.2083333333333,11.375,365322.5,-2859192.5,3577,4.928890253192919,47.40100121755759,45.9760244914975
2022-08-24,1653,2022-08-24,5.25,44.5416666666667,48.625,11.1666666666667,365322.5,-2859192.5,3577,4.100620999227196,44.19106731760869,49.986441576991396
2022-09-08,1654,2022-09-08,3.33333333333333,46.125,48.9166666666667,12.0416666666667,365322.5,-2859192.5,3577,3.4865417090644066,40.957231880600375,53.7624804246241
2022-09-16,1655,2022-09-16,2.41666666666667,36.0,59.5416666666667,11.9583333333333,365322.5,-2859192.5,3577,2.7960796942990904,39.09025146679362,56.271163047470445
2022-09-17,1656,2022-09-17,2.33333333333333,37.625,58.1666666666667,11.625,365322.5,-2859192.5,3577,2.417906139268006,38.2630243853097,57.40421871729066
2022-09-24,1657,2022-09-24,2.20833333333333,34.75,61.125,11.6666666666667,365322.5,-2859192.5,3577,2.349673804007817,38.08784288466383,57.60985119111194
2022-10-10,1658,2022-10-10,2.25,36.2916666666667,59.375,11.8333333333333,365322.5,-2859192.5,3577,2.5342884669506254,37.98696930004412,57.51324629961542
2022-10-26,1659,2022-10-26,3.125,46.625,48.25,11.4166666666667,365322.5,-2859192.5,3577,2.8339727867587396,39.62344170277014,55.56915723594458
2022-10-27,1660,2022-10-27,3.58333333333333,43.8333333333333,50.8333333333333,10.4583333333333,365322.5,-2859192.5,3577,3.5572781191970915,42.20436555188246,52.33027009109816
2022-11-03,1661,2022-11-03,3.75,41.125,53.2083333333333,11.2083333333333,365322.5,-2859192.5,3577,3.526229059897263,44.94924257887981,49.65899283893894
2022-11-04,1662,2022-11-04,3.91666666666667,42.125,52.2083333333333,10.2916666666667,365322.5,-2859192.5,3577,3.3013459708501225,46.27212789789497,48.569957390383536
2022-11-11,1663,2022-11-11,2.70833333333333,47.9583333333333,47.3333333333333,11.2916666666667,365322.5,-2859192.5,3577,3.283895928632281,47.45743175812126,47.46375425399481
2022-11-12,1664,2022-11-12,3.79166666666667,52.5,41.9583333333333,10.4166666666667,365322.5,-2859192.5,3577,3.6753103707432593,45.873972132092206,48.68090552377747
2022-11-19,1665,2022-11-19,3.41666666666667,45.1666666666667,49.75,10.9583333333333,365322.5,-2859192.5,3577,3.84588940471236,45.25792357796327,49.10129151033988
2022-11-20,1666,2022-11-20,2.76190476190476,44.2857142857143,51.1428571428571,9.04761904761905,365326.428571429,-2859200.71428571,3577,4.198340745940737,45.56589824004005,48.462429082777874
2022-12-05,1667,2022-12-05,6.83333333333333,43.625,47.875,10.3333333333333,365322.5,-2859192.5,3577,4.8376253519435135,45.79052333115118,47.65861035248868
2022-12-06,1668,2022-12-06,6.625,42.25,49.4166666666667,9.45833333333333,365322.5,-2859192.5,3577,6.075556280663731,45.83588766753718,46.45112949485322
2022-12-13,1669,2022-12-13,5.45833333333333,45.125,47.6666666666667,10.375,365322.5,-2859192.5,3577,6.1759445404947,45.586166413558985,46.62923737768244
2022-12-21,1670,2022-12-21,5.0,55.2916666666667,38.1666666666667,10.375,365322.5,-2859192.5,3577,6.144412862678192,47.24612242761691,45.001995682329536
2023-01-14,1671,2023-01-14,8.79166666666667,46.5833333333333,43.25,10.8333333333333,365322.5,-2859192.5,3577,6.680344938857871,48.482469285093615,43.251513965903804
2023-01-15,1672,2023-01-15,8.54166666666667,47.1666666666667,42.7083333333333,10.0833333333333,365322.5,-2859192.5,3577,8.142714225917352,47.383956471797696,42.91336166412925
2023-01-22,1673,2023-01-22,7.95833333333333,41.7083333333333,48.6666666666667,10.4166666666667,365322.5,-2859192.5,3577,9.809304449604657,46.118319756132095,42.50453807765286
2023-01-23,1674,2023-01-23,8.16666666666667,44.2916666666667,45.7083333333333,9.66666666666667,365322.5,-2859192.5,3577,11.737760244366843,44.14314267399184,42.526019498197186
2023-01-31,1675,2023-01-31,18.0416666666667,45.9166666666667,34.625,11.125,365322.5,-2859192.5,3577,13.616910697641028,41.708328472578216,43.04487454972582
2023-02-07,1676,2023-02-07,16.5416666666667,35.2083333333333,46.5833333333333,11.1666666666667,365322.5,-2859192.5,3577,15.006121094411702,39.204012329178134,44.12110494220178
2023-02-08,1677,2023-02-08,14.9583333333333,37.7916666666667,45.625,10.0,365322.5,-2859192.5,3577,15.335292917211873,37.16056135117107,45.807645471593915
2023-02-15,1678,2023-02-15,10.8333333333333,38.8333333333333,48.5416666666667,10.7083333333333,365322.5,-2859192.5,3577,13.904863846123256,36.248574576029135,48.15036401987694
2023-02-16,1679,2023-02-16,11.375,35.8333333333333,51.1666666666667,10.0416666666667,365322.5,-2859192.5,3577,9.885807758776021,37.27888297131701,51.18806155503138
