time,Unnamed: 0,time_ymd,pv,npv,bs,ue,x,y,spatial_ref,pv_filter,npv_filter,bs_filter
1987-09-09,1,1987-09-09,0.0,50.6521739130435,48.4782608695652,6.8695652173913,635360.217391304,-2153565.0,3577,1.5324310883773573,48.02487467781422,49.53437168154829
1987-09-25,2,1987-09-25,0.0,48.8260869565217,50.3478260869565,6.52173913043478,635360.217391304,-2153565.0,3577,0.0,50.743354193953195,50.62694406519286
1987-10-27,3,1987-10-27,0.0,46.304347826087,52.695652173913,6.0,635360.217391304,-2153565.0,3577,0.0,50.991601264593896,50.19897756967018
1987-11-12,4,1987-11-12,0.0,50.3478260869565,48.7826086956522,6.73913043478261,635360.217391304,-2153565.0,3577,0.3739222556358608,49.879853010069006,48.78546039667998
1987-11-28,5,1987-11-28,0.0,47.6086956521739,51.3478260869565,6.0,635360.217391304,-2153565.0,3577,3.7459244009756207,48.29757401436794,46.849352258172445
1987-12-14,6,1987-12-14,3.5,54.9166666666667,40.5,5.91666666666667,635340.0,-2153555.0,3577,7.05656186666425,46.91345632513684,44.78158437634815
1987-12-30,7,1987-12-30,10.2608695652174,50.7826086956522,37.3913043478261,6.47826086956522,635360.217391304,-2153565.0,3577,9.565256035524687,46.175419453678586,42.901059483658095
1988-01-15,8,1988-01-15,19.695652173913,38.9565217391304,39.9565217391304,7.0,635360.217391304,-2153565.0,3577,10.813889435371186,46.31061037494588,41.45465182279746
1988-01-31,9,1988-01-31,8.39130434782609,46.4347826086956,43.6086956521739,6.91304347826087,635360.217391304,-2153565.0,3577,10.475817694216982,47.29958565013045,40.813373125724006
1988-02-16,10,1988-02-16,9.69565217391304,48.4782608695652,40.6086956521739,6.0,635360.217391304,-2153565.0,3577,9.128026435805387,47.93732956368528,41.541201227088145
1988-03-03,11,1988-03-03,3.43478260869565,44.7391304347826,50.3913043478261,6.0,635360.217391304,-2153565.0,3577,6.8260949576728835,49.338129867164064,42.50000564786576
1988-03-19,12,1988-03-19,2.26086956521739,55.9565217391304,40.5652173913044,6.0,635360.217391304,-2153565.0,3577,4.168594630567357,50.673123439571626,43.862689874394185
1988-04-04,13,1988-04-04,0.130434782608696,60.0,38.8695652173913,6.04347826086957,635360.217391304,-2153565.0,3577,2.3107708686518027,52.097162932630965,44.363288548838526
1988-04-20,14,1988-04-20,8.21739130434783,46.2608695652174,44.0869565217391,6.04347826086957,635360.217391304,-2153565.0,3577,1.863144528105889,51.83099025082366,45.082154889120815
1988-05-06,15,1988-05-06,2.39130434782609,44.0869565217391,52.2173913043478,6.0,635360.217391304,-2153565.0,3577,2.354874631358326,49.50755920616534,46.976225282315966
1988-05-22,16,1988-05-22,0.0434782608695652,50.4782608695652,48.4347826086956,6.0,635360.217391304,-2153565.0,3577,1.4423771140689177,47.98727910936105,49.47711058626995
1988-06-07,17,1988-06-07,0.0,47.5217391304348,51.5652173913044,6.0,635360.217391304,-2153565.0,3577,1.1592219867894547,46.65483876736377,51.21328153606294
1988-06-23,18,1988-06-23,0.0,45.4782608695652,53.695652173913,6.0,635360.217391304,-2153565.0,3577,0.18333369416958054,44.9326924253496,53.98860071143556
1988-07-09,19,1988-07-09,0.0,46.1739130434783,52.9130434782609,6.0,635360.217391304,-2153565.0,3577,0.0,45.36867803080612,54.25189792035126
1988-07-25,20,1988-07-25,0.0,43.2608695652174,56.0434782608696,6.0,635360.217391304,-2153565.0,3577,0.0,45.21754003164017,54.66054500082491
1988-08-10,21,1988-08-10,0.0,45.3913043478261,53.7826086956522,6.0,635360.217391304,-2153565.0,3577,0.23077958520141037,43.70656951070891,55.217328236434284
1988-08-26,22,1988-08-26,0.0,44.6086956521739,54.4782608695652,6.04347826086957,635360.217391304,-2153565.0,3577,0.10835913312691879,44.21361570183093,54.774991598782066
1988-09-11,23,1988-09-11,0.0,42.6521739130435,56.3913043478261,5.0,635360.217391304,-2153565.0,3577,0.0020191142818680487,46.11762823257625,52.96042347744344
1988-09-27,24,1988-09-27,0.0,48.1304347826087,50.9130434782609,6.0,635360.217391304,-2153565.0,3577,0.0,46.92506873930322,52.16620840459072
1988-10-13,25,1988-10-13,0.0,47.9130434782609,51.1739130434783,6.0,635360.217391304,-2153565.0,3577,0.0,48.11330384515828,50.99849860732127
1988-10-29,26,1988-10-29,0.0,52.4347826086956,46.7391304347826,6.0,635360.217391304,-2153565.0,3577,0.0,49.49394218649099,49.64589724448993
1988-11-14,27,1988-11-14,0.0,50.6521739130435,48.5652173913044,6.0,635360.217391304,-2153565.0,3577,0.0,49.67953314688336,49.50677791718918
1988-12-16,28,1988-12-16,0.0,46.1304347826087,53.1304347826087,6.0,635360.217391304,-2153565.0,3577,0.0,49.75897046821056,49.42011696742418
1989-01-17,29,1989-01-17,0.0,48.8260869565217,50.304347826087,6.0,635360.217391304,-2153565.0,3577,0.0,50.180264075666436,48.98731770315372
1989-02-02,30,1989-02-02,0.0,52.4347826086956,46.6521739130435,6.0,635360.217391304,-2153565.0,3577,0.0,49.63785467459512,49.50155740072892
1989-02-18,31,1989-02-18,0.0,47.2608695652174,51.8695652173913,6.0,635360.217391304,-2153565.0,3577,0.0,48.79442498542589,50.33369134566392
1989-03-06,32,1989-03-06,0.0,46.5217391304348,52.5652173913044,6.0,635360.217391304,-2153565.0,3577,0.0,47.1145520248963,52.01535185771857
1989-04-23,33,1989-04-23,0.0,48.2173913043478,50.9565217391304,5.78260869565217,635360.217391304,-2153565.0,3577,0.0,44.5425044735787,54.607460650796156
1989-05-09,34,1989-05-09,0.0,42.2173913043478,57.0434782608696,6.0,635360.217391304,-2153565.0,3577,2.693498452011978,40.9523268493459,55.56483804255221
1989-06-26,35,1989-06-26,0.0,32.7826086956522,66.3913043478261,5.65217391304348,635360.217391304,-2153565.0,3577,0.0,37.14424907438217,65.5373583207649
1989-07-28,36,1989-07-28,0.0,34.9565217391304,64.304347826087,5.73913043478261,635360.217391304,-2153565.0,3577,0.0,34.60532817565547,68.45152854951269
1989-08-13,37,1989-08-13,0.0,33.7391304347826,65.4347826086957,5.95652173913043,635360.217391304,-2153565.0,3577,0.0,33.022185379563645,66.55050939098945
1989-08-29,38,1989-08-29,0.0,32.695652173913,66.5217391304348,5.8695652173913,635360.217391304,-2153565.0,3577,4.707736737618929,33.637977583052624,60.8648050024995
1989-09-14,39,1989-09-14,0.0,37.4782608695652,61.695652173913,6.0,635360.217391304,-2153565.0,3577,9.58748883368474,36.517105589249795,53.06850680614862
1989-09-30,40,1989-09-30,0.0,38.0869565217391,60.9565217391304,6.0,635360.217391304,-2153565.0,3577,13.052938446663779,38.85687404531889,47.19153534578861
1989-11-17,41,1989-11-17,58.0,41.4285714285714,0.0,5.28571428571429,635312.142857143,-2153573.57142857,3577,14.349399960651008,42.56713632308634,42.15235699822496
1989-12-19,42,1989-12-19,2.08695652173913,45.9130434782609,50.6086956521739,6.17391304347826,635360.217391304,-2153565.0,3577,13.21392539348998,43.93611745636934,41.86957368919321
1990-02-21,43,1990-02-21,0.0,49.1739130434783,49.9565217391304,6.0,635360.217391304,-2153565.0,3577,9.879342625336577,45.84194671931233,43.27271127041645
1990-03-09,44,1990-03-09,0.0,41.0869565217391,57.9130434782609,6.0,635360.217391304,-2153565.0,3577,5.123387179517794,45.61993169032468,48.28001773431123
1990-03-25,45,1990-03-25,0.0,43.9130434782609,55.1304347826087,6.0,635360.217391304,-2153565.0,3577,0.0,45.31213677962228,53.88027264160527
1990-04-10,46,1990-04-10,0.0,51.2173913043478,48.0869565217391,6.39130434782609,635360.217391304,-2153565.0,3577,0.0,44.300686660216996,58.776348029401575
1990-04-26,47,1990-04-26,0.0,35.0434782608696,64.0434782608696,6.04347826086957,635360.217391304,-2153565.0,3577,0.0,43.03090663542302,59.99423258124746
1990-05-12,48,1990-05-12,0.0,46.4782608695652,52.8695652173913,6.0,635360.217391304,-2153565.0,3577,2.7052930916165496,41.59239266588221,54.94540390285971
1990-05-28,49,1990-05-28,0.0,38.7391304347826,60.5652173913044,5.82608695652174,635360.217391304,-2153565.0,3577,0.46555880517375725,40.98914102453672,57.62416234995804
1990-06-13,50,1990-06-13,0.0869565217391304,43.7826086956522,55.0869565217391,5.95652173913043,635360.217391304,-2153565.0,3577,0.5499624887159392,42.763447348176456,55.738046043327806
1990-06-29,51,1990-06-29,1.60869565217391,36.6521739130435,60.5652173913044,5.8695652173913,635360.217391304,-2153565.0,3577,0.6426393635976728,37.540461826497406,60.697320178802556
1990-07-15,52,1990-07-15,1.08695652173913,41.7391304347826,55.8260869565217,5.26086956521739,635360.217391304,-2153565.0,3577,0.6271020674034938,38.35423830442777,59.90247442689676
1990-09-17,53,1990-09-17,0.0,39.7826086956522,59.3478260869565,6.0,635360.217391304,-2153565.0,3577,0.7569231145754439,41.228854602115376,56.96382067252124
1990-10-03,54,1990-10-03,0.0,43.9565217391304,55.0869565217391,6.0,635360.217391304,-2153565.0,3577,2.72317331342731,41.26869092678142,55.106775846301844
1990-11-04,55,1990-11-04,0.0,41.0,58.3478260869565,6.0,635360.217391304,-2153565.0,3577,0.0,49.685639437954,52.18657369013299
1990-11-20,56,1990-11-20,0.0,40.5652173913044,58.6086956521739,6.0,635360.217391304,-2153565.0,3577,0.0,53.466099118265035,50.87935862763477
1990-12-06,57,1990-12-06,0.0,83.0,17.0,8.0,635415.0,-2153520.0,3577,0.0,54.18094370294395,47.72916947098492
1990-12-22,58,1990-12-22,0.0,42.4347826086956,56.6086956521739,5.8695652173913,635360.217391304,-2153565.0,3577,4.12413646388548,51.65283847932152,43.539120456868694
1991-01-07,59,1991-01-07,0.0,52.7391304347826,46.5652173913044,4.0,635360.217391304,-2153565.0,3577,12.328034060432275,48.956814487161175,37.81693740368635
1991-01-23,60,1991-01-23,5.39130434782609,55.8695652173913,37.4347826086956,6.39130434782609,635360.217391304,-2153565.0,3577,19.97514653874565,45.988748497423806,32.97143118020267
1991-02-24,61,1991-02-24,59.2173913043478,16.695652173913,22.695652173913,10.2608695652174,635360.217391304,-2153565.0,3577,25.31128529566702,46.19062980362599,27.13909955974431
1991-03-28,62,1991-03-28,29.3913043478261,53.5652173913044,15.4347826086957,7.91304347826087,635360.217391304,-2153565.0,3577,26.771975635075677,48.75576435947224,22.875592438248866
1991-04-13,63,1991-04-13,17.7391304347826,64.3478260869565,16.3478260869565,7.0,635360.217391304,-2153565.0,3577,23.899878288352305,55.64654863240652,18.688838957512964
1991-04-29,64,1991-04-29,9.56521739130435,70.0434782608696,18.7826086956522,6.43478260869565,635360.217391304,-2153565.0,3577,17.281523833547098,69.26116325455713,11.795980032887666
1991-05-15,65,1991-05-15,5.43478260869565,76.9565217391304,15.8260869565217,6.0,635360.217391304,-2153565.0,3577,8.578199966676278,75.06283069466764,14.744263409222825
1991-05-31,66,1991-05-31,2.1304347826087,82.9130434782609,13.1304347826087,6.0,635360.217391304,-2153565.0,3577,0.49250668566855005,82.05724212520673,15.993583075960547
1991-07-18,67,1991-07-18,0.0,80.1739130434783,18.8260869565217,5.34782608695652,635360.217391304,-2153565.0,3577,0.0,84.10217283052211,17.804349238052325
1991-08-03,68,1991-08-03,0.0,84.6521739130435,14.3913043478261,5.30434782608696,635360.217391304,-2153565.0,3577,0.5628189282785245,81.19441011269116,17.071518063304456
1991-08-19,69,1991-08-19,0.0,82.7826086956522,16.304347826087,5.1304347826087,635360.217391304,-2153565.0,3577,0.502058178730603,82.46698865811919,15.965845434681398
1991-09-04,70,1991-09-04,0.0434782608695652,77.2173913043478,21.4347826086957,4.0,635360.217391304,-2153565.0,3577,0.0,84.82457520940574,14.428746916024352
1991-09-20,71,1991-09-20,0.0,89.304347826087,9.82608695652174,5.04347826086957,635360.217391304,-2153565.0,3577,0.0,87.70503893735861,13.166041792369088
1991-10-06,72,1991-10-06,0.0,87.0,12.2173913043478,5.08695652173913,635360.217391304,-2153565.0,3577,0.0,88.59862926142392,12.081509149080377
1991-10-22,73,1991-10-22,0.0,92.1304347826087,6.95652173913043,5.0,635360.217391304,-2153565.0,3577,0.9730464716329492,85.5908512002071,12.574690755466907
1991-11-07,74,1991-11-07,0.0,83.7391304347826,15.6086956521739,6.0,635360.217391304,-2153565.0,3577,3.4958285757849854,81.77285293786966,13.8715946861033
1991-11-23,75,1991-11-23,0.0,84.3478260869565,14.7826086956522,6.04347826086957,635360.217391304,-2153565.0,3577,5.9781766221385855,78.09030759251695,14.98639898262772
1992-02-11,76,1992-02-11,14.6521739130435,63.0,20.9565217391304,7.82608695652174,635360.217391304,-2153565.0,3577,8.62077550931912,73.64367198287218,16.580557011971937
1992-03-30,77,1992-03-30,18.5217391304348,60.9130434782609,19.3913043478261,7.0,635360.217391304,-2153565.0,3577,10.386709803857268,69.84856831147349,18.360449081135517
1992-04-15,78,1992-04-15,8.08695652173913,72.695652173913,17.5652173913043,6.0,635360.217391304,-2153565.0,3577,10.643177794071352,69.07614555318463,18.780562283318925
1992-05-01,79,1992-05-01,2.0,82.3913043478261,14.1304347826087,6.34782608695652,635360.217391304,-2153565.0,3577,9.24966418693566,70.50247706256883,18.77197751770091
1992-06-02,80,1992-06-02,8.26086956521739,69.6521739130435,20.6086956521739,7.08695652173913,635360.217391304,-2153565.0,3577,6.527052836783994,73.35762420375673,18.752840644344086
1992-06-18,81,1992-06-18,6.0,71.7391304347826,20.9565217391304,7.0,635360.217391304,-2153565.0,3577,3.2704144690948254,75.12288734282497,20.469189445630036
1992-07-04,82,1992-07-04,0.173913043478261,74.8695652173913,24.304347826087,6.8695652173913,635360.217391304,-2153565.0,3577,0.7469875662094203,75.98519033798556,22.304338412963418
1992-07-20,83,1992-07-20,0.0,75.2608695652174,24.0869565217391,6.73913043478261,635360.217391304,-2153565.0,3577,0.6961783673318499,73.02688292995455,25.455234494939937
1992-09-06,84,1992-09-06,0.0,74.304347826087,24.9565217391304,7.0,635360.217391304,-2153565.0,3577,0.7187369098796212,70.92444182549464,27.68846431532786
1992-09-22,85,1992-09-22,0.0,66.1739130434783,33.0,7.0,635360.217391304,-2153565.0,3577,0.0,70.53051686500626,29.10599643995359
1992-10-08,86,1992-10-08,0.0,68.8695652173913,30.4347826086957,6.69565217391304,635360.217391304,-2153565.0,3577,1.155751369373485,68.6534258580192,29.522265323849282
1992-10-24,87,1992-10-24,0.0,66.5217391304348,32.7826086956522,7.0,635360.217391304,-2153565.0,3577,0.0,66.40535060577145,34.14556637331737
1992-11-09,88,1992-11-09,0.0,64.6521739130435,34.8260869565217,7.0,635360.217391304,-2153565.0,3577,0.0,65.55210209092662,37.35113103345149
1992-11-25,89,1992-11-25,0.0,64.0,35.2173913043478,6.91304347826087,635360.217391304,-2153565.0,3577,0.0,62.73514774361867,39.25348967897851
1992-12-11,90,1992-12-11,0.0,58.5652173913044,40.5652173913044,7.0,635360.217391304,-2153565.0,3577,2.2699955852462956,58.71847051856944,38.30892354380813
1992-12-27,91,1992-12-27,0.0,56.6521739130435,42.5217391304348,6.91304347826087,635360.217391304,-2153565.0,3577,8.956172512369859,55.23740453918657,34.89368351395021
1993-01-12,92,1993-01-12,0.0,60.3478260869565,38.7826086956522,7.0,635360.217391304,-2153565.0,3577,15.052063967797345,51.960130729405506,31.81721509073303
1993-03-01,93,1993-03-01,42.1304347826087,44.1304347826087,12.3478260869565,10.0434782608696,635360.217391304,-2153565.0,3577,18.93550506566779,52.7988227951805,26.924252621785293
1993-04-02,94,1993-04-02,29.3478260869565,48.9565217391304,20.2173913043478,8.0,635360.217391304,-2153565.0,3577,19.70521402140436,57.79062114355369,21.033217959853673
1993-04-18,95,1993-04-18,13.0869565217391,68.6086956521739,16.4347826086957,6.52173913043478,635360.217391304,-2153565.0,3577,17.18079215171433,65.84245260728325,15.47134128490741
1993-05-20,96,1993-05-20,3.52173913043478,76.5217391304348,18.3478260869565,6.43478260869565,635360.217391304,-2153565.0,3577,11.922915017407778,72.69021139042934,13.911293579214497
1993-06-21,97,1993-06-21,0.0,81.5217391304348,17.6086956521739,6.0,635360.217391304,-2153565.0,3577,5.105455185545953,80.04875243210296,13.583253870908324
1993-07-07,98,1993-07-07,0.0,91.0869565217391,7.95652173913043,6.0,635360.217391304,-2153565.0,3577,0.0,85.92151716904773,14.22329333070809
1993-07-23,99,1993-07-23,0.0,84.4782608695652,14.4347826086957,6.04347826086957,635360.217391304,-2153565.0,3577,0.0,84.96298478744376,17.151954116684365
1993-08-08,100,1993-08-08,0.0,75.8260869565217,23.4782608695652,6.0,635360.217391304,-2153565.0,3577,0.0,81.78545522318699,18.59806259159865
1993-08-24,101,1993-08-24,0.0,74.9130434782609,24.4347826086957,6.0,635360.217391304,-2153565.0,3577,0.0,78.20574539203066,23.57299827645418
1993-10-27,102,1993-10-27,0.0,82.6521739130435,16.5652173913043,6.0,635360.217391304,-2153565.0,3577,0.0,75.03433529721278,25.630732707859057
1993-12-14,103,1993-12-14,0.434782608695652,62.0434782608696,36.2608695652174,7.0,635360.217391304,-2153565.0,3577,1.6874985291997162,69.0750621030502,28.36492219585079
1993-12-30,104,1993-12-30,0.0,63.0434782608696,36.1739130434783,6.78260869565217,635360.217391304,-2153565.0,3577,6.193448091818407,62.84613596121611,30.007694284443062
1994-01-15,105,1994-01-15,0.0,76.2608695652174,23.0,7.0,635360.217391304,-2153565.0,3577,10.526452279714928,59.643023418892845,28.73210730580069
1994-03-20,106,1994-03-20,26.695652173913,43.9130434782609,28.0,8.0,635360.217391304,-2153565.0,3577,13.337174200141632,55.63077318427143,29.78593058576462
1994-04-05,107,1994-04-05,24.9565217391304,47.6521739130435,26.0,8.0,635360.217391304,-2153565.0,3577,13.975165364986921,52.983168399771095,31.771880562560984
1994-04-21,108,1994-04-21,7.08695652173913,50.5652173913044,41.0,6.0,635360.217391304,-2153565.0,3577,12.29187261789042,53.686872556699,32.760278891920265
1994-05-07,109,1994-05-07,3.56521739130435,64.1304347826087,31.0434782608696,6.95652173913043,635360.217391304,-2153565.0,3577,8.654320104446683,57.135060389864094,33.00807645712254
1994-05-23,110,1994-05-23,0.217391304347826,63.304347826087,35.5217391304348,6.21739130434783,635360.217391304,-2153565.0,3577,3.945109272205197,58.393255687633854,36.5397699621632
1994-06-08,111,1994-06-08,0.0,55.7391304347826,43.3478260869565,4.47826086956522,635360.217391304,-2153565.0,3577,0.0,61.40254173070595,38.26107947779203
1994-06-24,112,1994-06-24,0.0434782608695652,66.4347826086957,32.8260869565217,6.26086956521739,635360.217391304,-2153565.0,3577,0.0,64.61130591039439,37.48256925467295
1994-07-10,113,1994-07-10,0.0,63.7391304347826,35.4782608695652,6.26086956521739,635360.217391304,-2153565.0,3577,0.03832457756268831,62.40100456817791,36.889823193357856
1994-07-26,114,1994-07-26,0.0,59.3478260869565,40.0434782608696,6.04347826086957,635360.217391304,-2153565.0,3577,0.5131120057758105,61.456662465268174,37.4202543989808
1994-08-11,115,1994-08-11,0.0,58.2608695652174,41.0434782608696,6.17391304347826,635360.217391304,-2153565.0,3577,0.0,61.49902150614652,39.352220131457756
1994-08-27,116,1994-08-27,0.0,63.4782608695652,35.8695652173913,6.21739130434783,635360.217391304,-2153565.0,3577,0.0,60.590679881423284,40.39065954908669
1994-10-30,117,1994-10-30,0.0,59.7826086956522,39.4347826086956,6.56521739130435,635360.217391304,-2153565.0,3577,0.0,59.70429906611542,41.1660897992779
1994-12-17,118,1994-12-17,0.0,56.3478260869565,42.9130434782609,7.0,635360.217391304,-2153565.0,3577,2.940273752361083,55.84207984772502,40.25348591373026
1995-01-02,119,1995-01-02,1.26086956521739,54.8695652173913,42.3913043478261,7.0,635360.217391304,-2153565.0,3577,10.155223293329199,52.72592288582885,36.01320190106836
1995-02-02,120,1995-02-02,18.4782608695652,49.3913043478261,30.8695652173913,7.21739130434783,635360.217391304,-2153565.0,3577,17.343901757144558,48.78428893759971,32.63440476604613
1995-02-18,121,1995-02-18,26.6521739130435,42.695652173913,29.3478260869565,7.91304347826087,635360.217391304,-2153565.0,3577,22.339854115459875,45.945454733710065,30.33923473214984
1995-03-06,122,1995-03-06,27.0434782608696,51.8695652173913,19.8695652173913,8.0,635360.217391304,-2153565.0,3577,23.828100422927932,47.63857948485045,27.1190656160329
1995-03-22,123,1995-03-22,31.8260869565217,41.0869565217391,25.7391304347826,7.95652173913043,635360.217391304,-2153565.0,3577,21.440015362208953,52.563723529121496,24.64501994169145
1995-04-23,124,1995-04-23,7.73913043478261,61.7391304347826,29.0434782608696,7.0,635360.217391304,-2153565.0,3577,15.751309129688796,58.65316699721529,24.360483909679346
1995-05-25,125,1995-05-25,2.1304347826087,66.5217391304348,30.2173913043478,7.0,635360.217391304,-2153565.0,3577,8.282027435478886,64.02625695746288,26.60567780583535
1995-06-10,126,1995-06-10,0.260869565217391,73.695652173913,25.0,6.43478260869565,635360.217391304,-2153565.0,3577,1.496551503416269,68.39707741443156,29.07440789120256
1995-06-26,127,1995-06-26,0.0,74.3913043478261,25.0869565217391,6.43478260869565,635360.217391304,-2153565.0,3577,0.0,70.00363911225699,30.691345671419143
1995-08-13,128,1995-08-13,0.0,64.0,35.0869565217391,6.17391304347826,635360.217391304,-2153565.0,3577,0.0,70.82747727436399,30.52227379565729
1995-08-29,129,1995-08-29,0.0,67.1739130434783,32.0,6.0,635360.217391304,-2153565.0,3577,0.0,70.1778006621084,29.947954858436304
1995-09-14,130,1995-09-14,0.0,66.8695652173913,32.3478260869565,6.0,635360.217391304,-2153565.0,3577,0.9239777586794578,69.97180111582082,28.435892415562407
1995-09-30,131,1995-09-30,0.0,72.9565217391304,26.304347826087,7.0,635360.217391304,-2153565.0,3577,0.0,69.61082395863966,30.92734200783275
1995-10-16,132,1995-10-16,0.0,71.4347826086957,28.0,6.82608695652174,635360.217391304,-2153565.0,3577,0.0,68.54232844822748,31.425931451771426
1995-11-01,133,1995-11-01,0.0,72.1304347826087,27.0869565217391,7.0,635360.217391304,-2153565.0,3577,0.20423082100290707,68.17384150375459,30.802949507077365
1995-12-03,134,1995-12-03,0.0,62.4782608695652,36.7826086956522,6.95652173913043,635360.217391304,-2153565.0,3577,1.8586384674684586,67.26231636178133,30.053134239561306
1995-12-19,135,1995-12-19,2.21739130434783,66.2173913043478,30.2608695652174,7.0,635360.217391304,-2153565.0,3577,5.783831459964676,63.94431480485176,29.30013922004331
1996-01-04,136,1996-01-04,10.9130434782609,49.6521739130435,38.3913043478261,9.56521739130435,635360.217391304,-2153565.0,3577,9.977016925729945,60.75483528450719,28.175873796410713
1996-01-20,137,1996-01-20,18.9130434782609,70.0,10.0869565217391,6.95652173913043,635360.217391304,-2153565.0,3577,13.02238628244627,59.02417854052454,26.768363820856795
1996-02-21,138,1996-02-21,8.60869565217391,61.3478260869565,28.7826086956522,7.0,635360.217391304,-2153565.0,3577,14.07291967690197,59.15299520777167,25.523297001823273
1996-03-08,139,1996-03-08,17.0869565217391,56.8695652173913,24.8695652173913,8.08695652173913,635360.217391304,-2153565.0,3577,12.864067955195399,60.136570254342935,25.776713258470075
1996-03-24,140,1996-03-24,13.304347826087,56.7826086956522,28.4782608695652,7.60869565217391,635360.217391304,-2153565.0,3577,9.71375266273493,62.41532568924285,26.71633562291393
1996-04-25,141,1996-04-25,0.0869565217391304,65.8260869565217,33.1304347826087,7.04347826086957,635360.217391304,-2153565.0,3577,5.522366044238961,64.23709861277887,29.16146983988788
1996-05-11,142,1996-05-11,0.0434782608695652,69.3478260869565,29.6086956521739,7.0,635360.217391304,-2153565.0,3577,1.7727710437359183,66.01628752186386,31.1737294876298
1996-06-13,143,1996-06-13,0.0,64.7391304347826,34.3913043478261,6.91304347826087,635360.217391304,-2153565.0,3577,0.0,64.99180399623631,34.301575662184355
1996-06-29,144,1996-06-29,0.0,66.9565217391304,32.3913043478261,6.69565217391304,635360.217391304,-2153565.0,3577,0.0,65.77384696336466,34.253280707710914
1996-07-15,145,1996-07-15,0.0,64.304347826087,34.8695652173913,6.43478260869565,635360.217391304,-2153565.0,3577,0.0,62.42668356007039,37.924764695522256
1996-07-31,146,1996-07-31,0.0,58.5652173913044,40.6521739130435,6.82608695652174,635360.217391304,-2153565.0,3577,0.0,60.69779742399647,38.99860026902116
1996-09-01,147,1996-09-01,0.0,56.0869565217391,43.3913043478261,6.8695652173913,635360.217391304,-2153565.0,3577,0.3087277509137344,58.99007668868143,40.024575774199626
1996-09-17,148,1996-09-17,0.0,57.6521739130435,41.695652173913,6.73913043478261,635360.217391304,-2153565.0,3577,1.0430951468774594,58.51243708504917,39.77230603559259
1996-10-03,149,1996-10-03,0.0,61.5217391304348,37.5217391304348,6.39130434782609,635360.217391304,-2153565.0,3577,0.0,60.88650883373356,39.62124145876413
1996-11-20,150,1996-11-20,0.0,62.6086956521739,36.6521739130435,6.0,635360.217391304,-2153565.0,3577,0.0,62.74118626022386,39.17099403489988
1996-12-06,151,1996-12-06,0.0,67.3913043478261,31.9565217391304,7.04347826086957,635360.217391304,-2153565.0,3577,0.8255560565426143,62.64262241997206,35.61156665382813
1996-12-22,152,1996-12-22,8.95652173913044,52.9130434782609,36.8260869565217,6.91304347826087,635360.217391304,-2153565.0,3577,7.799030825143548,59.1120519001707,32.05763465232633
1997-01-07,153,1997-01-07,4.69565217391304,61.9130434782609,32.1739130434783,7.0,635360.217391304,-2153565.0,3577,15.659400365414996,53.7623074193192,29.443327839204457
1997-01-23,154,1997-01-23,12.0434782608696,56.7391304347826,30.0434782608696,7.21739130434783,635360.217391304,-2153565.0,3577,21.87170481960841,50.59500803409054,26.301774279021664
1997-03-12,155,1997-03-12,45.6086956521739,38.1739130434783,15.0434782608696,10.2608695652174,635360.217391304,-2153565.0,3577,24.78081267231523,49.77347796905542,24.096499542989413
1997-03-28,156,1997-03-28,34.7391304347826,46.1739130434783,17.695652173913,9.0,635360.217391304,-2153565.0,3577,23.621722469208507,53.585626918503564,21.424144841559855
1997-04-29,157,1997-04-29,11.0,61.7391304347826,25.8260869565217,6.30434782608696,635360.217391304,-2153565.0,3577,19.476157037198682,60.18884601734693,18.93783857816417
1997-05-31,158,1997-05-31,3.73913043478261,75.9565217391304,18.8260869565217,6.39130434782609,635360.217391304,-2153565.0,3577,12.092190216565848,70.28253480264814,16.322829546275724
1997-07-02,159,1997-07-02,0.347826086956522,82.1739130434783,16.2173913043478,6.0,635360.217391304,-2153565.0,3577,3.8021823377854806,78.91395372697195,16.03942685393513
1997-07-18,160,1997-07-18,0.0,79.4347826086957,19.5217391304348,6.0,635360.217391304,-2153565.0,3577,0.0,82.6881301495527,19.89290693153633
1997-08-19,161,1997-08-19,0.130434782608696,86.0,12.8260869565217,6.0,635360.217391304,-2153565.0,3577,0.0,83.41004492881024,21.64474225464613
1997-09-20,162,1997-09-20,0.652173913043478,76.2173913043478,21.7826086956522,6.04347826086957,635360.217391304,-2153565.0,3577,1.6562432049036155,75.27169465343061,21.98868354689806
1997-11-23,163,1997-11-23,0.0,71.695652173913,27.6086956521739,6.0,635360.217391304,-2153565.0,3577,9.293502028996675,66.27915078593855,23.26079990812446
1997-12-25,164,1997-12-25,12.7826086956522,53.0,32.6086956521739,7.0,635360.217391304,-2153565.0,3577,14.599571514766541,60.993301623659974,23.158169599948337
1998-01-10,165,1998-01-10,22.3913043478261,52.7826086956522,23.4782608695652,7.73913043478261,635360.217391304,-2153565.0,3577,18.17710032597364,58.67441335080785,21.862202274771356
1998-01-26,166,1998-01-26,26.2173913043478,69.8695652173913,2.91304347826087,9.78260869565217,635360.217391304,-2153565.0,3577,18.792774865460174,60.656767515689666,19.27860764891033
1998-02-11,167,1998-02-11,24.6521739130435,50.4347826086956,23.4347826086957,8.0,635360.217391304,-2153565.0,3577,16.450736906112027,65.080184723061,17.250100955711517
1998-06-03,168,1998-06-03,0.739130434782609,83.1739130434783,14.9565217391304,6.8695652173913,635360.217391304,-2153565.0,3577,13.373738524227846,70.66189107701042,14.8671695782994
1998-07-05,169,1998-07-05,0.0,83.1739130434783,16.1304347826087,7.0,635360.217391304,-2153565.0,3577,4.31976934090209,78.3959826685514,16.336101104438953
1998-08-06,170,1998-08-06,0.0434782608695652,76.0,23.0869565217391,6.91304347826087,635360.217391304,-2153565.0,3577,0.0,83.80750733986795,19.055763324033457
1998-08-22,171,1998-08-22,0.0,82.6086956521739,16.5217391304348,6.30434782608696,635360.217391304,-2153565.0,3577,0.0,82.10714672323354,22.089568662589993
1998-09-07,172,1998-09-07,0.0,74.7826086956522,24.6086956521739,6.95652173913043,635360.217391304,-2153565.0,3577,0.0,76.97647943655679,22.854197357357222
1998-10-25,173,1998-10-25,0.0,77.3478260869565,22.0434782608696,7.0,635360.217391304,-2153565.0,3577,7.464466883230065,70.79920496785773,20.944853235333348
1998-12-12,174,1998-12-12,0.173913043478261,74.6521739130435,24.1304347826087,7.0,635360.217391304,-2153565.0,3577,15.270967960560505,62.8159716175506,20.932506986885343
1999-01-29,175,1999-01-29,38.7391304347826,43.9565217391304,16.0869565217391,9.30434782608696,635360.217391304,-2153565.0,3577,18.717696760095357,60.73218072813343,19.420403126282586
1999-02-14,176,1999-02-14,27.695652173913,52.1739130434783,18.7826086956522,8.78260869565217,635360.217391304,-2153565.0,3577,20.2947502087329,59.97996134971953,18.46281864588225
1999-03-18,177,1999-03-18,16.0434782608696,66.2608695652174,16.3478260869565,7.95652173913043,635360.217391304,-2153565.0,3577,18.59805506110249,61.908114768517436,18.08962325868772
1999-04-19,178,1999-04-19,9.17391304347826,72.7826086956522,16.6521739130435,8.0,635360.217391304,-2153565.0,3577,13.923028916161849,67.03812501940456,17.582277730343478
1999-05-05,179,1999-05-05,2.17391304347826,75.1304347826087,21.3478260869565,7.1304347826087,635360.217391304,-2153565.0,3577,7.3851547564014695,72.616744811242,18.642592297993996
1999-05-21,180,1999-05-21,0.260869565217391,75.9130434782609,22.5217391304348,7.0,635360.217391304,-2153565.0,3577,0.8856560050528376,77.54687027872032,20.365454978455034
1999-06-06,181,1999-06-06,0.521739130434783,80.3913043478261,17.9565217391304,7.0,635360.217391304,-2153565.0,3577,0.0,80.05165543837118,21.780331661873714
1999-06-30,182,1999-06-30,0.0869565217391304,77.0,22.0434782608696,6.91304347826087,635360.217391304,-2153565.0,3577,0.0,77.92699842893859,21.769678833748824
1999-07-16,183,1999-07-16,0.0,75.3913043478261,23.9130434782609,6.91304347826087,635360.217391304,-2153565.0,3577,0.0,76.78047474129247,22.58321245317814
1999-08-09,184,1999-08-09,0.0,76.1739130434783,23.1739130434783,6.43478260869565,635360.217391304,-2153565.0,3577,0.10391143383469231,76.05371785300655,23.120486997182994
1999-08-17,185,1999-08-17,0.0434782608695652,74.695652173913,24.4347826086957,6.82608695652174,635360.217391304,-2153565.0,3577,1.2253067971197773,75.3705512417205,22.669013985069313
1999-09-02,186,1999-09-02,0.0,79.0434782608696,20.2173913043478,6.95652173913043,635360.217391304,-2153565.0,3577,0.6497556824652336,75.68803601835182,22.973655500506297
1999-09-10,187,1999-09-10,0.0,72.4347826086957,26.8695652173913,7.0,635360.217391304,-2153565.0,3577,0.0,75.3475145126668,26.782212403287954
1999-09-18,188,1999-09-18,0.0,71.3478260869565,27.7391304347826,7.04347826086957,635360.217391304,-2153565.0,3577,0.0,74.13607324159454,28.38017239187899
1999-09-26,189,1999-09-26,0.0,73.8260869565217,25.4782608695652,6.34782608695652,635360.217391304,-2153565.0,3577,0.03942308868947708,70.96487870722913,28.216775686282823
1999-10-20,190,1999-10-20,0.0,71.2608695652174,27.9565217391304,5.91304347826087,635360.217391304,-2153565.0,3577,6.859680499873313,65.06043599689148,27.26741074243694
1999-11-13,191,1999-11-13,0.0,64.304347826087,35.0,7.0,635360.217391304,-2153565.0,3577,12.109192194262398,62.371341002506824,24.642934935568213
1999-12-07,192,1999-12-07,20.1304347826087,55.0,23.5217391304348,8.34782608695652,635360.217391304,-2153565.0,3577,14.270240326369567,63.91588529923827,20.84424392406314
1999-12-23,193,1999-12-23,39.5217391304348,59.5652173913044,0.173913043478261,10.0,635360.217391304,-2153565.0,3577,15.692752932890572,65.9209881516958,17.311817136959267
2000-01-08,194,2000-01-08,18.5652173913043,63.7826086956522,16.304347826087,9.08695652173913,635360.217391304,-2153565.0,3577,18.695587223380894,65.50700571469551,14.626713305537344
2000-01-24,195,2000-01-24,9.17391304347826,71.3478260869565,18.2173913043478,8.0,635360.217391304,-2153565.0,3577,22.181263749035363,64.85181019006944,11.691814444807708
2000-02-09,196,2000-02-09,6.21739130434783,82.0434782608696,10.4782608695652,7.0,635360.217391304,-2153565.0,3577,24.959630892727176,62.98773470437624,10.752032998632535
2000-03-12,197,2000-03-12,30.4782608695652,55.0869565217391,13.0869565217391,9.0,635360.217391304,-2153565.0,3577,27.0504857298341,60.46641360205231,11.164790874269233
2000-03-28,198,2000-03-28,44.9565217391304,40.9565217391304,12.695652173913,10.0434782608696,635360.217391304,-2153565.0,3577,28.3955146653375,57.32948975667681,12.938124223576079
2000-04-13,199,2000-04-13,38.0434782608696,53.3478260869565,7.34782608695652,10.2173913043478,635360.217391304,-2153565.0,3577,30.490704501015774,54.94486957992787,13.1888755403218
2000-05-15,200,2000-05-15,23.0909090909091,61.2727272727273,14.2727272727273,7.68181818181818,635357.727272727,-2153562.27272727,3577,30.133894788866478,56.08501194224607,12.45331062432161
2000-05-31,201,2000-05-31,17.8260869565217,62.6521739130435,18.2173913043478,8.78260869565217,635360.217391304,-2153565.0,3577,22.865927474301536,61.089178360391365,14.68820109025961
2000-06-16,202,2000-06-16,12.9565217391304,72.4347826086957,13.2173913043478,9.04347826086956,635360.217391304,-2153565.0,3577,13.424047715275403,68.74566545068097,16.525733545200225
2000-07-02,203,2000-07-02,5.34782608695652,73.0434782608696,20.3478260869565,8.1304347826087,635360.217391304,-2153565.0,3577,5.972396367321981,75.65350877904972,17.11796248392134
2000-07-18,204,2000-07-18,2.56521739130435,78.1739130434783,18.1739130434783,7.91304347826087,635360.217391304,-2153565.0,3577,2.102003394370817,78.22538210206989,18.534816778319197
2000-08-03,205,2000-08-03,0.521739130434783,81.0434782608696,17.304347826087,7.69565217391304,635360.217391304,-2153565.0,3577,0.0,80.85455599722803,19.368162191823323
2000-08-19,206,2000-08-19,0.0,81.304347826087,17.8260869565217,7.82608695652174,635360.217391304,-2153565.0,3577,0.0,82.33686168454088,19.32484207137305
2000-09-04,207,2000-09-04,0.0434782608695652,78.2173913043478,20.9130434782609,7.91304347826087,635360.217391304,-2153565.0,3577,0.0,82.58120463463153,19.403294780327833
2000-09-20,208,2000-09-20,0.0,80.4782608695652,18.6521739130435,7.60869565217391,635360.217391304,-2153565.0,3577,2.070517448629936,78.48702448445522,18.55580427110639
2000-10-06,209,2000-10-06,0.0,80.6521739130435,18.5652173913043,7.17391304347826,635360.217391304,-2153565.0,3577,11.04934922393366,72.14732097891607,15.85822146624171
2000-11-07,210,2000-11-07,22.0869565217391,64.7391304347826,11.9130434782609,9.52173913043478,635360.217391304,-2153565.0,3577,22.113749085747404,63.8515936883051,13.056313991565773
2000-11-23,211,2000-11-23,40.5217391304348,50.0,8.34782608695652,10.6086956521739,635360.217391304,-2153565.0,3577,33.886367636934665,56.28001585168599,8.821398281351199
2001-01-10,212,2001-01-10,40.2608695652174,54.1304347826087,4.73913043478261,9.73913043478261,635360.217391304,-2153565.0,3577,42.212927602744955,51.3070540981354,5.419118235378032
2001-02-11,213,2001-02-11,52.304347826087,43.4347826086956,3.21739130434783,10.6521739130435,635360.217391304,-2153565.0,3577,44.244342950084075,52.133799973070694,2.570162103342493
2001-03-31,214,2001-03-31,39.4347826086956,58.5652173913044,0.782608695652174,10.6086956521739,635360.217391304,-2153565.0,3577,39.86706321003746,56.897706681518336,2.0787868747214153
2001-04-16,215,2001-04-16,29.5652173913043,66.7391304347826,2.60869565217391,9.73913043478261,635360.217391304,-2153565.0,3577,30.184536690926038,65.61671468925839,2.8995083527317753
2001-05-02,216,2001-05-02,16.5217391304348,77.4782608695652,4.56521739130435,8.56521739130435,635360.217391304,-2153565.0,3577,18.000014119677598,75.93336358081488,4.69643722813662
2001-06-19,217,2001-06-19,2.91304347826087,88.304347826087,7.30434782608696,7.30434782608696,635360.217391304,-2153565.0,3577,8.827878273293557,83.76083803125222,5.946660554413072
2001-07-05,218,2001-07-05,1.39130434782609,91.8260869565217,5.21739130434783,7.04347826086957,635360.217391304,-2153565.0,3577,2.6313257344347742,89.25154210440266,6.721537313136801
2001-07-21,219,2001-07-21,2.95652173913043,85.3913043478261,10.0434782608696,6.0,635360.217391304,-2153565.0,3577,0.0,93.1033174659365,6.391508612533373
2001-08-06,220,2001-08-06,0.260869565217391,95.2608695652174,3.65217391304348,7.04347826086957,635360.217391304,-2153565.0,3577,0.0,94.78809183815173,4.660299318395278
2001-08-22,221,2001-08-22,0.217391304347826,96.304347826087,2.60869565217391,7.0,635360.217391304,-2153565.0,3577,0.5124643831063813,95.51425381724131,2.864736286730757
2001-09-07,222,2001-09-07,1.60869565217391,95.3913043478261,1.82608695652174,7.8695652173913,635360.217391304,-2153565.0,3577,1.3612520202907055,95.18113949583788,2.4884016239511286
2001-09-23,223,2001-09-23,0.0869565217391304,96.9565217391304,2.0,7.0,635360.217391304,-2153565.0,3577,0.2515458696640149,95.82791969100943,3.002423878449804
2001-10-09,224,2001-10-09,0.739130434782609,94.5217391304348,3.52173913043478,7.04347826086957,635360.217391304,-2153565.0,3577,0.0,96.12059054149421,5.219074370237928
2001-11-10,225,2001-11-10,0.0,91.2608695652174,8.08695652173913,8.0,635360.217391304,-2153565.0,3577,0.0,91.25341625663322,8.203425057912982
2001-12-12,226,2001-12-12,3.26086956521739,80.8695652173913,14.695652173913,10.1739130434783,635360.217391304,-2153565.0,3577,4.208094906842436,83.88338367782532,10.808318750839675
2001-12-28,227,2001-12-28,0.217391304347826,85.2608695652174,13.5652173913043,7.91304347826087,635360.217391304,-2153565.0,3577,10.21950643245417,75.79521098095817,12.906164370020289
2002-01-29,228,2002-01-29,14.304347826087,71.0434782608696,13.304347826087,9.08695652173913,635360.217391304,-2153565.0,3577,15.968637366131286,68.22278125696141,14.705549128484062
2002-03-02,229,2002-03-02,27.0869565217391,54.7391304347826,16.9130434782609,9.0,635360.217391304,-2153565.0,3577,19.760968873632503,62.652477956816426,16.40919774800266
2002-03-18,230,2002-03-18,32.1739130434783,52.2173913043478,14.4782608695652,9.39130434782609,635360.217391304,-2153565.0,3577,20.29347378963444,60.99237725525683,17.486363683426625
2002-04-03,231,2002-04-03,13.2173913043478,68.1304347826087,17.695652173913,8.43478260869565,635360.217391304,-2153565.0,3577,17.72545787769645,62.34385375022484,18.669834809150913
2002-04-19,232,2002-04-19,8.1304347826087,64.3478260869565,26.1304347826087,7.8695652173913,635360.217391304,-2153565.0,3577,12.48541389959968,65.52679585859384,20.80575179296097
2002-05-05,233,2002-05-05,1.82608695652174,75.4347826086957,21.5217391304348,7.56521739130435,635360.217391304,-2153565.0,3577,6.235744064791458,68.91310372221983,23.68840124742315
2002-05-21,234,2002-05-21,0.521739130434783,73.0869565217391,25.1739130434783,7.04347826086957,635360.217391304,-2153565.0,3577,0.24094763763625476,73.27342760885885,25.37904187614403
2002-06-06,235,2002-06-06,0.0869565217391304,74.0434782608696,24.9130434782609,7.0,635360.217391304,-2153565.0,3577,0.0,74.3233171458932,26.63201006826941
2002-06-22,236,2002-06-22,0.0,69.3478260869565,29.8260869565217,7.0,635360.217391304,-2153565.0,3577,0.0,72.1514853432904,28.240256714609764
2002-07-08,237,2002-07-08,0.0869565217391304,69.0869565217391,29.9130434782609,7.0,635360.217391304,-2153565.0,3577,0.24802348008697875,70.24000067773413,28.621841074522223
2002-07-24,238,2002-07-24,0.0869565217391304,70.6086956521739,28.3913043478261,7.0,635360.217391304,-2153565.0,3577,0.053496644693295584,69.8782186987763,29.235206575624865
2002-08-09,239,2002-08-09,0.0,70.7391304347826,28.4782608695652,7.0,635360.217391304,-2153565.0,3577,0.2964765749796935,68.28799911892175,30.57046049924849
2002-08-25,240,2002-08-25,0.0,66.8260869565217,32.4347826086956,7.0,635360.217391304,-2153565.0,3577,2.2573095231592273,67.02749384145609,29.8713433557917
2002-09-10,241,2002-09-10,0.173913043478261,67.4347826086957,31.3478260869565,7.0,635360.217391304,-2153565.0,3577,0.0,69.94656171664145,30.877017584645216
2002-09-26,242,2002-09-26,0.0,70.1739130434783,28.9130434782609,7.0,635360.217391304,-2153565.0,3577,0.0,71.05388446523474,32.088916333358966
2002-10-12,243,2002-10-12,0.0,66.2173913043478,33.2608695652174,7.0,635360.217391304,-2153565.0,3577,0.0,68.41420646925076,32.8737521732492
2002-10-28,244,2002-10-28,0.0,66.4782608695652,32.6086956521739,6.30434782608696,635360.217391304,-2153565.0,3577,2.8244763716559187,64.08475573422791,32.258795854833565
2002-11-13,245,2002-11-13,0.0,68.0,31.0869565217391,7.0,635360.217391304,-2153565.0,3577,8.88307492749411,59.67962257152374,30.49560736745635
2002-12-15,246,2002-12-15,0.0869565217391304,64.0869565217391,34.8695652173913,6.95652173913043,635360.217391304,-2153565.0,3577,14.662672365994972,55.45992128748063,28.85584841863856
2003-03-05,247,2003-03-05,46.4347826086956,29.7391304347826,22.6086956521739,9.1304347826087,635360.217391304,-2153565.0,3577,18.783708148088145,52.89501076389503,27.190170443363307
2003-03-21,248,2003-03-21,24.8695652173913,51.3913043478261,22.4347826086957,8.21739130434783,635360.217391304,-2153565.0,3577,20.001468446747445,52.978813890368755,25.741412175114082
2003-04-06,249,2003-04-06,11.0,60.8695652173913,26.7391304347826,7.04347826086957,635360.217391304,-2153565.0,3577,18.061799016702757,54.78174927777016,25.835467130792402
2003-04-22,250,2003-04-22,7.0,62.6086956521739,29.0434782608696,7.0,635360.217391304,-2153565.0,3577,13.464033879700192,57.68934255943758,27.486413572962178
2003-05-08,251,2003-05-08,5.26086956521739,61.8260869565217,31.7391304347826,6.8695652173913,635360.217391304,-2153565.0,3577,7.223835526432376,59.54883103165966,31.814284786416263
2003-05-24,252,2003-05-24,2.34782608695652,63.0,33.1304347826087,6.52173913043478,635360.217391304,-2153565.0,3577,1.1817428768564497,62.13280971282465,35.31576970612652
2003-07-03,253,2003-07-03,1.0,57.304347826087,40.3478260869565,6.0,635360.217391304,-2153565.0,3577,0.0,61.72443749546072,38.84101522383348
2003-07-19,254,2003-07-19,1.65217391304348,55.6521739130435,41.3913043478261,6.0,635360.217391304,-2153565.0,3577,1.5792683558194678,57.98084053514606,39.14309637057738
2003-07-27,255,2003-07-27,0.91304347826087,57.2173913043478,40.4347826086956,6.0,635360.217391304,-2153565.0,3577,1.2073522116594737,57.0483514331861,40.431130318053874
2003-08-04,256,2003-08-04,0.304347826086957,56.2173913043478,42.5217391304348,6.0,635360.217391304,-2153565.0,3577,0.6730889248050713,57.46730117371335,40.58145408232296
2003-08-12,257,2003-08-12,0.652173913043478,65.8695652173913,32.2608695652174,6.0,635360.217391304,-2153565.0,3577,0.6106404028061481,57.21134525723788,40.94074440836516
2003-08-20,258,2003-08-20,0.956521739130435,53.3478260869565,44.2608695652174,6.0,635360.217391304,-2153565.0,3577,0.6342692171201114,57.73957379273515,40.43392695606387
2003-08-28,259,2003-08-28,0.478260869565217,58.2173913043478,40.0,6.0,635360.217391304,-2153565.0,3577,0.4476051610254733,59.09788891952499,39.25114769467394
2003-09-05,260,2003-09-05,0.0869565217391304,55.6086956521739,43.3478260869565,6.0,635360.217391304,-2153565.0,3577,0.3042358099565881,59.22294598656616,39.33905211761671
2003-09-21,261,2003-09-21,0.0,65.4347826086957,33.6521739130435,6.0,635360.217391304,-2153565.0,3577,0.28409361536292277,60.5577659653488,38.11881428572203
2003-09-29,262,2003-09-29,0.434782608695652,59.0434782608696,39.3478260869565,6.0,635360.217391304,-2153565.0,3577,0.15887087740632272,62.37577081687067,36.49184776724948
2003-10-07,263,2003-10-07,0.130434782608696,67.8695652173913,31.1304347826087,6.0,635360.217391304,-2153565.0,3577,0.339319450236077,63.760279833227656,35.01913216679148
2003-10-15,264,2003-10-15,0.0,63.5217391304348,35.695652173913,6.0,635360.217391304,-2153565.0,3577,0.5136862061077198,65.34999957639985,33.31030821378956
2003-10-23,265,2003-10-23,0.0,63.8260869565217,35.4782608695652,6.0,635360.217391304,-2153565.0,3577,0.0,65.12016695109006,34.27876578932736
2003-11-08,266,2003-11-08,0.0,68.4347826086957,30.6086956521739,6.0,635360.217391304,-2153565.0,3577,0.0,65.49881978851727,34.85130437329167
2003-11-16,267,2003-11-16,0.0869565217391304,60.7826086956522,38.1739130434783,6.0,635360.217391304,-2153565.0,3577,0.0,64.51185729221552,35.83279048237774
2003-11-24,268,2003-11-24,0.0,62.2173913043478,37.0,6.0,635360.217391304,-2153565.0,3577,0.0,63.163967085299284,36.55913513137041
2003-12-02,269,2003-12-02,0.0,62.695652173913,36.3478260869565,6.04347826086957,635360.217391304,-2153565.0,3577,2.217047808517311,60.01584715395351,36.61347084498651
2004-01-03,270,2004-01-03,6.34782608695652,57.8695652173913,34.3478260869565,7.0,635360.217391304,-2153565.0,3577,8.542989969100983,55.6759246549413,34.54309489770163
2004-01-19,271,2004-01-19,18.5217391304348,48.304347826087,31.695652173913,9.78260869565217,635360.217391304,-2153565.0,3577,17.968478145971442,48.88360084405058,31.8004401076614
2004-01-27,272,2004-01-27,27.2173913043478,42.0,29.304347826087,7.39130434782609,635360.217391304,-2153565.0,3577,28.863216704585245,42.90975580759805,26.847184887353325
2004-02-04,273,2004-02-04,36.3529411764706,37.7058823529412,24.6470588235294,8.23529411764706,635353.235294118,-2153572.05882353,3577,38.55760922179958,37.692965895922654,22.328381890323257
2004-02-20,274,2004-02-20,50.5217391304348,33.2608695652174,15.0434782608696,10.7391304347826,635360.217391304,-2153565.0,3577,44.81430586857137,33.086967370534055,20.6949710338563
2004-02-28,275,2004-02-28,49.5652173913044,28.7826086956522,20.1739130434783,10.1304347826087,635360.217391304,-2153565.0,3577,46.327254011211664,32.13005091884753,20.220506100121323
2004-03-07,276,2004-03-07,42.8636363636364,37.5454545454545,18.1363636363636,9.59090909090909,635357.727272727,-2153567.72727273,3577,42.80916398292731,35.11065133439286,20.766322802724673
2004-03-15,277,2004-03-15,33.6086956521739,41.1739130434783,24.0434782608696,7.0,635360.217391304,-2153565.0,3577,35.72436473268135,40.62058718332617,22.27168560314604
2004-03-23,278,2004-03-23,24.7272727272727,42.3636363636364,31.3636363636364,5.0,635368.636363636,-2153578.63636364,3577,27.801186314153853,45.10675813119797,25.655062906131192
2004-03-31,279,2004-03-31,18.9130434782609,53.7826086956522,25.9565217391304,7.56521739130435,635360.217391304,-2153565.0,3577,18.762492376538866,53.15347642221407,26.670276698181983
2004-04-08,280,2004-04-08,13.3913043478261,60.8695652173913,24.2608695652174,7.21739130434783,635360.217391304,-2153565.0,3577,12.261927521978006,58.41526500048718,27.889627646980646
2004-04-24,281,2004-04-24,8.63157894736842,62.8421052631579,26.8947368421053,7.0,635361.315789474,-2153563.42105263,3577,9.068162862131665,61.7068976354762,27.765248249970348
2004-05-02,282,2004-05-02,7.0,61.304347826087,30.304347826087,7.0,635360.217391304,-2153565.0,3577,7.211378825989055,63.42140519892477,27.800122060562423
2004-05-10,283,2004-05-10,6.39130434782609,63.9130434782609,28.2608695652174,7.0,635360.217391304,-2153565.0,3577,5.983874932301613,64.95603581215182,27.445352633207644
2004-05-18,284,2004-05-18,2.73913043478261,72.6086956521739,23.0,6.0,635360.217391304,-2153565.0,3577,5.040361605082319,64.57664087793978,28.756224387388137
2004-05-26,285,2004-05-26,9.0,51.0,38.0,9.0,635385.0,-2153595.0,3577,4.14884107751967,64.27834925521549,29.903674776664488
2004-06-03,286,2004-06-03,2.04347826086957,71.5217391304348,25.0,6.8695652173913,635360.217391304,-2153565.0,3577,3.313027593443108,65.01754815806171,30.083644997845848
2004-06-11,287,2004-06-11,1.42857142857143,66.7142857142857,30.3333333333333,6.42857142857143,635356.428571429,-2153565.0,3577,2.270970267838532,66.05103473864308,30.203411181224745
2004-06-19,288,2004-06-19,0.173913043478261,65.6521739130435,33.0,6.04347826086957,635360.217391304,-2153565.0,3577,1.157406818726793,66.36328577090313,31.172499716557788
2004-06-27,289,2004-06-27,0.857142857142857,66.3333333333333,31.5714285714286,6.04761904761905,635359.285714286,-2153565.0,3577,0.3645246932364441,67.00397166434664,31.527839190911607
2004-07-05,290,2004-07-05,0.0,70.1304347826087,28.9565217391304,6.0,635360.217391304,-2153565.0,3577,0.0,67.54649590548435,31.63893063906051
2004-07-21,291,2004-07-21,0.0,65.4347826086957,33.8260869565217,6.0,635360.217391304,-2153565.0,3577,0.0,68.34326852309411,31.196085379147064
2004-07-29,292,2004-07-29,0.0,67.6666666666667,31.3809523809524,6.0,635359.285714286,-2153566.42857143,3577,0.26964891347711284,67.00941809569157,31.8276244776399
2004-08-06,293,2004-08-06,0.0,67.4347826086957,31.695652173913,6.0,635360.217391304,-2153565.0,3577,0.0,67.72279423362005,31.382107774215072
2004-08-14,294,2004-08-14,0.0,69.9565217391304,29.0434782608696,6.0,635360.217391304,-2153565.0,3577,0.0010709441319212143,67.79086991887165,31.253708735733944
2004-08-22,295,2004-08-22,0.0,66.0869565217391,32.9565217391304,6.0,635360.217391304,-2153565.0,3577,0.0,68.14796389502601,30.92869409048783
2004-09-07,296,2004-09-07,0.0,70.3913043478261,28.5217391304348,6.0,635360.217391304,-2153565.0,3577,0.03980539584254154,69.15294437692111,29.822740323341606
2004-09-15,297,2004-09-15,0.0,67.7826086956522,31.304347826087,6.0,635360.217391304,-2153565.0,3577,0.0,69.54274199797457,29.51634160248607
2004-09-23,298,2004-09-23,0.0,68.9130434782609,30.2173913043478,6.0,635360.217391304,-2153565.0,3577,0.0,70.3226108481085,28.797435256442924
2004-10-01,299,2004-10-01,0.0,76.0,23.2173913043478,6.0,635360.217391304,-2153565.0,3577,0.0,70.6371166859687,28.481362761611564
2004-10-09,300,2004-10-09,0.0,68.3478260869565,30.7391304347826,6.0,635360.217391304,-2153565.0,3577,0.0,70.93889410270098,28.171946328894602
2004-10-17,301,2004-10-17,0.0,70.304347826087,28.7826086956522,6.0,635360.217391304,-2153565.0,3577,0.0,71.38135091452102,27.693207586594223
2004-10-25,302,2004-10-25,0.0,69.2608695652174,29.7826086956522,6.78260869565217,635360.217391304,-2153565.0,3577,0.009287925696593027,70.46318293362603,28.59456091088456
2004-11-02,303,2004-11-02,0.0,73.3333333333333,25.6666666666667,6.0,635369.0,-2153543.0,3577,0.7993000403821644,68.5450290724115,29.671831645713368
2004-11-10,304,2004-11-10,0.0,64.3913043478261,34.5652173913044,6.0,635360.217391304,-2153565.0,3577,0.3475683910247245,67.28413583319698,31.426028983463084
2004-11-18,305,2004-11-18,0.0,70.3913043478261,28.7826086956522,6.0,635360.217391304,-2153565.0,3577,0.0,68.4356486157434,32.647330156714204
2004-11-26,306,2004-11-26,0.0,64.6521739130435,34.5217391304348,6.0,635360.217391304,-2153565.0,3577,0.0,69.20340882027156,32.60722063584515
2004-12-04,307,2004-12-04,0.0,63.5652173913044,35.5652173913044,6.0,635360.217391304,-2153565.0,3577,0.0,66.91708053017462,32.77254224607857
2004-12-12,308,2004-12-12,0.0,67.8695652173913,31.1304347826087,6.65217391304348,635360.217391304,-2153565.0,3577,3.9556621447600184,63.37154597319895,31.712034709464035
2004-12-20,309,2004-12-20,0.2,70.0666666666667,28.8666666666667,6.0,635363.0,-2153559.0,3577,9.622859755668923,59.24799405735393,30.039540911814004
2005-01-13,310,2005-01-13,17.4782608695652,53.5652173913044,27.5217391304348,8.0,635360.217391304,-2153565.0,3577,15.20097215287289,56.34932847696176,27.172717748102386
2005-02-06,311,2005-02-06,31.0625,41.75,25.6875,8.4375,635362.5,-2153551.875,3577,19.40070165901918,52.71739920463728,26.472561200069364
2005-02-14,312,2005-02-14,23.0869565217391,48.5652173913044,26.9130434782609,8.04347826086956,635360.217391304,-2153565.0,3577,21.494666837063328,50.2841783894677,26.75108840602619
2005-02-22,313,2005-02-22,17.0,53.695652173913,27.8260869565217,7.73913043478261,635360.217391304,-2153565.0,3577,20.469092232751837,49.621398478572374,28.421807911203324
2005-03-02,314,2005-03-02,12.8695652173913,57.1304347826087,28.4347826086957,7.21739130434783,635360.217391304,-2153565.0,3577,16.875704224094815,51.3098060171008,30.339669640154753
2005-03-10,315,2005-03-10,10.9565217391304,54.9565217391304,32.695652173913,7.0,635360.217391304,-2153565.0,3577,11.664827730326312,55.21547413072859,31.671559585454244
2005-03-26,316,2005-03-26,8.19047619047619,52.5238095238095,38.0476190476191,7.0,635359.285714286,-2153565.0,3577,6.581160850511036,59.47820085501712,32.50992416960336
2005-04-03,317,2005-04-03,6.04347826086957,60.4782608695652,31.9130434782609,7.0,635360.217391304,-2153565.0,3577,4.957456212481999,60.39103625790736,33.181239135139926
2005-04-11,318,2005-04-11,3.52173913043478,65.8695652173913,29.0869565217391,6.0,635360.217391304,-2153565.0,3577,4.956035280313589,60.2663349944239,33.29689624487206
2005-04-19,319,2005-04-19,4.8695652173913,58.6086956521739,34.9565217391304,6.78260869565217,635360.217391304,-2153565.0,3577,4.142096451863384,60.199094446976005,34.14757992701669
2005-04-27,320,2005-04-27,3.30434782608696,60.2173913043478,34.9565217391304,6.78260869565217,635360.217391304,-2153565.0,3577,3.835051651240833,58.95405831141146,35.69866751479525
2005-05-05,321,2005-05-05,3.69565217391304,57.5217391304348,37.304347826087,6.21739130434783,635360.217391304,-2153565.0,3577,3.3636523022423868,58.286956031965076,36.846872732507435
2005-05-13,322,2005-05-13,4.52631578947368,54.1578947368421,39.9473684210526,6.78947368421053,635358.157894737,-2153577.63157895,3577,3.3027344196441817,56.79636499882764,38.41903687440162
2005-05-21,323,2005-05-21,2.39130434782609,56.1739130434783,39.9130434782609,6.1304347826087,635360.217391304,-2153565.0,3577,3.3273943752185473,54.92788644359193,40.30551736556937
2005-05-29,324,2005-05-29,3.17391304347826,53.3478260869565,42.0,6.1304347826087,635360.217391304,-2153565.0,3577,3.2576074236418937,55.15172899447782,40.16118843713514
2005-06-06,325,2005-06-06,3.04347826086957,57.9130434782609,37.7391304347826,6.04347826086957,635360.217391304,-2153565.0,3577,3.147517301933734,56.27414515119678,39.16398834248882
2005-06-14,326,2005-06-14,2.17391304347826,59.5652173913044,36.695652173913,6.0,635360.217391304,-2153565.0,3577,3.4159423724813145,55.571542339240246,39.56454339950676
2005-06-22,327,2005-06-22,5.30434782608696,51.4347826086956,41.8260869565217,6.52173913043478,635360.217391304,-2153565.0,3577,3.316802647444516,56.31675013213443,38.91018242230013
2005-06-30,328,2005-06-30,3.0,55.8260869565217,39.8695652173913,6.30434782608696,635360.217391304,-2153565.0,3577,3.2127628236046344,56.08345830900977,39.2744556206747
2005-07-08,329,2005-07-08,2.47826086956522,58.3478260869565,37.6521739130435,6.0,635360.217391304,-2153565.0,3577,3.014718627221809,55.30534019188958,40.22671421959703
2005-07-16,330,2005-07-16,2.7,53.3,42.45,6.1,635356.5,-2153574.0,3577,2.477502454470722,54.37353962499198,41.67546296077778
2005-07-24,331,2005-07-24,1.73913043478261,53.0434782608696,43.7826086956522,6.0,635360.217391304,-2153565.0,3577,1.6654845356552386,54.428986479927325,42.460701399818774
2005-08-01,332,2005-08-01,0.739130434782609,58.6521739130435,39.3478260869565,6.04347826086957,635360.217391304,-2153565.0,3577,1.1771492742011915,55.49856873506604,41.915482417697206
2005-08-09,333,2005-08-09,1.34782608695652,50.6086956521739,46.5652173913044,6.0,635360.217391304,-2153565.0,3577,0.8354732493242482,56.1185653086902,41.68756842161122
2005-08-17,334,2005-08-17,1.0,56.3478260869565,41.1739130434783,6.0,635360.217391304,-2153565.0,3577,1.1988714610196194,53.863477281897026,43.6097172110366
2005-08-25,335,2005-08-25,0.652173913043478,57.304347826087,41.0,6.04347826086957,635360.217391304,-2153565.0,3577,1.2818428243758067,54.69424532364043,42.74617213980345
2005-09-02,336,2005-09-02,1.08695652173913,58.304347826087,39.304347826087,6.0,635360.217391304,-2153565.0,3577,1.451580222598277,55.11138138875697,42.13259643134114
2005-09-18,337,2005-09-18,3.39130434782609,50.6086956521739,44.6521739130435,6.04347826086957,635360.217391304,-2153565.0,3577,1.6825097488958491,56.51288284583345,40.47537764322908
2005-09-26,338,2005-09-26,0.608695652173913,53.7826086956522,44.3478260869565,6.0,635360.217391304,-2153565.0,3577,1.4412214859939314,58.09929620430859,39.17646909903304
2005-10-04,339,2005-10-04,1.43478260869565,59.1739130434783,37.9130434782609,6.1304347826087,635360.217391304,-2153565.0,3577,0.712688146670505,58.197355413889554,39.84513214666477
2005-10-20,340,2005-10-20,0.0434782608695652,69.7391304347826,29.1304347826087,6.95652173913043,635360.217391304,-2153565.0,3577,0.37488161507781115,58.441848557161464,39.94011043909158
2005-10-28,341,2005-10-28,0.217391304347826,54.6086956521739,43.8695652173913,6.52173913043478,635360.217391304,-2153565.0,3577,0.6895584433835089,60.90900693996967,37.17468190887881
2005-11-05,342,2005-11-05,0.0526315789473684,62.1578947368421,36.7894736842105,7.0,635358.157894737,-2153552.36842105,3577,1.1706479584815879,61.055839885042865,36.6120167350301
2005-11-13,343,2005-11-13,0.0,52.2608695652174,46.6086956521739,6.43478260869565,635360.217391304,-2153565.0,3577,0.8527592211120817,58.642053547124355,39.32938445940215
2005-11-21,344,2005-11-21,2.43478260869565,59.4347826086956,36.695652173913,6.8695652173913,635360.217391304,-2153565.0,3577,0.0,57.71858508542233,41.40167684929108
2005-12-07,345,2005-12-07,4.05882352941176,66.2352941176471,28.4705882352941,7.47058823529412,635353.235294118,-2153572.05882353,3577,0.0,56.740669239315906,42.16912803736676
2005-12-23,346,2005-12-23,1.47826086956522,50.2608695652174,46.9565217391304,6.73913043478261,635360.217391304,-2153565.0,3577,2.066225988372287,56.40640625860645,40.155400255430806
2006-01-08,347,2006-01-08,0.478260869565217,45.9565217391304,52.2173913043478,6.43478260869565,635360.217391304,-2153565.0,3577,7.146236992746182,54.75676059744791,36.72426975012899
2006-01-24,348,2006-01-24,7.52173913043478,58.4782608695652,32.5217391304348,7.0,635360.217391304,-2153565.0,3577,13.720450667737552,49.419152226789606,35.50849274133016
2006-02-01,349,2006-02-01,21.9130434782609,57.1304347826087,19.6086956521739,8.82608695652174,635360.217391304,-2153565.0,3577,19.64765866884308,47.21093468485285,31.849338574845667
2006-02-09,350,2006-02-09,32.9375,33.8125,32.0625,8.0625,635358.75,-2153570.625,3577,23.269775275427122,44.58822990542754,30.84325161260724
2006-02-17,351,2006-02-17,27.9130434782609,43.1739130434783,27.5652173913043,8.0,635360.217391304,-2153565.0,3577,25.321986491407642,46.21564868898981,27.110785701530432
2006-02-25,352,2006-02-25,26.8695652173913,40.8695652173913,31.0869565217391,7.95652173913043,635360.217391304,-2153565.0,3577,25.184145304997642,46.14759963472052,27.329667959906637
2006-03-05,353,2006-03-05,17.7826086956522,51.6086956521739,29.1739130434783,7.43478260869565,635360.217391304,-2153565.0,3577,24.81388958709377,45.0878446341407,28.73317736745257
2006-03-13,354,2006-03-13,19.1666666666667,54.5,24.75,7.75,635355.0,-2153560.0,3577,25.283630872769677,44.702194499902234,28.641297313195373
2006-03-29,355,2006-03-29,26.6666666666667,41.3333333333333,30.6190476190476,8.14285714285714,635356.428571429,-2153562.14285714,3577,27.584190970760886,45.849755220266005,25.198576698682313
2006-04-14,356,2006-04-14,36.9473684210526,42.8421052631579,19.0,9.21052631578947,635359.736842105,-2153561.84210526,3577,32.101211936743184,45.39208995939937,21.176129329006773
2006-04-22,357,2006-04-22,39.9565217391304,33.5652173913044,25.304347826087,9.08695652173913,635360.217391304,-2153565.0,3577,37.16806669592268,41.85019344023304,19.708968822599957
2006-04-30,358,2006-04-30,44.4347826086956,49.8260869565217,4.39130434782609,12.7391304347826,635360.217391304,-2153565.0,3577,40.015062140046396,40.65346726749512,18.093562458985794
2006-05-08,359,2006-05-08,36.7391304347826,38.2608695652174,23.8695652173913,9.1304347826087,635360.217391304,-2153565.0,3577,41.25411939194788,39.42043505657416,18.121376032767863
2006-05-16,360,2006-05-16,36.1739130434783,42.1739130434783,20.3478260869565,8.95652173913044,635360.217391304,-2153565.0,3577,39.392427712887155,41.02782349883779,18.34831624156967
2006-05-24,361,2006-05-24,37.8695652173913,41.0434782608696,19.7826086956522,9.21739130434783,635360.217391304,-2153565.0,3577,37.30066210235472,42.28982223387938,19.136360621921103
2006-06-01,362,2006-06-01,36.6521739130435,40.7826086956522,21.304347826087,9.08695652173913,635360.217391304,-2153565.0,3577,35.1846864586219,42.96884663465201,20.522107855797074
2006-06-09,363,2006-06-09,34.1739130434783,44.8695652173913,19.6086956521739,9.04347826086956,635360.217391304,-2153565.0,3577,33.86913637544726,43.852169077665714,20.922899015102104
2006-06-17,364,2006-06-17,32.6521739130435,45.6086956521739,20.3478260869565,8.95652173913044,635360.217391304,-2153565.0,3577,32.07813172155136,44.86675540100634,21.668340005663463
2006-06-25,365,2006-06-25,28.695652173913,49.4782608695652,20.3913043478261,8.47826086956522,635360.217391304,-2153565.0,3577,30.34363442452907,47.985256229831094,20.209340262641874
2006-07-03,366,2006-07-03,28.1304347826087,47.6086956521739,22.7391304347826,8.1304347826087,635360.217391304,-2153565.0,3577,27.010632119256428,49.52253924564397,22.017819977838236
2006-07-11,367,2006-07-11,22.6521739130435,53.1739130434783,22.6521739130435,7.0,635360.217391304,-2153565.0,3577,23.721346226794285,52.005146152802936,22.7990355317014
2006-07-19,368,2006-07-19,22.2173913043478,51.3913043478261,25.0434782608696,8.0,635360.217391304,-2153565.0,3577,20.73794244017887,53.99245197189942,23.80003620521001
2006-07-27,369,2006-07-27,16.8695652173913,59.4347826086956,22.1739130434783,7.95652173913043,635360.217391304,-2153565.0,3577,17.595172528370867,56.491187436864834,24.456789777724353
2006-08-04,370,2006-08-04,15.2608695652174,58.1739130434783,25.0869565217391,7.34782608695652,635360.217391304,-2153565.0,3577,14.613158941944288,59.555995945760245,24.349630993918325
2006-08-12,371,2006-08-12,10.6521739130435,62.9565217391304,25.0869565217391,7.17391304347826,635360.217391304,-2153565.0,3577,12.116290922361607,62.23868013463597,24.184094921429786
2006-08-20,372,2006-08-20,10.1304347826087,64.1739130434783,24.0434782608696,7.0,635360.217391304,-2153565.0,3577,9.735365480863088,65.23902559614667,23.59787968290611
2006-08-28,373,2006-08-28,8.39130434782609,68.0869565217391,22.1304347826087,7.0,635360.217391304,-2153565.0,3577,7.847240041780537,67.71019058115905,22.98822771655245
2006-09-13,374,2006-09-13,6.1304347826087,71.1304347826087,21.2608695652174,7.0,635360.217391304,-2153565.0,3577,6.263262180341275,70.318089734323,21.971847816670547
2006-09-21,375,2006-09-21,5.5625,70.625,22.4375,7.0,635362.5,-2153551.875,3577,5.108707006749384,72.19375272391088,21.290893123900773
2006-09-29,376,2006-09-29,3.82608695652174,73.0869565217391,21.8260869565217,7.0,635360.217391304,-2153565.0,3577,4.097515081386792,73.31125160453382,21.138154305981605
2006-10-07,377,2006-10-07,2.60869565217391,75.304347826087,20.4782608695652,6.82608695652174,635360.217391304,-2153565.0,3577,3.574046192062886,72.09362430541863,22.888793162682582
2006-10-15,378,2006-10-15,3.17391304347826,73.1739130434783,22.1304347826087,6.0,635360.217391304,-2153565.0,3577,3.1101808660442454,72.59428145887217,22.891397714208598
2006-11-08,379,2006-11-08,3.06666666666667,72.5333333333333,23.2,7.0,635361.0,-2153569.0,3577,3.715871159956277,72.20544629798161,22.70291579634187
2006-11-16,380,2006-11-16,1.26086956521739,72.2608695652174,25.0,7.0,635360.217391304,-2153565.0,3577,0.48709467104432125,76.58973821640936,21.59806394473423
2006-11-24,381,2006-11-24,2.73913043478261,73.0869565217391,22.7826086956522,7.0,635360.217391304,-2153565.0,3577,0.0,80.08311173278342,20.676575779850385
2006-12-02,382,2006-12-02,0.173913043478261,82.0869565217391,16.7391304347826,7.0,635360.217391304,-2153565.0,3577,0.0,80.57048375749216,19.314444397637438
2006-12-10,383,2006-12-10,0.260869565217391,86.4782608695652,11.8695652173913,6.0,635360.217391304,-2153565.0,3577,3.676276207302709,75.96504249551973,19.05919534765663
2006-12-18,384,2006-12-18,1.60869565217391,74.2608695652174,22.695652173913,7.0,635360.217391304,-2153565.0,3577,10.327719285693238,70.41873963967404,17.88765516351735
2007-01-03,385,2007-01-03,8.82608695652174,73.2173913043478,16.4347826086957,7.0,635360.217391304,-2153565.0,3577,17.89527590011909,64.3696488372661,16.392425450438893
2007-02-12,386,2007-02-12,41.4347826086956,39.1304347826087,18.1739130434783,9.39130434782609,635360.217391304,-2153565.0,3577,24.201415356748925,59.99874240713298,14.512947276170319
2007-02-20,387,2007-02-20,35.0,50.304347826087,13.6521739130435,9.1304347826087,635360.217391304,-2153565.0,3577,27.412698487401613,57.57460792000251,13.726709822683013
2007-02-28,388,2007-02-28,24.5217391304348,60.0434782608696,14.0869565217391,8.34782608695652,635360.217391304,-2153565.0,3577,27.101567566902055,58.62772333332774,13.051403166759954
2007-03-16,389,2007-03-16,15.1739130434783,78.4347826086957,5.1304347826087,8.43478260869565,635360.217391304,-2153565.0,3577,22.8163199030038,62.58612675518458,13.426283502469406
2007-03-24,390,2007-03-24,14.9565217391304,68.9565217391304,15.0869565217391,8.0,635360.217391304,-2153565.0,3577,15.941031508534856,67.74643689866801,15.070516507315958
2007-04-09,391,2007-04-09,8.17391304347826,70.7826086956522,19.6086956521739,8.0,635360.217391304,-2153565.0,3577,8.518588559104186,73.5288187381226,16.671616712804123
2007-04-17,392,2007-04-17,5.52173913043478,69.0869565217391,24.0869565217391,7.95652173913043,635360.217391304,-2153565.0,3577,3.6555466340088696,76.61316500163113,18.36422280102176
2007-04-25,393,2007-04-25,4.26086956521739,73.3478260869565,21.1304347826087,7.34782608695652,635360.217391304,-2153565.0,3577,3.5648248641916664,73.61032318064466,21.525173977990775
2007-05-03,394,2007-05-03,2.04347826086957,73.304347826087,23.2173913043478,7.65217391304348,635360.217391304,-2153565.0,3577,2.1840914503449884,72.24896573340777,24.390544709022677
2007-05-27,395,2007-05-27,0.304347826086957,79.0434782608696,19.6086956521739,7.0,635360.217391304,-2153565.0,3577,0.7327313956738076,71.2960718108007,26.880969212503746
2007-06-04,396,2007-06-04,0.130434782608696,73.3478260869565,25.6521739130435,7.0,635360.217391304,-2153565.0,3577,0.0,71.39486533118529,28.09420556559724
2007-06-12,397,2007-06-12,0.0434782608695652,58.304347826087,40.695652173913,5.8695652173913,635360.217391304,-2153565.0,3577,0.0,69.52805156882731,30.211942049062316
2007-06-28,398,2007-06-28,0.0,67.5652173913043,31.8695652173913,7.91304347826087,635360.217391304,-2153565.0,3577,0.10771151045749272,67.52687257552314,31.438957798153538
2007-07-06,399,2007-07-06,1.30434782608696,68.0,29.4347826086957,7.91304347826087,635360.217391304,-2153565.0,3577,2.285421806622164,64.59391234689771,32.076184146982975
2007-07-14,400,2007-07-14,4.73913043478261,65.5217391304348,28.5217391304348,7.78260869565217,635360.217391304,-2153565.0,3577,5.67342779713135,62.903543757350455,30.281457941703806
2007-07-22,401,2007-07-22,8.52173913043478,62.4782608695652,27.7826086956522,7.95652173913043,635360.217391304,-2153565.0,3577,9.456985335298636,61.13393034478402,28.1548895982156
2007-07-30,402,2007-07-30,14.0,58.4347826086956,26.1739130434783,8.04347826086956,635360.217391304,-2153565.0,3577,13.216053186523196,59.91101152789703,25.56885350848431
2007-08-07,403,2007-08-07,17.8695652173913,55.0,25.695652173913,8.04347826086956,635360.217391304,-2153565.0,3577,15.615359456679217,58.63439659374244,24.41958568236671
2007-08-15,404,2007-08-15,15.8695652173913,57.9565217391304,25.0,8.0,635360.217391304,-2153565.0,3577,16.345407428506842,56.76838495758583,25.54579033712024
2007-08-23,405,2007-08-23,15.3636363636364,60.5909090909091,22.9545454545455,8.13636363636364,635363.181818182,-2153566.36363636,3577,15.085838756500614,58.591102744454886,24.962135167781298
2007-08-31,406,2007-08-31,12.0,58.5217391304348,27.8695652173913,8.0,635360.217391304,-2153565.0,3577,12.259891285305827,61.13725219211402,25.206697144064137
2007-09-08,407,2007-09-08,8.18181818181818,65.5,24.8636363636364,7.95454545454545,635361.818181818,-2153562.27272727,3577,7.927049003076656,65.5371825949256,25.211578231967536
2007-09-24,408,2007-09-24,3.47826086956522,68.3913043478261,26.7391304347826,7.8695652173913,635360.217391304,-2153565.0,3577,4.4978950979629575,66.713398444161,27.41272293298954
2007-10-02,409,2007-10-02,3.26086956521739,66.4782608695652,28.9130434782609,7.0,635360.217391304,-2153565.0,3577,2.588733847192326,67.3171520228224,28.689473187878086
2007-10-26,410,2007-10-26,0.0434782608695652,71.5217391304348,27.2173913043478,7.0,635360.217391304,-2153565.0,3577,1.6579589599937323,66.99238196181602,30.025027090527548
2007-11-27,411,2007-11-27,0.0,66.4782608695652,32.6086956521739,8.0,635360.217391304,-2153565.0,3577,1.3523114387293225,67.02214514967586,30.497529369714847
2007-12-13,412,2007-12-13,1.56521739130435,65.304347826087,31.695652173913,7.0,635360.217391304,-2153565.0,3577,0.31534140916287123,68.85992994754923,29.821609135240404
2007-12-29,413,2007-12-29,6.17391304347826,58.0434782608696,34.4782608695652,7.0,635360.217391304,-2153565.0,3577,0.4546970057805316,67.97225482821453,30.604027685864537
2008-01-14,414,2008-01-14,0.0,77.3333333333333,22.3333333333333,5.0,635295.0,-2153565.0,3577,1.683583612510541,67.30690615526062,30.044630269891627
2008-01-30,415,2008-01-30,0.304347826086957,66.5217391304348,32.304347826087,7.0,635360.217391304,-2153565.0,3577,3.932945638288974,63.88500555843794,31.15958062666441
2008-02-07,416,2008-02-07,3.56521739130435,66.0,29.1304347826087,7.0,635360.217391304,-2153565.0,3577,6.640333149148952,61.38888705855079,30.80801753099046
2008-02-15,417,2008-02-15,7.73913043478261,57.1304347826087,33.5652173913044,7.0,635360.217391304,-2153565.0,3577,9.218079403432707,58.64343508601618,30.843624854523465
2008-03-02,418,2008-03-02,19.3478260869565,43.6521739130435,35.695652173913,7.0,635360.217391304,-2153565.0,3577,11.105335638918568,57.03780591463142,30.467126089681773
2008-03-10,419,2008-03-10,11.9565217391304,58.7826086956522,27.695652173913,7.04347826086957,635360.217391304,-2153565.0,3577,11.908784041370755,54.114315755578374,32.44861236488157
2008-03-18,420,2008-03-18,10.1304347826087,55.3478260869565,33.0434782608696,7.04347826086957,635360.217391304,-2153565.0,3577,11.350495647842173,54.455718643084325,32.6917742821584
2008-03-26,421,2008-03-26,6.47826086956522,66.8695652173913,25.2173913043478,6.78260869565217,635360.217391304,-2153565.0,3577,8.431673455093918,58.834381798028964,31.350757332580606
2008-04-03,422,2008-04-03,5.39130434782609,55.304347826087,38.1304347826087,6.60869565217391,635360.217391304,-2153565.0,3577,5.10996783536753,61.790927069959444,31.72298952225116
2008-04-11,423,2008-04-11,1.0,64.7826086956522,32.8695652173913,6.95652173913043,635360.217391304,-2153565.0,3577,2.2525285994121003,64.391618746031,32.006638132356855
2008-04-19,424,2008-04-19,1.60869565217391,58.3913043478261,38.6086956521739,6.95652173913043,635360.217391304,-2153565.0,3577,0.7258368499180479,64.30792292912747,33.66388764687494
2008-04-27,425,2008-04-27,1.08695652173913,74.9565217391304,22.695652173913,8.04347826086956,635360.217391304,-2153565.0,3577,0.9094307227298186,63.00195133980705,34.872122997471116
2008-05-05,426,2008-05-05,0.652173913043478,56.8260869565217,41.1304347826087,6.60869565217391,635360.217391304,-2153565.0,3577,0.3667869349656356,61.469011537652236,36.96162012035062
2008-05-21,427,2008-05-21,0.347826086956522,58.7391304347826,40.0,6.43478260869565,635360.217391304,-2153565.0,3577,0.37250634679623473,58.755748357166404,39.728906844932666
2008-07-08,428,2008-07-08,0.217391304347826,57.0434782608696,41.8260869565217,6.1304347826087,635360.217391304,-2153565.0,3577,0.3207417162188518,58.51029654151676,40.08930109464574
2008-07-24,429,2008-07-24,0.4,56.0,42.45,6.05,635356.5,-2153556.0,3577,0.3626560812991825,56.155747604117195,42.46875743047541
2008-08-09,430,2008-08-09,0.0,55.2608695652174,43.6521739130435,6.1304347826087,635360.217391304,-2153565.0,3577,0.04546631185478284,56.049247562228835,42.953291862257046
2008-08-17,431,2008-08-17,0.173913043478261,52.6086956521739,46.2173913043478,6.60869565217391,635360.217391304,-2153565.0,3577,0.09200101285171908,55.09720176175135,43.8512369310527
2008-08-25,432,2008-08-25,0.0,63.3913043478261,35.7826086956522,6.52173913043478,635360.217391304,-2153565.0,3577,0.0647952128635838,57.11930565059339,41.82904291158479
2008-09-10,433,2008-09-10,0.0,56.0434782608696,42.9130434782609,6.60869565217391,635360.217391304,-2153565.0,3577,0.06482533484820845,54.96705125537257,43.91368192313158
2008-09-18,434,2008-09-18,0.0869565217391304,48.0,50.9130434782609,6.39130434782609,635360.217391304,-2153565.0,3577,0.057731230944306156,53.06622318318928,45.800475786153456
2008-09-26,435,2008-09-26,0.0869565217391304,54.5652173913044,44.2608695652174,6.08695652173913,635360.217391304,-2153565.0,3577,0.08162869570864034,52.78176245613875,46.077596115010174
2008-10-04,436,2008-10-04,0.217391304347826,50.0869565217391,48.304347826087,6.0,635360.217391304,-2153565.0,3577,0.12760049211790467,50.05570119743554,48.70452192173771
2008-10-12,437,2008-10-12,0.0,52.4782608695652,46.5217391304348,6.0,635360.217391304,-2153565.0,3577,0.12238938877784805,50.11535590536053,48.62171211477256
2008-10-20,438,2008-10-20,0.217391304347826,46.0,52.7391304347826,6.04347826086957,635360.217391304,-2153565.0,3577,0.1153060158309683,52.20914729367307,46.60374623356832
2008-10-28,439,2008-10-28,0.0,58.2173913043478,40.8695652173913,6.04347826086957,635360.217391304,-2153565.0,3577,0.0823655861345872,56.69928877600664,42.2101979547737
2008-11-13,440,2008-11-13,0.130434782608696,58.1739130434783,40.7391304347826,6.69565217391304,635360.217391304,-2153565.0,3577,0.28314247186231084,56.78494524125658,41.9140849877091
2008-11-21,441,2008-11-21,0.0,51.3478260869565,47.3913043478261,6.65217391304348,635360.217391304,-2153565.0,3577,1.8042194938813543,53.335934178435295,43.906105851785114
2008-11-29,442,2008-11-29,0.0,71.1304347826087,28.1304347826087,6.95652173913043,635360.217391304,-2153565.0,3577,0.0,55.98187431986569,43.96311574188154
2008-12-07,443,2008-12-07,0.0,49.7826086956522,49.3478260869565,6.0,635360.217391304,-2153565.0,3577,0.0,58.86452680744438,43.825181631003574
2008-12-15,444,2008-12-15,0.130434782608696,48.4347826086956,50.2173913043478,6.0,635360.217391304,-2153565.0,3577,0.0,60.34650276932074,42.44212787827467
2008-12-23,445,2008-12-23,0.0,51.0869565217391,48.0869565217391,6.0,635360.217391304,-2153565.0,3577,0.5556851951386047,58.91083509913009,39.549966394543716
2008-12-31,446,2008-12-31,0.0555555555555556,73.2222222222222,25.9444444444444,7.0,635361.666666667,-2153566.66666667,3577,8.748402608639624,57.00885653097548,33.22696836642621
2009-01-16,447,2009-01-16,5.0,74.8181818181818,18.8181818181818,7.27272727272727,635374.090909091,-2153545.90909091,3577,19.916435545662964,52.777092519062414,26.23335929003514
2009-02-17,448,2009-02-17,44.695652173913,31.695652173913,22.3913043478261,9.47826086956522,635360.217391304,-2153565.0,3577,30.373176082036508,47.753364356546825,20.669304544433878
2009-03-05,449,2009-03-05,47.0,35.0952380952381,16.7142857142857,9.0,635362.142857143,-2153559.28571429,3577,38.305805376181716,46.521025004318,13.90355511662111
2009-03-13,450,2009-03-13,44.9130434782609,41.5217391304348,12.2608695652174,9.04347826086956,635360.217391304,-2153565.0,3577,42.25772643354954,43.58929950707929,12.800269911000154
2009-03-21,451,2009-03-21,37.9565217391304,46.8260869565217,13.8695652173913,9.0,635360.217391304,-2153565.0,3577,41.286852311886705,43.529603917387774,13.797075931224533
2009-03-29,452,2009-03-29,31.0434782608696,52.3478260869565,15.0869565217391,8.04347826086956,635360.217391304,-2153565.0,3577,35.48745350255261,48.45107259511674,14.675339199208604
2009-04-06,453,2009-04-06,22.4736842105263,59.1052631578947,16.8947368421053,8.0,635358.157894737,-2153571.31578947,3577,27.303107465840476,56.3738966740774,14.932049835990892
2009-04-14,454,2009-04-14,23.9130434782609,62.1304347826087,12.7391304347826,8.17391304347826,635360.217391304,-2153565.0,3577,20.17479995756861,60.94149061400243,17.435847352905196
2009-04-22,455,2009-04-22,19.4347826086957,56.5652173913044,22.6521739130435,8.0,635360.217391304,-2153565.0,3577,18.08729965473893,59.738637312311894,20.725197502298364
2009-04-30,456,2009-04-30,15.3913043478261,60.5217391304348,22.5652173913043,7.30434782608696,635360.217391304,-2153565.0,3577,15.66176845874243,60.367310891874865,22.53725217191665
2009-05-08,457,2009-05-08,13.5217391304348,62.7826086956522,22.0,7.34782608695652,635360.217391304,-2153565.0,3577,13.866963777766468,60.89414901751137,23.785267406676397
2009-05-16,458,2009-05-16,12.6521739130435,55.7391304347826,30.304347826087,6.0,635360.217391304,-2153565.0,3577,11.976424989097579,62.56386413141013,23.96413754787762
2009-05-24,459,2009-05-24,8.78260869565217,66.7826086956522,22.9130434782609,7.0,635360.217391304,-2153565.0,3577,9.800020193618497,64.30159052500125,24.350333940343823
2009-06-01,460,2009-06-01,7.8695652173913,71.3913043478261,19.2173913043478,7.0,635360.217391304,-2153565.0,3577,7.400341141383313,67.31647395614057,23.736373183245668
2009-06-09,461,2009-06-09,6.69565217391304,68.9130434782609,22.8260869565217,7.0,635360.217391304,-2153565.0,3577,6.00747590005812,70.04691781497843,22.407706709762852
2009-06-25,462,2009-06-25,4.1304347826087,70.6086956521739,23.6086956521739,6.95652173913043,635360.217391304,-2153565.0,3577,4.240742431615401,71.52856929043774,22.70042556716063
2009-07-11,463,2009-07-11,2.26086956521739,74.304347826087,21.9565217391304,6.56521739130435,635360.217391304,-2153565.0,3577,2.8523392074336784,73.20029425412636,22.393210504662257
2009-07-19,464,2009-07-19,1.30434782608696,71.8260869565217,25.4347826086957,6.47826086956522,635360.217391304,-2153565.0,3577,1.6887410610654827,75.09935454233701,21.695457322321758
2009-07-27,465,2009-07-27,1.47826086956522,78.8695652173913,18.1739130434783,6.0,635360.217391304,-2153565.0,3577,1.0803729854744548,75.60798496158787,21.89451563377741
2009-08-04,466,2009-08-04,1.08695652173913,75.1739130434783,22.2173913043478,6.04347826086957,635360.217391304,-2153565.0,3577,0.6053587010646283,77.11015327382462,20.89638978600842
2009-08-12,467,2009-08-12,0.173913043478261,78.6521739130435,19.9565217391304,6.08695652173913,635360.217391304,-2153565.0,3577,0.6762093741497768,78.50512685590257,19.45639701528495
2009-08-20,468,2009-08-20,1.08695652173913,80.8695652173913,16.6521739130435,6.04347826086957,635360.217391304,-2153565.0,3577,0.8705846583083136,79.13014579980688,18.618421287956803
2009-08-28,469,2009-08-28,0.0434782608695652,80.0,18.7391304347826,6.0,635360.217391304,-2153565.0,3577,0.9070228465838909,79.42882033835215,18.275436368716726
2009-09-05,470,2009-09-05,2.04347826086957,75.4782608695652,20.9130434782609,6.04347826086957,635360.217391304,-2153565.0,3577,0.8221560375281051,79.99543746062943,17.818483979337426
2009-09-13,471,2009-09-13,0.565217391304348,80.4782608695652,17.5217391304348,6.04347826086957,635360.217391304,-2153565.0,3577,0.7656914360372641,77.80354943659742,20.06730914349407
2009-09-21,472,2009-09-21,0.608695652173913,80.6086956521739,17.5217391304348,6.0,635360.217391304,-2153565.0,3577,0.6604188650223478,77.50633173528772,20.509543491906847
2009-09-29,473,2009-09-29,0.173913043478261,76.8260869565217,21.7391304347826,6.0,635360.217391304,-2153565.0,3577,0.4444960074250034,77.67055114758895,20.63214844113716
2009-10-07,474,2009-10-07,0.217391304347826,76.7826086956522,21.9130434782609,6.0,635360.217391304,-2153565.0,3577,1.1764310531302957,79.39120017595073,18.264218439609444
2009-10-15,475,2009-10-15,0.173913043478261,78.5217391304348,20.0869565217391,6.0,635360.217391304,-2153565.0,3577,0.2504614782175328,80.05946079763703,18.522371692109132
2009-10-23,476,2009-10-23,0.304347826086957,79.2608695652174,19.304347826087,6.0,635360.217391304,-2153565.0,3577,0.0,83.12302571569066,17.013955891998844
2009-10-31,477,2009-10-31,0.0,93.3333333333333,5.66666666666667,8.66666666666667,635325.0,-2153515.0,3577,0.0,84.77691062021468,16.621304840443557
2009-11-08,478,2009-11-08,0.608695652173913,80.5217391304348,17.5652173913043,6.0,635360.217391304,-2153565.0,3577,0.0,83.04735326591671,16.711248961024353
2009-11-16,479,2009-11-16,0.434782608695652,77.3478260869565,20.9565217391304,6.0,635360.217391304,-2153565.0,3577,4.538511427997893,77.21837874064477,17.13557811148078
2009-12-02,480,2009-12-02,0.130434782608696,73.6521739130435,25.1739130434783,6.0,635360.217391304,-2153565.0,3577,9.289391319407422,71.90067997241508,17.699660594260184
2010-01-11,481,2010-01-11,20.695652173913,71.8260869565217,6.60869565217391,10.0,635360.217391304,-2153565.0,3577,15.79091577422206,65.00276557470362,18.124801971481197
2010-01-19,482,2010-01-19,28.9130434782609,43.2608695652174,26.6521739130435,8.08695652173913,635360.217391304,-2153565.0,3577,23.64196444287623,56.699476724639865,18.577446917059177
2010-02-04,483,2010-02-04,36.6,48.7333333333333,13.4666666666667,9.53333333333333,635357.0,-2153561.0,3577,30.39175749542774,52.01905052365977,16.42878695316196
2010-02-12,484,2010-02-12,27.695652173913,59.4347826086956,11.7826086956522,8.0,635360.217391304,-2153565.0,3577,34.65746032133992,50.245795394529274,13.90150581683556
2010-02-20,485,2010-02-20,26.9130434782609,56.8695652173913,14.8260869565217,7.95652173913043,635360.217391304,-2153565.0,3577,35.95806549083709,49.28442401587442,13.497512582986403
2010-03-08,486,2010-03-08,45.0434782608696,38.0869565217391,15.7391304347826,10.0,635360.217391304,-2153565.0,3577,34.256830395336536,51.36443961655199,13.151334419605426
2010-03-24,487,2010-03-24,31.7391304347826,55.1304347826087,11.7391304347826,8.78260869565217,635360.217391304,-2153565.0,3577,30.467816071392086,55.078829233754355,13.266865722779734
2010-04-09,488,2010-04-09,23.6521739130435,65.2173913043478,9.91304347826087,9.43478260869565,635360.217391304,-2153565.0,3577,27.46576909427488,58.39472846441955,13.02501084861906
2010-04-17,489,2010-04-17,23.0869565217391,54.9565217391304,21.2173913043478,22.0869565217391,635360.217391304,-2153565.0,3577,23.61281483356779,58.87594574402148,16.351154252484406
2010-04-25,490,2010-04-25,19.0869565217391,66.6521739130435,13.0,9.0,635360.217391304,-2153565.0,3577,19.113285018922202,62.41877075676115,17.247743372522045
2010-05-03,491,2010-05-03,13.5652173913043,65.0,20.2173913043478,8.0,635360.217391304,-2153565.0,3577,13.066854803560322,66.47908281424583,19.18287128584324
2010-05-11,492,2010-05-11,8.91304347826087,65.695652173913,23.8695652173913,7.0,635360.217391304,-2153565.0,3577,8.475201605500494,68.26321894553475,21.976327347437266
2010-05-19,493,2010-05-19,6.69565217391304,67.8260869565217,24.2608695652174,8.73913043478261,635360.217391304,-2153565.0,3577,6.619046319139544,68.39774278755623,23.769261294631278
2010-05-27,494,2010-05-27,3.43478260869565,72.8260869565217,22.3913043478261,9.0,635360.217391304,-2153565.0,3577,3.3327763903879473,70.4256562972974,25.126558235586657
2010-06-04,495,2010-06-04,0.0869565217391304,74.0434782608696,25.1304347826087,9.0,635360.217391304,-2153565.0,3577,0.9923057155523063,73.23893968461456,24.782678756157374
2010-06-20,496,2010-06-20,0.0,71.304347826087,28.0434782608696,8.52173913043478,635360.217391304,-2153565.0,3577,0.11701073189831898,73.74968264336528,25.36295549247791
2010-06-28,497,2010-06-28,0.0,74.4761904761905,24.9047619047619,8.0,635356.428571429,-2153565.0,3577,0.0,73.62241310086489,25.881065002208018
2010-07-14,498,2010-07-14,0.0,76.0,23.1739130434783,8.0,635360.217391304,-2153565.0,3577,0.0,73.96229837232968,25.690578841363088
2010-07-22,499,2010-07-22,0.0,73.8260869565217,25.4347826086957,8.0,635360.217391304,-2153565.0,3577,0.0,74.28915600667386,25.290332713942185
2010-07-30,500,2010-07-30,0.0,78.6521739130435,20.6086956521739,8.0,635360.217391304,-2153565.0,3577,0.08996966151359687,76.6529219433356,22.68436418531222
2010-08-15,501,2010-08-15,0.0,72.0454545454545,27.5454545454545,8.0,635361.818181818,-2153563.63636364,3577,0.307423092454679,80.55353921154426,18.548871312485304
2010-08-23,502,2010-08-23,0.0,83.0,16.3478260869565,8.0,635360.217391304,-2153565.0,3577,0.0,84.10402517670988,15.633523138712352
2010-08-31,503,2010-08-31,0.0,94.25,5.75,14.2,635361.0,-2153556.0,3577,0.0,85.85804012206319,13.742288932894311
2010-09-08,504,2010-09-08,0.0,83.7391304347826,15.695652173913,7.69565217391304,635360.217391304,-2153565.0,3577,0.3509521841732917,85.33220905123042,13.848831747430348
2010-09-24,505,2010-09-24,0.0434782608695652,88.7391304347826,10.3478260869565,7.60869565217391,635360.217391304,-2153565.0,3577,0.34897511516162566,83.80002563505147,15.276725024871872
2010-10-02,506,2010-10-02,0.0,76.8695652173913,22.4347826086957,7.82608695652174,635360.217391304,-2153565.0,3577,0.0,79.29509359439095,20.704436103425277
2010-10-18,507,2010-10-18,0.0,71.6521739130435,27.695652173913,7.95652173913043,635360.217391304,-2153565.0,3577,0.0,75.76073352830073,23.496296184752502
2010-11-19,508,2010-11-19,3.30434782608696,69.5217391304348,25.695652173913,8.0,635360.217391304,-2153565.0,3577,1.183441769829089,71.31427655400512,26.406770309068747
2010-12-05,509,2010-12-05,0.181818181818182,71.1818181818182,27.6363636363636,8.0,635361.818181818,-2153562.27272727,3577,2.470586795480269,71.00854689851292,25.297082193124602
2010-12-13,510,2010-12-13,3.95652173913043,74.5652173913043,20.1739130434783,8.0,635360.217391304,-2153565.0,3577,6.592970232122926,71.30151487318585,20.94225306564534
2010-12-21,511,2010-12-21,13.1304347826087,67.5217391304348,18.0869565217391,9.1304347826087,635360.217391304,-2153565.0,3577,11.71223002330646,70.63679239786556,16.51226451933506
2010-12-29,512,2010-12-29,24.4444444444444,74.8888888888889,0.0,9.0,635355.0,-2153580.0,3577,19.598479045422337,69.56741172136796,9.80444605871838
2011-01-06,513,2011-01-06,21.4285714285714,62.5714285714286,14.7142857142857,7.85714285714286,635337.857142857,-2153565.0,3577,28.326559855783817,65.49016456688112,5.309807643621509
2011-01-30,514,2011-01-30,35.0909090909091,64.0,0.272727272727273,14.2727272727273,635382.272727273,-2153584.09090909,3577,36.68605438948384,59.90694395566295,2.6065862086122715
2011-02-07,515,2011-02-07,48.695652173913,50.695652173913,0.0,12.0,635360.217391304,-2153565.0,3577,42.78095606007692,55.3687894941009,1.020968874368783
2011-02-15,516,2011-02-15,43.9130434782609,53.695652173913,1.43478260869565,11.0,635360.217391304,-2153565.0,3577,45.743967307501386,51.70372038334651,1.7012039221804245
2011-02-23,517,2011-02-23,52.1739130434783,46.9130434782609,0.0,10.6521739130435,635360.217391304,-2153565.0,3577,46.21875964194686,50.79241425330313,2.0545501480654274
2011-03-27,518,2011-03-27,41.1428571428571,51.2380952380952,6.42857142857143,11.0,635356.428571429,-2153562.14285714,3577,45.396975498732075,50.242058505343486,3.3179690144283374
2011-04-12,519,2011-04-12,40.6086956521739,53.7391304347826,4.56521739130435,11.0434782608696,635360.217391304,-2153565.0,3577,42.89824036061111,52.22687869853598,3.8223776492716803
2011-04-20,520,2011-04-20,37.4782608695652,58.7826086956522,2.78260869565217,10.9130434782609,635360.217391304,-2153565.0,3577,38.9098617988047,56.30771982985436,3.677413401871053
2011-04-28,521,2011-04-28,38.3478260869565,55.4782608695652,5.0,10.1739130434783,635360.217391304,-2153565.0,3577,36.09141430651188,59.952289420984194,2.8900134728640285
2011-05-06,522,2011-05-06,33.9130434782609,62.9130434782609,2.21739130434783,10.0,635360.217391304,-2153565.0,3577,34.04490313831573,61.01662464604075,3.8955585066428626
2011-05-14,523,2011-05-14,32.8095238095238,59.9523809523809,6.09523809523809,10.0,635362.142857143,-2153559.28571429,3577,30.88473576048832,62.12511242514352,5.932966167855579
2011-05-22,524,2011-05-22,27.1739130434783,69.5217391304348,2.43478260869565,9.78260869565217,635360.217391304,-2153565.0,3577,28.429220409415382,62.689754674803865,7.8145264144916
2011-05-30,525,2011-05-30,25.695652173913,65.9130434782609,7.08695652173913,9.30434782608696,635360.217391304,-2153565.0,3577,25.039930186917953,64.02961569322169,9.7864543250516
2011-06-07,526,2011-06-07,20.3478260869565,53.7391304347826,24.6521739130435,8.47826086956522,635360.217391304,-2153565.0,3577,22.44771023385574,65.5901453865281,10.768421982735898
2011-06-15,527,2011-06-15,20.4782608695652,71.1304347826087,7.30434782608696,9.39130434782609,635360.217391304,-2153565.0,3577,19.725000736237504,69.15917465223202,9.884503906376171
2011-06-23,528,2011-06-23,17.2173913043478,75.695652173913,5.78260869565217,9.0,635360.217391304,-2153565.0,3577,17.79356402111552,72.29562724258102,8.630673237112926
2011-07-01,529,2011-07-01,17.2,78.0,3.45,8.85,635361.0,-2153560.5,3577,15.817519439323501,76.23074323261635,6.645656539806849
2011-07-17,530,2011-07-17,15.5217391304348,78.2608695652174,4.8695652173913,9.0,635360.217391304,-2153565.0,3577,14.316297177043454,79.552092408858,4.8334233743097155
2011-08-02,531,2011-08-02,9.9,84.2,4.7,8.05,635356.5,-2153556.0,3577,11.949535415450987,83.67360363420494,3.090102668901504
2011-08-10,532,2011-08-10,9.56521739130435,86.6086956521739,2.52173913043478,9.0,635360.217391304,-2153565.0,3577,9.973913890657592,85.61017633596785,3.10511231264314
2011-08-18,533,2011-08-18,9.69565217391304,81.304347826087,7.69565217391304,8.0,635360.217391304,-2153565.0,3577,7.835260983462804,85.96986577830631,4.914145048650974
2011-08-26,534,2011-08-26,6.47826086956522,88.9130434782609,3.34782608695652,8.0,635360.217391304,-2153565.0,3577,6.86047901485947,87.77112092375285,4.15735494146389
2011-09-03,535,2011-09-03,5.30434782608696,90.4782608695652,3.08695652173913,7.95652173913043,635360.217391304,-2153565.0,3577,6.139594017503989,88.06713659202583,4.611251179833072
2011-09-11,536,2011-09-11,4.47826086956522,89.6086956521739,4.56521739130435,8.0,635360.217391304,-2153565.0,3577,6.331548341279526,87.82233362275124,4.608242793684291
2011-09-19,537,2011-09-19,7.73913043478261,86.7391304347826,4.52173913043478,9.0,635360.217391304,-2153565.0,3577,6.133075902424832,87.05243423959313,5.578700139541949
2011-09-27,538,2011-09-27,5.69565217391304,86.8260869565217,6.30434782608696,8.82608695652174,635360.217391304,-2153565.0,3577,5.823696292937575,87.95335738429051,5.058380978288691
2011-10-13,539,2011-10-13,5.95652173913043,86.4782608695652,6.34782608695652,8.0,635360.217391304,-2153565.0,3577,3.6957018617398045,90.78084783703292,4.4336110114135545
2011-10-21,540,2011-10-21,3.0,90.3478260869565,5.39130434782609,8.0,635360.217391304,-2153565.0,3577,1.8506592344252766,91.94170158820822,5.164322822149485
2011-10-29,541,2011-10-29,3.34782608695652,93.3478260869565,2.30434782608696,10.0,635360.217391304,-2153565.0,3577,2.2678171875234034,92.21475031899013,4.530834423349562
2011-11-06,542,2011-11-06,2.21428571428571,92.6428571428571,4.64285714285714,15.0714285714286,635380.714285714,-2153562.85714286,3577,6.786536588998889,87.71607521565826,4.529028986896123
2011-11-14,543,2011-11-14,7.26086956521739,90.8260869565217,0.869565217391304,9.69565217391304,635360.217391304,-2153565.0,3577,11.179592718492648,83.37463546009882,4.451380158406007
2011-12-08,544,2011-12-08,12.6521739130435,75.7826086956522,10.3478260869565,9.91304347826087,635360.217391304,-2153565.0,3577,17.245449260657345,77.08532415221259,4.63732269883768
2011-12-24,545,2011-12-24,33.695652173913,59.4347826086956,5.65217391304348,10.6086956521739,635360.217391304,-2153565.0,3577,22.571539579006934,71.44651673537399,4.897359673573771
2012-01-25,546,2012-01-25,32.7826086956522,64.2608695652174,1.8695652173913,10.2608695652174,635360.217391304,-2153565.0,3577,26.974363934526686,66.05209317677246,5.791528012761851
2012-02-10,547,2012-02-10,23.9130434782609,67.5652173913043,7.21739130434783,9.95652173913044,635360.217391304,-2153565.0,3577,28.169088115159404,64.71693671272199,5.79687315172727
2012-02-26,548,2012-02-26,15.304347826087,79.6086956521739,3.91304347826087,9.95652173913044,635360.217391304,-2153565.0,3577,25.853284794280306,67.47877182761702,5.336267298450134
2012-03-29,549,2012-03-29,27.8695652173913,63.3913043478261,7.47826086956522,10.0,635360.217391304,-2153565.0,3577,20.349516953466434,73.0138776292631,5.4326740006043135
2012-04-14,550,2012-04-14,15.0,77.3181818181818,6.54545454545455,9.18181818181818,635361.818181818,-2153562.27272727,3577,13.856540374983105,79.12444481819647,5.894255876701267
2012-04-30,551,2012-04-30,10.2608695652174,79.8695652173913,8.52173913043478,10.0,635360.217391304,-2153565.0,3577,8.09512571579316,82.94298596309966,7.981240616782534
2012-06-01,552,2012-06-01,1.0952380952381,92.1428571428571,6.0,12.7142857142857,635362.142857143,-2153566.42857143,3577,5.184180702766403,83.5293290308948,10.42047180603026
2012-06-17,553,2012-06-17,0.0526315789473684,85.2105263157895,14.3684210526316,9.21052631578947,635361.315789474,-2153563.42105263,3577,2.107279094363532,84.25217717168837,12.896363947219863
2012-07-03,554,2012-07-03,0.0,82.3913043478261,16.9565217391304,8.95652173913044,635360.217391304,-2153565.0,3577,0.0,83.19398534033391,16.753963365355744
2012-07-19,555,2012-07-19,0.0,79.3913043478261,19.7391304347826,9.21739130434783,635360.217391304,-2153565.0,3577,0.0,82.49928056791853,18.725113849321424
2012-08-04,556,2012-08-04,0.0,77.2608695652174,22.0,9.0,635360.217391304,-2153565.0,3577,0.0,78.39039928676306,21.127360588162475
2012-08-20,557,2012-08-20,0.0,75.4285714285714,23.6666666666667,9.0,635362.142857143,-2153559.28571429,3577,0.15078108620482714,76.18647571180517,22.935388222873193
2012-09-05,558,2012-09-05,0.0,80.1363636363636,19.2727272727273,9.0,635361.818181818,-2153567.72727273,3577,1.4492608557331395,75.30387694068949,22.47009684339327
2012-09-21,559,2012-09-21,0.0,76.7826086956522,22.3913043478261,8.0,635360.217391304,-2153565.0,3577,0.0,78.91485403481579,21.708696524573252
2012-10-07,560,2012-10-07,0.0,81.05,18.2,8.95,635356.5,-2153560.5,3577,0.0,82.15705232327831,19.541407656586337
2012-10-23,561,2012-10-23,0.0,76.0434782608696,23.2173913043478,8.91304347826087,635360.217391304,-2153565.0,3577,0.0,82.43543151801629,17.701341092012594
2012-11-08,562,2012-11-08,0.0869565217391304,85.3478260869565,13.5652173913043,8.08695652173913,635360.217391304,-2153565.0,3577,2.8196105621439194,81.14335906386114,15.081825361320815
2012-11-24,563,2012-11-24,1.34782608695652,87.1739130434783,10.2173913043478,10.0,635360.217391304,-2153565.0,3577,7.426309787750987,77.97905210954255,13.538767859937412
2012-12-10,564,2012-12-10,5.34782608695652,77.2173913043478,16.2608695652174,8.8695652173913,635360.217391304,-2153565.0,3577,12.045913762806535,73.49550177241233,13.247078879189903
2012-12-26,565,2012-12-26,31.4615384615385,59.0,8.46153846153846,14.7692307692308,635359.615384615,-2153567.30769231,3577,14.957083547051987,70.27763669900189,13.530785419210675
2013-01-27,566,2013-01-27,17.8695652173913,59.6521739130435,21.1304347826087,8.0,635360.217391304,-2153565.0,3577,15.844211196775479,66.78355499437421,16.018869118266554
2013-02-12,567,2013-02-12,11.1578947368421,72.0,15.4736842105263,8.0,635358.157894737,-2153577.63157895,3577,14.016641394351417,64.98121679100652,19.666248814864684
2013-03-16,568,2013-03-16,5.73913043478261,66.0,26.7826086956522,7.95652173913043,635360.217391304,-2153565.0,3577,10.275992353655058,64.69292492403653,23.71334465215405
2013-03-22,569,2013-03-22,4.43478260869565,69.8260869565217,24.4782608695652,7.91304347826087,635360.217391304,-2153565.0,3577,5.610387688611453,67.82647741049607,25.22840800536813
2013-04-17,570,2013-04-17,0.65,71.65,26.6,8.0,635367.0,-2153562.0,3577,1.1387806311769544,71.23973589338657,26.35012655476947
2013-04-25,571,2013-04-25,2.0,67.2173913043478,29.304347826087,7.95652173913043,635360.217391304,-2153565.0,3577,0.0,72.58677463559269,26.930722113026402
2013-05-03,572,2013-05-03,0.19047619047619,73.6190476190476,25.4285714285714,7.61904761904762,635362.142857143,-2153559.28571429,3577,0.999734106484883,71.77960985484478,26.111289720541166
2013-05-11,573,2013-05-11,2.0,74.1304347826087,22.5217391304348,7.69565217391304,635360.217391304,-2153565.0,3577,0.696683924431054,71.77034444219399,26.527417308548454
2013-05-19,574,2013-05-19,0.130434782608696,72.4782608695652,26.5217391304348,7.73913043478261,635360.217391304,-2153565.0,3577,0.6177954375539718,72.8729989107118,25.604223183868122
2013-06-04,575,2013-06-04,0.0434782608695652,70.0,29.1739130434783,7.65217391304348,635360.217391304,-2153565.0,3577,0.8822619409574615,71.23760131149697,26.91273241497636
2013-06-12,576,2013-06-12,2.0,70.0,26.8695652173913,7.60869565217391,635360.217391304,-2153565.0,3577,1.0665452463808656,70.61502584102148,27.380950050080457
2013-07-06,577,2013-07-06,0.0,69.5238095238095,29.7619047619048,7.19047619047619,635359.285714286,-2153567.85714286,3577,1.2346379223144104,68.54839640324548,29.194943343545816
2013-07-14,578,2013-07-14,2.0,67.4782608695652,29.3913043478261,7.0,635360.217391304,-2153565.0,3577,1.392950209479817,66.23898329873919,31.27132908819077
2013-07-30,579,2013-07-30,2.0,64.7826086956522,31.7826086956522,7.0,635360.217391304,-2153565.0,3577,1.430433881638406,64.89198431127734,32.54447006755043
2013-08-15,580,2013-08-15,2.0,61.9565217391304,34.7391304347826,7.0,635360.217391304,-2153565.0,3577,1.634702220648941,64.2493891445202,32.91089672654668
2013-08-23,581,2013-08-23,0.0,67.1304347826087,32.1739130434783,7.0,635360.217391304,-2153565.0,3577,1.4958417541535511,64.38261334841337,32.92467345549368
2013-08-31,582,2013-08-31,2.0,60.8260869565217,35.695652173913,7.0,635360.217391304,-2153565.0,3577,1.0403455744684504,65.40973793884623,32.462803224255325
2013-09-08,583,2013-09-08,0.0,69.6086956521739,29.6521739130435,7.0,635360.217391304,-2153565.0,3577,0.8721594733169685,67.924670984035,30.22999700853848
2013-09-16,584,2013-09-16,2.0,67.695652173913,29.1304347826087,7.0,635360.217391304,-2153565.0,3577,0.5556649569301855,66.914867319188,31.649422696389898
2013-09-24,585,2013-09-24,0.0,71.1818181818182,28.1363636363636,6.36363636363636,635357.727272727,-2153563.63636364,3577,0.6588892329906286,68.08877838835582,30.378663083629228
2013-10-10,586,2013-10-10,0.0,68.2173913043478,30.9130434782609,7.0,635360.217391304,-2153565.0,3577,0.46417884175314317,68.5706971536419,30.082260016560888
2013-10-26,587,2013-10-26,0.0,66.4782608695652,32.8695652173913,7.0,635360.217391304,-2153565.0,3577,0.5156610787246708,67.590006971689,30.98412169212866
2013-11-03,588,2013-11-03,2.0,63.6086956521739,33.0869565217391,7.0,635360.217391304,-2153565.0,3577,0.38505138322800403,68.90462930404264,29.799767829664617
2013-11-11,589,2013-11-11,0.0434782608695652,62.7826086956522,36.0434782608696,7.0,635360.217391304,-2153565.0,3577,2.2227133969320314,64.2488038277416,32.48143219254103
2013-11-27,590,2013-11-27,0.0869565217391304,81.4782608695652,17.6086956521739,7.0,635360.217391304,-2153565.0,3577,0.0,65.41793453550451,33.556164921968346
2013-12-13,591,2013-12-13,0.545454545454545,55.5,42.7272727272727,6.04545454545455,635361.818181818,-2153566.36363636,3577,0.0,65.89368963247371,34.81071327746611
2013-12-21,592,2013-12-21,2.0,63.1304347826087,33.4782608695652,7.0,635360.217391304,-2153565.0,3577,0.0,67.06413864771997,33.75041689425232
2013-12-29,593,2013-12-29,0.173913043478261,64.9130434782609,33.6521739130435,7.0,635360.217391304,-2153565.0,3577,0.5784775681494017,64.60641391182895,33.46487027821345
2014-01-30,594,2014-01-30,1.60869565217391,54.2173913043478,42.6521739130435,7.0,635360.217391304,-2153565.0,3577,7.279757162035593,60.20722183993594,31.111772244931245
2014-02-15,595,2014-02-15,1.8695652173913,80.8695652173913,15.8260869565217,4.78260869565217,635360.217391304,-2153565.0,3577,16.335182383907902,54.308217089135056,27.871077905802508
2014-03-11,596,2014-03-11,37.8260869565217,35.6086956521739,25.1739130434783,9.0,635360.217391304,-2153565.0,3577,25.029445181278835,49.21039029619527,24.320217405420397
2014-03-19,597,2014-03-19,36.5652173913044,42.695652173913,19.3478260869565,12.695652173913,635360.217391304,-2153565.0,3577,31.750190615679205,46.11430116524322,20.77978946615061
2014-03-27,598,2014-03-27,37.0,34.9565217391304,26.5217391304348,8.91304347826087,635360.217391304,-2153565.0,3577,34.60529939840232,41.91472136692936,22.10504383219088
2014-04-04,599,2014-04-04,34.6521739130435,47.695652173913,16.4782608695652,9.47826086956522,635360.217391304,-2153565.0,3577,33.279945488615994,42.69781295564744,22.672525078902076
2014-04-20,600,2014-04-20,22.1304347826087,47.7826086956522,28.8260869565217,7.95652173913043,635360.217391304,-2153565.0,3577,27.939168887374457,46.08832660137665,24.651564884163157
2014-04-28,601,2014-04-28,17.1304347826087,53.8260869565217,27.6521739130435,7.56521739130435,635360.217391304,-2153565.0,3577,20.012084799031623,51.669537825203804,26.939665664792876
2014-05-06,602,2014-05-06,13.2608695652174,57.1739130434783,28.0,7.34782608695652,635360.217391304,-2153565.0,3577,12.531641732878267,60.26110771714933,25.79244823018835
2014-05-14,603,2014-05-14,10.304347826087,64.1304347826087,24.1304347826087,7.0,635360.217391304,-2153565.0,3577,9.775973151897126,62.09131244310018,26.7089736216093
2014-05-22,604,2014-05-22,9.25,63.5,26.0,10.0,635385.0,-2153512.5,3577,6.962573669430899,64.72864563084352,26.842972211523872
2014-06-07,605,2014-06-07,5.21739130434783,66.8260869565217,26.304347826087,6.78260869565217,635360.217391304,-2153565.0,3577,5.353238395739957,65.27873802061815,27.896379431575163
2014-06-23,606,2014-06-23,2.60869565217391,67.8260869565217,28.0869565217391,6.8695652173913,635360.217391304,-2153565.0,3577,4.500419354504027,66.84721847003793,27.19955061763782
2014-07-01,607,2014-07-01,4.04347826086957,65.304347826087,29.3913043478261,6.30434782608696,635360.217391304,-2153565.0,3577,3.0403218063396578,67.51040149780559,28.05932595469799
2014-07-09,608,2014-07-09,2.21739130434783,66.9565217391304,29.3913043478261,6.43478260869565,635360.217391304,-2153565.0,3577,2.3453149018160966,68.43418346358499,27.813556210913752
2014-07-17,609,2014-07-17,2.60869565217391,68.0434782608696,27.8260869565217,6.26086956521739,635360.217391304,-2153565.0,3577,1.9108603403593132,69.17594825418531,27.519143603733657
2014-07-25,610,2014-07-25,0.739130434782609,72.695652173913,25.304347826087,6.34782608695652,635360.217391304,-2153565.0,3577,1.964721978788185,69.69669891286831,26.914121515847206
2014-08-02,611,2014-08-02,3.04347826086957,70.695652173913,24.7826086956522,6.30434782608696,635360.217391304,-2153565.0,3577,1.9946677027371333,69.23993996310902,27.386323159942712
2014-08-10,612,2014-08-10,1.21739130434783,68.4782608695652,29.0,6.91304347826087,635360.217391304,-2153565.0,3577,1.9620152360760572,68.32485430842195,28.225771805253395
2014-08-18,613,2014-08-18,2.21739130434783,66.2173913043478,29.8260869565217,6.65217391304348,635360.217391304,-2153565.0,3577,1.6942378526034647,67.67347862797112,29.161589151186348
2014-08-26,614,2014-08-26,1.5,65.4,31.85,6.5,635361.0,-2153569.5,3577,1.7955399695200498,66.5368458705013,30.209539491329288
2014-09-03,615,2014-09-03,2.0,65.0,31.3913043478261,6.1304347826087,635360.217391304,-2153565.0,3577,1.4447016841011193,66.12917248318064,31.029123958551267
2014-09-11,616,2014-09-11,0.695652173913043,67.0434782608696,31.0869565217391,6.1304347826087,635360.217391304,-2153565.0,3577,1.4617502567426346,65.91888243670812,31.21470950639953
2014-09-19,617,2014-09-19,2.0,67.8695652173913,28.4782608695652,6.08695652173913,635360.217391304,-2153565.0,3577,1.116639384306467,66.91944722391966,30.643264630102152
2014-09-27,618,2014-09-27,0.0,69.6086956521739,29.5217391304348,6.04347826086957,635360.217391304,-2153565.0,3577,1.3238456926030662,67.5951774702515,29.78054934027702
2014-10-05,619,2014-10-05,2.0,65.1304347826087,31.3478260869565,6.0,635360.217391304,-2153565.0,3577,1.0930312788569334,68.21496799067458,29.41998014772512
2014-10-13,620,2014-10-13,0.91304347826087,68.2173913043478,29.6521739130435,7.0,635360.217391304,-2153565.0,3577,1.2603829069031118,67.41531533480989,29.98076523018868
2014-10-21,621,2014-10-21,2.0,67.8695652173913,28.5217391304348,6.0,635360.217391304,-2153565.0,3577,1.293252110656682,67.78262187401032,29.579878090675958
2014-10-29,622,2014-10-29,0.130434782608696,70.6521739130435,28.1739130434783,6.0,635360.217391304,-2153565.0,3577,1.477194363046881,69.66544829513231,27.449229865567155
2014-11-06,623,2014-11-06,2.0,67.8260869565217,28.5217391304348,6.0,635360.217391304,-2153565.0,3577,2.0298970110516366,69.28918893731426,27.260804614683984
2014-11-14,624,2014-11-14,0.391304347826087,69.8260869565217,28.3913043478261,6.43478260869565,635360.217391304,-2153565.0,3577,0.047961730018523774,70.90579725832401,27.589115420851776
2014-11-22,625,2014-11-22,2.0,70.9130434782609,25.6086956521739,6.21739130434783,635360.217391304,-2153565.0,3577,0.0,72.48571794337302,27.92510545047481
2014-11-30,626,2014-11-30,0.782608695652174,76.4782608695652,21.4782608695652,7.17391304347826,635360.217391304,-2153565.0,3577,0.0,71.18655109864169,27.866647150126624
2014-12-16,627,2014-12-16,2.47826086956522,63.6521739130435,32.4347826086956,6.95652173913043,635360.217391304,-2153565.0,3577,4.899615662301699,67.30214986251133,26.465419490990982
2015-01-01,628,2015-01-01,4.73913043478261,58.3913043478261,35.5652173913044,6.0,635360.217391304,-2153565.0,3577,12.27829889856897,59.27110727473283,27.10341253846031
2015-01-09,629,2015-01-09,12.1304347826087,67.9565217391304,18.6521739130435,8.60869565217391,635360.217391304,-2153565.0,3577,19.149300558101025,53.35250346637355,26.188524088641337
2015-01-25,630,2015-01-25,38.9565217391304,39.7826086956522,19.9130434782609,9.04347826086956,635360.217391304,-2153565.0,3577,25.638667497527564,49.08701252979695,23.904639915203056
2015-02-02,631,2015-02-02,38.8260869565217,37.0869565217391,22.7391304347826,9.0,635360.217391304,-2153565.0,3577,30.512707241602918,46.68795506552246,21.420063312643244
2015-02-10,632,2015-02-10,31.2608695652174,43.9130434782609,23.2173913043478,8.17391304347826,635360.217391304,-2153565.0,3577,33.25403624507985,46.52824783238678,18.818458496676172
2015-02-18,633,2015-02-18,22.7391304347826,53.8260869565217,22.1304347826087,8.0,635360.217391304,-2153565.0,3577,32.92570975037839,48.664645199097464,17.007692020813717
2015-02-26,634,2015-02-26,26.5652173913043,65.8695652173913,6.21739130434783,9.73913043478261,635360.217391304,-2153565.0,3577,29.817516145544317,50.65288627230012,18.135326029344277
2015-03-06,635,2015-03-06,30.4782608695652,47.8260869565217,20.3478260869565,8.91304347826087,635360.217391304,-2153565.0,3577,25.191371606399827,54.42754049630461,19.029907169883998
2015-03-14,636,2015-03-14,25.0,50.9130434782609,22.7391304347826,8.04347826086956,635360.217391304,-2153565.0,3577,21.094156808895622,59.06470454026136,18.527640626032948
2015-03-22,637,2015-03-22,19.0454545454545,59.3181818181818,20.3181818181818,8.0,635357.727272727,-2153567.72727273,3577,19.551622969227935,59.80266527363003,19.351886411900146
2015-03-30,638,2015-03-30,14.1304347826087,62.4782608695652,22.0869565217391,7.26086956521739,635360.217391304,-2153565.0,3577,16.374436667235152,60.00413428088896,22.308391391397492
2015-04-07,639,2015-04-07,10.1904761904762,65.3333333333333,23.2380952380952,7.04761904761905,635359.285714286,-2153565.0,3577,12.028743795840226,61.781310576449954,24.820825689600944
2015-04-15,640,2015-04-15,8.82608695652174,67.2173913043478,22.5217391304348,7.0,635360.217391304,-2153565.0,3577,7.653797337841202,65.39400608333398,25.630248852409245
2015-04-23,641,2015-04-23,6.08695652173913,65.0434782608696,27.4782608695652,7.0,635360.217391304,-2153565.0,3577,5.547898400243641,68.59501583706904,24.48514803557264
2015-05-01,642,2015-05-01,5.04347826086957,65.5652173913043,28.0,7.0,635360.217391304,-2153565.0,3577,4.448631391656283,68.16610199091593,26.003869018287634
2015-05-09,643,2015-05-09,2.7,67.05,28.85,7.0,635356.5,-2153574.0,3577,3.5337121444200097,68.44397732219787,26.61379426836981
2015-05-17,644,2015-05-17,2.26086956521739,76.0434782608696,20.4347826086957,7.0,635360.217391304,-2153565.0,3577,2.5494355875433294,69.5228313372378,26.574375906057526
2015-06-02,645,2015-06-02,2.56521739130435,69.304347826087,26.7826086956522,6.91304347826087,635360.217391304,-2153565.0,3577,2.0289512425448923,69.2888333360561,27.286872755345726
2015-06-18,646,2015-06-18,2.1304347826087,65.8695652173913,30.3913043478261,7.0,635360.217391304,-2153565.0,3577,1.4596204993720376,69.43045578128778,27.80238114748083
2015-06-26,647,2015-06-26,0.210526315789474,69.1052631578947,29.6842105263158,7.0,635358.157894737,-2153577.63157895,3577,1.429521343333289,69.3357286792848,27.946129592502352
2015-07-04,648,2015-07-04,2.0,69.304347826087,27.3478260869565,6.82608695652174,635360.217391304,-2153565.0,3577,1.1324802281478195,68.44364375094379,29.231983689238206
2015-07-12,649,2015-07-12,0.347826086956522,67.7391304347826,30.8260869565217,6.91304347826087,635360.217391304,-2153565.0,3577,1.2002746245966254,67.20448613123536,30.417704368206707
2015-07-20,650,2015-07-20,2.0,66.1304347826087,30.5217391304348,6.95652173913043,635360.217391304,-2153565.0,3577,0.9198670767569495,67.51966712138834,30.444533924504544
2015-07-28,651,2015-07-28,0.0,71.695652173913,27.695652173913,7.0,635360.217391304,-2153565.0,3577,1.0640160368528326,68.60615839290583,29.218447330320565
2015-08-05,652,2015-08-05,2.0,65.5652173913043,30.9130434782609,6.56521739130435,635360.217391304,-2153565.0,3577,1.1401313306946506,68.3618354205489,29.374685386532914
2015-08-13,653,2015-08-13,0.227272727272727,66.9090909090909,31.9090909090909,6.54545454545455,635357.727272727,-2153562.27272727,3577,0.9857469175209953,68.08973899952368,29.805008859070313
2015-08-21,654,2015-08-21,2.0,69.4347826086957,27.1739130434783,6.69565217391304,635360.217391304,-2153565.0,3577,1.0334677482285752,67.2779614314459,30.560395761437672
2015-08-29,655,2015-08-29,0.142857142857143,71.3333333333333,27.6666666666667,6.95238095238095,635359.285714286,-2153570.71428571,3577,1.1114920994120268,67.84908220778462,29.890508920398954
2015-09-06,656,2015-09-06,2.0,64.695652173913,31.9565217391304,7.0,635360.217391304,-2153565.0,3577,1.2041032018053537,68.5752094228852,29.046394152749166
2015-09-14,657,2015-09-14,0.105263157894737,68.5789473684211,30.3684210526316,6.42105263157895,635369.210526316,-2153560.26315789,3577,1.2354385736542004,69.75878651602189,27.85796483485775
2015-09-22,658,2015-09-22,2.0,69.6086956521739,27.0869565217391,6.73913043478261,635360.217391304,-2153565.0,3577,1.259131446728229,71.69176803976762,25.88666859255415
2015-10-08,659,2015-10-08,2.0,72.3478260869565,24.2608695652174,6.30434782608696,635360.217391304,-2153565.0,3577,1.2561637128730065,71.42907771287656,26.068360555990463
2015-10-16,660,2015-10-16,0.0,78.1739130434783,20.8695652173913,6.82608695652174,635360.217391304,-2153565.0,3577,1.2371677142913189,70.68908067652326,26.782412605491672
2015-10-24,661,2015-10-24,2.0,66.8260869565217,29.695652173913,6.08695652173913,635360.217391304,-2153565.0,3577,1.2210962659912667,70.84769888832562,26.619911393139624
2015-11-01,662,2015-11-01,0.173913043478261,68.3913043478261,30.2608695652174,6.82608695652174,635360.217391304,-2153565.0,3577,2.167260932570349,66.7147697988654,29.8632256703635
2015-11-09,663,2015-11-09,2.0,64.9565217391304,31.4347826086957,6.0,635360.217391304,-2153565.0,3577,0.9362749556537258,66.12509265661907,31.693040862166427
2015-11-17,664,2015-11-17,0.0,63.4782608695652,35.695652173913,6.0,635360.217391304,-2153565.0,3577,0.0,68.35250882031758,31.632823771309653
2015-11-25,665,2015-11-25,2.0,69.6521739130435,27.0,6.1304347826087,635360.217391304,-2153565.0,3577,0.0,69.6372358687268,30.859103337173522
2015-12-03,666,2015-12-03,0.0,69.9565217391304,29.1739130434783,6.78260869565217,635360.217391304,-2153565.0,3577,0.055966022527892734,71.05991032554388,27.690213328431426
2015-12-11,667,2015-12-11,2.0,67.6086956521739,28.9565217391304,6.0,635360.217391304,-2153565.0,3577,4.728804641392131,70.09481297090213,24.001461774505792
2015-12-19,668,2015-12-19,1.42857142857143,86.8571428571429,10.5,8.28571428571429,635342.142857143,-2153560.71428571,3577,13.340685997980943,63.72959125786913,21.666008569590648
2016-01-04,669,2016-01-04,27.3529411764706,45.8823529411765,25.4117647058824,8.64705882352941,635365.588235294,-2153549.11764706,3577,22.046426874492848,57.200401155533456,19.440252118793563
2016-01-12,670,2016-01-12,34.6521739130435,42.8260869565217,21.1304347826087,8.95652173913044,635360.217391304,-2153565.0,3577,30.181381646387095,49.01248069983335,19.385017047988356
2016-01-20,671,2016-01-20,37.5652173913044,45.9130434782609,15.0869565217391,8.8695652173913,635360.217391304,-2153565.0,3577,33.847896190570864,44.39797855616203,20.36201449409795
2016-02-05,672,2016-02-05,37.5217391304348,37.5652173913044,23.6521739130435,8.30434782608696,635360.217391304,-2153565.0,3577,33.900772615848766,44.39339434724702,20.3010532893869
2016-02-13,673,2016-02-13,30.8260869565217,46.6521739130435,21.0,8.95652173913044,635360.217391304,-2153565.0,3577,30.789851535947285,46.694337738458316,21.146108901270324
2016-02-21,674,2016-02-21,19.9,57.15,21.6,8.0,635356.5,-2153556.0,3577,26.928473975087755,50.04985289111731,21.6396325139992
2016-02-29,675,2016-02-29,23.5217391304348,53.1304347826087,22.0,8.04347826086956,635360.217391304,-2153565.0,3577,25.75754141616276,53.829636141842556,19.100018278061718
2016-03-08,676,2016-03-08,22.95,60.95,14.9,8.0,635361.0,-2153569.5,3577,29.04240507380034,50.39634924591019,19.2523972974571
2016-03-24,677,2016-03-24,36.1739130434783,45.0,17.4347826086957,9.65217391304348,635360.217391304,-2153565.0,3577,31.661928964825023,49.81173006559259,17.191202591994212
2016-04-01,678,2016-04-01,37.9565217391304,42.0434782608696,18.6086956521739,9.0,635360.217391304,-2153565.0,3577,33.25856852798071,50.06191173881233,15.318489156553905
2016-04-09,679,2016-04-09,36.6,47.6,14.6,9.25,635356.5,-2153565.0,3577,31.968097759013695,50.94348692093254,15.729887033142191
2016-04-17,680,2016-04-17,28.8260869565217,56.9565217391304,12.7391304347826,9.21739130434783,635360.217391304,-2153565.0,3577,26.857093068456656,55.87015330206715,15.892812329678979
2016-05-19,681,2016-05-19,11.6521739130435,67.0434782608696,19.7391304347826,6.95652173913043,635360.217391304,-2153565.0,3577,18.74946955355943,63.07344371385328,16.79849120519092
2016-05-27,682,2016-05-27,7.8695652173913,75.3478260869565,15.5217391304348,8.0,635360.217391304,-2153565.0,3577,11.077318342395799,69.01994691512621,18.528880094559725
2016-06-04,683,2016-06-04,6.73913043478261,69.4347826086957,22.6086956521739,8.08695652173913,635360.217391304,-2153565.0,3577,4.434880954407575,75.07871616934179,19.156289842632873
2016-06-12,684,2016-06-12,2.04545454545455,76.7272727272727,19.9090909090909,8.0,635361.818181818,-2153567.72727273,3577,2.0182861754549615,76.61425712895098,20.03552198361185
2016-06-20,685,2016-06-20,3.04347826086957,77.0434782608696,18.5217391304348,9.1304347826087,635360.217391304,-2153565.0,3577,2.139951661060266,76.78730455901082,19.785876503111893
2016-06-28,686,2016-06-28,3.21739130434783,73.9130434782609,21.5217391304348,8.30434782608696,635360.217391304,-2153565.0,3577,3.6307552137769816,74.32929216672403,20.75367858318882
2016-07-06,687,2016-07-06,4.82608695652174,74.304347826087,19.6521739130435,8.04347826086956,635360.217391304,-2153565.0,3577,5.23224867375476,73.39286025100957,20.032050390654334
2016-07-22,688,2016-07-22,5.60869565217391,77.5652173913043,15.5652173913043,8.1304347826087,635360.217391304,-2153565.0,3577,5.345158644020412,75.30314059341067,18.059810495061534
2016-07-30,689,2016-07-30,7.65217391304348,71.6086956521739,19.3913043478261,8.04347826086956,635360.217391304,-2153565.0,3577,5.746069316333632,75.24763001165161,17.728101081847257
2016-08-07,690,2016-08-07,4.78260869565217,75.5217391304348,18.5217391304348,8.04347826086956,635360.217391304,-2153565.0,3577,5.9830276265655655,76.69545270988465,16.120227665722638
2016-08-15,691,2016-08-15,3.17391304347826,78.6086956521739,16.9130434782609,8.0,635360.217391304,-2153565.0,3577,3.9690786061422196,81.20666081796918,13.727377683560867
2016-08-23,692,2016-08-23,4.08695652173913,93.0869565217391,2.0,9.0,635360.217391304,-2153565.0,3577,1.9440863013682792,84.79734258202501,12.230103252513608
2016-08-31,693,2016-08-31,1.04347826086957,82.0434782608696,16.0,8.04347826086956,635360.217391304,-2153565.0,3577,1.2093885048856992,86.87330457937585,10.939359267732929
2016-09-08,694,2016-09-08,2.0,79.695652173913,17.0434782608696,8.04347826086956,635360.217391304,-2153565.0,3577,2.083306819711143,86.06619823841581,10.88794857047488
2016-09-16,695,2016-09-16,1.05,97.9,0.5,9.0,635364.0,-2153566.5,3577,4.173793308588762,82.40911585384708,12.404522251202321
2016-09-24,696,2016-09-24,2.82608695652174,75.5652173913043,20.3478260869565,9.0,635360.217391304,-2153565.0,3577,6.755165214378107,77.6053878817257,14.549490891392072
2016-10-10,697,2016-10-10,14.6521739130435,67.5217391304348,16.4782608695652,9.08695652173913,635360.217391304,-2153565.0,3577,8.883735493203822,73.84801058410129,16.11883452393375
2016-10-18,698,2016-10-18,13.7826086956522,68.7391304347826,16.304347826087,9.0,635360.217391304,-2153565.0,3577,10.292147716328445,71.10520244325883,17.361549945542517
2016-10-26,699,2016-10-26,8.8695652173913,67.2173913043478,22.6521739130435,9.0,635360.217391304,-2153565.0,3577,10.51978073077661,71.58105120077397,16.632428010807548
2016-11-03,700,2016-11-03,7.15,76.1,15.5,9.0,635356.5,-2153574.0,3577,9.609026335084938,69.84378221051024,19.25846827825272
2016-11-11,701,2016-11-11,5.52173913043478,79.1304347826087,14.0869565217391,8.34782608695652,635360.217391304,-2153565.0,3577,6.831957213602446,71.49607661149196,20.31660417923407
2016-11-19,702,2016-11-19,4.73913043478261,72.7391304347826,21.1304347826087,8.47826086956522,635360.217391304,-2153565.0,3577,2.5323307262124257,77.13298065508515,19.002007347878777
2016-11-27,703,2016-11-27,2.04347826086957,75.304347826087,21.2173913043478,8.26086956521739,635360.217391304,-2153565.0,3577,0.17389429568050963,79.3777297656234,19.049377933949035
2016-12-05,704,2016-12-05,1.39130434782609,79.8695652173913,17.4782608695652,8.26086956521739,635360.217391304,-2153565.0,3577,0.7133674307922835,81.87559808611218,16.05049997787675
2016-12-13,705,2016-12-13,2.0,79.5652173913043,17.1304347826087,8.26086956521739,635360.217391304,-2153565.0,3577,3.3222317660797085,83.79347458974016,11.686883570055866
2016-12-21,706,2016-12-21,3.04347826086957,92.8260869565217,2.82608695652174,6.8695652173913,635360.217391304,-2153565.0,3577,8.343075598963434,83.01822340847212,7.620639960388452
2016-12-29,707,2016-12-29,18.3,78.9,2.0,12.85,635353.5,-2153572.5,3577,16.935906488178826,77.69605209031292,4.410736322500373
2017-01-06,708,2017-01-06,30.9130434782609,68.304347826087,0.0,10.9130434782609,635360.217391304,-2153565.0,3577,28.169664431673958,68.83377465177486,2.013767629597184
2017-01-14,709,2017-01-14,35.8333333333333,61.3333333333333,2.0,17.25,635350.0,-2153555.0,3577,38.891675538526655,57.50219333543954,2.5156479003560976
2017-01-22,710,2017-01-22,47.9,45.05,5.8,11.0,635356.5,-2153556.0,3577,46.81073874423315,47.86229392004995,4.1005851109933324
2017-01-30,711,2017-01-30,51.9130434782609,35.8695652173913,10.4782608695652,11.3913043478261,635360.217391304,-2153565.0,3577,50.32567076824087,42.840732637685946,5.490222549265514
2017-02-15,712,2017-02-15,52.5652173913044,38.1304347826087,7.56521739130435,9.39130434782609,635360.217391304,-2153565.0,3577,48.52306837994998,43.3084195368275,6.716431037726178
2017-02-23,713,2017-02-23,42.3181818181818,55.2272727272727,1.27272727272727,7.54545454545455,635357.727272727,-2153566.36363636,3577,42.36110427708445,48.966737391995295,7.143297982501999
2017-03-03,714,2017-03-03,30.695652173913,57.6086956521739,10.3913043478261,10.0,635360.217391304,-2153565.0,3577,34.694528332930375,56.2074791818066,7.647353796485669
2017-03-11,715,2017-03-11,25.7391304347826,66.304347826087,6.65217391304348,10.5217391304348,635360.217391304,-2153565.0,3577,26.107954177839787,63.34928354744524,9.206198779253867
2017-03-27,716,2017-03-27,17.4347826086957,70.9565217391304,10.2608695652174,9.69565217391304,635360.217391304,-2153565.0,3577,18.088160716530858,69.42740028359839,11.24228626890019
2017-04-04,717,2017-04-04,12.3913043478261,69.6086956521739,16.6521739130435,9.0,635360.217391304,-2153565.0,3577,12.544288901664139,72.51940743637122,13.7482324941402
2017-04-12,718,2017-04-12,9.82608695652174,71.3478260869565,17.6086956521739,9.0,635360.217391304,-2153565.0,3577,9.06408584868172,73.10907868058109,16.57109374551825
2017-04-20,719,2017-04-20,7.26086956521739,76.9130434782609,14.8260869565217,8.47826086956522,635360.217391304,-2153565.0,3577,6.911322973822716,74.90346207713753,16.960783229787886
2017-04-28,720,2017-04-28,5.54545454545455,73.5454545454545,19.6363636363636,11.0,635382.272727273,-2153562.27272727,3577,5.139209094237145,77.19371011884449,16.47697606422992
2017-05-06,721,2017-05-06,3.95652173913043,81.9565217391304,12.8695652173913,8.0,635360.217391304,-2153565.0,3577,3.480716110819966,79.12477976506577,16.232291931319107
2017-05-14,722,2017-05-14,1.60869565217391,80.9565217391304,16.304347826087,8.04347826086956,635360.217391304,-2153565.0,3577,2.7661869084545048,81.95025525385658,14.164260830027997
2017-05-22,723,2017-05-22,2.26086956521739,81.8695652173913,14.6086956521739,8.0,635360.217391304,-2153565.0,3577,1.77493328023166,81.61689392362186,15.48649580940494
2017-05-30,724,2017-05-30,0.772727272727273,86.0454545454545,12.3636363636364,8.0,635359.090909091,-2153563.63636364,3577,1.3346888369035441,81.55213490848412,15.994619374920227
2017-06-07,725,2017-06-07,2.1304347826087,77.9565217391304,18.6086956521739,8.0,635360.217391304,-2153565.0,3577,1.065627204327959,82.33879629467549,15.533265324963832
2017-06-15,726,2017-06-15,0.260869565217391,83.9565217391304,14.9565217391304,8.0,635360.217391304,-2153565.0,3577,1.2348370678744884,82.69866993466142,15.02030718091629
2017-06-23,727,2017-06-23,2.0,78.4347826086957,18.3478260869565,8.0,635360.217391304,-2153565.0,3577,1.2459140181883355,82.26083349583999,15.424879089385637
2017-07-01,728,2017-07-01,0.565217391304348,79.9565217391304,18.304347826087,7.95652173913043,635360.217391304,-2153565.0,3577,1.4287700678195256,82.23601531952706,15.223855518105498
2017-07-09,729,2017-07-09,2.1304347826087,94.2608695652174,2.65217391304348,15.2608695652174,635360.217391304,-2153565.0,3577,1.229729955062926,82.56915160487759,15.099382378287128
2017-07-17,730,2017-07-17,0.739130434782609,78.7391304347826,19.3913043478261,8.0,635360.217391304,-2153565.0,3577,1.4118149988386137,82.2760990523689,15.160147834395161
2017-07-25,731,2017-07-25,2.08695652173913,77.1739130434783,19.4347826086957,8.0,635360.217391304,-2153565.0,3577,1.186676853455516,82.66715599201913,15.034640506437999
2017-08-02,732,2017-08-02,0.0869565217391304,82.4782608695652,16.4347826086957,8.0,635360.217391304,-2153565.0,3577,1.321850043885114,81.56529081362967,15.943630067601333
2017-08-10,733,2017-08-10,2.08695652173913,82.0869565217391,14.6521739130435,8.0,635360.217391304,-2153565.0,3577,1.012728824547222,81.37261742160243,16.526150656448383
2017-08-18,734,2017-08-18,0.238095238095238,83.6666666666667,15.0952380952381,8.0,635366.428571429,-2153563.57142857,3577,1.2016959573829493,80.19367369292135,17.499782310386788
2017-08-26,735,2017-08-26,2.0,77.8260869565217,18.8695652173913,7.73913043478261,635360.217391304,-2153565.0,3577,0.9859033146149718,80.84801482000434,17.095363917275485
2017-09-03,736,2017-09-03,0.217391304347826,83.9565217391304,14.9565217391304,8.0,635360.217391304,-2153565.0,3577,1.1629123333254046,82.69238017332084,15.075281966651357
2017-09-11,737,2017-09-11,2.0,78.3913043478261,18.3913043478261,7.60869565217391,635360.217391304,-2153565.0,3577,1.3008631786392666,81.02069631359039,16.522005745855726
2017-09-19,738,2017-09-19,0.434782608695652,82.3913043478261,16.2173913043478,7.52173913043478,635360.217391304,-2153565.0,3577,1.2529130581356465,80.22346464948578,17.317629335260325
2017-09-27,739,2017-09-27,2.0,81.304347826087,15.2173913043478,8.0,635360.217391304,-2153565.0,3577,0.9142600568093892,80.88411225332888,17.00793673952658
2017-10-05,740,2017-10-05,0.304347826086957,82.4347826086957,16.0869565217391,7.0,635360.217391304,-2153565.0,3577,0.9095767157416097,81.28200641283289,16.6150224343765
2017-10-13,741,2017-10-13,2.04347826086957,77.0869565217391,19.4782608695652,8.0,635360.217391304,-2153565.0,3577,1.0550804641291074,81.1959383050692,16.53325865116451
2017-11-06,742,2017-11-06,0.304347826086957,79.9565217391304,18.695652173913,7.82608695652174,635360.217391304,-2153565.0,3577,1.5921448508652092,79.83489265359593,17.335483260451944
2017-11-22,743,2017-11-22,0.478260869565217,84.8260869565217,13.7391304347826,8.69565217391304,635360.217391304,-2153565.0,3577,1.5996231603665914,79.82210669378202,17.378874370066825
2017-11-30,744,2017-11-30,3.21739130434783,79.8695652173913,15.5652173913043,8.26086956521739,635360.217391304,-2153565.0,3577,1.951159419419445,79.7818491227587,17.046728289589545
2017-12-08,745,2017-12-08,2.82608695652174,76.1739130434783,19.6521739130435,8.0,635360.217391304,-2153565.0,3577,1.9048323423226563,80.48548792310109,16.43961568429027
2017-12-16,746,2017-12-16,2.21739130434783,78.7391304347826,17.7391304347826,8.0,635360.217391304,-2153565.0,3577,2.2146172973768974,80.75449430015776,15.810902755164909
2017-12-24,747,2017-12-24,0.0666666666666667,82.0,16.9333333333333,8.0,635365.0,-2153545.0,3577,1.8776508099218083,81.08550222268946,15.836330141445988
2018-01-09,748,2018-01-09,0.470588235294118,83.4705882352941,14.8235294117647,8.41176470588235,635365.588235294,-2153549.11764706,3577,0.0,79.08387862168424,19.973633647163428
2018-02-02,749,2018-02-02,2.0,76.695652173913,20.1739130434783,8.0,635360.217391304,-2153565.0,3577,0.0,76.85232240743858,23.46675096456144
2018-02-10,750,2018-02-10,0.428571428571429,71.3809523809524,27.047619047619,8.0,635362.142857143,-2153565.0,3577,0.09451131687350423,73.3467717202023,25.368917705807622
2018-02-18,751,2018-02-18,2.0,68.4347826086957,28.1739130434783,8.0,635360.217391304,-2153565.0,3577,4.875002362594601,67.22746765982606,26.684052468324985
2018-02-26,752,2018-02-26,3.73913043478261,61.8695652173913,33.2608695652174,8.0,635360.217391304,-2153565.0,3577,10.745835276064492,61.27239264441356,26.733036402579714
2018-03-14,753,2018-03-14,14.3478260869565,54.304347826087,30.0,8.04347826086956,635360.217391304,-2153565.0,3577,16.525880116185384,56.812964209053035,25.375875085743537
2018-03-30,754,2018-03-30,31.4210526315789,56.8947368421053,10.3684210526316,10.0526315789474,635359.736842105,-2153561.84210526,3577,20.41679196944152,54.911067557328046,23.347494641040775
2018-04-07,755,2018-04-07,25.4782608695652,52.0869565217391,21.0869565217391,9.04347826086956,635360.217391304,-2153565.0,3577,21.888798738634605,55.04424034557357,21.71645155666822
2018-04-15,756,2018-04-15,19.0,56.1304347826087,23.695652173913,8.95652173913044,635360.217391304,-2153565.0,3577,20.564418358947364,56.6416661012222,21.39266666223291
2018-04-23,757,2018-04-23,11.4782608695652,61.9565217391304,24.8260869565217,8.1304347826087,635360.217391304,-2153565.0,3577,16.091310971869394,59.04686553736194,23.431057793619473
2018-05-01,758,2018-05-01,8.8695652173913,61.2173913043478,28.4782608695652,8.0,635360.217391304,-2153565.0,3577,10.282224593585747,61.913669052548144,26.326555594654472
2018-05-09,759,2018-05-09,4.73913043478261,65.2608695652174,28.5652173913043,8.0,635360.217391304,-2153565.0,3577,4.953719952648985,63.722412037058746,29.810312497117437
2018-05-17,760,2018-05-17,3.81818181818182,64.4545454545455,30.3636363636364,7.86363636363636,635360.454545455,-2153565.0,3577,2.0799649665864743,65.33578823197448,31.103162399030758
2018-05-25,761,2018-05-25,2.08695652173913,65.7391304347826,30.5217391304348,7.95652173913043,635360.217391304,-2153565.0,3577,1.7955664774016828,66.16818363884107,30.644725253537697
2018-06-02,762,2018-06-02,0.869565217391304,63.8695652173913,34.0434782608696,7.43478260869565,635360.217391304,-2153565.0,3577,1.4649999469294404,65.08914376180911,32.064989531398794
2018-06-10,763,2018-06-10,2.0,66.6521739130435,29.9130434782609,7.65217391304348,635360.217391304,-2153565.0,3577,1.1517546608032996,65.23290194441981,32.35066370501889
2018-06-18,764,2018-06-18,0.882352941176471,65.4117647058823,32.5294117647059,7.94117647058824,635365.588235294,-2153556.17647059,3577,1.1056010714239055,65.10944383347721,32.46185987441697
2018-07-04,765,2018-07-04,0.105263157894737,65.2631578947368,33.6315789473684,7.57894736842105,635358.157894737,-2153577.63157895,3577,1.114475822343783,64.70346804955204,32.95263287275729
2018-07-12,766,2018-07-12,2.0,59.9565217391304,36.4782608695652,7.30434782608696,635360.217391304,-2153565.0,3577,1.2225422016040746,63.62891718188949,33.88144033146646
2018-07-28,767,2018-07-28,2.0,65.1304347826087,31.5217391304348,7.78260869565217,635360.217391304,-2153565.0,3577,1.1856957345399946,62.654002187440724,34.93517761689455
2018-08-05,768,2018-08-05,0.0,65.2631578947368,33.8421052631579,7.05263157894737,635359.736842105,-2153561.84210526,3577,1.25119054623359,62.00848199232148,35.465920172396494
2018-08-13,769,2018-08-13,2.0,57.7826086956522,38.6086956521739,7.04347826086957,635360.217391304,-2153565.0,3577,1.0222269209459953,61.633327275329734,36.15327476245719
2018-08-21,770,2018-08-21,0.0,61.5652173913044,37.6086956521739,7.08695652173913,635360.217391304,-2153565.0,3577,1.1106928263084361,61.419888084553016,36.24858122597965
2018-08-29,771,2018-08-29,2.0,60.1304347826087,36.304347826087,7.0,635360.217391304,-2153565.0,3577,1.092802701778658,62.08073076729787,35.61550185056644
2018-09-06,772,2018-09-06,0.0,66.0952380952381,33.1428571428571,7.09523809523809,635362.142857143,-2153559.28571429,3577,0.8145663873429374,62.33948083687502,35.706744608900784
2018-09-14,773,2018-09-14,2.0,61.4782608695652,35.0,7.0,635360.217391304,-2153565.0,3577,1.0558941664068635,62.176729441953846,35.54116856780847
2018-09-22,774,2018-09-22,0.0,62.5217391304348,36.4782608695652,7.0,635360.217391304,-2153565.0,3577,0.9960643744462419,62.787896087721634,34.99603535655182
2018-09-30,775,2018-09-30,2.0,62.3913043478261,34.0869565217391,7.0,635360.217391304,-2153565.0,3577,0.6453873223289408,63.40693993444354,34.81660133406323
2018-10-08,776,2018-10-08,0.0434782608695652,64.9565217391304,34.1304347826087,7.0,635360.217391304,-2153565.0,3577,0.9277445307865246,62.51060013705465,35.31350997456269
2018-10-24,777,2018-10-24,0.304347826086957,58.9130434782609,39.6086956521739,7.0,635360.217391304,-2153565.0,3577,0.7502532465514253,62.52643002440158,35.55416611924357
2018-11-01,778,2018-11-01,2.0,64.3913043478261,32.0869565217391,7.0,635360.217391304,-2153565.0,3577,1.1435183473141115,62.63409556745545,34.95689234711459
2018-11-09,779,2018-11-09,0.0434782608695652,63.6086956521739,35.4782608695652,7.0,635360.217391304,-2153565.0,3577,1.0068561581549713,64.33342889890591,33.500177952791034
2018-11-17,780,2018-11-17,2.0,63.0,33.6086956521739,7.0,635360.217391304,-2153565.0,3577,1.3780556500974417,61.253366897522504,36.08186901415596
2018-12-03,781,2018-12-03,2.0,60.0434782608696,36.4347826086956,7.0,635360.217391304,-2153565.0,3577,1.1737128129642191,60.68969245448717,36.92313225469587
2018-12-11,782,2018-12-11,0.0476190476190476,64.3809523809524,34.8095238095238,7.0,635356.428571429,-2153562.14285714,3577,1.907908262599054,60.88143821204379,35.942349168099106
2018-12-19,783,2018-12-19,2.0,60.3478260869565,36.0869565217391,7.0,635360.217391304,-2153565.0,3577,1.5120015265389186,62.100380033189325,35.182876372049876
2018-12-27,784,2018-12-27,0.0,58.7727272727273,40.2727272727273,7.0,635361.818181818,-2153562.27272727,3577,0.18458873203788506,64.37512379118021,34.229018113311625
2019-01-04,785,2019-01-04,2.0,59.4782608695652,36.9130434782609,7.0,635360.217391304,-2153565.0,3577,0.0,67.71963427769512,32.481100231318706
2019-01-12,786,2019-01-12,0.0,84.2777777777778,14.9444444444444,7.77777777777778,635373.333333333,-2153561.66666667,3577,0.0,67.4916256345872,32.17839204716318
2019-01-20,787,2019-01-20,2.0,62.0,34.2608695652174,7.0,635360.217391304,-2153565.0,3577,3.3178013264157182,65.42560987757577,29.93269567104459
2019-01-28,788,2019-01-28,0.217391304347826,63.6521739130435,35.0434782608696,8.0,635360.217391304,-2153565.0,3577,8.717678343173853,60.26346145605824,29.62804623402406
2019-02-13,789,2019-02-13,13.0434782608696,55.4782608695652,29.9565217391304,7.21739130434783,635360.217391304,-2153565.0,3577,13.621074248488956,55.25582780917021,29.734736401673736
2019-02-21,790,2019-02-21,25.4782608695652,41.4782608695652,31.5217391304348,7.8695652173913,635360.217391304,-2153565.0,3577,19.75218083641295,48.36946145537412,30.376815426254055
2019-03-01,791,2019-03-01,32.3478260869565,39.0869565217391,27.1304347826087,8.0,635360.217391304,-2153565.0,3577,24.284243308344415,43.507222667734894,30.7315027288377
2019-03-09,792,2019-03-09,23.9130434782609,48.7826086956522,25.8260869565217,7.95652173913043,635360.217391304,-2153565.0,3577,26.740039461226523,40.60304426183929,31.146038978744507
2019-03-17,793,2019-03-17,17.9545454545455,43.7272727272727,36.8181818181818,7.04545454545455,635357.727272727,-2153567.72727273,3577,25.878781699674228,47.151425426033214,25.577697521756072
2019-04-02,794,2019-04-02,22.9565217391304,51.304347826087,24.3478260869565,8.26086956521739,635360.217391304,-2153565.0,3577,22.47204125309473,49.2671146350933,26.87206298668511
2019-04-18,795,2019-04-18,24.2105263157895,47.5789473684211,26.8947368421053,8.0,635358.157894737,-2153577.63157895,3577,17.46936331838594,52.535357706856004,28.660515398910448
2019-05-04,796,2019-05-04,10.6521739130435,59.2608695652174,28.8695652173913,15.5652173913043,635360.217391304,-2153565.0,3577,13.521685914604264,54.33691452358383,30.806656745537186
2019-05-12,797,2019-05-12,10.2173913043478,57.0869565217391,31.304347826087,7.39130434782609,635360.217391304,-2153565.0,3577,10.701986244276544,54.12632550756507,33.78859886145449
2019-05-20,798,2019-05-20,6.88235294117647,62.7058823529412,29.0588235294118,7.0,635360.294117647,-2153579.11764706,3577,8.051534177430995,55.313717267793336,35.275659963833036
2019-06-05,799,2019-06-05,5.2,36.0,57.2,18.0,635391.0,-2153541.0,3577,4.846538648678141,57.621410186755256,36.08947528734986
2019-06-13,800,2019-06-13,3.52173913043478,66.0434782608696,28.9130434782609,7.0,635360.217391304,-2153565.0,3577,2.375083065321094,58.77070061118336,37.381716793473856
2019-06-21,801,2019-06-21,1.55,63.35,33.8,6.95,635361.0,-2153556.0,3577,2.1413624180345288,60.55233226197035,35.75814842479747
2019-06-29,802,2019-06-29,2.08695652173913,64.0869565217391,32.1739130434783,6.91304347826087,635360.217391304,-2153565.0,3577,2.10251644366424,61.57653553394689,34.77155543980042
2019-07-07,803,2019-07-07,1.08695652173913,66.5217391304348,31.0434782608696,6.8695652173913,635360.217391304,-2153565.0,3577,1.3170076975511589,63.78529137952696,33.36271614807538
2019-07-15,804,2019-07-15,2.0,59.8260869565217,36.304347826087,6.43478260869565,635360.217391304,-2153565.0,3577,1.2663964587769971,64.4032699280809,32.86524327621429
2019-07-23,805,2019-07-23,0.652173913043478,61.5217391304348,36.6521739130435,6.39130434782609,635360.217391304,-2153565.0,3577,1.278517432315926,64.43404311702346,32.87334751399488
2019-07-31,806,2019-07-31,2.0,62.8260869565217,33.6086956521739,6.26086956521739,635360.217391304,-2153565.0,3577,1.1873583009573894,61.26314941548809,36.23294964629166
2019-08-08,807,2019-08-08,0.304347826086957,63.2173913043478,35.5217391304348,6.56521739130435,635360.217391304,-2153565.0,3577,1.317232207753509,61.749995652615524,35.63549421085145
2019-08-16,808,2019-08-16,2.0,62.6521739130435,34.0,6.8695652173913,635360.217391304,-2153565.0,3577,1.1049116893264417,61.15170326941028,36.500534888163955
2019-08-24,809,2019-08-24,0.260869565217391,60.9130434782609,37.6521739130435,6.52173913043478,635360.217391304,-2153565.0,3577,1.293997406833821,61.18182804081388,36.200272158070796
2019-09-01,810,2019-09-01,2.0,60.6521739130435,35.8260869565217,6.26086956521739,635360.217391304,-2153565.0,3577,1.1498419116004237,61.65666847975653,35.886729298920784
2019-09-09,811,2019-09-09,0.736842105263158,58.5263157894737,39.4736842105263,6.0,635358.157894737,-2153577.63157895,3577,1.2347181745763058,61.287678903808,36.092330751823916
2019-09-17,812,2019-09-17,2.0,62.0869565217391,34.2173913043478,6.1304347826087,635360.217391304,-2153565.0,3577,1.1468420609368075,62.260949323187496,35.242734667500194
2019-09-25,813,2019-09-25,0.0,66.3478260869565,32.6521739130435,6.0,635360.217391304,-2153565.0,3577,1.0713657077307754,62.61243222082595,34.99124701346745
2019-10-03,814,2019-10-03,2.0,61.6086956521739,34.9565217391304,6.04347826086957,635360.217391304,-2153565.0,3577,1.0902734430106698,62.02665497871924,35.589384346846
2019-10-11,815,2019-10-11,0.0869565217391304,61.3913043478261,37.5217391304348,6.0,635360.217391304,-2153565.0,3577,1.1202989635532248,61.083512200336436,36.489383713038826
2019-10-19,816,2019-10-19,2.0,59.4782608695652,36.9130434782609,6.0,635360.217391304,-2153565.0,3577,1.1716755360648525,59.602724332269446,37.882576720617784
2019-10-27,817,2019-10-27,0.782608695652174,58.5217391304348,39.4782608695652,6.0,635360.217391304,-2153565.0,3577,1.22810600698072,58.33498314996699,39.08826279397417
2019-11-12,818,2019-11-12,1.41176470588235,53.2941176470588,43.8235294117647,6.0,635365.588235294,-2153556.17647059,3577,1.230878162135367,57.33853516221569,40.085797794079895
2019-11-20,819,2019-11-20,2.0,58.8260869565217,37.6086956521739,6.21739130434783,635360.217391304,-2153565.0,3577,1.4928296639168033,58.53892356157421,38.57216063963216
2019-11-28,820,2019-11-28,0.130434782608696,60.4347826086956,38.3913043478261,6.0,635360.217391304,-2153565.0,3577,1.3132563627694551,57.738332158136046,39.64913602606941
2019-12-06,821,2019-12-06,2.0,58.5833333333333,38.0833333333333,10.0,635362.5,-2153562.5,3577,2.082047763289052,54.87800010842554,41.68544845522668
2019-12-14,822,2019-12-14,0.227272727272727,60.0454545454545,38.6818181818182,6.59090909090909,635360.454545455,-2153563.63636364,3577,0.8883337281724788,56.790449765619655,41.098513395737264
2019-12-22,823,2019-12-22,2.0,59.5652173913044,36.9130434782609,6.73913043478261,635360.217391304,-2153565.0,3577,0.0,64.11421954040071,35.36497648488789
2019-12-30,824,2019-12-30,0.130434782608696,61.6521739130435,37.1739130434783,6.60869565217391,635360.217391304,-2153565.0,3577,0.0,72.2838464584446,29.13197284407682
2020-01-15,825,2020-01-15,0.0,64.8260869565217,34.2608695652174,6.8695652173913,635360.217391304,-2153565.0,3577,0.0,77.19931220770951,23.309982802981004
2020-01-23,826,2020-01-23,2.0,92.5,4.5,8.5,635340.0,-2153563.125,3577,5.248497273802729,76.58438728901308,17.228466389353592
2020-01-31,827,2020-01-31,3.73913043478261,95.6521739130435,0.217391304347826,4.52173913043478,635360.217391304,-2153565.0,3577,14.973797063376207,70.80995401898907,13.272521648344156
2020-02-08,828,2020-02-08,24.7826086956522,61.0434782608696,12.7826086956522,9.69565217391304,635360.217391304,-2153565.0,3577,24.881720536380982,61.704115431828654,12.315432167328293
2020-02-16,829,2020-02-16,36.7391304347826,33.7826086956522,28.2608695652174,8.04347826086956,635360.217391304,-2153565.0,3577,32.295682735171795,52.27516166248729,14.208514888886967
2020-03-11,830,2020-03-11,47.7826086956522,31.7391304347826,18.8695652173913,9.69565217391304,635360.217391304,-2153565.0,3577,35.83284782550636,44.431666761314204,18.325834423422194
2020-03-19,831,2020-03-19,39.6521739130435,39.0,19.8260869565217,8.95652173913044,635360.217391304,-2153565.0,3577,33.95473856387548,41.23183444091289,23.319288322200148
2020-04-12,832,2020-04-12,17.5217391304348,56.1304347826087,24.8695652173913,7.91304347826087,635360.217391304,-2153565.0,3577,27.859951672045913,43.78200102919429,26.781863449013763
2020-04-20,833,2020-04-20,12.3888888888889,59.3888888888889,26.7222222222222,7.33333333333333,635361.666666667,-2153566.66666667,3577,19.015562829967973,53.283638708431134,26.112633245671258
2020-04-28,834,2020-04-28,10.9565217391304,61.9130434782609,25.7826086956522,7.04347826086957,635360.217391304,-2153565.0,3577,10.349317645392643,62.52601563478695,25.620802832136494
2020-05-06,835,2020-05-06,7.39130434782609,62.695652173913,28.2173913043478,7.0,635360.217391304,-2153565.0,3577,5.598596728371802,65.4374291982571,27.48585291431192
2020-05-14,836,2020-05-14,5.95652173913043,64.1739130434783,28.3478260869565,7.0,635360.217391304,-2153565.0,3577,3.9093828837111984,65.01805517647509,29.64125433305157
2020-05-30,837,2020-05-30,5.65217391304348,63.0869565217391,29.8260869565217,6.95652173913043,635360.217391304,-2153565.0,3577,4.576419458477696,64.99310484816169,29.04311051337912
2020-06-07,838,2020-06-07,3.21052631578947,66.5263157894737,29.1052631578947,7.0,635358.157894737,-2153552.36842105,3577,4.599234880121324,65.21874462202284,28.82003081095463
2020-06-15,839,2020-06-15,3.43478260869565,66.695652173913,28.5652173913043,6.8695652173913,635360.217391304,-2153565.0,3577,2.938715132322958,66.76288602344803,28.952830271194202
2020-06-23,840,2020-06-23,1.73913043478261,66.4782608695652,30.4347826086957,6.34782608695652,635360.217391304,-2153565.0,3577,2.3283490449040203,67.78781914666935,28.49191528574529
2020-07-01,841,2020-07-01,2.1304347826087,70.9565217391304,25.304347826087,6.43478260869565,635360.217391304,-2153565.0,3577,1.9154627492362226,68.4806125146934,28.222359598725383
2020-07-09,842,2020-07-09,1.39130434782609,68.8260869565217,28.4782608695652,6.04347826086957,635360.217391304,-2153565.0,3577,1.7335955696503178,68.2919456934204,28.48538239041603
2020-07-17,843,2020-07-17,2.17391304347826,65.8260869565217,30.304347826087,6.34782608695652,635360.217391304,-2153565.0,3577,1.5247548464314065,68.17673400696236,28.827372194223273
2020-07-25,844,2020-07-25,1.04347826086957,69.1739130434783,28.4347826086957,6.1304347826087,635360.217391304,-2153565.0,3577,1.6811442767260638,68.00116623603928,28.837353321908132
2020-08-02,845,2020-08-02,2.0,67.4347826086957,29.1304347826087,6.04347826086957,635360.217391304,-2153565.0,3577,1.409695058007648,67.38879931836115,29.810686299194167
2020-08-10,846,2020-08-10,0.956521739130435,66.6521739130435,31.1739130434783,6.08695652173913,635360.217391304,-2153565.0,3577,1.4769995114588412,67.32778649536294,29.802584278013953
2020-08-18,847,2020-08-18,2.0,68.6086956521739,27.7826086956522,6.04347826086957,635360.217391304,-2153565.0,3577,1.1633891750998642,68.06154862769813,29.43046481045774
2020-08-26,848,2020-08-26,0.0434782608695652,71.3913043478261,27.4782608695652,6.0,635360.217391304,-2153565.0,3577,1.1848539130809537,70.4946622901828,26.927836196643604
2020-09-03,849,2020-09-03,2.0,69.4347826086957,26.9130434782609,6.0,635360.217391304,-2153565.0,3577,0.9757085020241455,71.96807634415929,25.689746382298743
2020-09-11,850,2020-09-11,0.0869565217391304,72.0,26.7391304347826,6.0,635360.217391304,-2153565.0,3577,1.1290585844359897,73.79015142885356,23.67080624315431
2020-09-19,851,2020-09-19,2.0,79.0869565217391,17.304347826087,6.0,635360.217391304,-2153565.0,3577,0.9718566532402746,75.05497826980081,22.635876036734157
2020-09-27,852,2020-09-27,0.347826086956522,74.9130434782609,23.6086956521739,7.0,635360.217391304,-2153565.0,3577,1.2492575401444177,74.28612967325009,23.10745735620879
2020-10-05,853,2020-10-05,2.0,73.695652173913,22.7391304347826,6.04347826086957,635360.217391304,-2153565.0,3577,1.1377468943761497,73.03913316457655,24.50020944192068
2020-10-13,854,2020-10-13,0.521739130434783,68.7826086956522,29.6521739130435,6.0,635360.217391304,-2153565.0,3577,1.4501354077337911,72.09175438909185,25.08952347961261
2020-10-21,855,2020-10-21,2.0,71.5217391304348,25.0,6.0,635360.217391304,-2153565.0,3577,2.505237930732239,67.0734863467298,29.04947724236561
2020-10-29,856,2020-10-29,0.434782608695652,64.5652173913043,33.695652173913,6.0,635360.217391304,-2153565.0,3577,0.11292543773360109,68.00659106675052,30.492091567063444
2020-11-22,857,2020-11-22,2.0,69.0434782608696,27.3478260869565,6.08695652173913,635360.217391304,-2153565.0,3577,0.0,70.82618955952128,29.28475912295638
2020-11-30,858,2020-11-30,0.0869565217391304,72.2173913043478,26.6521739130435,6.0,635360.217391304,-2153565.0,3577,0.0,72.86017751260974,26.18956988629501
2020-12-08,859,2020-12-08,2.0,69.7391304347826,26.9130434782609,6.0,635360.217391304,-2153565.0,3577,3.3395714080861834,71.89262830317078,23.632747743122458
2020-12-16,860,2020-12-16,0.0434782608695652,73.8260869565217,25.2173913043478,6.0,635360.217391304,-2153565.0,3577,6.52746607276057,71.87178953768264,20.486099174748684
2020-12-24,861,2020-12-24,3.52173913043478,91.8260869565217,3.73913043478261,9.95652173913044,635360.217391304,-2153565.0,3577,9.451285691020464,71.02543142682072,18.381024279258178
2021-01-17,862,2021-01-17,32.1739130434783,44.0869565217391,22.3913043478261,8.0,635360.217391304,-2153565.0,3577,14.411617547434506,66.06241840000442,18.263899334834825
2021-01-25,863,2021-01-25,20.7826086956522,54.6086956521739,23.0869565217391,8.0,635360.217391304,-2153565.0,3577,19.361665570035292,59.677818547038314,19.63742637763074
2021-02-02,864,2021-02-02,17.6521739130435,61.7391304347826,19.2608695652174,8.0,635360.217391304,-2153565.0,3577,24.272694849754103,53.937332779833795,20.3434960516637
2021-02-10,865,2021-02-10,18.6666666666667,59.0,20.6666666666667,5.33333333333333,635405.0,-2153515.0,3577,29.20472908882757,48.43494780894783,20.888078628417425
2021-02-26,866,2021-02-26,38.4347826086956,36.7826086956522,23.304347826087,9.04347826086956,635360.217391304,-2153565.0,3577,33.55004971695815,44.511501891559845,20.467975153124883
2021-03-06,867,2021-03-06,41.2173913043478,36.6086956521739,21.0869565217391,9.08695652173913,635360.217391304,-2153565.0,3577,35.64280251629708,43.98995606799602,18.965433719285326
2021-03-14,868,2021-03-14,34.4782608695652,53.9565217391304,10.1304347826087,9.26086956521739,635360.217391304,-2153565.0,3577,36.22296088464252,47.42058670022435,14.975103829730536
2021-03-30,869,2021-03-30,38.304347826087,44.1304347826087,15.9565217391304,9.26086956521739,635360.217391304,-2153565.0,3577,37.09618082312183,45.00908079703029,16.491631345518567
2021-04-06,870,2021-04-06,33.5555555555556,50.1666666666667,15.0,9.0,635361.666666667,-2153566.66666667,3577,31.230633656575453,51.05143840466175,16.25839981057051
2021-04-15,871,2021-04-15,20.9130434782609,59.0434782608696,18.5652173913043,8.08695652173913,635360.217391304,-2153565.0,3577,23.626028584565812,57.807671595961025,17.077544976111202
2021-04-22,872,2021-04-22,14.0769230769231,62.7692307692308,21.4615384615385,8.0,635364.230769231,-2153535.0,3577,16.02584912578053,63.06365925980326,19.386803513944596
2021-05-01,873,2021-05-01,11.1739130434783,66.304347826087,21.0869565217391,7.78260869565217,635360.217391304,-2153565.0,3577,11.197505459969047,65.63163893662738,21.698384684562097
2021-05-17,874,2021-05-17,8.0,65.695652173913,24.9130434782609,7.34782608695652,635360.217391304,-2153565.0,3577,6.719608579735147,69.26184680047525,22.593168403624695
2021-05-24,875,2021-05-24,2.05,80.75,15.7,6.05,635356.5,-2153574.0,3577,3.7867453153940747,72.23643282983659,22.554889678247005
2021-06-02,876,2021-06-02,6.63157894736842,61.8947368421053,30.2105263157895,5.57894736842105,635369.210526316,-2153571.31578947,3577,3.4693287730440496,71.94267370324656,23.12933925738117
2021-06-09,877,2021-06-09,1.95652173913043,74.7391304347826,21.8695652173913,7.0,635360.217391304,-2153565.0,3577,4.142188051485872,70.00684242945276,24.399440984132507
2021-06-18,878,2021-06-18,3.56521739130435,72.304347826087,22.5652173913043,7.17391304347826,635360.217391304,-2153565.0,3577,4.146674879695984,69.01101227306353,25.370923332460734
2021-06-25,879,2021-06-25,4.69565217391304,66.6521739130435,27.0434782608696,7.1304347826087,635360.217391304,-2153565.0,3577,4.493101186136691,67.60378265986323,26.407204618885338
2021-07-04,880,2021-07-04,6.60869565217391,62.8695652173913,29.1739130434783,7.0,635360.217391304,-2153565.0,3577,4.549947058629631,67.58825527221661,26.470319351988934
2021-07-11,881,2021-07-11,3.8695652173913,68.6521739130435,26.0,6.95652173913043,635360.217391304,-2153565.0,3577,4.3079579558521175,68.07619321329862,26.23531740272995
2021-07-20,882,2021-07-20,3.82608695652174,68.0,27.0434782608696,6.82608695652174,635360.217391304,-2153565.0,3577,3.1760531593397734,71.16841427677726,24.334101887393718
2021-07-27,883,2021-07-27,0.434782608695652,78.6521739130435,19.6521739130435,6.43478260869565,635360.217391304,-2153565.0,3577,2.8134343445251586,70.7107548229145,25.166119830922284
2021-08-05,884,2021-08-05,2.39130434782609,70.9565217391304,25.3478260869565,7.0,635360.217391304,-2153565.0,3577,1.4978819648989161,73.40344312001974,23.83307752717421
2021-08-12,885,2021-08-12,0.695652173913043,75.9565217391304,22.0434782608696,6.52173913043478,635360.217391304,-2153565.0,3577,1.0867906293383525,74.36536012741816,23.213751029279713
2021-08-21,886,2021-08-21,2.0,71.4347826086957,24.9130434782609,6.78260869565217,635360.217391304,-2153565.0,3577,0.9880437315843976,74.18471149809861,23.484431446706154
2021-08-28,887,2021-08-28,0.0434782608695652,74.695652173913,24.304347826087,6.04347826086957,635360.217391304,-2153565.0,3577,1.516342643997946,73.47894561867713,23.727947232702487
2021-09-22,888,2021-09-22,2.0,70.9565217391304,25.6086956521739,6.60869565217391,635360.217391304,-2153565.0,3577,0.8200639992503734,75.07000958309882,22.878639963597724
2021-09-29,889,2021-09-29,0.0588235294117647,80.9411764705882,18.0588235294118,6.35294117647059,635353.235294118,-2153582.64705882,3577,0.0,76.26857412102879,22.723052908542787
2021-10-08,890,2021-10-08,2.0,73.0434782608696,23.5217391304348,6.78260869565217,635360.217391304,-2153565.0,3577,0.0,77.91794580356122,21.398283914498812
2021-10-15,891,2021-10-15,0.0,77.8260869565217,21.4782608695652,6.78260869565217,635360.217391304,-2153565.0,3577,1.2514346329910047,75.73626832020463,21.906096904355003
2021-10-24,892,2021-10-24,2.0,75.9565217391304,20.7391304347826,6.95652173913043,635360.217391304,-2153565.0,3577,4.443237388067695,72.2311916029987,22.15641302653347
2021-11-06,893,2021-11-06,3.78260869565217,72.1739130434783,22.6521739130435,7.04347826086957,635360.217391304,-2153565.0,3577,10.024240735274436,66.09712903155337,22.564608901229647
2021-11-16,894,2021-11-16,14.8260869565217,58.2391304347826,25.6304347826087,7.91304347826087,635360.217391304,-2153565.0,3577,11.496941232146831,63.993323356892944,23.11552395511604
2021-12-02,895,2021-12-02,18.7692307692308,59.0,20.7692307692308,8.0,635368.846153846,-2153546.53846154,3577,11.878626840602365,63.79720930332047,22.873174290727658
2021-12-11,896,2021-12-11,16.4782608695652,57.6521739130435,24.3478260869565,8.0,635360.217391304,-2153565.0,3577,11.412783840125996,66.04227615003947,21.11453759854811
2021-12-18,897,2021-12-18,12.304347826087,68.4782608695652,17.695652173913,7.91304347826087,635360.217391304,-2153565.0,3577,11.935920473903934,66.43181229860814,20.206747708318552
2022-01-03,898,2022-01-03,6.8695652173913,73.2608695652174,18.5217391304348,7.34782608695652,635360.217391304,-2153565.0,3577,15.210893065431748,64.23144932869373,19.213434137227804
2022-01-12,899,2022-01-12,5.17391304347826,74.4782608695652,19.2173913043478,7.8695652173913,635360.217391304,-2153565.0,3577,20.904672173242332,59.592974329471005,18.116553507684287
2022-02-04,900,2022-02-04,37.0,46.8260869565217,14.9565217391304,10.0,635360.217391304,-2153565.0,3577,27.301449236740325,54.21573271256133,17.10149291361953
2022-02-13,901,2022-02-13,38.304347826087,41.5652173913044,18.4347826086957,9.0,635360.217391304,-2153565.0,3577,33.10416747069908,48.82127167487859,16.70800171695062
2022-02-21,902,2022-02-21,42.3913043478261,37.6521739130435,18.5652173913043,9.73913043478261,635360.217391304,-2153565.0,3577,35.914440385292494,46.44992267121066,16.249669834806724
2022-03-01,903,2022-03-01,37.1304347826087,46.0869565217391,15.304347826087,9.17391304347826,635360.217391304,-2153565.0,3577,34.064282197807884,48.33019625413572,16.221191380968207
2022-03-17,904,2022-03-17,20.4347826086957,65.2173913043478,13.1304347826087,8.1304347826087,635360.217391304,-2153565.0,3577,27.569832644131957,55.00414083156563,16.077968874574367
2022-04-02,905,2022-04-02,13.0434782608696,68.8260869565217,16.9565217391304,8.0,635360.217391304,-2153565.0,3577,18.016816539226042,63.7196584543373,16.951982732569796
2022-04-10,906,2022-04-10,9.39130434782609,69.8260869565217,19.4347826086957,7.8695652173913,635360.217391304,-2153565.0,3577,9.046657071558144,72.37894397968694,17.328000173198838
2022-04-18,907,2022-04-18,7.95652173913043,72.8695652173913,17.9130434782609,7.73913043478261,635360.217391304,-2153565.0,3577,5.262783252552292,75.69878109505458,17.812286381000927
2022-05-04,908,2022-05-04,3.0,76.8695652173913,18.9130434782609,8.1304347826087,635360.217391304,-2153565.0,3577,2.5570665705269517,77.12556161027211,19.03922447185053
2022-05-12,909,2022-05-12,2.1304347826087,74.5652173913043,21.9565217391304,8.04347826086956,635360.217391304,-2153565.0,3577,2.307376968165419,76.01832828632068,20.39384589027575
2022-05-20,910,2022-05-20,2.0,77.2173913043478,19.4347826086957,8.04347826086956,635360.217391304,-2153565.0,3577,2.4365635710362117,74.14782646347024,22.105938078609437
2022-05-28,911,2022-05-28,2.0,75.2608695652174,21.6086956521739,8.0,635360.217391304,-2153565.0,3577,1.7835076486305472,73.2094824007489,23.730604971818273
2022-06-13,912,2022-06-13,2.0,68.4347826086957,28.2173913043478,7.95652173913043,635360.217391304,-2153565.0,3577,1.6834659485080996,71.41413775347289,25.647748805235878
2022-07-07,913,2022-07-07,2.0,69.5652173913043,27.1304347826087,8.04347826086956,635360.217391304,-2153565.0,3577,1.9103720347491886,69.79802550389742,27.01036478664289
2022-07-15,914,2022-07-15,2.0,67.0,29.7826086956522,8.0,635360.217391304,-2153565.0,3577,2.3134183087066953,68.91410433689657,27.528179587268227
2022-07-23,915,2022-07-23,2.0,68.6086956521739,28.1304347826087,8.0,635360.217391304,-2153565.0,3577,1.9279849239464064,68.4030538044435,28.40913279747155
2022-07-31,916,2022-07-31,2.0,72.0,24.7826086956522,8.0,635360.217391304,-2153565.0,3577,2.0385599055672734,68.22996346767032,28.436410137173166
2022-08-08,917,2022-08-08,2.0,69.3478260869565,27.2608695652174,7.95652173913043,635360.217391304,-2153565.0,3577,1.9845511871353567,69.72969472308853,26.97680701314706
2022-08-16,918,2022-08-16,2.0,69.0434782608696,27.6521739130435,7.8695652173913,635360.217391304,-2153565.0,3577,1.5980644742252266,70.96721127841349,26.14928737973172
2022-08-24,919,2022-08-24,2.0,68.8260869565217,27.9565217391304,7.8695652173913,635360.217391304,-2153565.0,3577,1.7441231537338777,70.14259935782646,26.760759902363105
2022-09-09,920,2022-09-09,2.0,70.6086956521739,25.8695652173913,8.0,635360.217391304,-2153565.0,3577,2.7574078902651977,70.30542092177869,25.636438941321348
2022-09-17,921,2022-09-17,4.30434782608696,73.3478260869565,21.2173913043478,8.43478260869565,635360.217391304,-2153565.0,3577,4.049026353912005,69.65818983814981,25.03775131853905
2022-09-25,922,2022-09-25,2.69565217391304,70.4347826086957,25.6086956521739,8.0,635360.217391304,-2153565.0,3577,6.746573388919934,69.4634003767027,22.509745873990713
2022-10-11,923,2022-10-11,6.78260869565217,65.2173913043478,26.695652173913,8.30434782608696,635360.217391304,-2153565.0,3577,5.621933323103562,69.12037498104579,24.024259493363452
2022-10-19,924,2022-10-19,9.17391304347826,67.8695652173913,21.6521739130435,8.08695652173913,635360.217391304,-2153565.0,3577,2.9102896699473293,71.1647390165254,24.663505427130758
2022-10-27,925,2022-10-27,5.47826086956522,74.304347826087,19.1739130434783,8.95652173913044,635360.217391304,-2153565.0,3577,2.4776598418403837,70.15837747301234,26.013761040409463
2022-11-04,926,2022-11-04,2.04347826086957,66.304347826087,29.8695652173913,8.08695652173913,635360.217391304,-2153565.0,3577,5.024839341571081,68.47524253576547,25.072010268638326
2022-12-06,927,2022-12-06,2.0,70.0,26.5652173913043,8.08695652173913,635360.217391304,-2153565.0,3577,9.568161791768611,65.86154712023938,23.059568982788775
2022-12-14,928,2022-12-14,2.0,65.7826086956522,30.8695652173913,8.0,635360.217391304,-2153565.0,3577,16.094008949053382,62.3380149723197,19.98931418486539
2023-01-15,929,2023-01-15,36.0,60.0,2.0,9.0,635295.0,-2153535.0,3577,24.38521853029188,58.00061422601466,16.008732566546502
2023-01-23,930,2023-01-23,43.2173913043478,39.0,16.304347826087,10.8695652173913,635360.217391304,-2153565.0,3577,34.02108421259718,53.02055740346555,11.399920509188203
2023-02-08,931,2023-02-08,40.5,56.3333333333333,2.0,23.6666666666667,635330.0,-2153530.0,3577,44.377355633328854,47.64430141494683,6.5795840838241695
2023-02-16,932,2023-02-16,52.9,41.1,4.8,11.1,635358.0,-2153544.0,3577,54.62623839009297,42.193547558865866,2.0990390511657218
