time,Unnamed: 0,time_ymd,pv,npv,bs,ue,x,y,spatial_ref,pv_filter,npv_filter,bs_filter
1987-09-23,1,1987-09-23,11.625,39.0833333333333,47.9166666666667,8.33333333333333,198492.5,-2595822.5,3577,9.534521557160973,37.49087332301344,51.5323751576654
1987-10-09,2,1987-10-09,12.375,35.7916666666667,50.3333333333333,8.16666666666667,198492.5,-2595822.5,3577,13.430476210952243,38.59564812767212,46.573971182040125
1987-10-25,3,1987-10-25,10.5416666666667,37.7083333333333,50.2916666666667,8.04166666666667,198492.5,-2595822.5,3577,14.285052791921977,37.93992192018506,46.37412496487583
1987-11-10,4,1987-11-10,12.0833333333333,38.5833333333333,48.0,8.08333333333333,198492.5,-2595822.5,3577,13.431567543796623,36.263583166059924,48.877665191132785
1987-11-26,5,1987-11-26,13.625,33.5833333333333,51.2916666666667,8.25,198492.5,-2595822.5,3577,11.9628018968189,34.183590177881946,52.389678128745565
1988-01-13,6,1988-01-13,13.8333333333333,29.6666666666667,55.0833333333333,7.83333333333333,198492.5,-2595822.5,3577,10.731002467747803,32.19397111531397,55.57550762862304
1988-01-29,7,1988-01-29,14.1666666666667,31.0416666666667,53.25,7.79166666666667,198492.5,-2595822.5,3577,10.347881059858597,30.665823985096413,57.46075512464839
1988-02-14,8,1988-02-14,10.9583333333333,35.4583333333333,52.0416666666667,7.875,198492.5,-2595822.5,3577,11.184614662941158,29.847316641042823,57.43127963367045
1988-03-01,9,1988-03-01,12.75,29.9583333333333,55.7916666666667,7.58333333333333,198492.5,-2595822.5,3577,12.553413691569702,29.557169095090376,56.340271312786115
1988-03-17,10,1988-03-17,11.4583333333333,26.7916666666667,60.2083333333333,7.41666666666667,198492.5,-2595822.5,3577,16.030662964484094,30.18858476404465,52.26268790548195
1988-04-18,11,1988-04-18,17.7916666666667,32.2083333333333,48.375,7.75,198492.5,-2595822.5,3577,20.563156270970524,31.88653052313566,46.05699318740425
1988-05-04,12,1988-05-04,25.8333333333333,29.375,43.375,8.08333333333333,198492.5,-2595822.5,3577,25.629667417202278,34.32523165688286,38.58783115748483
1988-06-05,13,1988-06-05,36.875,40.7916666666667,21.0833333333333,10.5,198492.5,-2595822.5,3577,29.721721261190496,36.400188176111534,32.45761436705223
1988-07-23,14,1988-07-23,32.3333333333333,41.75,24.4583333333333,10.25,198492.5,-2595822.5,3577,31.472829028551875,38.41212283587871,28.70365148267195
1988-08-08,15,1988-08-08,29.6666666666667,36.3333333333333,32.5416666666667,9.58333333333333,198492.5,-2595822.5,3577,30.302858003704877,39.88770233893477,28.39659695309426
1988-08-24,16,1988-08-24,23.5,42.25,32.7916666666667,10.3333333333333,198492.5,-2595822.5,3577,27.256212698546097,39.31937077369926,32.03725995366385
1988-09-09,17,1988-09-09,23.6666666666667,37.2916666666667,37.75,8.95833333333333,198492.5,-2595822.5,3577,22.456528249868555,37.93019532066953,38.23054641436424
1988-09-25,18,1988-09-25,17.8333333333333,32.4166666666667,48.25,8.20833333333333,198492.5,-2595822.5,3577,17.73984787142418,36.1104519835116,44.733668550225346
1988-10-11,19,1988-10-11,16.2916666666667,36.0833333333333,46.2916666666667,7.95833333333333,198492.5,-2595822.5,3577,16.75674493205203,34.664990582168066,47.18672375095821
1988-10-27,20,1988-10-27,17.125,35.125,46.4166666666667,7.91666666666667,198492.5,-2595822.5,3577,17.33231667712833,34.25093907639835,47.04286193681778
1988-11-12,21,1988-11-12,17.0833333333333,33.7083333333333,47.875,7.83333333333333,198492.5,-2595822.5,3577,17.545293071219238,33.52873970714027,47.54871019073096
1988-12-14,22,1988-12-14,18.4166666666667,33.2916666666667,46.75,8.29166666666667,198492.5,-2595822.5,3577,18.46632495471229,31.91486068110977,48.235902126761815
1988-12-30,23,1988-12-30,23.625,32.7083333333333,42.2916666666667,8.375,198492.5,-2595822.5,3577,21.685354377301607,34.20672129727344,42.73333207040001
1989-01-15,24,1989-01-15,27.625,35.5,35.6666666666667,8.70833333333333,198492.5,-2595822.5,3577,25.048377319271417,35.34387155671456,38.27036108885383
1989-03-04,25,1989-03-04,17.75,31.5833333333333,49.25,7.66666666666667,198492.5,-2595822.5,3577,26.837954743910483,35.65002128933484,36.17650035722251
1989-04-21,26,1989-04-21,29.125,39.25,30.3333333333333,9.70833333333333,198492.5,-2595822.5,3577,27.168796502770768,36.8542465016868,34.64780665670241
1989-05-07,27,1989-05-07,31.75,40.8333333333333,26.0416666666667,9.91666666666667,198492.5,-2595822.5,3577,25.727627248908227,37.9508685329062,34.97260711424275
1989-05-23,28,1989-05-23,27.5833333333333,43.7916666666667,27.3333333333333,9.95833333333333,198492.5,-2595822.5,3577,23.162391658905214,38.34749525499726,37.12648935171598
1989-06-24,29,1989-06-24,12.375,27.5,58.7083333333333,8.25,198492.5,-2595822.5,3577,19.721314418292888,38.72308161394271,40.16955065058177
1989-07-26,30,1989-07-26,15.4583333333333,39.0833333333333,43.9583333333333,8.33333333333333,198492.5,-2595822.5,3577,16.944953524285346,37.78440032619035,43.874186314195214
1989-08-11,31,1989-08-11,13.2916666666667,41.5416666666667,43.75,8.75,198492.5,-2595822.5,3577,13.761940974400208,37.243043076628844,47.565715502240884
1989-08-27,32,1989-08-27,12.8333333333333,37.25,48.5833333333333,8.25,198492.5,-2595822.5,3577,10.515864166791376,36.95143143749402,51.079409238844306
1989-09-12,33,1989-09-12,12.9583333333333,35.7083333333333,49.9583333333333,7.875,198492.5,-2595822.5,3577,10.8435702584293,37.45949251985843,50.27376918746134
1989-09-28,34,1989-09-28,10.375,37.2083333333333,50.875,8.16666666666667,198492.5,-2595822.5,3577,12.056671141034652,37.47464223082856,49.04415733904163
1989-10-14,35,1989-10-14,12.5,35.0,50.9583333333333,7.79166666666667,198492.5,-2595822.5,3577,13.209709923717229,37.18733807471639,48.197092381295676
1989-11-15,36,1989-11-15,10.875,40.5833333333333,47.2083333333333,7.79166666666667,198492.5,-2595822.5,3577,12.669149220230922,34.95065293323283,50.9682238556001
1990-01-02,37,1990-01-02,16.5833333333333,34.5833333333333,47.5833333333333,7.66666666666667,198492.5,-2595822.5,3577,14.76941299154701,35.92768029183898,47.832572870878394
1990-02-03,38,1990-02-03,15.5416666666667,32.4583333333333,50.4583333333333,7.79166666666667,198492.5,-2595822.5,3577,14.849659370554988,36.58443659023606,47.088531179855394
1990-04-08,39,1990-04-08,13.4166666666667,36.5416666666667,48.4583333333333,7.70833333333333,198492.5,-2595822.5,3577,13.67554955364348,36.06267635872359,48.795455447537925
1990-04-24,40,1990-04-24,13.2083333333333,37.0,48.375,8.45833333333333,198492.5,-2595822.5,3577,11.473803286495063,34.809007555906376,52.26500176808993
1990-05-10,41,1990-05-10,11.0833333333333,35.9583333333333,51.4166666666667,8.0,198492.5,-2595822.5,3577,10.591667749173897,34.72484971168663,53.25135764647352
1990-05-26,42,1990-05-26,11.7083333333333,36.25,50.625,8.16666666666667,198492.5,-2595822.5,3577,11.031752690032759,34.757483744320666,52.813900495781155
1990-06-11,43,1990-06-11,1.875,29.5416666666667,67.4583333333333,3.5,198492.5,-2595822.5,3577,11.562704323538487,34.42852645290212,52.63926746627199
1990-06-27,44,1990-06-27,16.125,32.2916666666667,50.1666666666667,8.0,198492.5,-2595822.5,3577,13.49272554071111,33.26201223956146,51.90517763969001
1990-07-13,45,1990-07-13,19.8333333333333,35.3333333333333,43.4583333333333,8.41666666666667,198492.5,-2595822.5,3577,15.636268916839311,32.15654250289993,50.813465688071105
1990-08-14,46,1990-08-14,21.5833333333333,36.6666666666667,40.2916666666667,8.66666666666667,198492.5,-2595822.5,3577,15.723713979516571,33.127717999230086,49.74666497072876
1990-10-17,47,1990-10-17,11.7083333333333,28.7083333333333,58.0416666666667,7.25,198492.5,-2595822.5,3577,15.733427692016669,33.57173785965853,49.256736813231015
1990-11-02,48,1990-11-02,13.5416666666667,31.0,54.0,7.83333333333333,198492.5,-2595822.5,3577,16.151012687000982,33.13896616798597,49.2141617412442
1990-12-04,49,1990-12-04,16.875,36.625,45.1666666666667,8.25,198492.5,-2595822.5,3577,16.471332460107096,32.981281618273584,49.05559675102289
1990-12-20,50,1990-12-20,14.4166666666667,33.5,50.5416666666667,7.70833333333333,198492.5,-2595822.5,3577,16.36212536173593,32.232345183191754,49.97006321850779
1991-01-21,51,1991-01-21,15.5,34.0833333333333,49.0416666666667,7.75,198492.5,-2595822.5,3577,18.468310456310796,32.656473041917074,47.425265395072586
1991-02-22,52,1991-02-22,27.7083333333333,27.125,43.5,7.5,198492.5,-2595822.5,3577,19.6234069078467,33.51416282375534,45.41928363173816
1991-03-10,53,1991-03-10,21.375,35.0416666666667,42.2916666666667,8.125,198492.5,-2595822.5,3577,20.84690258141959,33.79927760577411,43.90200318256939
1991-03-26,54,1991-03-26,16.1666666666667,38.0,44.4583333333333,7.83333333333333,198492.5,-2595822.5,3577,19.40787759711618,34.53062597876325,44.58234734820755
1991-04-11,55,1991-04-11,16.5833333333333,34.5,47.375,7.70833333333333,198492.5,-2595822.5,3577,17.359410068772807,35.43985671191025,45.731988857369004
1991-04-27,56,1991-04-27,14.5416666666667,36.4166666666667,47.4583333333333,7.79166666666667,198492.5,-2595822.5,3577,15.35710522707198,36.90572611082897,46.272812971335455
1991-05-13,57,1991-05-13,14.7916666666667,36.125,47.7083333333333,7.79166666666667,198492.5,-2595822.5,3577,13.180717631180073,37.6685078337499,47.6704861186214
1991-05-29,58,1991-05-29,14.8333333333333,37.7916666666667,45.875,7.83333333333333,198492.5,-2595822.5,3577,12.352605598733792,36.69874771770509,49.492409808965874
1991-06-14,59,1991-06-14,7.25,38.875,52.4166666666667,6.375,198492.5,-2595822.5,3577,12.981595545835091,35.33461069373855,50.21634029024921
1991-06-30,60,1991-06-30,13.6666666666667,30.7083333333333,54.25,7.20833333333333,198492.5,-2595822.5,3577,12.232936954684344,35.37392290371638,50.96844125945532
1991-07-16,61,1991-07-16,14.4583333333333,36.6666666666667,47.375,8.25,198492.5,-2595822.5,3577,11.312058426607798,34.2641826697503,52.9940534181941
1991-10-04,62,1991-10-04,10.8333333333333,31.7083333333333,56.0833333333333,7.5,198492.5,-2595822.5,3577,10.918735160606566,33.458042860127634,54.190132751657146
1991-10-20,63,1991-10-20,10.0833333333333,30.75,57.7083333333333,7.20833333333333,198492.5,-2595822.5,3577,10.611332424024324,32.83316013191683,55.08920143323342
1991-11-05,64,1991-11-05,8.54166666666667,36.7083333333333,53.2083333333333,7.29166666666667,198492.5,-2595822.5,3577,10.814414687478077,31.064032201024457,56.653372556227836
1991-12-23,65,1991-12-23,10.4583333333333,28.5,59.5833333333333,7.20833333333333,198492.5,-2595822.5,3577,10.86857350595578,30.371271659192814,57.27848982801686
1992-01-08,66,1992-01-08,11.5416666666667,28.1666666666667,58.7916666666667,7.125,198492.5,-2595822.5,3577,9.829363232225537,29.57956259426405,59.071000851564776
1992-02-09,67,1992-02-09,11.5416666666667,31.75,55.2083333333333,7.54166666666667,198492.5,-2595822.5,3577,10.38753274589033,28.444595394281546,59.62351606081366
1992-02-25,68,1992-02-25,10.8333333333333,23.9583333333333,63.5416666666667,6.79166666666667,198492.5,-2595822.5,3577,10.767217302819404,29.012382096743096,58.640631427387376
1992-03-28,69,1992-03-28,10.0833333333333,29.0416666666667,59.4166666666667,6.83333333333333,198492.5,-2595822.5,3577,10.842535560413186,29.631044007587583,57.95407726947109
1992-04-13,70,1992-04-13,9.0,35.0,54.3333333333333,8.5,198492.5,-2595822.5,3577,10.500449112289635,31.691353538098042,56.24107407040003
1992-05-31,71,1992-05-31,10.7083333333333,28.9166666666667,58.7083333333333,7.25,198492.5,-2595822.5,3577,11.467581438167947,29.671440788309425,57.273690963310884
1992-07-02,72,1992-07-02,13.7916666666667,32.4166666666667,52.375,7.75,198492.5,-2595822.5,3577,11.598211386135343,29.017753402424,57.80839619615844
1992-07-18,73,1992-07-18,10.5833333333333,30.7083333333333,57.1666666666667,7.54166666666667,198492.5,-2595822.5,3577,11.165919606707416,29.934538242970305,57.364590131222414
1992-08-03,74,1992-08-03,11.0416666666667,27.5,59.9583333333333,7.33333333333333,198492.5,-2595822.5,3577,10.178707644263405,31.159506128541707,57.16333820976928
1992-08-19,75,1992-08-19,9.75,24.5833333333333,64.0833333333333,7.125,198492.5,-2595822.5,3577,9.026597112896077,30.650947994209638,58.86020506840059
1992-09-04,76,1992-09-04,9.75,26.3333333333333,62.4166666666667,7.20833333333333,198492.5,-2595822.5,3577,7.960352083415913,30.98955134132686,59.6061835481251
1992-09-20,77,1992-09-20,0.428571428571429,52.1428571428571,46.1428571428571,6.42857142857143,198507.857142857,-2595812.14285714,3577,7.408858040822871,30.826582344379553,60.29484408779173
1992-11-07,78,1992-11-07,10.3333333333333,22.3333333333333,65.875,6.75,198492.5,-2595822.5,3577,8.160795731614934,28.310489948643596,62.008262506318246
1992-11-23,79,1992-11-23,10.0,21.375,67.0,6.70833333333333,198492.5,-2595822.5,3577,9.050543110139266,26.04012795769372,63.360356619635084
1993-01-10,80,1993-01-10,11.25,21.25,65.9166666666667,6.79166666666667,198492.5,-2595822.5,3577,9.302396004406983,23.602854833501457,65.50873610392757
1993-02-11,81,1993-02-11,11.3333333333333,22.7916666666667,64.1666666666667,6.66666666666667,198492.5,-2595822.5,3577,9.955495227165557,21.80028369463029,66.66065178370685
1993-03-15,82,1993-03-15,12.25,19.625,66.625,6.58333333333333,198492.5,-2595822.5,3577,12.746393312567879,20.201387492793152,65.51261599596538
1993-03-31,83,1993-03-31,12.6666666666667,22.625,63.1666666666667,7.0,198492.5,-2595822.5,3577,15.566279180053943,21.209091347246076,61.72913399808765
1993-06-19,84,1993-06-19,13.9583333333333,28.2083333333333,56.5416666666667,7.0,198492.5,-2595822.5,3577,17.9703129687623,25.92687949305209,54.68421439241057
1993-07-21,85,1993-07-21,22.7916666666667,26.6666666666667,49.2083333333333,7.58333333333333,198492.5,-2595822.5,3577,21.61886939169898,26.496705564813062,50.52196951654402
1993-08-06,86,1993-08-06,28.4583333333333,26.2916666666667,43.875,7.83333333333333,198492.5,-2595822.5,3577,23.48129424754461,28.85015281415781,46.304251733811384
1993-08-22,87,1993-08-22,28.1666666666667,27.9583333333333,42.4166666666667,8.375,198492.5,-2595822.5,3577,23.885859367666946,31.086384204026636,43.66085810473703
1993-09-23,88,1993-09-23,16.8333333333333,37.2916666666667,44.3333333333333,8.25,198492.5,-2595822.5,3577,22.530785648816334,33.08782484285087,42.912762418173955
1993-10-25,89,1993-10-25,20.2916666666667,36.0416666666667,42.375,7.79166666666667,198492.5,-2595822.5,3577,20.017030570046153,34.45651742477853,44.022883334409244
1993-12-12,90,1993-12-12,15.3333333333333,34.75,48.375,8.83333333333333,198492.5,-2595822.5,3577,16.56760989268482,36.37728319151924,45.51201675001303
1994-01-29,91,1994-01-29,13.5416666666667,37.8333333333333,46.9583333333333,8.0,198492.5,-2595822.5,3577,13.720215671839004,38.557845663103066,46.21031522656218
1994-04-19,92,1994-04-19,13.9583333333333,37.0833333333333,47.4583333333333,8.70833333333333,198492.5,-2595822.5,3577,12.709789307697621,38.80477043595659,47.00578330337689
1994-05-21,93,1994-05-21,12.75,39.6666666666667,46.0,8.66666666666667,198492.5,-2595822.5,3577,12.808588985831644,37.61698672843621,48.10383875669534
1994-06-22,94,1994-06-22,12.125,39.9166666666667,46.7916666666667,8.875,198492.5,-2595822.5,3577,12.283902372135827,38.30716278045426,47.913379448202015
1994-07-08,95,1994-07-08,11.0,38.625,48.7916666666667,8.58333333333333,198492.5,-2595822.5,3577,11.663209855158563,40.0294117646999,46.8165932364779
1994-07-24,96,1994-07-24,12.2083333333333,35.4583333333333,50.875,8.41666666666667,198492.5,-2595822.5,3577,9.90875442926378,37.42322576803443,51.16249990978329
1994-08-25,97,1994-08-25,10.2916666666667,33.7083333333333,54.3333333333333,8.08333333333333,198492.5,-2595822.5,3577,10.20954393903158,35.104478338993225,53.126354038110804
1994-09-10,98,1994-09-10,9.95833333333333,38.1666666666667,50.25,8.20833333333333,198492.5,-2595822.5,3577,11.10305303571393,33.08051159366453,54.26632423303439
1994-09-26,99,1994-09-26,10.125,36.0416666666667,52.375,7.95833333333333,198492.5,-2595822.5,3577,12.580403342785377,30.38662885102058,55.542445170919834
1994-12-15,100,1994-12-15,14.5416666666667,19.4583333333333,64.625,6.33333333333333,198492.5,-2595822.5,3577,14.041184048147908,29.068520102184483,55.44719341545139
1994-12-31,101,1994-12-31,13.9166666666667,22.5833333333333,62.0,7.08333333333333,198492.5,-2595822.5,3577,15.729573058518092,28.55818033874882,54.36717977584039
1995-03-05,102,1995-03-05,28.625,39.4583333333333,30.7916666666667,8.75,198492.5,-2595822.5,3577,17.84256713358615,28.57932624650462,52.22295261497268
1995-04-06,103,1995-04-06,10.75,25.9583333333333,62.0,7.70833333333333,198492.5,-2595822.5,3577,19.462887087110197,28.565044346773803,50.61316005974693
1995-04-22,104,1995-04-22,19.0,29.4166666666667,50.0,7.45833333333333,198492.5,-2595822.5,3577,19.81979926677775,30.007960048203227,48.75834704510446
1995-05-24,105,1995-05-24,19.9166666666667,33.875,44.7083333333333,8.375,198492.5,-2595822.5,3577,19.177217519319928,32.33896753400914,47.0496362512546
1995-08-12,106,1995-08-12,20.7916666666667,29.3333333333333,48.4583333333333,8.54166666666667,198492.5,-2595822.5,3577,18.211902906172643,31.912272325193268,48.41033901598193
1995-08-28,107,1995-08-28,18.0,29.9166666666667,50.5416666666667,7.75,198492.5,-2595822.5,3577,17.177930170961677,29.758868195783265,51.58252196718918
1995-12-02,108,1995-12-02,13.5416666666667,30.6666666666667,54.4166666666667,7.75,198492.5,-2595822.5,3577,15.876156480256299,28.27446985418699,54.32484697963763
1996-02-04,109,1996-02-04,14.7083333333333,31.3333333333333,52.4583333333333,8.75,198492.5,-2595822.5,3577,15.662324002104956,29.12419868572684,53.71736377656629
1996-02-20,110,1996-02-20,14.1666666666667,23.875,60.4166666666667,7.08333333333333,198492.5,-2595822.5,3577,12.9983329364115,29.03114171689588,56.44860570285425
1996-03-23,111,1996-03-23,13.4166666666667,24.7083333333333,60.1666666666667,7.04166666666667,198492.5,-2595822.5,3577,12.574897883332547,27.12830410043626,58.70098902644466
1996-04-24,112,1996-04-24,11.0,32.5238095238095,54.9523809523809,7.33333333333333,198485.0,-2595829.28571429,3577,12.348301724073881,28.049107754985915,57.9996450917417
1996-08-14,113,1996-08-14,12.25,27.2916666666667,58.7916666666667,7.58333333333333,198492.5,-2595822.5,3577,13.223477631757387,26.905847635332776,58.24299758548115
1996-08-30,114,1996-08-30,12.3333333333333,31.5,54.6666666666667,8.0,198492.5,-2595822.5,3577,10.57351948876558,26.94381392600805,60.84744976384934
1996-11-02,115,1996-11-02,11.5416666666667,22.6666666666667,64.0833333333333,6.625,198492.5,-2595822.5,3577,9.115938499064061,28.03514880372048,61.28096477824664
1996-11-18,116,1996-11-18,11.5833333333333,22.2916666666667,64.5833333333333,6.54166666666667,198492.5,-2595822.5,3577,10.726735081222625,29.74203788986627,57.99503360415805
1996-12-04,117,1996-12-04,10.9583333333333,41.4583333333333,46.1666666666667,8.70833333333333,198492.5,-2595822.5,3577,13.729779637285311,30.348056097664575,54.43088864179381
1997-01-05,118,1997-01-05,12.0,22.4583333333333,63.9583333333333,6.66666666666667,198492.5,-2595822.5,3577,17.66138492570117,30.898255640124077,49.98558240004859
1997-02-06,119,1997-02-06,14.7916666666667,39.625,44.3333333333333,8.70833333333333,198492.5,-2595822.5,3577,20.947372029412243,31.39097125783961,46.2413269135336
1997-02-22,120,1997-02-22,38.9583333333333,31.6666666666667,27.9583333333333,8.625,198492.5,-2595822.5,3577,23.009699279045694,31.00896678140796,44.57407517662267
1997-03-10,121,1997-03-10,24.5416666666667,28.3333333333333,45.5833333333333,7.58333333333333,198492.5,-2595822.5,3577,22.67119155354112,31.77120995618973,44.15255345788739
1997-04-11,122,1997-04-11,16.1666666666667,26.125,56.375,6.54166666666667,198492.5,-2595822.5,3577,20.05511503460123,29.95182384694322,48.544005787806555
1997-04-27,123,1997-04-27,14.1666666666667,29.875,54.4583333333333,6.54166666666667,198492.5,-2595822.5,3577,16.637014043745324,29.19793222772664,52.69894076510934
1997-06-30,124,1997-06-30,8.58333333333333,33.5416666666667,56.375,7.45833333333333,198492.5,-2595822.5,3577,11.996729921263748,31.021849538485775,55.52164566598722
1997-07-16,125,1997-07-16,8.04166666666667,34.9166666666667,55.625,7.70833333333333,198492.5,-2595822.5,3577,7.373717227044303,30.924793601646563,60.21643140140692
1997-08-01,126,1997-08-01,8.20833333333333,30.8333333333333,59.4166666666667,7.41666666666667,198492.5,-2595822.5,3577,5.626494764264822,33.90189763796068,59.01965565393476
1997-08-17,127,1997-08-17,9.91666666666667,27.8333333333333,60.8333333333333,7.25,198492.5,-2595822.5,3577,8.073334560175457,34.430215166665135,56.03076399863488
1997-09-02,128,1997-09-02,8.95833333333333,38.625,51.0,8.58333333333333,198492.5,-2595822.5,3577,9.507166208403177,34.014483968039244,55.01220709114623
1997-09-18,129,1997-09-18,5.54166666666667,34.5,58.5,6.95833333333333,198492.5,-2595822.5,3577,10.438518911427568,31.32682925948711,56.802385308181776
1997-11-05,130,1997-11-05,12.875,30.25,55.3333333333333,7.83333333333333,198492.5,-2595822.5,3577,11.457409592469798,28.989760368626,58.09250398723215
1997-12-23,131,1997-12-23,17.4166666666667,27.4166666666667,53.7916666666667,7.33333333333333,198492.5,-2595822.5,3577,12.597684694045043,27.83190261750218,58.10752018878087
1998-02-09,132,1998-02-09,14.0833333333333,23.375,61.0416666666667,6.79166666666667,198492.5,-2595822.5,3577,14.533679555736207,27.733382587480627,56.27529552490014
1998-02-25,133,1998-02-25,13.8333333333333,24.2083333333333,60.5416666666667,7.04166666666667,198492.5,-2595822.5,3577,16.22106183290151,26.896946964280417,55.408687674546286
1998-03-29,134,1998-03-29,12.6666666666667,26.1666666666667,59.625,7.0,198492.5,-2595822.5,3577,17.139812329051253,26.466823810860106,54.89378603851468
1998-06-17,135,1998-06-17,21.25,36.125,41.0833333333333,8.75,198492.5,-2595822.5,3577,17.365051743919118,29.06711554698736,52.07128410804103
1998-08-20,136,1998-08-20,20.375,31.625,46.625,7.95833333333333,198492.5,-2595822.5,3577,16.896403905689304,29.868364220913925,51.740900611248904
1998-09-05,137,1998-09-05,15.9583333333333,26.75,55.7083333333333,7.20833333333333,198492.5,-2595822.5,3577,16.91888129929672,30.375018943899853,51.201887895378675
1998-10-23,138,1998-10-23,13.5416666666667,25.2083333333333,59.7083333333333,7.20833333333333,198492.5,-2595822.5,3577,16.166631485127517,30.27725937632606,52.05999985565771
1998-11-08,139,1998-11-08,15.25,32.0,51.2916666666667,7.79166666666667,198492.5,-2595822.5,3577,15.794280925470506,28.00939617657466,54.73416650428217
1998-11-24,140,1998-11-24,16.0833333333333,31.0416666666667,51.5416666666667,7.54166666666667,198492.5,-2595822.5,3577,14.626681497035344,28.1683111779819,55.745172010643564
1998-12-26,141,1998-12-26,13.2083333333333,23.4166666666667,61.75,6.75,198492.5,-2595822.5,3577,14.349672901915346,26.855148592373702,57.29789289656855
1999-01-11,142,1999-01-11,14.0416666666667,30.6666666666667,53.75,7.125,198492.5,-2595822.5,3577,13.799891929533832,28.322383756590078,56.294703103905206
1999-01-27,143,1999-01-27,15.1666666666667,25.75,57.5833333333333,7.33333333333333,198492.5,-2595822.5,3577,13.889544408118184,28.294823984061267,56.20086492454073
1999-02-28,144,1999-02-28,15.125,27.7916666666667,55.4583333333333,7.29166666666667,198492.5,-2595822.5,3577,12.582478151361721,29.0129007988872,56.76320209717193
1999-04-01,145,1999-04-01,6.45833333333333,34.875,56.75,13.125,198492.5,-2595822.5,3577,11.36320245801501,29.61101939855369,57.378462224041876
1999-04-17,146,1999-04-17,13.2083333333333,22.1666666666667,63.0416666666667,6.70833333333333,198492.5,-2595822.5,3577,10.667553421808798,31.321778453739732,56.411236982822984
1999-05-19,147,1999-05-19,8.08333333333333,39.625,50.75,8.66666666666667,198492.5,-2595822.5,3577,10.97088502312796,30.2694869629809,57.188784126082105
1999-07-14,148,1999-07-14,16.2916666666667,24.75,57.6666666666667,7.25,198492.5,-2595822.5,3577,12.067577417420805,26.0791665764537,60.25524114687303
1999-08-23,149,1999-08-23,6.29166666666667,30.4166666666667,61.625,8.75,198492.5,-2595822.5,3577,12.285449457661237,26.80686509052982,59.32889414506177
1999-08-31,150,1999-08-31,15.0833333333333,22.0833333333333,61.1666666666667,6.91666666666667,198492.5,-2595822.5,3577,11.19568421774137,28.401084854253973,58.84549622203542
1999-09-16,151,1999-09-16,12.5,26.2083333333333,59.75,7.125,198492.5,-2595822.5,3577,10.735169629130873,29.24472637784893,58.52655033304313
1999-09-24,152,1999-09-24,10.875,25.625,61.8333333333333,6.91666666666667,198492.5,-2595822.5,3577,8.562910902305903,31.583073531211216,58.35658923119351
1999-10-18,153,1999-10-18,3.66666666666667,42.0,53.0,7.6,198499.0,-2595841.0,3577,7.580189547293672,32.16321797397168,58.7952542813136
1999-10-26,154,1999-10-26,0.5,47.625,50.625,5.125,198528.75,-2595802.5,3577,5.684726522186969,33.62376413575601,59.2302802976089
1999-11-03,155,1999-11-03,9.83333333333333,19.5,69.25,6.0,198492.5,-2595822.5,3577,5.491111700476197,32.73795708934539,60.326374605777346
1999-11-11,156,1999-11-11,11.3333333333333,24.2916666666667,62.875,6.95833333333333,198492.5,-2595822.5,3577,6.259454812472441,33.091241962367064,59.14804480863968
1999-11-19,157,1999-11-19,2.5,34.875,60.75,14.5,198528.75,-2595847.5,3577,7.9529045515875545,28.110400564343735,62.41677401544891
1999-12-05,158,1999-12-05,11.75,22.8333333333333,64.0,6.5,198492.5,-2595822.5,3577,10.719494901381832,23.143348524537007,64.64065127338156
1999-12-21,159,1999-12-21,12.7083333333333,25.75,60.0833333333333,7.16666666666667,198492.5,-2595822.5,3577,14.379733269823994,19.616007057954583,64.50822526285958
2000-01-06,160,2000-01-06,19.875,24.375,54.4166666666667,7.25,198492.5,-2595822.5,3577,17.27574296188589,20.293971508364756,60.943172797265845
2000-02-07,161,2000-02-07,20.4166666666667,12.875,65.25,5.95833333333333,198492.5,-2595822.5,3577,20.711184841986714,22.209876810492684,55.62732017723445
2000-02-23,162,2000-02-23,19.625,11.875,67.0833333333333,4.0,198492.5,-2595822.5,3577,24.61091385394425,22.31884034437881,51.597469094365394
2000-03-26,163,2000-03-26,34.0416666666667,37.875,26.4583333333333,9.08333333333333,198492.5,-2595822.5,3577,26.928521942449823,28.501018460379534,43.05944867825029
2000-04-11,164,2000-04-11,25.5,37.6666666666667,35.125,8.08333333333333,198492.5,-2595822.5,3577,26.206198986767845,34.05411190975698,38.20700094538533
2000-05-13,165,2000-05-13,25.5416666666667,39.7083333333333,33.2916666666667,9.29166666666667,198492.5,-2595822.5,3577,27.708013993226594,40.05852223111686,30.706640109112303
2000-05-29,166,2000-05-29,27.5416666666667,41.0,30.1666666666667,9.875,198492.5,-2595822.5,3577,27.09871578369627,42.93214383654917,28.44308258820218
2000-06-14,167,2000-06-14,24.4583333333333,42.25,31.7083333333333,9.66666666666667,198492.5,-2595822.5,3577,26.329274827335922,41.910045321029756,30.295800046182528
2000-06-30,168,2000-06-30,26.1666666666667,42.2083333333333,30.2916666666667,9.58333333333333,198492.5,-2595822.5,3577,25.247930603964,37.641735586389395,35.72028783909056
2000-07-16,169,2000-07-16,26.1666666666667,27.9583333333333,44.4583333333333,7.0,198492.5,-2595822.5,3577,25.023753851923498,33.70530952535091,39.948137002310595
2000-08-01,170,2000-08-01,29.25,40.0,29.25,9.45833333333333,198492.5,-2595822.5,3577,26.318699618231303,32.886212085123574,39.51150977504875
2000-08-17,171,2000-08-17,17.0,19.0,63.0,8.75,198510.0,-2595765.0,3577,24.927923856325716,32.76231353785043,41.04110195789147
2000-09-02,172,2000-09-02,28.5416666666667,39.75,30.5833333333333,9.45833333333333,198492.5,-2595822.5,3577,23.797349837980967,34.04064369582436,40.925066935122715
2000-09-18,173,2000-09-18,26.25,39.0,33.4583333333333,8.95833333333333,198492.5,-2595822.5,3577,24.949025561637946,35.96114695417563,37.890306674743705
2000-10-04,174,2000-10-04,22.875,39.0833333333333,36.7083333333333,8.58333333333333,198492.5,-2595822.5,3577,23.719063702032308,38.63498794806266,36.41230325401604
2000-11-05,175,2000-11-05,19.6666666666667,41.75,37.3333333333333,9.41666666666667,198492.5,-2595822.5,3577,22.090928936900887,41.69590883831746,34.958880902374105
2000-11-21,176,2000-11-21,21.375,43.4583333333333,33.8333333333333,10.0,198492.5,-2595822.5,3577,20.89286689011962,42.76775093045913,35.03695299680561
2000-12-07,177,2000-12-07,26.2916666666667,39.375,33.125,8.91666666666667,198492.5,-2595822.5,3577,20.731567991063915,44.39528777348265,33.523806747239675
2001-01-08,178,2001-01-08,21.1666666666667,44.5,33.0416666666667,9.75,198492.5,-2595822.5,3577,20.662989170972303,43.281162886736205,34.74789082996416
2001-01-24,179,2001-01-24,11.1363636363636,48.3181818181818,39.0909090909091,16.7727272727273,198497.727272727,-2595820.90909091,3577,23.693295645621134,45.06147575802826,29.93019122025852
2001-02-09,180,2001-02-09,31.0833333333333,46.25,21.375,10.6666666666667,198492.5,-2595822.5,3577,26.496629215137776,45.47689671946661,26.70242185105986
2001-02-25,181,2001-02-25,32.5416666666667,42.7083333333333,23.4583333333333,9.95833333333333,198492.5,-2595822.5,3577,28.85448416157947,46.00387423346206,23.846114728217835
2001-03-13,182,2001-03-13,31.5416666666667,46.6666666666667,20.5,10.9583333333333,198492.5,-2595822.5,3577,29.97990601198709,46.41387789431002,22.33277198689895
2001-03-29,183,2001-03-29,30.5833333333333,47.4583333333333,20.75,11.1666666666667,198492.5,-2595822.5,3577,30.482003290822266,46.767855080928584,21.46120288380027
2001-04-14,184,2001-04-14,28.8333333333333,46.625,23.2083333333333,10.9583333333333,198492.5,-2595822.5,3577,30.42271879307029,46.38943435304971,21.907259664996293
2001-04-30,185,2001-04-30,25.7916666666667,48.1666666666667,24.8333333333333,10.7083333333333,198492.5,-2595822.5,3577,27.42741237090674,47.5135683459916,23.77054421326509
2001-05-16,186,2001-05-16,23.2916666666667,48.6666666666667,26.7083333333333,10.5416666666667,198492.5,-2595822.5,3577,23.086535755262958,49.110790267516684,26.5091904998986
2001-06-01,187,2001-06-01,21.625,48.3333333333333,28.5833333333333,9.79166666666667,198492.5,-2595822.5,3577,21.418393268235267,50.04962310650417,27.23023970353284
2001-06-17,188,2001-06-17,21.8333333333333,51.25,25.6666666666667,11.4166666666667,198492.5,-2595822.5,3577,19.69639867356291,50.330186841015234,28.6571252534832
2001-07-03,189,2001-07-03,17.75,51.2916666666667,29.7916666666667,10.9166666666667,198492.5,-2595822.5,3577,18.715197341355534,51.69628501013179,28.275991036822738
2001-07-19,190,2001-07-19,13.25,54.0,31.4166666666667,12.5833333333333,198492.5,-2595822.5,3577,16.136185022405513,51.36994378170081,31.181776685642014
2001-08-04,191,2001-08-04,16.9583333333333,50.2083333333333,31.4583333333333,10.9583333333333,198492.5,-2595822.5,3577,14.348944012641546,51.121116499591835,33.19386921127912
2001-08-20,192,2001-08-20,16.4166666666667,49.9166666666667,32.25,10.5833333333333,198492.5,-2595822.5,3577,14.200053042930175,51.11063601000918,33.407465341670886
2001-09-05,193,2001-09-05,14.8333333333333,50.7916666666667,33.1666666666667,10.5,198492.5,-2595822.5,3577,15.220490809497823,50.73128612872438,32.751376590380985
2001-09-21,194,2001-09-21,12.1666666666667,51.0833333333333,35.4583333333333,9.91666666666667,198492.5,-2595822.5,3577,16.42955754255818,50.17016497433704,32.06056636861111
2001-10-07,195,2001-10-07,14.4583333333333,47.5833333333333,36.625,8.54166666666667,198492.5,-2595822.5,3577,18.65858393412293,50.976127072094684,29.06660676784081
2001-12-26,196,2001-12-26,29.2083333333333,56.1666666666667,13.4166666666667,14.875,198492.5,-2595822.5,3577,20.534510381256524,51.67715256878572,26.51723985508418
2002-01-27,197,2002-01-27,22.375,49.6666666666667,26.7083333333333,9.70833333333333,198492.5,-2595822.5,3577,21.402985559329082,51.78436694883291,25.53869337576385
2002-02-12,198,2002-02-12,18.0833333333333,50.0,30.3333333333333,10.4583333333333,198492.5,-2595822.5,3577,21.804826365581587,50.89353976775817,26.00944849783468
2002-02-28,199,2002-02-28,19.3333333333333,51.7083333333333,27.8333333333333,11.5833333333333,198492.5,-2595822.5,3577,20.569105559040537,49.62039121868102,28.486245823315844
2002-03-16,200,2002-03-16,21.2083333333333,50.0416666666667,27.5833333333333,11.375,198492.5,-2595822.5,3577,17.44064333499055,47.18358988791721,34.05097353626254
2002-04-01,201,2002-04-01,13.3333333333333,42.5,42.625,11.2083333333333,198492.5,-2595822.5,3577,14.904123095684326,47.549151313076095,36.176731292437935
2002-06-04,202,2002-06-04,11.0,43.9583333333333,43.625,10.9583333333333,198492.5,-2595822.5,3577,11.976901065908553,46.34593102974763,40.24453964507542
2002-06-20,203,2002-06-20,11.0416666666667,45.125,42.3333333333333,10.8333333333333,198492.5,-2595822.5,3577,12.166213817140788,42.70064030396209,43.642351714326615
2002-07-06,204,2002-07-06,9.45833333333333,42.4166666666667,46.625,10.4166666666667,198492.5,-2595822.5,3577,9.175469267573167,39.63223657147214,49.64521495016109
2002-07-22,205,2002-07-22,9.20833333333333,42.0,47.25,10.3333333333333,198492.5,-2595822.5,3577,6.860751477623524,38.49806230920207,53.0634386253502
2002-08-07,206,2002-08-07,9.70833333333333,41.0,47.625,10.0,198492.5,-2595822.5,3577,6.349541196676475,38.56320498386485,53.57190655061371
2002-08-23,207,2002-08-23,1.5,21.0,76.0,6.0,198540.0,-2595765.0,3577,7.335546161783457,39.039366335413135,52.12489986792612
2002-11-11,208,2002-11-11,10.5416666666667,41.0833333333333,46.9583333333333,9.29166666666667,198492.5,-2595822.5,3577,8.329131394919633,39.46033868092101,50.68359530046078
2002-11-27,209,2002-11-27,2.29166666666667,56.1666666666667,40.1666666666667,13.2916666666667,198492.5,-2595822.5,3577,10.166955335684483,41.049510345169836,47.329894563633616
2002-12-13,210,2002-12-13,20.0,39.4583333333333,39.0833333333333,9.54166666666667,198492.5,-2595822.5,3577,12.180650876469507,41.043265171355,45.35702043054307
2002-12-29,211,2002-12-29,15.2916666666667,39.5,43.6666666666667,9.25,198492.5,-2595822.5,3577,13.580127303035507,42.002436546934916,43.03005946581156
2003-01-14,212,2003-01-14,13.9166666666667,40.2916666666667,44.375,9.08333333333333,198492.5,-2595822.5,3577,14.16281834780077,42.53231469252505,41.92215588848091
2003-04-20,213,2003-04-20,11.9166666666667,39.7083333333333,47.1666666666667,9.04166666666667,198492.5,-2595822.5,3577,13.611605757501577,42.14332055972294,42.853921749039195
2003-05-06,214,2003-05-06,11.4583333333333,39.75,47.5416666666667,9.0,198492.5,-2595822.5,3577,12.210893466696614,39.52780423909864,46.925389883587215
2003-05-22,215,2003-05-22,10.1666666666667,41.2083333333333,47.0,9.25,198492.5,-2595822.5,3577,11.576414828416395,40.953875095031776,46.11923670179675
2003-07-01,216,2003-07-01,10.4166666666667,50.1666666666667,38.0833333333333,12.4166666666667,198492.5,-2595822.5,3577,9.758281086361954,42.587403407306894,46.23759153035917
2003-07-17,217,2003-07-17,10.75,36.375,51.4166666666667,9.04166666666667,198492.5,-2595822.5,3577,9.945542695632271,41.4809299620975,47.066444603771394
2003-07-25,218,2003-07-25,10.875,39.25,48.375,9.0,198492.5,-2595822.5,3577,9.396050869847503,40.02868871248349,48.929328676840036
2003-08-18,219,2003-08-18,9.58333333333333,37.3333333333333,51.375,8.83333333333333,198492.5,-2595822.5,3577,8.773982027805161,38.62652941515504,50.89887191967108
2003-08-26,220,2003-08-26,5.0,39.6666666666667,53.3333333333333,10.0,198555.0,-2595795.0,3577,7.911475665412747,37.666355339246266,52.72535504166021
2003-09-03,221,2003-09-03,6.79166666666667,35.8333333333333,55.7916666666667,8.25,198492.5,-2595822.5,3577,7.910072649076197,35.29887882862678,55.12314493009353
2003-09-27,222,2003-09-27,8.64705882352941,35.4705882352941,54.2941176470588,8.29411764705882,198495.0,-2595803.82352941,3577,7.3007524179203305,35.26444141058438,55.79084645396868
2003-10-13,223,2003-10-13,9.54166666666667,34.0416666666667,54.8333333333333,8.29166666666667,198492.5,-2595822.5,3577,7.472980845111402,35.780101811010695,55.21133963013032
2003-10-21,224,2003-10-21,5.79166666666667,38.0416666666667,54.9166666666667,8.0,198492.5,-2595822.5,3577,7.574981406317916,35.55003435373056,55.41975919272032
2003-10-29,225,2003-10-29,8.58333333333333,34.3333333333333,55.5416666666667,8.125,198492.5,-2595822.5,3577,7.64646609688382,37.23517811939219,53.69841744638339
2003-11-14,226,2003-11-14,8.41666666666667,35.0416666666667,55.0833333333333,8.45833333333333,198492.5,-2595822.5,3577,8.127361355028144,38.469855260074425,51.964418200319216
2003-11-22,227,2003-11-22,5.0,46.8333333333333,46.6666666666667,9.875,198492.5,-2595822.5,3577,8.104657961171961,39.11793318075742,51.284599900486434
2003-11-30,228,2003-11-30,10.875,35.5,52.1666666666667,8.25,198492.5,-2595822.5,3577,8.016078758246572,38.745004964676816,51.738066932149536
2003-12-08,229,2003-12-08,7.25,42.0833333333333,49.0833333333333,8.54166666666667,198492.5,-2595822.5,3577,8.951598983786692,39.13008923177251,50.375988721706015
2004-01-01,230,2004-01-01,10.7916666666667,35.0416666666667,52.625,8.5,198492.5,-2595822.5,3577,9.074508309027085,37.99294719727588,51.390304741690244
2004-01-17,231,2004-01-17,9.79166666666667,32.5,56.25,8.08333333333333,198492.5,-2595822.5,3577,8.495342634660258,36.28516053089815,53.74154908558131
2004-01-25,232,2004-01-25,5.95833333333333,34.875,57.625,7.0,198492.5,-2595822.5,3577,9.274576687501003,32.54744429976142,56.679131626878586
2004-02-10,233,2004-02-10,9.04166666666667,35.1666666666667,54.2916666666667,7.95833333333333,198492.5,-2595822.5,3577,8.784854206679524,28.86240204583428,60.840168345577226
2004-03-05,234,2004-03-05,10.875,29.125,58.5416666666667,7.91666666666667,198492.5,-2595822.5,3577,8.470557693079648,29.196369548919375,60.84560253986591
2004-03-13,235,2004-03-13,4.95833333333333,20.125,73.5,5.95833333333333,198492.5,-2595822.5,3577,8.572349606017058,27.76793601135293,62.168956043946764
2004-04-22,236,2004-04-22,11.0714285714286,26.8571428571429,60.4285714285714,7.92857142857143,198490.714285714,-2595831.42857143,3577,7.555728744331699,27.502111324293526,63.378240552311404
2004-04-30,237,2004-04-30,8.83333333333333,27.7083333333333,61.75,7.625,198492.5,-2595822.5,3577,7.30144705048986,27.578833128865448,63.51767283586585
2004-05-08,238,2004-05-08,3.20833333333333,35.0416666666667,60.3333333333333,7.45833333333333,198492.5,-2595822.5,3577,7.3784508379971765,28.582912117623756,62.421448414382084
2004-06-17,239,2004-06-17,10.5,34.2916666666667,53.6666666666667,8.20833333333333,198492.5,-2595822.5,3577,7.9982647717110265,30.594502709390696,59.833114314802685
2004-06-25,240,2004-06-25,6.0,20.75,71.4166666666667,9.5,198492.5,-2595822.5,3577,9.714768871023097,31.99053394550095,56.759242745347905
2004-07-03,241,2004-07-03,10.9583333333333,34.375,53.2083333333333,8.20833333333333,198492.5,-2595822.5,3577,10.73911656394193,32.12747306265767,55.645587756192256
2004-07-11,242,2004-07-11,14.8333333333333,35.625,48.3333333333333,8.5,198492.5,-2595822.5,3577,11.315855083723527,31.52520224569471,55.745029086124376
2004-07-27,243,2004-07-27,13.2941176470588,29.9411764705882,55.3529411764706,7.82352941176471,198493.235294118,-2595809.11764706,3577,12.073182023462486,31.568539372054037,54.946702655376825
2004-08-12,244,2004-08-12,10.6666666666667,31.2916666666667,56.625,8.125,198492.5,-2595822.5,3577,11.418866494397472,31.177363551880816,55.95112265715599
2004-08-20,245,2004-08-20,8.45833333333333,30.0833333333333,59.7916666666667,7.95833333333333,198492.5,-2595822.5,3577,10.516629298885057,30.6454357501252,57.37138298779219
2004-08-28,246,2004-08-28,8.33333333333333,30.8333333333333,59.4583333333333,7.20833333333333,198492.5,-2595822.5,3577,9.651504220297177,30.108554727608677,58.72599812618968
2004-09-13,247,2004-09-13,11.75,27.7083333333333,59.0,7.83333333333333,198492.5,-2595822.5,3577,9.628514810629573,26.406802251954005,62.376540638220895
2004-09-21,248,2004-09-21,8.20833333333333,25.7916666666667,64.25,7.75,198492.5,-2595822.5,3577,9.792594228146399,27.17917717867229,61.48450287797847
2004-10-07,249,2004-10-07,11.0416666666667,27.875,59.625,7.83333333333333,198492.5,-2595822.5,3577,9.894210710977575,28.962568330711882,59.64894655440794
2004-10-15,250,2004-10-15,10.8333333333333,29.125,58.7083333333333,7.75,198492.5,-2595822.5,3577,9.537121190894116,30.03753397697586,58.956952152888974
2004-10-23,251,2004-10-23,7.91666666666667,32.125,58.4583333333333,8.04166666666667,198492.5,-2595822.5,3577,9.041757416988258,31.362110387028316,58.13411896410253
2004-10-31,252,2004-10-31,11.3333333333333,29.0,58.1666666666667,7.95833333333333,198492.5,-2595822.5,3577,8.341098529951765,32.14011452942862,58.02169437888385
2004-11-08,253,2004-11-08,1.29166666666667,43.7916666666667,53.5,7.125,198492.5,-2595822.5,3577,7.673315075016707,32.656306155140285,58.178497134951286
2004-11-16,254,2004-11-16,10.625,26.75,60.9375,7.75,198485.625,-2595815.625,3577,8.14207838085425,31.520719218856918,58.788210306196866
2004-11-24,255,2004-11-24,9.91666666666667,25.7083333333333,62.8333333333333,7.5,198492.5,-2595822.5,3577,8.294353092726464,30.572324218604475,59.53162233792149
2004-12-02,256,2004-12-02,9.05,30.45,58.85,8.2,198495.0,-2595834.0,3577,9.407566917085637,29.334855521151432,59.66421316041168
2004-12-10,257,2004-12-10,8.45833333333333,29.8333333333333,60.1666666666667,7.75,198492.5,-2595822.5,3577,9.560400383928368,28.808711670162452,60.04246185959685
2004-12-18,258,2004-12-18,10.5,29.3333333333333,58.625,7.875,198492.5,-2595822.5,3577,9.407170358020348,28.88853406654831,60.1341927551203
2004-12-26,259,2004-12-26,11.625,28.25,58.5,7.54166666666667,198492.5,-2595822.5,3577,10.697368120354135,28.217409869108426,59.49710714551158
2005-01-11,260,2005-01-11,7.70833333333333,31.375,59.4166666666667,7.83333333333333,198492.5,-2595822.5,3577,10.050651489891468,29.549294745497754,58.845274307726825
2005-01-19,261,2005-01-19,9.83333333333333,26.25,62.3333333333333,7.58333333333333,198492.5,-2595822.5,3577,9.794479024585915,29.146434035516364,59.47656882590205
2005-01-27,262,2005-01-27,8.79166666666667,30.0416666666667,59.625,7.375,198492.5,-2595822.5,3577,9.761099023094461,27.810988246355606,60.96894432535936
2005-02-04,263,2005-02-04,13.5833333333333,25.8333333333333,59.125,7.70833333333333,198492.5,-2595822.5,3577,8.811462144665157,28.4147379967771,61.33506047615039
2005-02-12,264,2005-02-12,8.79166666666667,28.25,61.4166666666667,7.33333333333333,198492.5,-2595822.5,3577,8.230823192192627,28.62435853151019,61.71877954346073
2005-02-20,265,2005-02-20,1.22222222222222,33.3888888888889,64.2222222222222,5.05555555555556,198493.333333333,-2595808.33333333,3577,7.9298099092627,28.913426548273073,61.699330167587206
2005-02-28,266,2005-02-28,9.66666666666667,26.5416666666667,62.25,7.29166666666667,198492.5,-2595822.5,3577,8.190334245919843,28.753434095218445,61.537889694966054
2005-03-08,267,2005-03-08,11.7272727272727,24.8636363636364,62.0,7.40909090909091,198493.636363636,-2595825.0,3577,7.850660773225025,29.194620406795913,61.369735808792214
2005-03-16,268,2005-03-16,5.0,36.0,56.8,9.2,198489.0,-2595813.0,3577,8.29104514180381,28.604778375918222,61.43622249938528
2005-03-24,269,2005-03-24,12.1363636363636,23.7727272727273,62.6363636363636,7.04545454545455,198496.363636364,-2595819.54545455,3577,9.813584752332215,28.219429482231366,60.26911069743689
2005-04-01,270,2005-04-01,9.04166666666667,28.125,61.1666666666667,7.20833333333333,198492.5,-2595822.5,3577,11.038797924561806,27.562870495669646,59.72944683610833
2005-04-09,271,2005-04-09,10.8333333333333,27.0,60.5833333333333,7.41666666666667,198492.5,-2595822.5,3577,10.294835562846956,26.764840426636322,61.331261984714686
2005-04-17,272,2005-04-17,8.75,28.5416666666667,61.1666666666667,7.41666666666667,198492.5,-2595822.5,3577,9.132681126452624,27.198694271762264,62.178243020690815
2005-04-25,273,2005-04-25,12.125,24.8333333333333,61.625,7.29166666666667,198492.5,-2595822.5,3577,8.892585098079122,26.599114121168974,63.04058895180245
2005-05-19,274,2005-05-19,8.875,27.6666666666667,62.0833333333333,7.375,198492.5,-2595822.5,3577,8.778680813509222,27.22695119637438,62.573066381493575
2005-05-27,275,2005-05-27,3.85714285714286,28.2857142857143,66.3571428571429,5.64285714285714,198490.714285714,-2595810.0,3577,8.499479235933073,28.777055117221103,61.2075744173176
2005-07-06,276,2005-07-06,11.0,27.75,59.7083333333333,7.70833333333333,198492.5,-2595822.5,3577,10.476215219247708,28.947345482170885,59.115591838493216
2005-07-14,277,2005-07-14,14.0,33.5833333333333,50.9166666666667,8.54166666666667,198492.5,-2595822.5,3577,12.430170706484644,29.638907145481664,56.4506247106782
2005-07-22,278,2005-07-22,13.7083333333333,27.6666666666667,57.125,7.83333333333333,198492.5,-2595822.5,3577,15.801725622156702,30.09504027963331,52.637267273482315
2005-07-30,279,2005-07-30,18.9166666666667,31.4166666666667,48.3333333333333,8.08333333333333,198492.5,-2595822.5,3577,16.87056777072005,30.704429600322854,50.99455382078459
2005-08-07,280,2005-08-07,18.125,28.3333333333333,52.0,8.08333333333333,198492.5,-2595822.5,3577,17.716589009543018,29.83510555491534,51.02946924076192
2005-08-15,281,2005-08-15,18.6666666666667,30.75,49.375,8.16666666666667,198492.5,-2595822.5,3577,16.147527652943197,29.07010017845498,53.35128648440544
2005-08-23,282,2005-08-23,14.2083333333333,28.0416666666667,56.1666666666667,7.95833333333333,198492.5,-2595822.5,3577,14.58964049366308,29.32945576095294,54.655033949530434
2005-08-31,283,2005-08-31,12.5833333333333,30.7916666666667,55.2083333333333,7.83333333333333,198492.5,-2595822.5,3577,14.75421366558917,28.592340708822515,55.18542022991663
2005-10-10,284,2005-10-10,7.91666666666667,27.3333333333333,63.1666666666667,7.41666666666667,198492.5,-2595822.5,3577,14.593571160519438,29.32885806143883,54.546286273058314
2005-11-19,285,2005-11-19,19.9166666666667,27.0416666666667,51.4166666666667,7.20833333333333,198492.5,-2595822.5,3577,13.773279352224653,28.588698968725673,56.05550563986259
2005-12-05,286,2005-12-05,15.3333333333333,32.6666666666667,50.5833333333333,7.54166666666667,198492.5,-2595822.5,3577,14.37042640022301,29.214452214447867,54.820486659874746
2005-12-21,287,2005-12-21,20.625,31.0,46.8333333333333,8.08333333333333,198492.5,-2595822.5,3577,16.59018561417694,30.194326571257044,51.66781863646415
2006-01-06,288,2006-01-06,13.25,26.25,58.7083333333333,6.70833333333333,198492.5,-2595822.5,3577,17.893943904390138,31.589228495957524,49.0348964760656
2006-01-22,289,2006-01-22,12.4583333333333,36.25,49.9166666666667,7.75,198492.5,-2595822.5,3577,17.942903974248026,32.438925754323385,48.159005210468585
2006-01-30,290,2006-01-30,19.125,30.625,48.9583333333333,7.29166666666667,198492.5,-2595822.5,3577,16.674587924972414,34.08389172746248,47.81356672222829
2006-02-07,291,2006-02-07,23.0833333333333,38.2083333333333,37.375,8.625,198492.5,-2595822.5,3577,15.419943060033628,33.78016771669517,49.36227510878476
2006-02-15,292,2006-02-15,15.625,32.875,50.0833333333333,7.45833333333333,198492.5,-2595822.5,3577,15.572727766913754,33.03715766442423,49.95321863602515
2006-03-03,293,2006-03-03,6.95833333333333,31.0416666666667,60.2916666666667,5.29166666666667,198492.5,-2595822.5,3577,14.76853153128339,32.64888783199979,51.16315702401559
2006-03-27,294,2006-03-27,15.0416666666667,32.2083333333333,51.375,7.41666666666667,198492.5,-2595822.5,3577,14.335669512878292,31.655155126647223,52.545264086648096
2006-04-04,295,2006-04-04,13.9583333333333,30.75,53.7916666666667,7.375,198492.5,-2595822.5,3577,13.314257213821099,30.3158194780003,54.86669013670483
2006-04-12,296,2006-04-12,16.9583333333333,26.375,55.2916666666667,7.125,198492.5,-2595822.5,3577,13.30377213534235,30.569718627713137,54.65151350421096
2006-04-20,297,2006-04-20,12.7083333333333,34.125,51.75,7.5,198492.5,-2595822.5,3577,14.084508561387585,30.50282523035804,53.97726586353118
2006-05-06,298,2006-05-06,14.0,32.7916666666667,51.7083333333333,7.91666666666667,198492.5,-2595822.5,3577,15.166275120085608,31.958828738000182,51.46705337332512
2006-05-14,299,2006-05-14,14.3913043478261,31.4347826086957,52.695652173913,7.8695652173913,198495.0,-2595825.0,3577,14.395871672185311,32.607931542137216,51.58356697481311
2006-05-30,300,2006-05-30,15.2916666666667,31.6666666666667,51.7083333333333,7.875,198492.5,-2595822.5,3577,13.59417101160405,32.87602944235245,52.08934349290615
2006-06-07,301,2006-06-07,12.5416666666667,33.8333333333333,52.1666666666667,7.66666666666667,198492.5,-2595822.5,3577,13.814234073233923,32.74692465518468,52.015556004762786
2006-07-25,302,2006-07-25,13.125,32.7083333333333,52.75,7.66666666666667,198492.5,-2595822.5,3577,14.208984054486066,31.83936075029623,52.476548505329866
2006-08-02,303,2006-08-02,15.9166666666667,31.1666666666667,51.375,7.79166666666667,198492.5,-2595822.5,3577,14.42947494242879,30.37609717759686,53.685946344893104
2006-08-10,304,2006-08-10,13.125,28.9583333333333,56.375,7.5,198492.5,-2595822.5,3577,14.125425551473384,30.62141693501443,53.707530354951324
2006-08-18,305,2006-08-18,16.0416666666667,28.0,54.4166666666667,7.58333333333333,198492.5,-2595822.5,3577,13.82368084533378,29.682542129199412,54.90380053942634
2006-08-26,306,2006-08-26,12.4583333333333,29.0833333333333,56.8333333333333,7.45833333333333,198492.5,-2595822.5,3577,13.975611389998853,28.992053581201553,55.526043966009084
2006-09-03,307,2006-09-03,14.875,28.5833333333333,54.9583333333333,7.5,198492.5,-2595822.5,3577,15.008054767727446,26.302953625318118,57.209137096125446
2006-09-11,308,2006-09-11,11.0833333333333,27.4166666666667,60.1666666666667,7.375,198492.5,-2595822.5,3577,13.636685682736278,25.315829616715924,59.55990919554271
2006-09-19,309,2006-09-19,14.5416666666667,25.6666666666667,58.375,7.375,198492.5,-2595822.5,3577,12.154608743326987,25.27060733587365,61.08541148913179
2006-09-27,310,2006-09-27,12.1666666666667,20.125,66.2916666666667,6.375,198492.5,-2595822.5,3577,10.432521622637392,25.565028892536485,62.52595906007673
2006-10-13,311,2006-10-13,12.0,24.5833333333333,61.9583333333333,6.875,198492.5,-2595822.5,3577,9.148542192964008,25.14522857648195,64.2187012040061
2006-10-21,312,2006-10-21,5.0,24.0,69.0,5.0,198495.0,-2595840.0,3577,8.918441553828046,26.04151428455463,63.53702258511274
2006-10-29,313,2006-10-29,1.0,37.4375,60.3125,4.1875,198502.5,-2595841.875,3577,8.498072279682553,26.103112265086924,63.85337168737102
2006-11-06,314,2006-11-06,13.85,24.0,60.75,7.2,198495.0,-2595810.0,3577,6.677546867883176,27.556565762596748,64.20993186175745
2006-11-14,315,2006-11-14,10.4166666666667,23.3333333333333,64.75,7.04166666666667,198492.5,-2595822.5,3577,6.943658264498033,27.746156618891593,63.788315589674816
2006-11-22,316,2006-11-22,12.6842105263158,26.0526315789474,59.5789473684211,7.21052631578947,198491.842105263,-2595837.63157895,3577,10.47218863912533,27.437334300180538,60.58853296029555
2006-11-30,317,2006-11-30,9.33333333333333,30.7083333333333,58.5,7.5,198492.5,-2595822.5,3577,15.489062292872928,26.505564071604187,56.52248074083022
2006-12-08,318,2006-12-08,13.1666666666667,24.5416666666667,60.7916666666667,7.20833333333333,198492.5,-2595822.5,3577,20.580443841908103,26.7923055130425,51.166385238104425
2007-01-09,319,2007-01-09,23.3333333333333,32.9583333333333,42.375,7.83333333333333,198492.5,-2595822.5,3577,24.035231379610224,27.588118164759795,46.94099671714257
2007-01-25,320,2007-01-25,40.5,22.5,35.625,7.95833333333333,198492.5,-2595822.5,3577,25.971415927233288,30.22398738420977,42.49553092404219
2007-02-02,321,2007-02-02,27.0,32.625,39.0416666666667,8.29166666666667,198492.5,-2595822.5,3577,27.151959312477487,30.136961817440444,41.42570305149124
2007-02-10,322,2007-02-10,21.75,30.7083333333333,46.2916666666667,7.41666666666667,198492.5,-2595822.5,3577,24.763943425806264,29.96728330736763,43.950876699199945
2007-02-18,323,2007-02-18,17.375,32.4166666666667,48.9583333333333,7.375,198492.5,-2595822.5,3577,21.378814181849936,30.67064711807206,46.5651473750231
2007-02-26,324,2007-02-26,16.0,31.5,51.0416666666667,7.08333333333333,198492.5,-2595822.5,3577,16.4340346186297,32.03581390229519,50.09636493536673
2007-03-06,325,2007-03-06,13.5,31.375,53.4583333333333,6.91666666666667,198492.5,-2595822.5,3577,13.427116485164031,31.92402772665455,53.14162102087003
2007-03-14,326,2007-03-14,13.9166666666667,29.25,55.25,6.66666666666667,198492.5,-2595822.5,3577,13.069766791514073,32.638794770755844,52.758345240922495
2007-03-22,327,2007-03-22,14.9166666666667,34.4166666666667,49.2083333333333,7.45833333333333,198492.5,-2595822.5,3577,14.834927327572187,32.43635660005144,51.18945798782495
2007-03-30,328,2007-03-30,16.2916666666667,36.3333333333333,45.9166666666667,8.91666666666667,198492.5,-2595822.5,3577,14.728090923522183,33.1859136735248,50.564720496214505
2007-04-07,329,2007-04-07,13.0833333333333,31.625,53.7916666666667,7.83333333333333,198492.5,-2595822.5,3577,14.405186660602485,33.160439534660576,50.967580664941494
2007-04-15,330,2007-04-15,16.1666666666667,30.8333333333333,51.5416666666667,7.875,198492.5,-2595822.5,3577,13.989650313564649,33.81310394970879,50.78017493341814
2007-04-23,331,2007-04-23,11.5416666666667,35.3333333333333,51.75,7.875,198492.5,-2595822.5,3577,13.739056737893709,32.124337865432125,52.69635537320511
2007-05-01,332,2007-05-01,12.7916666666667,32.2916666666667,53.4166666666667,7.33333333333333,198492.5,-2595822.5,3577,13.050190521550807,31.146132376390867,54.30136774988907
2007-05-09,333,2007-05-09,12.7083333333333,30.0,55.7916666666667,6.79166666666667,198492.5,-2595822.5,3577,12.56585442421169,31.84310568172321,54.116455397020076
2007-05-25,334,2007-05-25,12.625,34.4583333333333,51.4583333333333,7.70833333333333,198492.5,-2595822.5,3577,12.643489250685512,34.02425180598047,51.85779622853151
2007-06-02,335,2007-06-02,14.1666666666667,33.25,51.0,7.83333333333333,198492.5,-2595822.5,3577,12.543201122920616,36.59978205488495,49.36304549423007
2007-06-10,336,2007-06-10,11.75,34.1666666666667,52.5416666666667,7.66666666666667,198492.5,-2595822.5,3577,12.428937806257935,37.99561313299135,48.06539435795683
2007-06-18,337,2007-06-18,11.125,48.8333333333333,38.7083333333333,11.2916666666667,198492.5,-2595822.5,3577,12.406564153079339,38.57052815604871,47.5136720864204
2007-06-26,338,2007-06-26,13.0416666666667,39.625,45.9166666666667,8.66666666666667,198492.5,-2595822.5,3577,12.146278515084758,38.763687421963354,47.56758914459442
2007-07-04,339,2007-07-04,12.4583333333333,33.75,51.9583333333333,8.0,198492.5,-2595822.5,3577,12.05541362661926,37.47704540041442,48.94028971543722
2007-07-12,340,2007-07-12,10.9166666666667,34.125,53.5416666666667,7.70833333333333,198492.5,-2595822.5,3577,12.157674626713055,35.4293414918362,50.89794783389226
2007-07-20,341,2007-07-20,13.375,31.125,54.0416666666667,7.70833333333333,198492.5,-2595822.5,3577,12.066744787718216,33.65165136720361,52.81289195839493
2007-07-28,342,2007-07-28,11.3333333333333,32.75,54.4166666666667,7.58333333333333,198492.5,-2595822.5,3577,12.375485324786881,31.340956450665388,54.825617300647835
2007-08-05,343,2007-08-05,13.375,33.125,52.0416666666667,7.91666666666667,198492.5,-2595822.5,3577,11.985184062581649,30.056037422325502,56.46918322904324
2007-08-13,344,2007-08-13,10.5416666666667,30.25,57.875,7.54166666666667,198492.5,-2595822.5,3577,11.91026723534286,30.760405165005828,55.86190931101088
2007-08-21,345,2007-08-21,12.625,28.7083333333333,57.125,7.58333333333333,198492.5,-2595822.5,3577,12.025528264303565,29.252474134048704,57.219997365886655
2007-08-29,346,2007-08-29,11.0,27.7916666666667,59.625,7.25,198492.5,-2595822.5,3577,11.762648213497858,28.07292004950254,58.61008167528189
2007-09-06,347,2007-09-06,12.625,26.9375,58.6875,7.25,198496.875,-2595826.875,3577,11.335577734956866,27.895557293579444,59.211522674942614
2007-09-14,348,2007-09-14,10.2916666666667,28.875,59.3333333333333,7.41666666666667,198492.5,-2595822.5,3577,11.037058669780144,28.486335398306174,58.920702953765556
2007-09-22,349,2007-09-22,12.4166666666667,28.0,58.2916666666667,7.41666666666667,198492.5,-2595822.5,3577,11.250282511268184,28.399950769377142,58.81447889279492
2007-09-30,350,2007-09-30,10.0833333333333,28.125,60.125,7.375,198492.5,-2595822.5,3577,11.580573249605042,28.74656226966843,58.16687491233162
2007-10-08,351,2007-10-08,11.1666666666667,32.0555555555556,55.3333333333333,7.5,198488.333333333,-2595840.0,3577,11.524707177796238,28.775721842859685,58.23878936284314
2007-10-24,352,2007-10-24,12.5833333333333,27.875,58.0,7.41666666666667,198492.5,-2595822.5,3577,12.026943430654361,29.01576580146538,57.47724878620521
2007-11-09,353,2007-11-09,13.5,24.875,60.25,7.29166666666667,198492.5,-2595822.5,3577,13.115253327314962,25.921761346820816,59.47843031641655
2007-11-25,354,2007-11-25,14.3636363636364,22.3636363636364,61.7272727272727,7.09090909090909,198495.0,-2595822.27272727,3577,13.83563722658922,23.48240517816629,61.16043640229802
2007-12-11,355,2007-12-11,10.4782608695652,29.5217391304348,58.4782608695652,7.26086956521739,198495.0,-2595822.39130435,3577,12.825171280990528,23.84521577523921,61.84197109766126
2007-12-27,356,2007-12-27,14.15,21.3,63.1,6.9,198493.5,-2595834.0,3577,12.404699607935978,24.012155254096342,62.129448824578674
2008-01-12,357,2008-01-12,13.4583333333333,20.5416666666667,64.5,6.70833333333333,198492.5,-2595822.5,3577,10.992825355441335,26.02286067398903,61.53729402986765
2008-01-20,358,2008-01-20,10.25,22.375,66.0416666666667,6.58333333333333,198492.5,-2595822.5,3577,10.641131930839588,27.59440088784138,60.36663118703878
2008-01-28,359,2008-01-28,5.39130434782609,42.1304347826087,51.0,9.82608695652174,198495.0,-2595825.0,3577,10.567456615711864,27.834699922274837,60.1805210538463
2008-02-05,360,2008-02-05,10.625,29.125,58.9583333333333,6.91666666666667,198492.5,-2595822.5,3577,10.30657633522603,28.14528378360572,60.12576366289965
2008-02-13,361,2008-02-13,15.2916666666667,19.8333333333333,63.375,6.79166666666667,198492.5,-2595822.5,3577,10.944550972201114,26.576435665555394,61.02715236483337
2008-02-21,362,2008-02-21,9.58333333333333,27.3333333333333,61.625,6.54166666666667,198492.5,-2595822.5,3577,11.071185074178434,25.84461750727011,61.60758682582703
2008-02-29,363,2008-02-29,13.8333333333333,18.5416666666667,66.0,6.5,198492.5,-2595822.5,3577,11.785800763151265,23.689674018937524,63.00562724168593
2008-03-08,364,2008-03-08,8.70833333333333,25.9583333333333,63.75,6.33333333333333,198492.5,-2595822.5,3577,12.194046687819252,21.82898878614664,64.43015562867542
2008-03-16,365,2008-03-16,12.05,23.25,63.35,6.8,198495.0,-2595810.0,3577,11.836446871877186,21.261605357442786,65.38957255333989
2008-04-01,366,2008-04-01,14.0833333333333,18.8333333333333,65.5416666666667,6.58333333333333,198492.5,-2595822.5,3577,11.22938212906411,22.928394551557084,64.32300349288555
2008-04-09,367,2008-04-09,9.41666666666667,27.0833333333333,61.9166666666667,6.375,198492.5,-2595822.5,3577,12.045521300163456,22.6852334971496,63.7806368038471
2008-04-17,368,2008-04-17,13.7916666666667,18.1666666666667,66.5416666666667,6.45833333333333,198492.5,-2595822.5,3577,13.233945492070447,20.191165645496987,65.07464349375144
2008-05-03,369,2008-05-03,13.3333333333333,18.8333333333333,66.4583333333333,6.54166666666667,198492.5,-2595822.5,3577,13.275401069516734,19.387174615886885,65.8448584439198
2008-05-19,370,2008-05-19,12.875,20.375,65.2083333333333,6.54166666666667,198492.5,-2595822.5,3577,13.396205369773522,18.92377058333269,66.17043122402652
2008-07-06,371,2008-07-06,14.375,18.9166666666667,65.0416666666667,6.66666666666667,198492.5,-2595822.5,3577,12.755441933275296,19.64638833275496,66.05188260627635
2008-08-07,372,2008-08-07,13.4166666666667,17.0833333333333,68.0833333333333,6.41666666666667,198492.5,-2595822.5,3577,12.716281416967977,19.137655620136055,66.61732430026203
2008-08-23,373,2008-08-23,10.625,15.5,72.2916666666667,5.83333333333333,198492.5,-2595822.5,3577,13.216721922093093,18.991124472179134,66.23278374169513
2008-08-31,374,2008-08-31,10.2916666666667,27.5833333333333,60.5833333333333,7.375,198492.5,-2595822.5,3577,10.723285581398692,17.92895523085085,69.76879083383662
2008-10-10,375,2008-10-10,12.3333333333333,16.75,69.25,6.29166666666667,198492.5,-2595822.5,3577,9.978818720792137,17.163782113001467,71.2589950785624
2008-10-18,376,2008-10-18,12.9583333333333,10.7083333333333,74.75,6.29166666666667,198492.5,-2595822.5,3577,10.81389266184199,14.522389843330302,73.11429394025662
2008-10-26,377,2008-10-26,11.3684210526316,15.1052631578947,72.1052631578947,6.0,198491.842105263,-2595832.89473684,3577,12.808787635696255,15.399156754112084,70.22121666014212
2008-11-03,378,2008-11-03,11.7083333333333,17.5416666666667,69.0416666666667,6.79166666666667,198492.5,-2595822.5,3577,15.769942803649911,17.777046134750826,64.85700444612625
2008-11-11,379,2008-11-11,13.5416666666667,16.7916666666667,68.1666666666667,6.5,198492.5,-2595822.5,3577,19.05257458074844,21.383728153450683,58.04724441483653
2008-12-13,380,2008-12-13,32.625,30.2083333333333,35.6666666666667,8.04166666666667,198492.5,-2595822.5,3577,21.951366441338273,24.67024949339376,51.90596851918055
2008-12-21,381,2008-12-21,23.3333333333333,23.9583333333333,51.2916666666667,7.29166666666667,198492.5,-2595822.5,3577,23.100680936151946,29.40538366187302,46.02293113144452
2008-12-29,382,2008-12-29,20.1818181818182,45.7272727272727,32.3636363636364,13.0909090909091,198516.818181818,-2595846.81818182,3577,22.436789799661764,31.64154987533015,44.3739363321026
2009-01-06,383,2009-01-06,20.8333333333333,24.4583333333333,53.4166666666667,6.83333333333333,198492.5,-2595822.5,3577,20.38206875424376,32.46320037894869,45.57831701482052
2009-01-14,384,2009-01-14,17.8333333333333,28.3888888888889,52.2777777777778,7.11111111111111,198495.0,-2595813.33333333,3577,17.40672486950575,32.38796303471703,48.59820671885363
2009-01-22,385,2009-01-22,12.5,29.5,56.0,5.0,198435.0,-2595825.0,3577,14.270525292793067,31.081159388500637,52.96292837239837
2009-01-30,386,2009-01-30,10.2857142857143,35.8095238095238,52.0952380952381,11.4761904761905,198499.285714286,-2595829.28571429,3577,12.962096665167156,28.90147206967679,56.422234672932944
2009-02-07,387,2009-02-07,15.6666666666667,27.9583333333333,54.7916666666667,7.125,198492.5,-2595822.5,3577,14.231016958316632,28.180383265568846,55.8662369883514
2009-02-15,388,2009-02-15,16.625,25.7083333333333,56.2083333333333,7.04166666666667,198492.5,-2595822.5,3577,13.952114011978676,27.166973439129155,57.210942403708785
2009-02-23,389,2009-02-23,14.375,25.9166666666667,57.9166666666667,6.625,198492.5,-2595822.5,3577,15.032703577660282,28.3443505500604,55.013415175474535
2009-03-03,390,2009-03-03,14.0,27.2083333333333,57.2083333333333,6.875,198492.5,-2595822.5,3577,15.301256988847243,26.860603194829885,56.346939139433076
2009-03-19,391,2009-03-19,15.625,27.6666666666667,55.2916666666667,7.16666666666667,198492.5,-2595822.5,3577,14.322045237257115,27.490802871687833,56.716050304512684
2009-03-27,392,2009-03-27,11.9583333333333,29.9583333333333,56.7083333333333,7.0,198492.5,-2595822.5,3577,12.603724504954268,27.95072882651546,57.97344721280455
2009-04-04,393,2009-04-04,12.8695652173913,28.8260869565217,56.9130434782609,6.95652173913043,198493.695652174,-2595821.08695652,3577,11.262852085992805,29.06391853759839,58.2224336550875
2009-04-12,394,2009-04-12,11.375,28.9583333333333,58.125,6.83333333333333,198492.5,-2595822.5,3577,10.932174005230644,29.518857464303295,58.130599056488876
2009-04-28,395,2009-04-28,5.91666666666667,30.75,61.8333333333333,6.95833333333333,198492.5,-2595822.5,3577,11.213785720716333,29.66951579962644,57.70279421076107
2009-05-06,396,2009-05-06,14.0833333333333,28.1666666666667,56.3333333333333,7.08333333333333,198492.5,-2595822.5,3577,11.627967198143146,30.254333887940888,56.64026259444378
2009-05-22,397,2009-05-22,14.3809523809524,29.5238095238095,54.7619047619048,7.0,198492.142857143,-2595817.85714286,3577,13.151170207350109,30.984781498540507,54.36909539996288
2009-06-07,398,2009-06-07,14.0416666666667,34.75,49.5833333333333,8.29166666666667,198492.5,-2595822.5,3577,14.205777273381853,31.852645738964863,52.44572593802863
2009-06-23,399,2009-06-23,14.4166666666667,32.5416666666667,51.5833333333333,8.04166666666667,198492.5,-2595822.5,3577,14.779925519356645,32.430541740302694,51.324324848428745
2009-07-09,400,2009-07-09,15.5555555555556,29.7777777777778,53.1111111111111,7.61111111111111,198490.0,-2595838.33333333,3577,14.638646756914214,31.563338300916037,52.302717920037466
2009-07-25,401,2009-07-25,13.3,32.55,52.65,7.45,198495.0,-2595810.0,3577,13.873201453052008,30.16556600732688,54.44215320394678
2009-08-10,402,2009-08-10,13.0416666666667,28.25,57.2916666666667,7.29166666666667,198492.5,-2595822.5,3577,11.926301656344307,28.673960165105427,57.88626294398413
2009-09-19,403,2009-09-19,8.70833333333333,26.5833333333333,63.2083333333333,6.33333333333333,198492.5,-2595822.5,3577,11.54748437462964,26.63125596341311,60.32618102421346
2009-09-27,404,2009-09-27,12.7083333333333,23.375,62.375,7.25,198492.5,-2595822.5,3577,10.612251452723012,25.60219967473252,62.3006312796905
2009-10-05,405,2009-10-05,8.95833333333333,24.0,65.375,7.0,198492.5,-2595822.5,3577,10.249952867490514,24.398812563953655,63.815383528251985
2009-10-13,406,2009-10-13,11.1739130434783,26.6521739130435,60.8695652173913,7.26086956521739,198495.0,-2595819.7826087,3577,9.85357993803941,24.015192261346016,64.57614601953465
2009-10-21,407,2009-10-21,8.66666666666667,24.5833333333333,65.1666666666667,6.625,198492.5,-2595822.5,3577,10.129551991125362,24.013288720954005,64.32472366907993
2009-10-29,408,2009-10-29,11.9166666666667,23.2916666666667,63.2083333333333,6.91666666666667,198492.5,-2595822.5,3577,9.923816473630708,24.630778802155355,63.952402223188535
2009-11-06,409,2009-11-06,8.16666666666667,24.4583333333333,65.8333333333333,6.625,198492.5,-2595822.5,3577,10.064005548977494,24.963895652181243,63.49654991148226
2009-11-14,410,2009-11-14,10.875,23.8333333333333,63.8333333333333,6.54166666666667,198492.5,-2595822.5,3577,9.439579938494742,25.760546535998355,63.34183569030456
2009-11-22,411,2009-11-22,8.33333333333333,30.7083333333333,59.6666666666667,7.04166666666667,198492.5,-2595822.5,3577,9.555625643309197,26.228407026709412,62.74982789446925
2009-11-30,412,2009-11-30,11.4705882352941,23.7058823529412,63.4117647058824,6.82352941176471,198496.764705882,-2595825.0,3577,9.060701326918212,26.225400081598593,63.2196137743164
2009-12-08,413,2009-12-08,8.79166666666667,27.2083333333333,62.2916666666667,6.91666666666667,198492.5,-2595822.5,3577,10.833880300214908,27.320052302060283,60.37012109904403
2009-12-16,414,2009-12-16,12.0416666666667,27.9166666666667,58.5,7.33333333333333,198492.5,-2595822.5,3577,12.432203346853337,27.175539510672785,58.87439630060176
2010-01-01,415,2010-01-01,11.375,26.0833333333333,61.0833333333333,6.875,198492.5,-2595822.5,3577,14.400285855693951,25.95460639295915,58.05641182571638
2010-01-17,416,2010-01-17,16.9166666666667,23.625,57.7916666666667,7.08333333333333,198492.5,-2595822.5,3577,14.031215265259297,24.596762431427216,59.751853903946
2010-01-25,417,2010-01-25,17.375,25.25,55.8333333333333,7.20833333333333,198492.5,-2595822.5,3577,13.897791013265913,24.23652523064773,60.263409559991416
2010-02-02,418,2010-02-02,18.4782608695652,26.7391304347826,53.2173913043478,7.26086956521739,198489.782608696,-2595821.08695652,3577,14.103334574839568,23.93003389467908,60.399932488874796
2010-02-10,419,2010-02-10,9.22727272727273,18.6818181818182,70.4090909090909,5.18181818181818,198497.727272727,-2595818.18181818,3577,16.401969002376294,23.993074675309174,58.07753079688911
2010-02-18,420,2010-02-18,15.6666666666667,26.0,56.7916666666667,7.16666666666667,198492.5,-2595822.5,3577,19.35447553883001,25.7377552884511,53.370658411048005
2010-03-06,421,2010-03-06,20.3333333333333,30.2916666666667,48.0833333333333,7.875,198492.5,-2595822.5,3577,23.94914009149936,28.277399838620674,46.2793239623941
2010-03-22,422,2010-03-22,34.5833333333333,31.0833333333333,32.8333333333333,8.33333333333333,198492.5,-2595822.5,3577,27.663034763989383,30.419174025939334,40.44750770670086
2010-03-30,423,2010-03-30,34.7083333333333,30.1666666666667,33.625,8.75,198492.5,-2595822.5,3577,31.162957282837525,32.55340392545453,34.83972301161173
2010-04-23,424,2010-04-23,33.85,39.8,24.95,9.6,198489.0,-2595816.0,3577,32.8559653217465,36.09901950586229,29.644290001285164
2010-05-01,425,2010-05-01,28.625,34.875,35.0,9.29166666666667,198492.5,-2595822.5,3577,32.086484218428524,37.87837421137097,28.682226201353025
2010-05-09,426,2010-05-09,27.2222222222222,37.5,34.0555555555556,9.0,198490.0,-2595810.0,3577,28.20954814878541,38.21798299738904,32.22441550537045
2010-05-17,427,2010-05-17,21.9583333333333,38.125,38.5833333333333,8.83333333333333,198492.5,-2595822.5,3577,24.52961924555985,37.19730888306182,36.92858959924973
2010-05-25,428,2010-05-25,24.7916666666667,41.9583333333333,32.0416666666667,9.375,198492.5,-2595822.5,3577,21.04437293871964,37.40328324925287,40.233574732794736
2010-06-02,429,2010-06-02,19.7083333333333,38.5833333333333,40.2916666666667,9.25,198492.5,-2595822.5,3577,19.52507890286236,38.30964497318412,40.82660830740717
2010-06-10,430,2010-06-10,16.9166666666667,31.7083333333333,50.0,6.875,198492.5,-2595822.5,3577,18.021634840904596,39.885156639020636,40.72682889864944
2010-06-18,431,2010-06-18,16.375,41.7916666666667,40.3333333333333,8.75,198492.5,-2595822.5,3577,16.594368608685024,42.330377182151025,39.73158562283355
2010-06-26,432,2010-06-26,16.2916666666667,42.4583333333333,40.0,8.75,198492.5,-2595822.5,3577,15.962506104144598,43.037534189230534,39.65602710842055
2010-07-12,433,2010-07-12,15.5833333333333,54.875,28.3333333333333,12.1666666666667,198492.5,-2595822.5,3577,15.888154286371726,43.27969231490257,39.53937716050127
2010-07-28,434,2010-07-28,17.375,41.0416666666667,40.25,9.58333333333333,198492.5,-2595822.5,3577,16.098102362031845,42.710297184749024,39.907017002599254
2010-08-05,435,2010-08-05,17.1666666666667,39.375,42.2083333333333,9.45833333333333,198492.5,-2595822.5,3577,17.90034488215335,43.651057920401264,37.1878136053777
2010-08-13,436,2010-08-13,19.8333333333333,38.0416666666667,40.9166666666667,9.45833333333333,198492.5,-2595822.5,3577,20.558963095724714,41.694176050980985,36.46793621754377
2010-08-29,437,2010-08-29,24.125,39.2916666666667,35.125,10.375,198492.5,-2595822.5,3577,23.302977724026864,39.83326941375885,35.561832130712276
2010-09-06,438,2010-09-06,22.8333333333333,42.2916666666667,33.625,10.3333333333333,198492.5,-2595822.5,3577,26.780411023441072,39.241963853993624,32.64852981125715
2010-09-14,439,2010-09-14,29.0416666666667,44.2916666666667,25.2916666666667,11.5833333333333,198492.5,-2595822.5,3577,26.941436014961404,40.21479423568608,31.506029703006448
2010-10-16,440,2010-10-16,30.5833333333333,42.625,25.5416666666667,11.5,198492.5,-2595822.5,3577,27.548166874401154,41.717357526368346,29.396254738549125
2010-11-01,441,2010-11-01,26.9166666666667,33.5416666666667,38.1666666666667,11.125,198492.5,-2595822.5,3577,24.628263506355815,42.43637431968844,31.596544129240655
2010-11-17,442,2010-11-17,19.8571428571429,48.5714285714286,30.2380952380952,8.23809523809524,198496.428571429,-2595813.57142857,3577,21.22091002392545,44.17212669940339,33.3024702335798
2010-12-03,443,2010-12-03,19.0,43.4583333333333,36.25,10.125,198492.5,-2595822.5,3577,18.425380604944422,45.803283919376156,34.54346646644891
2010-12-27,444,2010-12-27,13.4583333333333,50.2916666666667,34.9583333333333,9.79166666666667,198492.5,-2595822.5,3577,21.057094865915246,47.0959415326605,30.50375192402599
2011-01-20,445,2011-01-20,28.0,46.0625,24.8125,10.6875,198485.625,-2595830.625,3577,23.53884286507772,47.88620364412991,27.28775713450227
2011-01-28,446,2011-01-28,17.0833333333333,53.9583333333333,27.75,9.70833333333333,198492.5,-2595822.5,3577,26.694510340017164,48.63980388805512,23.486641067906916
2011-03-25,447,2011-03-25,41.3333333333333,44.0833333333333,13.4166666666667,11.9166666666667,198492.5,-2595822.5,3577,30.380419503092945,47.51139624049128,21.079387717542485
2011-04-18,448,2011-04-18,37.0833333333333,44.2083333333333,17.5416666666667,10.7916666666667,198492.5,-2595822.5,3577,32.34451178336141,45.903706909698485,20.8015140174552
2011-04-26,449,2011-04-26,35.375,46.0,17.5625,10.625,198489.375,-2595819.375,3577,32.05645979407109,46.9565730322239,20.07843691396024
2011-05-04,450,2011-05-04,13.0,49.0,38.0,20.0,198495.0,-2595885.0,3577,30.288628425233806,47.216765626007785,21.612567386170966
2011-05-20,451,2011-05-20,30.5833333333333,50.5416666666667,17.625,11.0833333333333,198492.5,-2595822.5,3577,26.419989066656953,49.141515476260466,23.451645232988454
2011-05-28,452,2011-05-28,28.7916666666667,48.7083333333333,21.2083333333333,10.8333333333333,198492.5,-2595822.5,3577,22.787618083667326,51.57362999486843,24.58524035303851
2011-06-21,453,2011-06-21,18.9166666666667,56.6666666666667,23.0833333333333,11.125,198492.5,-2595822.5,3577,19.46606231745261,54.95289269553153,24.37643743854678
2011-06-29,454,2011-06-29,18.375,54.7083333333333,25.75,10.625,198492.5,-2595822.5,3577,18.76619149683885,55.51913079315703,24.44015368626987
2011-07-31,455,2011-07-31,14.625,55.0,29.0833333333333,11.0,198492.5,-2595822.5,3577,16.382900381349934,55.08262829180205,27.23298962863897
2011-08-08,456,2011-08-08,11.8333333333333,57.7083333333333,29.0416666666667,10.7083333333333,198492.5,-2595822.5,3577,14.216481789622064,55.66048878338252,28.817468957404763
2011-08-16,457,2011-08-16,13.8333333333333,54.3333333333333,30.9166666666667,10.75,198492.5,-2595822.5,3577,10.491050229438734,54.34953299646148,33.954172009344546
2011-09-01,458,2011-09-01,13.2083333333333,48.25,37.0833333333333,11.8333333333333,198492.5,-2595822.5,3577,9.952573355435618,51.15371802304799,37.604004524338656
2011-09-09,459,2011-09-09,3.0,46.6666666666667,49.2222222222222,18.8888888888889,198518.333333333,-2595838.33333333,3577,9.479889563479468,46.76183781727322,42.420098224149235
2011-09-17,460,2011-09-17,12.0952380952381,48.4285714285714,37.8095238095238,11.047619047619,198496.428571429,-2595813.57142857,3577,8.577922464531078,43.85750049878855,46.18426709349922
2011-10-19,461,2011-10-19,10.0,44.3684210526316,44.1578947368421,10.0526315789474,198491.842105263,-2595837.63157895,3577,10.07164571754204,41.585529083099054,46.963712710344915
2011-11-04,462,2011-11-04,7.08333333333333,31.125,60.625,6.08333333333333,198492.5,-2595822.5,3577,9.532282990485896,41.34814852465368,47.733751879438884
2011-11-12,463,2011-11-12,12.0833333333333,42.2083333333333,44.3333333333333,10.3333333333333,198492.5,-2595822.5,3577,10.43846736338839,41.99640575191927,46.19968349096304
2011-12-06,464,2011-12-06,16.625,45.6666666666667,36.3333333333333,10.75,198492.5,-2595822.5,3577,12.933826106811773,42.85738935172056,42.89617636178832
2011-12-22,465,2011-12-22,14.3333333333333,48.125,36.2916666666667,10.6666666666667,198492.5,-2595822.5,3577,16.922429995182878,43.88460086976622,37.87315223792169
2012-01-23,466,2012-01-23,18.2916666666667,45.2083333333333,35.2083333333333,9.875,198492.5,-2595822.5,3577,20.368257645344386,45.312389127621884,33.04782893969908
2012-02-08,467,2012-02-08,16.4583333333333,44.0833333333333,38.0833333333333,9.5,198492.5,-2595822.5,3577,24.52605304608217,46.219090202987566,27.929790422393758
2012-03-27,468,2012-03-27,36.2916666666667,42.1666666666667,20.2083333333333,10.75,198492.5,-2595822.5,3577,25.621188507658005,45.490721751523296,27.549306985165025
2012-04-28,469,2012-04-28,27.1666666666667,46.3333333333333,25.1666666666667,11.5416666666667,198492.5,-2595822.5,3577,24.817058874467303,43.23761211925289,30.642938842704353
2012-05-14,470,2012-05-14,24.375,44.125,30.2916666666667,10.9166666666667,198492.5,-2595822.5,3577,22.761161992559984,43.14328017789857,32.75526048876271
2012-08-02,471,2012-08-02,14.3333333333333,42.3333333333333,41.9166666666667,9.45833333333333,198492.5,-2595822.5,3577,19.381195930273346,43.23264982452099,36.02565981034758
2012-09-03,472,2012-09-03,12.625,41.9166666666667,44.0,8.75,198492.5,-2595822.5,3577,15.083264668310665,43.173838234544775,40.35705705365686
2012-09-19,473,2012-09-19,10.875,43.5,44.3125,8.4375,198489.375,-2595834.375,3577,11.869419613954342,43.04569943653711,43.69702506941201
2012-10-05,474,2012-10-05,13.4705882352941,43.2352941176471,41.9411764705882,9.47058823529412,198495.0,-2595803.82352941,3577,10.029116511074708,42.63641640819688,45.94144328973543
2012-10-21,475,2012-10-21,10.3333333333333,43.4583333333333,44.6666666666667,9.125,198492.5,-2595822.5,3577,11.115710264534652,42.74670428009944,44.77498373852863
2012-11-22,476,2012-11-22,12.0833333333333,41.9583333333333,44.7083333333333,9.45833333333333,198492.5,-2595822.5,3577,10.716444969081643,42.531715034025865,45.43030243346409
2012-12-08,477,2012-12-08,12.0416666666667,42.4166666666667,44.2083333333333,9.79166666666667,198492.5,-2595822.5,3577,12.140195218603996,43.576850106251776,42.914911584996275
2012-12-24,478,2012-12-24,10.8333333333333,44.0,43.9444444444444,9.94444444444444,198500.0,-2595805.0,3577,11.68856961562673,43.51428885392187,43.435327301079
2013-01-09,479,2013-01-09,9.95833333333333,41.4166666666667,47.1666666666667,9.70833333333333,198492.5,-2595822.5,3577,11.410301246675331,42.39580729977184,44.84334016385675
2013-01-25,480,2013-01-25,10.7222222222222,43.5555555555556,44.3333333333333,9.66666666666667,198495.0,-2595813.33333333,3577,10.760303409831177,41.3173767017735,46.561150723684264
2013-02-26,481,2013-02-26,13.5789473684211,40.1578947368421,44.7368421052632,9.8421052631579,198498.157894737,-2595807.63157895,3577,10.4569751059374,39.97859689585029,48.1824356801077
2013-03-14,482,2013-03-14,12.2083333333333,43.0416666666667,43.3333333333333,9.20833333333333,198492.5,-2595822.5,3577,9.768679781734367,38.89763293302717,49.90158067177853
2013-05-17,483,2013-05-17,3.0,29.8333333333333,66.1666666666667,10.0,198500.0,-2595785.0,3577,9.898209481624384,38.79127119159392,49.874601904300945
2013-05-25,484,2013-05-25,12.4583333333333,40.0,45.75,10.0,198492.5,-2595822.5,3577,10.130776326842042,39.29240935540851,49.0881060428548
2013-06-18,485,2013-06-18,10.4583333333333,42.9166666666667,45.0833333333333,9.41666666666667,198492.5,-2595822.5,3577,10.826148035794477,40.28906225265217,47.4208234363022
2013-07-04,486,2013-07-04,12.8333333333333,41.4166666666667,44.3333333333333,10.4166666666667,198492.5,-2595822.5,3577,11.91146377997169,40.83346995770785,45.76770894503055
2013-07-12,487,2013-07-12,12.9583333333333,43.125,42.3333333333333,11.4166666666667,198492.5,-2595822.5,3577,13.083627677422726,41.75412297335349,43.67780037323446
2013-07-20,488,2013-07-20,14.25,41.75,42.5416666666667,10.3333333333333,198492.5,-2595822.5,3577,13.96393254877263,41.25237163271275,43.255700844468834
2013-07-28,489,2013-07-28,13.1666666666667,37.2916666666667,48.0416666666667,9.95833333333333,198492.5,-2595822.5,3577,13.571450346882264,40.348711410090544,44.514779479540536
2013-08-05,490,2013-08-05,13.5882352941176,38.4705882352941,46.5294117647059,9.76470588235294,198500.294117647,-2595802.05882353,3577,11.96384249889687,37.632260911163854,48.79151608175049
2013-08-13,491,2013-08-13,10.4583333333333,37.1666666666667,50.4583333333333,9.41666666666667,198492.5,-2595822.5,3577,11.433932984010823,37.211852620898,49.69237701643337
2013-08-21,492,2013-08-21,9.41666666666667,37.4166666666667,51.4583333333333,9.25,198492.5,-2595822.5,3577,10.363702249769052,36.99769809078629,50.96088042128649
2013-08-29,493,2013-08-29,9.875,34.875,53.4166666666667,9.0,198492.5,-2595822.5,3577,10.241260760488068,36.11884535921895,51.92348913941247
2013-09-06,494,2013-09-06,10.0526315789474,38.1052631578947,50.2631578947368,9.36842105263158,198491.842105263,-2595837.63157895,3577,9.801843967199222,36.09119694999639,52.379777570011655
2013-10-08,495,2013-10-08,10.2916666666667,36.4583333333333,51.75,8.79166666666667,198492.5,-2595822.5,3577,9.645473799922488,36.75935028166239,51.94691935304027
2013-10-24,496,2013-10-24,10.0,37.375,51.125,8.0,198492.5,-2595822.5,3577,9.527765641910364,37.21284305782066,51.65761923610479
2013-11-01,497,2013-11-01,10.4166666666667,35.25,52.2916666666667,8.79166666666667,198492.5,-2595822.5,3577,9.688641154490536,37.82657504865529,50.95181744851976
2013-11-09,498,2013-11-09,9.0,37.5,52.0833333333333,8.375,198492.5,-2595822.5,3577,9.746945141110215,38.132855548117895,50.54509000585318
2013-11-25,499,2013-11-25,7.41666666666667,42.5,48.75,8.625,198492.5,-2595822.5,3577,10.53358042071832,38.51692611743772,49.362288212838926
2013-12-03,500,2013-12-03,11.8333333333333,38.0416666666667,48.5,9.0,198492.5,-2595822.5,3577,10.23125218163356,37.83894951254254,50.286487621599065
2013-12-19,501,2013-12-19,11.3333333333333,34.0,52.875,8.625,198492.5,-2595822.5,3577,9.45576731263814,36.661380367766455,52.27720648532153
2013-12-27,502,2013-12-27,11.375,35.0833333333333,52.0,8.66666666666667,198492.5,-2595822.5,3577,9.595770457611124,34.43362506945584,54.35051274833744
2014-01-04,503,2014-01-04,10.5416666666667,34.2916666666667,53.375,8.66666666666667,198492.5,-2595822.5,3577,10.969208036543858,32.811389157324314,54.63393881659319
2014-01-12,504,2014-01-12,9.5,31.2916666666667,57.75,7.29166666666667,198492.5,-2595822.5,3577,12.289893156377396,30.43943855187419,55.66014094264036
2014-01-28,505,2014-01-28,9.45833333333333,28.4583333333333,60.5833333333333,6.875,198492.5,-2595822.5,3577,14.623561165354644,31.866414228884835,51.96809846499471
2014-02-13,506,2014-02-13,21.5,32.1363636363636,45.0,7.59090909090909,198490.909090909,-2595816.81818182,3577,16.754940750681275,33.615075362290995,48.179757806685586
2014-02-21,507,2014-02-21,23.5833333333333,34.9166666666667,39.875,8.875,198492.5,-2595822.5,3577,19.48605638427326,33.91456692757903,45.154656231274856
2014-03-01,508,2014-03-01,20.2083333333333,37.125,41.4583333333333,8.29166666666667,198492.5,-2595822.5,3577,21.45869868005767,34.50546527540804,42.6634462029135
2014-03-09,509,2014-03-09,19.4583333333333,35.8333333333333,43.0833333333333,8.83333333333333,198492.5,-2595822.5,3577,22.432491141466087,35.92788514843282,40.307765377031785
2014-05-20,510,2014-05-20,24.4583333333333,40.6666666666667,33.6666666666667,9.29166666666667,198492.5,-2595822.5,3577,22.479686721943402,34.981333037442354,41.1802963548258
2014-06-05,511,2014-06-05,18.625,24.2083333333333,55.9583333333333,7.20833333333333,198492.5,-2595822.5,3577,21.317743402105528,34.49332001846966,42.8269889295367
2014-06-13,512,2014-06-13,22.9583333333333,36.2083333333333,39.3333333333333,9.25,198492.5,-2595822.5,3577,20.20814389428638,34.32164314013646,44.064711475308584
2014-06-21,513,2014-06-21,20.2916666666667,39.0,39.4166666666667,9.16666666666667,198492.5,-2595822.5,3577,20.605752091043122,35.4150239595233,42.528099222752296
2014-06-29,514,2014-06-29,20.125,33.9166666666667,44.0833333333333,8.875,198492.5,-2595822.5,3577,20.775197197020717,36.4941932422528,41.19053237783271
2014-07-07,515,2014-07-07,20.2083333333333,34.375,43.9583333333333,8.625,198492.5,-2595822.5,3577,20.333564268545754,37.66592334393628,40.42822244834022
2014-07-15,516,2014-07-15,18.9166666666667,46.2083333333333,33.3333333333333,12.5,198492.5,-2595822.5,3577,19.842236968395007,37.55639149291837,40.975080646901134
2014-07-31,517,2014-07-31,21.5833333333333,34.4583333333333,42.375,8.91666666666667,198492.5,-2595822.5,3577,20.451046244773842,37.68027831301261,40.325312845043655
2014-08-08,518,2014-08-08,20.1666666666667,34.2083333333333,44.0416666666667,8.70833333333333,198492.5,-2595822.5,3577,19.66877124423271,34.85319376185728,43.92306700007282
2014-08-16,519,2014-08-16,18.6666666666667,31.6666666666667,48.0833333333333,8.5,198492.5,-2595822.5,3577,19.000108250879407,33.83370319050927,45.60632131026186
2014-08-24,520,2014-08-24,17.25,33.25,48.0,8.33333333333333,198492.5,-2595822.5,3577,17.827578896848685,32.17627212827971,48.40715863083562
2014-09-01,521,2014-09-01,17.5833333333333,30.7916666666667,50.0416666666667,8.125,198492.5,-2595822.5,3577,16.563560407598175,30.44325849588555,51.33279388309581
2014-09-09,522,2014-09-09,16.5833333333333,32.6666666666667,49.0,7.95833333333333,198492.5,-2595822.5,3577,15.58378437867368,29.842214416126403,52.890619700209314
2014-09-17,523,2014-09-17,11.2916666666667,26.1666666666667,60.5833333333333,6.08333333333333,198492.5,-2595822.5,3577,14.847250788425034,30.614949807669717,52.81882861719533
2014-09-25,524,2014-09-25,15.7083333333333,31.75,51.0833333333333,7.70833333333333,198492.5,-2595822.5,3577,14.720771359701036,30.230042446369218,53.3177470104635
2014-10-03,525,2014-10-03,15.9166666666667,30.7916666666667,51.4166666666667,7.79166666666667,198492.5,-2595822.5,3577,14.555916993221322,30.688256403035105,52.99695273765688
2014-10-11,526,2014-10-11,13.9583333333333,32.0,52.4583333333333,7.58333333333333,198492.5,-2595822.5,3577,14.415549878396028,30.83093106583359,53.04482037569477
2014-10-19,527,2014-10-19,15.0416666666667,30.7083333333333,52.4583333333333,7.625,198492.5,-2595822.5,3577,14.035557708543234,31.96090729875082,52.34382374590568
2014-10-27,528,2014-10-27,13.5,32.875,52.0833333333333,7.625,198492.5,-2595822.5,3577,14.186752617865055,32.76850097786139,51.46592983898714
2014-11-04,529,2014-11-04,13.75,34.0416666666667,50.5833333333333,7.91666666666667,198492.5,-2595822.5,3577,14.38037285211993,33.59017569117686,50.4747171043535
2014-11-12,530,2014-11-12,14.1666666666667,32.4444444444444,51.8333333333333,7.66666666666667,198488.333333333,-2595840.0,3577,14.213679122732739,33.389531177451886,50.81494511679509
2014-11-28,531,2014-11-28,14.5833333333333,34.0416666666667,50.0416666666667,8.25,198492.5,-2595822.5,3577,14.873970714525774,34.06632260927418,49.53009284316593
2014-12-06,532,2014-12-06,16.1666666666667,35.8333333333333,46.2916666666667,9.0,198492.5,-2595822.5,3577,15.552848982800226,33.51652269298828,49.355605050257125
2014-12-14,533,2014-12-14,18.625,31.4166666666667,48.4583333333333,8.08333333333333,198492.5,-2595822.5,3577,16.518130218592145,33.03335239751155,48.89325560919258
2014-12-22,534,2014-12-22,16.875,32.6666666666667,48.625,8.08333333333333,198492.5,-2595822.5,3577,18.34567032554375,32.46009872479976,47.58494266310893
2014-12-30,535,2014-12-30,18.6666666666667,31.9583333333333,47.875,8.125,198492.5,-2595822.5,3577,20.41338576284093,31.954418259754036,46.03382298815048
2015-01-15,536,2015-01-15,22.4583333333333,32.0833333333333,44.0416666666667,8.04166666666667,198492.5,-2595822.5,3577,22.801241457197815,32.15216405541001,43.44913922506153
2015-01-23,537,2015-01-23,25.9166666666667,31.125,41.25,8.33333333333333,198492.5,-2595822.5,3577,25.05556298145776,32.10745143378596,41.24617686122656
2015-01-31,538,2015-01-31,28.0416666666667,35.4583333333333,35.0,8.5,198492.5,-2595822.5,3577,26.905638529591315,34.597400496254515,36.98164586680322
2015-02-08,539,2015-02-08,28.4166666666667,33.5416666666667,36.375,8.5,198492.5,-2595822.5,3577,28.141039917587076,35.14111035910214,35.20045137479663
2015-02-16,540,2015-02-16,27.2083333333333,34.4583333333333,36.9583333333333,8.33333333333333,198492.5,-2595822.5,3577,27.991425588810024,34.34076518782898,36.156133306720164
2015-02-24,541,2015-02-24,26.25,36.625,35.5,8.91666666666667,198492.5,-2595822.5,3577,26.120389924380504,33.03171370402335,39.249494750767646
2015-03-04,542,2015-03-04,24.2916666666667,32.2916666666667,41.875,8.0,198492.5,-2595822.5,3577,23.758032686115016,31.55915032156316,43.06568871407035
2015-03-12,543,2015-03-12,22.0833333333333,31.625,44.75,8.04166666666667,198492.5,-2595822.5,3577,21.751539241255337,30.24861948747619,46.32092891963987
2015-03-28,544,2015-03-28,19.2608695652174,19.1304347826087,59.6521739130435,6.08695652173913,198492.391304348,-2595823.69565217,3577,19.80309886191945,29.686143706650114,48.79168290429173
2015-04-05,545,2015-04-05,17.5416666666667,34.7083333333333,46.0416666666667,7.79166666666667,198492.5,-2595822.5,3577,19.628163906580035,30.269707661428143,48.449211627643635
2015-04-13,546,2015-04-13,19.0416666666667,32.25,47.0416666666667,8.125,198492.5,-2595822.5,3577,18.868607353965984,30.993771299140874,48.535837631199904
2015-04-21,547,2015-04-21,19.4166666666667,34.1666666666667,45.0,8.25,198492.5,-2595822.5,3577,18.255621436935186,31.676391008143575,48.52256030750057
2015-04-29,548,2015-04-29,18.6666666666667,32.5416666666667,47.25,8.16666666666667,198492.5,-2595822.5,3577,17.429606216233715,32.97565480801292,48.04013256339568
2015-05-07,549,2015-05-07,17.0833333333333,32.8333333333333,48.75,7.95833333333333,198492.5,-2595822.5,3577,16.706676035856475,32.974694473646345,48.7125881028756
2015-05-15,550,2015-05-15,17.3333333333333,30.8333333333333,50.0833333333333,8.0,198492.5,-2595822.5,3577,15.768219447127436,32.935046725154876,49.65220776104741
2015-05-23,551,2015-05-23,9.0,31.1666666666667,57.8333333333333,13.4583333333333,198492.5,-2595822.5,3577,15.220956798168814,31.390762034434154,51.63885423029555
2015-07-02,552,2015-07-02,17.25,32.2916666666667,48.625,8.08333333333333,198492.5,-2595822.5,3577,14.131131510386362,33.02171602906404,51.03920937163207
2015-07-10,553,2015-07-10,14.7916666666667,35.5833333333333,47.9166666666667,8.0,198492.5,-2595822.5,3577,15.4269198293943,32.362863271914165,50.43411941514903
2015-07-18,554,2015-07-18,16.625,31.5,50.2083333333333,7.875,198492.5,-2595822.5,3577,15.585174500419845,32.67673399871054,50.04711349021747
2015-07-26,555,2015-07-26,14.7083333333333,34.5,49.2916666666667,7.58333333333333,198492.5,-2595822.5,3577,15.065618076451726,32.952919887125475,50.31154062654859
2015-08-03,556,2015-08-03,15.2083333333333,30.75,52.2083333333333,7.54166666666667,198492.5,-2595822.5,3577,13.98178678906021,33.39281538894041,51.009037144478455
2015-08-11,557,2015-08-11,12.3333333333333,33.8333333333333,52.2916666666667,7.54166666666667,198492.5,-2595822.5,3577,12.816365007539535,33.399272554066314,52.10114330972686
2015-08-19,558,2015-08-19,14.9583333333333,29.7083333333333,53.75,7.45833333333333,198492.5,-2595822.5,3577,11.164787611767348,33.2608927450209,53.87022703817564
2015-08-27,559,2015-08-27,2.5,39.5,56.0,3.0,198510.0,-2595765.0,3577,11.486821357175666,33.00826946530787,53.801619433190346
2015-09-04,560,2015-09-04,14.625,31.1666666666667,52.4166666666667,7.91666666666667,198492.5,-2595822.5,3577,11.48411598721025,32.68909173900945,54.097493450813545
2015-09-12,561,2015-09-12,14.0416666666667,30.625,53.8333333333333,7.54166666666667,198492.5,-2595822.5,3577,12.758687133298242,30.441728550083127,55.05594856638926
2015-09-20,562,2015-09-20,14.5416666666667,28.9583333333333,54.75,7.45833333333333,198492.5,-2595822.5,3577,13.379383258638246,29.578420547456368,55.33019586192135
2015-09-28,563,2015-09-28,13.7083333333333,28.8333333333333,55.9166666666667,7.25,198492.5,-2595822.5,3577,13.885203547740192,29.358520607355217,55.020688547770106
2015-10-06,564,2015-10-06,13.7916666666667,29.0,55.2083333333333,7.25,198492.5,-2595822.5,3577,13.718310456311514,30.62869225717064,54.00153806461049
2015-10-14,565,2015-10-14,12.4166666666667,29.75,56.125,7.125,198492.5,-2595822.5,3577,13.58450154076887,30.858779507381694,53.88645294333344
2015-10-22,566,2015-10-22,13.375,32.3333333333333,52.7916666666667,7.33333333333333,198492.5,-2595822.5,3577,12.415391110435705,32.39163455223342,53.493358808366295
2015-10-30,567,2015-10-30,9.625,39.4166666666667,49.3333333333333,8.70833333333333,198492.5,-2595822.5,3577,12.873358194950713,31.87361168243045,53.545514083431776
2015-11-07,568,2015-11-07,14.5,30.375,53.375,7.70833333333333,198492.5,-2595822.5,3577,12.08871159799773,31.68247670801377,54.58268021966896
2015-11-15,569,2015-11-15,13.7916666666667,27.375,57.25,7.20833333333333,198492.5,-2595822.5,3577,11.88543628713731,30.864549279405345,55.581381209081876
2015-11-23,570,2015-11-23,13.9166666666667,26.8333333333333,57.3333333333333,7.25,198492.5,-2595822.5,3577,11.922246097553924,30.310403090197312,56.122236896222304
2015-12-01,571,2015-12-01,12.625,34.375,51.625,7.91666666666667,198492.5,-2595822.5,3577,14.745324463975527,31.0279151962542,52.62070695042044
2015-12-09,572,2015-12-09,14.25,31.7083333333333,52.375,7.375,198492.5,-2595822.5,3577,19.26015573693305,32.34773160275771,46.82674987550449
2016-01-02,573,2016-01-02,21.9583333333333,35.875,40.7916666666667,8.25,198492.5,-2595822.5,3577,23.93930553450319,34.53568490332679,40.062301991088574
2016-01-10,574,2016-01-10,30.6666666666667,35.0,32.7083333333333,9.0,198492.5,-2595822.5,3577,27.490371986110897,36.892321945335,34.17254559165812
2016-01-18,575,2016-01-18,32.9583333333333,39.0833333333333,26.75,9.16666666666667,198492.5,-2595822.5,3577,30.10401737065372,36.8848291801023,31.535183340906173
2016-01-26,576,2016-01-26,35.7083333333333,37.5416666666667,25.2083333333333,9.70833333333333,198492.5,-2595822.5,3577,29.595369929343818,36.238201555920604,32.66114677375798
2016-02-11,577,2016-02-11,22.25,33.25,42.7083333333333,8.125,198492.5,-2595822.5,3577,26.469848520928153,35.45777944964722,36.466056131685335
2016-02-19,578,2016-02-19,18.2916666666667,35.625,44.7083333333333,7.79166666666667,198492.5,-2595822.5,3577,21.896412926595417,35.435996665867535,41.08075064769494
2016-02-27,579,2016-02-27,17.5833333333333,34.4583333333333,46.0416666666667,7.91666666666667,198492.5,-2595822.5,3577,17.52407860457135,35.826536982104386,44.99964096790048
2016-04-15,580,2016-04-15,14.5416666666667,35.4166666666667,48.5,8.20833333333333,198492.5,-2595822.5,3577,14.355808922757248,36.88131373270141,47.11544234918144
2016-04-23,581,2016-04-23,13.375,37.3333333333333,47.7083333333333,8.125,198492.5,-2595822.5,3577,14.612484393828968,34.74277605778633,48.95234345117515
2016-07-20,582,2016-07-20,16.4166666666667,37.125,44.7916666666667,9.16666666666667,198492.5,-2595822.5,3577,14.871611539208743,34.808648246247216,48.71407465479734
2016-07-28,583,2016-07-28,16.5833333333333,36.4583333333333,45.4166666666667,9.16666666666667,198492.5,-2595822.5,3577,15.308358120007412,34.99396660931621,48.05525471987009
2016-08-05,584,2016-08-05,14.2083333333333,33.75,50.1666666666667,8.91666666666667,198492.5,-2595822.5,3577,14.162385760621323,35.54867827060079,48.64797631914077
2016-08-13,585,2016-08-13,14.0416666666667,28.3333333333333,56.125,7.0,198492.5,-2595822.5,3577,13.577836200869415,36.24872832969458,48.55293426506086
2016-09-06,586,2016-09-06,14.875,34.75,48.75,9.29166666666667,198492.5,-2595822.5,3577,13.175877428911887,36.56783597048591,48.623346537158056
2016-09-14,587,2016-09-14,5.61538461538461,51.1538461538462,41.7692307692308,5.23076923076923,198518.076923077,-2595804.23076923,3577,12.88867208642558,36.39630738198307,49.140976026030614
2016-09-22,588,2016-09-22,16.0,32.7916666666667,49.3333333333333,8.79166666666667,198492.5,-2595822.5,3577,13.066010902249714,36.24587349024175,49.100251211431065
2016-09-30,589,2016-09-30,14.9583333333333,33.6666666666667,50.0416666666667,8.66666666666667,198492.5,-2595822.5,3577,13.474834584322915,35.65435430846307,49.28275720270102
2016-10-08,590,2016-10-08,14.8333333333333,30.4583333333333,53.0,8.33333333333333,198492.5,-2595822.5,3577,13.930537629392395,34.399928027036495,50.07655328912618
2016-10-16,591,2016-10-16,13.2916666666667,32.75,52.4583333333333,8.16666666666667,198492.5,-2595822.5,3577,12.510872968420497,32.19174457954045,53.63148138278319
2016-10-24,592,2016-10-24,13.5833333333333,32.0,52.625,8.33333333333333,198492.5,-2595822.5,3577,12.945461193167038,30.495975495881638,54.89760771100745
2016-11-09,593,2016-11-09,12.2083333333333,34.1666666666667,51.9583333333333,8.08333333333333,198492.5,-2595822.5,3577,14.093685726036558,31.894006148645357,52.42341430498541
2016-11-17,594,2016-11-17,13.5416666666667,31.7916666666667,53.25,8.125,198492.5,-2595822.5,3577,16.603023266720477,33.679059588497296,48.18517395916056
2016-12-11,595,2016-12-11,18.125,32.375,47.875,8.33333333333333,198492.5,-2595822.5,3577,19.837076107583997,33.58195223248902,45.115891590343054
2016-12-19,596,2016-12-19,21.4166666666667,34.5416666666667,42.6666666666667,8.29166666666667,198492.5,-2595822.5,3577,21.745835047302407,33.90016021130066,42.964224887593105
2017-01-04,597,2017-01-04,32.625,37.0833333333333,29.1666666666667,8.79166666666667,198492.5,-2595822.5,3577,22.18048868056278,34.53600965597354,41.92218710081863
2017-02-21,598,2017-02-21,19.5416666666667,34.0,45.125,8.25,198492.5,-2595822.5,3577,21.099612161141536,35.279956026080775,42.24746813213677
2017-03-01,599,2017-03-01,18.2916666666667,31.8333333333333,48.1666666666667,8.125,198492.5,-2595822.5,3577,19.11879542026317,35.81603664652664,43.62851905575715
2017-03-09,600,2017-03-09,8.5,40.75,49.4166666666667,7.0,198492.5,-2595822.5,3577,16.499920616017228,36.067070442452035,45.928649137233634
2017-03-17,601,2017-03-17,16.9583333333333,33.7916666666667,47.5416666666667,8.16666666666667,198492.5,-2595822.5,3577,14.47071963983513,35.80252453084735,48.22703758229355
2017-04-26,602,2017-04-26,14.85,38.0,45.8,8.45,198495.0,-2595810.0,3577,13.904248666707886,35.3980285710109,49.139891352190524
2017-05-04,603,2017-05-04,16.9166666666667,32.7083333333333,48.6666666666667,8.20833333333333,198492.5,-2595822.5,3577,14.840573513171911,35.27286168423413,48.34706405564817
2017-05-12,604,2017-05-12,16.7222222222222,35.2777777777778,46.6111111111111,8.27777777777778,198488.333333333,-2595840.0,3577,16.892918828674812,35.06761019337895,46.51594565564459
2017-05-20,605,2017-05-20,16.375,33.8333333333333,48.2083333333333,8.25,198492.5,-2595822.5,3577,16.949583955773385,34.03815302344205,47.42696042347036
2017-05-28,606,2017-05-28,16.7916666666667,34.9166666666667,46.7916666666667,8.16666666666667,198492.5,-2595822.5,3577,17.034310117124928,33.64059624585436,47.70846413647559
2017-06-05,607,2017-06-05,16.5,33.5833333333333,48.0416666666667,8.25,198492.5,-2595822.5,3577,16.228793531887106,34.304068008010226,47.87102262202167
2017-06-13,608,2017-06-13,16.0416666666667,34.7083333333333,47.75,8.08333333333333,198492.5,-2595822.5,3577,16.536465211772352,34.474069403243796,47.368341668644206
2017-06-21,609,2017-06-21,15.9166666666667,33.5833333333333,48.7916666666667,8.20833333333333,198492.5,-2595822.5,3577,16.404665252186042,34.74525861135247,47.248019008847876
2017-07-07,610,2017-07-07,17.1666666666667,34.8333333333333,46.5,8.5,198492.5,-2595822.5,3577,16.418381572709432,34.45080630447557,47.521434592594204
2017-07-15,611,2017-07-15,16.2083333333333,36.25,46.125,8.41666666666667,198492.5,-2595822.5,3577,15.965354162699846,34.5486077322224,47.88322023014563
2017-07-23,612,2017-07-23,15.5416666666667,33.5,49.1666666666667,8.20833333333333,198492.5,-2595822.5,3577,15.138220613776454,34.55527945249604,48.726905813748786
2017-07-31,613,2017-07-31,14.625,34.0,49.75,8.08333333333333,198492.5,-2595822.5,3577,15.0926374017031,34.16568514451741,49.13708255515408
2017-08-08,614,2017-08-08,14.9166666666667,31.2083333333333,52.25,8.0,198492.5,-2595822.5,3577,15.015203646495191,32.58795104058995,50.76615815339189
2017-08-16,615,2017-08-16,12.9583333333333,34.8333333333333,50.625,7.91666666666667,198492.5,-2595822.5,3577,14.448513553957858,31.664702103063,52.24806159702315
2017-08-24,616,2017-08-24,14.125,31.0833333333333,53.125,7.79166666666667,198492.5,-2595822.5,3577,13.768595127644716,31.208023631352823,53.38749727947643
2017-09-01,617,2017-09-01,15.2631578947368,30.6315789473684,52.6315789473684,7.57894736842105,198498.157894737,-2595807.63157895,3577,13.511945105026019,32.07132992475513,52.79733972506526
2017-09-09,618,2017-09-09,14.875,29.0416666666667,54.25,7.58333333333333,198492.5,-2595822.5,3577,13.035263959329129,32.70589920778856,52.65602892842615
2017-09-17,619,2017-09-17,9.20833333333333,33.4583333333333,55.9166666666667,8.95833333333333,198492.5,-2595822.5,3577,11.905419827305765,32.44448951732156,54.06569475415417
2017-09-25,620,2017-09-25,11.25,37.6666666666667,49.375,9.0,198492.5,-2595822.5,3577,11.913046624222929,32.4848935893779,54.077281064481724
2017-10-03,621,2017-10-03,14.125,32.5833333333333,51.9166666666667,7.875,198492.5,-2595822.5,3577,13.30753235276826,32.03765530677631,53.10713931659855
2017-10-19,622,2017-10-19,14.3333333333333,30.8333333333333,53.2083333333333,7.375,198492.5,-2595822.5,3577,14.63491791734199,32.48569284172513,51.36909572149963
2017-11-04,623,2017-11-04,14.2083333333333,27.625,56.8333333333333,7.20833333333333,198492.5,-2595822.5,3577,16.102223587067197,32.94647886467501,49.450278280725485
2017-11-20,624,2017-11-20,18.5416666666667,33.0,46.9583333333333,8.04166666666667,198492.5,-2595822.5,3577,17.860867589580096,31.47844804290886,49.18554060815422
2017-11-28,625,2017-11-28,23.2916666666667,35.125,39.875,8.58333333333333,198492.5,-2595822.5,3577,18.321844096099966,31.587050455650093,48.58170061701189
2017-12-22,626,2017-12-22,15.8947368421053,33.1578947368421,49.4210526315789,8.10526315789474,198491.842105263,-2595832.89473684,3577,17.493488784039393,32.75268380117571,48.25258883069388
2018-01-07,627,2018-01-07,13.25,34.7083333333333,50.875,7.95833333333333,198492.5,-2595822.5,3577,16.697692963435166,34.61644959108593,47.18309741422935
2018-01-15,628,2018-01-15,16.6666666666667,30.8333333333333,50.7916666666667,8.16666666666667,198492.5,-2595822.5,3577,15.902324638858886,34.718939389864616,47.890012376134436
2018-01-23,629,2018-01-23,15.9166666666667,31.125,51.5,7.91666666666667,198492.5,-2595822.5,3577,14.440180921949207,34.34516751511512,49.734201278861434
2018-01-31,630,2018-01-31,12.2916666666667,43.4166666666667,42.75,9.20833333333333,198492.5,-2595822.5,3577,13.513903523556088,33.259851623847794,51.74366273831852
2018-02-08,631,2018-02-08,15.8571428571429,29.5714285714286,53.1428571428571,7.5,198490.714285714,-2595848.57142857,3577,14.239522671123956,32.97038297235378,51.315148202504076
2018-02-24,632,2018-02-24,14.6666666666667,31.75,52.125,7.625,198492.5,-2595822.5,3577,15.56008553393038,32.345602892567285,50.53210020520248
2018-03-04,633,2018-03-04,14.8333333333333,28.5,55.0,7.45833333333333,198492.5,-2595822.5,3577,16.059587389958136,31.54038801076787,50.852737371794454
2018-03-12,634,2018-03-12,15.8333333333333,32.7916666666667,49.9166666666667,8.125,198492.5,-2595822.5,3577,16.67764575465563,31.118141533384573,50.6809488241301
2018-03-20,635,2018-03-20,20.125,30.9166666666667,47.25,8.125,198492.5,-2595822.5,3577,17.479873196975824,30.683796595556725,50.247131609353204
2018-03-28,636,2018-03-28,18.3333333333333,32.375,47.8333333333333,8.0,198492.5,-2595822.5,3577,17.499870743289165,31.321406921247448,49.55969881510937
2018-04-05,637,2018-04-05,15.75,31.3333333333333,51.0833333333333,7.95833333333333,198492.5,-2595822.5,3577,16.932947341613534,32.839540748204584,48.57630540253654
2018-04-13,638,2018-04-13,16.125,33.1666666666667,49.4166666666667,8.0,198492.5,-2595822.5,3577,16.532705040055514,32.17623527143172,49.68681602194792
2018-04-21,639,2018-04-21,14.9166666666667,32.1666666666667,51.0416666666667,8.0,198492.5,-2595822.5,3577,15.566085359426708,32.0836328274361,50.76187692595603
2018-04-29,640,2018-04-29,14.9166666666667,31.7916666666667,51.6666666666667,7.875,198492.5,-2595822.5,3577,14.796371069588698,31.517780207404,52.09852814882997
2018-05-07,641,2018-05-07,15.0,31.0,52.5,7.95833333333333,198492.5,-2595822.5,3577,14.203738985470636,31.67983177812428,52.52941086260738
2018-05-15,642,2018-05-15,14.6666666666667,30.5416666666667,53.375,7.54166666666667,198492.5,-2595822.5,3577,14.417566772750408,31.34520286214866,52.681293886704
2018-06-16,643,2018-06-16,13.6666666666667,32.125,52.6666666666667,7.83333333333333,198492.5,-2595822.5,3577,14.198420258789678,31.287453001070624,52.97093734438147
2018-06-24,644,2018-06-24,13.9166666666667,31.25,53.0416666666667,7.875,198492.5,-2595822.5,3577,13.989763976990996,31.16639874572845,53.276662192288924
2018-07-02,645,2018-07-02,13.9583333333333,31.625,52.9166666666667,7.70833333333333,198492.5,-2595822.5,3577,14.122171945699238,31.52471367641175,52.7939480540021
2018-07-10,646,2018-07-10,13.5,31.2083333333333,53.75,7.70833333333333,198492.5,-2595822.5,3577,13.86017233540245,31.36133152193056,53.16514123130976
2018-07-18,647,2018-07-18,14.7333333333333,30.0666666666667,53.7333333333333,7.6,198495.0,-2595795.0,3577,13.563683813604364,30.467709483494414,54.37591814789144
2018-07-26,648,2018-07-26,12.8333333333333,30.9166666666667,54.375,7.58333333333333,198492.5,-2595822.5,3577,13.285332185871972,30.02418505127035,55.07533629939926
2018-08-03,649,2018-08-03,13.5833333333333,29.875,55.0833333333333,7.5,198492.5,-2595822.5,3577,12.868832405982165,29.977375565606394,55.57925588342712
2018-09-12,650,2018-09-12,12.0416666666667,28.875,57.4583333333333,7.16666666666667,198492.5,-2595822.5,3577,12.76556286850213,29.121125520501977,56.51674911774684
2018-09-20,651,2018-09-20,11.5,27.375,59.625,7.04166666666667,198492.5,-2595822.5,3577,12.627178549003286,28.622719514743096,57.107070947619675
2018-09-28,652,2018-09-28,13.4583333333333,29.8333333333333,55.0,7.83333333333333,198492.5,-2595822.5,3577,12.73200311040678,28.673804729837585,57.00491892008067
2018-10-14,653,2018-10-14,13.4166666666667,31.75,53.2083333333333,8.25,198492.5,-2595822.5,3577,12.717098046430515,29.5648134115582,56.158701205906425
2018-10-22,654,2018-10-22,13.4583333333333,26.5833333333333,58.625,7.375,198492.5,-2595822.5,3577,13.323234428108599,30.064211717070982,55.128760816059064
2018-11-15,655,2018-11-15,14.0416666666667,28.0833333333333,56.125,7.54166666666667,198492.5,-2595822.5,3577,13.865427013644757,30.583929615271778,54.040428998238255
2018-11-23,656,2018-11-23,12.5833333333333,35.2916666666667,50.8333333333333,8.08333333333333,198492.5,-2595822.5,3577,14.427430412722366,30.370944200274007,53.758726825282245
2018-12-09,657,2018-12-09,15.25,30.0833333333333,53.3333333333333,7.58333333333333,198492.5,-2595822.5,3577,14.308024277062376,30.288467853091795,53.929335628243976
2018-12-17,658,2018-12-17,14.75,28.4583333333333,55.1666666666667,7.54166666666667,198492.5,-2595822.5,3577,15.229466792235398,26.512322017503813,56.756660676776036
2018-12-25,659,2018-12-25,16.3333333333333,24.5,57.6666666666667,7.25,198492.5,-2595822.5,3577,14.977713488779337,26.393791631481186,57.04691033939409
2019-01-02,660,2019-01-02,13.0833333333333,27.7916666666667,57.3333333333333,7.375,198492.5,-2595822.5,3577,13.885875605300756,27.964644359764037,56.56969282007137
2019-01-10,661,2019-01-10,12.8333333333333,26.625,59.125,7.125,198492.5,-2595822.5,3577,12.574756255094918,29.63307010326693,56.195337814911454
2019-01-18,662,2019-01-18,12.5416666666667,29.4166666666667,56.25,7.54166666666667,198492.5,-2595822.5,3577,11.336479825642224,32.24779980081356,54.796238462251935
2019-01-26,663,2019-01-26,11.35,32.7,54.55,7.5,198495.0,-2595810.0,3577,10.304221243151595,34.93575707058157,53.21877106380954
2019-02-03,664,2019-02-03,3.8,53.9333333333333,40.7333333333333,12.5333333333333,198487.0,-2595817.0,3577,10.02782552844323,35.59577785475086,52.85580784024266
2019-02-11,665,2019-02-11,13.4166666666667,27.0,58.125,7.25,198492.5,-2595822.5,3577,10.280871347433289,34.98062218998228,53.23128342245195
2019-02-19,666,2019-02-19,12.625,28.3333333333333,57.2916666666667,7.41666666666667,198492.5,-2595822.5,3577,11.256492346660945,32.542031111298684,54.633047550996054
2019-02-27,667,2019-02-27,12.0833333333333,29.0,57.5416666666667,7.33333333333333,198492.5,-2595822.5,3577,11.794540727588494,30.022988879021536,56.57057777103373
2019-03-07,668,2019-03-07,12.4583333333333,27.5416666666667,58.2916666666667,7.29166666666667,198492.5,-2595822.5,3577,13.407694653126073,26.97917289108836,57.970694321150084
2019-03-23,669,2019-03-23,13.0416666666667,27.7083333333333,57.5,7.41666666666667,198492.5,-2595822.5,3577,13.987133119716155,25.67776256251104,58.6588516746324
2019-03-31,670,2019-03-31,14.0,27.0,57.375,7.33333333333333,198492.5,-2595822.5,3577,13.46875699120079,26.23744289765569,58.68423488275554
2019-04-08,671,2019-04-08,13.0833333333333,26.8333333333333,58.2916666666667,7.5,198492.5,-2595822.5,3577,11.976464454016849,29.236199816690796,57.157109917937305
2019-04-16,672,2019-04-16,12.5,29.4166666666667,56.7916666666667,7.29166666666667,198492.5,-2595822.5,3577,12.12196085647918,28.565833676123532,57.700049434560945
2019-04-24,673,2019-04-24,12.6666666666667,28.9583333333333,56.5833333333333,7.5,198492.5,-2595822.5,3577,11.618608687492408,29.2609667164577,57.455567523283406
2019-05-02,674,2019-05-02,6.66666666666667,31.6666666666667,60.1666666666667,7.75,198492.5,-2595822.5,3577,11.49053526452736,29.916473619255534,56.91435460823156
2019-05-10,675,2019-05-10,13.2916666666667,29.1666666666667,55.6666666666667,7.54166666666667,198492.5,-2595822.5,3577,11.710999913397547,30.25842462490618,56.29920363433457
2019-05-26,676,2019-05-26,13.7083333333333,30.8333333333333,53.5416666666667,8.125,198492.5,-2595822.5,3577,12.368881118879276,30.62143403551615,55.28916065873446
2019-06-03,677,2019-06-03,13.9583333333333,29.5,55.0,7.75,198492.5,-2595822.5,3577,13.240704857575942,30.266289953591922,54.75785179731732
2019-06-11,678,2019-06-11,12.6666666666667,29.9583333333333,55.5416666666667,7.75,198492.5,-2595822.5,3577,13.792363621928121,30.027219143081524,54.495949251978274
2019-06-19,679,2019-06-19,14.625,30.6666666666667,53.25,8.08333333333333,198492.5,-2595822.5,3577,14.073951590203356,29.738863690484624,54.56023349714485
2019-06-27,680,2019-06-27,13.125,29.7083333333333,55.625,7.91666666666667,198492.5,-2595822.5,3577,13.89875024356241,29.46284559093715,55.04916574652592
2019-07-05,681,2019-07-05,13.5,28.875,55.9583333333333,7.66666666666667,198492.5,-2595822.5,3577,12.694990510004093,29.412497203514476,56.29091973557075
2019-07-13,682,2019-07-13,12.5,27.75,57.9583333333333,7.625,198492.5,-2595822.5,3577,12.32143638095466,29.301188775100805,56.72792295423026
2019-07-21,683,2019-07-21,12.3,29.7,56.55,7.65,198495.0,-2595810.0,3577,12.992505971838384,27.790789293261916,57.51695172731465
2019-07-29,684,2019-07-29,12.4583333333333,27.0833333333333,58.5416666666667,7.5,198492.5,-2595822.5,3577,12.845554677518699,26.928010998285608,58.55247335223241
2019-08-06,685,2019-08-06,11.875,28.1666666666667,58.4166666666667,7.33333333333333,198492.5,-2595822.5,3577,12.287935188155457,27.513489903326274,58.466835302706244
2019-08-14,686,2019-08-14,12.375,25.625,60.0416666666667,7.41666666666667,198492.5,-2595822.5,3577,12.258210201875084,27.030716736931563,59.0158735014617
2019-08-22,687,2019-08-22,14.0666666666667,25.1333333333333,59.4,7.33333333333333,198495.0,-2595795.0,3577,11.580647275951117,26.668024148414556,60.02957007769008
2019-08-30,688,2019-08-30,12.1666666666667,24.75,61.25,7.20833333333333,198492.5,-2595822.5,3577,10.902813487493525,26.363369078084474,61.03552683350196
2019-09-07,689,2019-09-07,4.73333333333333,33.8,59.8,10.8,198495.0,-2595795.0,3577,10.5071114711091,26.059727102659675,61.723591601102896
2019-09-15,690,2019-09-15,12.5833333333333,22.875,62.6666666666667,7.125,198492.5,-2595822.5,3577,10.180685312801177,25.611028733231798,62.55187464641032
2019-10-25,691,2019-10-25,11.1666666666667,19.25,68.0833333333333,6.16666666666667,198492.5,-2595822.5,3577,10.125076167829398,24.65253800468467,63.51635290382828
2019-11-02,692,2019-11-02,9.08695652173913,28.1739130434783,60.9565217391304,6.52173913043478,198495.0,-2595822.39130435,3577,10.304619606398251,23.626977924033213,64.34549604161646
2019-11-10,693,2019-11-10,12.4583333333333,22.2083333333333,63.7916666666667,6.75,198492.5,-2595822.5,3577,11.02961242104973,23.0823697828139,64.15317209598794
2019-11-18,694,2019-11-18,11.9166666666667,21.4583333333333,64.6666666666667,7.0,198492.5,-2595822.5,3577,12.8391563051727,20.180866429076495,65.24445801763108
2019-11-26,695,2019-11-26,10.2916666666667,21.3333333333333,66.75,6.25,198492.5,-2595822.5,3577,12.230017357791827,20.975114965571514,65.07733148866583
2019-12-04,696,2019-12-04,12.0833333333333,23.2916666666667,62.75,7.08333333333333,198492.5,-2595822.5,3577,10.311242622857726,24.160865596014755,63.834727220318044
2019-12-12,697,2019-12-12,11.1666666666667,24.0416666666667,63.2916666666667,7.0,198492.5,-2595822.5,3577,8.930199478135286,26.835024047380376,62.613294196707926
2019-12-28,698,2019-12-28,9.5,26.9583333333333,62.0416666666667,6.95833333333333,198492.5,-2595822.5,3577,8.298072687171608,29.043303608264267,61.10702796103688
2020-01-05,699,2020-01-05,5.25,29.2083333333333,63.8333333333333,5.79166666666667,198492.5,-2595822.5,3577,7.559197465610392,31.449207823176735,59.43495902624776
2020-01-13,700,2020-01-13,0.166666666666667,47.5833333333333,51.0,7.45833333333333,198492.5,-2595822.5,3577,6.89231653279538,31.420873115527847,60.09467351533017
2020-02-06,701,2020-02-06,12.25,24.0416666666667,61.8333333333333,7.20833333333333,198492.5,-2595822.5,3577,7.033885232413598,30.65009706495315,60.68640441085354
2020-02-14,702,2020-02-14,11.0416666666667,24.75,62.6666666666667,7.04166666666667,198492.5,-2595822.5,3577,8.325230754796078,27.412102087794576,62.57495832340098
2020-02-22,703,2020-02-22,12.0833333333333,21.4583333333333,64.4583333333333,7.08333333333333,198492.5,-2595822.5,3577,10.27166641407974,24.911991130640658,63.11367966397981
2020-03-01,704,2020-03-01,5.20833333333333,26.5,66.7083333333333,6.45833333333333,198492.5,-2595822.5,3577,12.096375760460639,23.77484718583435,62.44412991548279
2020-03-09,705,2020-03-09,13.1666666666667,24.75,60.5,7.375,198492.5,-2595822.5,3577,13.20854893300516,24.85299169354525,60.30783122964882
2020-03-17,706,2020-03-17,17.9583333333333,25.875,54.7083333333333,7.20833333333333,198492.5,-2595822.5,3577,13.249997293725954,26.936229405265617,58.18474636817419
2020-03-25,707,2020-03-25,13.25,27.2083333333333,57.7083333333333,7.29166666666667,198492.5,-2595822.5,3577,12.907016100512621,30.457759603652867,55.08616860434921
2020-04-02,708,2020-04-02,11.5,38.1666666666667,49.0,8.54166666666667,198492.5,-2595822.5,3577,13.633992039949764,29.658104923967365,55.07260476880397
2020-04-10,709,2020-04-10,13.125,29.2083333333333,55.7916666666667,7.75,198492.5,-2595822.5,3577,13.300130983565541,29.42290462375162,55.64738898871195
2020-04-18,710,2020-04-18,12.0416666666667,25.875,60.5416666666667,7.08333333333333,198492.5,-2595822.5,3577,12.505464865370124,28.129562774682416,57.64188082298678
2020-04-26,711,2020-04-26,12.0,23.4166666666667,62.7083333333333,7.29166666666667,198492.5,-2595822.5,3577,11.071605252331159,27.512257608228737,59.74012481325831
2020-05-04,712,2020-05-04,11.2916666666667,27.875,59.2916666666667,7.5,198492.5,-2595822.5,3577,10.895509933821005,26.452388555712787,60.96403454645579
2020-05-28,713,2020-05-28,10.4583333333333,26.7916666666667,60.9166666666667,7.45833333333333,198492.5,-2595822.5,3577,11.314567140803838,26.47223004033755,60.582477249263874
2020-06-05,714,2020-06-05,10.9583333333333,28.5833333333333,59.0833333333333,7.41666666666667,198492.5,-2595822.5,3577,10.604032706198304,26.55336497867061,61.173879783777764
2020-06-13,715,2020-06-13,10.0416666666667,27.5416666666667,60.625,7.41666666666667,198492.5,-2595822.5,3577,10.172965965921094,28.675366429232124,59.55947123051496
2020-06-21,716,2020-06-21,10.5,29.5,58.5416666666667,7.5,198492.5,-2595822.5,3577,10.18098374793269,28.467109773607078,59.70374169173587
2020-06-29,717,2020-06-29,10.25,27.4166666666667,60.4583333333333,7.45833333333333,198492.5,-2595822.5,3577,10.414600878995607,28.468803899914217,59.498829988372194
2020-07-07,718,2020-07-07,11.375,28.375,58.7916666666667,7.41666666666667,198492.5,-2595822.5,3577,10.909689897304371,28.230132354741166,59.16835808669289
2020-07-15,719,2020-07-15,9.20833333333333,26.6666666666667,62.25,7.41666666666667,198492.5,-2595822.5,3577,11.299816153916641,28.691475062600823,58.35150685227214
2020-07-23,720,2020-07-23,13.25,31.6666666666667,53.6666666666667,8.16666666666667,198492.5,-2595822.5,3577,11.63114053129359,28.28512470501213,58.42123034343524
2020-07-31,721,2020-07-31,12.0416666666667,24.875,61.2083333333333,7.41666666666667,198492.5,-2595822.5,3577,11.795728781021136,27.68089985349633,58.93331023980299
2020-08-08,722,2020-08-08,12.2083333333333,29.8333333333333,56.5,7.875,198492.5,-2595822.5,3577,11.71596020937952,26.992472654620315,59.616457201200625
2020-08-16,723,2020-08-16,10.7916666666667,24.4583333333333,63.0,7.33333333333333,198492.5,-2595822.5,3577,11.611974712592176,25.714177978880006,61.06821699970942
2020-08-24,724,2020-08-24,10.7083333333333,24.375,63.5416666666667,7.125,198492.5,-2595822.5,3577,11.100647159856027,24.165812386784005,63.08608290573292
2020-09-01,725,2020-09-01,10.9166666666667,21.5416666666667,65.6666666666667,7.04166666666667,198492.5,-2595822.5,3577,10.439664265901094,22.980356674625693,64.94646633035757
2020-09-09,726,2020-09-09,10.375,23.25,64.7083333333333,6.875,198492.5,-2595822.5,3577,10.217955032581989,21.932817698294315,66.19096267508593
2020-09-17,727,2020-09-17,10.8333333333333,21.7916666666667,65.6666666666667,6.875,198492.5,-2595822.5,3577,10.83752985920006,21.56188522519472,65.98504243433601
2020-09-25,728,2020-09-25,10.2222222222222,19.5555555555556,69.0,6.22222222222222,198488.333333333,-2595868.33333333,3577,11.14213220559802,21.48046041505475,65.71465247857455
2020-10-03,729,2020-10-03,10.6666666666667,23.375,63.9166666666667,7.04166666666667,198492.5,-2595822.5,3577,11.225165443429997,21.813701133744324,65.3757478331684
2020-10-11,730,2020-10-11,13.0833333333333,20.8333333333333,64.7083333333333,7.0,198492.5,-2595822.5,3577,10.867759820157554,21.24877225457403,66.32049477868921
2020-10-27,731,2020-10-27,13.7083333333333,20.875,63.875,7.0,198492.5,-2595822.5,3577,11.914418355980029,20.752842187049595,65.81136832722535
2020-11-12,732,2020-11-12,11.0833333333333,21.375,65.9583333333333,6.91666666666667,198492.5,-2595822.5,3577,13.110319376184293,19.604343025392712,65.71174143193284
2020-11-28,733,2020-11-28,13.5416666666667,21.0833333333333,63.875,6.91666666666667,198492.5,-2595822.5,3577,15.732685271382625,20.210821299440564,62.56154423490949
2020-12-30,734,2020-12-30,17.7916666666667,16.875,64.0,6.75,198492.5,-2595822.5,3577,19.031683830442617,21.704106737772225,57.78295878527213
2021-01-07,735,2021-01-07,23.5416666666667,23.375,51.375,7.20833333333333,198492.5,-2595822.5,3577,23.370222828423692,22.63465116754253,52.55856282519585
2021-01-15,736,2021-01-15,27.7916666666667,24.9166666666667,45.875,7.29166666666667,198492.5,-2595822.5,3577,24.72082007259658,25.134920291263292,48.67018211406031
2021-01-31,737,2021-01-31,24.2083333333333,28.9166666666667,45.5416666666667,7.5,198492.5,-2595822.5,3577,24.28762464432662,26.966044076474898,47.27337513784881
2021-02-16,738,2021-02-16,29.125,33.0833333333333,36.4166666666667,8.29166666666667,198492.5,-2595822.5,3577,23.450481803897933,29.290539457879582,45.78822853663151
2021-02-24,739,2021-02-24,21.3333333333333,26.5833333333333,50.2083333333333,7.70833333333333,198492.5,-2595822.5,3577,23.04379929105167,30.502600317400145,44.909238605931876
2021-03-04,740,2021-03-04,19.9090909090909,28.4545454545455,50.2727272727273,7.36363636363636,198489.545454545,-2595789.54545455,3577,24.6103207703227,31.19495828076137,42.592670299953554
2021-03-12,741,2021-03-12,17.1111111111111,36.2222222222222,45.0,8.66666666666667,198508.333333333,-2595818.33333333,3577,27.871413670135915,31.943956905428337,38.52973176086871
2021-03-28,742,2021-03-28,38.9583333333333,30.4583333333333,28.7916666666667,9.41666666666667,198492.5,-2595822.5,3577,31.851238357284803,33.08098445320016,33.36550360934187
2021-04-05,743,2021-04-05,41.8,34.8,21.9,9.8,198483.0,-2595864.0,3577,35.38939183997759,33.43591839719964,29.49840779353428
2021-04-13,744,2021-04-13,38.375,32.5,27.1666666666667,9.625,198492.5,-2595822.5,3577,36.375306109433794,34.5421417677558,27.486996362766277
2021-04-21,745,2021-04-21,34.2083333333333,38.2916666666667,26.1666666666667,9.41666666666667,198492.5,-2595822.5,3577,35.405204702413045,34.696948948878756,28.36035545980946
2021-04-29,746,2021-04-29,27.9166666666667,34.4166666666667,36.1666666666667,8.70833333333333,198492.5,-2595822.5,3577,30.989350819454557,34.53554147090783,32.92386895869378
2021-05-07,747,2021-05-07,23.75,30.9583333333333,43.875,7.70833333333333,198492.5,-2595822.5,3577,25.439292303839597,33.668359590181204,39.429762317140344
2021-05-15,748,2021-05-15,21.1666666666667,35.5,41.7916666666667,8.20833333333333,198492.5,-2595822.5,3577,19.924828422348668,34.478860046037575,44.14908834714678
2021-05-23,749,2021-05-23,17.625,37.6666666666667,43.25,7.16666666666667,198492.5,-2595822.5,3577,18.68820227759577,36.801989290373896,42.982061926714955
2021-05-31,750,2021-05-31,18.5833333333333,34.9166666666667,44.7916666666667,7.66666666666667,198492.5,-2595822.5,3577,17.57015198423605,39.05559314266162,41.823240742739145
2021-06-08,751,2021-06-08,17.125,41.375,39.9583333333333,8.08333333333333,198492.5,-2595822.5,3577,16.741727828412632,39.366953351080596,42.2199477509012
2021-06-16,752,2021-06-16,16.125,38.375,44.0,8.04166666666667,198492.5,-2595822.5,3577,16.166731617193598,40.02582324795349,42.17415221516758
2021-06-24,753,2021-06-24,15.5416666666667,48.4583333333333,34.125,11.6666666666667,198492.5,-2595822.5,3577,15.470875100129756,38.74255233929577,44.130108539544665
2021-07-02,754,2021-07-02,16.25,36.25,45.75,8.25,198492.5,-2595822.5,3577,14.796020156312055,37.129542928685964,46.448327343444234
2021-07-10,755,2021-07-10,11.3333333333333,25.7083333333333,61.625,8.33333333333333,198492.5,-2595822.5,3577,13.96103780120599,37.24228802672516,47.15879412124838
2021-07-18,756,2021-07-18,14.375,36.5,47.375,7.83333333333333,198492.5,-2595822.5,3577,13.783245650116644,35.762700534754,48.8862923711922
2021-07-26,757,2021-07-26,13.5833333333333,40.75,44.2916666666667,8.0,198492.5,-2595822.5,3577,13.088320090640096,36.08360396053355,49.269140560154895
2021-08-03,758,2021-08-03,12.8333333333333,35.9583333333333,49.4166666666667,7.29166666666667,198492.5,-2595822.5,3577,13.03427944604218,34.47806386079864,50.924377737837645
2021-08-11,759,2021-08-11,12.25,39.4166666666667,46.875,7.66666666666667,198492.5,-2595822.5,3577,12.359248594540846,35.525767318331674,50.54904712160152
2021-08-19,760,2021-08-19,12.0,35.7916666666667,50.5416666666667,7.20833333333333,198492.5,-2595822.5,3577,11.279648112463754,38.931722560199724,48.12295496040909
2021-08-27,761,2021-08-27,11.3333333333333,32.0,55.1666666666667,6.66666666666667,198500.0,-2595845.0,3577,10.066295546557194,40.95121222945689,47.298145933007305
2021-09-04,762,2021-09-04,6.66666666666667,44.3333333333333,47.0,12.0,198465.0,-2595825.0,3577,9.801099828962137,38.38219056484737,50.138743802629506
2021-09-11,763,2021-09-11,11.875,36.0,50.5,7.5,198492.5,-2595822.5,3577,10.305668016192785,40.356449407139976,47.63311078755413
2021-09-27,764,2021-09-27,4.79166666666667,58.6666666666667,34.9583333333333,9.5,198492.5,-2595822.5,3577,7.98635046583842,42.22748201230542,48.08194321157998
2021-10-06,765,2021-10-06,10.7083333333333,34.625,52.875,7.0,198492.5,-2595822.5,3577,6.177399741640292,42.684353958728394,49.43892710745686
2021-10-13,766,2021-10-13,11.25,34.25,53.0625,7.25,198485.625,-2595845.625,3577,7.239645803112214,42.82493396695544,48.35816292839563
2021-10-22,767,2021-10-22,9.70833333333333,37.0,51.5833333333333,7.20833333333333,198492.5,-2595822.5,3577,10.398265820864893,41.4768370174655,46.58687268613041
2021-10-29,768,2021-10-29,3.75,59.25,35.55,5.65,198502.5,-2595814.5,3577,15.51631250586128,39.85332276082455,43.19226854156548
2021-11-14,769,2021-11-14,14.7916666666667,30.7916666666667,53.0,8.0,198492.5,-2595822.5,3577,19.835916921053286,39.57035495463696,39.19622772737511
2021-11-30,770,2021-11-30,36.6666666666667,36.7083333333333,25.5,9.25,198492.5,-2595822.5,3577,23.48796971861637,37.022583840302765,38.14596684274906
2021-12-16,771,2021-12-16,31.8333333333333,37.375,29.3333333333333,9.04166666666667,198492.5,-2595822.5,3577,24.552360049647397,38.0392734200727,36.05498558458545
2021-12-25,772,2021-12-25,22.9583333333333,35.9166666666667,39.5833333333333,8.45833333333333,198492.5,-2595822.5,3577,25.384975318795036,35.98458146600025,37.203697489295635
2022-01-01,773,2022-01-01,21.75,35.625,41.4166666666667,8.125,198492.5,-2595822.5,3577,25.24556351800554,35.761437607794505,37.527900853011346
2022-01-10,774,2022-01-10,17.3333333333333,35.1666666666667,45.75,8.04166666666667,198492.5,-2595822.5,3577,25.118643869027093,36.75023995611683,36.55291663959849
2022-01-26,775,2022-01-26,25.9583333333333,37.7916666666667,34.5416666666667,8.95833333333333,198492.5,-2595822.5,3577,25.36745852186649,39.06554681128402,33.94657458124445
2022-02-02,776,2022-02-02,31.5,45.375,21.5416666666667,12.0,198492.5,-2595822.5,3577,28.803363174488908,36.89032291237623,32.648190045244014
2022-02-11,777,2022-02-11,37.0416666666667,33.4583333333333,27.875,9.875,198492.5,-2595822.5,3577,34.42676015934016,36.26293056787871,27.659753945740547
2022-02-19,778,2022-02-19,38.5416666666667,32.9166666666667,26.9166666666667,9.875,198492.5,-2595822.5,3577,37.201235683815284,35.27417422618135,25.856419638149525
2022-02-27,779,2022-02-27,37.5416666666667,33.125,27.5833333333333,9.58333333333333,198492.5,-2595822.5,3577,37.23749972936726,34.6853778316575,26.405744152644232
2022-03-15,780,2022-03-15,33.5,34.6666666666667,30.25,9.20833333333333,198492.5,-2595822.5,3577,35.579624838520466,34.261016331444665,28.520032727845795
2022-03-23,781,2022-03-23,32.7083333333333,36.2916666666667,29.25,9.04166666666667,198492.5,-2595822.5,3577,32.631226229905565,35.32972046013315,30.365669676036646
2022-04-08,782,2022-04-08,29.625,37.4166666666667,31.3333333333333,8.95833333333333,198492.5,-2595822.5,3577,30.376751860106445,37.345159742213006,30.579059227661467
2022-04-16,783,2022-04-16,27.5416666666667,39.9583333333333,30.7916666666667,8.66666666666667,198492.5,-2595822.5,3577,28.333110516929807,39.61971916112192,30.339940245508465
2022-05-02,784,2022-05-02,27.3333333333333,40.875,30.0416666666667,9.04166666666667,198492.5,-2595822.5,3577,27.066082653152908,40.34748803827149,30.86683156883934
2022-05-10,785,2022-05-10,26.5833333333333,40.0416666666667,31.7083333333333,8.79166666666667,198492.5,-2595822.5,3577,25.50055332854427,41.08906396849342,31.694077663619254
2022-05-26,786,2022-05-26,24.0416666666667,43.2916666666667,30.9166666666667,8.625,198492.5,-2595822.5,3577,23.245782309692856,41.36263094886555,33.67230501101158
2022-06-27,787,2022-06-27,20.25,39.0416666666667,38.9583333333333,8.83333333333333,198492.5,-2595822.5,3577,20.563083409799784,41.81033522521945,35.96239801517308
2022-07-05,788,2022-07-05,18.3333333333333,42.9583333333333,37.1666666666667,9.875,198492.5,-2595822.5,3577,18.156944488389726,42.33473192084731,37.89985072480341
2022-07-13,789,2022-07-13,15.7083333333333,44.1666666666667,38.5416666666667,9.25,198492.5,-2595822.5,3577,15.863179211831277,42.81145381766916,39.7570920981793
2022-07-21,790,2022-07-21,12.3076923076923,41.6923076923077,44.4615384615385,7.69230769230769,198504.230769231,-2595841.15384615,3577,14.317785800368796,43.18358176910163,40.92112840719043
2022-07-29,791,2022-07-29,13.6666666666667,44.125,40.6666666666667,9.0,198492.5,-2595822.5,3577,13.47110714561096,43.5196554457623,41.44100403247798
2022-08-06,792,2022-08-06,14.625,44.875,39.0,9.16666666666667,198492.5,-2595822.5,3577,13.201589858500238,43.72890856463672,41.51070233449347
2022-08-14,793,2022-08-14,13.4583333333333,42.8333333333333,42.0,9.33333333333333,198492.5,-2595822.5,3577,13.084224807103293,44.099789965525204,41.24915730851052
2022-08-22,794,2022-08-22,12.875,42.8333333333333,42.5833333333333,9.16666666666667,198492.5,-2595822.5,3577,12.952713794102655,43.11801643025694,42.32333213146464
2022-08-30,795,2022-08-30,12.4583333333333,43.4583333333333,42.625,8.91666666666667,198492.5,-2595822.5,3577,12.754264529625786,43.506194309771985,42.154319820841266
2022-09-07,796,2022-09-07,11.5,44.1666666666667,42.875,9.20833333333333,198492.5,-2595822.5,3577,12.71827978522833,42.80497972099499,42.87142050415403
2022-09-15,797,2022-09-15,12.4583333333333,42.0416666666667,43.7916666666667,9.29166666666667,198492.5,-2595822.5,3577,12.268104057962894,42.339422445453266,43.79026391564438
2022-09-23,798,2022-09-23,11.75,41.2083333333333,45.375,9.125,198492.5,-2595822.5,3577,10.577985739748861,42.161835068949514,45.65575587982028
2022-10-09,799,2022-10-09,11.6666666666667,41.125,45.5416666666667,9.04166666666667,198492.5,-2595822.5,3577,9.785252801892216,41.68059314266122,46.909912713698304
2022-10-17,800,2022-10-17,11.375,43.625,43.5,9.04166666666667,198492.5,-2595822.5,3577,11.488072073695058,41.31038514504073,45.56805558992094
2022-11-02,801,2022-11-02,11.7916666666667,37.625,48.7916666666667,9.5,198492.5,-2595822.5,3577,14.264603931786475,40.97741755578444,43.11620795212128
2022-11-10,802,2022-11-10,11.25,44.0416666666667,43.1666666666667,9.875,198492.5,-2595822.5,3577,17.746174337215194,40.73506377308623,39.87226345063033
2022-12-04,803,2022-12-04,19.4166666666667,38.4166666666667,40.4583333333333,10.2083333333333,198492.5,-2595822.5,3577,21.3441840523882,40.65312201128765,36.35843702078222
2023-01-13,804,2023-01-13,32.5416666666667,41.0833333333333,24.75,11.2083333333333,198492.5,-2595822.5,3577,24.250108641072014,40.81781530088417,33.30126488292119
2023-02-06,805,2023-02-06,26.9583333333333,42.2916666666667,29.2083333333333,11.25,198492.5,-2595822.5,3577,25.435498468392872,41.33179148852519,31.63160454240167
2023-02-14,806,2023-02-14,20.6666666666667,41.8333333333333,35.9166666666667,10.5833333333333,198492.5,-2595822.5,3577,23.65197870083671,42.31412323701401,32.48463478958821
