time,Unnamed: 0,time_ymd,pv,npv,bs,ue,x,y,spatial_ref,pv_filter,npv_filter,bs_filter
1987-09-19,1,1987-09-19,13.7142857142857,55.2380952380952,29.6666666666667,7.38095238095238,1191292.14285714,-1846899.28571429,3577,16.929352858410162,52.43528325457607,29.298283225263134
1987-10-05,2,1987-10-05,13.8095238095238,50.2857142857143,34.6190476190476,7.47619047619048,1191292.14285714,-1846899.28571429,3577,11.220789516175804,53.73277565873997,33.722757493271295
1987-10-21,3,1987-10-21,14.5714285714286,54.0952380952381,30.0952380952381,7.38095238095238,1191292.14285714,-1846899.28571429,3577,10.140626180865143,55.216667915834584,33.33300708710695
1987-11-06,4,1987-11-06,14.047619047619,57.6190476190476,27.047619047619,7.42857142857143,1191292.14285714,-1846899.28571429,3577,12.024194936160438,56.56850119122869,30.111645679888078
1987-11-22,5,1987-11-22,14.047619047619,53.7619047619048,30.952380952381,8.19047619047619,1191292.14285714,-1846899.28571429,3577,15.463236236581203,57.562974537973965,25.69167971908666
1987-12-08,6,1987-12-08,11.952380952381,51.6190476190476,34.8095238095238,8.09523809523809,1191292.14285714,-1846899.28571429,3577,19.30589890748417,58.067944896804974,21.356508426528666
1987-12-24,7,1987-12-24,12.2631578947368,83.7894736842105,2.73684210526316,7.21052631578947,1191288.15789474,-1846892.36842105,3577,22.65674014506334,58.04442709613919,18.03992379839407
1988-02-26,8,1988-02-26,34.875,54.75,9.375,9.75,1191326.25,-1846927.5,3577,24.8767255163462,57.54659385206837,16.326110605214406
1988-03-13,9,1988-03-13,32.4285714285714,42.7142857142857,23.7142857142857,10.1428571428571,1191292.14285714,-1846899.28571429,3577,26.57730529884687,55.55812799713711,16.62786027860326
1988-04-14,10,1988-04-14,26.0,52.4285714285714,20.1428571428571,9.38095238095238,1191292.14285714,-1846899.28571429,3577,26.19140902006732,54.03209787875753,18.57094627169304
1988-05-16,11,1988-05-16,20.5714285714286,56.1428571428571,22.0952380952381,8.71428571428571,1191292.14285714,-1846899.28571429,3577,23.275833849217197,52.87903296257562,22.610392153874997
1988-06-01,12,1988-06-01,15.7142857142857,58.1428571428571,24.7619047619048,9.09523809523809,1191292.14285714,-1846899.28571429,3577,18.87147768178526,54.5612868881078,25.296026382771014
1988-06-17,13,1988-06-17,13.4285714285714,56.4761904761905,28.9047619047619,8.66666666666667,1191292.14285714,-1846899.28571429,3577,13.622556480506203,59.14030560308396,25.935222685626186
1988-07-19,14,1988-07-19,10.2380952380952,64.2857142857143,24.1904761904762,8.57142857142857,1191292.14285714,-1846899.28571429,3577,9.598900013677767,66.30318890819774,22.774795949796644
1988-08-04,15,1988-08-04,10.5238095238095,61.2857142857143,26.8571428571429,8.19047619047619,1191292.14285714,-1846899.28571429,3577,10.579517747472803,61.772407288264944,26.31846816753547
1988-08-20,16,1988-08-20,9.47619047619048,67.6666666666667,21.3809523809524,8.19047619047619,1191292.14285714,-1846899.28571429,3577,9.811438174826783,59.879074872487,28.94819202984408
1988-09-05,17,1988-09-05,10.0,65.5714285714286,23.1904761904762,8.19047619047619,1191292.14285714,-1846899.28571429,3577,8.193394711582329,60.07174700943155,30.299410470845586
1988-10-07,18,1988-10-07,8.0,47.9523809523809,42.5714285714286,9.0,1191292.14285714,-1846899.28571429,3577,6.621717807475331,58.84308983069714,33.12350136962645
1988-10-23,19,1988-10-23,9.38095238095238,46.1904761904762,42.8095238095238,7.85714285714286,1191292.14285714,-1846899.28571429,3577,6.860498247881127,56.609455688781594,35.15689070990403
1988-11-08,20,1988-11-08,9.625,54.125,35.125,13.125,1191326.25,-1846927.5,3577,10.286713673322044,53.85974590424249,34.50625161731457
1988-11-24,21,1988-11-24,6.16666666666667,78.1666666666667,14.3333333333333,3.66666666666667,1191305.0,-1846935.0,3577,16.41401851502226,51.63107957573129,30.679830102813135
1989-01-27,22,1989-01-27,24.7142857142857,38.9523809523809,35.0952380952381,8.09523809523809,1191292.14285714,-1846899.28571429,3577,24.78152394560693,49.09074516813721,24.874592383876593
1989-02-28,23,1989-02-28,35.5714285714286,41.0952380952381,22.2857142857143,10.2380952380952,1191292.14285714,-1846899.28571429,3577,32.58511290051051,48.3264092718355,17.858752058052787
1989-04-01,24,1989-04-01,43.7142857142857,47.0476190476191,7.85714285714286,12.8571428571429,1191292.14285714,-1846899.28571429,3577,38.23467231941893,47.85362148171032,12.736683208430524
1989-04-17,25,1989-04-17,42.2857142857143,47.9047619047619,8.52380952380952,12.2380952380952,1191292.14285714,-1846899.28571429,3577,39.55051798046564,47.44867091112514,11.815409951244092
1989-05-03,26,1989-05-03,35.7619047619048,51.0476190476191,12.2380952380952,11.2857142857143,1191292.14285714,-1846899.28571429,3577,36.75642005053222,50.44460802354787,11.595831928647524
1989-05-19,27,1989-05-19,28.6190476190476,58.6666666666667,11.3333333333333,10.3809523809524,1191292.14285714,-1846899.28571429,3577,30.446292742340844,57.130560486976115,11.269372139726485
1989-06-20,28,1989-06-20,19.7619047619048,64.7142857142857,14.5714285714286,11.7142857142857,1191292.14285714,-1846899.28571429,3577,22.488094464871306,64.23666271807727,12.13375479009971
1989-07-22,29,1989-07-22,16.9047619047619,67.7142857142857,14.1904761904762,9.95238095238095,1191292.14285714,-1846899.28571429,3577,17.969843366125517,66.61360723898427,14.287915386984455
1989-08-07,30,1989-08-07,13.6666666666667,70.1904761904762,14.9047619047619,9.90476190476191,1191292.14285714,-1846899.28571429,3577,14.57137186858332,70.64535876918721,13.642996838041245
1989-08-23,31,1989-08-23,15.1428571428571,70.5238095238095,13.1904761904762,9.71428571428571,1191292.14285714,-1846899.28571429,3577,12.812789893283332,72.93174421037106,13.024579136032312
1989-09-08,32,1989-09-08,14.4761904761905,70.4285714285714,13.9047619047619,9.47619047619048,1191292.14285714,-1846899.28571429,3577,12.848352885502667,72.7996946294051,13.095724708725863
1989-09-24,33,1989-09-24,13.4285714285714,70.5238095238095,14.6666666666667,9.09523809523809,1191292.14285714,-1846899.28571429,3577,12.521213564555342,69.1335011737385,17.009047711831556
1989-10-10,34,1989-10-10,12.5714285714286,74.1904761904762,11.7619047619048,9.14285714285714,1191292.14285714,-1846899.28571429,3577,12.803626713841508,64.49792106757086,21.290044321000902
1989-11-11,35,1989-11-11,9.19047619047619,56.2380952380952,33.1428571428571,9.47619047619048,1191292.14285714,-1846899.28571429,3577,13.909243491284748,60.23745294951824,24.399859170753373
1989-12-13,36,1989-12-13,17.3333333333333,49.9523809523809,31.2857142857143,8.42857142857143,1191292.14285714,-1846899.28571429,3577,15.697145991261284,55.29306091224769,27.529642699917225
1989-12-29,37,1989-12-29,18.7142857142857,48.4761904761905,31.3809523809524,8.28571428571429,1191292.14285714,-1846899.28571429,3577,16.964718460071957,49.7671729714999,31.802841121721816
1990-02-15,38,1990-02-15,15.5238095238095,45.0476190476191,37.8095238095238,8.19047619047619,1191292.14285714,-1846899.28571429,3577,18.348620419825103,45.427808517585014,34.83203483822158
1990-04-20,39,1990-04-20,23.4761904761905,52.5238095238095,22.9047619047619,10.952380952381,1191292.14285714,-1846899.28571429,3577,18.877545571041196,44.04607466835912,35.75726646933542
1990-05-06,40,1990-05-06,18.0952380952381,45.1904761904762,35.2380952380952,8.66666666666667,1191292.14285714,-1846899.28571429,3577,18.007757979891505,45.53802338012184,35.18766269849335
1990-06-07,41,1990-06-07,13.0,40.0,46.0,10.0,1191345.0,-1846965.0,3577,15.99096775257527,48.68969626863637,34.06459175498914
1990-06-23,42,1990-06-23,12.6190476190476,49.1904761904762,36.8571428571429,8.90476190476191,1191292.14285714,-1846899.28571429,3577,13.099910409505966,50.626831372953845,35.0369011793108
1990-07-09,43,1990-07-09,13.2380952380952,58.0952380952381,27.4285714285714,9.0,1191292.14285714,-1846899.28571429,3577,11.412147192331233,52.57571633731838,34.75206424122314
1990-07-25,44,1990-07-25,9.09523809523809,57.5238095238095,32.0,8.38095238095238,1191292.14285714,-1846899.28571429,3577,9.777547529868036,54.86329769301085,34.02777923830048
1990-08-26,45,1990-08-26,7.90476190476191,53.6666666666667,37.0476190476191,7.85714285714286,1191292.14285714,-1846899.28571429,3577,9.990920328380124,53.376873900085734,35.26198259943865
1990-09-11,46,1990-09-11,8.76190476190476,53.0,36.8095238095238,7.66666666666667,1191292.14285714,-1846899.28571429,3577,7.733639941069122,54.35682274381152,36.51390302163754
1990-09-27,47,1990-09-27,8.38095238095238,52.5238095238095,37.7619047619048,7.57142857142857,1191292.14285714,-1846899.28571429,3577,4.472063540174328,54.282542019375995,39.79040257987035
1990-10-13,48,1990-10-13,9.47619047619048,49.9523809523809,39.0476190476191,7.09523809523809,1191292.14285714,-1846899.28571429,3577,6.016009790002704,52.33466430369673,40.2194255692648
1990-10-29,49,1990-10-29,8.66666666666667,51.1904761904762,38.7619047619048,7.19047619047619,1191292.14285714,-1846899.28571429,3577,11.64515463896095,51.402663384079844,35.522504327452616
1990-11-14,50,1990-11-14,10.7142857142857,50.4761904761905,37.4761904761905,7.57142857142857,1191292.14285714,-1846899.28571429,3577,19.089566779966386,51.30272926247391,28.194058779193902
1990-12-16,51,1990-12-16,14.047619047619,66.0952380952381,18.2857142857143,9.80952380952381,1191292.14285714,-1846899.28571429,3577,27.04171989001303,50.90824758316259,20.71709198953473
1991-03-22,52,1991-03-22,51.4285714285714,41.6666666666667,5.80952380952381,14.4761904761905,1191292.14285714,-1846899.28571429,3577,33.53700685279127,51.29241037599405,13.944651839386609
1991-04-07,53,1991-04-07,49.2380952380952,45.0,4.57142857142857,13.1428571428571,1191292.14285714,-1846899.28571429,3577,36.5859743971144,52.9016669604826,9.340059321482077
1991-05-09,54,1991-05-09,29.047619047619,58.4285714285714,11.4285714285714,11.8095238095238,1191292.14285714,-1846899.28571429,3577,35.979328205329,55.37505013045982,7.565976850805437
1991-05-25,55,1991-05-25,26.4285714285714,60.5714285714286,11.952380952381,11.5238095238095,1191292.14285714,-1846899.28571429,3577,31.7229849613703,58.04092811212686,9.13481461778538
1991-06-10,56,1991-06-10,23.8571428571429,63.7142857142857,11.5238095238095,11.2857142857143,1191292.14285714,-1846899.28571429,3577,24.956472835726075,62.525920931484336,11.429624039529447
1991-07-28,57,1991-07-28,15.3809523809524,68.2380952380952,15.0,9.71428571428571,1191292.14285714,-1846899.28571429,3577,18.392664095447735,65.97306202568376,14.51124211185914
1991-08-13,58,1991-08-13,15.9047619047619,67.8571428571429,15.0,9.57142857142857,1191292.14285714,-1846899.28571429,3577,13.85355098977184,70.9272471594347,14.02461109581643
1991-08-29,59,1991-08-29,17.8095238095238,70.3333333333333,10.8095238095238,9.09523809523809,1191292.14285714,-1846899.28571429,3577,15.357816590012446,71.70650814612591,11.715076461204752
1991-09-14,60,1991-09-14,14.7142857142857,73.0952380952381,10.7619047619048,9.19047619047619,1191292.14285714,-1846899.28571429,3577,16.616680533086722,71.0076023048053,11.128547407183527
1991-09-30,61,1991-09-30,15.1904761904762,76.1428571428571,7.66666666666667,8.85714285714286,1191292.14285714,-1846899.28571429,3577,12.974629086082249,75.37310058361561,10.391292917607158
1991-10-16,62,1991-10-16,12.8571428571429,72.7142857142857,13.0,8.19047619047619,1191292.14285714,-1846899.28571429,3577,11.756386028830082,77.24886465442586,9.749939431052532
1991-11-17,63,1991-11-17,10.3333333333333,82.9523809523809,5.47619047619048,7.90476190476191,1191292.14285714,-1846899.28571429,3577,11.424339334554345,78.49641792674674,8.852827255302708
1991-12-03,64,1991-12-03,12.5238095238095,73.8571428571429,12.3809523809524,8.95238095238095,1191292.14285714,-1846899.28571429,3577,11.243321178304024,78.6103896103779,8.874872289731641
1991-12-19,65,1991-12-19,7.90476190476191,78.7619047619048,12.1428571428571,9.42857142857143,1191292.14285714,-1846899.28571429,3577,12.693069572324642,77.24011798314052,8.809364010601087
1992-01-04,66,1992-01-04,7.66666666666667,87.8571428571429,3.14285714285714,8.66666666666667,1191292.14285714,-1846899.28571429,3577,14.533904691797254,74.633250134787,9.597102587813238
1992-04-09,67,1992-04-09,30.0952380952381,55.8571428571429,12.8571428571429,10.4761904761905,1191292.14285714,-1846899.28571429,3577,15.618884727241511,71.95173350899834,11.156170970410795
1992-04-25,68,1992-04-25,14.0,73.6666666666667,11.0,6.33333333333333,1191235.0,-1846925.0,3577,16.603497379810673,69.85688511693662,12.337145826308067
1992-05-27,69,1992-05-27,14.2380952380952,67.0952380952381,17.3809523809524,10.4285714285714,1191292.14285714,-1846899.28571429,3577,15.212878968294639,66.49839943337403,16.889241821127833
1992-06-12,70,1992-06-12,13.2380952380952,67.4285714285714,18.047619047619,10.047619047619,1191292.14285714,-1846899.28571429,3577,13.699800973018721,66.9134570279981,17.980989083153574
1992-06-28,71,1992-06-28,9.95238095238095,67.5714285714286,21.047619047619,9.66666666666667,1191292.14285714,-1846899.28571429,3577,12.201618041399485,67.85850991113135,18.57472558401072
1992-07-14,72,1992-07-14,10.5238095238095,71.5238095238095,16.5238095238095,9.38095238095238,1191292.14285714,-1846899.28571429,3577,11.289798179115367,69.02699570809995,18.37537694503362
1992-07-30,73,1992-07-30,10.5714285714286,70.0952380952381,17.952380952381,9.0,1191292.14285714,-1846899.28571429,3577,9.93628765455242,74.20716770328664,14.60481984475572
1992-08-15,74,1992-08-15,9.52380952380952,72.4761904761905,16.5238095238095,8.90476190476191,1191292.14285714,-1846899.28571429,3577,10.946405245939214,75.47787300417752,12.369002514511495
1992-08-31,75,1992-08-31,16.75,83.0,0.0,13.25,1191330.0,-1846950.0,3577,8.418573428634097,77.37248896613066,12.991305392232249
1992-09-16,76,1992-09-16,8.57142857142857,69.6666666666667,20.1428571428571,9.28571428571429,1191292.14285714,-1846899.28571429,3577,9.243013694250703,73.84880006473331,15.677490208447633
1992-10-02,77,1992-10-02,8.47619047619048,71.5238095238095,18.5714285714286,8.80952380952381,1191292.14285714,-1846899.28571429,3577,11.94763337797215,68.00286272034482,18.7748170302322
1992-11-03,78,1992-11-03,6.47619047619048,74.1904761904762,17.952380952381,8.47619047619048,1191292.14285714,-1846899.28571429,3577,15.852969785629956,60.26100937245549,22.564151019256016
1993-01-22,79,1993-01-22,23.6190476190476,38.4761904761905,36.4761904761905,8.38095238095238,1191292.14285714,-1846899.28571429,3577,20.300678939220795,53.08186472968963,25.268302904522045
1993-03-11,80,1993-03-11,27.0,41.25,30.5,11.0,1191285.0,-1846905.0,3577,24.693200762082515,45.89105193051878,28.049100022780053
1993-03-27,81,1993-03-27,36.5238095238095,44.4761904761905,17.8095238095238,10.8571428571429,1191292.14285714,-1846899.28571429,3577,27.69359948616499,43.35022794542273,27.636338377820316
1993-04-28,82,1993-04-28,24.4761904761905,48.8571428571429,25.4285714285714,9.19047619047619,1191292.14285714,-1846899.28571429,3577,28.49170720919519,45.009536387238676,25.335795267680027
1993-05-14,83,1993-05-14,22.5238095238095,48.6666666666667,27.6190476190476,8.47619047619048,1191292.14285714,-1846899.28571429,3577,24.956038801236293,48.226232745575416,25.585052202695433
1993-05-30,84,1993-05-30,19.047619047619,53.7619047619048,25.8571428571429,8.61904761904762,1191292.14285714,-1846899.28571429,3577,20.191897885393303,54.408225159765024,24.18585078491839
1993-07-01,85,1993-07-01,16.2380952380952,56.1904761904762,26.2857142857143,8.23809523809524,1191292.14285714,-1846899.28571429,3577,14.021350166858893,57.991527306534124,26.70995722543313
1993-07-17,86,1993-07-17,9.47619047619048,66.4285714285714,22.9047619047619,10.2380952380952,1191292.14285714,-1846899.28571429,3577,11.707009193075542,59.42936217548332,27.553801203951892
1993-08-18,87,1993-08-18,8.14285714285714,58.4285714285714,32.0476190476191,8.95238095238095,1191292.14285714,-1846899.28571429,3577,8.54782304898275,62.8895039429001,27.207123887460384
1993-09-03,88,1993-09-03,9.23809523809524,62.3333333333333,27.047619047619,8.57142857142857,1191292.14285714,-1846899.28571429,3577,8.275655716830938,63.33953250051371,26.966406142872692
1993-09-19,89,1993-09-19,8.76190476190476,61.3809523809524,28.4285714285714,8.28571428571429,1191292.14285714,-1846899.28571429,3577,6.492954542876174,64.43673560700461,27.651731911015688
1993-10-05,90,1993-10-05,5.80952380952381,64.5238095238095,28.1428571428571,8.23809523809524,1191292.14285714,-1846899.28571429,3577,6.4436091514255285,64.07582304175773,28.112132191849327
1993-10-21,91,1993-10-21,11.7142857142857,74.2380952380952,12.9047619047619,9.80952380952381,1191292.14285714,-1846899.28571429,3577,8.946606669902547,63.18986379976148,26.575199568229635
1993-11-06,92,1993-11-06,6.33333333333333,51.5714285714286,40.6666666666667,9.95238095238095,1191292.14285714,-1846899.28571429,3577,13.99848912697001,60.478198787787285,24.321762860458904
1993-12-24,93,1993-12-24,23.6666666666667,54.0476190476191,21.3333333333333,10.1904761904762,1191292.14285714,-1846899.28571429,3577,20.27885929859311,57.87825177917194,20.746138536383114
1994-01-09,94,1994-01-09,20.875,64.0,14.25,15.125,1191285.0,-1846890.0,3577,26.93533569113662,53.51539894573152,18.461395931207434
1994-03-14,95,1994-03-14,37.5238095238095,45.4285714285714,15.8571428571429,10.6666666666667,1191292.14285714,-1846899.28571429,3577,32.28837712854258,50.50481922617392,16.119794807872914
1994-03-30,96,1994-03-30,39.8095238095238,48.0476190476191,10.952380952381,12.047619047619,1191292.14285714,-1846899.28571429,3577,34.765988913042534,49.06282468820436,15.033619631140624
1994-04-15,97,1994-04-15,33.9047619047619,47.9047619047619,16.9047619047619,10.7619047619048,1191292.14285714,-1846899.28571429,3577,33.5742370374673,50.08063659765697,15.144411573975901
1994-05-01,98,1994-05-01,27.6190476190476,54.8095238095238,16.3809523809524,9.80952380952381,1191292.14285714,-1846899.28571429,3577,30.068593042659746,53.27576963799077,15.423052437756047
1994-06-02,99,1994-06-02,22.0,53.9523809523809,22.6666666666667,9.09523809523809,1191292.14285714,-1846899.28571429,3577,24.330152432702967,53.123445182260774,21.231344249142964
1994-06-18,100,1994-06-18,18.6190476190476,58.7619047619048,21.4761904761905,8.90476190476191,1191292.14285714,-1846899.28571429,3577,19.680628453071336,56.4897238983842,22.495765328579324
1994-07-20,101,1994-07-20,16.0,60.7142857142857,21.8571428571429,9.0,1191292.14285714,-1846899.28571429,3577,14.988877350717226,61.102237287986675,22.561425416685225
1994-08-21,102,1994-08-21,14.3809523809524,60.7619047619048,23.4761904761905,7.71428571428571,1191292.14285714,-1846899.28571429,3577,14.061290618564069,63.48597429401434,21.06043595207369
1994-09-06,103,1994-09-06,14.6666666666667,62.5714285714286,21.2380952380952,7.66666666666667,1191292.14285714,-1846899.28571429,3577,13.794782101281594,64.73676993799866,20.02095221599567
1994-09-22,104,1994-09-22,13.3333333333333,63.9523809523809,21.1904761904762,7.42857142857143,1191292.14285714,-1846899.28571429,3577,13.575539527549878,63.73389819673696,21.16853734500477
1994-10-08,105,1994-10-08,12.8571428571429,73.5238095238095,12.1904761904762,7.66666666666667,1191292.14285714,-1846899.28571429,3577,15.403636095584247,63.03523334249944,20.037310986224398
1994-10-24,106,1994-10-24,16.047619047619,61.3333333333333,21.1904761904762,7.85714285714286,1191292.14285714,-1846899.28571429,3577,14.498798930685298,63.4224181391269,20.547055627547913
1994-11-09,107,1994-11-09,15.1428571428571,59.1428571428571,24.1428571428571,7.80952380952381,1191292.14285714,-1846899.28571429,3577,13.26957356368921,65.1159008689871,20.21840027876878
1994-11-25,108,1994-11-25,14.0,57.6190476190476,26.952380952381,7.71428571428571,1191292.14285714,-1846899.28571429,3577,12.475692522130279,66.65966257683526,19.570338330397338
1994-12-11,109,1994-12-11,15.8571428571429,70.4761904761905,12.5714285714286,9.38095238095238,1191292.14285714,-1846899.28571429,3577,13.847334811729034,66.98766326551701,18.006681141353386
1995-01-12,110,1995-01-12,15.3809523809524,75.4285714285714,8.28571428571429,12.2857142857143,1191292.14285714,-1846899.28571429,3577,17.8790914967359,65.81051817118943,15.243684076499145
1995-01-28,111,1995-01-28,10.5,68.5,20.0,18.5,1191345.0,-1846860.0,3577,23.66043347776742,63.46765386315519,11.898746764070072
1995-03-17,112,1995-03-17,37.5,56.25,5.5,17.25,1191300.0,-1846942.5,3577,30.25557208528895,61.064589950803736,7.787879303358021
1995-04-02,113,1995-04-02,39.6666666666667,51.9523809523809,7.19047619047619,11.952380952381,1191292.14285714,-1846899.28571429,3577,35.93947486981007,56.41878580654826,6.74682644496785
1995-04-18,114,1995-04-18,43.7142857142857,49.9047619047619,5.52380952380952,13.8095238095238,1191292.14285714,-1846899.28571429,3577,39.12951187099209,53.254630302609954,6.678020637771953
1995-05-04,115,1995-05-04,39.0952380952381,52.4761904761905,7.47619047619048,12.0952380952381,1191292.14285714,-1846899.28571429,3577,39.47993698767104,51.6698268191999,7.895233249721235
1995-05-20,116,1995-05-20,33.7619047619048,57.0,8.38095238095238,11.4761904761905,1191292.14285714,-1846899.28571429,3577,36.87045874661424,53.90641273070808,8.278132084632396
1995-06-05,117,1995-06-05,29.0952380952381,59.2380952380952,10.6190476190476,11.4761904761905,1191292.14285714,-1846899.28571429,3577,31.69412682260507,57.338489941422544,9.994025066778988
1995-06-21,118,1995-06-21,25.5238095238095,59.1904761904762,14.1904761904762,10.7142857142857,1191292.14285714,-1846899.28571429,3577,25.910232698154534,59.74192835027857,13.297515693798527
1995-07-07,119,1995-07-07,25.2857142857143,60.8571428571429,12.9047619047619,10.4285714285714,1191292.14285714,-1846899.28571429,3577,23.72756912849438,60.607656791084274,14.548813931164677
1995-07-23,120,1995-07-23,21.952380952381,59.6190476190476,17.2380952380952,9.95238095238095,1191292.14285714,-1846899.28571429,3577,21.246916138553836,62.23639415279352,15.336698389327653
1995-08-08,121,1995-08-08,19.1428571428571,64.1904761904762,15.3333333333333,11.1904761904762,1191292.14285714,-1846899.28571429,3577,20.490038341428473,62.294133111461264,16.023240948935133
1995-08-24,122,1995-08-24,18.5714285714286,63.2857142857143,16.8095238095238,10.047619047619,1191292.14285714,-1846899.28571429,3577,18.00368052999363,63.610900966928625,17.146034563988646
1995-09-09,123,1995-09-09,16.7142857142857,65.6190476190476,16.5238095238095,9.57142857142857,1191292.14285714,-1846899.28571429,3577,14.968988699636615,66.57445134843522,17.199083682053246
1995-09-25,124,1995-09-25,14.7142857142857,68.7142857142857,15.4761904761905,9.23809523809524,1191292.14285714,-1846899.28571429,3577,13.216149175899519,68.99227604180133,16.518074288969657
1995-10-11,125,1995-10-11,13.952380952381,70.0952380952381,14.7619047619048,9.0,1191292.14285714,-1846899.28571429,3577,14.490091951390092,69.7899169973369,14.51219987442682
1995-12-14,126,1995-12-14,14.4285714285714,66.2380952380952,17.9047619047619,9.38095238095238,1191292.14285714,-1846899.28571429,3577,17.571766726562867,69.3360622865163,11.974380624533646
1995-12-30,127,1995-12-30,14.4285714285714,76.0,8.47619047619048,11.2380952380952,1191292.14285714,-1846899.28571429,3577,21.59365711687372,67.17966553569262,10.164478452402633
1996-01-31,128,1996-01-31,30.8571428571429,64.1428571428571,4.09523809523809,11.0952380952381,1191292.14285714,-1846899.28571429,3577,25.58230830057074,65.20761900637083,8.161916514856472
1996-04-20,129,1996-04-20,35.4761904761905,56.5238095238095,7.09523809523809,12.6190476190476,1191292.14285714,-1846899.28571429,3577,29.10125272044342,61.60677196899184,8.244171720950678
1996-05-06,130,1996-05-06,32.1904761904762,58.9523809523809,7.90476190476191,11.5714285714286,1191292.14285714,-1846899.28571429,3577,30.95352016404186,59.60993908051839,8.412911134272104
1996-05-22,131,1996-05-22,24.9047619047619,60.8571428571429,13.0,10.4761904761905,1191292.14285714,-1846899.28571429,3577,30.06408761516672,59.86115329458087,9.042338466485727
1996-06-07,132,1996-06-07,26.8095238095238,60.7619047619048,11.2857142857143,11.5238095238095,1191292.14285714,-1846899.28571429,3577,27.277751144620147,61.44877104318911,10.174970540294108
1996-06-23,133,1996-06-23,23.2380952380952,63.7142857142857,11.8571428571429,11.1428571428571,1191292.14285714,-1846899.28571429,3577,23.2262587773389,62.48865479205106,13.102390901150567
1996-07-09,134,1996-07-09,21.7619047619048,63.4761904761905,13.7142857142857,11.0952380952381,1191292.14285714,-1846899.28571429,3577,19.481288577260898,64.84147122226652,14.497924160460705
1996-07-25,135,1996-07-25,17.6666666666667,72.6666666666667,8.57142857142857,13.0,1191292.14285714,-1846899.28571429,3577,18.996225652569567,66.29317534889302,13.59063433985832
1996-08-10,136,1996-08-10,16.4285714285714,65.5714285714286,16.7619047619048,10.1904761904762,1191292.14285714,-1846899.28571429,3577,19.33997581365713,68.01415818442668,11.575519423814914
1996-08-26,137,1996-08-26,18.8095238095238,63.0476190476191,17.0,9.66666666666667,1191292.14285714,-1846899.28571429,3577,18.786349873034368,69.00415167906398,11.104334262227354
1996-09-11,138,1996-09-11,16.7142857142857,66.9523809523809,15.2857142857143,9.42857142857143,1191292.14285714,-1846899.28571429,3577,14.735618354811185,69.36197754772571,14.694570651224822
1996-10-13,139,1996-10-13,16.9047619047619,75.4285714285714,6.52380952380952,10.7142857142857,1191292.14285714,-1846899.28571429,3577,11.471454242350344,68.67917634480078,18.562768500846246
1996-10-29,140,1996-10-29,13.7142857142857,70.0476190476191,14.8571428571429,9.61904761904762,1191292.14285714,-1846899.28571429,3577,10.668240943781132,66.37682956877012,21.598773775241153
1996-11-14,141,1996-11-14,6.95238095238095,59.7619047619048,31.6666666666667,10.6666666666667,1191292.14285714,-1846899.28571429,3577,12.96805155628491,61.71475583239367,23.922771758681495
1996-11-30,142,1996-11-30,6.23809523809524,54.8095238095238,37.4285714285714,9.71428571428571,1191292.14285714,-1846899.28571429,3577,16.70027186435605,58.089242027313844,23.820524161077863
1996-12-16,143,1996-12-16,17.2380952380952,56.5238095238095,25.047619047619,10.0,1191292.14285714,-1846899.28571429,3577,20.954048015964382,53.94694057231951,23.73642147326001
1997-02-18,144,1997-02-18,39.6666666666667,48.9047619047619,10.2380952380952,13.2857142857143,1191292.14285714,-1846899.28571429,3577,25.456759958304133,51.04688087969059,22.21235627117646
1997-04-07,145,1997-04-07,35.3333333333333,47.7142857142857,15.7142857142857,11.1428571428571,1191292.14285714,-1846899.28571429,3577,28.047799465751925,50.99688959130921,19.750675537050263
1997-05-09,146,1997-05-09,24.5238095238095,54.6666666666667,19.6190476190476,9.57142857142857,1191292.14285714,-1846899.28571429,3577,28.19436806742887,53.696255241138864,16.94287240107418
1997-05-25,147,1997-05-25,18.3809523809524,62.2857142857143,18.1904761904762,11.1428571428571,1191292.14285714,-1846899.28571429,3577,25.230837274177155,56.639889522234014,16.924936776327428
1997-06-10,148,1997-06-10,17.6666666666667,56.7619047619048,24.2380952380952,8.90476190476191,1191292.14285714,-1846899.28571429,3577,19.6164197000081,58.62474780120965,20.491442510015297
1997-07-12,149,1997-07-12,17.047619047619,59.1904761904762,22.4761904761905,10.2857142857143,1191292.14285714,-1846899.28571429,3577,14.161624752953907,61.39810035165157,23.123411160559414
1997-07-28,150,1997-07-28,12.0,63.8571428571429,22.8095238095238,9.42857142857143,1191292.14285714,-1846899.28571429,3577,12.088258490733455,62.67104928094704,23.987210931479805
1997-08-13,151,1997-08-13,11.9047619047619,63.9523809523809,22.8571428571429,9.14285714285714,1191292.14285714,-1846899.28571429,3577,11.970764014105871,62.04141369465519,24.70249152292128
1997-08-30,152,1997-08-30,11.0952380952381,63.8095238095238,23.8095238095238,9.09523809523809,1191292.14285714,-1846899.28571429,3577,9.979809664018688,63.736776123763484,24.995444184294954
1997-09-15,153,1997-09-15,10.0,64.6190476190476,24.1904761904762,8.90476190476191,1191292.14285714,-1846899.28571429,3577,8.689026144133202,67.89957411009027,22.103947651931968
1997-10-01,154,1997-10-01,10.6190476190476,68.7142857142857,19.3809523809524,8.61904761904762,1191292.14285714,-1846899.28571429,3577,8.69340257265824,71.18827199631089,18.8081670651302
1997-10-17,155,1997-10-17,10.3809523809524,65.8095238095238,22.5238095238095,8.61904761904762,1191292.14285714,-1846899.28571429,3577,11.969368093205325,70.63782863162612,16.091694683023547
1997-11-02,156,1997-11-02,11.6666666666667,76.6666666666667,10.0,7.66666666666667,1191335.0,-1846885.0,3577,18.72451078333153,66.85924807905234,13.10603844040181
1998-01-21,157,1998-01-21,28.0,71.0,0.0,16.0,1191225.0,-1846875.0,3577,27.060701939954875,61.13575485401198,10.497439608893153
1998-02-06,158,1998-02-06,39.8095238095238,50.0,8.85714285714286,17.3809523809524,1191292.14285714,-1846899.28571429,3577,36.6910695084015,54.03422583607535,8.016617025903763
1998-03-10,159,1998-03-10,43.3809523809524,38.7142857142857,16.8571428571429,14.8571428571429,1191292.14285714,-1846899.28571429,3577,44.52108057060953,47.65274354128134,6.6394915713791285
1998-03-26,160,1998-03-26,53.6666666666667,39.7619047619048,5.38095238095238,18.047619047619,1191292.14285714,-1846899.28571429,3577,49.15663593371838,43.60064806194188,6.160804108171618
1998-04-11,161,1998-04-11,50.2380952380952,44.6666666666667,3.9047619047619,15.1904761904762,1191292.14285714,-1846899.28571429,3577,49.71634969776642,43.82570061516777,5.441344001714709
1998-04-27,162,1998-04-27,43.2380952380952,53.4761904761905,2.47619047619048,16.952380952381,1191292.14285714,-1846899.28571429,3577,45.35471545997184,48.15383481327036,5.5134452750543606
1998-05-13,163,1998-05-13,38.7619047619048,56.4761904761905,3.85714285714286,14.4761904761905,1191292.14285714,-1846899.28571429,3577,38.26321769045656,56.161055662595274,4.602178007750079
1998-06-14,164,1998-06-14,29.3809523809524,62.7142857142857,6.95238095238095,13.4285714285714,1191292.14285714,-1846899.28571429,3577,31.14751296174979,62.515872156729685,5.420177345873128
1998-06-30,165,1998-06-30,26.2380952380952,67.2380952380952,5.57142857142857,10.5238095238095,1191292.14285714,-1846899.28571429,3577,25.66669965740789,67.73041509573005,5.676976274498644
1998-07-16,166,1998-07-16,19.8095238095238,71.8571428571429,7.28571428571429,12.7619047619048,1191292.14285714,-1846899.28571429,3577,21.670190490620676,71.9123374045867,5.497144754109881
1998-08-01,167,1998-08-01,16.4285714285714,70.9523809523809,11.6666666666667,11.8095238095238,1191292.14285714,-1846899.28571429,3577,17.789958235776005,73.07329615687657,8.106487939304067
1998-08-17,168,1998-08-17,18.0952380952381,70.7142857142857,10.1428571428571,11.6190476190476,1191292.14285714,-1846899.28571429,3577,14.872006218753205,71.59577161743275,12.36499104610375
1998-09-02,169,1998-09-02,16.0,74.3333333333333,8.47619047619048,10.7619047619048,1191292.14285714,-1846899.28571429,3577,12.666874920742984,70.40663876885733,15.703641044195969
1998-09-18,170,1998-09-18,16.0952380952381,73.7619047619048,8.90476190476191,10.3333333333333,1191292.14285714,-1846899.28571429,3577,13.21090055455183,67.79469240768536,17.758209798454814
1998-10-20,171,1998-10-20,8.57142857142857,55.4285714285714,34.5238095238095,12.0952380952381,1191292.14285714,-1846899.28571429,3577,16.564534536668283,63.709321638104676,18.47295119740663
1998-12-07,172,1998-12-07,14.9047619047619,53.6190476190476,30.0952380952381,9.66666666666667,1191292.14285714,-1846899.28571429,3577,21.186337913888924,60.1054013066307,17.4835329788864
1999-02-09,173,1999-02-09,34.3333333333333,62.7142857142857,2.0,16.1904761904762,1191292.14285714,-1846899.28571429,3577,28.052993446178103,55.85397368368669,14.89874831051079
1999-02-25,174,1999-02-25,34.4761904761905,59.3333333333333,5.28571428571429,13.952380952381,1191292.14285714,-1846899.28571429,3577,34.50298617790361,52.369172623034764,11.994723542709377
1999-03-13,175,1999-03-13,44.2380952380952,45.1904761904762,9.38095238095238,18.6666666666667,1191292.14285714,-1846899.28571429,3577,39.67109464322492,50.621361095037734,8.604425502257033
1999-04-14,176,1999-04-14,40.1904761904762,48.3809523809524,10.0952380952381,11.2380952380952,1191292.14285714,-1846899.28571429,3577,41.05063976270792,51.12466583982848,6.708538107917906
1999-04-30,177,1999-04-30,35.9047619047619,53.8571428571429,9.19047619047619,13.3333333333333,1191292.14285714,-1846899.28571429,3577,38.778354772157016,52.68576315324755,7.3983323178358535
1999-05-16,178,1999-05-16,38.4285714285714,50.1904761904762,10.1428571428571,13.3809523809524,1191292.14285714,-1846899.28571429,3577,32.96712987734168,53.7265273426184,12.107472506851494
1999-07-19,179,1999-07-19,22.0952380952381,61.0,15.7619047619048,11.2857142857143,1191292.14285714,-1846899.28571429,3577,27.563094284452408,55.961736921480885,15.253746253743966
1999-07-27,180,1999-07-27,23.6666666666667,59.9523809523809,15.1428571428571,11.2857142857143,1191292.14285714,-1846899.28571429,3577,23.92850802447969,58.756124164784104,16.103683725972342
1999-08-04,181,1999-08-04,19.3809523809524,62.4761904761905,16.952380952381,10.7619047619048,1191292.14285714,-1846899.28571429,3577,20.405346975003383,62.70208016956305,15.691858193403846
1999-08-12,182,1999-08-12,20.5714285714286,62.9523809523809,15.2857142857143,11.2380952380952,1191292.14285714,-1846899.28571429,3577,19.115233579627013,64.53431604514228,15.121302845758798
1999-08-20,183,1999-08-20,18.8095238095238,62.4285714285714,17.4285714285714,10.6666666666667,1191292.14285714,-1846899.28571429,3577,17.953767594631795,65.34708325729018,15.450229852704332
1999-09-05,184,1999-09-05,18.1428571428571,63.9523809523809,16.6666666666667,10.0952380952381,1191292.14285714,-1846899.28571429,3577,18.114697480019853,66.3150358413417,14.355115472760389
1999-09-21,185,1999-09-21,15.7619047619048,70.7142857142857,12.2857142857143,9.66666666666667,1191292.14285714,-1846899.28571429,3577,17.05488732113865,63.94298993059644,17.75069821818782
1999-09-29,186,1999-09-29,15.5714285714286,70.2380952380952,13.047619047619,9.33333333333333,1191292.14285714,-1846899.28571429,3577,14.013323106200279,63.0025578136939,21.716654862162457
1999-10-15,187,1999-10-15,14.3809523809524,51.3809523809524,32.9047619047619,11.6190476190476,1191292.14285714,-1846899.28571429,3577,12.441690404536857,61.560016866509216,24.71525791030065
1999-10-23,188,1999-10-23,12.5714285714286,57.8571428571429,28.2857142857143,11.2857142857143,1191292.14285714,-1846899.28571429,3577,12.182780068227181,60.23044860195665,26.299307503637948
1999-11-08,189,1999-11-08,11.9047619047619,61.3809523809524,25.3809523809524,9.85714285714286,1191292.14285714,-1846899.28571429,3577,14.020581070114599,58.870753601394995,25.835262776435396
1999-11-16,190,1999-11-16,11.4761904761905,54.3809523809524,32.7619047619048,9.90476190476191,1191292.14285714,-1846899.28571429,3577,17.917782939452103,57.974058964762406,22.81036507351957
1999-12-18,191,1999-12-18,27.8095238095238,66.8571428571429,4.23809523809524,12.2857142857143,1191292.14285714,-1846899.28571429,3577,23.582105201296724,57.86458020822484,17.28993194627613
2000-01-03,192,2000-01-03,31.3809523809524,55.7142857142857,11.7142857142857,11.4285714285714,1191292.14285714,-1846899.28571429,3577,30.001641289562514,57.98535107822168,10.816417844280018
2000-01-19,193,2000-01-19,36.3809523809524,54.7619047619048,7.66666666666667,14.3809523809524,1191292.14285714,-1846899.28571429,3577,35.65493742582994,57.39413321455807,5.846172403447072
2000-03-07,194,2000-03-07,37.7142857142857,55.7142857142857,5.47619047619048,16.1428571428571,1191292.14285714,-1846899.28571429,3577,39.05540486344857,54.886478846222964,4.979693165450934
2000-03-23,195,2000-03-23,40.2857142857143,55.1428571428571,3.47619047619048,17.2857142857143,1191292.14285714,-1846899.28571429,3577,38.66410885295757,55.16093607114454,5.1307175796332185
2000-05-10,196,2000-05-10,36.0,54.7142857142857,8.47619047619048,13.1904761904762,1191292.14285714,-1846899.28571429,3577,35.32471450117982,56.251874028955406,7.416732905895878
2000-05-26,197,2000-05-26,30.8571428571429,57.4761904761905,10.6190476190476,12.8571428571429,1191292.14285714,-1846899.28571429,3577,30.037763835746972,58.33683885772797,10.629776570177448
2000-06-27,198,2000-06-27,24.047619047619,62.8571428571429,12.0,13.047619047619,1191292.14285714,-1846899.28571429,3577,26.293205246761694,60.607275077854254,12.137332224017705
2000-07-13,199,2000-07-13,20.5714285714286,62.7142857142857,15.6190476190476,12.4285714285714,1191292.14285714,-1846899.28571429,3577,22.326628222135724,61.56304866443266,15.066638469886982
2000-07-29,200,2000-07-29,17.2380952380952,66.2380952380952,15.6190476190476,12.047619047619,1191292.14285714,-1846899.28571429,3577,18.79544629776547,63.83718835343269,16.210416260723434
2000-08-14,201,2000-08-14,18.8571428571429,65.0,15.0,11.9047619047619,1191292.14285714,-1846899.28571429,3577,15.536874116593156,67.73110867459701,15.536709162867837
2000-08-30,202,2000-08-30,16.1904761904762,67.9047619047619,14.5714285714286,11.1428571428571,1191292.14285714,-1846899.28571429,3577,14.16409584466193,71.54877405723177,13.108760904606708
2000-09-15,203,2000-09-15,16.1428571428571,68.8571428571429,13.7619047619048,10.6666666666667,1191292.14285714,-1846899.28571429,3577,14.281766297198505,74.06945735923868,10.52911980570721
2000-10-17,204,2000-10-17,11.75,84.25,2.75,11.0,1191300.0,-1846845.0,3577,16.061332296669537,75.60426314108486,7.261455975578015
2000-11-02,205,2000-11-02,15.4761904761905,78.8571428571429,4.95238095238095,13.3809523809524,1191292.14285714,-1846899.28571429,3577,19.357765269390484,75.23633637350419,4.407125306550993
2000-11-18,206,2000-11-18,24.4285714285714,73.5714285714286,1.28571428571429,14.2857142857143,1191292.14285714,-1846899.28571429,3577,23.7068931190185,72.92462039264814,2.4439198875545634
2000-12-20,207,2000-12-20,33.2380952380952,63.5714285714286,2.14285714285714,19.2380952380952,1191292.14285714,-1846899.28571429,3577,28.446609254882173,69.18694677203027,1.4998004636046423
2001-01-05,208,2001-01-05,35.0952380952381,61.1904761904762,2.71428571428571,15.8571428571429,1191292.14285714,-1846899.28571429,3577,33.8351969920395,63.73912894304405,1.5300990061960202
2001-01-21,209,2001-01-21,37.8235294117647,60.2352941176471,1.05882352941176,15.0588235294118,1191290.29411765,-1846912.05882353,3577,38.75601908259314,58.21576461235946,2.0801791694613145
2001-02-22,210,2001-02-22,40.0952380952381,55.6666666666667,3.23809523809524,18.8571428571429,1191292.14285714,-1846899.28571429,3577,42.6322624137166,54.04741843477153,2.300582135038173
2001-03-10,211,2001-03-10,41.4285714285714,55.1904761904762,2.33333333333333,19.0,1191292.14285714,-1846899.28571429,3577,43.82886322382115,53.16350942506588,1.982196808230018
2001-03-26,212,2001-03-26,45.2857142857143,50.2857142857143,3.42857142857143,18.8571428571429,1191292.14285714,-1846899.28571429,3577,43.72513390815414,52.395571526141026,2.896445689925499
2001-04-11,213,2001-04-11,45.9523809523809,50.7619047619048,2.33333333333333,16.047619047619,1191292.14285714,-1846899.28571429,3577,42.39463990146291,52.81689384493187,3.8424064856402946
2001-04-27,214,2001-04-27,40.8095238095238,54.0476190476191,4.23809523809524,14.2857142857143,1191292.14285714,-1846899.28571429,3577,39.600304933935874,53.945696991035874,5.515771061936694
2001-05-13,215,2001-05-13,33.4761904761905,57.7142857142857,7.85714285714286,13.2380952380952,1191292.14285714,-1846899.28571429,3577,34.57400063664345,54.5253263096926,9.980106641369032
2001-05-29,216,2001-05-29,28.0952380952381,59.4285714285714,11.7142857142857,12.9047619047619,1191292.14285714,-1846899.28571429,3577,30.888528274974224,60.2612143517171,7.9534775914294
2001-06-14,217,2001-06-14,26.4761904761905,61.4761904761905,11.0,12.5714285714286,1191292.14285714,-1846899.28571429,3577,27.476442030617505,64.47664822276863,7.173185947178668
2001-06-30,218,2001-06-30,22.5238095238095,64.4761904761905,12.2380952380952,12.3809523809524,1191292.14285714,-1846899.28571429,3577,23.607258582487262,65.63837194795966,9.910878595087624
2001-07-16,219,2001-07-16,21.5714285714286,64.3809523809524,13.0952380952381,11.6666666666667,1191292.14285714,-1846899.28571429,3577,20.370908760998606,63.579166963058384,15.206401441693277
2001-08-01,220,2001-08-01,20.7142857142857,65.2380952380952,13.1428571428571,11.3333333333333,1191292.14285714,-1846899.28571429,3577,17.586523838570017,60.28187747418316,21.23564549333673
2001-08-17,221,2001-08-17,19.1904761904762,67.8571428571429,12.0952380952381,11.047619047619,1191292.14285714,-1846899.28571429,3577,13.855893757184699,55.115931017010936,30.015997661048715
2001-09-02,222,2001-09-02,3.66666666666667,31.8095238095238,63.4761904761905,15.952380952381,1191292.14285714,-1846899.28571429,3577,11.117936334288697,50.84417788851559,36.85444046634535
2001-10-04,223,2001-10-04,6.19047619047619,46.2857142857143,46.1428571428571,13.5238095238095,1191292.14285714,-1846899.28571429,3577,9.004574615573086,48.723569493390116,40.980393915554416
2001-10-20,224,2001-10-20,11.4285714285714,51.9047619047619,35.0952380952381,11.2857142857143,1191292.14285714,-1846899.28571429,3577,8.34011159725841,48.0737437833751,42.1660353244701
2001-11-21,225,2001-11-21,11.5238095238095,51.6190476190476,35.3333333333333,9.71428571428571,1191292.14285714,-1846899.28571429,3577,10.107478631971755,50.109392709207654,38.34961820792607
2001-12-07,226,2001-12-07,13.952380952381,52.0952380952381,32.5238095238095,8.33333333333333,1191292.14285714,-1846899.28571429,3577,14.68368006666823,52.918406882977365,30.95696812141442
2001-12-23,227,2001-12-23,22.4117647058824,61.1176470588235,15.2352941176471,13.4117647058824,1191279.70588235,-1846894.41176471,3577,21.266315121165352,55.418029846973454,21.945172717159974
2002-01-08,228,2002-01-08,22.0,53.875,23.0,12.5,1191251.25,-1846882.5,3577,27.679121158082616,56.04765237948244,14.984633954036205
2002-01-24,229,2002-01-24,33.4285714285714,49.5238095238095,15.6666666666667,12.8571428571429,1191292.14285714,-1846899.28571429,3577,31.78461470538943,51.678581776074495,15.351858485711617
2002-02-25,230,2002-02-25,38.7619047619048,52.4285714285714,7.66666666666667,15.952380952381,1191292.14285714,-1846899.28571429,3577,34.84331530788852,49.92830859420897,14.06096495624606
2002-03-29,231,2002-03-29,36.4285714285714,45.7142857142857,16.5714285714286,11.952380952381,1191292.14285714,-1846899.28571429,3577,35.49774913970341,48.96503648872704,14.34001881078703
2002-04-14,232,2002-04-14,33.7619047619048,48.8095238095238,16.3333333333333,10.8571428571429,1191292.14285714,-1846899.28571429,3577,33.71140066149579,48.579682451032866,16.51180889771063
2002-04-30,233,2002-04-30,28.2857142857143,50.7619047619048,19.7619047619048,10.3333333333333,1191292.14285714,-1846899.28571429,3577,29.967755734214556,50.23484677617509,18.594525222240513
2002-05-16,234,2002-05-16,24.7142857142857,52.0,22.1428571428571,9.95238095238095,1191292.14285714,-1846899.28571429,3577,25.772229773500737,52.710690663059395,20.276746806883992
2002-06-01,235,2002-06-01,20.047619047619,55.4285714285714,23.047619047619,9.33333333333333,1191292.14285714,-1846899.28571429,3577,21.001725570607874,54.91151328031313,22.846844589875225
2002-06-17,236,2002-06-17,19.8095238095238,59.3809523809524,19.6666666666667,9.57142857142857,1191292.14285714,-1846899.28571429,3577,18.49855691264083,57.04967091730944,23.181762509932426
2002-07-03,237,2002-07-03,18.5714285714286,56.9523809523809,23.2857142857143,9.04761904761905,1191292.14285714,-1846899.28571429,3577,17.41895436864216,58.776428164190264,22.578093732889123
2002-07-19,238,2002-07-19,14.8,59.2,24.6,17.2,1191285.0,-1846905.0,3577,16.751713095983035,57.63442604865891,24.37453238195908
2002-08-04,239,2002-08-04,16.9047619047619,57.2380952380952,24.6666666666667,8.76190476190476,1191292.14285714,-1846899.28571429,3577,17.448532118034166,59.0533859844917,22.272066426861862
2002-08-20,240,2002-08-20,16.25,63.4166666666667,19.3333333333333,9.66666666666667,1191322.5,-1846897.5,3577,16.52497631367354,60.98274300517971,21.262251680205164
2002-09-21,241,2002-09-21,17.3809523809524,57.6190476190476,23.6190476190476,8.71428571428571,1191292.14285714,-1846899.28571429,3577,14.919975019817999,61.86115612972273,21.974140410669634
2002-10-07,242,2002-10-07,15.0,60.6190476190476,23.0952380952381,8.38095238095238,1191292.14285714,-1846899.28571429,3577,12.458970338225441,63.96490918780984,22.27795630581675
2002-10-23,243,2002-10-23,12.3809523809524,65.1904761904762,20.952380952381,8.04761904761905,1191292.14285714,-1846899.28571429,3577,12.091823192285782,62.92620006411636,23.679011184890015
2002-11-08,244,2002-11-08,11.6190476190476,69.8095238095238,17.3809523809524,7.90476190476191,1191292.14285714,-1846899.28571429,3577,13.309147766576128,58.69583486687873,26.640153448199026
2002-11-24,245,2002-11-24,8.14285714285714,49.3333333333333,41.1904761904762,10.047619047619,1191292.14285714,-1846899.28571429,3577,16.37039869315167,53.68987436711093,28.54313797657028
2003-01-27,246,2003-01-27,22.3809523809524,47.6666666666667,28.5714285714286,9.71428571428571,1191292.14285714,-1846899.28571429,3577,20.93504792420888,49.142601980055936,28.595883992164584
2003-02-12,247,2003-02-12,27.3333333333333,46.6666666666667,24.6666666666667,9.0,1191292.14285714,-1846899.28571429,3577,24.69609621544236,46.44990432683239,27.59125085440465
2003-04-01,248,2003-04-01,33.7619047619048,34.3809523809524,30.5714285714286,8.52380952380952,1191292.14285714,-1846899.28571429,3577,27.28145023191054,45.34305348933155,26.142057954941045
2003-05-03,249,2003-05-03,26.2380952380952,52.3333333333333,20.2380952380952,10.1904761904762,1191292.14285714,-1846899.28571429,3577,27.1581931999848,47.28263738324952,24.353770326676898
2003-05-19,250,2003-05-19,23.8333333333333,57.1666666666667,18.0,9.83333333333333,1191325.0,-1846885.0,3577,24.418278831587873,51.96716209486332,22.432237202938175
2003-06-12,251,2003-06-12,16.6666666666667,57.8571428571429,24.3333333333333,9.85714285714286,1191292.14285714,-1846899.28571429,3577,20.083325858864658,56.73956925426667,22.022375908402008
2003-07-14,252,2003-07-14,14.0,57.5714285714286,27.047619047619,9.42857142857143,1191292.14285714,-1846899.28571429,3577,15.458656926146897,58.766805691719526,24.599211869138514
2003-07-22,253,2003-07-22,14.6666666666667,60.4285714285714,23.7619047619048,8.61904761904762,1191292.14285714,-1846899.28571429,3577,13.12828296574233,61.177548457725095,24.470752931275584
2003-07-30,254,2003-07-30,11.952380952381,59.7619047619048,27.0,9.23809523809524,1191292.14285714,-1846899.28571429,3577,12.007707978294444,61.64253264794141,25.087576574608434
2003-08-07,255,2003-08-07,13.0,62.25,23.5625,9.4375,1191286.875,-1846914.375,3577,12.129386093780592,61.462227401072724,25.108030965418862
2003-08-15,256,2003-08-15,12.952380952381,61.5714285714286,24.0952380952381,8.95238095238095,1191292.14285714,-1846899.28571429,3577,11.907649625914113,61.764062820555154,25.03400269750516
2003-08-31,257,2003-08-31,11.8095238095238,66.0952380952381,20.8571428571429,8.61904761904762,1191292.14285714,-1846899.28571429,3577,12.8371581978374,63.674175669522214,22.257795609959487
2003-09-16,258,2003-09-16,11.3333333333333,64.7619047619048,22.6190476190476,8.23809523809524,1191292.14285714,-1846899.28571429,3577,12.981007382708237,66.60599565552134,19.21180206532089
2003-09-24,259,2003-09-24,12.952380952381,63.0952380952381,22.7619047619048,8.23809523809524,1191292.14285714,-1846899.28571429,3577,12.532137625015013,65.91379286347345,20.29233608238725
2003-10-18,260,2003-10-18,12.4285714285714,67.5714285714286,18.7619047619048,7.80952380952381,1191292.14285714,-1846899.28571429,3577,12.408201344577204,66.4144112852992,19.937000860333818
2003-10-26,261,2003-10-26,12.8571428571429,63.1904761904762,22.7619047619048,8.14285714285714,1191292.14285714,-1846899.28571429,3577,10.415394976538934,62.63929027627782,25.601329269282118
2003-11-03,262,2003-11-03,9.95238095238095,72.9047619047619,15.7142857142857,8.80952380952381,1191292.14285714,-1846899.28571429,3577,8.478410907976208,61.33286733905011,28.754922386690545
2003-11-19,263,2003-11-19,4.0,51.4285714285714,42.9047619047619,9.38095238095238,1191292.14285714,-1846899.28571429,3577,7.3989230583646854,60.000158767951646,31.125569992438407
2003-11-27,264,2003-11-27,6.09523809523809,49.4285714285714,42.9047619047619,8.85714285714286,1191292.14285714,-1846899.28571429,3577,5.703932032878546,60.22570231625058,32.567790826299884
2003-12-13,265,2003-12-13,7.55,67.45,23.7,8.85,1191294.0,-1846902.0,3577,6.117550303153099,59.75361207419138,32.62585206330848
2003-12-21,266,2003-12-21,6.19047619047619,53.0,39.0952380952381,8.38095238095238,1191292.14285714,-1846899.28571429,3577,9.653122161634654,58.98800296709632,29.94292652651338
2004-01-06,267,2004-01-06,18.2857142857143,74.4761904761905,6.23809523809524,12.7142857142857,1191292.14285714,-1846899.28571429,3577,15.36418174188843,58.1034167071232,25.20083528442285
2004-01-30,268,2004-01-30,20.0,49.1904761904762,29.5238095238095,18.0952380952381,1191292.14285714,-1846899.28571429,3577,22.311383920513723,55.55944133265285,20.8295177474713
2004-03-02,269,2004-03-02,24.5,53.0,21.0,19.5,1191240.0,-1846860.0,3577,28.313143770569887,53.8054584734071,16.610856120141573
2004-03-26,270,2004-03-26,39.7619047619048,45.2857142857143,13.8571428571429,11.7142857142857,1191292.14285714,-1846899.28571429,3577,32.34781023929148,49.455763380059395,16.92809986710663
2004-04-03,271,2004-04-03,36.0,48.1428571428571,14.6190476190476,11.3333333333333,1191292.14285714,-1846899.28571429,3577,34.81241462355494,47.37681307340041,16.57177394328849
2004-04-11,272,2004-04-11,32.7142857142857,48.3809523809524,17.4761904761905,10.5714285714286,1191292.14285714,-1846899.28571429,3577,34.5322502574773,49.13563655126387,15.126018975861914
2004-04-19,273,2004-04-19,30.8095238095238,52.3333333333333,15.7142857142857,10.4761904761905,1191292.14285714,-1846899.28571429,3577,31.78796409987886,50.67119877026241,16.302651940420397
2004-04-27,274,2004-04-27,27.8571428571429,57.9047619047619,13.3333333333333,10.952380952381,1191292.14285714,-1846899.28571429,3577,29.74753368406175,55.83395036335379,13.326427958004906
2004-05-05,275,2004-05-05,26.6190476190476,55.7619047619048,16.3333333333333,11.1428571428571,1191292.14285714,-1846899.28571429,3577,26.067406020188507,57.36944788956316,15.45297633223098
2004-05-13,276,2004-05-13,23.6190476190476,59.2857142857143,15.952380952381,11.4761904761905,1191292.14285714,-1846899.28571429,3577,22.709638400811485,59.92033250546288,16.197228983604273
2004-05-29,277,2004-05-29,20.6666666666667,61.5714285714286,16.5714285714286,10.5714285714286,1191292.14285714,-1846899.28571429,3577,21.13216272890881,60.275263436245154,17.403315982260754
2004-06-06,278,2004-06-06,20.4761904761905,60.3333333333333,18.047619047619,10.5238095238095,1191292.14285714,-1846899.28571429,3577,19.17637058503646,60.51539791476968,19.077547839154896
2004-06-14,279,2004-06-14,18.2857142857143,61.3333333333333,19.1904761904762,10.1904761904762,1191292.14285714,-1846899.28571429,3577,17.02638872994656,61.003173297281826,20.6681698074856
2004-06-22,280,2004-06-22,11.25,60.0,27.0,10.25,1191300.0,-1846845.0,3577,15.820835253495432,61.037384699914256,21.835289581416337
2004-07-08,281,2004-07-08,16.2380952380952,60.6666666666667,22.047619047619,9.71428571428571,1191292.14285714,-1846899.28571429,3577,14.873125068943278,60.96701440972974,22.892165625908312
2004-07-16,282,2004-07-16,16.2857142857143,60.9523809523809,21.6190476190476,9.61904761904762,1191292.14285714,-1846899.28571429,3577,14.565346933765808,61.08418310274982,23.089116250103494
2004-08-01,283,2004-08-01,14.1904761904762,64.2380952380952,20.2857142857143,9.14285714285714,1191292.14285714,-1846899.28571429,3577,14.189958390420664,62.257333997262776,22.307947985963224
2004-08-17,284,2004-08-17,12.7142857142857,62.8571428571429,23.0952380952381,9.09523809523809,1191292.14285714,-1846899.28571429,3577,13.960480438032528,62.53947136453942,22.254532876820583
2004-08-25,285,2004-08-25,16.0952380952381,59.8095238095238,23.0,9.04761904761905,1191292.14285714,-1846899.28571429,3577,14.177164167100123,64.12505245012028,20.50588111578518
2004-09-02,286,2004-09-02,12.1904761904762,67.0952380952381,19.4761904761905,8.80952380952381,1191292.14285714,-1846899.28571429,3577,14.390247626468383,65.41516759812997,18.989891223324936
2004-09-10,287,2004-09-10,14.0,66.6666666666667,17.952380952381,8.80952380952381,1191292.14285714,-1846899.28571429,3577,13.678943089931757,65.4120549213331,19.62085076945466
2004-09-18,288,2004-09-18,13.047619047619,62.0,23.6190476190476,8.57142857142857,1191292.14285714,-1846899.28571429,3577,13.51467675770879,63.72689384917537,21.428591016823113
2004-09-26,289,2004-09-26,14.2857142857143,61.0952380952381,23.4285714285714,8.33333333333333,1191292.14285714,-1846899.28571429,3577,12.97813435274542,59.29184231660128,26.331667300703614
2004-10-04,290,2004-10-04,12.7619047619048,62.7619047619048,23.0952380952381,8.09523809523809,1191292.14285714,-1846899.28571429,3577,11.52428118836616,55.77910788900669,31.260253678205654
2004-10-12,291,2004-10-12,9.7,45.9,42.6,11.2,1191297.0,-1846866.0,3577,9.998500055154913,53.13333281784501,35.34571084229998
2004-10-20,292,2004-10-20,6.85714285714286,46.0952380952381,45.5238095238095,10.1428571428571,1191292.14285714,-1846899.28571429,3577,9.962862215182714,49.539414661698274,38.98922027404416
2004-10-28,293,2004-10-28,8.61904761904762,45.1428571428571,44.7619047619048,9.57142857142857,1191292.14285714,-1846899.28571429,3577,8.155300839510154,47.36347862662943,42.97624769450752
2004-11-05,294,2004-11-05,7.80952380952381,48.8095238095238,42.1428571428571,9.0,1191292.14285714,-1846899.28571429,3577,6.309628967522764,45.109952483010744,47.08878118784537
2004-11-13,295,2004-11-13,6.42857142857143,54.1428571428571,37.9047619047619,8.66666666666667,1191292.14285714,-1846899.28571429,3577,5.077830837891996,43.45128504106182,50.08269955018433
2004-11-29,296,2004-11-29,8.95238095238095,38.8571428571429,50.6666666666667,8.57142857142857,1191292.14285714,-1846899.28571429,3577,6.260278524364274,43.22534297487212,49.21451180397815
2004-12-15,297,2004-12-15,7.0,35.0,57.0,9.0,1191315.0,-1846965.0,3577,9.164823824265177,44.79791828397971,44.7358678473163
2004-12-23,298,2004-12-23,4.66666666666667,46.0476190476191,47.8571428571429,7.09523809523809,1191292.14285714,-1846899.28571429,3577,13.569373351105053,44.42757088112462,40.71043404479332
2005-01-16,299,2005-01-16,21.3333333333333,45.4285714285714,32.0476190476191,9.90476190476191,1191292.14285714,-1846899.28571429,3577,18.72415407090048,44.37565014963734,35.64104703345659
2005-02-01,300,2005-02-01,28.3333333333333,49.0952380952381,21.3809523809524,9.57142857142857,1191292.14285714,-1846899.28571429,3577,23.470169665212573,44.655977665258916,30.662816028136547
2005-02-17,301,2005-02-17,31.3333333333333,48.0,19.1904761904762,11.5714285714286,1191292.14285714,-1846899.28571429,3577,27.656677219014746,45.202662240651534,25.921832342529296
2005-02-25,302,2005-02-25,28.7142857142857,44.7142857142857,25.4285714285714,9.71428571428571,1191292.14285714,-1846899.28571429,3577,30.559187692872953,45.50650531567385,22.631973781914105
2005-03-05,303,2005-03-05,29.0952380952381,37.4761904761905,32.3333333333333,8.95238095238095,1191292.14285714,-1846899.28571429,3577,31.444675223449025,44.191117822971634,23.010799759389055
2005-03-21,304,2005-03-21,27.3636363636364,43.7272727272727,27.3636363636364,10.0909090909091,1191298.63636364,-1846869.54545455,3577,29.96287313399167,43.56306457403471,25.131979569352673
2005-03-29,305,2005-03-29,28.2857142857143,47.3809523809524,22.952380952381,10.3809523809524,1191292.14285714,-1846899.28571429,3577,27.41310950876612,45.16184551087273,26.05299489200443
2005-04-06,306,2005-04-06,30.6666666666667,46.6666666666667,21.0833333333333,10.3333333333333,1191292.5,-1846927.5,3577,26.389839345597757,46.37322131078165,25.863913880908918
2005-04-14,307,2005-04-14,23.7619047619048,50.6666666666667,24.3809523809524,9.0,1191292.14285714,-1846899.28571429,3577,25.313987552705008,48.74363247056681,24.595596961932436
2005-04-22,308,2005-04-22,21.6666666666667,50.3333333333333,26.7619047619048,9.33333333333333,1191292.14285714,-1846899.28571429,3577,23.85207471457344,50.5410729014733,24.247683294665656
2005-04-30,309,2005-04-30,22.3333333333333,48.0,28.3333333333333,8.85714285714286,1191292.14285714,-1846899.28571429,3577,21.706679467557667,50.99384188929959,25.974317326571693
2005-05-08,310,2005-05-08,20.2857142857143,50.8571428571429,27.4761904761905,10.2380952380952,1191292.14285714,-1846899.28571429,3577,19.91651510026735,49.46966115896354,29.294912229755795
2005-05-16,311,2005-05-16,19.047619047619,49.5238095238095,30.0,9.57142857142857,1191292.14285714,-1846899.28571429,3577,18.458589004024226,49.67043986183654,30.507833224865642
2005-05-24,312,2005-05-24,17.3529411764706,51.6470588235294,29.7058823529412,9.47058823529412,1191293.82352941,-1846887.35294118,3577,17.238580497182905,48.98526342634152,32.36426907032871
2005-06-01,313,2005-06-01,15.2857142857143,46.3333333333333,36.8095238095238,9.80952380952381,1191292.14285714,-1846899.28571429,3577,16.528941767875736,48.61953514220135,33.41055743563894
2005-06-09,314,2005-06-09,15.7142857142857,46.6666666666667,36.2857142857143,8.95238095238095,1191292.14285714,-1846899.28571429,3577,15.198230289104004,48.50546848888868,34.88977222012577
2005-06-17,315,2005-06-17,15.3809523809524,48.2857142857143,34.9523809523809,9.38095238095238,1191292.14285714,-1846899.28571429,3577,14.296059471799468,47.78506442665264,36.504914438436565
2005-06-25,316,2005-06-25,13.3809523809524,51.0476190476191,34.1428571428571,9.0,1191292.14285714,-1846899.28571429,3577,14.19538774829038,47.14183849295148,37.26814271140792
2005-07-03,317,2005-07-03,12.7142857142857,43.2857142857143,42.5714285714286,8.80952380952381,1191292.14285714,-1846899.28571429,3577,14.062715042498041,47.64859738087947,36.9307022122483
2005-07-11,318,2005-07-11,15.2222222222222,49.2222222222222,34.3333333333333,9.11111111111111,1191285.0,-1846935.0,3577,13.849609303258655,46.094617436624745,38.70634804398567
2005-07-19,319,2005-07-19,13.2857142857143,43.3333333333333,41.9047619047619,8.61904761904762,1191292.14285714,-1846899.28571429,3577,13.558540257773338,45.157821296040716,39.93020907944734
2005-07-27,320,2005-07-27,13.6190476190476,45.5238095238095,39.5238095238095,8.61904761904762,1191292.14285714,-1846899.28571429,3577,13.016390214530691,45.00242997455945,40.592867400910876
2005-08-04,321,2005-08-04,13.1904761904762,45.5238095238095,40.0476190476191,8.42857142857143,1191292.14285714,-1846899.28571429,3577,12.614850405870206,43.830437192659716,42.17716700223811
2005-08-20,322,2005-08-20,10.8571428571429,42.2380952380952,45.3809523809524,8.38095238095238,1191292.14285714,-1846899.28571429,3577,12.112894845091198,44.407303738566426,42.08638678142694
2005-09-05,323,2005-09-05,11.5714285714286,41.0952380952381,45.8095238095238,8.33333333333333,1191292.14285714,-1846899.28571429,3577,11.85376079029155,45.10303628259608,41.642758170615714
2005-09-13,324,2005-09-13,12.0,53.3333333333333,33.3333333333333,6.33333333333333,1191265.0,-1846865.0,3577,11.889965899252061,45.55103857270356,41.1290546398844
2005-09-21,325,2005-09-21,11.4761904761905,44.9523809523809,42.2380952380952,8.19047619047619,1191292.14285714,-1846899.28571429,3577,11.601474377014439,46.69176437596789,40.28487147526792
2005-09-29,326,2005-09-29,12.6428571428571,41.7142857142857,44.2142857142857,7.78571428571429,1191289.28571429,-1846877.14285714,3577,11.789140653553378,47.79480945205961,39.008203021400604
2005-10-23,327,2005-10-23,12.6190476190476,54.5238095238095,31.3809523809524,9.0,1191292.14285714,-1846899.28571429,3577,11.915409879986473,47.845977855076484,38.84513552979553
2005-10-31,328,2005-10-31,12.6190476190476,44.2380952380952,41.7142857142857,8.19047619047619,1191292.14285714,-1846899.28571429,3577,12.588259309437515,46.740174898244746,39.24531736095527
2005-11-08,329,2005-11-08,11.1428571428571,49.0,38.3809523809524,8.0,1191292.14285714,-1846899.28571429,3577,13.14530734244613,45.80100589023597,39.563160053684086
2005-11-16,330,2005-11-16,14.0,46.5714285714286,38.1428571428571,8.66666666666667,1191292.14285714,-1846899.28571429,3577,14.382603828513151,47.356627528356015,36.75618950950762
2005-12-18,331,2005-12-18,19.7142857142857,48.7142857142857,30.047619047619,9.09523809523809,1191292.14285714,-1846899.28571429,3577,17.340646938804966,51.39294403161783,29.83119117875545
2006-01-03,332,2006-01-03,17.0952380952381,46.0952380952381,35.1904761904762,8.42857142857143,1191292.14285714,-1846899.28571429,3577,19.27079961863867,53.60534796957235,25.825476472167175
2006-01-19,333,2006-01-19,23.7058823529412,60.2941176470588,14.7647058823529,11.0,1191293.82352941,-1846887.35294118,3577,21.641262974259206,55.07757700927522,22.04172119387595
2006-02-04,334,2006-02-04,23.9047619047619,63.3809523809524,11.7142857142857,10.0,1191292.14285714,-1846899.28571429,3577,24.570285478495272,56.73559336916712,17.48847188748583
2006-02-12,335,2006-02-12,29.7619047619048,58.7619047619048,10.4285714285714,12.4761904761905,1191292.14285714,-1846899.28571429,3577,28.153390954333773,55.758133022193164,14.880180888738105
2006-02-20,336,2006-02-20,30.952380952381,49.0,18.9047619047619,11.5714285714286,1191292.14285714,-1846899.28571429,3577,32.116360783629716,54.08671065472297,12.55217628847015
2006-02-28,337,2006-02-28,29.3333333333333,46.9047619047619,22.3333333333333,10.5714285714286,1191292.14285714,-1846899.28571429,3577,35.92812875219914,51.86497391395544,10.945959400883993
2006-03-24,338,2006-03-24,44.5238095238095,49.5238095238095,4.28571428571429,18.7619047619048,1191292.14285714,-1846899.28571429,3577,39.149030839245334,49.66187548867558,9.87660454642641
2006-04-17,339,2006-04-17,43.2380952380952,51.6666666666667,3.95238095238095,13.7142857142857,1191292.14285714,-1846899.28571429,3577,40.74444410684921,48.435181221369575,9.509723264047103
2006-05-11,340,2006-05-11,41.7142857142857,50.8095238095238,6.23809523809524,13.7619047619048,1191292.14285714,-1846899.28571429,3577,41.3916758892111,49.44983038571809,7.880778845993469
2006-05-19,341,2006-05-19,38.3333333333333,50.3809523809524,10.1904761904762,12.2380952380952,1191292.14285714,-1846899.28571429,3577,39.85888827374296,50.99478952419366,7.889570697619051
2006-05-27,342,2006-05-27,34.9523809523809,54.2380952380952,9.71428571428571,11.4761904761905,1191292.14285714,-1846899.28571429,3577,37.39946843661454,52.64312467717254,8.794464565361078
2006-06-04,343,2006-06-04,34.6666666666667,50.9523809523809,13.1428571428571,11.5714285714286,1191292.14285714,-1846899.28571429,3577,33.5017634584148,54.11924298610797,11.282189430794551
2006-06-20,344,2006-06-20,30.5238095238095,56.0476190476191,12.1904761904762,11.3333333333333,1191292.14285714,-1846899.28571429,3577,28.995910178568398,56.11967495867586,13.7671595690151
2006-07-06,345,2006-07-06,25.7619047619048,57.4761904761905,15.4761904761905,10.7619047619048,1191292.14285714,-1846899.28571429,3577,26.67079154075661,58.87281861584386,13.311329537333748
2006-07-22,346,2006-07-22,23.6666666666667,64.9047619047619,10.5714285714286,11.5714285714286,1191292.14285714,-1846899.28571429,3577,23.764770832878753,61.72055498679963,13.398024060560768
2006-07-30,347,2006-07-30,21.6666666666667,64.9523809523809,12.5238095238095,11.5714285714286,1191292.14285714,-1846899.28571429,3577,21.50349650349331,63.76922458345653,13.590981773642294
2006-08-07,348,2006-08-07,18.6190476190476,64.3333333333333,15.5714285714286,11.0952380952381,1191292.14285714,-1846899.28571429,3577,19.43015910817479,65.58069175405656,13.845119792486148
2006-08-23,349,2006-08-23,18.5238095238095,65.1428571428571,15.0952380952381,10.6666666666667,1191292.14285714,-1846899.28571429,3577,18.533070644522986,66.51999496890141,13.793257310283106
2006-08-31,350,2006-08-31,19.2857142857143,67.5714285714286,12.047619047619,10.2380952380952,1191292.14285714,-1846899.28571429,3577,17.926837868011663,67.18854107707591,13.694525288950468
2006-09-08,351,2006-09-08,16.6666666666667,67.0952380952381,15.0,10.6190476190476,1191292.14285714,-1846899.28571429,3577,17.93419892800428,67.64726089183281,13.193401026216371
2006-09-16,352,2006-09-16,18.1428571428571,67.3333333333333,13.3333333333333,10.2857142857143,1191292.14285714,-1846899.28571429,3577,17.226456721810166,66.92387488671318,14.612029868993613
2006-09-24,353,2006-09-24,16.9047619047619,68.3333333333333,13.6190476190476,10.0,1191292.14285714,-1846899.28571429,3577,17.303058138968847,66.42552390848611,15.085664593402273
2006-10-02,354,2006-10-02,18.2380952380952,66.0,14.5714285714286,9.66666666666667,1191292.14285714,-1846899.28571429,3577,17.272812842469687,66.38951244832606,15.184461565264247
2006-10-10,355,2006-10-10,15.1428571428571,67.7619047619048,15.8095238095238,8.85714285714286,1191292.14285714,-1846899.28571429,3577,17.255776590420773,66.47384438433261,15.057462661175592
2006-10-18,356,2006-10-18,18.9047619047619,61.4285714285714,18.4761904761905,9.09523809523809,1191292.14285714,-1846899.28571429,3577,17.357482371270933,66.92168493856207,14.51527935428648
2006-10-26,357,2006-10-26,14.8571428571429,67.6190476190476,16.3809523809524,9.47619047619048,1191292.14285714,-1846899.28571429,3577,17.210811329581624,67.6958917805988,13.91831800809922
2006-11-03,358,2006-11-03,19.9090909090909,72.9090909090909,6.0,7.63636363636364,1191317.72727273,-1846883.18181818,3577,16.988545744524068,68.21778399852246,13.601205811730106
2006-11-11,359,2006-11-11,14.0,72.3333333333333,12.4285714285714,9.76190476190476,1191292.14285714,-1846899.28571429,3577,15.31027687951185,69.62134661472209,13.804959230653761
2006-11-19,360,2006-11-19,14.8095238095238,67.4761904761905,16.3809523809524,9.38095238095238,1191292.14285714,-1846899.28571429,3577,12.949190972268116,71.7760967805893,13.985371697443913
2006-11-27,361,2006-11-27,12.3333333333333,70.5714285714286,15.9047619047619,9.19047619047619,1191292.14285714,-1846899.28571429,3577,11.934463125764452,73.3558355613692,13.411776149545044
2006-12-13,362,2006-12-13,12.047619047619,71.8095238095238,14.7619047619048,9.19047619047619,1191292.14285714,-1846899.28571429,3577,11.964811762023572,72.92138150805792,13.803489080576801
2006-12-29,363,2006-12-29,12.6666666666667,72.8095238095238,13.047619047619,8.90476190476191,1191292.14285714,-1846899.28571429,3577,14.703964250401661,69.64281796633696,14.359632627432346
2007-01-06,364,2007-01-06,14.4285714285714,71.5238095238095,12.8571428571429,9.33333333333333,1191292.14285714,-1846899.28571429,3577,19.331077591136605,66.02963290578401,13.41355445380014
2007-03-03,365,2007-03-03,30.5238095238095,61.3333333333333,7.23809523809524,14.4285714285714,1191292.14285714,-1846899.28571429,3577,26.88625667417834,61.2840384589519,10.645344851225627
2007-03-11,366,2007-03-11,36.3,51.7,10.7,19.8,1191291.0,-1846896.0,3577,33.9512210183986,55.98413567855455,8.886867621541228
2007-03-19,367,2007-03-19,39.1428571428571,46.7619047619048,12.8571428571429,20.7619047619048,1191292.14285714,-1846899.28571429,3577,40.944521422843465,50.562068993949985,7.330601802736943
2007-03-27,368,2007-03-27,46.4761904761905,49.3333333333333,3.0952380952381,18.1904761904762,1191292.14285714,-1846899.28571429,3577,45.24658509161661,47.78631471184123,5.793691995907207
2007-04-04,369,2007-04-04,47.6190476190476,49.1904761904762,2.04761904761905,15.9047619047619,1191292.14285714,-1846899.28571429,3577,46.79435938022496,47.1592091847032,4.867288189513315
2007-04-12,370,2007-04-12,46.3809523809524,48.5714285714286,3.71428571428571,14.1428571428571,1191292.14285714,-1846899.28571429,3577,45.92384181457963,48.63884920141321,4.260722738235545
2007-04-20,371,2007-04-20,41.4285714285714,52.2380952380952,5.28571428571429,13.8095238095238,1191292.14285714,-1846899.28571429,3577,43.75302428818152,51.33005015189353,3.8474561612408293
2007-04-28,372,2007-04-28,40.8571428571429,52.8095238095238,5.38095238095238,13.3809523809524,1191292.14285714,-1846899.28571429,3577,40.80555835451757,54.27947246929649,3.9198419851827637
2007-05-06,373,2007-05-06,34.8571428571429,57.9523809523809,6.14285714285714,12.8095238095238,1191292.14285714,-1846899.28571429,3577,36.47824697164222,56.72037764798036,5.80816431138162
2007-05-14,374,2007-05-14,34.0952380952381,58.1428571428571,6.95238095238095,13.0,1191292.14285714,-1846899.28571429,3577,30.95818618402482,60.00583203661985,8.030895452924558
2007-05-22,375,2007-05-22,28.5263157894737,63.5263157894737,6.84210526315789,11.5263157894737,1191288.15789474,-1846905.0,3577,26.725785776999594,63.082731371920026,9.157199075305321
2007-07-01,376,2007-07-01,21.2857142857143,67.2380952380952,10.4285714285714,13.3333333333333,1191292.14285714,-1846899.28571429,3577,22.424090673514637,66.53342702100679,9.968227819458964
2007-07-09,377,2007-07-09,15.6666666666667,69.2380952380952,13.7142857142857,13.1904761904762,1191292.14285714,-1846899.28571429,3577,19.458926152138957,68.66236249715129,10.728247423289861
2007-07-17,378,2007-07-17,18.4761904761905,68.4761904761905,11.952380952381,13.1904761904762,1191292.14285714,-1846899.28571429,3577,17.337560732165606,69.932846696852,11.50920018710202
2007-07-25,379,2007-07-25,15.952380952381,72.5714285714286,10.2380952380952,12.4761904761905,1191292.14285714,-1846899.28571429,3577,16.78061078087189,70.17086144420017,11.799988363068286
2007-08-02,380,2007-08-02,19.8333333333333,69.0833333333333,9.91666666666667,12.5833333333333,1191292.5,-1846927.5,3577,16.890062378136058,70.82334500303277,11.0175853350721
2007-08-10,381,2007-08-10,15.6666666666667,73.2857142857143,9.76190476190476,12.3809523809524,1191292.14285714,-1846899.28571429,3577,17.618691473163643,71.03895754469558,10.094910076550764
2007-08-18,382,2007-08-18,19.4117647058824,66.5294117647059,12.5882352941176,8.0,1191288.52941176,-1846887.35294118,3577,17.05365026714542,71.5329232203149,10.08995898872962
2007-08-26,383,2007-08-26,14.6666666666667,73.5238095238095,10.5238095238095,12.2380952380952,1191292.14285714,-1846899.28571429,3577,15.769731080452505,70.49587054641883,12.398281763252724
2007-09-03,384,2007-09-03,15.4210526315789,74.8421052631579,8.57894736842105,11.9473684210526,1191288.15789474,-1846892.36842105,3577,14.945145310520882,73.89913700745396,9.817067966394575
2007-09-11,385,2007-09-11,13.1904761904762,74.7619047619048,10.5714285714286,12.2380952380952,1191292.14285714,-1846899.28571429,3577,14.261430800025327,75.0891893413851,9.279682369567299
2007-09-19,386,2007-09-19,11.7619047619048,71.6666666666667,15.1904761904762,11.9047619047619,1191292.14285714,-1846899.28571429,3577,14.435023335555789,75.75711264192124,8.537850410921331
2007-09-27,387,2007-09-27,12.8095238095238,73.7142857142857,12.1428571428571,11.3809523809524,1191292.14285714,-1846899.28571429,3577,12.352859414575777,74.13985910230514,12.26060091250315
2007-10-05,388,2007-10-05,15.4285714285714,76.0,7.57142857142857,11.8571428571429,1191297.85714286,-1846943.57142857,3577,10.70444322385017,70.3398206640261,17.61415703553532
2007-10-21,389,2007-10-21,11.3809523809524,77.0476190476191,10.1428571428571,11.1428571428571,1191292.14285714,-1846899.28571429,3577,8.82153197990585,66.49568247966249,23.380280010988006
2007-11-06,390,2007-11-06,6.71428571428571,44.3333333333333,47.5714285714286,14.5714285714286,1191292.14285714,-1846899.28571429,3577,8.538173595183075,62.99984841823358,27.188406970788428
2007-11-22,391,2007-11-22,10.0,62.0,27.0,8.0,1191315.0,-1846965.0,3577,11.866756376531363,58.32649633036776,28.498736489729453
2007-12-08,392,2007-12-08,8.25,53.25,36.5,9.25,1191300.0,-1846845.0,3577,17.885124550369554,54.11513061241354,26.66411117262112
2008-01-25,393,2008-01-25,32.625,54.125,12.25,15.125,1191288.75,-1846938.75,3577,25.6885568250081,50.17853012569755,22.745282375000343
2008-02-02,394,2008-02-02,31.25,55.0625,12.75,12.75,1191296.25,-1846906.875,3577,34.16716861569293,48.54805855908071,15.885173649877164
2008-03-13,395,2008-03-13,50.0,39.5,8.5,22.5,1191300.0,-1846845.0,3577,41.636177547936036,47.7934158849335,9.15207264355735
2008-03-21,396,2008-03-21,46.1904761904762,45.2380952380952,7.23809523809524,18.952380952381,1191292.14285714,-1846899.28571429,3577,45.81841288226053,47.29100917142006,5.4611144789155155
2008-04-06,397,2008-04-06,43.2857142857143,48.6666666666667,6.80952380952381,14.8095238095238,1191292.14285714,-1846899.28571429,3577,46.329218639970236,44.892668799202326,7.389492344599601
2008-04-14,398,2008-04-14,41.8,46.0,10.6,16.4,1191309.0,-1846851.0,3577,44.22019159890014,46.9939753873507,7.457152032692711
2008-04-22,399,2008-04-22,40.9523809523809,49.9523809523809,8.0,13.952380952381,1191292.14285714,-1846899.28571429,3577,40.43943002301529,48.63791877626288,9.596522414632428
2008-04-30,400,2008-04-30,38.5238095238095,48.3333333333333,11.9047619047619,13.3333333333333,1191292.14285714,-1846899.28571429,3577,37.57598039215121,50.54622712168394,10.728916851980262
2008-05-08,401,2008-05-08,35.4285714285714,54.2857142857143,9.38095238095238,12.7142857142857,1191292.14285714,-1846899.28571429,3577,35.65634391407849,51.98953091541322,11.294244197493288
2008-05-16,402,2008-05-16,32.9523809523809,53.4285714285714,12.3809523809524,12.6666666666667,1191292.14285714,-1846899.28571429,3577,34.47987884148356,52.41047775752874,12.024268507548445
2008-06-01,403,2008-06-01,31.1428571428571,53.6190476190476,14.2380952380952,12.3333333333333,1191292.14285714,-1846899.28571429,3577,31.225059151370246,54.73399665349311,13.055979933377369
2008-06-17,404,2008-06-17,28.6666666666667,55.4761904761905,14.952380952381,11.952380952381,1191292.14285714,-1846899.28571429,3577,26.98759238696914,57.050933586528785,15.001570153270706
2008-07-03,405,2008-07-03,24.7142857142857,56.6666666666667,17.5714285714286,11.5238095238095,1191292.14285714,-1846899.28571429,3577,23.00076961222127,59.48786662253268,16.523276001601715
2008-08-04,406,2008-08-04,23.1428571428571,64.7142857142857,11.1428571428571,13.8571428571429,1191297.85714286,-1846943.57142857,3577,19.00997763845776,61.31830914182941,18.641320495806887
2008-08-12,407,2008-08-12,6.2,65.4,27.4,20.0,1191273.0,-1846899.0,3577,16.187215570804483,62.57149300646818,20.124037881620012
2008-08-20,408,2008-08-20,16.0952380952381,62.8571428571429,19.8571428571429,12.1904761904762,1191292.14285714,-1846899.28571429,3577,14.171702222783694,64.3129593144977,20.32678930975839
2008-08-28,409,2008-08-28,14.1904761904762,63.3809523809524,21.047619047619,11.6666666666667,1191292.14285714,-1846899.28571429,3577,13.486143887070657,64.63026498784046,20.601698095503046
2008-09-05,410,2008-09-05,16.0,64.2380952380952,18.4285714285714,11.4285714285714,1191292.14285714,-1846899.28571429,3577,14.084133616639251,65.09826499608808,19.538599687203558
2008-09-13,411,2008-09-13,14.0952380952381,61.2380952380952,23.2380952380952,11.0952380952381,1191292.14285714,-1846899.28571429,3577,14.557751673848578,62.82955108186367,21.291547977303303
2008-09-21,412,2008-09-21,16.9,67.1,14.9,11.1,1191285.0,-1846932.0,3577,15.238837839145164,62.12800563728429,21.31964413295365
2008-09-29,413,2008-09-29,12.7142857142857,63.0476190476191,22.952380952381,10.6190476190476,1191292.14285714,-1846899.28571429,3577,15.096577828773723,62.814270868441064,20.789232954864538
2008-10-07,414,2008-10-07,14.5555555555556,60.5555555555556,23.6666666666667,9.77777777777778,1191291.66666667,-1846861.66666667,3577,13.499763738151824,63.28202894455822,21.953119120298528
2008-10-15,415,2008-10-15,12.5714285714286,62.3809523809524,23.6666666666667,10.2380952380952,1191292.14285714,-1846899.28571429,3577,13.25379006957757,63.37326708378397,22.101335712787556
2008-10-31,416,2008-10-31,12.047619047619,60.6666666666667,25.8571428571429,10.047619047619,1191292.14285714,-1846899.28571429,3577,12.14117719225897,66.2492187894566,20.41971805284197
2008-11-08,417,2008-11-08,15.8571428571429,76.8571428571429,6.28571428571429,10.6190476190476,1191292.14285714,-1846899.28571429,3577,13.785877727361733,65.72130308630877,19.154122142045004
2008-11-16,418,2008-11-16,12.8095238095238,63.0952380952381,22.7142857142857,10.1904761904762,1191292.14285714,-1846899.28571429,3577,14.746341377918126,65.92765541990563,17.981541678133436
2008-11-24,419,2008-11-24,16.3333333333333,66.6190476190476,15.952380952381,9.61904761904762,1191292.14285714,-1846899.28571429,3577,17.665586735243544,67.27663925340937,13.77927799754221
2008-12-02,420,2008-12-02,17.4761904761905,68.5238095238095,12.7619047619048,10.2380952380952,1191292.14285714,-1846899.28571429,3577,18.583033029828357,68.79073934230148,11.549028940749572
2008-12-18,421,2008-12-18,25.1904761904762,67.3809523809524,6.33333333333333,11.4285714285714,1191292.14285714,-1846899.28571429,3577,20.79894743935199,68.5208377670094,9.843771098469155
2008-12-26,422,2008-12-26,27.6666666666667,56.7142857142857,14.3809523809524,11.2380952380952,1191292.14285714,-1846899.28571429,3577,23.64264314449867,67.13100138487613,8.56769908805867
2009-01-19,423,2009-01-19,19.047619047619,81.5238095238095,0.0,6.80952380952381,1191292.14285714,-1846899.28571429,3577,26.639882788930016,65.48041915667999,7.334332358995381
2009-02-12,424,2009-02-12,32.7272727272727,63.2727272727273,3.36363636363636,21.0909090909091,1191279.54545455,-1846872.27272727,3577,31.33142027460668,63.30119923774451,4.901428576705962
2009-02-20,425,2009-02-20,29.0,57.6666666666667,13.0,21.5,1191290.0,-1846885.0,3577,34.9492859489104,58.993199190725456,5.52188349668528
2009-02-28,426,2009-02-28,46.0476190476191,48.4761904761905,4.28571428571429,20.0952380952381,1191292.14285714,-1846899.28571429,3577,38.430789801308606,55.863342224926015,5.034805009132846
2009-03-16,427,2009-03-16,39.8421052631579,55.4210526315789,3.73684210526316,15.8421052631579,1191288.15789474,-1846892.36842105,3577,40.25836960970496,53.29012898310101,5.550478328559775
2009-03-24,428,2009-03-24,39.7619047619048,53.9047619047619,5.38095238095238,13.8571428571429,1191292.14285714,-1846899.28571429,3577,39.91312636582903,52.707589574662165,6.2418061888329675
2009-04-01,429,2009-04-01,40.0,51.8571428571429,7.14285714285714,13.7619047619048,1191292.14285714,-1846899.28571429,3577,37.40237876409124,53.433263645144805,7.971112509064783
2009-04-25,430,2009-04-25,28.3809523809524,61.6666666666667,8.76190476190476,12.2857142857143,1191292.14285714,-1846899.28571429,3577,31.40263735848911,58.55264101296972,8.99705970231114
2009-05-03,431,2009-05-03,28.0909090909091,58.0909090909091,12.6363636363636,10.8181818181818,1191298.63636364,-1846869.54545455,3577,27.469354049445336,59.67575131303189,11.769917519213966
2009-05-19,432,2009-05-19,21.4444444444444,63.5555555555556,14.0,12.5555555555556,1191291.66666667,-1846861.66666667,3577,23.254899059456577,64.08316308626434,11.668653310212797
2009-05-27,433,2009-05-27,21.0952380952381,66.2857142857143,11.7142857142857,13.047619047619,1191292.14285714,-1846899.28571429,3577,22.397807599737362,64.44746384756239,12.156223766824914
2009-06-04,434,2009-06-04,23.2380952380952,61.8571428571429,14.0952380952381,12.8095238095238,1191292.14285714,-1846899.28571429,3577,21.065630208738114,64.70469515226131,13.20878760782573
2009-06-12,435,2009-06-12,19.1428571428571,65.6666666666667,13.8095238095238,12.5714285714286,1191292.14285714,-1846899.28571429,3577,21.253255172756624,63.56354335378155,14.175828170795095
2009-06-20,436,2009-06-20,25.5,65.0,8.625,13.25,1191288.75,-1846938.75,3577,20.54998200973126,62.66233560040675,15.711337037573086
2009-06-28,437,2009-06-28,17.5714285714286,66.9047619047619,14.4761904761905,12.6666666666667,1191292.14285714,-1846899.28571429,3577,19.668922408857554,62.596543549320586,16.593034803171648
2009-07-06,438,2009-07-06,19.4,46.1,33.1,7.3,1191276.0,-1846878.0,3577,18.95937949219401,62.758612783835616,17.072440510982858
2009-07-14,439,2009-07-14,15.8571428571429,72.4761904761905,10.3809523809524,11.8571428571429,1191292.14285714,-1846899.28571429,3577,17.70337918015674,64.09727913983923,16.979064408241456
2009-07-22,440,2009-07-22,16.7619047619048,67.5714285714286,14.7142857142857,11.7142857142857,1191292.14285714,-1846899.28571429,3577,16.939156302930886,65.40606246178024,16.450670459568947
2009-07-30,441,2009-07-30,15.4285714285714,68.1904761904762,14.952380952381,11.5714285714286,1191292.14285714,-1846899.28571429,3577,16.553908423875008,67.13657472557401,15.11296662573528
2009-08-07,442,2009-08-07,21.5,66.75,10.75,12.375,1191288.75,-1846938.75,3577,16.483007704367473,67.82203116799627,14.492634558421877
2009-08-15,443,2009-08-15,12.952380952381,70.2857142857143,15.4761904761905,10.9047619047619,1191292.14285714,-1846899.28571429,3577,16.8469303658133,69.22263087788372,12.811107545703152
2009-08-23,444,2009-08-23,16.5238095238095,67.0952380952381,15.3333333333333,10.952380952381,1191292.14285714,-1846899.28571429,3577,15.888144878854579,70.21481408167668,12.7753825122227
2009-08-31,445,2009-08-31,14.7142857142857,70.8571428571429,13.2380952380952,10.4761904761905,1191292.14285714,-1846899.28571429,3577,14.851700930646071,70.0773506678975,13.903076026138947
2009-09-08,446,2009-09-08,14.2857142857143,73.1904761904762,11.3809523809524,10.3333333333333,1191292.14285714,-1846899.28571429,3577,13.189963287484535,73.65539955399538,11.981684208462584
2009-09-16,447,2009-09-16,12.7142857142857,72.0476190476191,14.1428571428571,10.0952380952381,1191292.14285714,-1846899.28571429,3577,11.746141887007008,75.46975032190625,11.622372725312148
2009-09-24,448,2009-09-24,8.85714285714286,84.1904761904762,5.61904761904762,8.66666666666667,1191292.14285714,-1846899.28571429,3577,10.847782557997649,76.25143154058424,11.65751998259563
2009-10-02,449,2009-10-02,10.9047619047619,73.4285714285714,14.3809523809524,9.42857142857143,1191292.14285714,-1846899.28571429,3577,10.885462834377613,76.18327673357496,11.705007840455009
2009-10-18,450,2009-10-18,10.0952380952381,75.3333333333333,13.4285714285714,9.61904761904762,1191292.14285714,-1846899.28571429,3577,10.785969448506542,74.65572198698017,13.30677372163242
2009-10-26,451,2009-10-26,12.2857142857143,71.3333333333333,15.1904761904762,9.38095238095238,1191292.14285714,-1846899.28571429,3577,12.032714447573326,72.4333757058107,14.327065091768837
2009-11-03,452,2009-11-03,12.5238095238095,71.6666666666667,14.5714285714286,9.38095238095238,1191292.14285714,-1846899.28571429,3577,12.779628653078746,71.37589100784628,14.691349156517237
2009-11-11,453,2009-11-11,13.9333333333333,68.6,16.3333333333333,9.33333333333333,1191293.0,-1846881.0,3577,12.29164261950455,71.47137929149245,15.202581731991218
2009-11-19,454,2009-11-19,12.8571428571429,72.0476190476191,14.1904761904762,9.66666666666667,1191292.14285714,-1846899.28571429,3577,11.700235136378886,71.02821778323815,16.231253524594734
2009-11-27,455,2009-11-27,13.3333333333333,70.5238095238095,15.047619047619,9.80952380952381,1191292.14285714,-1846899.28571429,3577,11.598443738921876,72.84838677832946,14.488976194082365
2009-12-05,456,2009-12-05,10.3333333333333,76.0952380952381,12.6190476190476,9.57142857142857,1191292.14285714,-1846899.28571429,3577,13.314803746303301,71.01332091540009,14.56541265751572
2009-12-13,457,2009-12-13,12.6666666666667,69.9523809523809,16.2380952380952,9.33333333333333,1191292.14285714,-1846899.28571429,3577,16.191078787051598,68.6940608411094,13.955077945787911
2010-01-14,458,2010-01-14,19.8095238095238,63.8571428571429,15.0,11.5238095238095,1191292.14285714,-1846899.28571429,3577,20.76081702095324,64.99559978204519,13.04072217771712
2010-02-07,459,2010-02-07,31.125,58.125,9.25,10.375,1191303.75,-1846938.75,3577,26.663461796197748,60.96355283002981,11.15238502467438
2010-02-23,460,2010-02-23,32.9047619047619,59.8571428571429,6.42857142857143,13.0952380952381,1191292.14285714,-1846899.28571429,3577,31.90486581701274,56.94106044453494,10.003874608362283
2010-03-19,461,2010-03-19,36.1428571428571,48.0476190476191,14.5714285714286,11.952380952381,1191292.14285714,-1846899.28571429,3577,36.77646450556116,53.87543158594988,8.275175804586341
2010-04-12,462,2010-04-12,38.0,56.8095238095238,4.23809523809524,15.0,1191292.14285714,-1846899.28571429,3577,39.51919790734988,52.306642660737026,7.143628043781782
2010-04-20,463,2010-04-20,40.6190476190476,52.9047619047619,5.57142857142857,14.0,1191292.14285714,-1846899.28571429,3577,39.80062202159128,52.54213919035115,6.6481905607282705
2010-05-06,464,2010-05-06,38.9523809523809,52.2857142857143,7.71428571428571,13.6190476190476,1191292.14285714,-1846899.28571429,3577,38.62324092315774,52.69567932067144,7.6640838521632
2010-05-14,465,2010-05-14,35.3333333333333,52.9523809523809,10.6190476190476,12.5238095238095,1191292.14285714,-1846899.28571429,3577,36.98848571448637,53.40998217468005,8.523766223455345
2010-05-22,466,2010-05-22,37.7777777777778,53.8888888888889,7.0,12.8888888888889,1191285.0,-1846935.0,3577,34.69238634601892,54.09179361229634,10.033251835881902
2010-05-30,467,2010-05-30,28.3809523809524,57.5238095238095,13.0,12.047619047619,1191292.14285714,-1846899.28571429,3577,30.926384657649386,57.25594704572177,10.644249661585512
2010-06-07,468,2010-06-07,29.4285714285714,56.1904761904762,13.2380952380952,11.7619047619048,1191292.14285714,-1846899.28571429,3577,27.886162341266527,57.98150404805885,12.929729713009499
2010-06-23,469,2010-06-23,25.3809523809524,59.7142857142857,13.8095238095238,11.047619047619,1191292.14285714,-1846899.28571429,3577,25.58932055216502,59.288212131856525,13.967022657423026
2010-07-09,470,2010-07-09,23.047619047619,61.3809523809524,14.2380952380952,10.8571428571429,1191292.14285714,-1846899.28571429,3577,24.49589935348083,58.32171337433623,16.071679610376883
2010-07-17,471,2010-07-17,21.0,60.8095238095238,17.0952380952381,10.5714285714286,1191292.14285714,-1846899.28571429,3577,23.480519995996353,59.439408115095816,15.974489133155473
2010-07-25,472,2010-07-25,23.8,60.9,14.4,11.3,1191285.0,-1846932.0,3577,22.550452712059233,60.1323485939495,16.20327061998647
2010-08-10,473,2010-08-10,24.2380952380952,49.9523809523809,24.5714285714286,8.47619047619048,1191292.14285714,-1846899.28571429,3577,20.166138866290638,60.65056249219428,17.978452507242405
2010-08-26,474,2010-08-26,18.4761904761905,64.4285714285714,15.8095238095238,9.95238095238095,1191292.14285714,-1846899.28571429,3577,16.57326213517915,61.500396146671775,20.620239151969827
2010-09-11,475,2010-09-11,16.4285714285714,66.2857142857143,15.952380952381,10.3809523809524,1191292.14285714,-1846899.28571429,3577,17.140354021620794,59.935641087489714,21.623290744340153
2010-09-27,476,2010-09-27,13.2380952380952,68.8571428571429,16.5238095238095,10.3809523809524,1191292.14285714,-1846899.28571429,3577,17.665632355258182,63.42979363257054,17.592006290920068
2010-10-29,477,2010-10-29,15.6190476190476,53.8095238095238,29.2380952380952,9.66666666666667,1191292.14285714,-1846899.28571429,3577,19.15005082636373,65.66160511314331,13.932979507590414
2010-12-16,478,2010-12-16,21.1,62.15,15.45,20.7,1191295.5,-1846897.5,3577,22.057601119207717,64.42979718938511,12.371870492766464
2011-01-09,479,2011-01-09,37.6190476190476,61.2857142857143,0.238095238095238,13.4285714285714,1191292.14285714,-1846899.28571429,3577,27.55357001099622,59.637793133773535,11.73119557991321
2011-01-25,480,2011-01-25,37.85,59.7,1.65,17.9,1191289.5,-1846902.0,3577,34.05555801267366,51.880741230803835,12.911605605200638
2011-02-02,481,2011-02-02,27.0,61.1666666666667,10.3333333333333,22.1666666666667,1191250.0,-1846910.0,3577,40.49131028929186,46.21112893579132,12.11118776148148
2011-03-22,482,2011-03-22,45.0,21.5454545454545,32.3636363636364,23.0,1191293.18181818,-1846875.0,3577,44.765039398159644,41.873307689583456,12.079909090813572
2011-04-07,483,2011-04-07,50.0,33.6666666666667,14.6666666666667,20.4761904761905,1191292.14285714,-1846899.28571429,3577,46.47786274612207,39.52201278878146,12.641635229390175
2011-04-23,484,2011-04-23,51.9047619047619,40.6666666666667,5.95238095238095,19.4285714285714,1191292.14285714,-1846899.28571429,3577,47.18041787932725,38.673000983437106,12.778920746200015
2011-05-09,485,2011-05-09,46.6666666666667,46.6666666666667,5.5,17.6666666666667,1191310.0,-1846855.0,3577,46.09426285787828,42.18682676268594,10.39613146961712
2011-05-17,486,2011-05-17,42.2857142857143,52.1904761904762,4.57142857142857,14.7142857142857,1191292.14285714,-1846899.28571429,3577,44.32874968168424,47.86738184415489,6.596044306569642
2011-05-25,487,2011-05-25,35.2857142857143,54.0952380952381,9.28571428571429,12.8095238095238,1191292.14285714,-1846899.28571429,3577,40.407892978138264,53.35430377307199,5.15892674374659
2011-06-02,488,2011-06-02,38.7142857142857,53.6666666666667,6.76190476190476,14.8571428571429,1191292.14285714,-1846899.28571429,3577,35.19125141233521,57.66618754279523,6.114239885045745
2011-06-18,489,2011-06-18,34.4285714285714,56.6190476190476,7.95238095238095,14.5238095238095,1191292.14285714,-1846899.28571429,3577,33.63519252555356,55.85694257784118,9.609978620904162
2011-06-26,490,2011-06-26,28.6666666666667,56.6666666666667,13.6666666666667,14.6666666666667,1191315.0,-1846845.0,3577,31.941376295041167,57.289383778357184,9.876191343408967
2011-07-04,491,2011-07-04,33.0,59.0,7.23809523809524,13.3333333333333,1191292.14285714,-1846899.28571429,3577,31.125067781118496,58.21270141864792,9.835353215956383
2011-07-12,492,2011-07-12,31.3809523809524,57.5238095238095,10.4761904761905,13.4285714285714,1191292.14285714,-1846899.28571429,3577,29.60828056784636,59.78671037575624,9.869967766706417
2011-07-20,493,2011-07-20,27.4761904761905,63.6190476190476,8.14285714285714,13.047619047619,1191292.14285714,-1846899.28571429,3577,28.150078659271326,61.166381696968045,10.009357394258473
2011-07-28,494,2011-07-28,26.9411764705882,60.7647058823529,11.6470588235294,12.8823529411765,1191290.29411765,-1846912.05882353,3577,26.632624280953934,62.18582528379447,10.49036582309054
2011-08-05,495,2011-08-05,22.9047619047619,66.0952380952381,10.1904761904762,12.1904761904762,1191292.14285714,-1846899.28571429,3577,25.87211513672608,63.365758171886,10.093132236547234
2011-08-13,496,2011-08-13,26.8,61.3,11.3,12.4,1191285.0,-1846932.0,3577,24.444989163688827,64.1273742526424,10.676861492175878
2011-08-21,497,2011-08-21,22.2380952380952,66.1428571428571,10.7619047619048,12.0,1191292.14285714,-1846899.28571429,3577,23.03411807035574,64.79448867164162,11.305417310788076
2011-08-29,498,2011-08-29,24.2380952380952,63.8571428571429,10.952380952381,11.7619047619048,1191292.14285714,-1846899.28571429,3577,23.541502690834427,65.02137212025151,10.517354617699098
2011-09-06,499,2011-09-06,21.2857142857143,68.0476190476191,9.66666666666667,10.8571428571429,1191292.14285714,-1846899.28571429,3577,22.084959476870203,65.90542247771279,11.015982833409744
2011-09-14,500,2011-09-14,20.2857142857143,67.7619047619048,10.8571428571429,11.2380952380952,1191292.14285714,-1846899.28571429,3577,20.192884636152414,68.24200200332857,10.48245250166422
2011-09-22,501,2011-09-22,20.3333333333333,66.6190476190476,11.8571428571429,10.952380952381,1191292.14285714,-1846899.28571429,3577,18.02949748530201,70.66690839208908,10.20595312839744
2011-09-30,502,2011-09-30,19.6190476190476,72.0,7.38095238095238,11.0952380952381,1191292.14285714,-1846899.28571429,3577,17.712572242300062,71.91183814666624,9.287188317053992
2011-11-01,503,2011-11-01,17.7142857142857,70.8571428571429,10.4285714285714,10.0952380952381,1191292.14285714,-1846899.28571429,3577,19.97367504179489,69.8040196842451,9.15569049720251
2011-11-09,504,2011-11-09,15.6666666666667,73.1428571428571,9.95238095238095,12.0952380952381,1191292.14285714,-1846899.28571429,3577,23.923141301267837,66.74917214606162,8.248151608603841
2012-01-04,505,2012-01-04,31.3333333333333,63.3333333333333,4.38095238095238,13.8571428571429,1191292.14285714,-1846899.28571429,3577,27.598510095649008,62.713472339282475,8.61327586090706
2012-02-05,506,2012-02-05,34.0,55.0,10.0,13.0,1191285.0,-1846845.0,3577,31.66842377254396,57.983263473602634,9.250080066232382
2012-04-09,507,2012-04-09,41.7647058823529,47.7647058823529,9.23529411764706,19.1764705882353,1191293.82352941,-1846887.35294118,3577,35.713830753560885,54.153666415038806,9.020164626102368
2012-05-11,508,2012-05-11,35.4375,53.125,10.25,12.75,1191286.875,-1846914.375,3577,38.54908806439144,52.20345087332768,8.13861367678332
2012-05-27,509,2012-05-27,35.0,57.1428571428571,6.90476190476191,16.9047619047619,1191292.14285714,-1846899.28571429,3577,38.6890199944716,52.95412531073433,7.3237762440677985
2012-06-12,510,2012-06-12,32.5714285714286,55.4285714285714,11.0,16.1428571428571,1191306.42857143,-1846857.85714286,3577,36.65825581808366,55.246236390797776,7.128385072845569
2012-06-28,511,2012-06-28,41.5,56.0,1.5,15.5,1191330.0,-1846965.0,3577,33.05681803738298,58.88408415737234,7.127910069327132
2012-07-14,512,2012-07-14,30.0,64.8461538461538,4.38461538461539,13.5384615384615,1191287.30769231,-1846923.46153846,3577,30.237358910059843,61.32081976713304,7.548214442631457
2012-07-30,513,2012-07-30,25.0,61.3809523809524,12.7142857142857,13.3809523809524,1191292.14285714,-1846899.28571429,3577,26.246736223927037,62.11825986250843,10.659889987666014
2012-08-15,514,2012-08-15,22.1428571428571,63.0952380952381,13.8095238095238,13.0,1191292.14285714,-1846899.28571429,3577,24.76686024666619,64.2357912944087,10.009838712994828
2012-08-31,515,2012-08-31,22.047619047619,65.0952380952381,11.6666666666667,12.1904761904762,1191292.14285714,-1846899.28571429,3577,22.230389111455512,65.33977282733295,11.403586708598102
2012-09-16,516,2012-09-16,17.8947368421053,65.9473684210526,15.0,11.2631578947368,1191288.15789474,-1846892.36842105,3577,20.228846692384458,66.24222918526024,12.4737860773803
2012-10-02,517,2012-10-02,19.047619047619,65.6666666666667,14.1428571428571,11.0,1191292.14285714,-1846899.28571429,3577,16.44612944697225,66.12503973554567,16.304367538468455
2012-10-18,518,2012-10-18,19.3125,66.6875,13.0,10.75,1191286.875,-1846914.375,3577,14.402407180156759,65.14884453916191,19.28431784933044
2012-11-03,519,2012-11-03,18.4285714285714,66.9047619047619,13.8095238095238,10.5714285714286,1191292.14285714,-1846899.28571429,3577,13.130327656020242,62.633770176503596,23.042164234111247
2012-12-05,520,2012-12-05,4.95238095238095,52.6190476190476,40.7142857142857,12.1428571428571,1191292.14285714,-1846899.28571429,3577,14.28867261411451,61.37071867081541,23.065047439656986
2012-12-21,521,2012-12-21,12.8095238095238,62.9523809523809,23.0,12.0952380952381,1191292.14285714,-1846899.28571429,3577,18.424943996444018,57.85683560029892,22.42051343908594
2013-01-06,522,2013-01-06,19.952380952381,52.0476190476191,26.6666666666667,10.1904761904762,1191292.14285714,-1846899.28571429,3577,24.013928582005896,53.62753434916355,21.063033973247553
2013-03-27,523,2013-03-27,40.4285714285714,48.7619047619048,9.57142857142857,13.6666666666667,1191292.14285714,-1846899.28571429,3577,29.391827324943755,49.22813283003806,20.106258550528004
2013-04-20,524,2013-04-20,39.2857142857143,48.9047619047619,10.4761904761905,14.1428571428571,1191292.14285714,-1846899.28571429,3577,35.55701290453081,45.24384361767589,17.92290887646658
2013-04-28,525,2013-04-28,36.4285714285714,49.7619047619048,12.7142857142857,12.4761904761905,1191292.14285714,-1846899.28571429,3577,38.56418149703176,44.232406332051454,15.98723928290254
2013-05-06,526,2013-05-06,36.3333333333333,29.6666666666667,33.0,9.66666666666667,1191345.0,-1846935.0,3577,38.05078409721803,44.02867050389615,16.716388358800735
2013-05-14,527,2013-05-14,30.7142857142857,50.0952380952381,17.7619047619048,10.8095238095238,1191292.14285714,-1846899.28571429,3577,33.62334569454809,47.316779711509504,17.847986378943475
2013-05-22,528,2013-05-22,31.4761904761905,50.6190476190476,16.4761904761905,11.2380952380952,1191292.14285714,-1846899.28571429,3577,29.384033922729227,51.1716817753893,18.217963666877367
2013-05-30,529,2013-05-30,28.3809523809524,56.0476190476191,14.3809523809524,10.9047619047619,1191292.14285714,-1846899.28571429,3577,25.854157194710616,53.085902229857155,19.82056900787257
2013-06-15,530,2013-06-15,19.0,59.8333333333333,20.1666666666667,10.3333333333333,1191310.0,-1846855.0,3577,24.68403320105739,53.57444670911363,20.478634368724197
2013-06-23,531,2013-06-23,26.1904761904762,52.6666666666667,19.8095238095238,10.1904761904762,1191292.14285714,-1846899.28571429,3577,23.32179172736102,54.34812916700649,21.049230954800578
2013-07-01,532,2013-07-01,22.952380952381,55.4285714285714,20.4285714285714,10.2857142857143,1191292.14285714,-1846899.28571429,3577,22.65142184956089,52.85926148154458,23.248062566944547
2013-07-09,533,2013-07-09,22.3333333333333,36.3333333333333,39.6666666666667,6.0,1191235.0,-1846925.0,3577,22.483135028023316,50.31600133611763,25.93726242797063
2013-07-17,534,2013-07-17,22.6666666666667,55.9523809523809,20.3809523809524,9.80952380952381,1191292.14285714,-1846899.28571429,3577,22.877858983118724,50.55622963207343,25.21268360122474
2013-07-25,535,2013-07-25,23.0952380952381,53.1428571428571,22.2857142857143,9.38095238095238,1191292.14285714,-1846899.28571429,3577,23.332816821977424,51.488840880474015,23.790897956529093
2013-08-02,536,2013-08-02,23.4285714285714,58.4285714285714,16.8571428571429,9.85714285714286,1191297.85714286,-1846943.57142857,3577,23.009579687594826,53.6647995966801,21.9132941362011
2013-08-10,537,2013-08-10,22.0,51.6190476190476,24.9047619047619,9.0,1191292.14285714,-1846899.28571429,3577,21.573981230324762,56.57551890832778,20.465006098129994
2013-08-18,538,2013-08-18,21.5714285714286,59.8571428571429,17.0,9.57142857142857,1191297.85714286,-1846943.57142857,3577,21.57230282616957,57.37486455751852,19.63834926682931
2013-08-26,539,2013-08-26,21.7142857142857,53.5238095238095,23.4761904761905,8.80952380952381,1191292.14285714,-1846899.28571429,3577,20.88985008798938,57.752936434042354,19.939905295939468
2013-09-03,540,2013-09-03,17.0952380952381,61.3809523809524,20.1428571428571,8.71428571428571,1191292.14285714,-1846899.28571429,3577,19.99634627498105,56.33888608810368,22.22664023282887
2013-09-11,541,2013-09-11,20.5238095238095,55.5238095238095,22.4761904761905,8.19047619047619,1191292.14285714,-1846899.28571429,3577,19.418725753088168,57.17480558656176,22.0325628963367
2013-09-19,542,2013-09-19,19.6190476190476,57.6666666666667,21.4761904761905,8.71428571428571,1191292.14285714,-1846899.28571429,3577,19.19142364343314,57.566860384189255,21.84179803684122
2013-09-27,543,2013-09-27,20.1428571428571,55.2380952380952,23.0952380952381,8.28571428571429,1191292.14285714,-1846899.28571429,3577,18.70037702235563,58.70072548709442,21.271974671352304
2013-10-05,544,2013-10-05,16.7619047619048,61.2857142857143,20.6666666666667,8.33333333333333,1191292.14285714,-1846899.28571429,3577,18.524047675747674,58.27700679092996,21.850722033381302
2013-10-21,545,2013-10-21,17.047619047619,58.3809523809524,23.2380952380952,8.47619047619048,1191292.14285714,-1846899.28571429,3577,17.694319096793215,59.07804476224645,21.890302679773086
2013-10-29,546,2013-10-29,18.1428571428571,57.1428571428571,23.3333333333333,7.95238095238095,1191292.14285714,-1846899.28571429,3577,17.074110422598572,57.40511558873702,24.162894638897214
2013-11-06,547,2013-11-06,15.3809523809524,60.2380952380952,23.0952380952381,8.23809523809524,1191292.14285714,-1846899.28571429,3577,15.192947661211633,55.970656020957236,27.442492492023987
2013-12-08,548,2013-12-08,14.0952380952381,52.4285714285714,32.1428571428571,9.28571428571429,1191292.14285714,-1846899.28571429,3577,13.816524742025763,54.38683085489548,30.367841910407023
2013-12-16,549,2013-12-16,15.047619047619,51.3809523809524,31.8571428571429,9.23809523809524,1191292.14285714,-1846899.28571429,3577,12.79394902053378,53.51520428744861,32.269993422465376
2013-12-24,550,2013-12-24,11.6666666666667,53.2857142857143,33.7619047619048,8.80952380952381,1191292.14285714,-1846899.28571429,3577,13.816609538550178,53.78759134311737,30.981706889597
2014-01-01,551,2014-01-01,17.047619047619,50.0476190476191,31.3333333333333,8.95238095238095,1191292.14285714,-1846899.28571429,3577,16.772822378857008,54.26523605392765,27.553425934226784
2014-01-09,552,2014-01-09,17.3333333333333,59.0,22.5238095238095,10.7619047619048,1191292.14285714,-1846899.28571429,3577,22.08684356149195,54.16104052035908,22.390640061689354
2014-02-10,553,2014-02-10,29.5625,57.3125,11.75,22.5625,1191279.375,-1846905.0,3577,28.66761482840775,52.8467775129848,17.09132276392084
2014-03-06,554,2014-03-06,36.8095238095238,49.9047619047619,11.952380952381,14.5238095238095,1191292.14285714,-1846899.28571429,3577,34.71236458329594,51.43296570559733,12.503964301950045
2014-03-22,555,2014-03-22,42.6666666666667,49.1904761904762,6.71428571428571,15.5714285714286,1191292.14285714,-1846899.28571429,3577,39.5916671048191,49.54490684753101,9.497926222382988
2014-04-07,556,2014-04-07,41.8571428571429,42.1428571428571,14.5238095238095,13.2857142857143,1191292.14285714,-1846899.28571429,3577,42.12773597660741,47.88802754262562,8.661193553607108
2014-05-01,557,2014-05-01,41.2857142857143,47.4285714285714,10.1428571428571,12.3809523809524,1191292.14285714,-1846899.28571429,3577,42.00523515441621,45.66813494812036,11.042742860852648
2014-05-09,558,2014-05-09,38.9047619047619,45.3333333333333,14.3333333333333,12.0952380952381,1191292.14285714,-1846899.28571429,3577,40.185133429515986,45.00737852188416,13.579580636080134
2014-05-17,559,2014-05-17,36.5714285714286,51.2857142857143,11.3333333333333,11.9047619047619,1191292.14285714,-1846899.28571429,3577,36.966561044728905,46.09345788369866,15.783765254351106
2014-05-25,560,2014-05-25,34.8095238095238,47.2857142857143,16.5714285714286,11.2380952380952,1191292.14285714,-1846899.28571429,3577,34.50910807230862,48.03849156139688,16.3153709490873
2014-06-02,561,2014-06-02,32.0,44.0,23.0,8.0,1191345.0,-1846845.0,3577,32.3322676837471,49.55503587045372,16.932610156792645
2014-06-10,562,2014-06-10,31.3809523809524,50.0476190476191,17.047619047619,11.1904761904762,1191292.14285714,-1846899.28571429,3577,30.33844034918068,51.61955940010171,16.81800764645168
2014-06-18,563,2014-06-18,28.0,58.0,13.0,12.0,1191345.0,-1846845.0,3577,28.652703394458367,52.107974342168006,17.94876003617312
2014-06-26,564,2014-06-26,27.7619047619048,52.2857142857143,18.4285714285714,10.6190476190476,1191292.14285714,-1846899.28571429,3577,27.544801613728488,53.87901190049358,17.27102667259029
2014-07-04,565,2014-07-04,25.5238095238095,57.4761904761905,15.7619047619048,10.952380952381,1191292.14285714,-1846899.28571429,3577,25.657704767152772,54.32370628217568,18.69535963944718
2014-07-12,566,2014-07-12,24.952380952381,52.0,21.6666666666667,10.1904761904762,1191292.14285714,-1846899.28571429,3577,24.608575756177267,55.742117046424866,18.395087520380713
2014-07-20,567,2014-07-20,24.3529411764706,54.5882352941176,19.9411764705882,10.5294117647059,1191290.29411765,-1846912.05882353,3577,24.61440505102495,54.84906073104122,19.210488109592877
2014-07-28,568,2014-07-28,25.4285714285714,53.1428571428571,20.0,9.80952380952381,1191292.14285714,-1846899.28571429,3577,24.547352150062018,54.496106091435735,19.628482608264783
2014-08-05,569,2014-08-05,22.5714285714286,58.4285714285714,17.7619047619048,10.1428571428571,1191292.14285714,-1846899.28571429,3577,25.011471743210855,54.50261303074181,19.11567307214445
2014-08-13,570,2014-08-13,23.7142857142857,53.2380952380952,21.6190476190476,9.61904761904762,1191292.14285714,-1846899.28571429,3577,24.758895118263563,55.57887891943925,18.319618302838126
2014-08-21,571,2014-08-21,29.5,58.0,11.0,11.0,1191330.0,-1846965.0,3577,24.54143257033984,55.56335925653069,18.510615621248448
2014-08-29,572,2014-08-29,23.047619047619,52.6666666666667,22.8571428571429,9.42857142857143,1191292.14285714,-1846899.28571429,3577,23.570567290867434,56.63095171006137,18.451280075776516
2014-09-06,573,2014-09-06,20.2857142857143,60.2857142857143,18.3809523809524,9.47619047619048,1191292.14285714,-1846899.28571429,3577,22.681839358204122,56.845407457070344,19.146816100487445
2014-09-14,574,2014-09-14,22.1904761904762,54.5714285714286,21.9047619047619,8.80952380952381,1191292.14285714,-1846899.28571429,3577,21.476020803542184,57.73085350801435,19.51894846032689
2014-09-22,575,2014-09-22,18.9047619047619,61.3333333333333,18.4285714285714,9.0,1191292.14285714,-1846899.28571429,3577,20.540790736608102,58.399717671380785,19.804961292574415
2014-09-30,576,2014-09-30,20.952380952381,57.6666666666667,20.1428571428571,8.76190476190476,1191292.14285714,-1846899.28571429,3577,19.34592168666958,59.914671821977116,19.510389893900886
2014-10-08,577,2014-10-08,18.8125,61.0625,18.875,8.9375,1191286.875,-1846914.375,3577,18.70962725354862,59.325241773181816,20.664900759711884
2014-10-16,578,2014-10-16,19.9047619047619,58.6190476190476,20.1428571428571,8.61904761904762,1191292.14285714,-1846899.28571429,3577,19.356476663168834,59.16753041848907,20.131874704240097
2014-10-24,579,2014-10-24,17.5238095238095,59.7619047619048,21.4285714285714,8.47619047619048,1191292.14285714,-1846899.28571429,3577,19.48358426918508,58.72890757332604,20.466606149265623
2014-11-01,580,2014-11-01,18.952380952381,58.2380952380952,21.4761904761905,8.19047619047619,1191292.14285714,-1846899.28571429,3577,18.289927500257587,58.94458295831254,21.497888721182733
2014-11-09,581,2014-11-09,17.6666666666667,57.75,23.1666666666667,8.83333333333333,1191297.5,-1846872.5,3577,17.087508660068032,57.947833062182006,23.672039647655325
2014-11-17,582,2014-11-17,19.5238095238095,55.7619047619048,23.4761904761905,8.61904761904762,1191292.14285714,-1846899.28571429,3577,16.77450664660167,59.25399774373348,22.707077365355723
2014-11-25,583,2014-11-25,20.0,63.0,16.0,9.0,1191315.0,-1846965.0,3577,19.182671044123293,59.372852379809466,20.19811818727927
2014-12-03,584,2014-12-03,17.0952380952381,58.3809523809524,23.1904761904762,12.3809523809524,1191292.14285714,-1846899.28571429,3577,22.424251767321184,58.81274923476058,17.498091047237054
2014-12-19,585,2014-12-19,21.4761904761905,55.0476190476191,22.0,11.0,1191292.14285714,-1846899.28571429,3577,27.096447412232855,56.1834958127444,15.379467281941768
2015-01-20,586,2015-01-20,36.7619047619048,56.1428571428571,5.76190476190476,14.2380952380952,1191292.14285714,-1846899.28571429,3577,32.1460584822766,52.47984363417017,13.972376952251029
2015-01-28,587,2015-01-28,40.7142857142857,52.7142857142857,5.28571428571429,16.952380952381,1191292.14285714,-1846899.28571429,3577,34.44620704372514,49.9228779476383,14.25631231513372
2015-02-05,588,2015-02-05,38.6666666666667,40.0476190476191,19.6666666666667,11.6666666666667,1191292.14285714,-1846899.28571429,3577,36.909215655340184,47.2983391737191,14.396734844101118
2015-02-21,589,2015-02-21,34.8571428571429,43.1904761904762,20.5238095238095,10.6190476190476,1191292.14285714,-1846899.28571429,3577,39.07125794741311,44.77971460942928,14.728692360269116
2015-03-09,590,2015-03-09,37.9523809523809,45.2380952380952,15.4761904761905,12.0,1191292.14285714,-1846899.28571429,3577,39.47111196336613,44.63020983144155,14.472913051858267
2015-03-17,591,2015-03-17,34.4,49.4,15.0,11.4,1191309.0,-1846851.0,3577,38.311900895796086,44.516509496688606,15.688419939191593
2015-03-25,592,2015-03-25,35.6190476190476,49.3809523809524,13.4761904761905,12.952380952381,1191292.14285714,-1846899.28571429,3577,37.048341751122585,46.02066251601168,15.422346487359668
2015-04-02,593,2015-04-02,49.0,40.0,9.0,12.0,1191315.0,-1846965.0,3577,36.792827399633026,47.62244463482142,14.055283210079876
2015-04-10,594,2015-04-10,32.0,48.9047619047619,17.7142857142857,10.5238095238095,1191292.14285714,-1846899.28571429,3577,35.36677667017695,49.3716098143269,13.77958780125757
2015-04-18,595,2015-04-18,29.1428571428571,53.0476190476191,16.5238095238095,10.7619047619048,1191292.14285714,-1846899.28571429,3577,32.94200227017072,49.25184310013296,16.345456401181508
2015-04-26,596,2015-04-26,29.1904761904762,50.3333333333333,19.0952380952381,10.3333333333333,1191292.14285714,-1846899.28571429,3577,29.502042024019026,51.139276822241314,17.968062896852764
2015-05-04,597,2015-05-04,26.8095238095238,53.7142857142857,18.1904761904762,9.90476190476191,1191292.14285714,-1846899.28571429,3577,27.203134326969256,52.356874291850964,19.151808975335506
2015-05-12,598,2015-05-12,26.3333333333333,51.1428571428571,21.2380952380952,9.95238095238095,1191292.14285714,-1846899.28571429,3577,24.669509813924247,54.133674375152324,20.019680556191844
2015-05-20,599,2015-05-20,24.0952380952381,57.3333333333333,17.5238095238095,10.3333333333333,1191292.14285714,-1846899.28571429,3577,24.019923984225606,54.79627080864648,19.971217940073085
2015-05-28,600,2015-05-28,24.047619047619,52.6190476190476,21.9047619047619,9.57142857142857,1191292.14285714,-1846899.28571429,3577,24.648190151373502,54.85650675433135,19.25413874657806
2015-06-05,601,2015-06-05,22.4761904761905,58.4285714285714,17.952380952381,9.85714285714286,1191292.14285714,-1846899.28571429,3577,23.045525105620015,55.519029989609905,20.21793570964642
2015-06-13,602,2015-06-13,23.8571428571429,52.5238095238095,22.4761904761905,9.47619047619048,1191292.14285714,-1846899.28571429,3577,21.6371748205626,56.384662808802986,20.75113910553413
2015-06-21,603,2015-06-21,18.7142857142857,60.0952380952381,19.8571428571429,9.52380952380952,1191292.14285714,-1846899.28571429,3577,20.666573637614086,56.55110008669535,21.523034787100066
2015-06-29,604,2015-06-29,20.952380952381,55.5714285714286,22.0952380952381,9.14285714285714,1191292.14285714,-1846899.28571429,3577,19.25085944226069,57.37961934865102,22.082985914707272
2015-07-07,605,2015-07-07,16.6470588235294,58.0,24.2941176470588,9.41176470588235,1191293.82352941,-1846887.35294118,3577,18.43110516630547,56.79805849464443,23.474116486314784
2015-07-15,606,2015-07-15,18.047619047619,55.3333333333333,25.0952380952381,9.14285714285714,1191292.14285714,-1846899.28571429,3577,17.27117967929948,57.82306032459968,23.63106116247269
2015-07-23,607,2015-07-23,16.0,60.9047619047619,21.8571428571429,9.09523809523809,1191292.14285714,-1846899.28571429,3577,16.96531823666882,57.54679067062109,24.157582901523938
2015-07-31,608,2015-07-31,17.952380952381,56.7619047619048,23.952380952381,8.66666666666667,1191292.14285714,-1846899.28571429,3577,16.418318341644973,58.71840027876304,23.47649321478876
2015-08-08,609,2015-08-08,15.5238095238095,58.4761904761905,24.6666666666667,8.76190476190476,1191292.14285714,-1846899.28571429,3577,16.73010987070108,58.342903742275844,23.59173837756623
2015-08-16,610,2015-08-16,17.4761904761905,57.5714285714286,23.6190476190476,8.57142857142857,1191292.14285714,-1846899.28571429,3577,16.102512797101546,59.66909670186871,22.89845266734381
2015-08-24,611,2015-08-24,14.7619047619048,63.7142857142857,20.047619047619,8.71428571428571,1191292.14285714,-1846899.28571429,3577,16.44713745551236,58.94820204380423,23.24386510108253
2015-09-01,612,2015-09-01,17.6190476190476,56.1428571428571,24.7619047619048,8.19047619047619,1191292.14285714,-1846899.28571429,3577,15.79043860285658,59.82387108428827,23.012111969857568
2015-09-09,613,2015-09-09,14.3809523809524,61.5238095238095,22.9047619047619,8.38095238095238,1191292.14285714,-1846899.28571429,3577,16.15904165038873,57.960657262961455,24.421963879618197
2015-09-17,614,2015-09-17,17.5714285714286,56.2380952380952,25.047619047619,8.0,1191292.14285714,-1846899.28571429,3577,15.875581499782388,59.46784618282544,23.222688196277865
2015-09-25,615,2015-09-25,14.0,62.0,22.0,8.0,1191345.0,-1846845.0,3577,16.46377758706781,60.040064227634915,22.045197866538587
2015-10-03,616,2015-10-03,17.8571428571429,56.7142857142857,23.952380952381,8.04761904761905,1191292.14285714,-1846899.28571429,3577,15.96222398981222,62.47293421686951,20.143569809656768
2015-10-11,617,2015-10-11,13.8235294117647,64.5882352941177,20.2941176470588,8.41176470588235,1191290.29411765,-1846912.05882353,3577,15.259946785440786,60.18549003960598,23.076050156359948
2015-10-19,618,2015-10-19,16.7619047619048,57.3333333333333,24.5238095238095,8.0,1191292.14285714,-1846899.28571429,3577,14.302413212354626,59.82309901595112,24.373795724092574
2015-10-27,619,2015-10-27,10.7142857142857,71.4285714285714,16.4761904761905,9.0,1191292.14285714,-1846899.28571429,3577,12.296094908549819,57.84287338957755,28.34995554436034
2015-11-04,620,2015-11-04,12.6190476190476,47.4761904761905,38.1904761904762,9.85714285714286,1191292.14285714,-1846899.28571429,3577,10.355932933695005,57.28454857228358,30.88059118080511
2015-11-12,621,2015-11-12,6.5,53.0,39.0,10.0,1191330.0,-1846965.0,3577,9.692586021395357,56.816203161851185,32.01362918026071
2015-11-20,622,2015-11-20,10.8571428571429,46.4285714285714,41.0,8.66666666666667,1191292.14285714,-1846899.28571429,3577,9.12052168829032,56.25777902361471,33.066785336312364
2015-11-28,623,2015-11-28,10.0,73.3333333333333,15.5,18.1666666666667,1191260.0,-1846925.0,3577,10.303571890986142,54.522293586936684,33.63502936084843
2015-12-06,624,2015-12-06,10.7619047619048,50.8571428571429,36.7619047619048,8.47619047619048,1191292.14285714,-1846899.28571429,3577,13.167907177807788,54.75583736059152,30.605269373977254
2016-01-07,625,2016-01-07,21.9047619047619,56.3333333333333,20.3809523809524,11.7619047619048,1191292.14285714,-1846899.28571429,3577,17.943315069860393,54.199689629248105,26.45037367173196
2016-01-15,626,2016-01-15,20.9047619047619,48.7619047619048,28.9047619047619,9.57142857142857,1191292.14285714,-1846899.28571429,3577,22.96996849898984,54.118791167544714,21.55979933378993
2016-01-23,627,2016-01-23,26.6666666666667,45.8571428571429,26.0952380952381,9.76190476190476,1191292.14285714,-1846899.28571429,3577,28.721225626794087,50.69808932037279,19.26375636746866
2016-02-08,628,2016-02-08,36.2380952380952,52.5714285714286,9.90476190476191,13.0952380952381,1191292.14285714,-1846899.28571429,3577,34.00339456724397,47.917041936384635,16.75670047186825
2016-02-16,629,2016-02-16,40.125,51.25,7.5,10.75,1191286.875,-1846914.375,3577,38.72798860066084,45.81379791518427,14.120395084789266
2016-02-24,630,2016-02-24,39.7619047619048,43.0952380952381,15.7142857142857,11.7619047619048,1191292.14285714,-1846899.28571429,3577,41.46394485287055,47.07859864592908,10.151736808082042
2016-03-27,631,2016-03-27,43.2380952380952,43.8095238095238,11.5714285714286,12.952380952381,1191292.14285714,-1846899.28571429,3577,43.202343064565724,44.23579104073799,11.182738829795985
2016-04-04,632,2016-04-04,43.7619047619048,44.6190476190476,10.1904761904762,13.0,1191292.14285714,-1846899.28571429,3577,43.67048521653133,44.28667179053514,10.65924426450583
2016-04-12,633,2016-04-12,41.9047619047619,42.5714285714286,14.0,11.8571428571429,1191292.14285714,-1846899.28571429,3577,41.10662183533088,44.00410605905304,13.463145213917185
2016-04-20,634,2016-04-20,36.6666666666667,49.8571428571429,12.3333333333333,11.6666666666667,1191292.14285714,-1846899.28571429,3577,37.653543953460954,46.47282928628984,14.504453750581604
2016-04-28,635,2016-04-28,36.0,47.2380952380952,15.3333333333333,10.9047619047619,1191292.14285714,-1846899.28571429,3577,34.05831578122093,51.084015056143656,13.549256728821259
2016-05-14,636,2016-05-14,30.952380952381,53.4761904761905,14.2857142857143,10.8095238095238,1191292.14285714,-1846899.28571429,3577,30.334414424580203,55.736448535975825,12.700969309326531
2016-06-07,637,2016-06-07,23.8571428571429,63.3333333333333,11.7142857142857,13.2857142857143,1191292.14285714,-1846899.28571429,3577,27.272911814703445,58.526236405484624,13.018806786606682
2016-06-15,638,2016-06-15,24.6666666666667,61.0476190476191,13.0952380952381,12.1428571428571,1191292.14285714,-1846899.28571429,3577,25.05034181504398,61.80033588701396,12.022881143622378
2016-06-23,639,2016-06-23,25.4761904761905,66.0952380952381,7.47619047619048,13.5714285714286,1191292.14285714,-1846899.28571429,3577,24.613326474003948,63.0828655348685,11.197631745617691
2016-07-01,640,2016-07-01,25.4761904761905,59.5238095238095,13.6190476190476,12.8095238095238,1191292.14285714,-1846899.28571429,3577,24.352344250173452,62.88001729951256,11.622640001895235
2016-07-09,641,2016-07-09,25.6666666666667,61.3809523809524,11.9047619047619,12.5714285714286,1191292.14285714,-1846899.28571429,3577,25.37681822820765,61.8148136692936,11.585146535609212
2016-07-17,642,2016-07-17,24.9047619047619,59.9047619047619,13.952380952381,13.0,1191292.14285714,-1846899.28571429,3577,26.048350686117708,60.07449464878907,12.56879154556987
2016-07-25,643,2016-07-25,24.3809523809524,62.5714285714286,11.6666666666667,12.5238095238095,1191292.14285714,-1846899.28571429,3577,25.363564196377745,59.565022696592735,13.746013016908813
2016-08-02,644,2016-08-02,27.5714285714286,55.1428571428571,15.8095238095238,10.1904761904762,1191292.14285714,-1846899.28571429,3577,24.25608241087755,59.490381135883055,14.91212244927194
2016-08-10,645,2016-08-10,21.4444444444444,61.3333333333333,15.7777777777778,11.0,1191291.66666667,-1846861.66666667,3577,22.762316256758307,59.71175567586984,16.17889573143385
2016-08-18,646,2016-08-18,24.2857142857143,59.9523809523809,14.5714285714286,11.4285714285714,1191292.14285714,-1846899.28571429,3577,22.179651829985417,59.78267131398634,16.741938114090065
2016-08-26,647,2016-08-26,16.3333333333333,62.8333333333333,19.8333333333333,17.1666666666667,1191245.0,-1846900.0,3577,21.723369619662577,60.036002916821644,16.973125524536677
2016-09-03,648,2016-09-03,22.7142857142857,59.2857142857143,16.5714285714286,10.6190476190476,1191292.14285714,-1846899.28571429,3577,21.497404591600976,61.555987083386356,15.702270720434473
2016-09-19,649,2016-09-19,22.952380952381,60.7142857142857,14.952380952381,10.3809523809524,1191292.14285714,-1846899.28571429,3577,20.853510823993503,63.31351628853413,14.578667125229801
2016-09-27,650,2016-09-27,20.4285714285714,65.2380952380952,13.1904761904762,10.5238095238095,1191292.14285714,-1846899.28571429,3577,20.825616497109934,61.432049185249795,16.361160340749514
2016-10-05,651,2016-10-05,24.5714285714286,63.0476190476191,11.0952380952381,9.38095238095238,1191292.14285714,-1846899.28571429,3577,21.998233798665325,65.52107834949234,11.265311755009133
2016-10-13,652,2016-10-13,17.7058823529412,70.4117647058823,10.4705882352941,10.4117647058824,1191290.29411765,-1846912.05882353,3577,22.0774916063082,67.79873729135144,8.891382838613355
2016-10-21,653,2016-10-21,19.7142857142857,63.2380952380952,15.6666666666667,10.3333333333333,1191292.14285714,-1846899.28571429,3577,20.755618785539664,67.71908235786753,10.295263184728503
2016-10-29,654,2016-10-29,19.5625,63.125,16.3125,10.25,1191286.875,-1846914.375,3577,18.82614409129107,64.58215243597178,15.348442150786866
2016-11-06,655,2016-11-06,20.9047619047619,65.6666666666667,12.2380952380952,10.4761904761905,1191292.14285714,-1846899.28571429,3577,16.10546513902902,60.95613347526934,21.520873912249765
2016-11-14,656,2016-11-14,13.6666666666667,76.6666666666667,8.66666666666667,8.0,1191255.0,-1846935.0,3577,12.335519864702142,57.21302921566136,28.93764972051736
2016-11-22,657,2016-11-22,6.28571428571429,24.5238095238095,66.3333333333333,10.3333333333333,1191292.14285714,-1846899.28571429,3577,8.417596574340452,54.62200798502569,35.475007672313865
2016-11-30,658,2016-11-30,8.0,54.0,37.0,13.0,1191315.0,-1846965.0,3577,10.404753804895684,50.01390692564141,37.97366787813087
2016-12-08,659,2016-12-08,13.8095238095238,51.2857142857143,33.2857142857143,9.85714285714286,1191292.14285714,-1846899.28571429,3577,13.240166085809268,47.94180362070284,37.183411618880015
2016-12-16,660,2016-12-16,10.8571428571429,57.1428571428571,30.4761904761905,9.28571428571429,1191292.14285714,-1846899.28571429,3577,18.831679929974328,47.28893655363535,32.356591035378784
2017-02-02,661,2017-02-02,30.0,44.0,25.0,11.0,1191225.0,-1846875.0,3577,26.105098526340747,48.2356844651664,24.303838125235444
2017-02-10,662,2017-02-10,39.9047619047619,46.0952380952381,12.4761904761905,13.4285714285714,1191292.14285714,-1846899.28571429,3577,33.53071593009172,50.43153234793346,14.833050334596123
2017-03-14,663,2017-03-14,46.1428571428571,44.9523809523809,7.28571428571429,13.1428571428571,1191292.14285714,-1846899.28571429,3577,38.96558704452859,51.85859548087873,8.08522128026652
2017-03-30,664,2017-03-30,28.5,60.0,11.0,18.0,1191285.0,-1846905.0,3577,41.90211182006222,46.88960987412297,9.917804589629725
2017-04-07,665,2017-04-07,44.8571428571429,48.1428571428571,5.76190476190476,14.5238095238095,1191292.14285714,-1846899.28571429,3577,43.07948398350233,48.07210307751384,7.6975862115169384
2017-04-15,666,2017-04-15,43.5714285714286,43.9047619047619,11.1428571428571,12.9047619047619,1191292.14285714,-1846899.28571429,3577,42.608536973855706,48.04925827525729,8.13872299011495
2017-04-23,667,2017-04-23,41.1904761904762,48.0,9.66666666666667,12.6190476190476,1191292.14285714,-1846899.28571429,3577,39.75419332988402,49.25028361730412,9.791002238214379
2017-05-01,668,2017-05-01,39.8095238095238,47.4761904761905,11.3333333333333,12.0952380952381,1191292.14285714,-1846899.28571429,3577,38.53413665796993,49.14061815376871,11.139002380486769
2017-05-17,669,2017-05-17,35.8571428571429,51.3809523809524,11.4761904761905,11.6190476190476,1191292.14285714,-1846899.28571429,3577,36.72995636973417,50.795689913793794,11.262438232560381
2017-05-25,670,2017-05-25,33.3809523809524,56.0952380952381,9.85714285714286,13.3333333333333,1191292.14285714,-1846899.28571429,3577,34.392453006224954,52.795396038422204,11.650440117156641
2017-06-18,671,2017-06-18,30.047619047619,55.9523809523809,12.6190476190476,11.4285714285714,1191292.14285714,-1846899.28571429,3577,30.163852916944375,56.58599630502809,12.234198979553192
2017-06-26,672,2017-06-26,27.3,58.95,12.8,11.3,1191289.5,-1846902.0,3577,28.83396572467348,58.38731737817551,11.782568721266662
2017-07-04,673,2017-07-04,29.1428571428571,58.1904761904762,11.6666666666667,12.0952380952381,1191292.14285714,-1846899.28571429,3577,26.961705992661706,60.1262463027079,11.93401309732402
2017-07-12,674,2017-07-12,25.35,61.1,12.65,11.75,1191289.5,-1846902.0,3577,25.57339260326494,61.11414107047868,12.295925900722835
2017-07-20,675,2017-07-20,24.952380952381,61.6190476190476,12.2857142857143,11.2380952380952,1191292.14285714,-1846899.28571429,3577,24.080581235066816,62.4598184065583,12.362176884001666
2017-07-28,676,2017-07-28,21.6666666666667,66.3809523809524,10.8095238095238,11.3333333333333,1191292.14285714,-1846899.28571429,3577,22.78947548838852,63.36067286685534,12.696106267311798
2017-08-13,677,2017-08-13,21.1904761904762,64.8095238095238,12.9047619047619,11.6666666666667,1191292.14285714,-1846899.28571429,3577,21.4913130213408,65.15773968033055,12.198900841159068
2017-08-21,678,2017-08-21,20.7619047619048,63.7142857142857,14.1428571428571,10.9047619047619,1191292.14285714,-1846899.28571429,3577,20.237250107990146,65.99824685117815,12.53142084953041
2017-09-06,679,2017-09-06,19.952380952381,65.4285714285714,13.3333333333333,10.5238095238095,1191292.14285714,-1846899.28571429,3577,19.77381266823699,66.04203721973633,12.96139098259645
2017-09-14,680,2017-09-14,18.35,70.95,9.7,10.2,1191291.0,-1846896.0,3577,19.61536198579251,66.36457232137356,12.82282433768308
2017-09-22,681,2017-09-22,20.6190476190476,64.7619047619048,13.4285714285714,10.2857142857143,1191292.14285714,-1846899.28571429,3577,19.077084422282816,68.30109338544851,11.495564033487987
2017-09-30,682,2017-09-30,17.952380952381,71.2857142857143,9.66666666666667,10.047619047619,1191292.14285714,-1846899.28571429,3577,19.352623640546447,69.10987464546803,10.440394486832538
2017-10-08,683,2017-10-08,19.4761904761905,66.1428571428571,13.2380952380952,9.80952380952381,1191292.14285714,-1846899.28571429,3577,18.601115344920615,70.81061069991901,9.502007280643621
2017-10-24,684,2017-10-24,18.1428571428571,73.8095238095238,6.95238095238095,12.0,1191292.14285714,-1846899.28571429,3577,17.61384358675117,72.4732267216679,8.809386176257926
2017-11-01,685,2017-11-01,15.2380952380952,77.8571428571429,5.85714285714286,11.3333333333333,1191292.14285714,-1846899.28571429,3577,16.37249752311427,73.34695629446855,9.107774681457533
2017-11-25,686,2017-11-25,17.5714285714286,71.9523809523809,9.23809523809524,10.3333333333333,1191292.14285714,-1846899.28571429,3577,15.191005073355745,73.28706999913337,10.262178481991192
2017-12-11,687,2017-12-11,15.8571428571429,68.2857142857143,14.4761904761905,10.9047619047619,1191292.14285714,-1846899.28571429,3577,14.793779749659889,73.6859556851707,10.290255152482718
2017-12-19,688,2017-12-19,12.7142857142857,77.0476190476191,8.95238095238095,10.5238095238095,1191292.14285714,-1846899.28571429,3577,17.921444912154307,70.036480547306,10.753975642518926
2017-12-27,689,2017-12-27,20.2380952380952,67.9047619047619,10.6190476190476,11.3333333333333,1191292.14285714,-1846899.28571429,3577,20.495399337501535,68.5356923777874,9.725938664017704
2018-01-12,690,2018-01-12,23.6190476190476,63.5238095238095,11.6190476190476,12.0,1191292.14285714,-1846899.28571429,3577,23.650109436483596,66.49224562845859,8.628593284938734
2018-01-28,691,2018-01-28,29.1904761904762,65.2380952380952,4.42857142857143,14.1428571428571,1191292.14285714,-1846899.28571429,3577,26.334625865954166,66.28434649294238,6.225801990043367
2018-02-05,692,2018-02-05,33.5238095238095,64.9523809523809,0.571428571428571,16.6666666666667,1191292.14285714,-1846899.28571429,3577,29.282237213343233,65.08471472015802,4.48793530823562
2018-02-13,693,2018-02-13,32.9047619047619,59.1904761904762,6.42857142857143,13.4285714285714,1191292.14285714,-1846899.28571429,3577,32.228865999974246,62.62041268829954,3.985066125079765
2018-03-01,694,2018-03-01,23.9090909090909,72.0909090909091,3.09090909090909,22.6363636363636,1191257.72727273,-1846894.09090909,3577,34.745661269074574,59.624071165659245,4.416192781682759
2018-03-17,695,2018-03-17,39.0476190476191,52.3809523809524,7.09523809523809,14.1904761904762,1191292.14285714,-1846899.28571429,3577,36.34994955431162,57.103282456182,5.269818948896324
2018-04-10,696,2018-04-10,39.8571428571429,52.5714285714286,6.42857142857143,13.4285714285714,1191289.28571429,-1846877.14285714,3577,37.97849330351539,54.16766806863845,6.583022216106773
2018-04-18,697,2018-04-18,42.4761904761905,47.8095238095238,8.23809523809524,12.952380952381,1191292.14285714,-1846899.28571429,3577,39.13346255406236,51.6025888042665,7.9842379327806405
2018-04-26,698,2018-04-26,38.5294117647059,52.4705882352941,7.94117647058824,12.9411764705882,1191293.82352941,-1846887.35294118,3577,39.209851740882726,51.23451226217226,8.360041659957764
2018-05-04,699,2018-05-04,38.0476190476191,51.3809523809524,9.33333333333333,12.5238095238095,1191292.14285714,-1846899.28571429,3577,38.2855398387471,51.459664627329914,9.123511037803002
2018-05-12,700,2018-05-12,32.7619047619048,55.6190476190476,10.5714285714286,11.952380952381,1191292.14285714,-1846899.28571429,3577,35.29429811184047,53.117935046747704,10.477457195777932
2018-05-28,701,2018-05-28,32.5714285714286,57.4761904761905,9.04761904761905,12.1428571428571,1191292.14285714,-1846899.28571429,3577,31.513193319431018,56.099183666117014,11.33448199158354
2018-06-05,702,2018-06-05,30.7142857142857,53.5714285714286,14.4761904761905,11.5714285714286,1191292.14285714,-1846899.28571429,3577,29.80389788801362,56.58496364735802,12.53319560536778
2018-06-13,703,2018-06-13,26.7692307692308,58.7692307692308,13.5384615384615,11.2307692307692,1191294.23076923,-1846875.0,3577,28.566027853038698,57.20322765923807,13.161671206834047
2018-06-21,704,2018-06-21,28.8095238095238,55.4761904761905,14.3809523809524,11.1904761904762,1191292.14285714,-1846899.28571429,3577,27.73340846121414,57.35241442034501,13.818884650736099
2018-06-29,705,2018-06-29,26.047619047619,60.3333333333333,12.6190476190476,10.6666666666667,1191292.14285714,-1846899.28571429,3577,27.009502828534806,57.98325512795179,13.9130920538938
2018-07-07,706,2018-07-07,28.047619047619,56.5714285714286,14.2380952380952,11.4761904761905,1191292.14285714,-1846899.28571429,3577,26.3656157488578,58.714815826381255,13.781156289132316
2018-07-15,707,2018-07-15,25.1428571428571,60.7619047619048,13.0952380952381,11.3809523809524,1191292.14285714,-1846899.28571429,3577,25.80419746959011,59.19602133199726,13.847834550142554
2018-07-23,708,2018-07-23,26.3809523809524,58.5714285714286,13.8571428571429,10.9047619047619,1191292.14285714,-1846899.28571429,3577,25.30157964207357,60.24736218769614,13.328124205712117
2018-07-31,709,2018-07-31,22.75,62.3,13.8,11.05,1191291.0,-1846896.0,3577,25.16579112321768,60.147171610630124,13.57116093400721
2018-08-08,710,2018-08-08,25.5238095238095,60.5238095238095,12.7142857142857,10.9047619047619,1191292.14285714,-1846899.28571429,3577,24.339080681956297,61.49508334801535,13.085928519363094
2018-08-16,711,2018-08-16,23.5238095238095,61.8571428571429,13.6190476190476,10.8571428571429,1191292.14285714,-1846899.28571429,3577,24.190334948845262,61.611162830967864,13.119644029858788
2018-08-24,712,2018-08-24,25.047619047619,61.0,13.0,10.3333333333333,1191292.14285714,-1846899.28571429,3577,23.473357653694695,63.184835288541024,12.298944605444316
2018-09-01,713,2018-09-01,21.952380952381,66.5238095238095,10.5714285714286,10.4285714285714,1191292.14285714,-1846899.28571429,3577,23.022749438380657,63.23582867080373,12.682662023217402
2018-09-09,714,2018-09-09,23.4761904761905,61.8095238095238,13.5238095238095,10.0,1191292.14285714,-1846899.28571429,3577,21.992436098469955,64.55853939661023,12.394624879762345
2018-09-17,715,2018-09-17,19.1428571428571,67.9047619047619,11.8095238095238,10.047619047619,1191292.14285714,-1846899.28571429,3577,21.51404323230627,65.13370221109184,12.221037991933994
2018-09-25,716,2018-09-25,22.2380952380952,62.8095238095238,13.8571428571429,9.57142857142857,1191292.14285714,-1846899.28571429,3577,20.334922817117913,65.96600973844569,12.549159303027391
2018-10-03,717,2018-10-03,18.9047619047619,68.7142857142857,11.1428571428571,9.71428571428571,1191292.14285714,-1846899.28571429,3577,20.284100832085407,65.43151997640183,13.137480166889961
2018-10-11,718,2018-10-11,20.6666666666667,62.8095238095238,15.4285714285714,9.14285714285714,1191292.14285714,-1846899.28571429,3577,20.46160403064121,65.95069471291396,12.536823238678945
2018-10-19,719,2018-10-19,19.9047619047619,69.7619047619048,9.28571428571429,10.0,1191292.14285714,-1846899.28571429,3577,20.63793688251583,64.74446090544194,13.465606632787283
2018-10-27,720,2018-10-27,20.3333333333333,63.0,15.5714285714286,9.90476190476191,1191292.14285714,-1846899.28571429,3577,19.540352836015558,66.77447165836261,12.562390138239657
2018-11-04,721,2018-11-04,18.0,67.0,14.1666666666667,9.16666666666667,1191310.0,-1846855.0,3577,17.692871627853513,68.32543514276242,12.93725624220787
2018-11-12,722,2018-11-12,19.952380952381,67.5714285714286,11.2380952380952,10.0,1191292.14285714,-1846899.28571429,3577,16.33235959087109,69.93674179276852,12.753395211597644
2018-11-20,723,2018-11-20,14.2,71.8,12.8,9.0,1191309.0,-1846851.0,3577,15.706225765975743,68.95340562429317,14.397324966053475
2018-12-06,724,2018-12-06,13.0,65.7619047619048,20.0952380952381,14.3809523809524,1191292.14285714,-1846899.28571429,3577,16.435447421513075,65.94474926517287,16.673823596421727
2018-12-22,725,2018-12-22,17.0,73.0,10.0,10.5,1191345.0,-1846935.0,3577,19.223596424212747,61.452677765981285,18.303668777040656
2019-01-07,726,2019-01-07,24.7142857142857,48.1904761904762,25.6666666666667,9.76190476190476,1191292.14285714,-1846899.28571429,3577,22.70254564836269,57.49322452572369,18.697103721868736
2019-01-15,727,2019-01-15,31.5,48.5,18.5,13.5,1191330.0,-1846965.0,3577,27.779410991481143,51.74947189033103,19.2570200697107
2019-01-23,728,2019-01-23,30.9047619047619,45.6190476190476,22.1904761904762,10.2380952380952,1191292.14285714,-1846899.28571429,3577,33.18032132985198,48.025539888381005,17.532853524182183
2019-02-16,729,2019-02-16,39.8571428571429,47.8571428571429,10.9047619047619,13.1904761904762,1191292.14285714,-1846899.28571429,3577,38.32869091692051,45.45289282440305,14.868478270952831
2019-02-24,730,2019-02-24,38.8666666666667,51.1333333333333,8.6,13.4666666666667,1191293.0,-1846881.0,3577,41.2326848589945,44.68040617792273,12.730962845202427
2019-03-12,731,2019-03-12,43.0,43.0,13.0,11.0,1191345.0,-1846845.0,3577,44.14320509211491,45.37518363988275,9.215587817753626
2019-03-28,732,2019-03-28,48.1428571428571,42.7619047619048,7.90476190476191,20.4761904761905,1191292.14285714,-1846899.28571429,3577,45.0562167450645,46.95500320112623,6.89979628214819
2019-04-13,733,2019-04-13,43.7619047619048,48.0476190476191,7.09523809523809,13.7142857142857,1191292.14285714,-1846899.28571429,3577,44.85177361337681,45.184148153181674,8.794392398106254
2019-04-21,734,2019-04-21,43.2380952380952,44.4761904761905,11.0,12.5714285714286,1191292.14285714,-1846899.28571429,3577,42.99234617746086,45.82171034210053,10.005441926493052
2019-04-29,735,2019-04-29,41.2380952380952,48.5238095238095,9.09523809523809,12.1904761904762,1191292.14285714,-1846899.28571429,3577,40.04422398459316,46.366029211478505,12.396831032742481
2019-05-07,736,2019-05-07,38.0476190476191,49.1904761904762,11.5238095238095,12.1428571428571,1191292.14285714,-1846899.28571429,3577,36.694395084664606,48.45357059015051,13.644790709804136
2019-05-15,737,2019-05-15,27.0,46.4761904761905,25.2380952380952,14.8095238095238,1191292.14285714,-1846899.28571429,3577,32.88423226138998,50.9163919307715,14.984911888934406
2019-05-23,738,2019-05-23,33.0952380952381,53.3809523809524,12.3809523809524,12.6666666666667,1191292.14285714,-1846899.28571429,3577,30.160927459593502,51.795234996283526,16.841306268548323
2019-06-16,739,2019-06-16,28.8095238095238,57.5238095238095,12.6190476190476,11.4285714285714,1191292.14285714,-1846899.28571429,3577,28.61014375656088,55.40603674840689,14.861843007351615
2019-06-24,740,2019-06-24,28.047619047619,53.7142857142857,17.0,10.9047619047619,1191292.14285714,-1846899.28571429,3577,27.057270659889063,57.48361290866349,14.363797193516397
2019-07-02,741,2019-07-02,24.2941176470588,59.5882352941176,15.0,10.7647058823529,1191293.82352941,-1846887.35294118,3577,26.594610027860433,56.69062473978761,15.526658068451411
2019-07-10,742,2019-07-10,28.047619047619,56.1428571428571,14.5238095238095,10.6190476190476,1191292.14285714,-1846899.28571429,3577,26.21803662251272,56.01344942921229,16.490372372722838
2019-07-18,743,2019-07-18,25.2380952380952,57.3333333333333,16.2380952380952,10.9047619047619,1191292.14285714,-1846899.28571429,3577,25.717751319277227,54.79881115666126,18.123925609990987
2019-07-26,744,2019-07-26,25.0,56.1904761904762,17.5238095238095,10.1428571428571,1191292.14285714,-1846899.28571429,3577,24.50746224575761,53.61908709877312,20.464213804767997
2019-08-03,745,2019-08-03,24.0,41.0,33.0,8.0,1191225.0,-1846905.0,3577,24.829524327426277,53.800099554416775,19.947608634912136
2019-08-11,746,2019-08-11,24.5714285714286,57.5714285714286,16.5238095238095,10.1904761904762,1191292.14285714,-1846899.28571429,3577,23.781080329246517,54.08304431559861,20.752883855047912
2019-08-19,747,2019-08-19,22.9047619047619,62.0,14.047619047619,10.1428571428571,1191292.14285714,-1846899.28571429,3577,23.907428272567678,55.4800891453513,19.22068540334505
2019-08-27,748,2019-08-27,23.8571428571429,57.2380952380952,17.6666666666667,9.66666666666667,1191292.14285714,-1846899.28571429,3577,23.29075519878306,58.64383816267842,16.7357657822029
2019-09-04,749,2019-09-04,22.2380952380952,58.3809523809524,18.0,9.57142857142857,1191292.14285714,-1846899.28571429,3577,22.944553898110843,60.09557418844446,15.68505282127339
2019-09-12,750,2019-09-12,21.8095238095238,58.8095238095238,18.047619047619,9.38095238095238,1191292.14285714,-1846899.28571429,3577,21.366922035649488,60.62070231109573,16.820842727960958
2019-09-20,751,2019-09-20,19.8571428571429,60.5238095238095,18.3809523809524,8.90476190476191,1191292.14285714,-1846899.28571429,3577,19.719021948121163,59.26976841527039,19.80455870238856
2019-09-28,752,2019-09-28,21.3333333333333,61.4761904761905,15.8571428571429,9.09523809523809,1191292.14285714,-1846899.28571429,3577,17.749783877262548,56.174820444526134,24.782857099189222
2019-10-06,753,2019-10-06,11.3333333333333,51.6666666666667,36.0,13.8333333333333,1191310.0,-1846855.0,3577,16.19508476710929,54.69939154513098,27.803320700420898
2019-10-14,754,2019-10-14,15.0,48.9047619047619,34.7142857142857,11.6666666666667,1191292.14285714,-1846899.28571429,3577,14.379168636860884,53.294892808270404,31.038160831454327
2019-10-22,755,2019-10-22,13.1904761904762,53.4761904761905,31.9047619047619,11.3809523809524,1191292.14285714,-1846899.28571429,3577,13.607059121899546,51.59820917259594,33.419699525868296
2019-10-30,756,2019-10-30,14.6190476190476,51.0,32.7619047619048,10.9047619047619,1191292.14285714,-1846899.28571429,3577,12.6330868184792,49.781414724404925,36.0962098667381
2019-11-07,757,2019-11-07,12.5238095238095,49.8571428571429,36.1904761904762,10.7619047619048,1191292.14285714,-1846899.28571429,3577,13.177613014070705,48.963548744091426,36.282181304394065
2019-11-15,758,2019-11-15,13.2857142857143,48.2380952380952,36.8571428571429,10.5238095238095,1191292.14285714,-1846899.28571429,3577,13.174259237997942,49.32125841740839,35.90044327068013
2019-11-23,759,2019-11-23,12.1764705882353,52.1176470588235,34.1764705882353,10.4117647058824,1191290.29411765,-1846912.05882353,3577,13.680148722761867,49.63586786550896,35.07164370868091
2019-12-01,760,2019-12-01,15.1904761904762,46.8571428571429,36.1428571428571,8.09523809523809,1191292.14285714,-1846899.28571429,3577,12.68116203592248,50.993215974814625,34.79139442478933
2019-12-09,761,2019-12-09,13.0952380952381,48.9047619047619,36.6190476190476,9.47619047619048,1191292.14285714,-1846899.28571429,3577,14.451445476757463,50.85273180045685,33.17053959213362
2019-12-17,762,2019-12-17,17.5238095238095,55.8095238095238,25.2857142857143,11.7619047619048,1191292.14285714,-1846899.28571429,3577,15.142419590969489,51.39718388816145,31.981718578872787
2019-12-25,763,2019-12-25,13.3333333333333,52.4285714285714,32.8571428571429,8.90476190476191,1191292.14285714,-1846899.28571429,3577,17.91343386171016,51.05112777102545,29.6275999845433
2020-01-02,764,2020-01-02,23.4285714285714,52.0476190476191,23.0952380952381,9.57142857142857,1191292.14285714,-1846899.28571429,3577,20.98767814967561,52.09639115043876,25.635201655346506
2020-01-10,765,2020-01-10,24.4285714285714,51.9523809523809,22.3809523809524,11.952380952381,1191292.14285714,-1846899.28571429,3577,25.247451545340162,52.03807459645161,21.48925271255708
2020-02-03,766,2020-02-03,32.5238095238095,41.9047619047619,24.2857142857143,9.14285714285714,1191292.14285714,-1846899.28571429,3577,30.398079291387752,51.268943227644854,17.146935088936804
2020-02-11,767,2020-02-11,28.9090909090909,58.3636363636364,11.7272727272727,17.5454545454545,1191293.18181818,-1846872.27272727,3577,34.709459505682844,50.0507439834694,13.968581657574784
2020-02-27,768,2020-02-27,44.2857142857143,52.3333333333333,2.19047619047619,13.7142857142857,1191292.14285714,-1846899.28571429,3577,37.56000427629475,50.446941618901434,10.737950075691217
2020-03-06,769,2020-03-06,37.4285714285714,52.0,9.19047619047619,16.3809523809524,1191292.14285714,-1846899.28571429,3577,39.8652202474265,51.095569783431564,7.736222966449775
2020-03-22,770,2020-03-22,42.9047619047619,42.7619047619048,12.8095238095238,13.047619047619,1191292.14285714,-1846899.28571429,3577,40.257813768925104,51.25662938243092,7.169671495592171
2020-03-30,771,2020-03-30,39.2222222222222,52.8888888888889,6.55555555555556,13.6666666666667,1191291.66666667,-1846861.66666667,3577,41.1145431795525,50.5350648663267,7.009883133721093
2020-04-07,772,2020-04-07,36.3333333333333,54.6666666666667,7.66666666666667,9.33333333333333,1191335.0,-1846855.0,3577,40.44824525319274,50.061868987558114,8.200646618602063
2020-04-15,773,2020-04-15,42.2380952380952,49.5714285714286,7.23809523809524,12.9047619047619,1191292.14285714,-1846899.28571429,3577,39.73674004013965,47.74227320666236,11.21564400511603
2020-04-23,774,2020-04-23,39.7142857142857,46.2857142857143,12.5714285714286,12.0,1191292.14285714,-1846899.28571429,3577,37.12206713134949,51.38122180536274,10.315088764003644
2020-05-01,775,2020-05-01,36.0,50.9523809523809,11.952380952381,11.7142857142857,1191292.14285714,-1846899.28571429,3577,37.048792280984884,51.55138050802915,10.170610607141608
2020-05-09,776,2020-05-09,34.9047619047619,49.6190476190476,14.0952380952381,11.047619047619,1191292.14285714,-1846899.28571429,3577,34.56552219709597,51.62776851630568,12.56127979347607
2020-05-17,777,2020-05-17,30.0952380952381,55.8095238095238,12.9047619047619,11.1904761904762,1191292.14285714,-1846899.28571429,3577,32.48224255963709,50.734755784283784,15.505962905341407
2020-05-25,778,2020-05-25,30.0,53.0952380952381,15.5238095238095,11.952380952381,1191292.14285714,-1846899.28571429,3577,29.250387383509953,52.81322598968866,16.708332946720564
2020-06-02,779,2020-06-02,27.4761904761905,59.7142857142857,11.8571428571429,12.0,1191292.14285714,-1846899.28571429,3577,26.813043509633935,54.044410697653376,17.924922342876346
2020-06-10,780,2020-06-10,29.1904761904762,39.2380952380952,29.952380952381,8.71428571428571,1191292.14285714,-1846899.28571429,3577,25.802918443781458,53.24726769617614,19.77801970990532
2020-06-18,781,2020-06-18,18.3333333333333,62.3333333333333,18.6666666666667,10.6666666666667,1191315.0,-1846845.0,3577,24.337563365423506,57.22240710784745,17.269972545511777
2020-06-26,782,2020-06-26,24.7619047619048,58.5238095238095,15.3809523809524,10.952380952381,1191292.14285714,-1846899.28571429,3577,22.973197081552783,58.95066646458952,16.923661477838536
2020-07-03,783,2020-07-03,23.1428571428571,61.0952380952381,14.6190476190476,11.4761904761905,1191292.14285714,-1846899.28571429,3577,22.454476380169623,58.49592203461296,17.88562314877838
2020-07-12,784,2020-07-12,23.8571428571429,55.9523809523809,18.8095238095238,11.047619047619,1191292.14285714,-1846899.28571429,3577,21.84122172976337,57.81114344890568,19.17116629500243
2020-07-19,785,2020-07-19,19.6666666666667,63.2857142857143,16.047619047619,10.7142857142857,1191292.14285714,-1846899.28571429,3577,21.72698199632861,57.13603836822795,19.942416716407532
2020-07-28,786,2020-07-28,20.2857142857143,61.9523809523809,16.5714285714286,10.4761904761905,1191292.14285714,-1846899.28571429,3577,21.516602076970408,55.886561323085466,21.415855558267218
2020-08-04,787,2020-08-04,22.6666666666667,32.4761904761905,43.5714285714286,7.47619047619048,1191292.14285714,-1846899.28571429,3577,21.479116342890258,54.06646088688625,23.213516102057525
2020-08-13,788,2020-08-13,21.4761904761905,62.8095238095238,14.6190476190476,10.5238095238095,1191292.14285714,-1846899.28571429,3577,20.02465063619384,57.3036001817559,21.505762615939712
2020-08-20,789,2020-08-20,18.4761904761905,65.4761904761905,14.7619047619048,10.3809523809524,1191292.14285714,-1846899.28571429,3577,20.010664616694662,59.794657740941105,19.011338925691835
2020-08-29,790,2020-08-29,19.3809523809524,65.6666666666667,13.8571428571429,10.047619047619,1191292.14285714,-1846899.28571429,3577,18.99800051495932,63.88824899486022,15.943052306487637
2020-09-05,791,2020-09-05,18.4761904761905,63.7619047619048,16.5238095238095,9.80952380952381,1191292.14285714,-1846899.28571429,3577,18.409601606814128,66.59153524520653,13.836599971165223
2020-09-14,792,2020-09-14,17.5454545454545,72.8181818181818,8.54545454545454,12.8181818181818,1191295.90909091,-1846896.81818182,3577,16.932351859767735,69.12321968853114,12.845099101599553
2020-09-21,793,2020-09-21,16.1428571428571,66.9523809523809,15.8571428571429,9.33333333333333,1191292.14285714,-1846899.28571429,3577,17.54378297210105,70.17659706009843,11.163807638748429
2020-09-30,794,2020-09-30,17.3333333333333,67.2857142857143,14.2380952380952,9.23809523809524,1191292.14285714,-1846899.28571429,3577,17.356854979259282,67.94055430504143,13.554884352302889
2020-10-07,795,2020-10-07,15.5294117647059,69.6470588235294,13.5882352941176,9.11764705882353,1191290.29411765,-1846912.05882353,3577,17.979614139824008,69.66125347750439,11.186602258851039
2020-10-16,796,2020-10-16,18.6190476190476,65.5714285714286,14.6666666666667,9.33333333333333,1191292.14285714,-1846899.28571429,3577,15.167480792137045,69.49339296652045,14.12610457592946
2020-10-23,797,2020-10-23,14.9047619047619,71.6190476190476,12.0952380952381,9.47619047619048,1191292.14285714,-1846899.28571429,3577,12.518659207602875,66.7733987010886,19.38581342168742
2020-11-01,798,2020-11-01,16.2857142857143,67.0,15.2857142857143,9.61904761904762,1191292.14285714,-1846899.28571429,3577,11.895024237583012,62.704941934763184,24.007619103408622
2020-11-08,799,2020-11-08,6.42857142857143,55.5238095238095,36.7142857142857,13.047619047619,1191292.14285714,-1846899.28571429,3577,13.38514796682508,58.711704127830835,26.45224616941576
2020-11-17,800,2020-11-17,17.2380952380952,51.9523809523809,29.3333333333333,11.5714285714286,1191292.14285714,-1846899.28571429,3577,18.425088297239988,52.78288414674439,27.30486789965527
2020-12-03,801,2020-12-03,15.7619047619048,46.7142857142857,35.9523809523809,9.42857142857143,1191292.14285714,-1846899.28571429,3577,26.203727675222588,47.70936045074831,24.605147781250423
2021-03-09,802,2021-03-09,45.8095238095238,41.4285714285714,11.1428571428571,16.5238095238095,1191292.14285714,-1846899.28571429,3577,35.098549905137276,44.05683868731835,19.408619305174376
2021-03-16,803,2021-03-16,47.8571428571429,45.6666666666667,5.38095238095238,15.7619047619048,1191292.14285714,-1846899.28571429,3577,43.985790267517444,41.45328252757973,13.157489569252292
2021-03-25,804,2021-03-25,48.9047619047619,41.7142857142857,7.80952380952381,16.4285714285714,1191292.14285714,-1846899.28571429,3577,49.96282613154932,42.235538455346365,6.4355716522889495
2021-04-01,805,2021-04-01,53.9047619047619,41.4285714285714,3.47619047619048,16.1904761904762,1191292.14285714,-1846899.28571429,3577,53.02326775390999,42.91041053888708,2.6891941907417776
2021-04-17,806,2021-04-17,48.2380952380952,45.1428571428571,5.33333333333333,14.6666666666667,1191292.14285714,-1846899.28571429,3577,50.962254382403195,44.06650071453062,3.650650473853452
2021-04-26,807,2021-04-26,47.6666666666667,44.9047619047619,6.0,14.3809523809524,1191292.14285714,-1846899.28571429,3577,48.87836065405808,45.19500020916974,4.650042369774443
2021-05-12,808,2021-05-12,45.1904761904762,47.2380952380952,6.19047619047619,14.6666666666667,1191292.14285714,-1846899.28571429,3577,44.59974887422485,47.18212280359202,6.964699739996069
2021-05-19,809,2021-05-19,42.5238095238095,50.6666666666667,5.71428571428571,14.4761904761905,1191292.14285714,-1846899.28571429,3577,42.95832829382782,49.02876803821157,6.77211192479137
2021-05-28,810,2021-05-28,41.3333333333333,48.0952380952381,9.33333333333333,13.2857142857143,1191292.14285714,-1846899.28571429,3577,40.0469107504244,51.55394781742391,7.241386336219863
2021-06-04,811,2021-06-04,37.1666666666667,55.0,7.0,13.3333333333333,1191290.0,-1846945.0,3577,37.511600424988984,52.95819204421967,8.354262325582576
2021-06-13,812,2021-06-13,38.4285714285714,53.2857142857143,6.95238095238095,13.0,1191292.14285714,-1846899.28571429,3577,36.02681417761538,54.452716150280125,8.431659970032515
2021-06-20,813,2021-06-20,28.8947368421053,59.8421052631579,10.0526315789474,10.7894736842105,1191288.15789474,-1846892.36842105,3577,34.12908654540865,56.04336986135074,8.741407742221176
2021-06-29,814,2021-06-29,34.7142857142857,53.8571428571429,10.3809523809524,12.4285714285714,1191292.14285714,-1846899.28571429,3577,32.72131987831354,57.33974965341227,8.855537434157597
2021-07-06,815,2021-07-06,32.3809523809524,58.5238095238095,8.14285714285714,13.7619047619048,1191292.14285714,-1846899.28571429,3577,31.27655992369555,57.42072332099174,10.278513512991374
2021-07-15,816,2021-07-15,31.0,58.9523809523809,8.95238095238095,12.6190476190476,1191292.14285714,-1846899.28571429,3577,30.52122075414759,60.551355982013376,7.816059341233348
2021-07-22,817,2021-07-22,29.8095238095238,61.4761904761905,7.80952380952381,12.6666666666667,1191292.14285714,-1846899.28571429,3577,29.754366105347472,61.4390883680347,7.714421421280306
2021-07-31,818,2021-07-31,27.3333333333333,60.7619047619048,10.6666666666667,12.047619047619,1191292.14285714,-1846899.28571429,3577,28.955489109224374,61.00019843281113,9.02529446003322
2021-08-07,819,2021-08-07,27.5238095238095,61.6190476190476,9.95238095238095,12.5714285714286,1191292.14285714,-1846899.28571429,3577,28.08268213237646,59.84989948945386,11.082875790223008
2021-08-16,820,2021-08-16,27.7142857142857,61.4761904761905,9.66666666666667,11.8095238095238,1191292.14285714,-1846899.28571429,3577,26.094698305872484,59.38061590790052,13.631773581910059
2021-09-01,821,2021-09-01,27.047619047619,64.0476190476191,7.85714285714286,11.3809523809524,1191292.14285714,-1846899.28571429,3577,25.823456213545207,57.924909971340966,15.41531842770003
2021-09-08,822,2021-09-08,23.0,43.0,34.0,11.0,1191315.0,-1846965.0,3577,25.103003291854016,58.68903851565514,15.408757393275213
2021-09-17,823,2021-09-17,24.3333333333333,62.6190476190476,11.9047619047619,10.9047619047619,1191292.14285714,-1846899.28571429,3577,23.79316039996798,60.1181367651866,15.23720706537816
2021-09-24,824,2021-09-24,21.952380952381,68.9523809523809,8.19047619047619,10.6666666666667,1191292.14285714,-1846899.28571429,3577,22.867021523364848,63.40567275860445,12.837221601925561
2021-10-03,825,2021-10-03,23.2380952380952,66.5714285714286,9.04761904761905,10.3333333333333,1191292.14285714,-1846899.28571429,3577,21.87574138967,67.2882628207605,9.847149238788639
2021-10-19,826,2021-10-19,22.6190476190476,69.3333333333333,6.85714285714286,10.6666666666667,1191292.14285714,-1846899.28571429,3577,21.797118258415303,69.01253339023205,8.084231042434173
2021-10-26,827,2021-10-26,18.3809523809524,73.9047619047619,6.71428571428571,10.5238095238095,1191292.14285714,-1846899.28571429,3577,21.04909022865364,72.32489079546824,5.4622926093506186
2021-11-04,828,2021-11-04,20.047619047619,70.5714285714286,8.23809523809524,10.7619047619048,1191292.14285714,-1846899.28571429,3577,20.127684493006555,72.16200723939585,6.579272121066801
2021-11-08,829,2021-11-08,22.3809523809524,73.1904761904762,3.47619047619048,10.1904761904762,1191292.14285714,-1846899.28571429,3577,19.3799585347544,72.47055936838136,7.127173651940387
2021-11-13,830,2021-11-13,17.7142857142857,68.2857142857143,12.7857142857143,10.5714285714286,1191272.14285714,-1846885.71428571,3577,18.14483761851912,72.17963728736645,8.590688052915867
2021-11-20,831,2021-11-20,17.8571428571429,70.9523809523809,10.1428571428571,11.2380952380952,1191292.14285714,-1846899.28571429,3577,17.980989083153588,73.89562037548549,7.092222019465537
2021-11-27,832,2021-11-27,15.2857142857143,80.9047619047619,3.04761904761905,11.047619047619,1191292.14285714,-1846899.28571429,3577,17.832871978380147,71.69527995223518,9.441966702027205
2021-12-06,833,2021-12-06,22.047619047619,61.4285714285714,15.1904761904762,9.52380952380952,1191292.14285714,-1846899.28571429,3577,19.085849547766188,67.50502583071233,12.384085986251314
2021-12-13,834,2021-12-13,21.5238095238095,72.6666666666667,4.71428571428571,12.0952380952381,1191292.14285714,-1846899.28571429,3577,22.059531893190265,62.62837097229631,14.257391590488236
2022-01-14,835,2022-01-14,23.3333333333333,45.2,30.5333333333333,16.7333333333333,1191293.0,-1846907.0,3577,26.75369672076277,56.34684553647966,15.754367323264479
2022-01-23,836,2022-01-23,34.1428571428571,62.6190476190476,2.14285714285714,14.047619047619,1191292.14285714,-1846899.28571429,3577,32.025738310844666,51.05057940463877,15.70392399606912
2022-02-24,837,2022-02-24,32.7272727272727,31.9090909090909,33.9090909090909,7.45454545454545,1191317.72727273,-1846915.90909091,3577,35.92734941200487,47.17475478831374,15.58763447828793
2022-03-12,838,2022-03-12,44.8,51.8,2.0,15.4,1191309.0,-1846911.0,3577,38.54168098530033,46.76620268744534,13.347191976798765
2022-04-13,839,2022-04-13,40.3809523809524,51.6666666666667,6.47619047619048,13.2380952380952,1191292.14285714,-1846899.28571429,3577,39.67257969537141,49.413460448916055,9.585305116122722
2022-04-21,840,2022-04-21,37.4761904761905,50.3333333333333,10.952380952381,10.8095238095238,1191292.14285714,-1846899.28571429,3577,40.24450275308105,50.95204379070772,7.462686914360456
2022-04-29,841,2022-04-29,37.4761904761905,56.0952380952381,5.23809523809524,14.4761904761905,1191292.14285714,-1846899.28571429,3577,38.82943990992949,54.80238852993452,5.064307209817301
2022-05-07,842,2022-05-07,36.0952380952381,56.6190476190476,6.04761904761905,13.6666666666667,1191292.14285714,-1846899.28571429,3577,36.803803008131894,55.81205481823842,6.135100193922817
2022-05-15,843,2022-05-15,36.9047619047619,56.5714285714286,5.28571428571429,14.5238095238095,1191292.14285714,-1846899.28571429,3577,35.80862006929585,58.15165061975337,4.833070953813273
2022-05-23,844,2022-05-23,36.3809523809524,56.2380952380952,6.19047619047619,13.3809523809524,1191292.14285714,-1846899.28571429,3577,34.507736845192994,55.91943144573885,8.368230324885419
2022-05-31,845,2022-05-31,33.0952380952381,56.5238095238095,9.09523809523809,12.952380952381,1191292.14285714,-1846899.28571429,3577,34.542695694393316,57.43667271839786,6.821832450314398
2022-06-08,846,2022-06-08,31.3809523809524,59.7142857142857,7.66666666666667,12.6190476190476,1191292.14285714,-1846899.28571429,3577,32.895073966276485,58.00574554443655,7.943123955506662
2022-06-16,847,2022-06-16,32.2380952380952,58.4285714285714,8.38095238095238,13.0,1191292.14285714,-1846899.28571429,3577,30.844183680092385,58.99395032211487,9.066421710383196
2022-06-24,848,2022-06-24,30.5714285714286,58.1428571428571,10.2380952380952,12.6666666666667,1191292.14285714,-1846899.28571429,3577,28.884113822189995,60.83015436574898,9.210474767748922
2022-07-10,849,2022-07-10,26.1428571428571,64.0476190476191,8.66666666666667,13.4761904761905,1191292.14285714,-1846899.28571429,3577,26.821482954605877,62.539585285705954,9.54815669366609
2022-07-18,850,2022-07-18,24.4761904761905,65.6190476190476,8.85714285714286,13.0,1191292.14285714,-1846899.28571429,3577,25.533601589325322,64.0426714668105,9.338742784561811
2022-07-26,851,2022-07-26,23.0,64.4285714285714,11.5238095238095,12.9047619047619,1191292.14285714,-1846899.28571429,3577,23.9276987202648,65.79118198621858,9.204695201597849
2022-08-03,852,2022-08-03,24.2380952380952,65.9523809523809,8.47619047619048,12.8095238095238,1191292.14285714,-1846899.28571429,3577,23.68241665454933,64.61624134378586,10.527362214667153
2022-08-11,853,2022-08-11,23.0,65.1904761904762,10.6666666666667,12.7142857142857,1191292.14285714,-1846899.28571429,3577,22.81914164266763,64.82475316220477,11.158391659938006
2022-08-19,854,2022-08-19,22.1904761904762,66.2857142857143,10.4761904761905,12.4285714285714,1191292.14285714,-1846899.28571429,3577,22.168182694495155,65.92953073757042,10.738627729338226
2022-08-27,855,2022-08-27,22.1428571428571,65.8095238095238,10.952380952381,12.1428571428571,1191292.14285714,-1846899.28571429,3577,20.61284226608995,66.63912970413523,11.585066120668131
2022-09-04,856,2022-09-04,19.5238095238095,66.2857142857143,12.8571428571429,11.3333333333333,1191292.14285714,-1846899.28571429,3577,19.60501211894107,69.72447573065728,9.569995535938409
2022-09-20,857,2022-09-20,20.6666666666667,67.8571428571429,10.2857142857143,11.5714285714286,1191292.14285714,-1846899.28571429,3577,19.02870504108611,73.69888212921168,6.295124895743174
2022-09-28,858,2022-09-28,11.6666666666667,85.3333333333333,2.33333333333333,21.3888888888889,1191293.33333333,-1846900.0,3577,19.232052776941558,72.26893127511242,7.406175867475087
2022-10-06,859,2022-10-06,20.7142857142857,70.2380952380952,7.85714285714286,11.2380952380952,1191292.14285714,-1846899.28571429,3577,18.286401936554014,71.6074534340681,8.938310399609387
2022-10-14,860,2022-10-14,19.3809523809524,67.6190476190476,11.8571428571429,10.952380952381,1191292.14285714,-1846899.28571429,3577,17.49266007470082,69.36294665086196,11.966082421189004
2022-10-22,861,2022-10-22,21.6666666666667,70.2380952380952,6.95238095238095,11.1428571428571,1191292.14285714,-1846899.28571429,3577,16.64132358868953,65.90933163842394,16.249615709365614
2022-10-30,862,2022-10-30,13.8095238095238,53.4285714285714,31.0952380952381,12.4761904761905,1191292.14285714,-1846899.28571429,3577,16.21617726958287,63.27381558070414,19.27570820378208
2022-11-07,863,2022-11-07,13.9047619047619,50.7142857142857,33.7619047619048,8.52380952380952,1191292.14285714,-1846899.28571429,3577,16.500447494255575,60.32428904371631,21.90233104446949
2022-11-23,864,2022-11-23,13.5714285714286,73.0,13.0,17.7142857142857,1191306.42857143,-1846857.85714286,3577,18.0779040074706,56.85590238221822,23.74914134876542
2022-12-09,865,2022-12-09,26.6190476190476,46.6190476190476,25.1904761904762,11.0952380952381,1191292.14285714,-1846899.28571429,3577,21.685982805177876,52.521407843389305,24.42376311748273
2022-12-17,866,2022-12-17,27.6666666666667,48.0952380952381,22.6666666666667,9.38095238095238,1191292.14285714,-1846899.28571429,3577,28.215786134516797,46.831159566840725,23.52178723491196
2023-01-26,867,2023-01-26,39.8571428571429,41.0,17.6190476190476,17.1904761904762,1191292.14285714,-1846899.28571429,3577,38.712082493816254,39.153113584615156,20.626771468821424
2023-02-11,868,2023-02-11,53.4285714285714,27.0714285714286,17.9285714285714,24.2857142857143,1191274.28571429,-1846907.14285714,3577,54.37330663259458,28.71282782118695,15.310240470457131
