time,Unnamed: 0,time_ymd,pv,npv,bs,ue,x,y,spatial_ref,pv_filter,npv_filter,bs_filter
1987-09-14,1,1987-09-14,7.125,50.3333333333333,41.125,11.5833333333333,129797.5,-2399232.5,3577,5.117385477582822,47.35133585597976,46.18132238275429
1987-09-30,2,1987-09-30,1.875,40.9583333333333,56.0,17.2916666666667,129797.5,-2399232.5,3577,5.544278383868173,46.700170565302145,46.38690680950737
1987-10-16,3,1987-10-16,6.79166666666667,47.25,44.4583333333333,11.0833333333333,129797.5,-2399232.5,3577,7.053092250170443,46.27463604650139,45.3196914955815
1987-11-17,4,1987-11-17,10.9166666666667,47.9583333333333,39.8333333333333,11.2083333333333,129797.5,-2399232.5,3577,9.014198549415287,46.06699125894175,43.59900820427127
1987-12-03,5,1987-12-03,10.875,41.5,46.125,10.8333333333333,129797.5,-2399232.5,3577,10.924412099624961,46.061866181061234,41.729141465403
1987-12-19,6,1987-12-19,12.7916666666667,54.5416666666667,31.5833333333333,10.625,129797.5,-2399232.5,3577,12.406991063918314,46.23626181037171,40.099328575334724
1988-01-04,7,1988-01-04,15.4166666666667,49.125,34.4583333333333,10.6666666666667,129797.5,-2399232.5,3577,13.211636950510782,46.55955016345881,38.98375959695617
1988-01-20,8,1988-01-20,12.2083333333333,40.4583333333333,45.9166666666667,11.0833333333333,129797.5,-2399232.5,3577,13.214494612712453,46.993474275974975,38.54157735968305
1988-02-21,9,1988-02-21,9.41666666666667,46.5833333333333,42.625,10.4166666666667,129797.5,-2399232.5,3577,11.531586705346584,46.52251798768129,40.67106526084247
1988-03-08,10,1988-03-08,11.4583333333333,44.9583333333333,42.125,10.4583333333333,129797.5,-2399232.5,3577,10.234555305374197,47.441001464988155,40.9976861373859
1988-04-09,11,1988-04-09,9.83333333333333,51.4583333333333,37.6666666666667,11.1666666666667,129797.5,-2399232.5,3577,8.886335671551052,48.240906925884204,41.53838576283776
1988-06-28,12,1988-06-28,6.66666666666667,50.3333333333333,41.5833333333333,11.5,129797.5,-2399232.5,3577,7.42310127952431,48.56317250859867,42.665693310810795
1988-07-14,13,1988-07-14,6.45833333333333,50.25,41.7916666666667,12.0,129797.5,-2399232.5,3577,6.875003608361711,49.75880891553522,42.032735968875215
1988-07-30,14,1988-07-30,6.04166666666667,46.7916666666667,45.875,11.5,129797.5,-2399232.5,3577,6.427314945115847,49.318847561100256,42.8883581588626
1988-08-15,15,1988-08-15,6.25,48.5833333333333,43.9166666666667,11.4166666666667,129797.5,-2399232.5,3577,5.462040023958714,47.814393037296114,45.286384925697064
1988-08-31,16,1988-08-31,5.75,46.6666666666667,46.0416666666667,11.375,129797.5,-2399232.5,3577,4.973612945361431,46.857644677297124,46.69294456832462
1988-10-02,17,1988-10-02,6.45833333333333,45.5416666666667,46.4166666666667,10.7916666666667,129797.5,-2399232.5,3577,6.684306147927431,46.297251510092906,45.515564672678636
1988-10-18,18,1988-10-18,6.875,46.4583333333333,45.0833333333333,10.2916666666667,129797.5,-2399232.5,3577,7.669355798998609,46.5381584359843,44.35353204586289
1988-11-03,19,1988-11-03,6.625,48.125,43.9166666666667,10.6666666666667,129797.5,-2399232.5,3577,8.329386686583579,46.10968520642754,44.110816428147295
1988-12-21,20,1988-12-21,12.3333333333333,44.875,41.5,10.375,129797.5,-2399232.5,3577,10.322065318580796,46.1294536217068,42.16873516060191
1989-01-06,21,1989-01-06,16.0,46.5416666666667,36.0833333333333,11.0416666666667,129797.5,-2399232.5,3577,13.330965345282237,46.24459918305976,39.116275880975905
1989-01-22,22,1989-01-22,16.375,47.875,34.4583333333333,10.9166666666667,129797.5,-2399232.5,3577,17.150446174050423,46.76211597998824,34.80775906239782
1989-02-23,23,1989-02-23,13.9166666666667,44.4583333333333,40.375,10.625,129797.5,-2399232.5,3577,21.195085229524786,47.46914849855316,30.003699473896233
1989-04-28,24,1989-04-28,27.3333333333333,48.7083333333333,22.5416666666667,11.625,129797.5,-2399232.5,3577,24.587068890857786,48.41765265177853,25.63139672504615
1989-05-30,25,1989-05-30,30.875,51.3333333333333,16.5416666666667,13.75,129797.5,-2399232.5,3577,26.749689680800238,49.20946365295474,22.670122576078946
1989-06-15,26,1989-06-15,27.625,49.125,21.625,13.5,129813.75,-2399190.0,3577,27.50952246927067,49.65579557180982,21.480643840160763
1989-07-01,27,1989-07-01,26.7083333333333,49.4166666666667,22.5833333333333,12.7083333333333,129797.5,-2399232.5,3577,26.924893733713233,49.379728759365335,22.34804553031772
1989-07-17,28,1989-07-17,23.7916666666667,50.125,24.8333333333333,13.5416666666667,129797.5,-2399232.5,3577,25.015091075071858,49.16600994464038,24.49308276862088
1989-08-02,29,1989-08-02,20.5,47.0,31.3333333333333,11.9583333333333,129797.5,-2399232.5,3577,21.754873093879134,48.33944229144747,28.58595120049798
1989-08-18,30,1989-08-18,19.2083333333333,46.6666666666667,32.75,11.9166666666667,129797.5,-2399232.5,3577,18.189475127552914,47.38659637575339,33.15231620803878
1989-09-03,31,1989-09-03,16.6666666666667,48.25,33.7083333333333,11.7916666666667,129797.5,-2399232.5,3577,16.3975504629505,47.5779947606502,34.765468148976865
1989-09-19,32,1989-09-19,15.1666666666667,47.875,35.7083333333333,10.1666666666667,129797.5,-2399232.5,3577,15.587744556782475,47.53132419695177,35.622556236327995
1989-10-05,33,1989-10-05,16.5833333333333,47.25,34.9166666666667,10.9166666666667,129797.5,-2399232.5,3577,15.664628843806069,47.502248912071536,35.48996153484786
1989-11-06,34,1989-11-06,14.875,47.5833333333333,36.2083333333333,10.75,129797.5,-2399232.5,3577,16.565343840883152,47.72169600264861,34.37614294889322
1989-11-22,35,1989-11-22,16.8333333333333,49.5416666666667,32.4583333333333,11.3333333333333,129797.5,-2399232.5,3577,17.742764330609965,48.348431625127176,32.596141216879374
1989-12-08,36,1989-12-08,19.25,47.2083333333333,32.0,11.3333333333333,129797.5,-2399232.5,3577,18.704087192474475,48.093842689810714,31.918251639996093
1989-12-24,37,1989-12-24,21.9583333333333,47.2083333333333,29.5,11.3333333333333,129797.5,-2399232.5,3577,19.164566599548237,48.29290433507977,31.265132571242447
1990-02-26,38,1990-02-26,18.1666666666667,51.0,29.625,11.4583333333333,129797.5,-2399232.5,3577,18.563591980771864,49.33299053886551,30.841801258592305
1990-03-14,39,1990-03-14,16.0833333333333,49.2083333333333,33.6666666666667,11.25,129797.5,-2399232.5,3577,16.90894567248805,49.96382345723704,31.875092013245137
1990-03-30,40,1990-03-30,15.6666666666667,50.4166666666667,32.5833333333333,11.625,129797.5,-2399232.5,3577,15.254020618182444,50.493617708393444,32.971732086278244
1990-05-01,41,1990-05-01,13.1666666666667,49.625,35.8333333333333,11.6666666666667,129797.5,-2399232.5,3577,13.788127764905923,51.037712803185045,33.847267026054546
1990-05-17,42,1990-05-17,12.4166666666667,53.9166666666667,32.2916666666667,10.7916666666667,129797.5,-2399232.5,3577,13.251177228342467,51.0846350501847,34.306991383224656
1990-06-02,43,1990-06-02,12.5416666666667,50.5833333333333,35.4166666666667,12.7916666666667,129797.5,-2399232.5,3577,13.368919908778622,50.511350104995806,34.69956771813839
1990-06-18,44,1990-06-18,14.0416666666667,47.9583333333333,36.5416666666667,12.7916666666667,129797.5,-2399232.5,3577,13.763321173148855,49.88153564700805,34.91226626829822
1990-07-20,45,1990-07-20,16.125,50.5,32.0,12.4166666666667,129797.5,-2399232.5,3577,13.7488994493618,49.712530761284924,35.141473078000345
1990-08-21,46,1990-08-21,13.5,48.75,36.4583333333333,12.0416666666667,129797.5,-2399232.5,3577,13.25177531446683,49.24476336356403,36.15049939739803
1990-09-06,47,1990-09-06,11.2083333333333,48.2083333333333,39.25,12.1666666666667,129797.5,-2399232.5,3577,13.030739642192803,48.93236214249414,36.70600774354095
1990-10-08,48,1990-10-08,10.25,50.0833333333333,38.2916666666667,11.2083333333333,129797.5,-2399232.5,3577,10.88101784696049,48.62654708551813,39.17015685552251
1990-11-09,49,1990-11-09,10.0416666666667,48.9166666666667,39.7083333333333,10.9166666666667,129797.5,-2399232.5,3577,8.36717346121245,48.894341726377746,41.40842155779616
1990-11-25,50,1990-11-25,9.25,49.0833333333333,40.4583333333333,11.0,129797.5,-2399232.5,3577,7.183938094927738,48.71569709959073,42.777443402824
1990-12-11,51,1990-12-11,7.70833333333333,47.7083333333333,43.125,10.0,129797.5,-2399232.5,3577,8.129334545742008,48.19572932227008,42.357826899616235
1990-12-27,52,1990-12-27,9.625,48.0833333333333,41.0416666666667,10.9583333333333,129797.5,-2399232.5,3577,12.657335440615293,50.271531100470945,35.90406265560529
1991-01-12,53,1991-01-12,10.125,49.375,39.125,10.4583333333333,129797.5,-2399232.5,3577,15.789916610734696,48.72083270186256,34.02136872415004
1991-03-17,54,1991-03-17,25.5416666666667,49.8333333333333,23.4166666666667,12.375,129797.5,-2399232.5,3577,20.76678520137963,47.76927948212063,29.96904926858042
1991-04-02,55,1991-04-02,30.1666666666667,49.2916666666667,19.2916666666667,12.75,129797.5,-2399232.5,3577,25.958177271640892,47.88692834512551,24.811586633177384
1991-04-18,56,1991-04-18,30.4583333333333,48.4166666666667,19.6666666666667,13.0,129797.5,-2399232.5,3577,29.940476448211925,48.715449926742956,20.211804578287648
1991-05-04,57,1991-05-04,29.5416666666667,47.8333333333333,21.25,12.9583333333333,129797.5,-2399232.5,3577,31.606184192479795,49.218124625625016,18.27752819935211
1991-06-21,58,1991-06-21,23.25,38.2083333333333,37.125,10.75,129797.5,-2399232.5,3577,30.616430138484404,49.08993032250813,19.544215974940613
1991-07-07,59,1991-07-07,38.5,63.0,0.0,8.0,129840.0,-2399295.0,3577,27.63610834469556,49.12076919467826,22.577539204857803
1991-07-23,60,1991-07-23,21.5416666666667,50.2916666666667,26.875,13.875,129797.5,-2399232.5,3577,24.09711006227676,49.230752993129535,25.94113317023144
1991-08-08,61,1991-08-08,20.0416666666667,46.7916666666667,31.8333333333333,12.5833333333333,129797.5,-2399232.5,3577,21.690682124889427,49.27641772571376,28.18365754472142
1991-08-24,62,1991-08-24,18.375,44.3333333333333,36.0833333333333,11.9583333333333,129797.5,-2399232.5,3577,19.84061591143339,49.258159410241845,29.830176015930057
1991-09-09,63,1991-09-09,17.25,48.875,32.4583333333333,11.9583333333333,129797.5,-2399232.5,3577,17.787462924070173,48.59052840863261,32.282449104038704
1991-09-25,64,1991-09-25,16.875,49.9583333333333,31.7916666666667,11.125,129797.5,-2399232.5,3577,16.05167446072778,47.82452441778352,34.62628547922148
1991-10-11,65,1991-10-11,16.9583333333333,48.2916666666667,33.4166666666667,11.3333333333333,129797.5,-2399232.5,3577,14.806505156348127,46.38922687219207,37.28719500313371
1991-10-27,66,1991-10-27,14.4583333333333,48.1666666666667,36.125,11.2083333333333,129797.5,-2399232.5,3577,15.50418119032436,48.47338201013949,34.78299667308436
1991-11-12,67,1991-11-12,15.375,47.0416666666667,36.125,10.2916666666667,129797.5,-2399232.5,3577,13.948293966093717,47.792796986288316,36.88603978580208
1991-11-28,68,1991-11-28,10.375,45.8333333333333,42.4583333333333,8.91666666666667,129797.5,-2399232.5,3577,13.28492083251946,47.297847792035796,38.03402595855589
1992-01-15,69,1992-01-15,13.7083333333333,48.0416666666667,36.875,11.2916666666667,129797.5,-2399232.5,3577,12.771758427329274,47.48208177270938,38.38399474621811
1992-02-16,70,1992-02-16,12.6666666666667,47.2916666666667,38.5,11.2083333333333,129797.5,-2399232.5,3577,12.551689796269972,47.45935630416348,38.569359948611144
1992-03-03,71,1992-03-03,12.625,51.4166666666667,34.6666666666667,11.1666666666667,129797.5,-2399232.5,3577,12.63033045385799,49.456599515028664,36.50867450402508
1992-03-19,72,1992-03-19,13.4166666666667,48.7083333333333,36.5833333333333,11.2083333333333,129797.5,-2399232.5,3577,12.526979728216261,50.7776048770555,35.3190162520605
1992-04-04,73,1992-04-04,12.4166666666667,51.2916666666667,34.8333333333333,11.4583333333333,129797.5,-2399232.5,3577,12.317831806994075,50.995058347217906,35.34937070153259
1992-04-20,74,1992-04-20,12.4583333333333,51.3333333333333,34.875,11.2916666666667,129797.5,-2399232.5,3577,12.90558508398875,51.9758943326977,33.80147088892713
1992-05-06,75,1992-05-06,12.6666666666667,50.4583333333333,35.5,12.0,129797.5,-2399232.5,3577,13.505395404387208,50.71798119320579,34.49306292262432
1992-05-22,76,1992-05-22,12.7916666666667,55.7083333333333,30.4583333333333,14.25,129797.5,-2399232.5,3577,13.726535152152296,49.47829149693733,35.500535712991706
1992-06-07,77,1992-06-07,13.75,40.75,44.0416666666667,9.75,129797.5,-2399232.5,3577,14.36265420166134,47.39062614371502,36.909856053813385
1992-07-09,78,1992-07-09,15.9583333333333,47.7083333333333,35.0,12.9583333333333,129797.5,-2399232.5,3577,12.804834097788827,46.029151189361016,39.79842229493338
1992-08-10,79,1992-08-10,13.5833333333333,47.6666666666667,37.3333333333333,12.5833333333333,129797.5,-2399232.5,3577,11.067211684083082,44.7891481583365,42.73653887391639
1992-08-26,80,1992-08-26,8.38888888888889,37.8333333333333,52.2777777777778,12.7222222222222,129780.0,-2399235.0,3577,9.966566929800724,45.053172962221964,43.510619583368495
1992-10-29,81,1992-10-29,6.65,50.6,41.25,12.75,129787.5,-2399239.5,3577,9.503367839589316,45.12579234490325,43.91563093768319
1992-11-30,82,1992-11-30,11.0,45.875,41.7083333333333,10.5833333333333,129797.5,-2399232.5,3577,10.81168728072591,48.38113614970477,39.364190118441186
1992-12-16,83,1992-12-16,5.95238095238095,50.5714285714286,42.0952380952381,10.5238095238095,129795.0,-2399236.42857143,3577,12.169044792494994,49.45598171177928,36.987455698750466
1993-03-06,84,1993-03-06,21.375,49.0,28.3333333333333,12.7916666666667,129797.5,-2399232.5,3577,13.707304563339669,48.2177711349466,36.71368530849405
1993-03-22,85,1993-03-22,17.25,49.5833333333333,31.8333333333333,12.1666666666667,129797.5,-2399232.5,3577,14.905049156207912,48.54616191341472,35.26070678546931
1993-04-07,86,1993-04-07,14.25,48.5416666666667,36.0,12.0,129797.5,-2399232.5,3577,15.016778019020348,48.436828702765744,35.29643438776037
1993-04-23,87,1993-04-23,13.875,51.0,33.75,12.625,129797.5,-2399232.5,3577,13.964090991565687,48.74677154629986,36.09403831462114
1993-05-25,88,1993-05-25,7.5,36.4583333333333,54.9583333333333,11.75,129797.5,-2399232.5,3577,12.92237922036491,49.50250794096803,36.37590647226325
1993-06-10,89,1993-06-10,13.0833333333333,59.25,26.5416666666667,15.0833333333333,129797.5,-2399232.5,3577,11.894004859947358,50.26460587914944,36.64870320597326
1993-06-26,90,1993-06-26,12.5416666666667,55.25,30.9583333333333,14.125,129797.5,-2399232.5,3577,10.733391221779714,51.804660509761106,36.225154489467954
1993-07-12,91,1993-07-12,13.1666666666667,53.4583333333333,32.0833333333333,13.875,129797.5,-2399232.5,3577,11.856445798781493,53.933392330056066,32.937904587667454
1993-07-28,92,1993-07-28,12.0,52.9583333333333,33.75,13.5,129797.5,-2399232.5,3577,12.163340658307886,55.88877312057588,30.62678343328039
1993-08-13,93,1993-08-13,11.2083333333333,50.4583333333333,36.7916666666667,13.0,129797.5,-2399232.5,3577,11.916841672257855,56.381725086051006,30.340914503448673
1993-09-30,94,1993-09-30,9.41666666666667,62.625,26.7083333333333,15.125,129797.5,-2399232.5,3577,11.354660561315217,55.83015436574972,31.390023418269507
1993-10-16,95,1993-10-16,12.0416666666667,54.4583333333333,32.0,11.0,129797.5,-2399232.5,3577,10.364029675173642,52.597778511470324,35.61887931469444
1993-11-17,96,1993-11-17,10.875,55.6666666666667,32.1666666666667,13.125,129797.5,-2399232.5,3577,10.19299598749911,53.97672966867208,34.43052368167954
1993-12-03,97,1993-12-03,9.41666666666667,48.2916666666667,40.7916666666667,12.375,129797.5,-2399232.5,3577,9.569649148276389,53.26186992148683,35.747414873411174
1994-01-04,98,1994-01-04,7.58333333333333,50.125,40.8333333333333,12.0416666666667,129797.5,-2399232.5,3577,9.225446789595846,53.02434413761251,36.330699175462456
1994-01-20,99,1994-01-20,9.375,53.625,35.5833333333333,12.3333333333333,129797.5,-2399232.5,3577,8.47636442807961,52.68438431142526,37.40959252457054
1994-02-05,100,1994-02-05,7.70833333333333,54.5416666666667,36.4166666666667,12.125,129797.5,-2399232.5,3577,7.2453629354911495,52.370888323712414,38.93710517612685
1994-02-21,101,1994-02-21,5.375,59.0416666666667,34.0833333333333,10.25,129797.5,-2399232.5,3577,5.633277531063973,53.54192211751511,39.38283418001915
1994-04-10,102,1994-04-10,5.45833333333333,47.4583333333333,45.5416666666667,10.4166666666667,129797.5,-2399232.5,3577,4.804643771816609,52.981198838184184,40.75806946649536
1994-05-28,103,1994-05-28,4.45833333333333,53.75,40.5,13.0416666666667,129797.5,-2399232.5,3577,3.9967960392057478,52.52572322201387,42.05021726588208
1994-06-13,104,1994-06-13,1.64705882352941,49.0588235294118,47.8235294117647,10.5294117647059,129817.941176471,-2399240.29411765,3577,3.605460609625979,51.46265376400285,43.55424356193147
1994-07-31,105,1994-07-31,3.0,51.875,43.7916666666667,12.5,129797.5,-2399232.5,3577,3.685516116857762,49.60174375720666,45.40596665065574
1994-08-16,106,1994-08-16,5.04166666666667,52.75,40.875,12.8333333333333,129797.5,-2399232.5,3577,4.233519333819194,53.708897352260294,40.77132298284486
1994-09-01,107,1994-09-01,6.375,51.7916666666667,40.7083333333333,12.125,129797.5,-2399232.5,3577,4.1053839849818035,53.77987063700384,40.86953510808984
1994-09-17,108,1994-09-17,4.79166666666667,53.0833333333333,40.9166666666667,11.8333333333333,129797.5,-2399232.5,3577,5.654053316317997,53.11748789287378,39.94068196569421
1994-10-03,109,1994-10-03,5.95833333333333,52.25,40.5416666666667,11.7916666666667,129797.5,-2399232.5,3577,6.555036658841904,49.42278387625719,42.71957749573894
1994-12-06,110,1994-12-06,5.70833333333333,50.4166666666667,42.375,11.4166666666667,129797.5,-2399232.5,3577,6.961380489539168,46.51500569483849,45.25759239318252
1995-01-23,111,1995-01-23,6.91666666666667,51.1666666666667,40.5833333333333,11.4583333333333,129797.5,-2399232.5,3577,7.173854153797544,43.095389536548204,48.47490455349183
1995-04-13,112,1995-04-13,9.875,16.8125,72.25,5.625,129781.875,-2399218.125,3577,7.779259311378902,41.65178081721578,49.35142927247453
1995-05-31,113,1995-05-31,11.9166666666667,52.375,34.4166666666667,13.0833333333333,129797.5,-2399232.5,3577,8.774134534195154,41.79261431292541,48.247322143793255
1995-07-18,114,1995-07-18,2.125,43.25,53.6875,17.0625,129798.75,-2399208.75,3577,9.641147423266734,43.4655013459128,45.712002587189254
1995-08-19,115,1995-08-19,11.9166666666667,50.0833333333333,36.75,12.7083333333333,129797.5,-2399232.5,3577,9.038662704683034,46.77815650551018,42.98388820930749
1995-09-04,116,1995-09-04,10.9583333333333,49.8333333333333,37.8333333333333,11.7916666666667,129797.5,-2399232.5,3577,8.828013704560377,50.22459216479362,39.67882143655545
1995-10-22,117,1995-10-22,9.70833333333333,51.7916666666667,37.125,11.875,129797.5,-2399232.5,3577,9.35835011221868,51.469194054132174,37.796881201867826
1995-11-23,118,1995-11-23,9.25,49.75,39.5416666666667,11.7083333333333,129797.5,-2399232.5,3577,10.141246653242037,50.69650331607778,37.71816206239018
1995-12-09,119,1995-12-09,8.29166666666667,49.3333333333333,40.9166666666667,11.7916666666667,129797.5,-2399232.5,3577,11.45688367360022,47.241144626779985,39.83858936470571
1995-12-25,120,1995-12-25,10.75,47.6666666666667,40.25,11.1666666666667,129797.5,-2399232.5,3577,11.978209097402349,49.0255733688323,37.53217757474164
1996-01-10,121,1996-01-10,17.2083333333333,45.3333333333333,35.9166666666667,12.0833333333333,129797.5,-2399232.5,3577,11.254270497302858,48.89099857829778,38.486589970910856
1996-02-11,122,1996-02-11,12.125,47.9166666666667,38.625,11.625,129797.5,-2399232.5,3577,11.718751578656939,50.05659987586484,36.8762151161477
1996-02-27,123,1996-02-27,8.79166666666667,56.3333333333333,33.5833333333333,11.3333333333333,129797.5,-2399232.5,3577,11.43489250687221,50.57606248240168,36.66960026557004
1996-06-02,124,1996-06-02,10.4583333333333,53.4166666666667,34.9166666666667,12.5,129797.5,-2399232.5,3577,10.78206391131926,51.02864588970638,36.89564885578267
1996-08-05,125,1996-08-05,8.45833333333333,48.125,42.1666666666667,10.0833333333333,129797.5,-2399232.5,3577,10.150594116923868,50.7546439628407,37.82993154935315
1996-08-21,126,1996-08-21,11.125,50.0,37.5416666666667,12.0416666666667,129797.5,-2399232.5,3577,9.515090172983491,50.041076699350945,39.18918014389565
1996-09-06,127,1996-09-06,10.2916666666667,46.5833333333333,41.7083333333333,11.8333333333333,129797.5,-2399232.5,3577,10.548766120358977,49.00154077088329,39.17332499800955
1996-09-22,128,1996-09-22,10.5,47.75,40.5833333333333,11.3333333333333,129797.5,-2399232.5,3577,9.888113692291784,47.5900809716528,41.188393520817705
1996-10-08,129,1996-10-08,9.25,49.2083333333333,40.2083333333333,11.4166666666667,129797.5,-2399232.5,3577,7.955243672734751,47.14901004567483,43.496830955415774
1996-10-24,130,1996-10-24,9.04166666666667,48.1666666666667,41.4166666666667,11.3333333333333,129797.5,-2399232.5,3577,7.5265160536047135,47.93678058267125,43.12978378689806
1996-11-25,131,1996-11-25,7.70833333333333,48.0,42.75,10.875,129797.5,-2399232.5,3577,8.712951135550453,48.34326896013479,41.558122604943016
1996-12-11,132,1996-12-11,7.95833333333333,47.75,42.875,10.2916666666667,129797.5,-2399232.5,3577,11.13041525038263,48.14385008695433,39.38422928979617
1996-12-27,133,1996-12-27,6.54166666666667,47.2083333333333,44.9583333333333,10.625,129797.5,-2399232.5,3577,14.209541232758925,48.10500696413288,36.36142533936109
1997-03-01,134,1997-03-01,25.625,50.0833333333333,23.0416666666667,12.4166666666667,129797.5,-2399232.5,3577,17.156445979198836,49.03356318603262,32.510409224413664
1997-03-17,135,1997-03-17,23.25,49.7083333333333,26.0416666666667,12.3333333333333,129797.5,-2399232.5,3577,18.591145438665883,49.72459442002042,30.485862434774305
1997-04-02,136,1997-04-02,16.1666666666667,49.4166666666667,33.0416666666667,11.5833333333333,129797.5,-2399232.5,3577,17.83923210432232,50.269885687060835,30.67549272192778
1997-04-18,137,1997-04-18,14.3333333333333,49.2916666666667,35.0833333333333,11.2083333333333,129797.5,-2399232.5,3577,15.406845277339741,49.9485328561035,33.40115997380487
1997-06-21,138,1997-06-21,9.04166666666667,52.2916666666667,37.2916666666667,12.5833333333333,129797.5,-2399232.5,3577,10.877296886899817,49.61443660007512,38.17549124577826
1997-07-07,139,1997-07-07,7.45833333333333,51.3333333333333,40.0,12.25,129797.5,-2399232.5,3577,6.663015495620743,48.92995110011688,43.03309508297606
1997-08-24,140,1997-08-24,2.45454545454545,43.2272727272727,52.9090909090909,8.0,129801.818181818,-2399228.18181818,3577,3.8145890370061384,48.85898124765956,45.90513934184088
1997-09-25,141,1997-09-25,4.95833333333333,50.125,43.2083333333333,11.2916666666667,129797.5,-2399232.5,3577,4.721285141351982,49.46582183412994,44.35384966379236
1997-11-28,142,1997-11-28,5.75,49.625,43.375,11.3333333333333,129797.5,-2399232.5,3577,5.831194640333936,50.09607003372085,42.62298054698205
1997-12-14,143,1997-12-14,6.25,52.375,39.8333333333333,11.1666666666667,129797.5,-2399232.5,3577,6.80737444373707,50.44744042428343,41.26449413706044
1998-01-15,144,1998-01-15,11.5416666666667,51.0833333333333,36.0,11.5833333333333,129797.5,-2399232.5,3577,8.483564809801935,50.99765366211972,39.06356311386686
1998-01-31,145,1998-01-31,8.45833333333333,52.7916666666667,37.1666666666667,11.0833333333333,129797.5,-2399232.5,3577,9.516215080068154,51.0782753108528,37.95685661087571
1998-03-20,146,1998-03-20,10.125,48.9583333333333,39.5833333333333,11.0416666666667,129797.5,-2399232.5,3577,10.298272676754117,50.663204442608624,37.63875237249289
1998-04-05,147,1998-04-05,9.79166666666667,48.8333333333333,40.0416666666667,10.9166666666667,129797.5,-2399232.5,3577,10.691301861191912,49.6146313696549,38.318966637072386
1998-05-07,148,1998-05-07,9.58333333333333,48.625,40.375,11.625,129797.5,-2399232.5,3577,10.49106208548777,49.344723130319466,38.79628627306068
1998-05-23,149,1998-05-23,11.7916666666667,50.0833333333333,36.7916666666667,11.8333333333333,129797.5,-2399232.5,3577,10.264947642655093,49.091125592666245,39.333092475114476
1998-06-08,150,1998-06-08,9.29166666666667,48.5416666666667,40.7916666666667,11.9583333333333,129797.5,-2399232.5,3577,9.214510850345395,49.260506650205166,40.18101441901152
1998-07-10,151,1998-07-10,9.79166666666667,51.4166666666667,37.5833333333333,9.79166666666667,129797.5,-2399232.5,3577,8.732301882842386,48.544586734207954,41.35318113258671
1998-09-12,152,1998-09-12,7.41666666666667,47.5833333333333,43.5833333333333,11.0416666666667,129797.5,-2399232.5,3577,7.419810452704082,48.987830796647,42.19029603007299
1998-09-28,153,1998-09-28,5.0,47.0833333333333,46.4583333333333,11.375,129797.5,-2399232.5,3577,7.1333082552112135,48.68111455107631,42.811517172191856
1998-11-15,154,1998-11-15,9.5,49.25,39.8333333333333,11.1666666666667,129797.5,-2399232.5,3577,7.971359522828919,47.956456082609904,42.72282451809674
1998-12-01,155,1998-12-01,7.0,47.0,44.625,11.375,129797.5,-2399232.5,3577,9.874755533422782,48.05494002900406,40.751484841262
1999-01-18,156,1999-01-18,13.7083333333333,48.5416666666667,36.5833333333333,11.4583333333333,129797.5,-2399232.5,3577,12.27147426876345,48.313512596787106,38.12513621568776
1999-02-03,157,1999-02-03,13.375,51.625,33.8333333333333,10.75,129797.5,-2399232.5,3577,14.077784573525495,48.560669206946784,36.09447505538295
1999-02-19,158,1999-02-19,18.0416666666667,44.3333333333333,36.3333333333333,11.1666666666667,129797.5,-2399232.5,3577,15.12284490535038,48.830031681417566,34.797144161303024
1999-03-07,159,1999-03-07,15.7083333333333,49.25,33.7083333333333,11.25,129797.5,-2399232.5,3577,15.028982369537403,48.14300573007283,35.559611956665435
1999-03-23,160,1999-03-23,12.625,51.2083333333333,34.8333333333333,11.0416666666667,129797.5,-2399232.5,3577,13.990095044272536,47.82462184357753,36.87608521508896
1999-04-08,161,1999-04-08,11.1666666666667,45.5,41.9583333333333,10.4166666666667,129797.5,-2399232.5,3577,12.920461762178121,48.00444009034622,37.73788401999909
1999-04-24,162,1999-04-24,11.1666666666667,47.875,39.6666666666667,10.8333333333333,129797.5,-2399232.5,3577,11.103372375816564,47.983541355438206,39.53710930451824
1999-05-10,163,1999-05-10,10.5416666666667,47.375,40.7083333333333,11.0416666666667,129797.5,-2399232.5,3577,10.251474918269077,48.55954700613417,39.797202797196846
1999-05-26,164,1999-05-26,10.6666666666667,49.625,38.3333333333333,11.125,129797.5,-2399232.5,3577,9.418777558869053,49.426458861048985,39.759563965440385
1999-06-11,165,1999-06-11,8.625,50.9583333333333,38.9166666666667,12.0416666666667,129797.5,-2399232.5,3577,8.877361673412995,49.062454444413035,40.63669019318567
1999-06-27,166,1999-06-27,8.20833333333333,49.0833333333333,41.2916666666667,11.625,129797.5,-2399232.5,3577,8.360079420062695,49.17061060713575,41.027769959652375
1999-07-21,167,1999-07-21,7.16666666666667,48.4583333333333,42.875,11.2083333333333,129797.5,-2399232.5,3577,7.538505740903993,49.209836216407794,41.81914074057411
1999-07-29,168,1999-07-29,7.375,48.5833333333333,42.7083333333333,11.0416666666667,129797.5,-2399232.5,3577,6.993488395661261,48.237307858598925,43.353426069818155
1999-08-14,169,1999-08-14,6.25,46.6666666666667,45.7083333333333,10.9583333333333,129797.5,-2399232.5,3577,7.224267980862674,46.34724831747627,45.019986995767724
1999-08-30,170,1999-08-30,6.66666666666667,45.5,46.375,10.5,129797.5,-2399232.5,3577,7.107367970790657,46.14279691569014,45.37423196782797
1999-09-07,171,1999-09-07,8.66666666666667,47.875,42.1666666666667,10.75,129797.5,-2399232.5,3577,6.342890591930566,47.28491373345291,45.01769419501619
1999-09-15,172,1999-09-15,5.41666666666667,48.4583333333333,44.7916666666667,11.0833333333333,129797.5,-2399232.5,3577,6.124351083025628,48.92955330664924,43.59848622122505
1999-09-23,173,1999-09-23,7.54166666666667,47.0416666666667,44.0416666666667,10.4166666666667,129797.5,-2399232.5,3577,6.751439030748832,50.67672356583297,41.31092104713444
1999-10-09,174,1999-10-09,5.95833333333333,52.25,40.5416666666667,11.375,129797.5,-2399232.5,3577,7.019354394874952,51.677298785919405,40.059003437665524
1999-11-26,175,1999-11-26,4.60869565217391,60.2173913043478,34.0869565217391,14.0,129800.217391304,-2399235.0,3577,7.497849415804951,51.96574400830588,39.30242048972112
1999-12-12,176,1999-12-12,10.875,48.25,39.5833333333333,11.625,129797.5,-2399232.5,3577,8.734051075902645,51.64753249957416,38.40465121094511
1999-12-28,177,1999-12-28,15.1666666666667,49.3333333333333,34.4166666666667,12.0,129797.5,-2399232.5,3577,11.182208983189959,50.8646470974097,36.760325486864616
2000-01-13,178,2000-01-13,11.375,49.3333333333333,38.125,11.4583333333333,129797.5,-2399232.5,3577,13.929156700523595,50.64915194846124,34.277125435469365
2000-01-29,179,2000-01-29,13.75,48.375,36.4166666666667,11.5416666666667,129797.5,-2399232.5,3577,17.16577320467226,50.27423839228176,31.4310113989701
2000-03-01,180,2000-03-01,22.6666666666667,52.6666666666667,23.7916666666667,12.625,129797.5,-2399232.5,3577,21.167172072775337,50.14884272746293,27.58377410268236
2000-03-17,181,2000-03-17,26.0416666666667,52.6666666666667,20.375,12.9166666666667,129797.5,-2399232.5,3577,24.52581073635022,51.035591321221084,23.387384175474644
2000-04-02,182,2000-04-02,27.0,51.5416666666667,20.3333333333333,12.7083333333333,129797.5,-2399232.5,3577,27.247048947593406,52.36755171175241,19.34970765201664
2000-05-04,183,2000-05-04,29.0833333333333,52.125,17.7083333333333,13.9583333333333,129797.5,-2399232.5,3577,29.86876384708756,51.76950320061004,17.31241926288105
2000-05-20,184,2000-05-20,33.875,49.2916666666667,15.7083333333333,12.625,129797.5,-2399232.5,3577,31.63117030028322,51.11979132837504,16.150023093519103
2000-07-23,185,2000-07-23,30.25,50.75,17.9166666666667,14.2083333333333,129797.5,-2399232.5,3577,31.050437694395896,49.80667745566383,17.959860572860958
2000-08-08,186,2000-08-08,29.75,49.875,19.0833333333333,14.0416666666667,129797.5,-2399232.5,3577,31.305911580674703,49.64482614907571,17.79773052025107
2000-08-24,187,2000-08-24,30.6666666666667,49.5416666666667,18.4583333333333,13.7083333333333,129797.5,-2399232.5,3577,31.64318344194033,49.0422683611465,18.049156725624613
2000-09-09,188,2000-09-09,30.5833333333333,47.5416666666667,20.625,13.375,129797.5,-2399232.5,3577,30.075849589002996,48.55694267032553,20.070504701693654
2000-09-25,189,2000-09-25,29.125,47.6666666666667,21.7916666666667,13.0,129797.5,-2399232.5,3577,27.47925822886713,48.29228189250691,22.889299039450428
2000-10-11,190,2000-10-11,26.2916666666667,50.125,22.4166666666667,13.2916666666667,129797.5,-2399232.5,3577,24.979856314991906,48.37381104446948,25.291746050643205
2000-10-27,191,2000-10-27,26.5,49.9166666666667,22.2083333333333,12.2916666666667,129797.5,-2399232.5,3577,23.38064889186832,48.49274628879171,26.788605872967203
2000-11-12,192,2000-11-12,16.125,43.9166666666667,38.5,19.2916666666667,129797.5,-2399232.5,3577,22.18050563986765,49.33915001406526,27.198344483170153
2000-11-28,193,2000-11-28,19.875,53.7916666666667,25.1666666666667,13.9166666666667,129797.5,-2399232.5,3577,22.877446469935308,50.077768335887804,25.798946538493773
2000-12-30,194,2000-12-30,27.375,50.375,21.0,14.75,129797.5,-2399232.5,3577,24.55482726767189,50.930400095253184,23.30276508836532
2001-02-16,195,2001-02-16,29.7083333333333,51.0833333333333,18.0833333333333,14.7083333333333,129797.5,-2399232.5,3577,28.11050250059116,50.943946791075405,19.74453333044368
2001-04-05,196,2001-04-05,31.9583333333333,51.6666666666667,15.2916666666667,16.1666666666667,129797.5,-2399232.5,3577,31.194850685945084,51.72163736675347,15.913521076444388
2001-04-21,197,2001-04-21,33.125,51.4583333333333,14.2083333333333,16.4583333333333,129797.5,-2399232.5,3577,34.42800684866733,50.62166136236584,13.788502132540309
2001-05-07,198,2001-05-07,33.5416666666667,50.4583333333333,14.7083333333333,16.7083333333333,129797.5,-2399232.5,3577,34.66828411526035,50.548413402894994,13.592282975020874
2001-06-08,199,2001-06-08,31.2083333333333,51.0833333333333,16.5,17.0833333333333,129797.5,-2399232.5,3577,31.252739649406802,50.68705120987644,16.862142501458866
2001-06-24,200,2001-06-24,31.625,50.5833333333333,16.6666666666667,17.125,129797.5,-2399232.5,3577,26.746012759166653,52.7966047110705,19.28554147091012
2001-09-12,201,2001-09-12,20.5,54.4166666666667,24.0416666666667,15.5,129797.5,-2399232.5,3577,21.884840907283454,54.535780524936456,22.4390673825625
2001-09-28,202,2001-09-28,19.0833333333333,52.875,26.75,14.9583333333333,129797.5,-2399232.5,3577,17.40879412125281,56.499845742484354,25.009221170982155
2001-10-14,203,2001-10-14,7.29166666666667,66.875,24.9166666666667,6.75,129797.5,-2399232.5,3577,14.69903909299973,57.998672122502455,26.246960856477074
2001-10-30,204,2001-10-30,15.125,55.0833333333333,28.7083333333333,15.2083333333333,129797.5,-2399232.5,3577,13.323907387759867,58.17903974249854,27.405247100676444
2001-11-15,205,2001-11-15,15.5833333333333,57.25,26.0416666666667,16.375,129797.5,-2399232.5,3577,15.127416700943837,57.77121176036721,25.974347247176183
2001-12-17,206,2001-12-17,19.75,55.4583333333333,23.7083333333333,17.0833333333333,129797.5,-2399232.5,3577,18.64372650053485,56.01867598345089,24.20668882201028
2002-01-02,207,2002-01-02,22.5833333333333,53.4166666666667,22.75,16.8333333333333,129797.5,-2399232.5,3577,22.019035015548745,53.67909567212169,23.154631874829647
2002-01-18,208,2002-01-18,23.25,52.125,23.375,16.6666666666667,129797.5,-2399232.5,3577,23.541797469812526,51.79699712051879,23.502286799883898
2002-02-03,209,2002-02-03,24.1666666666667,51.3333333333333,23.375,16.5416666666667,129797.5,-2399232.5,3577,24.341818398316313,50.83767509579443,23.621125520502776
2002-03-07,210,2002-03-07,27.6666666666667,52.2083333333333,19.0833333333333,17.4166666666667,129797.5,-2399232.5,3577,23.232900871055307,51.92688103948937,23.65277988265249
2002-04-24,211,2002-04-24,18.25,48.7916666666667,31.7083333333333,13.0416666666667,129797.5,-2399232.5,3577,22.697192513365607,51.62444611631146,24.468621677596328
2002-05-10,212,2002-05-10,19.2083333333333,54.125,25.3333333333333,17.25,129797.5,-2399232.5,3577,21.657210050008672,52.71557261107556,24.392525817831757
2002-05-26,213,2002-05-26,23.4166666666667,54.0,21.375,17.375,129797.5,-2399232.5,3577,21.27263255320213,53.350001262918965,24.12956277468299
2002-06-11,214,2002-06-11,22.125,54.4583333333333,22.125,17.5416666666667,129797.5,-2399232.5,3577,21.049196417614322,52.95283599268875,24.737737881310025
2002-06-27,215,2002-06-27,20.4583333333333,52.5833333333333,25.75,17.375,129797.5,-2399232.5,3577,20.68296203280414,53.21030530356359,24.86382670476725
2002-07-13,216,2002-07-13,20.125,53.2083333333333,25.4583333333333,17.5,129797.5,-2399232.5,3577,20.592273954112983,53.47774181442111,24.74204265806061
2002-07-29,217,2002-07-29,20.6666666666667,53.0833333333333,25.0833333333333,16.75,129797.5,-2399232.5,3577,20.441537306859335,53.786098962948486,24.616774737127066
2002-08-14,218,2002-08-14,18.6666666666667,52.1666666666667,28.0833333333333,16.5,129797.5,-2399232.5,3577,18.221788917993628,54.101949778799266,26.534935265968414
2002-08-30,219,2002-08-30,16.5833333333333,56.0833333333333,26.2083333333333,15.4583333333333,129797.5,-2399232.5,3577,17.128158219486938,55.79640444693789,25.956598612941463
2002-09-15,220,2002-09-15,16.5,60.125,22.2083333333333,13.4583333333333,129797.5,-2399232.5,3577,16.83222015342509,56.36665385697051,25.69389446981942
2002-10-01,221,2002-10-01,16.1666666666667,54.0,28.6666666666667,15.0416666666667,129797.5,-2399232.5,3577,15.774364567318884,56.15676802556768,26.90105057480818
2002-10-17,222,2002-10-17,13.6666666666667,56.0833333333333,29.0416666666667,14.9166666666667,129797.5,-2399232.5,3577,14.422621367278673,55.39748370823395,28.971357718644434
2002-11-18,223,2002-11-18,13.6666666666667,55.4166666666667,29.7916666666667,14.625,129797.5,-2399232.5,3577,13.190065094861904,54.33934396356186,31.186930329727545
2002-12-20,224,2002-12-20,16.2916666666667,52.4166666666667,29.9166666666667,15.375,129797.5,-2399232.5,3577,12.97630388187472,53.227916820014144,32.46805155628201
2003-01-05,225,2003-01-05,10.7083333333333,49.375,38.4583333333333,13.8333333333333,129797.5,-2399232.5,3577,13.073352601988436,52.686535214004145,32.91612992270395
2003-02-06,226,2003-02-06,10.875,54.7916666666667,33.0,15.25,129797.5,-2399232.5,3577,14.061926721367342,53.156076122012465,31.49084468162945
2003-03-10,227,2003-03-10,15.6666666666667,55.0,28.2083333333333,17.0416666666667,129797.5,-2399232.5,3577,15.573937156752159,53.642866808106476,29.57064813411121
2003-03-26,228,2003-03-26,17.8333333333333,54.0,26.9166666666667,16.875,129797.5,-2399232.5,3577,16.14320779839113,54.0348270150821,28.670342686205284
2003-04-11,229,2003-04-11,19.0,55.625,24.4166666666667,17.125,129797.5,-2399232.5,3577,16.46438997019245,54.8566902653508,27.550657804523667
2003-05-13,230,2003-05-13,15.4583333333333,55.1666666666667,28.2916666666667,17.3333333333333,129797.5,-2399232.5,3577,15.839442291452297,56.401970707302844,26.63443045602092
2003-05-29,231,2003-05-29,15.0,54.4583333333333,29.375,17.5833333333333,129797.5,-2399232.5,3577,14.90690333917665,56.187207271564205,27.757378199711525
2003-09-10,232,2003-09-10,10.25,56.5416666666667,31.9583333333333,15.25,129797.5,-2399232.5,3577,12.669730166632293,55.31569475415398,30.832544003979027
2003-09-26,233,2003-09-26,9.70833333333333,59.4166666666667,29.5,14.6666666666667,129797.5,-2399232.5,3577,10.970368125165253,56.795338175747645,31.042833972008893
2003-10-04,234,2003-10-04,12.5416666666667,56.2083333333333,30.125,15.125,129797.5,-2399232.5,3577,9.693732995589148,57.23532118035906,31.872187281238226
2003-10-12,235,2003-10-12,7.75,57.9583333333333,33.25,14.9166666666667,129797.5,-2399232.5,3577,8.712236679727646,58.09664277929663,31.976639459606805
2003-10-20,236,2003-10-20,11.125,53.625,34.125,15.0,129795.0,-2399280.0,3577,8.996878766227264,59.49392712549718,30.34243362416283
2003-10-28,237,2003-10-28,8.20833333333333,65.0416666666667,25.4583333333333,13.0833333333333,129797.5,-2399232.5,3577,9.910889677916053,60.34489452754805,28.54888700050813
2003-11-13,238,2003-11-13,9.58333333333333,63.8333333333333,25.375,14.1666666666667,129797.5,-2399232.5,3577,10.890693671651789,60.434696753186174,27.545723368474683
2003-12-07,239,2003-12-07,10.0833333333333,55.1666666666667,33.5416666666667,15.25,129797.5,-2399232.5,3577,11.56195739245101,60.17241027805145,27.122007765192574
2003-12-31,240,2003-12-31,15.5833333333333,63.5416666666667,19.7916666666667,15.125,129797.5,-2399232.5,3577,12.662301449838246,59.13803521039481,27.010052898593763
2004-01-08,241,2004-01-08,16.9166666666667,56.7083333333333,25.25,16.625,129797.5,-2399232.5,3577,14.041605324497956,57.94592417385671,26.819332885892358
2004-01-16,242,2004-01-16,13.0416666666667,54.5,31.25,15.2083333333333,129797.5,-2399232.5,3577,14.957306754131142,57.29728308326523,26.56289286048952
2004-01-24,243,2004-01-24,13.7083333333333,55.6666666666667,29.5833333333333,15.5,129797.5,-2399232.5,3577,16.583926909001843,56.11344602249336,26.073679158814578
2004-02-09,244,2004-02-09,18.5,57.0,22.75,16.25,129810.0,-2399295.0,3577,18.1545840640241,56.30544519978662,24.25297329089535
2004-02-17,245,2004-02-17,19.5416666666667,57.3333333333333,22.0416666666667,15.7916666666667,129797.5,-2399232.5,3577,19.80100240316665,55.867175265386706,23.0334405017033
2004-02-25,246,2004-02-25,20.9166666666667,57.8333333333333,20.0833333333333,13.75,129797.5,-2399232.5,3577,19.973480338028455,54.40036047542973,24.349674706095204
2004-03-04,247,2004-03-04,21.9166666666667,51.5833333333333,25.2083333333333,13.9166666666667,129797.5,-2399232.5,3577,19.832417711284727,54.50032655681995,24.43160402548581
2004-03-20,248,2004-03-20,20.6666666666667,50.9166666666667,27.0833333333333,16.0,129797.5,-2399232.5,3577,19.53123849834087,53.4317063225652,25.826283494623276
2004-04-05,249,2004-04-05,17.4583333333333,54.3333333333333,27.1666666666667,16.5833333333333,129797.5,-2399232.5,3577,18.02136060533626,53.44397385379558,27.347740623665317
2004-04-21,250,2004-04-21,13.125,54.5416666666667,31.2083333333333,15.875,129797.5,-2399232.5,3577,17.354011056020845,53.651038847625266,27.846114154159515
2004-04-29,251,2004-04-29,14.4166666666667,54.25,30.125,16.3333333333333,129797.5,-2399232.5,3577,16.687568107844253,55.01000959823668,27.140981438577995
2004-05-31,252,2004-05-31,21.0,58.0,19.8,17.8,129795.0,-2399175.0,3577,16.341851775672865,56.18862716230298,26.377880014718187
2004-06-16,253,2004-06-16,18.625,56.3333333333333,24.0,18.75,129797.5,-2399232.5,3577,15.97108889562211,57.466610917453714,25.487923711991122
2004-06-24,254,2004-06-24,13.5833333333333,58.1666666666667,27.2916666666667,18.4583333333333,129797.5,-2399232.5,3577,15.831229657852685,57.293436568582784,25.826800392586023
2004-07-02,255,2004-07-02,15.5416666666667,55.4583333333333,28.0,18.2083333333333,129797.5,-2399232.5,3577,14.71601102715435,57.214216768774776,27.042435247926576
2004-07-10,256,2004-07-10,10.9166666666667,60.0833333333333,27.9166666666667,17.5833333333333,129797.5,-2399232.5,3577,14.773286236600807,58.1601563256601,26.061917558023346
2004-07-18,257,2004-07-18,15.0833333333333,55.5,28.2916666666667,17.5416666666667,129797.5,-2399232.5,3577,13.458880142722037,57.97805507728056,27.510438822484588
2004-07-26,258,2004-07-26,11.9166666666667,58.75,28.375,17.375,129797.5,-2399232.5,3577,12.410490479048189,57.15715393046705,29.33364692853827
2004-08-03,259,2004-08-03,13.7916666666667,55.7916666666667,29.3333333333333,17.3333333333333,129797.5,-2399232.5,3577,11.825609727840328,56.35179447676569,30.68865916278689
2004-08-11,260,2004-08-11,11.5833333333333,58.25,28.875,16.8333333333333,129797.5,-2399232.5,3577,10.597879735547213,55.43611816323633,32.807063503001245
2004-08-19,261,2004-08-19,12.125,54.5,32.1666666666667,16.4583333333333,129797.5,-2399232.5,3577,9.615821749537929,54.800514039751434,34.43598142528295
2004-08-27,262,2004-08-27,0.375,49.5,49.0,22.0,129802.5,-2399227.5,3577,8.831650601854605,54.36704450971605,35.64505423558582
2004-09-04,263,2004-09-04,10.7368421052632,55.8947368421053,32.3157894736842,17.2105263157895,129798.157894737,-2399247.63157895,3577,8.369403809214367,53.998667944398846,36.46056140236385
2004-09-12,264,2004-09-12,9.66666666666667,56.5416666666667,32.5416666666667,15.9166666666667,129797.5,-2399232.5,3577,8.242623272115281,55.61885410363071,34.921763336598445
2004-10-14,265,2004-10-14,10.125,56.625,32.0416666666667,15.2083333333333,129797.5,-2399232.5,3577,8.139396987509679,56.50910897938325,34.14579328524967
2004-10-22,266,2004-10-22,8.875,55.2083333333333,34.75,14.7916666666667,129797.5,-2399232.5,3577,8.812023434985297,55.99307616911065,33.97333054349414
2004-10-30,267,2004-10-30,6.0,56.4583333333333,36.1666666666667,15.0416666666667,129797.5,-2399232.5,3577,8.374136794169763,55.67121666963999,34.72893931606957
2004-11-07,268,2004-11-07,8.70833333333333,55.5416666666667,34.5416666666667,15.3333333333333,129797.5,-2399232.5,3577,7.91629362842785,54.23603364208712,36.66040853122759
2004-11-15,269,2004-11-15,5.25,56.9166666666667,36.6666666666667,14.9166666666667,129797.5,-2399232.5,3577,6.040007864330732,53.043445826882575,39.738314507169605
2004-11-23,270,2004-11-23,9.79166666666667,41.7083333333333,47.5416666666667,10.5,129797.5,-2399232.5,3577,7.130472651837884,52.498925657464326,39.230005919608175
2004-12-09,271,2004-12-09,6.58333333333333,56.0833333333333,36.0833333333333,15.0833333333333,129797.5,-2399232.5,3577,8.097977272124663,52.941811542422826,37.77361643344051
2004-12-17,272,2004-12-17,6.95833333333333,56.4166666666667,35.4583333333333,14.9583333333333,129797.5,-2399232.5,3577,9.933155982303102,52.676977563192594,36.19112324723238
2005-01-10,273,2005-01-10,12.9583333333333,53.3333333333333,32.375,15.0,129797.5,-2399232.5,3577,11.032471656309013,53.57065174247036,34.15176322644851
2005-01-18,274,2005-01-18,11.7916666666667,55.0,31.875,14.7083333333333,129797.5,-2399232.5,3577,11.743434884687005,54.37605454400308,32.62397492427964
2005-01-26,275,2005-01-26,15.75,53.1666666666667,29.9583333333333,14.7083333333333,129797.5,-2399232.5,3577,12.290945896207235,56.08624257578529,30.35757882467955
2005-02-03,276,2005-02-03,10.0416666666667,57.7916666666667,30.7916666666667,13.25,129797.5,-2399232.5,3577,12.186486501113185,56.8680575100769,29.703229304231062
2005-02-11,277,2005-02-11,11.7777777777778,53.6666666666667,33.5555555555556,14.2222222222222,129801.666666667,-2399188.33333333,3577,12.197716026661592,56.01018009337608,30.63549011187873
2005-02-19,278,2005-02-19,8.91666666666667,62.25,27.5833333333333,14.0416666666667,129797.5,-2399232.5,3577,11.206431726166901,57.71028996802129,29.92977494641135
2005-03-15,279,2005-03-15,12.9166666666667,55.5,30.5416666666667,15.0833333333333,129797.5,-2399232.5,3577,10.918146997479733,57.65627187569052,30.31211796459023
2005-03-23,280,2005-03-23,11.2083333333333,60.25,27.2083333333333,12.5416666666667,129797.5,-2399232.5,3577,11.055528492833343,57.4989770291542,30.284363941867174
2005-03-31,281,2005-03-31,11.8333333333333,52.9166666666667,34.2916666666667,15.375,129797.5,-2399232.5,3577,10.917435247928982,57.534702526567,30.348387422686308
2005-04-08,282,2005-04-08,10.4166666666667,58.3333333333333,30.0416666666667,14.7916666666667,129797.5,-2399232.5,3577,11.718588300242907,56.54066534599747,30.551918025210675
2005-04-24,283,2005-04-24,11.2916666666667,56.4166666666667,30.9166666666667,15.0416666666667,129797.5,-2399232.5,3577,11.305614191448427,56.09547096349665,31.393782129458565
2005-05-02,284,2005-05-02,11.6666666666667,54.5416666666667,32.7083333333333,15.4583333333333,129797.5,-2399232.5,3577,11.256359739330202,55.3550457540313,32.22185477061157
2005-05-10,285,2005-05-10,9.33333333333333,58.75,30.625,15.0416666666667,129797.5,-2399232.5,3577,10.917378416215797,55.68499805147582,32.268544278214385
2005-05-18,286,2005-05-18,12.0833333333333,52.5416666666667,34.5,16.0416666666667,129797.5,-2399232.5,3577,10.561539724463838,55.051600489285775,33.32841333073034
2005-06-03,287,2005-06-03,10.3333333333333,53.25,35.375,15.9583333333333,129797.5,-2399232.5,3577,8.847625156060348,54.93436658799616,35.13263529555574
2005-06-27,288,2005-06-27,6.20833333333333,57.0833333333333,35.5416666666667,16.9166666666667,129797.5,-2399232.5,3577,7.72953246443841,54.22417855621379,36.97198918212297
2005-07-05,289,2005-07-05,8.33333333333333,54.4166666666667,36.2083333333333,17.1666666666667,129797.5,-2399232.5,3577,6.4929294132070705,55.269094553529,37.13605151298094
2005-07-29,290,2005-07-29,5.45833333333333,54.3333333333333,39.0833333333333,16.25,129797.5,-2399232.5,3577,6.791747854827331,55.4661670888368,36.56232364126553
2005-10-09,291,2005-10-09,5.20833333333333,54.8333333333333,38.5833333333333,13.3333333333333,129797.5,-2399232.5,3577,8.480088152300507,54.05160409764864,36.2701076013715
2005-10-25,292,2005-10-25,9.75,55.125,33.8333333333333,14.4166666666667,129797.5,-2399232.5,3577,9.702200920852716,53.999531814926215,35.06953495420461
2005-11-10,293,2005-11-10,15.0,56.0,28.0,15.0,129765.0,-2399295.0,3577,11.742841910409808,53.75463223566136,33.29256965943773
2005-11-18,294,2005-11-18,12.5833333333333,53.4166666666667,32.75,13.7916666666667,129797.5,-2399232.5,3577,12.718797913314722,55.1307253235471,30.912230758729084
2005-11-26,295,2005-11-26,16.0,50.9166666666667,31.7083333333333,13.8333333333333,129797.5,-2399232.5,3577,12.79718459137068,57.36416646491783,28.569004688899106
2006-01-13,296,2006-01-13,10.25,58.5833333333333,30.0416666666667,14.4166666666667,129797.5,-2399232.5,3577,13.111250743812803,58.70872385658309,26.918551626153864
2006-01-21,297,2006-01-21,8.54545454545454,67.5909090909091,22.4545454545455,9.13636363636364,129801.818181818,-2399237.72727273,3577,12.434229224193587,59.190786275353844,27.06809275722467
2006-01-29,298,2006-01-29,14.25,59.0,25.375,11.8333333333333,129797.5,-2399232.5,3577,11.467224749167867,59.299609493134255,27.882549186900512
2006-02-06,299,2006-02-06,10.4583333333333,58.5,29.75,12.3333333333333,129797.5,-2399232.5,3577,11.049070862994059,57.7511769003028,29.865041082845526
2006-02-14,300,2006-02-14,13.375,53.7083333333333,31.6666666666667,14.7083333333333,129797.5,-2399232.5,3577,11.160804307333734,58.35726735736418,29.202933090453367
2006-03-02,301,2006-03-02,11.6666666666667,52.875,34.2083333333333,14.2916666666667,129797.5,-2399232.5,3577,10.136398817898847,54.54797588891202,34.099777544431895
2006-04-11,302,2006-04-11,8.375,54.6666666666667,35.6666666666667,14.4166666666667,129797.5,-2399232.5,3577,11.947160038102531,55.36505805854826,31.4941715920771
2006-04-19,303,2006-04-19,10.2083333333333,55.9166666666667,32.875,14.625,129797.5,-2399232.5,3577,11.671805385250037,53.797912414531176,33.394827789243
2006-05-05,304,2006-05-05,12.0416666666667,52.875,33.9583333333333,15.4166666666667,129797.5,-2399232.5,3577,11.426725223831614,50.98228400503885,36.47570226939228
2006-05-13,305,2006-05-13,12.6666666666667,53.8333333333333,32.375,14.6666666666667,129797.5,-2399232.5,3577,11.366502141725624,47.45160873931626,40.05971684520902
2006-05-21,306,2006-05-21,13.1818181818182,35.4545454545455,50.2272727272727,12.2272727272727,129801.818181818,-2399228.18181818,3577,11.019937024227541,44.51291096790714,43.31989004990046
2006-05-29,307,2006-05-29,15.2916666666667,54.75,28.625,15.4166666666667,129797.5,-2399232.5,3577,11.121717127977794,42.86828172061842,44.80265618141391
2006-06-06,308,2006-06-06,0.0,20.0,79.0,25.0,129735.0,-2399175.0,3577,11.033787150553042,43.29967649387212,44.443947775175296
2006-06-14,309,2006-06-14,13.875,56.0416666666667,28.7916666666667,15.2083333333333,129797.5,-2399232.5,3577,10.651327024601551,46.18478031958908,41.95666610572402
2006-06-30,310,2006-06-30,11.875,56.375,30.4166666666667,15.2083333333333,129797.5,-2399232.5,3577,10.79524977086736,50.187163971212215,37.879178484049
2006-07-08,311,2006-07-08,14.0416666666667,52.2916666666667,32.5833333333333,14.9166666666667,129797.5,-2399232.5,3577,11.638414990580447,53.64807457763313,33.59689987514564
2006-07-16,312,2006-07-16,11.5,57.375,30.0833333333333,16.0416666666667,129797.5,-2399232.5,3577,12.275455194958013,56.31861031124896,30.276199419770748
2006-07-24,313,2006-07-24,12.5416666666667,54.4583333333333,32.0416666666667,15.4583333333333,129797.5,-2399232.5,3577,12.983583753705656,56.126149263524795,29.71743362416292
2006-08-01,314,2006-08-01,11.7083333333333,54.6666666666667,32.2916666666667,14.375,129797.5,-2399232.5,3577,13.413409217199785,56.11414694695591,29.209108229227695
2006-08-09,315,2006-08-09,13.625,51.9166666666667,33.0833333333333,14.6666666666667,129797.5,-2399232.5,3577,12.368433681899315,51.61447621005675,34.73916589086349
2006-08-25,316,2006-08-25,13.8333333333333,52.875,31.8333333333333,14.0833333333333,129797.5,-2399232.5,3577,13.4509758817014,52.571915571520734,32.64582476346695
2006-09-02,317,2006-09-02,12.7083333333333,53.6666666666667,32.2916666666667,13.875,129797.5,-2399232.5,3577,13.895385445305939,52.36288582417832,32.39468181456862
2006-09-10,318,2006-09-10,16.0,51.125,31.6666666666667,14.0416666666667,129797.5,-2399232.5,3577,14.914744311413884,52.394768415271436,31.422817120954846
2006-09-18,319,2006-09-18,14.5833333333333,51.3333333333333,32.9166666666667,13.5833333333333,129797.5,-2399232.5,3577,14.839673226667902,52.968836375175215,30.981347470893944
2006-10-04,320,2006-10-04,14.2083333333333,55.0416666666667,29.7083333333333,13.5833333333333,129797.5,-2399232.5,3577,14.825962350340937,53.31401686547949,30.731946459109075
2006-10-12,321,2006-10-12,14.2916666666667,53.875,30.5416666666667,13.0,129797.5,-2399232.5,3577,13.889409094515383,54.08512398333572,30.863621028090122
2006-10-28,322,2006-10-28,14.5416666666667,55.125,29.1666666666667,13.5,129797.5,-2399232.5,3577,13.521137337892291,52.87453587433447,32.394250615221026
2006-11-05,323,2006-11-05,11.75,52.5,34.5416666666667,13.3333333333333,129797.5,-2399232.5,3577,11.970681666113318,53.05435367005782,33.687288073118964
2006-11-21,324,2006-11-21,9.08333333333333,52.5,37.0,12.4583333333333,129797.5,-2399232.5,3577,10.959331110064761,54.81343005548844,32.92673992673502
2006-11-29,325,2006-11-29,11.5833333333333,55.5,31.7083333333333,12.9166666666667,129797.5,-2399232.5,3577,9.82678000963457,55.370278006299145,33.53472138456159
2006-12-07,326,2006-12-07,8.75,53.625,36.1666666666667,12.7916666666667,129797.5,-2399232.5,3577,9.139142591153595,55.72392055827756,33.89485282518833
2006-12-15,327,2006-12-15,11.0833333333333,55.2916666666667,32.5416666666667,12.6666666666667,129797.5,-2399232.5,3577,9.39258406711825,55.706157490591906,33.66059972019221
2006-12-23,328,2006-12-23,7.70833333333333,64.7916666666667,26.3333333333333,10.5416666666667,129797.5,-2399232.5,3577,11.11295790552589,55.00115106770633,32.63582951275962
2006-12-31,329,2006-12-31,15.5625,51.3125,32.0,12.6875,129798.75,-2399208.75,3577,13.541882781818831,53.94533059818634,31.256603819292643
2007-01-08,330,2007-01-08,13.2857142857143,45.0,40.2857142857143,12.1428571428571,129799.285714286,-2399213.57142857,3577,16.496133252709722,52.430690568453656,29.820455602184886
2007-02-01,331,2007-02-01,22.4444444444444,52.6666666666667,23.4444444444444,15.2222222222222,129801.666666667,-2399278.33333333,3577,19.487001689398145,50.700453571189044,28.49818490762336
2007-02-09,332,2007-02-09,22.2083333333333,50.9166666666667,25.625,13.7916666666667,129797.5,-2399232.5,3577,21.8949078527219,50.15775220650634,26.646843739332
2007-02-17,333,2007-02-17,24.5625,52.0625,22.25,14.75,129793.125,-2399255.625,3577,23.454576641105632,50.45674294744749,24.81464072562771
2007-02-25,334,2007-02-25,23.875,50.75,24.0833333333333,13.5416666666667,129797.5,-2399232.5,3577,24.885214286913335,51.19476588941768,22.740683121484665
2007-03-05,335,2007-03-05,26.2083333333333,51.2083333333333,21.4583333333333,13.7083333333333,129797.5,-2399232.5,3577,25.5878046102466,52.42288116939037,20.84778534159026
2007-03-13,336,2007-03-13,24.7916666666667,51.0416666666667,22.9166666666667,13.2083333333333,129797.5,-2399232.5,3577,27.46292458830749,51.03795005303531,20.35709221119133
2007-03-21,337,2007-03-21,27.9583333333333,53.2916666666667,17.8333333333333,15.375,129797.5,-2399232.5,3577,28.760982417131377,49.44287104793332,20.589469268258767
2007-04-06,338,2007-04-06,33.1666666666667,47.7083333333333,17.7916666666667,14.4166666666667,129797.5,-2399232.5,3577,30.736447440583724,49.63796259209604,18.36049528386716
2007-04-14,339,2007-04-14,32.25,46.0416666666667,20.2916666666667,14.0,129797.5,-2399232.5,3577,32.057635475974344,49.11349293121005,17.54695652644308
2007-04-30,340,2007-04-30,32.4166666666667,50.3333333333333,15.8333333333333,14.5416666666667,129797.5,-2399232.5,3577,32.512662195900376,49.288563023656266,16.86695515526534
2007-05-08,341,2007-05-08,31.9583333333333,49.8333333333333,16.9166666666667,14.6666666666667,129797.5,-2399232.5,3577,31.43288625718496,49.343999653589805,17.83591150850946
2007-05-24,342,2007-05-24,27.9583333333333,51.4166666666667,19.3333333333333,16.125,129797.5,-2399232.5,3577,29.398500364440235,50.137433515909,19.096362229099302
2007-06-01,343,2007-06-01,27.0416666666667,51.875,19.75,15.5833333333333,129797.5,-2399232.5,3577,26.180676135006582,51.073329147624925,21.396777371232368
2007-06-09,344,2007-06-09,24.3333333333333,49.0416666666667,25.25,17.3333333333333,129797.5,-2399232.5,3577,23.094513845284375,52.08097767384916,23.51470618304631
2007-08-28,345,2007-08-28,19.0,53.375,26.2083333333333,14.0833333333333,129797.5,-2399232.5,3577,20.74899056051997,52.00031212336937,25.97382583876003
2007-09-05,346,2007-09-05,18.5416666666667,51.625,28.7083333333333,13.2083333333333,129797.5,-2399232.5,3577,18.570401863355755,52.13339485591029,27.991379621406388
2007-09-13,347,2007-09-13,17.5,53.8333333333333,27.4166666666667,13.3333333333333,129797.5,-2399232.5,3577,17.568162874274822,52.08220271299987,29.048125936666473
2007-09-21,348,2007-09-21,16.4166666666667,51.5833333333333,30.625,11.7916666666667,129797.5,-2399232.5,3577,16.982379462640104,52.840482402007,28.91816864765348
2007-09-29,349,2007-09-29,17.1666666666667,52.7916666666667,28.8333333333333,13.0,129797.5,-2399232.5,3577,16.96037656873319,52.52881458066431,29.31404753656637
2007-10-15,350,2007-10-15,17.1666666666667,52.7222222222222,28.9444444444444,14.7777777777778,129795.0,-2399250.0,3577,16.02944694624025,52.93508254730372,29.811075448454886
2007-11-16,351,2007-11-16,15.875,53.75,28.9166666666667,13.1666666666667,129797.5,-2399232.5,3577,15.169432476705774,53.49717104360267,30.08891727467128
2008-01-03,352,2008-01-03,15.6666666666667,53.7083333333333,29.7083333333333,13.5416666666667,129797.5,-2399232.5,3577,14.559019283088338,55.028073062120555,29.140203836406897
2008-01-11,353,2008-01-11,12.9166666666667,57.75,28.0416666666667,13.0833333333333,129797.5,-2399232.5,3577,15.182438820207466,55.53154581056227,28.008768622154516
2008-01-19,354,2008-01-19,14.375,52.5,31.7083333333333,13.3333333333333,129797.5,-2399232.5,3577,15.786764705879996,56.970979742643046,25.96953369127904
2008-01-27,355,2008-01-27,13.75,62.8333333333333,21.9583333333333,12.5416666666667,129797.5,-2399232.5,3577,16.671133819738145,56.76919468559487,25.31402588639053
2008-02-04,356,2008-02-04,23.4583333333333,55.0416666666667,20.5416666666667,14.5416666666667,129797.5,-2399232.5,3577,17.687696204721423,56.97364782619349,24.15778047201836
2008-02-12,357,2008-02-12,19.2916666666667,55.5833333333333,23.9166666666667,13.8333333333333,129797.5,-2399232.5,3577,18.327081844880965,56.197220478171836,24.357748417729304
2008-02-20,358,2008-02-20,17.3333333333333,54.9166666666667,26.75,13.0416666666667,129797.5,-2399232.5,3577,18.03467456176165,56.16696706285651,24.689694335588484
2008-02-28,359,2008-02-28,14.6666666666667,58.0,26.375,12.875,129797.5,-2399232.5,3577,17.412026312178522,55.49765907466316,26.033242041752075
2008-03-07,360,2008-03-07,17.1666666666667,51.9583333333333,29.7083333333333,13.0,129797.5,-2399232.5,3577,16.244970844426632,55.99405161401227,26.707186776068227
2008-03-15,361,2008-03-15,15.0833333333333,59.375,24.375,12.7916666666667,129797.5,-2399232.5,3577,15.47542434345609,55.431500090755904,27.990527492666672
2008-03-23,362,2008-03-23,15.0416666666667,54.2083333333333,29.5833333333333,13.0833333333333,129797.5,-2399232.5,3577,14.751704049302456,56.257591578850125,27.83315610720529
2008-03-31,363,2008-03-31,15.4583333333333,58.5833333333333,24.7916666666667,12.7083333333333,129797.5,-2399232.5,3577,15.506651114620912,55.99296660709255,27.364268937377503
2008-04-08,364,2008-04-08,16.8333333333333,52.875,29.2916666666667,13.4583333333333,129797.5,-2399232.5,3577,15.400621720898041,55.994144904067454,27.432261843891478
2008-04-16,365,2008-04-16,14.7083333333333,57.875,26.2916666666667,13.2083333333333,129797.5,-2399232.5,3577,15.348535365560915,55.87035985368085,27.615579675143316
2008-04-24,366,2008-04-24,15.0,52.3076923076923,31.3076923076923,11.9230769230769,129801.923076923,-2399200.38461538,3577,15.22541171418652,54.322530797367875,29.32041810098649
2008-05-02,367,2008-05-02,15.125,57.875,25.9583333333333,13.2916666666667,129797.5,-2399232.5,3577,16.561539724462946,55.739426803243205,26.564960660515162
2008-05-10,368,2008-05-10,17.6666666666667,54.0833333333333,27.1666666666667,13.7083333333333,129797.5,-2399232.5,3577,16.930016706716962,55.61569458761413,26.309079376204522
2008-05-26,369,2008-05-26,16.3,51.9,30.6,12.5,129795.0,-2399190.0,3577,16.939043567369218,52.69831293774898,29.25642688263112
2008-06-27,370,2008-06-27,17.4583333333333,52.0416666666667,29.5,15.25,129797.5,-2399232.5,3577,16.355437261394574,51.1450124654978,31.393073872617872
2008-07-13,371,2008-07-13,16.6666666666667,51.2916666666667,30.9583333333333,14.8333333333333,129797.5,-2399232.5,3577,15.047693534533385,48.22602818907767,35.61790540371218
2008-07-29,372,2008-07-29,14.4583333333333,53.0833333333333,31.2083333333333,13.7916666666667,129797.5,-2399232.5,3577,13.189496777730096,46.91639964781679,38.769543794692794
2008-08-14,373,2008-08-14,6.91666666666667,27.9583333333333,64.0416666666667,6.29166666666667,129797.5,-2399232.5,3577,11.431654903402414,45.48601849646062,41.93305404605086
2008-08-22,374,2008-08-22,11.0,51.9166666666667,36.0,13.4166666666667,129797.5,-2399232.5,3577,10.349659911810065,46.35776898539364,42.17493811657266
2008-09-07,375,2008-09-07,9.375,53.2916666666667,35.9583333333333,13.25,129797.5,-2399232.5,3577,9.523408351193314,47.314855809817786,41.998009987941785
2008-09-15,376,2008-09-15,10.0,45.0,44.0,10.75,129810.0,-2399175.0,3577,8.98417281892381,48.77437178403944,41.027251257508276
2008-10-01,377,2008-10-01,10.9166666666667,53.0,34.9583333333333,12.7916666666667,129797.5,-2399232.5,3577,9.570363073457624,49.88905096450793,39.3277620212546
2008-10-09,378,2008-10-09,9.5,49.6666666666667,39.5,12.1666666666667,129797.5,-2399232.5,3577,10.200141447817948,51.38946051367887,37.178580578342824
2008-10-17,379,2008-10-17,9.41666666666667,52.2916666666667,36.9166666666667,12.0833333333333,129797.5,-2399232.5,3577,10.098487554755394,51.62758358771521,37.0034883846748
2008-10-25,380,2008-10-25,8.20833333333333,48.7916666666667,41.625,11.9166666666667,129797.5,-2399232.5,3577,9.737266989974511,50.32634573887693,38.66184860031032
2008-11-10,381,2008-11-10,12.0833333333333,51.2083333333333,35.625,12.75,129797.5,-2399232.5,3577,9.841748035245004,51.66482189120737,37.180611184475595
2008-12-04,382,2008-12-04,10.625,53.0,35.0833333333333,12.9166666666667,129797.5,-2399232.5,3577,9.909437311912598,53.19521422848801,35.53085601188784
2008-12-12,383,2008-12-12,8.08333333333333,57.125,33.3333333333333,12.4583333333333,129797.5,-2399232.5,3577,9.936686765245646,54.05525034819891,34.660394430126075
2008-12-20,384,2008-12-20,9.75,52.4583333333333,36.375,12.6666666666667,129797.5,-2399232.5,3577,9.92793107305343,55.24138052349299,33.475383749372526
2009-01-05,385,2009-01-05,11.25,56.5416666666667,30.8333333333333,13.0833333333333,129797.5,-2399232.5,3577,9.647886040686458,55.34652189914521,33.61948191127253
2009-01-13,386,2009-01-13,8.29166666666667,52.3333333333333,37.9583333333333,12.9166666666667,129797.5,-2399232.5,3577,9.533342173820632,54.95172732323614,34.13151038847123
2009-01-21,387,2009-01-21,10.7916666666667,60.6666666666667,27.2916666666667,13.6666666666667,129797.5,-2399232.5,3577,9.50812964125517,53.71516396399497,35.40130947483359
2009-02-14,388,2009-02-14,8.45833333333333,48.2916666666667,41.9583333333333,13.4583333333333,129797.5,-2399232.5,3577,10.250073069344001,52.82385867485699,35.65469953162918
2009-02-22,389,2009-02-22,10.75,50.7916666666667,37.1666666666667,12.7916666666667,129797.5,-2399232.5,3577,10.236687847754448,52.65673013775944,35.88543358086164
2009-03-02,390,2009-03-02,10.6666666666667,54.0,34.0833333333333,13.0,129797.5,-2399232.5,3577,10.339651576492148,52.634696572769215,35.81565686634809
2009-03-10,391,2009-03-10,10.9166666666667,52.125,35.8333333333333,13.0416666666667,129797.5,-2399232.5,3577,10.277899860715674,52.493038566173134,36.02226179392822
2009-03-18,392,2009-03-18,10.375,54.5,33.9583333333333,13.7083333333333,129797.5,-2399232.5,3577,10.68310095477119,53.20623055993777,34.9455615334046
2009-03-26,393,2009-03-26,10.3333333333333,54.0833333333333,34.5416666666667,13.4166666666667,129797.5,-2399232.5,3577,10.307898886457718,53.80600720228398,34.719886408735704
2009-04-03,394,2009-04-03,9.25,54.3333333333333,35.0,13.0,129797.5,-2399232.5,3577,10.303581480437522,54.104356556747845,34.4100940339279
2009-04-11,395,2009-04-11,11.5,52.6666666666667,34.6666666666667,13.3333333333333,129797.5,-2399232.5,3577,10.67869926770695,54.85903093293915,33.2904511638982
2009-04-19,396,2009-04-19,9.29166666666667,55.7916666666667,33.8333333333333,13.0833333333333,129797.5,-2399232.5,3577,10.326136969324264,54.94992107994384,33.517400942705535
2009-04-27,397,2009-04-27,12.3333333333333,53.75,32.75,13.75,129797.5,-2399232.5,3577,10.087164383602495,54.50854344313284,34.136581426824
2009-05-05,398,2009-05-05,8.45833333333333,54.375,35.7083333333333,13.2916666666667,129797.5,-2399232.5,3577,9.912901211274344,53.32691650454013,35.49645697439284
2009-05-13,399,2009-05-13,11.75,53.7916666666667,33.2916666666667,13.625,129797.5,-2399232.5,3577,10.306722431333895,52.59712514007394,35.84633194462379
2009-05-21,400,2009-05-21,9.41666666666667,56.25,33.125,14.125,129797.5,-2399232.5,3577,10.573603254329225,51.64895476040215,36.53987279489829
2009-05-29,401,2009-05-29,6.95833333333333,40.2083333333333,51.3333333333333,7.875,129797.5,-2399232.5,3577,10.717418159754015,51.09663801110406,36.9325185907948
2009-06-30,402,2009-06-30,15.2857142857143,54.3571428571429,29.2857142857143,15.2142857142857,129799.285714286,-2399262.85714286,3577,10.854029871056103,50.73374948064593,37.17206606602336
2009-07-16,403,2009-07-16,11.2083333333333,52.875,34.875,13.9583333333333,129797.5,-2399232.5,3577,10.624006669283707,51.27129449497105,36.83761053187746
2009-08-01,404,2009-08-01,11.1428571428571,53.0,34.4285714285714,15.2857142857143,129790.714285714,-2399282.14285714,3577,10.91205865857404,51.74614150039075,36.08116689811195
2009-08-09,405,2009-08-09,7.58333333333333,51.9166666666667,39.125,13.25,129797.5,-2399232.5,3577,10.192731906894458,52.72731468736875,35.76101545512773
2009-08-17,406,2009-08-17,9.66666666666667,53.5416666666667,35.4583333333333,12.75,129797.5,-2399232.5,3577,9.763174003497614,53.65638437928659,35.24915422554213
2009-08-25,407,2009-08-25,9.16666666666667,52.8333333333333,36.5833333333333,12.3333333333333,129797.5,-2399232.5,3577,8.490573925557175,54.36400776725043,35.80158463826658
2009-09-02,408,2009-09-02,9.5,54.0416666666667,35.2083333333333,11.0833333333333,129797.5,-2399232.5,3577,7.753034504194339,53.058431764306185,37.81764185246591
2009-09-10,409,2009-09-10,7.79166666666667,53.7083333333333,37.2916666666667,12.5,129797.5,-2399232.5,3577,8.20881582297869,53.9344646581408,36.531747664095136
2009-09-18,410,2009-09-18,5.7,54.4,38.3,7.9,129795.0,-2399190.0,3577,7.462207529311678,52.36352883441882,38.809871269075984
2009-09-26,411,2009-09-26,8.08333333333333,53.0833333333333,37.625,12.0,129797.5,-2399232.5,3577,7.891390343401546,54.319617946544795,36.445976366249546
2009-10-12,412,2009-10-12,7.33333333333333,52.2083333333333,39.0833333333333,11.4583333333333,129797.5,-2399232.5,3577,7.550592853997296,53.863335967430075,37.23049950564874
2009-10-20,413,2009-10-20,8.66666666666667,50.875,38.9583333333333,11.375,129797.5,-2399232.5,3577,6.900071986835661,52.77664998399503,38.90746684515452
2009-10-28,414,2009-10-28,5.70833333333333,52.25,40.625,11.5,129797.5,-2399232.5,3577,6.579204464265401,49.31073145120395,42.63451344836156
2009-11-05,415,2009-11-05,6.41666666666667,51.75,40.4166666666667,10.9583333333333,129797.5,-2399232.5,3577,6.237125722573708,47.64381382290887,44.65292385632276
2009-11-13,416,2009-11-13,7.29166666666667,54.2083333333333,37.25,11.75,129797.5,-2399232.5,3577,5.309118513065089,47.71767147540427,45.50594086855017
2009-11-21,417,2009-11-21,0.0,30.0,68.0,25.0,129765.0,-2399175.0,3577,4.65265178577802,48.715449024652266,45.144468921164965
2009-11-29,418,2009-11-29,5.93333333333333,52.7333333333333,40.0,11.2,129799.0,-2399225.0,3577,4.361011460159414,50.736150923372435,43.4515649469145
2009-12-07,419,2009-12-07,8.0,53.8888888888889,36.8888888888889,12.3333333333333,129801.666666667,-2399278.33333333,3577,5.248272496336726,52.5645957070027,40.74980214143692
2009-12-23,420,2009-12-23,3.83333333333333,65.7083333333333,29.0833333333333,10.5,129797.5,-2399232.5,3577,5.6954884640634695,53.7632571247042,39.098783440495865
2010-01-16,421,2010-01-16,6.875,52.7916666666667,38.7916666666667,12.2916666666667,129797.5,-2399232.5,3577,6.913142198357887,55.18107936953864,36.49927832744625
2010-01-24,422,2010-01-24,10.6666666666667,50.6666666666667,37.2916666666667,12.375,129797.5,-2399232.5,3577,9.475980031319182,55.116263853097735,34.05716067557665
2010-02-01,423,2010-02-01,11.9166666666667,52.0,34.7083333333333,12.2083333333333,129797.5,-2399232.5,3577,13.079409419268163,53.35421294391088,32.25546486536717
2010-02-09,424,2010-02-09,17.4583333333333,48.1666666666667,33.125,12.75,129797.5,-2399232.5,3577,17.201572163643917,49.43487266087149,32.02608846261619
2010-02-17,425,2010-02-17,17.7916666666667,51.7916666666667,29.1666666666667,12.75,129797.5,-2399232.5,3577,22.619061537014822,49.61754572396247,26.559423119016685
2010-03-29,426,2010-03-29,31.25,51.9583333333333,15.75,14.0416666666667,129797.5,-2399232.5,3577,26.851947072531303,49.6472047817949,22.371423571265442
2010-04-06,427,2010-04-06,29.4166666666667,47.875,21.5416666666667,13.5,129797.5,-2399232.5,3577,28.814172784736343,51.12298373235363,18.96239435568222
2010-04-14,428,2010-04-14,30.5833333333333,52.0,16.25,14.6666666666667,129797.5,-2399232.5,3577,29.136976345848467,50.70949384925325,19.018020116049712
2010-04-30,429,2010-04-30,27.9583333333333,52.25,18.75,14.25,129797.5,-2399232.5,3577,27.473549466660877,50.72984226136474,20.6333784758473
2010-05-08,430,2010-05-08,22.625,49.2083333333333,27.0,13.875,129797.5,-2399232.5,3577,24.295779725403754,51.388849181064884,23.117050444527848
2010-06-01,431,2010-06-01,20.0,51.4,27.2,12.0,129795.0,-2399175.0,3577,21.218418659714157,51.563395714320876,26.00439468195313
2010-06-17,432,2010-06-17,18.9583333333333,52.8333333333333,27.0416666666667,14.9166666666667,129797.5,-2399232.5,3577,18.807468753548026,52.212983304024746,27.747746241462416
2010-07-03,433,2010-07-03,18.1666666666667,52.4166666666667,28.1666666666667,15.2083333333333,129797.5,-2399232.5,3577,18.82899531435556,52.15510600200254,27.8229100406786
2010-07-19,434,2010-07-19,19.3157894736842,53.2105263157895,26.4210526315789,14.6315789473684,129798.157894737,-2399217.63157895,3577,19.00452375104422,52.15366611187676,27.66568178085231
2010-08-04,435,2010-08-04,21.4166666666667,53.2083333333333,24.25,15.4166666666667,129797.5,-2399232.5,3577,20.573630234091436,53.32588474497093,24.99263861130661
2010-08-20,436,2010-08-20,22.4583333333333,51.0416666666667,25.375,14.2083333333333,129797.5,-2399232.5,3577,21.944349079699144,53.94408904237601,23.066615397233893
2010-09-05,437,2010-09-05,22.4615384615385,53.5384615384615,22.9230769230769,17.2307692307692,129795.0,-2399265.0,3577,23.551912565189156,53.77769565586506,21.62163904749535
2010-09-21,438,2010-09-21,22.5,54.5,22.0,17.5,129810.0,-2399295.0,3577,23.094631405596417,52.30490887948335,23.47996666223085
2010-10-15,439,2010-10-15,22.9583333333333,56.0,19.875,16.9583333333333,129797.5,-2399232.5,3577,21.962981404890982,51.794230857606,25.072285147487264
2010-10-23,440,2010-10-23,22.5,51.4166666666667,24.9583333333333,14.2083333333333,129797.5,-2399232.5,3577,20.49283087871074,52.32281204253073,25.944016957977848
2010-11-08,441,2010-11-08,18.1666666666667,49.3333333333333,31.0833333333333,11.2916666666667,129797.5,-2399232.5,3577,19.132300497304655,54.60627054952896,25.062224905380837
2010-11-24,442,2010-11-24,16.75,52.875,29.0833333333333,13.8333333333333,129797.5,-2399232.5,3577,16.81850728456812,56.417733899417534,25.55932716366364
2010-12-02,443,2010-12-02,11.375,57.875,29.5833333333333,13.7083333333333,129797.5,-2399232.5,3577,15.407102443477841,57.65082337682095,25.759948384944522
2010-12-18,444,2010-12-18,21.625,67.75,9.625,13.7083333333333,129797.5,-2399232.5,3577,15.692796367716623,58.50412899792829,24.652179219126
2011-01-03,445,2011-01-03,17.7083333333333,58.9583333333333,22.2916666666667,13.9166666666667,129797.5,-2399232.5,3577,18.320759735617685,58.247163053655896,22.30565822206357
2011-01-27,446,2011-01-27,18.875,54.75,25.2916666666667,13.875,129797.5,-2399232.5,3577,23.19370296885431,56.51323289712539,19.151770572046367
2011-03-16,447,2011-03-16,24.3571428571429,48.0714285714286,26.0714285714286,20.4285714285714,129799.285714286,-2399262.85714286,3577,28.20938671750945,53.72251703404153,16.904890001636723
2011-03-24,448,2011-03-24,37.125,52.2916666666667,9.5,15.9583333333333,129797.5,-2399232.5,3577,31.861212188219817,50.91939020730831,15.973513844254507
2011-04-09,449,2011-04-09,36.1666666666667,50.2916666666667,12.25,15.5,129797.5,-2399232.5,3577,33.43081119086812,49.69010762198877,15.594257780400973
2011-04-17,450,2011-04-17,35.0833333333333,50.6666666666667,13.0,15.625,129797.5,-2399232.5,3577,32.80253209122687,50.892610743222356,15.013950961317144
2011-05-03,451,2011-05-03,29.9583333333333,52.25,16.5416666666667,15.2916666666667,129797.5,-2399232.5,3577,31.8308640533825,51.6664674334876,15.24322272154863
2011-06-12,452,2011-06-12,23.8333333333333,54.6666666666667,20.25,15.875,129797.5,-2399232.5,3577,28.0473062798872,52.027836843231555,18.709001911398513
2011-06-20,453,2011-06-20,23.5833333333333,52.75,22.4166666666667,15.125,129797.5,-2399232.5,3577,24.249605528626645,53.67437967088869,20.930005108407578
2011-07-06,454,2011-07-06,21.75,54.75,22.4166666666667,14.4166666666667,129797.5,-2399232.5,3577,20.67944632766303,55.24353213864772,22.89830473963262
2011-08-23,455,2011-08-23,21.3333333333333,54.25,23.2916666666667,13.5,129797.5,-2399232.5,3577,18.782493306484284,57.73479706567079,22.34565589209221
2011-08-31,456,2011-08-31,17.25,55.25,26.4166666666667,13.25,129797.5,-2399232.5,3577,16.26867327718477,58.61644457193117,23.996111989142484
2011-09-08,457,2011-09-08,13.25,69.625,16.0,17.75,129761.25,-2399253.75,3577,15.24109095238898,60.27606861661688,23.343987926414798
2011-09-24,458,2011-09-24,13.4583333333333,60.375,24.9166666666667,13.3333333333333,129797.5,-2399232.5,3577,13.479087192475266,60.22582613464067,25.11142353518141
2011-10-18,459,2011-10-18,10.0,55.125,33.5,13.3333333333333,129797.5,-2399232.5,3577,12.364781116714251,58.72539908491045,27.666347326559915
2011-10-26,460,2011-10-26,14.4166666666667,55.7916666666667,28.8333333333333,13.7083333333333,129797.5,-2399232.5,3577,12.57690052465406,56.17157945253082,30.016578622611284
2011-11-27,461,2011-11-27,13.125,53.375,32.1666666666667,14.375,129797.5,-2399232.5,3577,12.695633520244627,53.51287409699924,32.55281740962369
2011-12-13,462,2011-12-13,15.7083333333333,54.875,28.0,11.0416666666667,129797.5,-2399232.5,3577,13.345719038441501,51.261035275346515,34.15189854005133
2011-12-29,463,2011-12-29,9.7,44.7,44.5,9.95,129787.5,-2399226.0,3577,13.788562031361824,50.556808619649374,34.44037812032653
2012-01-14,464,2012-01-14,16.7916666666667,53.875,28.2083333333333,14.5833333333333,129797.5,-2399232.5,3577,13.927699235746683,52.23807977367569,32.63481023619854
2012-01-30,465,2012-01-30,12.7083333333333,54.2916666666667,31.875,14.1666666666667,129797.5,-2399232.5,3577,14.165988294469145,52.79881663743103,31.83740537068234
2012-02-15,466,2012-02-15,12.9,53.45,32.25,13.65,129795.0,-2399220.0,3577,14.078466373665517,53.57721120467997,31.172993930729206
2012-04-03,467,2012-04-03,17.0,55.0833333333333,26.9583333333333,14.5,129797.5,-2399232.5,3577,14.62157837002821,54.76831785344899,29.543030627778535
2012-05-21,468,2012-05-21,14.2916666666667,55.0,29.6666666666667,15.4166666666667,129797.5,-2399232.5,3577,14.92025644633782,55.27140697279191,28.797564535563346
2012-06-06,469,2012-06-06,13.9166666666667,55.125,29.9166666666667,15.375,129797.5,-2399232.5,3577,14.599651251738862,55.356130969125786,29.05931607092165
2012-06-22,470,2012-06-22,14.375,54.625,30.125,15.4583333333333,129797.5,-2399232.5,3577,13.660126509195678,54.34274304126433,31.057139326097545
2012-07-08,471,2012-07-08,13.5833333333333,54.2916666666667,31.2916666666667,15.4166666666667,129797.5,-2399232.5,3577,13.674516118554319,54.566901571072975,30.816253328710033
2012-07-24,472,2012-07-24,12.9583333333333,54.125,31.9583333333333,14.9166666666667,129797.5,-2399232.5,3577,12.50431199347419,54.469360232123,32.02888094876781
2012-08-09,473,2012-08-09,11.75,53.5833333333333,33.5,14.5416666666667,129797.5,-2399232.5,3577,12.25541503315658,53.80592150237588,32.942265423341645
2012-08-25,474,2012-08-25,10.9583333333333,54.5,33.3333333333333,14.375,129797.5,-2399232.5,3577,13.26058257667938,53.02209775392815,32.64900772213618
2012-09-10,475,2012-09-10,14.3333333333333,53.6666666666667,31.0,15.6666666666667,129795.0,-2399295.0,3577,12.301855666309109,53.43547350628077,33.12350444483764
2012-10-12,476,2012-10-12,11.3,52.45,35.1,13.15,129795.0,-2399220.0,3577,11.249038502266615,53.9351891805716,33.56674014347803
2012-10-28,477,2012-10-28,11.2083333333333,53.375,34.2083333333333,13.5416666666667,129797.5,-2399232.5,3577,10.404444296657319,54.22543641264197,34.07332623465511
2012-11-13,478,2012-11-13,12.0769230769231,52.9230769230769,33.6923076923077,14.0,129795.0,-2399265.0,3577,9.491032780958461,54.05732783444232,35.14153675840721
2012-11-29,479,2012-11-29,6.0,56.8571428571429,35.2857142857143,9.42857142857143,129807.857142857,-2399183.57142857,3577,8.917716470727063,53.53350455961332,36.18383610454476
2012-12-15,480,2012-12-15,3.65217391304348,56.5217391304348,38.8260869565217,15.9565217391304,129795.0,-2399235.0,3577,8.876084633067066,53.20873282626524,36.498749118808114
2012-12-31,481,2012-12-31,13.9166666666667,48.5,36.0833333333333,12.3333333333333,129797.5,-2399232.5,3577,9.08589824574662,53.32319547330361,36.21389046772346
2013-01-16,482,2013-01-16,10.8181818181818,51.5454545454545,36.5454545454545,13.0,129800.454545455,-2399194.09090909,3577,10.211811691396374,52.78599270179384,35.717886560849855
2013-02-01,483,2013-02-01,10.375,52.375,35.875,13.5,129797.5,-2399232.5,3577,10.368465059428878,52.823429546003574,35.59082255475571
2013-02-17,484,2013-02-17,11.3157894736842,54.3157894736842,33.0526315789474,13.8421052631579,129798.157894737,-2399247.63157895,3577,10.946628718699344,52.05543558372413,35.85476466352567
2013-03-05,485,2013-03-05,9.875,54.4166666666667,34.75,13.875,129797.5,-2399232.5,3577,10.96366554877368,51.85879445700695,36.01449045529589
2013-03-21,486,2013-03-21,8.54166666666667,51.6666666666667,38.75,13.6666666666667,129797.5,-2399232.5,3577,9.47892615834784,52.8751467211052,36.45484192388649
2013-04-14,487,2013-04-14,9.58333333333333,50.7083333333333,38.4166666666667,13.9166666666667,129797.5,-2399232.5,3577,8.220688569470816,53.07714292919496,37.551713845887576
2013-04-22,488,2013-04-22,7.08333333333333,53.8333333333333,37.9166666666667,13.8333333333333,129797.5,-2399232.5,3577,7.955411724891853,53.20846292361601,37.724454872204305
2013-04-30,489,2013-04-30,9.54166666666667,50.9166666666667,38.4166666666667,13.875,129797.5,-2399232.5,3577,7.111726715346389,54.341931319347765,37.49176868146378
2013-05-16,490,2013-05-16,4.54545454545455,59.4545454545455,34.8181818181818,19.1818181818182,129773.181818182,-2399202.27272727,3577,6.988944917495729,53.996760790887045,37.904734462824635
2013-05-24,491,2013-05-24,6.0,54.6666666666667,38.5,17.8333333333333,129790.0,-2399285.0,3577,6.671602747195763,54.28936188970079,37.89089481197327
2013-06-01,492,2013-06-01,7.25,53.0833333333333,38.5,14.7083333333333,129797.5,-2399232.5,3577,6.432488793442992,54.461554008566935,38.02101571318826
2013-08-12,493,2013-08-12,6.0,56.0,37.0,17.5,129780.0,-2399295.0,3577,5.811650724781087,54.82759281234732,38.214229177919826
2013-09-05,494,2013-09-05,7.08333333333333,50.25,41.0416666666667,12.9166666666667,129797.5,-2399232.5,3577,5.378820401530206,55.041756685813155,38.386313736499474
2013-09-13,495,2013-09-13,4.75,52.7916666666667,41.2916666666667,13.125,129797.5,-2399232.5,3577,5.089248057085817,54.72514640456221,38.962292134561054
2013-09-29,496,2013-09-29,2.66666666666667,61.3333333333333,35.0,13.6666666666667,129755.0,-2399215.0,3577,5.002785086294199,53.87593627516645,39.87389693299968
2013-10-15,497,2013-10-15,5.78947368421053,53.5263157894737,39.4736842105263,11.3157894736842,129798.157894737,-2399247.63157895,3577,4.6981610738936315,53.43618206923992,40.57583339884754
2013-10-23,498,2013-10-23,3.91666666666667,52.125,42.375,14.3333333333333,129797.5,-2399232.5,3577,5.056156047254364,51.92366100304871,41.7418294797856
2013-10-31,499,2013-10-31,7.33333333333333,47.0,44.6666666666667,11.0,129805.0,-2399180.0,3577,5.7734286244950574,51.0937681486326,41.826492162439955
2013-11-08,500,2013-11-08,6.58333333333333,48.5833333333333,43.3333333333333,11.8333333333333,129797.5,-2399232.5,3577,6.811896097763578,50.19048798547398,41.73311347958352
2013-11-16,501,2013-11-16,5.63157894736842,51.5789473684211,41.4736842105263,12.7368421052632,129798.157894737,-2399247.63157895,3577,6.582919701013877,49.21864356516139,42.88280854444463
2013-11-24,502,2013-11-24,7.70833333333333,50.875,40.125,12.2916666666667,129797.5,-2399232.5,3577,5.86471640357816,50.04014507706527,42.80937489672796
2013-12-02,503,2013-12-02,6.20833333333333,53.1666666666667,39.5416666666667,12.4583333333333,129797.5,-2399232.5,3577,5.113146291001154,52.219452693027264,41.42772131322515
2014-01-03,504,2014-01-03,7.16666666666667,52.0416666666667,39.5833333333333,12.5416666666667,129797.5,-2399232.5,3577,6.640737874096012,53.1528804420203,39.00088466608578
2014-01-11,505,2014-01-11,7.29166666666667,50.4583333333333,41.0,12.375,129797.5,-2399232.5,3577,10.094598594332297,53.12914183067781,35.53637248634274
2014-01-27,506,2014-01-27,9.66666666666667,55.5833333333333,33.2916666666667,11.1666666666667,129797.5,-2399232.5,3577,15.088863386624702,52.42943049020153,31.285208551966964
2014-02-20,507,2014-02-20,23.4583333333333,53.1666666666667,22.2916666666667,13.5416666666667,129797.5,-2399232.5,3577,20.339085443367892,52.21335080919603,26.19137972585927
2014-02-28,508,2014-02-28,26.9166666666667,50.875,21.0833333333333,13.9583333333333,129797.5,-2399232.5,3577,25.23914506608318,51.44031148613551,22.021070230744048
2014-03-16,509,2014-03-16,32.75,49.4583333333333,16.4583333333333,14.125,129797.5,-2399232.5,3577,28.337515356354903,51.27266024044252,19.12182228147052
2014-04-17,510,2014-04-17,27.5416666666667,50.0416666666667,21.0,14.3333333333333,129797.5,-2399232.5,3577,28.790750628267176,50.916103900854566,19.056363805676266
2014-04-25,511,2014-04-25,24.25,53.8333333333333,20.8333333333333,14.125,129797.5,-2399232.5,3577,26.82365549628188,51.26701710807279,20.75161848946963
2014-05-03,512,2014-05-03,23.8333333333333,51.0,23.9166666666667,14.0,129797.5,-2399232.5,3577,23.17387124861773,51.7717594681973,23.908301857303996
2014-05-11,513,2014-05-11,19.3846153846154,51.5384615384615,28.0769230769231,12.9230769230769,129801.923076923,-2399200.38461538,3577,19.372654564215125,53.0851582627819,26.424320004037423
2014-05-27,514,2014-05-27,15.8333333333333,56.1666666666667,27.125,14.0416666666667,129797.5,-2399232.5,3577,17.690296515817778,53.59637680132832,27.654218994861456
2014-06-04,515,2014-06-04,17.2083333333333,51.4166666666667,30.125,13.8333333333333,129797.5,-2399232.5,3577,16.27987793741299,53.93324265239393,28.758499637216467
2014-06-12,516,2014-06-12,15.8333333333333,56.5,26.7083333333333,12.375,129797.5,-2399232.5,3577,16.155179929617834,53.448942708073815,29.324199942705917
2014-07-22,517,2014-07-22,16.375,50.875,31.375,13.7916666666667,129797.5,-2399232.5,3577,15.378149129188728,53.101818698083704,30.400183110526257
2014-07-30,518,2014-07-30,15.3333333333333,53.4166666666667,30.375,13.75,129797.5,-2399232.5,3577,15.007063578238975,52.76061753796738,31.094288183828645
2014-08-07,519,2014-08-07,14.875,52.0416666666667,31.8333333333333,12.9166666666667,129797.5,-2399232.5,3577,14.602452243316915,52.13458651770567,32.07356278911525
2014-08-15,520,2014-08-15,12.125,52.125,34.5833333333333,12.9583333333333,129797.5,-2399232.5,3577,13.644229867138039,51.768437831510596,33.37578481889126
2014-08-23,521,2014-08-23,13.8333333333333,50.375,34.4583333333333,12.7083333333333,129797.5,-2399232.5,3577,12.645117524372598,52.09918396875824,34.05353186544626
2014-08-31,522,2014-08-31,11.25,53.75,33.8333333333333,12.625,129797.5,-2399232.5,3577,12.042382926669049,52.21512878245845,34.50722304011259
2014-09-08,523,2014-09-08,12.625,51.75,34.3333333333333,12.4166666666667,129797.5,-2399232.5,3577,11.853062958711341,52.24848719391282,34.63286893704329
2014-09-16,524,2014-09-16,10.6666666666667,52.9166666666667,35.125,12.2083333333333,129797.5,-2399232.5,3577,11.769495983890511,51.95787687543877,34.956198084675805
2014-09-24,525,2014-09-24,12.125,51.4166666666667,35.2083333333333,12.0833333333333,129797.5,-2399232.5,3577,11.910720986957594,51.862868684455364,34.93782790995889
2014-10-02,526,2014-10-02,11.8333333333333,52.5833333333333,34.3333333333333,11.6666666666667,129797.5,-2399232.5,3577,11.87051029465713,52.079557181716595,34.72923657868958
2014-10-10,527,2014-10-10,11.75,50.7916666666667,35.9583333333333,11.7083333333333,129797.5,-2399232.5,3577,10.875157865868319,52.2939462498208,35.5356876095987
2014-10-26,528,2014-10-26,11.7916666666667,50.5833333333333,36.2916666666667,11.4166666666667,129797.5,-2399232.5,3577,10.447040060041601,51.86910032690992,36.37216021851702
2014-11-03,529,2014-11-03,9.66666666666667,55.4166666666667,33.7916666666667,11.625,129797.5,-2399232.5,3577,10.490585781605903,52.19340824293605,36.0162150800642
2014-11-11,530,2014-11-11,12.0416666666667,51.0,35.625,11.5416666666667,129797.5,-2399232.5,3577,11.97759296946427,51.80263428521168,34.88616517640765
2014-11-19,531,2014-11-19,11.6666666666667,53.4166666666667,33.625,11.5416666666667,129797.5,-2399232.5,3577,14.463124336961217,52.113059927680624,32.127211926355734
2014-12-13,532,2014-12-13,17.125,48.9583333333333,32.625,12.3333333333333,129797.5,-2399232.5,3577,18.10299530190902,51.74511968938439,28.875648603198456
2015-01-14,533,2015-01-14,25.1666666666667,51.2083333333333,22.2083333333333,12.8333333333333,129797.5,-2399232.5,3577,22.33248446599506,51.62157566375059,24.819015349971373
2015-01-22,534,2015-01-22,26.7083333333333,53.7083333333333,18.4583333333333,14.0833333333333,129797.5,-2399232.5,3577,26.28568670750939,51.18060757611074,21.31043736964469
2015-01-30,535,2015-01-30,28.5833333333333,50.7083333333333,19.5833333333333,14.25,129797.5,-2399232.5,3577,28.504281451258592,51.58343488296275,18.745600245984424
2015-02-07,536,2015-02-07,28.7083333333333,53.2083333333333,17.125,14.0416666666667,129797.5,-2399232.5,3577,29.059691469516817,52.438894696626775,17.392437155205435
2015-02-15,537,2015-02-15,27.9583333333333,49.875,20.875,13.6666666666667,129797.5,-2399232.5,3577,27.948342807858737,52.640365826116444,18.342310682091192
2015-02-23,538,2015-02-23,25.7916666666667,54.25,18.9583333333333,13.5,129797.5,-2399232.5,3577,24.984334422024183,52.565012386985934,21.3527298295068
2015-03-11,539,2015-03-11,20.7083333333333,52.8333333333333,25.2083333333333,13.0833333333333,129797.5,-2399232.5,3577,21.720011928213026,52.04450515943545,25.09722707632548
2015-03-27,540,2015-03-27,17.9166666666667,53.5833333333333,27.4583333333333,12.625,129797.5,-2399232.5,3577,18.622728664521567,52.25956357882821,27.911666120253265
2015-04-20,541,2015-04-20,17.2916666666667,50.375,31.0833333333333,13.4166666666667,129797.5,-2399232.5,3577,15.481888854177578,52.8213892660408,30.465147468625872
2015-05-30,542,2015-05-30,11.5714285714286,52.2857142857143,34.8571428571429,10.8571428571429,129807.857142857,-2399183.57142857,3577,12.974183195543498,52.75205998850721,32.99293907846045
2015-06-23,543,2015-06-23,11.0833333333333,52.6666666666667,34.7916666666667,13.1666666666667,129797.5,-2399232.5,3577,11.247194626836912,53.33191125179492,34.16345947653487
2015-07-01,544,2015-07-01,10.75,56.0833333333333,32.0833333333333,12.7916666666667,129797.5,-2399232.5,3577,10.557221545223062,53.524624884911006,34.64248767228126
2015-07-09,545,2015-07-09,10.0,53.9583333333333,34.7083333333333,12.6666666666667,129797.5,-2399232.5,3577,9.967156811195565,53.94444706479504,34.8401131891792
2015-07-17,546,2015-07-17,9.95833333333333,53.5416666666667,35.2916666666667,12.6666666666667,129797.5,-2399232.5,3577,9.756534873793465,54.08312817212938,34.90071383724114
2015-07-25,547,2015-07-25,9.83333333333333,53.2916666666667,35.6666666666667,12.4166666666667,129797.5,-2399232.5,3577,9.68900609082521,54.3747544016005,34.721477085972516
2015-08-02,548,2015-08-02,10.25,54.9583333333333,33.6666666666667,12.5833333333333,129797.5,-2399232.5,3577,9.946480696580167,53.75562273683695,35.064349047770264
2015-08-10,549,2015-08-10,9.625,52.5416666666667,36.375,12.2916666666667,129797.5,-2399232.5,3577,9.622503651728897,53.82876825018303,35.32110888393174
2015-08-18,550,2015-08-18,8.54166666666667,53.9583333333333,36.2916666666667,12.2083333333333,129797.5,-2399232.5,3577,9.79051053939856,53.732284037128636,35.208835131077166
2015-08-26,551,2015-08-26,11.125,55.5416666666667,32.125,12.25,129797.5,-2399232.5,3577,9.754875525603637,54.15908584953072,34.82723637693504
2015-09-03,552,2015-09-03,8.91666666666667,53.0416666666667,36.8333333333333,12.0416666666667,129797.5,-2399232.5,3577,9.99138346509983,53.6726298783023,35.047261982190776
2015-09-11,553,2015-09-11,10.9583333333333,52.2916666666667,35.375,11.875,129797.5,-2399232.5,3577,10.18624760396717,53.08609243651861,35.43765710104861
2015-09-19,554,2015-09-19,9.65217391304348,54.695652173913,34.4347826086956,11.6521739130435,129795.0,-2399235.0,3577,10.019443191975002,52.905359430573625,35.82153386949928
2015-09-27,555,2015-09-27,10.5,51.3333333333333,36.75,11.3333333333333,129797.5,-2399232.5,3577,10.096282884341672,53.086999155321415,35.575597788036916
2015-10-05,556,2015-10-05,9.29166666666667,53.125,36.4583333333333,11.25,129797.5,-2399232.5,3577,9.662182883745578,52.69764097009573,36.35673034955704
2015-10-13,557,2015-10-13,10.625,51.5416666666667,36.5833333333333,10.9583333333333,129797.5,-2399232.5,3577,9.61140961161009,52.81584226559207,36.32707239253675
2015-10-21,558,2015-10-21,8.1304347826087,54.8695652173913,35.7826086956522,11.0434782608696,129798.913043478,-2399229.7826087,3577,9.954634513120043,52.73968659329292,36.04689662238929
2015-11-06,559,2015-11-06,9.70833333333333,53.875,35.1666666666667,11.6666666666667,129797.5,-2399232.5,3577,9.594431049050032,52.97740011815812,36.17217930361825
2015-11-14,560,2015-11-14,11.1666666666667,51.4583333333333,35.9166666666667,10.7916666666667,129797.5,-2399232.5,3577,9.027581461925253,53.19413999536708,36.477604775082185
2015-11-22,561,2015-11-22,9.41666666666667,52.0,37.375,11.2083333333333,129797.5,-2399232.5,3577,10.40234780736376,53.535618501605256,34.7850756652697
2015-12-24,562,2015-12-24,12.25,54.6666666666667,31.875,12.5,129797.5,-2399232.5,3577,11.58507510048595,53.09460843406409,33.986846498047505
2016-01-01,563,2016-01-01,9.83333333333333,53.7916666666667,34.9583333333333,8.04166666666667,129797.5,-2399232.5,3577,12.583693189072255,53.47053869874111,32.67300248097982
2016-01-09,564,2016-01-09,12.7777777777778,55.3333333333333,30.7777777777778,13.2222222222222,129801.666666667,-2399278.33333333,3577,13.558673141740849,53.77679934929435,31.454318193056906
2016-01-17,565,2016-01-17,18.0,51.125,29.5833333333333,12.375,129797.5,-2399232.5,3577,14.715697204186057,54.2287400235226,29.91515448812416
2016-01-25,566,2016-01-25,19.625,53.875,25.4583333333333,12.5416666666667,129797.5,-2399232.5,3577,15.69426432700192,53.95967744844647,29.22345598157854
2016-02-02,567,2016-02-02,8.25,54.0,36.5,22.0,129832.5,-2399227.5,3577,16.13659216600152,52.82784320941424,29.884288226389017
2016-02-10,568,2016-02-10,17.1111111111111,54.4444444444444,27.6666666666667,13.6666666666667,129801.666666667,-2399278.33333333,3577,15.433186954082476,51.81083098187587,31.597884958174355
2016-02-18,569,2016-02-18,15.875,49.75,33.0,11.9166666666667,129797.5,-2399232.5,3577,14.111928705966832,51.33975712109621,33.38604158998398
2016-03-05,570,2016-03-05,14.3333333333333,49.6666666666667,34.6666666666667,11.9583333333333,129797.5,-2399232.5,3577,11.874796428200213,51.09471771777511,35.832878078228774
2016-04-14,571,2016-04-14,8.83333333333333,50.1666666666667,39.7083333333333,10.8333333333333,129797.5,-2399232.5,3577,10.73468099667629,51.059476943757254,36.97157873086115
2016-04-22,572,2016-04-22,9.91666666666667,50.7916666666667,38.1666666666667,12.25,129797.5,-2399232.5,3577,10.775479551406727,50.5596823197367,37.39413965806596
2016-04-30,573,2016-04-30,8.75,53.125,37.0,12.2083333333333,129797.5,-2399232.5,3577,10.784208180878391,51.04652262081842,36.94217869333416
2016-05-16,574,2016-05-16,10.4583333333333,52.3333333333333,36.0,13.0,129797.5,-2399232.5,3577,10.041232159651704,51.56022658111671,37.18650995546724
2016-05-24,575,2016-05-24,12.5416666666667,51.0,35.0833333333333,13.125,129797.5,-2399232.5,3577,11.061428767309456,52.26612667517459,35.55387285572511
2016-06-09,576,2016-06-09,13.5833333333333,50.5416666666667,34.7083333333333,13.75,129797.5,-2399232.5,3577,11.445326087739225,52.04034420171413,35.33104472925925
2016-06-25,577,2016-06-25,10.3333333333333,52.3333333333333,36.375,14.875,129797.5,-2399232.5,3577,11.303152085271124,52.11205860701985,35.39620364155438
2016-07-03,578,2016-07-03,8.83333333333333,53.5833333333333,36.375,13.7916666666667,129797.5,-2399232.5,3577,9.931322934030417,52.158942966210695,36.67818005007858
2016-07-27,579,2016-07-27,9.20833333333333,52.0,37.4583333333333,13.2083333333333,129797.5,-2399232.5,3577,9.57971594968355,52.164061428759496,37.06398890067067
2016-08-04,580,2016-08-04,8.5,52.5,37.7916666666667,12.9166666666667,129797.5,-2399232.5,3577,8.799519366081512,51.944933978981936,38.03402265089005
2016-08-12,581,2016-08-12,8.08333333333333,50.9583333333333,39.5416666666667,12.9583333333333,129797.5,-2399232.5,3577,7.942022631649926,51.9771094488509,38.816650068192274
2016-08-20,582,2016-08-20,7.95833333333333,52.9583333333333,38.0416666666667,12.6666666666667,129797.5,-2399232.5,3577,7.170653907494945,52.12076288004301,39.41997373111337
2016-08-28,583,2016-08-28,7.95833333333333,51.2916666666667,39.375,12.5833333333333,129797.5,-2399232.5,3577,6.727304300445706,52.98801692802449,39.0199121483893
2016-09-05,584,2016-09-05,8.875,52.75,37.25,13.0,129797.5,-2399232.5,3577,6.8335098424097405,53.3016203352811,38.59617309074938
2016-09-13,585,2016-09-13,3.25,54.5,40.6666666666667,10.25,129797.5,-2399232.5,3577,8.224037185723256,54.09634908434409,36.39738589583248
2016-09-21,586,2016-09-21,9.0,56.4444444444444,33.4444444444444,15.2222222222222,129801.666666667,-2399278.33333333,3577,10.526175321065391,53.051943971053696,35.060163950251585
2016-09-29,587,2016-09-29,13.8333333333333,52.1666666666667,32.6666666666667,14.9166666666667,129797.5,-2399232.5,3577,12.911443518639746,52.71596901549674,33.01565569792629
2016-10-07,588,2016-10-07,17.2916666666667,51.25,30.0,12.8333333333333,129797.5,-2399232.5,3577,15.085411105919704,51.89844211515262,31.65193694334087
2016-10-15,589,2016-10-15,18.1666666666667,48.375,32.0833333333333,12.5,129797.5,-2399232.5,3577,16.50399471529257,51.587406960077274,30.627525768001053
2016-10-23,590,2016-10-23,16.0555555555556,53.3333333333333,29.4444444444444,13.0,129795.0,-2399250.0,3577,16.114143401770757,51.306134730617146,31.325072378496024
2016-11-16,591,2016-11-16,13.125,48.9166666666667,36.625,12.1666666666667,129797.5,-2399232.5,3577,14.656649366536088,51.42280615183234,32.72081995130586
2016-11-24,592,2016-11-24,12.1428571428571,57.7142857142857,29.2857142857143,16.1428571428571,129799.285714286,-2399262.85714286,3577,11.620815299856543,52.28335782521397,34.93508430095051
2016-12-02,593,2016-12-02,11.5833333333333,49.5416666666667,37.5416666666667,12.1666666666667,129797.5,-2399232.5,3577,10.435126582980601,52.58355855277306,35.83549004011498
2016-12-10,594,2016-12-10,10.9166666666667,53.0833333333333,34.875,12.375,129797.5,-2399232.5,3577,12.104408764304974,52.51277282329586,34.210908999330414
2016-12-18,595,2016-12-18,13.7916666666667,50.75,34.125,12.25,129797.5,-2399232.5,3577,16.431543408025217,51.64919260153876,30.663785479980145
2017-01-03,596,2017-01-03,22.2916666666667,50.4166666666667,26.0833333333333,13.125,129797.5,-2399232.5,3577,22.3319567530516,50.112636756182354,26.228767193364448
2017-01-19,597,2017-01-19,27.5294117647059,50.2352941176471,20.8823529411765,11.8235294117647,129807.352941176,-2399233.23529412,3577,28.911324902556274,49.09897093132564,20.623204718243525
2017-02-04,598,2017-02-04,38.5416666666667,46.9583333333333,12.9166666666667,14.7916666666667,129797.5,-2399232.5,3577,34.44555192121152,47.647534134346344,16.536722610841426
2017-02-12,599,2017-02-12,40.5416666666667,49.2083333333333,9.125,14.4166666666667,129797.5,-2399232.5,3577,38.12119895371467,48.152937179974224,12.44006338164775
2017-02-20,600,2017-02-20,38.3333333333333,44.4583333333333,15.7083333333333,13.7916666666667,129797.5,-2399232.5,3577,40.089935363604496,47.38002798815238,11.181894541139815
2017-02-28,601,2017-02-28,37.9166666666667,48.7083333333333,12.2083333333333,13.6666666666667,129797.5,-2399232.5,3577,39.49736935787035,47.70170793552349,11.46089250768265
2017-03-16,602,2017-03-16,36.5416666666667,49.4166666666667,12.7916666666667,13.6666666666667,129797.5,-2399232.5,3577,36.58125164088305,48.41291392599214,13.688158957947557
2017-04-25,603,2017-04-25,32.4166666666667,49.875,16.375,13.0,129797.5,-2399232.5,3577,33.364819737770105,49.46646613431192,15.856702995930517
2017-05-03,604,2017-05-03,32.3636363636364,50.9090909090909,15.1818181818182,14.0,129792.272727273,-2399270.45454545,3577,30.045616863885268,50.76175468060813,17.869246861175206
2017-05-11,605,2017-05-11,29.25,48.5,20.75,12.7916666666667,129797.5,-2399232.5,3577,27.700511879054055,51.38798146765997,19.50813519047819
2017-05-19,606,2017-05-19,22.2,54.0,22.8,11.2,129795.0,-2399175.0,3577,25.613723817224074,52.292905565202844,20.683089112779257
2017-07-06,607,2017-07-06,23.4583333333333,53.4583333333333,21.625,12.4583333333333,129797.5,-2399232.5,3577,24.74454317143222,51.75580880794011,22.05938323567463
2017-07-14,608,2017-07-14,26.3333333333333,51.5,20.5416666666667,13.4166666666667,129797.5,-2399232.5,3577,24.28890717125646,52.35582275480874,21.970812254477718
2017-07-22,609,2017-07-22,23.4166666666667,52.6666666666667,22.5416666666667,12.875,129797.5,-2399232.5,3577,24.176555384756092,52.79424664601895,21.65520019196169
2017-07-30,610,2017-07-30,24.5833333333333,51.625,22.2916666666667,12.5,129797.5,-2399232.5,3577,24.07964468451724,52.80382324073486,21.72180154726273
2017-08-07,611,2017-08-07,25.3333333333333,53.7777777777778,19.7777777777778,14.1111111111111,129801.666666667,-2399278.33333333,3577,23.96376788845471,53.240550900759665,21.376629115635232
2017-08-15,612,2017-08-15,22.7916666666667,52.9583333333333,22.875,12.25,129797.5,-2399232.5,3577,22.786691636533433,53.562913608571236,22.26690517944057
2017-09-24,613,2017-09-24,17.5416666666667,57.4583333333333,23.5416666666667,12.25,129797.5,-2399232.5,3577,19.596471382072167,55.12454083583292,23.955488139308102
2017-10-02,614,2017-10-02,20.2083333333333,52.7916666666667,25.5,11.5416666666667,129797.5,-2399232.5,3577,17.768370174714256,55.86298264857801,25.026703087070878
2017-10-18,615,2017-10-18,17.2083333333333,55.0,26.5,12.0833333333333,129797.5,-2399232.5,3577,17.07206171021703,54.597699127489726,26.92082710890359
2017-10-26,616,2017-10-26,15.3333333333333,56.7916666666667,26.625,12.7916666666667,129797.5,-2399232.5,3577,17.228786435440192,53.79603910021062,27.585815886895354
2017-11-03,617,2017-11-03,16.125,52.5833333333333,29.9166666666667,12.625,129797.5,-2399232.5,3577,18.709061320513616,52.36854674392592,27.541316054082834
2017-11-19,618,2017-11-19,19.7083333333333,51.7083333333333,27.125,13.4583333333333,129797.5,-2399232.5,3577,20.475216862597694,51.99427713668421,26.242569479020666
2017-12-05,619,2017-12-05,27.0416666666667,47.5833333333333,24.0833333333333,14.3333333333333,129797.5,-2399232.5,3577,21.069412269873517,51.6894363376484,25.964548738151667
2017-12-13,620,2017-12-13,21.125,51.5,26.0833333333333,13.7083333333333,129797.5,-2399232.5,3577,21.103827029520478,52.70567712730235,24.960102784208956
2017-12-29,621,2017-12-29,20.7916666666667,58.9583333333333,19.2916666666667,12.0833333333333,129797.5,-2399232.5,3577,21.175649685708443,53.90606349274272,23.67471331557664
2018-01-06,622,2018-01-06,18.2083333333333,53.0833333333333,27.375,13.7083333333333,129797.5,-2399232.5,3577,20.213842401145886,54.82462139253115,23.751880408030093
2018-01-14,623,2018-01-14,17.125,57.75,23.9583333333333,13.5416666666667,129797.5,-2399232.5,3577,18.98860839882228,55.78752832563918,24.00274641508802
2018-01-22,624,2018-01-22,18.3333333333333,54.2916666666667,26.0,13.4583333333333,129797.5,-2399232.5,3577,18.228288481381732,56.23675866186636,24.293143840160333
2018-01-30,625,2018-01-30,21.4166666666667,57.0833333333333,20.3333333333333,12.9166666666667,129797.5,-2399232.5,3577,18.509373624308928,55.67504708912546,24.56342328981281
2018-02-07,626,2018-02-07,18.25,53.1666666666667,27.1666666666667,13.6666666666667,129797.5,-2399232.5,3577,19.119748930117588,54.86257776020888,24.790958976520287
2018-03-03,627,2018-03-03,18.125,52.6875,28.1875,13.0625,129798.75,-2399208.75,3577,18.43710262905034,54.62942610793962,25.70629956987932
2018-03-11,628,2018-03-11,17.8333333333333,58.9583333333333,21.9166666666667,17.0833333333333,129797.5,-2399232.5,3577,17.403165977466784,55.020562706119506,26.385876056344255
2018-03-19,629,2018-03-19,16.4166666666667,54.2916666666667,28.2083333333333,13.8333333333333,129797.5,-2399232.5,3577,16.13317835415118,54.72841748034428,27.911386729881016
2018-03-27,630,2018-03-27,14.5,52.5833333333333,31.625,13.9583333333333,129797.5,-2399232.5,3577,14.634112920101462,55.04340364227313,29.129159991191237
2018-04-04,631,2018-04-04,12.4166666666667,56.4166666666667,29.8333333333333,13.75,129797.5,-2399232.5,3577,13.79081960351106,54.25678958553536,30.66696570972428
2018-04-28,632,2018-04-28,13.625,53.125,31.9166666666667,14.125,129797.5,-2399232.5,3577,13.330044671528766,54.29743688972755,31.08304854329931
2018-05-06,633,2018-05-06,13.0416666666667,54.9166666666667,30.875,14.25,129797.5,-2399232.5,3577,12.61811073343394,53.65319664854469,32.416104664164834
2018-05-14,634,2018-05-14,13.2916666666667,53.375,32.0,14.25,129797.5,-2399232.5,3577,12.270078734473188,53.52026862455631,32.928823691783165
2018-05-22,635,2018-05-22,10.9583333333333,52.7916666666667,34.9583333333333,12.4166666666667,129797.5,-2399232.5,3577,11.97451503604575,54.41732699704024,32.300114745930365
2018-05-30,636,2018-05-30,12.7083333333333,54.75,31.0416666666667,14.4583333333333,129797.5,-2399232.5,3577,11.762054637826871,54.98107954995679,31.967717782728478
2018-06-07,637,2018-06-07,10.7,57.5,30.9,13.5,129795.0,-2399190.0,3577,11.895416477225837,55.273207184963624,31.531986151099083
2018-06-15,638,2018-06-15,11.7916666666667,54.25,32.4583333333333,14.4166666666667,129797.5,-2399232.5,3577,11.878568670749557,56.12864985890463,30.718807508276598
2018-06-23,639,2018-06-23,11.9583333333333,57.5,29.25,14.4583333333333,129797.5,-2399232.5,3577,12.08046829331478,56.25566873785848,30.43707376214661
2018-07-01,640,2018-07-01,12.5416666666667,57.0,29.25,14.2916666666667,129797.5,-2399232.5,3577,12.19356791299333,56.37394906434313,30.23587867240665
2018-07-09,641,2018-07-09,13.0833333333333,55.375,30.4583333333333,14.2916666666667,129797.5,-2399232.5,3577,11.84227034575155,56.43456955840014,30.55308172219479
2018-07-17,642,2018-07-17,11.5,54.1666666666667,33.1666666666667,14.1666666666667,129797.5,-2399232.5,3577,11.312890515056,55.49718818332542,31.986841924840235
2018-07-25,643,2018-07-25,9.20833333333333,57.4166666666667,32.2083333333333,14.1666666666667,129797.5,-2399232.5,3577,10.8372682529013,55.53578413329907,32.37435590724581
2018-08-02,644,2018-08-02,10.7083333333333,54.875,33.0833333333333,14.0,129797.5,-2399232.5,3577,10.60876507393376,55.22340997494972,32.96110906636731
2018-09-11,645,2018-09-11,10.0416666666667,55.5833333333333,33.0416666666667,13.25,129797.5,-2399232.5,3577,10.139204319930355,55.059481153513175,33.54105775544903
2018-09-27,646,2018-09-27,9.625,55.25,33.9166666666667,12.7083333333333,129797.5,-2399232.5,3577,9.955054233690511,55.3619702021322,33.38920883038031
2018-10-05,647,2018-10-05,11.4583333333333,53.625,33.5,12.5833333333333,129797.5,-2399232.5,3577,9.704595069531699,56.08112591741784,32.933828039860266
2018-10-13,648,2018-10-13,9.41666666666667,59.875,29.7083333333333,13.2083333333333,129797.5,-2399232.5,3577,9.676392106344217,56.93436839217723,32.15926591467907
2018-10-21,649,2018-10-21,9.79166666666667,54.75,34.25,12.6666666666667,129797.5,-2399232.5,3577,9.63870185541868,57.50884319498013,31.65124001385138
2018-10-29,650,2018-10-29,6.83333333333333,60.2916666666667,31.4583333333333,8.58333333333333,129797.5,-2399232.5,3577,9.432823110840275,58.31174540113299,31.056499743801595
2018-11-06,651,2018-11-06,11.125,57.25,30.4166666666667,12.375,129797.5,-2399232.5,3577,9.512406453194503,57.75986436163592,31.47736474051792
2018-11-14,652,2018-11-14,8.95833333333333,59.0416666666667,30.9583333333333,13.0416666666667,129797.5,-2399232.5,3577,9.184114002611086,57.22750095620758,32.32333004971841
2018-11-22,653,2018-11-22,10.875,54.3333333333333,33.4166666666667,12.9166666666667,129797.5,-2399232.5,3577,9.416993223493366,55.57818059133018,33.718845396084944
2018-12-08,654,2018-12-08,8.91666666666667,53.3333333333333,36.3333333333333,13.125,129797.5,-2399232.5,3577,9.452657448131148,54.075268989555966,35.166547729474125
2018-12-16,655,2018-12-16,8.04166666666667,53.8333333333333,36.7916666666667,13.0,129797.5,-2399232.5,3577,9.18859135624895,53.04322235674144,36.478443294018945
2018-12-24,656,2018-12-24,8.83333333333333,51.7916666666667,38.125,12.9583333333333,129797.5,-2399232.5,3577,8.72753599896837,52.4995500649149,37.43975359600545
2019-01-01,657,2019-01-01,8.83333333333333,54.2083333333333,35.75,12.5833333333333,129797.5,-2399232.5,3577,8.295651131831125,53.491015731898415,36.866780912976886
2019-01-09,658,2019-01-09,9.79166666666667,51.9583333333333,36.7916666666667,12.5,129797.5,-2399232.5,3577,8.565530434873049,54.43307770858159,35.67360887900961
2019-01-17,659,2019-01-17,6.46153846153846,57.3076923076923,34.9230769230769,12.0769230769231,129801.923076923,-2399200.38461538,3577,8.623898547271873,55.619595574695616,34.43254165854271
2019-01-25,660,2019-01-25,9.875,55.6666666666667,33.0416666666667,12.9583333333333,129797.5,-2399232.5,3577,9.110704430124358,55.55172518597504,34.01085999218976
2019-02-02,661,2019-02-02,8.91666666666667,58.625,31.2083333333333,11.9583333333333,129797.5,-2399232.5,3577,9.290202504091319,55.48056771758014,33.88151205386945
2019-02-10,662,2019-02-10,10.625,53.375,34.75,12.5833333333333,129797.5,-2399232.5,3577,9.405863734184546,55.678165953669655,33.5991666803417
2019-02-18,663,2019-02-18,9.33333333333333,54.0833333333333,35.1666666666667,12.4166666666667,129797.5,-2399232.5,3577,10.04908548028784,55.346922139930065,33.33060789927998
2019-02-26,664,2019-02-26,10.3333333333333,53.875,34.5833333333333,12.6666666666667,129797.5,-2399232.5,3577,10.211515720921202,55.104010629752565,33.45782752810712
2019-03-06,665,2019-03-06,10.4166666666667,55.125,33.2916666666667,12.9583333333333,129797.5,-2399232.5,3577,10.726213415066313,54.27110724671831,33.743405845954996
2019-03-14,666,2019-03-14,10.5416666666667,57.4583333333333,30.625,9.70833333333333,129797.5,-2399232.5,3577,10.600460169344045,54.61226802092857,33.53809271223632
2019-03-22,667,2019-03-22,11.2916666666667,54.7083333333333,32.9166666666667,12.4166666666667,129797.5,-2399232.5,3577,11.111024553360362,54.630204290025816,32.98876098101614
2019-03-30,668,2019-03-30,11.7083333333333,52.25,34.6666666666667,12.6666666666667,129797.5,-2399232.5,3577,11.059670334823492,54.91067059874287,32.74935062357176
2019-04-07,669,2019-04-07,9.85714285714286,54.2380952380952,34.5714285714286,12.8095238095238,129797.857142857,-2399223.57142857,3577,11.332896463699733,54.6204941858885,32.74048848467866
2019-05-17,670,2019-05-17,12.875,54.9583333333333,30.7916666666667,13.0,129797.5,-2399232.5,3577,11.091501506747527,54.67338466486256,32.93285120451813
2019-05-25,671,2019-05-25,9.375,56.6666666666667,32.8333333333333,13.375,129797.5,-2399232.5,3577,10.80288390659746,54.80319912285038,33.12347830187893
2019-06-02,672,2019-06-02,11.4166666666667,53.6666666666667,33.5416666666667,13.375,129797.5,-2399232.5,3577,10.476773613381958,54.71381005474616,33.55017260860413
2019-06-10,673,2019-06-10,9.54166666666667,55.1666666666667,34.0833333333333,13.5416666666667,129797.5,-2399232.5,3577,10.086125046262861,54.86976980706812,33.808131754721124
2019-06-18,674,2019-06-18,10.8333333333333,54.5833333333333,33.4166666666667,13.7083333333333,129797.5,-2399232.5,3577,10.160275096419094,54.16884354035248,34.44194788698917
2019-06-26,675,2019-06-26,8.625,53.0833333333333,37.0833333333333,13.7916666666667,129797.5,-2399232.5,3577,9.962363616773889,53.688899722560436,35.085033903140115
2019-07-04,676,2019-07-04,10.2916666666667,52.9166666666667,35.375,13.5833333333333,129797.5,-2399232.5,3577,9.720332685888504,53.39535219681481,35.60405809360387
2019-07-20,677,2019-07-20,10.2083333333333,52.75,35.7916666666667,13.25,129797.5,-2399232.5,3577,9.847163285629303,53.2930005307494,35.57492552010739
2019-07-28,678,2019-07-28,9.54166666666667,54.9166666666667,34.2916666666667,13.0833333333333,129797.5,-2399232.5,3577,9.352287160722293,53.36341731960836,36.016446179296146
2019-08-05,679,2019-08-05,9.66666666666667,52.5416666666667,36.375,12.9166666666667,129797.5,-2399232.5,3577,9.286104375499276,52.99281082927916,36.417837170329655
2019-08-13,680,2019-08-13,7.5,53.9545454545455,37.4545454545455,13.1818181818182,129793.636363636,-2399237.72727273,3577,8.92257626274521,53.18246342267504,36.61521346417368
2019-08-21,681,2019-08-21,9.75,51.2916666666667,37.6666666666667,12.5416666666667,129797.5,-2399232.5,3577,8.743457522867978,53.05226479120989,36.95506387551293
2019-08-29,682,2019-08-29,8.375,53.4583333333333,36.875,12.4583333333333,129797.5,-2399232.5,3577,8.792232664135376,52.594125981431674,37.36430961616867
2019-09-06,683,2019-09-06,8.58333333333333,52.2916666666667,37.7916666666667,12.0416666666667,129797.5,-2399232.5,3577,8.855319731866398,52.301156332636,37.5664078509857
2019-09-14,684,2019-09-14,9.375,52.375,37.0,11.5625,129798.75,-2399208.75,3577,9.056535569692109,52.08177812898396,37.59758713937718
2019-09-30,685,2019-09-30,8.625,52.625,37.5833333333333,12.125,129797.5,-2399232.5,3577,8.708865309096204,52.383340730469115,37.62223857153636
2019-10-08,686,2019-10-08,9.0,50.8333333333333,38.7916666666667,11.4583333333333,129797.5,-2399232.5,3577,8.147256123648097,52.09837298923205,38.416314722423536
2019-10-24,687,2019-10-24,8.29166666666667,52.2083333333333,38.125,11.5416666666667,129797.5,-2399232.5,3577,7.9226662140737005,52.10224386036298,38.67121848738919
2019-11-01,688,2019-11-01,5.71428571428571,52.4285714285714,40.5714285714286,12.4285714285714,129790.714285714,-2399282.14285714,3577,7.84156645727736,51.588527571491966,39.26449466425663
2019-11-09,689,2019-11-09,8.04166666666667,51.2083333333333,39.4166666666667,11.2916666666667,129797.5,-2399232.5,3577,6.994178551066051,50.96407514053809,40.686495393145684
2019-11-17,690,2019-11-17,5.80952380952381,50.9047619047619,41.8571428571429,11.4761904761905,129793.571428571,-2399240.71428571,3577,6.842888922222265,50.85967438133861,40.95081067023182
2019-12-03,691,2019-12-03,8.625,48.875,41.25,11.0,129806.25,-2399186.25,3577,7.014045294230003,49.215545548355536,42.411553487785554
2019-12-11,692,2019-12-11,7.08333333333333,50.4166666666667,41.25,11.4166666666667,129797.5,-2399232.5,3577,6.277970326885795,49.07038598655514,43.32897033306602
2019-12-19,693,2019-12-19,3.33333333333333,49.0,46.0833333333333,13.1666666666667,129797.5,-2399232.5,3577,6.0504193948457345,50.78766860074151,41.76865961695057
2019-12-27,694,2019-12-27,5.95833333333333,51.1666666666667,41.4583333333333,11.0833333333333,129797.5,-2399232.5,3577,5.320849042597468,52.79699351215591,40.47172744695358
2020-01-04,695,2020-01-04,7.25,53.7083333333333,37.875,11.5416666666667,129797.5,-2399232.5,3577,4.456731864625931,53.70437315521652,40.40591542100224
2020-01-12,696,2020-01-12,2.08333333333333,52.3333333333333,43.9583333333333,8.83333333333333,129797.5,-2399232.5,3577,4.235469380979585,54.31212801645425,40.05361279586687
2020-01-20,697,2020-01-20,3.2,64.2,31.3,10.0,129795.0,-2399190.0,3577,4.2108237222008,53.6340069631011,40.77554207917376
2020-01-28,698,2020-01-28,8.25,50.5,39.6666666666667,10.9583333333333,129797.5,-2399232.5,3577,5.403377968779642,52.6928877366105,40.57199856386556
2020-02-05,699,2020-02-05,5.0,44.0,50.0,9.0,129855.0,-2399175.0,3577,7.093223855606697,51.18401116426668,40.39921933071484
2020-02-13,700,2020-02-13,10.9166666666667,49.25,38.4583333333333,11.2916666666667,129797.5,-2399232.5,3577,10.342827837795337,49.93980258646695,38.407435572677514
2020-02-21,701,2020-02-21,13.9583333333333,52.5,32.375,11.5416666666667,129797.5,-2399232.5,3577,15.182215101717482,48.916600814039334,34.611836692713865
2020-02-29,702,2020-02-29,18.5,48.5416666666667,31.4583333333333,11.5,129797.5,-2399232.5,3577,19.79841556791726,49.194906074310495,29.7910023670815
2020-03-08,703,2020-03-08,23.5416666666667,52.625,22.6666666666667,12.5,129797.5,-2399232.5,3577,22.514225068014277,49.875304004553506,26.39090746714191
2020-03-16,704,2020-03-16,26.4583333333333,48.7083333333333,23.6666666666667,12.4166666666667,129797.5,-2399232.5,3577,24.27613266506092,51.65372978414002,22.883651049669304
2020-03-24,705,2020-03-24,27.2916666666667,52.4583333333333,19.2083333333333,12.7916666666667,129797.5,-2399232.5,3577,24.81157039554501,51.68665428997473,22.328160745340085
2020-04-17,706,2020-04-17,20.9583333333333,49.5416666666667,28.25,12.4583333333333,129797.5,-2399232.5,3577,23.090950226240892,50.99112306681204,24.78283537927132
2020-04-25,707,2020-04-25,18.625,53.4583333333333,26.9166666666667,12.625,129797.5,-2399232.5,3577,21.075069280561486,51.05501670671187,26.711868626725327
2020-05-03,708,2020-05-03,17.9583333333333,49.625,31.0416666666667,12.1666666666667,129797.5,-2399232.5,3577,18.51844955869447,51.14173197802464,29.147683972370032
2020-05-11,709,2020-05-11,18.2916666666667,52.4166666666667,28.125,12.125,129797.5,-2399232.5,3577,16.320369388091418,50.94957944531486,31.504677340198967
2020-05-19,710,2020-05-19,15.4166666666667,51.3333333333333,32.0416666666667,11.8333333333333,129797.5,-2399232.5,3577,15.018184344033509,51.157077442673504,32.61070998144817
2020-06-04,711,2020-06-04,13.8,47.8,37.1,9.9,129825.0,-2399205.0,3577,14.33283862679935,51.18467899488805,33.27726741781974
2020-06-12,712,2020-06-12,13.7916666666667,53.5833333333333,31.5416666666667,12.625,129797.5,-2399232.5,3577,13.869075068376423,51.74047546879589,33.202067153687594
2020-06-20,713,2020-06-20,12.4166666666667,52.9583333333333,33.375,12.3333333333333,129797.5,-2399232.5,3577,12.829313617237414,52.17396342047264,33.78918746371802
2020-06-28,714,2020-06-28,12.7083333333333,52.6666666666667,33.5416666666667,12.4166666666667,129797.5,-2399232.5,3577,12.417046446843361,52.65097995399066,33.67741752570972
2020-07-06,715,2020-07-06,12.75,52.2083333333333,33.625,12.125,129797.5,-2399232.5,3577,12.305770854530623,52.75592557596413,33.68336320541701
2020-07-14,716,2020-07-14,11.9166666666667,53.7916666666667,33.0416666666667,12.5,129797.5,-2399232.5,3577,12.527511600884335,53.10269428712908,33.101796346063864
2020-07-22,717,2020-07-22,12.0833333333333,51.8333333333333,34.75,11.8333333333333,129797.5,-2399232.5,3577,12.171294724229998,53.140927387741996,33.43010380933544
2020-07-30,718,2020-07-30,12.0,52.8571428571429,33.8571428571429,11.1428571428571,129799.285714286,-2399202.85714286,3577,11.801262964940513,51.99965049072142,34.92041298145145
2020-08-07,719,2020-08-07,12.0833333333333,51.5833333333333,35.1666666666667,12.25,129797.5,-2399232.5,3577,11.234232831693262,52.17166987864431,35.34908324660528
2020-08-15,720,2020-08-15,9.79166666666667,53.9583333333333,35.25,12.2083333333333,129797.5,-2399232.5,3577,10.216802065729162,52.04786457906097,36.48824773211145
2020-08-23,721,2020-08-23,9.91666666666667,50.9166666666667,37.5416666666667,11.6666666666667,129797.5,-2399232.5,3577,9.795272133220799,52.29606030273328,36.69226047836793
2020-08-31,722,2020-08-31,8.33333333333333,51.4583333333333,39.125,11.4583333333333,129797.5,-2399232.5,3577,9.209434263795764,52.3168648878608,37.19005410698679
2020-09-08,723,2020-09-08,9.45833333333333,51.0416666666667,38.0833333333333,11.1666666666667,129797.5,-2399232.5,3577,8.794735911526192,52.80409394254947,37.116789672491294
2020-09-16,724,2020-09-16,8.26315789473684,56.2631578947368,34.3157894736842,11.5789473684211,129798.157894737,-2399247.63157895,3577,9.18351914502177,51.87638226744506,37.584497579705406
2020-09-24,725,2020-09-24,9.75,50.75,38.0833333333333,11.0833333333333,129797.5,-2399232.5,3577,9.297911270738634,51.898117050504595,37.47062391874036
2020-10-02,726,2020-10-02,10.5416666666667,51.4583333333333,36.6666666666667,11.0833333333333,129797.5,-2399232.5,3577,10.35753409997594,50.933372863889105,37.373626210837514
2020-10-10,727,2020-10-10,7.79166666666667,49.125,41.625,11.2916666666667,129797.5,-2399232.5,3577,9.337899526467478,50.622848323793974,38.71369892124571
2020-11-03,728,2020-11-03,10.5416666666667,50.5,37.7916666666667,11.375,129797.5,-2399232.5,3577,7.106332040398938,50.060485987580506,41.47665883081593
2020-11-11,729,2020-11-11,8.66666666666667,48.4583333333333,41.4166666666667,10.8333333333333,129797.5,-2399232.5,3577,7.117537478543429,51.03449732467626,40.553893271460964
2020-11-19,730,2020-11-19,6.04166666666667,54.5,38.375,11.4583333333333,129797.5,-2399232.5,3577,7.678033768956531,51.338406548904814,39.696164319895566
2020-11-27,731,2020-11-27,9.41666666666667,47.75,41.25,11.0,129797.5,-2399232.5,3577,11.015760758711703,51.093006784094136,36.5824626733811
2020-12-05,732,2020-12-05,7.58333333333333,54.3333333333333,36.9583333333333,11.5833333333333,129797.5,-2399232.5,3577,15.404802911224774,50.049294925912825,33.19410988907395
2020-12-29,733,2020-12-29,27.0416666666667,48.5,23.0833333333333,12.5,129797.5,-2399232.5,3577,20.90113537133351,47.96969516550841,29.707248118234375
2021-01-14,734,2021-01-14,34.6666666666667,45.7083333333333,18.125,12.9583333333333,129797.5,-2399232.5,3577,26.616274076796433,44.82228272243081,27.152797924465673
2021-01-22,735,2021-01-22,28.0416666666667,37.4166666666667,33.0,15.9166666666667,129797.5,-2399232.5,3577,35.10156548817017,44.23854525247052,19.22654654426812
2021-01-30,736,2021-01-30,41.6666666666667,43.2083333333333,13.625,14.5416666666667,129797.5,-2399232.5,3577,40.40578871592203,41.55826008356347,16.564849675605714
2021-02-07,737,2021-02-07,36.8,42.6,19.4,10.8,129795.0,-2399175.0,3577,42.88579495838919,40.08504297559426,15.652671451353333
2021-02-15,738,2021-02-15,48.375,37.25,12.9166666666667,14.2916666666667,129797.5,-2399232.5,3577,43.52001649021125,38.18168106402831,16.90434049953922
2021-02-23,739,2021-02-23,47.7916666666667,42.7916666666667,8.20833333333333,14.1666666666667,129797.5,-2399232.5,3577,42.51106955479386,38.758393953821596,17.397166172318382
2021-03-03,740,2021-03-03,44.4166666666667,40.0,13.875,13.25,129797.5,-2399232.5,3577,42.513636904884436,39.15529761775308,16.974991339926884
2021-03-11,741,2021-03-11,28.2,28.2,42.6,12.1,129795.0,-2399274.0,3577,41.257313610016425,40.19790462375002,17.18254995777958
2021-03-27,742,2021-03-27,41.8333333333333,49.125,7.66666666666667,15.1666666666667,129797.5,-2399232.5,3577,38.03675622622423,41.71490704856956,18.856845244535915
2021-04-04,743,2021-04-04,38.4166666666667,45.4166666666667,14.4583333333333,13.5833333333333,129797.5,-2399232.5,3577,35.886630655201145,45.32797040420202,17.42710926843793
2021-04-12,744,2021-04-12,34.7083333333333,50.4583333333333,13.6666666666667,13.5,129797.5,-2399232.5,3577,32.8091293381492,48.22379155931067,17.622582396960567
2021-04-20,745,2021-04-20,31.375,49.0416666666667,18.2083333333333,12.8333333333333,129797.5,-2399232.5,3577,31.32790635576545,51.07910613637404,16.192090288450107
2021-04-28,746,2021-04-28,27.875,53.8333333333333,17.0416666666667,12.9583333333333,129797.5,-2399232.5,3577,29.04148480518016,54.3013067685587,15.295858862497456
2021-05-22,747,2021-05-22,24.1666666666667,55.4583333333333,18.9166666666667,11.9583333333333,129797.5,-2399232.5,3577,26.478698932642345,55.44803777233288,16.71540933266692
2021-05-30,748,2021-05-30,24.375,55.5416666666667,18.7916666666667,11.875,129797.5,-2399232.5,3577,23.13054244516747,55.13403443820577,20.451540590469452
2021-06-07,749,2021-06-07,22.9583333333333,55.875,19.625,11.8333333333333,129797.5,-2399232.5,3577,22.636160665956044,57.010704208064126,19.05481914885658
2021-06-15,750,2021-06-15,21.625,60.125,17.1666666666667,12.75,129797.5,-2399232.5,3577,22.044306184008768,56.72667734741192,19.895108503464687
2021-07-01,751,2021-07-01,21.3333333333333,55.5416666666667,22.0416666666667,13.625,129797.5,-2399232.5,3577,21.066943247667638,57.27500324751792,20.350926807967124
2021-07-09,752,2021-07-09,20.7916666666667,56.1666666666667,21.5,12.7083333333333,129797.5,-2399232.5,3577,19.5962034611386,56.552097541253204,22.535380898767613
2021-07-17,753,2021-07-17,17.25,58.9166666666667,22.4583333333333,12.7916666666667,129797.5,-2399232.5,3577,18.251984599505082,59.80871437642992,20.652638254415336
2021-07-25,754,2021-07-25,16.8333333333333,59.3333333333333,22.5833333333333,11.8333333333333,129797.5,-2399232.5,3577,16.417444088416865,61.11024883268554,21.19341167088527
2021-08-10,755,2021-08-10,15.0833333333333,61.1666666666667,22.4583333333333,11.5833333333333,129797.5,-2399232.5,3577,14.766173583895835,61.02834549350668,22.943394711580126
2021-08-18,756,2021-08-18,11.4166666666667,64.4166666666667,23.0,11.9166666666667,129797.5,-2399232.5,3577,13.446914669435884,60.75485054160618,24.54157104505034
2021-08-26,757,2021-08-26,13.7916666666667,62.0416666666667,23.0416666666667,11.2083333333333,129797.5,-2399232.5,3577,12.78325076196403,60.120121493564525,25.90347870223645
2021-09-11,758,2021-09-11,13.0,64.0,21.7916666666667,11.3333333333333,129797.5,-2399232.5,3577,12.244849964275392,58.91354362870513,27.661122417310256
2021-09-19,759,2021-09-19,9.4,43.4,45.9,8.8,129768.0,-2399256.0,3577,10.871381533841227,59.43470198531231,28.488306018023145
2021-09-27,760,2021-09-27,12.1666666666667,63.4583333333333,23.125,11.0,129797.5,-2399232.5,3577,9.819286578573049,59.92487298562254,29.03450647219565
2021-10-05,761,2021-10-05,11.5,64.2916666666667,23.0416666666667,10.8333333333333,129797.5,-2399232.5,3577,10.12726677347269,60.96757416988702,27.66840012412356
2021-10-13,762,2021-10-13,9.33333333333333,62.75,26.6666666666667,12.375,129797.5,-2399232.5,3577,11.147102123880643,61.49988814074581,26.074231238314034
2021-10-21,763,2021-10-21,9.22222222222222,65.3333333333333,24.2222222222222,13.1111111111111,129801.666666667,-2399278.33333333,3577,13.110700659847312,62.091770587504335,23.55095158539079
2021-10-29,764,2021-10-29,15.0833333333333,61.2083333333333,22.4583333333333,10.4583333333333,129797.5,-2399232.5,3577,17.13493634847868,60.83026965293858,20.80077489589563
2021-11-14,765,2021-11-14,22.9166666666667,54.5416666666667,21.1666666666667,13.7083333333333,129797.5,-2399232.5,3577,17.553672050341248,60.53584313002912,20.690076641621534
2021-11-21,766,2021-11-21,20.4,59.9,18.55,12.55,129795.0,-2399220.0,3577,17.621729440147853,58.43889851118078,22.72914029554556
2021-11-30,767,2021-11-30,18.125,56.75,23.9583333333333,13.5416666666667,129797.5,-2399232.5,3577,17.80619934760535,59.96694378891624,21.003433357145383
2021-12-07,768,2021-12-07,16.8333333333333,63.2083333333333,18.875,13.25,129797.5,-2399232.5,3577,17.220693779901723,60.62311823882125,20.93413475069508
2022-01-01,769,2022-01-01,11.0833333333333,62.625,24.875,12.1666666666667,129797.5,-2399232.5,3577,15.83301910507555,61.27609748351867,21.637101245844118
2022-01-08,770,2022-01-08,6.86666666666667,67.2,24.7333333333333,13.0666666666667,129795.0,-2399259.0,3577,14.383634270783812,61.22210681474472,23.127913572492133
2022-02-18,771,2022-02-18,26.625,55.4166666666667,16.5833333333333,14.0,129797.5,-2399232.5,3577,14.007273376775913,62.32518005729148,22.407869117463264
2022-03-22,772,2022-03-22,13.7083333333333,59.625,25.3333333333333,12.5416666666667,129797.5,-2399232.5,3577,14.222321602543934,60.83113674250536,23.63859811498775
2022-04-07,773,2022-04-07,11.9166666666667,59.7083333333333,27.2083333333333,12.625,129797.5,-2399232.5,3577,13.298642533934666,60.52665677974371,24.872505719251215
2022-04-15,774,2022-04-15,10.25,61.75,26.6666666666667,12.2916666666667,129797.5,-2399232.5,3577,12.339818012223294,58.130777890831126,28.179971602181006
2022-04-23,775,2022-04-23,9.83333333333333,61.25,27.6666666666667,12.125,129797.5,-2399232.5,3577,10.398572441488849,60.53783855462518,27.769783570398623
2022-05-01,776,2022-05-01,9.16666666666667,62.6666666666667,26.7083333333333,12.0,129797.5,-2399232.5,3577,8.083384301455851,60.76418357183704,29.832802001915212
2022-05-17,777,2022-05-17,7.25,48.9166666666667,42.2916666666667,7.91666666666667,129797.5,-2399232.5,3577,6.671286273065464,59.69106912178776,32.25608369957736
2022-05-25,778,2022-05-25,7.125,64.75,26.9166666666667,12.4166666666667,129797.5,-2399232.5,3577,7.900356416028609,56.877201101263815,33.76417906138765
2022-06-10,779,2022-06-10,7.6875,57.25,33.625,11.3125,129793.125,-2399210.625,3577,6.884699730093434,55.997605851312656,35.64907589829659
2022-06-18,780,2022-06-18,4.5,63.0833333333333,31.125,12.5,129797.5,-2399232.5,3577,6.342259069618805,54.688254598850136,37.48787139072956
2022-06-26,781,2022-06-26,8.0,38.0,52.0,7.0,129735.0,-2399175.0,3577,5.77229246501606,55.53548824755424,37.195851104514276
2022-07-04,782,2022-07-04,4.875,60.875,32.8333333333333,12.625,129797.5,-2399232.5,3577,5.226749965719771,57.560440075911345,35.72674590630712
2022-07-12,783,2022-07-12,4.45833333333333,63.6666666666667,30.7083333333333,12.4166666666667,129797.5,-2399232.5,3577,4.794496976191304,59.95983711849689,33.80158244747522
2022-07-20,784,2022-07-20,3.83333333333333,62.8333333333333,31.9166666666667,12.0833333333333,129797.5,-2399232.5,3577,4.339717880158407,61.19642934464001,33.07215823391798
2022-07-28,785,2022-07-28,4.20833333333333,62.4583333333333,31.8333333333333,11.9583333333333,129797.5,-2399232.5,3577,4.153555680644842,64.7997926995508,29.7500027062676
2022-08-05,786,2022-08-05,4.0,70.4166666666667,24.4166666666667,10.2083333333333,129797.5,-2399232.5,3577,4.004917747370707,66.06062590659126,28.67882504491983
2022-08-13,787,2022-08-13,4.16666666666667,61.875,32.7083333333333,12.0833333333333,129797.5,-2399232.5,3577,3.853012441634155,65.55513217431742,29.294154632772546
2022-08-21,788,2022-08-21,4.45833333333333,61.8333333333333,32.4583333333333,11.9166666666667,129797.5,-2399232.5,3577,4.1161937907287784,61.84048149991498,32.659191943242796
2022-09-06,789,2022-09-06,3.45833333333333,62.625,32.4166666666667,12.0,129797.5,-2399232.5,3577,3.806291360857354,62.12038309986298,32.72777158341685
2022-09-14,790,2022-09-14,3.45833333333333,62.4166666666667,32.7916666666667,12.125,129797.5,-2399232.5,3577,3.5460111354068893,61.60871996939187,33.53855445379712
2022-09-22,791,2022-09-22,3.25,58.8333333333333,36.5,11.8333333333333,129797.5,-2399232.5,3577,3.262519214531109,61.26808962450461,34.174682644491774
2022-09-30,792,2022-09-30,3.5,60.0833333333333,35.0833333333333,11.9166666666667,129797.5,-2399232.5,3577,3.0767913716825515,61.58796105854008,34.03332052364051
2022-10-08,793,2022-10-08,2.25,64.5,32.25,20.25,129765.0,-2399280.0,3577,3.4667579582435075,61.182634573879284,34.01539688381285
2022-10-16,794,2022-10-16,3.20833333333333,60.25,35.0833333333333,12.25,129797.5,-2399232.5,3577,2.808892990394118,58.653068551666564,37.10645301550318
2022-10-24,795,2022-10-24,3.04166666666667,56.7083333333333,38.7083333333333,12.5,129797.5,-2399232.5,3577,2.404802369972286,56.69923755294421,39.37977115762903
2022-11-09,796,2022-11-09,2.95833333333333,55.5833333333333,39.7916666666667,12.0833333333333,129797.5,-2399232.5,3577,1.880037274386836,55.34262757365643,41.16710237646154
2022-12-03,797,2022-12-03,2.875,51.3333333333333,43.9583333333333,12.75,129797.5,-2399232.5,3577,2.7764793900629847,54.80347596804641,40.79910144035528
2022-12-11,798,2022-12-11,2.95833333333333,49.9583333333333,45.4583333333333,12.4583333333333,129797.5,-2399232.5,3577,4.533751891240287,54.75804435788958,39.12656168006398
2022-12-19,799,2022-12-19,2.83333333333333,58.4166666666667,37.4166666666667,12.7083333333333,129797.5,-2399232.5,3577,7.224449824198274,55.030980196131146,36.244393409737796
2023-01-12,800,2023-01-12,14.125,58.0416666666667,26.5416666666667,13.5,129797.5,-2399232.5,3577,10.869343576386905,55.32060937285398,32.41570130076319
2023-01-20,801,2023-01-20,15.375,55.1666666666667,28.0833333333333,13.1666666666667,129797.5,-2399232.5,3577,15.437378876426854,55.19893621528684,28.071784381768886
2023-02-05,802,2023-02-05,22.9583333333333,53.2083333333333,22.5833333333333,13.8333333333333,129797.5,-2399232.5,3577,20.84567679410946,54.111643487804415,23.812136038625933
2023-02-13,803,2023-02-13,25.4583333333333,51.25,22.0416666666667,13.5833333333333,129797.5,-2399232.5,3577,26.959533740396736,51.37809239192745,20.404444014447776
